r_m,u_m_s,k_m2_s2,omega_1_s,T_K,rho_kg_m3,mu_t_Pa_s
1.826244088655e-06,3.510317629470e+01,4.049690177749e+00,3.491567244029e+03,2.941434292791e+03,1.428255293071e+01,1.656560228522e-02
4.261235235878e-06,3.510317232833e+01,4.049694450697e+00,3.491572421851e+03,2.941434026917e+03,1.428255422165e+01,1.656559669541e-02
6.939723167463e-06,3.510316360232e+01,4.049703851325e+00,3.491583813754e+03,2.941433441996e+03,1.428255706171e+01,1.656558439517e-02
9.652992608741e-06,3.510315034333e+01,4.049718135602e+00,3.491601124634e+03,2.941432553220e+03,1.428256137712e+01,1.656556570099e-02
1.237785151718e-05,3.510313258915e+01,4.049737262948e+00,3.491624305914e+03,2.941431363123e+03,1.428256715559e+01,1.656554066329e-02
1.510797359863e-05,3.510311035354e+01,4.049761218657e+00,3.491653340381e+03,2.941429872627e+03,1.428257439264e+01,1.656550929869e-02
1.784092465475e-05,3.510308364314e+01,4.049789995681e+00,3.491688220113e+03,2.941428082177e+03,1.428258308611e+01,1.656547161383e-02
2.057556785247e-05,3.510305246168e+01,4.049823590084e+00,3.491728940961e+03,2.941425992022e+03,1.428259323481e+01,1.656542761134e-02
2.331130056797e-05,3.510301681147e+01,4.049861999428e+00,3.491775500606e+03,2.941423602319e+03,1.428260483797e+01,1.656537729190e-02
2.604777322393e-05,3.510297669408e+01,4.049905222087e+00,3.491827897721e+03,2.941420913172e+03,1.428261789510e+01,1.656532065518e-02
2.878476879124e-05,3.510293211061e+01,4.049953256907e+00,3.491886131559e+03,2.941417924655e+03,1.428263240585e+01,1.656525770027e-02
3.152214515932e-05,3.510288306187e+01,4.050006103022e+00,3.491950201735e+03,2.941414636822e+03,1.428264836996e+01,1.656518842592e-02
3.425980516876e-05,3.510282954850e+01,4.050063759755e+00,3.492020108098e+03,2.941411049716e+03,1.428266578724e+01,1.656511283066e-02
3.699767996275e-05,3.510277157101e+01,4.050126226545e+00,3.492095850652e+03,2.941407163370e+03,1.428268465753e+01,1.656503091292e-02
3.973571922757e-05,3.510270912981e+01,4.050193502914e+00,3.492177429509e+03,2.941402977813e+03,1.428270498070e+01,1.656494267103e-02
4.247388521097e-05,3.510264222526e+01,4.050265588435e+00,3.492264844853e+03,2.941398493068e+03,1.428272675666e+01,1.656484810331e-02
4.521214891571e-05,3.510257085765e+01,4.050342482714e+00,3.492358096920e+03,2.941393709156e+03,1.428274998532e+01,1.656474720807e-02
4.795048759811e-05,3.510249502727e+01,4.050424185381e+00,3.492457185982e+03,2.941388626095e+03,1.428277466661e+01,1.656463998361e-02
5.068888307796e-05,3.510241473436e+01,4.050510696072e+00,3.492562112334e+03,2.941383243901e+03,1.428280080045e+01,1.656452642826e-02
5.342732056837e-05,3.510232997914e+01,4.050602014432e+00,3.492672876286e+03,2.941377562590e+03,1.428282838679e+01,1.656440654037e-02
5.616578784820e-05,3.510224076185e+01,4.050698140101e+00,3.492789478159e+03,2.941371582175e+03,1.428285742559e+01,1.656428031834e-02
5.890427466538e-05,3.510214708267e+01,4.050799072717e+00,3.492911918277e+03,2.941365302672e+03,1.428288791678e+01,1.656414776058e-02
6.164277229932e-05,3.510204894182e+01,4.050904811908e+00,3.493040196967e+03,2.941358724092e+03,1.428291986033e+01,1.656400886556e-02
6.438127323516e-05,3.510194633947e+01,4.051015357294e+00,3.493174314554e+03,2.941351846449e+03,1.428295325619e+01,1.656386363179e-02
6.711977091765e-05,3.510183927583e+01,4.051130708480e+00,3.493314271357e+03,2.941344669755e+03,1.428298810432e+01,1.656371205783e-02
6.985825956307e-05,3.510172775108e+01,4.051250865058e+00,3.493460067693e+03,2.941337194024e+03,1.428302440468e+01,1.656355414227e-02
7.259673401364e-05,3.510161176541e+01,4.051375826608e+00,3.493611703871e+03,2.941329419266e+03,1.428306215724e+01,1.656338988378e-02
7.533518962374e-05,3.510149131900e+01,4.051505592689e+00,3.493769180191e+03,2.941321345495e+03,1.428310136194e+01,1.656321928105e-02
7.807362217011e-05,3.510136641205e+01,4.051640162849e+00,3.493932496945e+03,2.941312972724e+03,1.428314201877e+01,1.656304233282e-02
8.081202778024e-05,3.510123704473e+01,4.051779536613e+00,3.494101654416e+03,2.941304300965e+03,1.428318412768e+01,1.656285903791e-02
8.355040287492e-05,3.510110321726e+01,4.051923713494e+00,3.494276652877e+03,2.941295330230e+03,1.428322768864e+01,1.656266939516e-02
8.628874412171e-05,3.510096492982e+01,4.052072692982e+00,3.494457492591e+03,2.941286060533e+03,1.428327270160e+01,1.656247340346e-02
8.902704839698e-05,3.510082218260e+01,4.052226474550e+00,3.494644173809e+03,2.941276491886e+03,1.428331916654e+01,1.656227106178e-02
9.176531275477e-05,3.510067497582e+01,4.052385057654e+00,3.494836696773e+03,2.941266624304e+03,1.428336708341e+01,1.656206236911e-02
9.450353440107e-05,3.510052330967e+01,4.052548441728e+00,3.495035061711e+03,2.941256457800e+03,1.428341645219e+01,1.656184732451e-02
9.724171067242e-05,3.510036718436e+01,4.052716626187e+00,3.495239268843e+03,2.941245992387e+03,1.428346727282e+01,1.656162592707e-02
9.997983901810e-05,3.510020660011e+01,4.052889610429e+00,3.495449318374e+03,2.941235228079e+03,1.428351954528e+01,1.656139817595e-02
1.027179169850e-04,3.510004155713e+01,4.053067393829e+00,3.495665210501e+03,2.941224164892e+03,1.428357326953e+01,1.656116407035e-02
1.054559422052e-04,3.509987205564e+01,4.053249975744e+00,3.495886945407e+03,2.941212802839e+03,1.428362844553e+01,1.656092360951e-02
1.081939123850e-04,3.509969809588e+01,4.053437355510e+00,3.496114523264e+03,2.941201141936e+03,1.428368507324e+01,1.656067679275e-02
1.109318252956e-04,3.509951967806e+01,4.053629532445e+00,3.496347944231e+03,2.941189182198e+03,1.428374315262e+01,1.656042361941e-02
1.136696787660e-04,3.509933680242e+01,4.053826505845e+00,3.496587208457e+03,2.941176923639e+03,1.428380268363e+01,1.656016408889e-02
1.164074706753e-04,3.509914946920e+01,4.054028274985e+00,3.496832316079e+03,2.941164366277e+03,1.428386366623e+01,1.655989820063e-02
1.191451989478e-04,3.509895767865e+01,4.054234839122e+00,3.497083267222e+03,2.941151510128e+03,1.428392610038e+01,1.655962595412e-02
1.218828615473e-04,3.509876143101e+01,4.054446197493e+00,3.497340061999e+03,2.941138355207e+03,1.428398998604e+01,1.655934734891e-02
1.246204564731e-04,3.509856072654e+01,4.054662349311e+00,3.497602700512e+03,2.941124901532e+03,1.428405532316e+01,1.655906238459e-02
1.273579817564e-04,3.509835556549e+01,4.054883293773e+00,3.497871182850e+03,2.941111149119e+03,1.428412211170e+01,1.655877106079e-02
1.300954354563e-04,3.509814594813e+01,4.055109030053e+00,3.498145509093e+03,2.941097097987e+03,1.428419035162e+01,1.655847337719e-02
1.328328156577e-04,3.509793187473e+01,4.055339557306e+00,3.498425679307e+03,2.941082748153e+03,1.428426004287e+01,1.655816933352e-02
1.355701204684e-04,3.509771334556e+01,4.055574874665e+00,3.498711693548e+03,2.941068099634e+03,1.428433118540e+01,1.655785892955e-02
1.383073480165e-04,3.509749036090e+01,4.055814981245e+00,3.499003551859e+03,2.941053152451e+03,1.428440377918e+01,1.655754216510e-02
1.410444964491e-04,3.509726292104e+01,4.056059876138e+00,3.499301254275e+03,2.941037906621e+03,1.428447782415e+01,1.655721904004e-02
1.437815639300e-04,3.509703102625e+01,4.056309558417e+00,3.499604800816e+03,2.941022362163e+03,1.428455332026e+01,1.655688955427e-02
1.465185486387e-04,3.509679467685e+01,4.056564027136e+00,3.499914191494e+03,2.941006519098e+03,1.428463026747e+01,1.655655370775e-02
1.492554487681e-04,3.509655387311e+01,4.056823281325e+00,3.500229426307e+03,2.940990377444e+03,1.428470866573e+01,1.655621150046e-02
1.519922625245e-04,3.509630861536e+01,4.057087319997e+00,3.500550505244e+03,2.940973937223e+03,1.428478851499e+01,1.655586293246e-02
1.547289881252e-04,3.509605890390e+01,4.057356142144e+00,3.500877428283e+03,2.940957198454e+03,1.428486981518e+01,1.655550800383e-02
1.574656237985e-04,3.509580473905e+01,4.057629746735e+00,3.501210195391e+03,2.940940161159e+03,1.428495256628e+01,1.655514671468e-02
1.602021677824e-04,3.509554612112e+01,4.057908132722e+00,3.501548806523e+03,2.940922825358e+03,1.428503676821e+01,1.655477906519e-02
1.629386183238e-04,3.509528305044e+01,4.058191299035e+00,3.501893261624e+03,2.940905191074e+03,1.428512242093e+01,1.655440505556e-02
1.656749736779e-04,3.509501552735e+01,4.058479244585e+00,3.502243560630e+03,2.940887258328e+03,1.428520952438e+01,1.655402468606e-02
1.684112321074e-04,3.509474355217e+01,4.058771968260e+00,3.502599703465e+03,2.940869027143e+03,1.428529807851e+01,1.655363795696e-02
1.711473918821e-04,3.509446712526e+01,4.059069468931e+00,3.502961690042e+03,2.940850497541e+03,1.428538808327e+01,1.655324486861e-02
1.738834512782e-04,3.509418624695e+01,4.059371745446e+00,3.503329520265e+03,2.940831669545e+03,1.428547953858e+01,1.655284542137e-02
1.766194085779e-04,3.509390091761e+01,4.059678796635e+00,3.503703194026e+03,2.940812543179e+03,1.428557244441e+01,1.655243961567e-02
1.793552620691e-04,3.509361113758e+01,4.059990621306e+00,3.504082711210e+03,2.940793118466e+03,1.428566680068e+01,1.655202745195e-02
1.820910100447e-04,3.509331690724e+01,4.060307218248e+00,3.504468071688e+03,2.940773395431e+03,1.428576260734e+01,1.655160893072e-02
1.848266508024e-04,3.509301822694e+01,4.060628586229e+00,3.504859275324e+03,2.940753374097e+03,1.428585986433e+01,1.655118405249e-02
1.875621826445e-04,3.509271509707e+01,4.060954723998e+00,3.505256321969e+03,2.940733054491e+03,1.428595857159e+01,1.655075281785e-02
1.902976038774e-04,3.509240751801e+01,4.061285630281e+00,3.505659211469e+03,2.940712436635e+03,1.428605872905e+01,1.655031522740e-02
1.930329128114e-04,3.509209549013e+01,4.061621303789e+00,3.506067943654e+03,2.940691520557e+03,1.428616033665e+01,1.654987128179e-02
1.957681077605e-04,3.509177901383e+01,4.061961743208e+00,3.506482518350e+03,2.940670306282e+03,1.428626339434e+01,1.654942098171e-02
1.985031870421e-04,3.509145808950e+01,4.062306947205e+00,3.506902935370e+03,2.940648793837e+03,1.428636790203e+01,1.654896432787e-02
2.012381489768e-04,3.509113271755e+01,4.062656914430e+00,3.507329194519e+03,2.940626983247e+03,1.428647385968e+01,1.654850132105e-02
2.039729918883e-04,3.509080289837e+01,4.063011643509e+00,3.507761295590e+03,2.940604874540e+03,1.428658126721e+01,1.654803196203e-02
2.067077141029e-04,3.509046863240e+01,4.063371133050e+00,3.508199238371e+03,2.940582467743e+03,1.428669012455e+01,1.654755625165e-02
2.094423139499e-04,3.509012992003e+01,4.063735381642e+00,3.508643022636e+03,2.940559762884e+03,1.428680043164e+01,1.654707419078e-02
2.121767897610e-04,3.508978676169e+01,4.064104387851e+00,3.509092648153e+03,2.940536759990e+03,1.428691218841e+01,1.654658578032e-02
2.149111398702e-04,3.508943915781e+01,4.064478150225e+00,3.509548114680e+03,2.940513459091e+03,1.428702539478e+01,1.654609102121e-02
2.176453626139e-04,3.508908710883e+01,4.064856667294e+00,3.510009421965e+03,2.940489860215e+03,1.428714005070e+01,1.654558991444e-02
2.203794563305e-04,3.508873061518e+01,4.065239937564e+00,3.510476569748e+03,2.940465963390e+03,1.428725615608e+01,1.654508246100e-02
2.231134193606e-04,3.508836967731e+01,4.065627959524e+00,3.510949557760e+03,2.940441768647e+03,1.428737371085e+01,1.654456866195e-02
2.258472500466e-04,3.508800429567e+01,4.066020731642e+00,3.511428385723e+03,2.940417276015e+03,1.428749271495e+01,1.654404851836e-02
2.285809467329e-04,3.508763447070e+01,4.066418252367e+00,3.511913053350e+03,2.940392485524e+03,1.428761316829e+01,1.654352203135e-02
2.313145077655e-04,3.508726020288e+01,4.066820520127e+00,3.512403560345e+03,2.940367397205e+03,1.428773507080e+01,1.654298920207e-02
2.340479314921e-04,3.508688149267e+01,4.067227533333e+00,3.512899906403e+03,2.940342011088e+03,1.428785842241e+01,1.654245003169e-02
2.367812162621e-04,3.508649834054e+01,4.067639290372e+00,3.513402091213e+03,2.940316327206e+03,1.428798322304e+01,1.654190452142e-02
2.395143604263e-04,3.508611074696e+01,4.068055789615e+00,3.513910114452e+03,2.940290345589e+03,1.428810947260e+01,1.654135267252e-02
2.422473623371e-04,3.508571871243e+01,4.068477029411e+00,3.514423975791e+03,2.940264066270e+03,1.428823717103e+01,1.654079448625e-02
2.449802203481e-04,3.508532223742e+01,4.068903008092e+00,3.514943674892e+03,2.940237489281e+03,1.428836631825e+01,1.654022996394e-02
2.477129328147e-04,3.508492132243e+01,4.069333723966e+00,3.515469211408e+03,2.940210614654e+03,1.428849691416e+01,1.653965910693e-02
2.504454980930e-04,3.508451596796e+01,4.069769175326e+00,3.516000584984e+03,2.940183442423e+03,1.428862895870e+01,1.653908191658e-02
2.531779145408e-04,3.508410617452e+01,4.070209360443e+00,3.516537795257e+03,2.940155972621e+03,1.428876245177e+01,1.653849839430e-02
2.559101805170e-04,3.508369194261e+01,4.070654277569e+00,3.517080841857e+03,2.940128205281e+03,1.428889739330e+01,1.653790854153e-02
2.586422943815e-04,3.508327327274e+01,4.071103924936e+00,3.517629724404e+03,2.940100140439e+03,1.428903378321e+01,1.653731235973e-02
2.613742544956e-04,3.508285016545e+01,4.071558300757e+00,3.518184442511e+03,2.940071778128e+03,1.428917162140e+01,1.653670985041e-02
2.641060592216e-04,3.508242262124e+01,4.072017403225e+00,3.518744995784e+03,2.940043118383e+03,1.428931090779e+01,1.653610101509e-02
2.668377069227e-04,3.508199064067e+01,4.072481230514e+00,3.519311383818e+03,2.940014161240e+03,1.428945164230e+01,1.653548585532e-02
2.695691959633e-04,3.508155422425e+01,4.072949780779e+00,3.519883606204e+03,2.939984906733e+03,1.428959382484e+01,1.653486437271e-02
2.723005247088e-04,3.508111337255e+01,4.073423052154e+00,3.520461662523e+03,2.939955354900e+03,1.428973745532e+01,1.653423656885e-02
2.750316915255e-04,3.508066808609e+01,4.073901042756e+00,3.521045552349e+03,2.939925505776e+03,1.428988253364e+01,1.653360244540e-02
2.777626947807e-04,3.508021836544e+01,4.074383750681e+00,3.521635275248e+03,2.939895359398e+03,1.429002905973e+01,1.653296200403e-02
2.804935328426e-04,3.507976421115e+01,4.074871174005e+00,3.522230830780e+03,2.939864915803e+03,1.429017703349e+01,1.653231524645e-02
2.832242040804e-04,3.507930562379e+01,4.075363310787e+00,3.522832218494e+03,2.939834175028e+03,1.429032645483e+01,1.653166217438e-02
2.859547068639e-04,3.507884260393e+01,4.075860159065e+00,3.523439437935e+03,2.939803137111e+03,1.429047732365e+01,1.653100278959e-02
2.886850395641e-04,3.507837515215e+01,4.076361716858e+00,3.524052488640e+03,2.939771802090e+03,1.429062963986e+01,1.653033709387e-02
2.914152005526e-04,3.507790326901e+01,4.076867982165e+00,3.524671370137e+03,2.939740170004e+03,1.429078340337e+01,1.652966508903e-02
2.941451882021e-04,3.507742695512e+01,4.077378952968e+00,3.525296081947e+03,2.939708240891e+03,1.429093861408e+01,1.652898677692e-02
2.968750008858e-04,3.507694621105e+01,4.077894627228e+00,3.525926623587e+03,2.939676014792e+03,1.429109527190e+01,1.652830215939e-02
2.996046369779e-04,3.507646103741e+01,4.078415002888e+00,3.526562994562e+03,2.939643491744e+03,1.429125337673e+01,1.652761123836e-02
3.023340948533e-04,3.507597143480e+01,4.078940077871e+00,3.527205194373e+03,2.939610671788e+03,1.429141292846e+01,1.652691401575e-02
3.050633728877e-04,3.507547740383e+01,4.079469850080e+00,3.527853222513e+03,2.939577554965e+03,1.429157392701e+01,1.652621049350e-02
3.077924694577e-04,3.507497894511e+01,4.080004317401e+00,3.528507078469e+03,2.939544141314e+03,1.429173637227e+01,1.652550067359e-02
3.105213829403e-04,3.507447605926e+01,4.080543477701e+00,3.529166761718e+03,2.939510430878e+03,1.429190026414e+01,1.652478455803e-02
3.132501117136e-04,3.507396874690e+01,4.081087328825e+00,3.529832271735e+03,2.939476423697e+03,1.429206560251e+01,1.652406214885e-02
3.159786541562e-04,3.507345700866e+01,4.081635868602e+00,3.530503607983e+03,2.939442119813e+03,1.429223238730e+01,1.652333344809e-02
3.187070086477e-04,3.507294084518e+01,4.082189094841e+00,3.531180769922e+03,2.939407519268e+03,1.429240061839e+01,1.652259845784e-02
3.214351735679e-04,3.507242025710e+01,4.082747005333e+00,3.531863757003e+03,2.939372622105e+03,1.429257029567e+01,1.652185718021e-02
3.241631472980e-04,3.507189524506e+01,4.083309597847e+00,3.532552568671e+03,2.939337428366e+03,1.429274141905e+01,1.652110961732e-02
3.268909282192e-04,3.507136580971e+01,4.083876870136e+00,3.533247204365e+03,2.939301938095e+03,1.429291398842e+01,1.652035577133e-02
3.296185147139e-04,3.507083195172e+01,4.084448819935e+00,3.533947663517e+03,2.939266151334e+03,1.429308800367e+01,1.651959564441e-02
3.323459051651e-04,3.507029367174e+01,4.085025444956e+00,3.534653945551e+03,2.939230068129e+03,1.429326346469e+01,1.651882923877e-02
3.350730979562e-04,3.506975097044e+01,4.085606742896e+00,3.535366049886e+03,2.939193688523e+03,1.429344037137e+01,1.651805655665e-02
3.378000914715e-04,3.506920384849e+01,4.086192711432e+00,3.536083975935e+03,2.939157012560e+03,1.429361872361e+01,1.651727760028e-02
3.405268840960e-04,3.506865230658e+01,4.086783348222e+00,3.536807723103e+03,2.939120040287e+03,1.429379852129e+01,1.651649237195e-02
3.432534742154e-04,3.506809634538e+01,4.087378650904e+00,3.537537290789e+03,2.939082771747e+03,1.429397976431e+01,1.651570087395e-02
3.459798602158e-04,3.506753596559e+01,4.087978617100e+00,3.538272678386e+03,2.939045206987e+03,1.429416245254e+01,1.651490310860e-02
3.487060404843e-04,3.506697116790e+01,4.088583244412e+00,3.539013885281e+03,2.939007346053e+03,1.429434658588e+01,1.651409907826e-02
3.514320134084e-04,3.506640195301e+01,4.089192530423e+00,3.539760910854e+03,2.938969188991e+03,1.429453216421e+01,1.651328878528e-02
3.541577773764e-04,3.506582832162e+01,4.089806472697e+00,3.540513754480e+03,2.938930735848e+03,1.429471918742e+01,1.651247223207e-02
3.568833307771e-04,3.506525027446e+01,4.090425068780e+00,3.541272415526e+03,2.938891986671e+03,1.429490765539e+01,1.651164942103e-02
3.596086720002e-04,3.506466781222e+01,4.091048316200e+00,3.542036893354e+03,2.938852941508e+03,1.429509756801e+01,1.651082035459e-02
3.623337994359e-04,3.506408093565e+01,4.091676212465e+00,3.542807187320e+03,2.938813600406e+03,1.429528892515e+01,1.650998503523e-02
3.650587114750e-04,3.506348964546e+01,4.092308755066e+00,3.543583296774e+03,2.938773963413e+03,1.429548172670e+01,1.650914346541e-02
3.677834065090e-04,3.506289394238e+01,4.092945941474e+00,3.544365221058e+03,2.938734030579e+03,1.429567597254e+01,1.650829564764e-02
3.705078829300e-04,3.506229382716e+01,4.093587769143e+00,3.545152959511e+03,2.938693801952e+03,1.429587166254e+01,1.650744158444e-02
3.732321391309e-04,3.506168930054e+01,4.094234235507e+00,3.545946511464e+03,2.938653277582e+03,1.429606879660e+01,1.650658127836e-02
3.759561735051e-04,3.506108036327e+01,4.094885337983e+00,3.546745876243e+03,2.938612457517e+03,1.429626737457e+01,1.650571473196e-02
3.786799844466e-04,3.506046701610e+01,4.095541073968e+00,3.547551053168e+03,2.938571341809e+03,1.429646739635e+01,1.650484194783e-02
3.814035703502e-04,3.505984925979e+01,4.096201440842e+00,3.548362041553e+03,2.938529930507e+03,1.429666886181e+01,1.650396292858e-02
3.841269296112e-04,3.505922709511e+01,4.096866435966e+00,3.549178840706e+03,2.938488223662e+03,1.429687177081e+01,1.650307767683e-02
3.868500606257e-04,3.505860052283e+01,4.097536056683e+00,3.550001449930e+03,2.938446221325e+03,1.429707612325e+01,1.650218619525e-02
3.895729617902e-04,3.505796954372e+01,4.098210300317e+00,3.550829868521e+03,2.938403923549e+03,1.429728191898e+01,1.650128848648e-02
3.922956315021e-04,3.505733415858e+01,4.098889164174e+00,3.551664095771e+03,2.938361330383e+03,1.429748915788e+01,1.650038455324e-02
3.950180681592e-04,3.505669436818e+01,4.099572645542e+00,3.552504130964e+03,2.938318441882e+03,1.429769783983e+01,1.649947439821e-02
3.977402701602e-04,3.505605017331e+01,4.100260741691e+00,3.553349973381e+03,2.938275258097e+03,1.429790796469e+01,1.649855802415e-02
4.004622359043e-04,3.505540157478e+01,4.100953449872e+00,3.554201622296e+03,2.938231779081e+03,1.429811953233e+01,1.649763543379e-02
4.031839637913e-04,3.505474857339e+01,4.101650767319e+00,3.555059076977e+03,2.938188004887e+03,1.429833254263e+01,1.649670662990e-02
4.059054522217e-04,3.505409116995e+01,4.102352691246e+00,3.555922336688e+03,2.938143935570e+03,1.429854699544e+01,1.649577161528e-02
4.086266995967e-04,3.505342936527e+01,4.103059218850e+00,3.556791400686e+03,2.938099571182e+03,1.429876289064e+01,1.649483039272e-02
4.113477043181e-04,3.505276316017e+01,4.103770347311e+00,3.557666268224e+03,2.938054911779e+03,1.429898022810e+01,1.649388296507e-02
4.140684647883e-04,3.505209255549e+01,4.104486073788e+00,3.558546938548e+03,2.938009957415e+03,1.429919900767e+01,1.649292933516e-02
4.167889794103e-04,3.505141755204e+01,4.105206395425e+00,3.559433410899e+03,2.937964708144e+03,1.429941922922e+01,1.649196950586e-02
4.195092465880e-04,3.505073815066e+01,4.105931309346e+00,3.560325684515e+03,2.937919164024e+03,1.429964089262e+01,1.649100348005e-02
4.222292647258e-04,3.505005435220e+01,4.106660812658e+00,3.561223758625e+03,2.937873325108e+03,1.429986399773e+01,1.649003126063e-02
4.249490322287e-04,3.504936615750e+01,4.107394902449e+00,3.562127632454e+03,2.937827191454e+03,1.430008854440e+01,1.648905285053e-02
4.276685475024e-04,3.504867356742e+01,4.108133575791e+00,3.563037305224e+03,2.937780763118e+03,1.430031453251e+01,1.648806825267e-02
4.303878089532e-04,3.504797658281e+01,4.108876829734e+00,3.563952776149e+03,2.937734040157e+03,1.430054196190e+01,1.648707747003e-02
4.331068149883e-04,3.504727520454e+01,4.109624661316e+00,3.564874044438e+03,2.937687022627e+03,1.430077083244e+01,1.648608050557e-02
4.358255640152e-04,3.504656943347e+01,4.110377067552e+00,3.565801109297e+03,2.937639710587e+03,1.430100114399e+01,1.648507736228e-02
4.385440544424e-04,3.504585927049e+01,4.111134045441e+00,3.566733969925e+03,2.937592104095e+03,1.430123289640e+01,1.648406804318e-02
4.412622846788e-04,3.504514471646e+01,4.111895591965e+00,3.567672625515e+03,2.937544203208e+03,1.430146608953e+01,1.648305255129e-02
4.439802531341e-04,3.504442577227e+01,4.112661704088e+00,3.568617075258e+03,2.937496007986e+03,1.430170072323e+01,1.648203088965e-02
4.466979582187e-04,3.504370243882e+01,4.113432378754e+00,3.569567318337e+03,2.937447518486e+03,1.430193679736e+01,1.648100306133e-02
4.494153983437e-04,3.504297471700e+01,4.114207612893e+00,3.570523353932e+03,2.937398734770e+03,1.430217431177e+01,1.647996906940e-02
4.521325719206e-04,3.504224260771e+01,4.114987403413e+00,3.571485181217e+03,2.937349656896e+03,1.430241326631e+01,1.647892891697e-02
4.548494773618e-04,3.504150611186e+01,4.115771747209e+00,3.572452799361e+03,2.937300284925e+03,1.430265366084e+01,1.647788260713e-02
4.575661130805e-04,3.504076523036e+01,4.116560641153e+00,3.573426207528e+03,2.937250618917e+03,1.430289549520e+01,1.647683014303e-02
4.602824774904e-04,3.504001996412e+01,4.117354082105e+00,3.574405404877e+03,2.937200658932e+03,1.430313876925e+01,1.647577152780e-02
4.629985690057e-04,3.503927031407e+01,4.118152066903e+00,3.575390390564e+03,2.937150405033e+03,1.430338348283e+01,1.647470676461e-02
4.657143860418e-04,3.503851628114e+01,4.118954592369e+00,3.576381163737e+03,2.937099857280e+03,1.430362963580e+01,1.647363585663e-02
4.684299270142e-04,3.503775786626e+01,4.119761655308e+00,3.577377723541e+03,2.937049015735e+03,1.430387722799e+01,1.647255880706e-02
4.711451903396e-04,3.503699507037e+01,4.120573252507e+00,3.578380069117e+03,2.936997880461e+03,1.430412625926e+01,1.647147561911e-02
4.738601744351e-04,3.503622789442e+01,4.121389380734e+00,3.579388199600e+03,2.936946451520e+03,1.430437672944e+01,1.647038629600e-02
4.765748777185e-04,3.503545633935e+01,4.122210036743e+00,3.580402114119e+03,2.936894728975e+03,1.430462863839e+01,1.646929084098e-02
4.792892986084e-04,3.503468040612e+01,4.123035217268e+00,3.581421811800e+03,2.936842712889e+03,1.430488198595e+01,1.646818925729e-02
4.820034355241e-04,3.503390009569e+01,4.123864919025e+00,3.582447291766e+03,2.936790403327e+03,1.430513677196e+01,1.646708154823e-02
4.847172868855e-04,3.503311540903e+01,4.124699138715e+00,3.583478553131e+03,2.936737800352e+03,1.430539299625e+01,1.646596771706e-02
4.874308511133e-04,3.503232634711e+01,4.125537873019e+00,3.584515595007e+03,2.936684904028e+03,1.430565065868e+01,1.646484776709e-02
4.901441266289e-04,3.503153291090e+01,4.126381118603e+00,3.585558416502e+03,2.936631714420e+03,1.430590975908e+01,1.646372170165e-02
4.928571118543e-04,3.503073510138e+01,4.127228872113e+00,3.586607016718e+03,2.936578231594e+03,1.430617029729e+01,1.646258952406e-02
4.955698052124e-04,3.502993291955e+01,4.128081130182e+00,3.587661394753e+03,2.936524455614e+03,1.430643227314e+01,1.646145123767e-02
4.982822051268e-04,3.502912636640e+01,4.128937889421e+00,3.588721549699e+03,2.936470386547e+03,1.430669568648e+01,1.646030684584e-02
5.009943100215e-04,3.502831544292e+01,4.129799146426e+00,3.589787480646e+03,2.936416024459e+03,1.430696053714e+01,1.645915635195e-02
5.037061183217e-04,3.502750015013e+01,4.130664897776e+00,3.590859186678e+03,2.936361369416e+03,1.430722682495e+01,1.645799975939e-02
5.064176284530e-04,3.502668048902e+01,4.131535140033e+00,3.591936666874e+03,2.936306421485e+03,1.430749454976e+01,1.645683707157e-02
5.091288388417e-04,3.502585646061e+01,4.132409869741e+00,3.593019920311e+03,2.936251180734e+03,1.430776371138e+01,1.645566829190e-02
5.118397479152e-04,3.502502806593e+01,4.133289083427e+00,3.594108946058e+03,2.936195647230e+03,1.430803430966e+01,1.645449342383e-02
5.145503541011e-04,3.502419530599e+01,4.134172777601e+00,3.595203743182e+03,2.936139821040e+03,1.430830634443e+01,1.645331247079e-02
5.172606558283e-04,3.502335818184e+01,4.135060948757e+00,3.596304310744e+03,2.936083702234e+03,1.430857981551e+01,1.645212543624e-02
5.199706515259e-04,3.502251669450e+01,4.135953593369e+00,3.597410647804e+03,2.936027290880e+03,1.430885472273e+01,1.645093232367e-02
5.226803396242e-04,3.502167084501e+01,4.136850707898e+00,3.598522753414e+03,2.935970587047e+03,1.430913106593e+01,1.644973313657e-02
5.253897185540e-04,3.502082063443e+01,4.137752288785e+00,3.599640626622e+03,2.935913590804e+03,1.430940884494e+01,1.644852787842e-02
5.280987867468e-04,3.501996606380e+01,4.138658332455e+00,3.600764266474e+03,2.935856302221e+03,1.430968805957e+01,1.644731655276e-02
5.308075426351e-04,3.501910713419e+01,4.139568835316e+00,3.601893672010e+03,2.935798721368e+03,1.430996870966e+01,1.644609916311e-02
5.335159846519e-04,3.501824384665e+01,4.140483793760e+00,3.603028842265e+03,2.935740848316e+03,1.431025079502e+01,1.644487571301e-02
5.362241112311e-04,3.501737620226e+01,4.141403204162e+00,3.604169776273e+03,2.935682683135e+03,1.431053431549e+01,1.644364620601e-02
5.389319208073e-04,3.501650420208e+01,4.142327062877e+00,3.605316473060e+03,2.935624225897e+03,1.431081927089e+01,1.644241064570e-02
5.416394118160e-04,3.501562784720e+01,4.143255366248e+00,3.606468931649e+03,2.935565476673e+03,1.431110566103e+01,1.644116903564e-02
5.443465826932e-04,3.501474713870e+01,4.144188110598e+00,3.607627151061e+03,2.935506435535e+03,1.431139348575e+01,1.643992137943e-02
5.470534318759e-04,3.501386207768e+01,4.145125292235e+00,3.608791130310e+03,2.935447102555e+03,1.431168274485e+01,1.643866768067e-02
5.497599578018e-04,3.501297266521e+01,4.146066907448e+00,3.609960868407e+03,2.935387477806e+03,1.431197343817e+01,1.643740794299e-02
5.524661589094e-04,3.501207890242e+01,4.147012952512e+00,3.611136364359e+03,2.935327561361e+03,1.431226556551e+01,1.643614217003e-02
5.551720336380e-04,3.501118079039e+01,4.147963423683e+00,3.612317617169e+03,2.935267353292e+03,1.431255912670e+01,1.643487036541e-02
5.578775804274e-04,3.501027833025e+01,4.148918317203e+00,3.613504625835e+03,2.935206853675e+03,1.431285412155e+01,1.643359253280e-02
5.605827977188e-04,3.500937152311e+01,4.149877629295e+00,3.614697389352e+03,2.935146062582e+03,1.431315054988e+01,1.643230867586e-02
5.632876839535e-04,3.500846037009e+01,4.150841356166e+00,3.615895906710e+03,2.935084980088e+03,1.431344841150e+01,1.643101879828e-02
5.659922375740e-04,3.500754487232e+01,4.151809494007e+00,3.617100176896e+03,2.935023606267e+03,1.431374770623e+01,1.642972290375e-02
5.686964570236e-04,3.500662503094e+01,4.152782038992e+00,3.618310198894e+03,2.934961941196e+03,1.431404843387e+01,1.642842099597e-02
5.714003407462e-04,3.500570084707e+01,4.153758987279e+00,3.619525971680e+03,2.934899984949e+03,1.431435059425e+01,1.642711307866e-02
5.741038871866e-04,3.500477232186e+01,4.154740335009e+00,3.620747494230e+03,2.934837737601e+03,1.431465418718e+01,1.642579915555e-02
5.768070947905e-04,3.500383945646e+01,4.155726078308e+00,3.621974765515e+03,2.934775199230e+03,1.431495921245e+01,1.642447923036e-02
5.795099620042e-04,3.500290225203e+01,4.156716213283e+00,3.623207784501e+03,2.934712369912e+03,1.431526566989e+01,1.642315330687e-02
5.822124872750e-04,3.500196070973e+01,4.157710736027e+00,3.624446550151e+03,2.934649249723e+03,1.431557355930e+01,1.642182138881e-02
5.849146690510e-04,3.500101483071e+01,4.158709642615e+00,3.625691061425e+03,2.934585838740e+03,1.431588288048e+01,1.642048347997e-02
5.876165057809e-04,3.500006461616e+01,4.159712929107e+00,3.626941317276e+03,2.934522137042e+03,1.431619363325e+01,1.641913958414e-02
5.903179959145e-04,3.499911006723e+01,4.160720591545e+00,3.628197316658e+03,2.934458144706e+03,1.431650581742e+01,1.641778970510e-02
5.930191379022e-04,3.499815118513e+01,4.161732625958e+00,3.629459058517e+03,2.934393861810e+03,1.431681943277e+01,1.641643384666e-02
5.957199301955e-04,3.499718797102e+01,4.162749028355e+00,3.630726541796e+03,2.934329288434e+03,1.431713447913e+01,1.641507201264e-02
5.984203712465e-04,3.499622042610e+01,4.163769794731e+00,3.631999765436e+03,2.934264424655e+03,1.431745095628e+01,1.641370420687e-02
6.011204595080e-04,3.499524855158e+01,4.164794921064e+00,3.633278728373e+03,2.934199270553e+03,1.431776886404e+01,1.641233043318e-02
6.038201934341e-04,3.499427234864e+01,4.165824403316e+00,3.634563429540e+03,2.934133826208e+03,1.431808820220e+01,1.641095069542e-02
6.065195714794e-04,3.499329181851e+01,4.166858237435e+00,3.635853867864e+03,2.934068091701e+03,1.431840897057e+01,1.640956499745e-02
6.092185920993e-04,3.499230696238e+01,4.167896419348e+00,3.637150042272e+03,2.934002067110e+03,1.431873116894e+01,1.640817334314e-02
6.119172537503e-04,3.499131778148e+01,4.168938944972e+00,3.638451951683e+03,2.933935752518e+03,1.431905479711e+01,1.640677573637e-02
6.146155548895e-04,3.499032427703e+01,4.169985810203e+00,3.639759595017e+03,2.933869148005e+03,1.431937985487e+01,1.640537218103e-02
6.173134939751e-04,3.498932645027e+01,4.171037010924e+00,3.641072971186e+03,2.933802253652e+03,1.431970634204e+01,1.640396268102e-02
6.200110694659e-04,3.498832430241e+01,4.172092543001e+00,3.642392079102e+03,2.933735069542e+03,1.432003425839e+01,1.640254724024e-02
6.227082798218e-04,3.498731783471e+01,4.173152402283e+00,3.643716917670e+03,2.933667595756e+03,1.432036360373e+01,1.640112586263e-02
6.254051235033e-04,3.498630704841e+01,4.174216584606e+00,3.645047485794e+03,2.933599832376e+03,1.432069437785e+01,1.639969855209e-02
6.281015989720e-04,3.498529194475e+01,4.175285085788e+00,3.646383782374e+03,2.933531779487e+03,1.432102658054e+01,1.639826531259e-02
6.307977046902e-04,3.498427252500e+01,4.176357901631e+00,3.647725806305e+03,2.933463437171e+03,1.432136021159e+01,1.639682614806e-02
6.334934391213e-04,3.498324879041e+01,4.177435027922e+00,3.649073556480e+03,2.933394805511e+03,1.432169527079e+01,1.639538106246e-02
6.361888007293e-04,3.498222074224e+01,4.178516460432e+00,3.650427031788e+03,2.933325884591e+03,1.432203175794e+01,1.639393005976e-02
6.388837879792e-04,3.498118838178e+01,4.179602194918e+00,3.651786231115e+03,2.933256674497e+03,1.432236967282e+01,1.639247314393e-02
6.415783993369e-04,3.498015171029e+01,4.180692227117e+00,3.653151153341e+03,2.933187175311e+03,1.432270901522e+01,1.639101031897e-02
6.442726332693e-04,3.497911072905e+01,4.181786552755e+00,3.654521797346e+03,2.933117387120e+03,1.432304978492e+01,1.638954158887e-02
6.469664882439e-04,3.497806543936e+01,4.182885167540e+00,3.655898162005e+03,2.933047310008e+03,1.432339198172e+01,1.638806695763e-02
6.496599627293e-04,3.497701584251e+01,4.183988067164e+00,3.657280246189e+03,2.932976944061e+03,1.432373560540e+01,1.638658642926e-02
6.523530551950e-04,3.497596193978e+01,4.185095247306e+00,3.658668048766e+03,2.932906289365e+03,1.432408065574e+01,1.638510000780e-02
6.550457641113e-04,3.497490373249e+01,4.186206703626e+00,3.660061568602e+03,2.932835346007e+03,1.432442713253e+01,1.638360769726e-02
6.577380879495e-04,3.497384122195e+01,4.187322431771e+00,3.661460804557e+03,2.932764114073e+03,1.432477503554e+01,1.638210950169e-02
6.604300251816e-04,3.497277440946e+01,4.188442427372e+00,3.662865755490e+03,2.932692593650e+03,1.432512436457e+01,1.638060542514e-02
6.631215742808e-04,3.497170329635e+01,4.189566686044e+00,3.664276420254e+03,2.932620784826e+03,1.432547511938e+01,1.637909547167e-02
6.658127337210e-04,3.497062788393e+01,4.190695203386e+00,3.665692797703e+03,2.932548687688e+03,1.432582729977e+01,1.637757964533e-02
6.685035019772e-04,3.496954817354e+01,4.191827974985e+00,3.667114886683e+03,2.932476302324e+03,1.432618090551e+01,1.637605795021e-02
6.711938775251e-04,3.496846416651e+01,4.192964996408e+00,3.668542686039e+03,2.932403628823e+03,1.432653593637e+01,1.637453039038e-02
6.738838588414e-04,3.496737586418e+01,4.194106263210e+00,3.669976194613e+03,2.932330667274e+03,1.432689239213e+01,1.637299696994e-02
6.765734444038e-04,3.496628326790e+01,4.195251770929e+00,3.671415411243e+03,2.932257417766e+03,1.432725027258e+01,1.637145769299e-02
6.792626326909e-04,3.496518637901e+01,4.196401515089e+00,3.672860334764e+03,2.932183880388e+03,1.432760957747e+01,1.636991256363e-02
6.819514221821e-04,3.496408519888e+01,4.197555491198e+00,3.674310964008e+03,2.932110055230e+03,1.432797030660e+01,1.636836158598e-02
6.846398113579e-04,3.496297972885e+01,4.198713694750e+00,3.675767297803e+03,2.932035942383e+03,1.432833245973e+01,1.636680476415e-02
6.873277986997e-04,3.496186997030e+01,4.199876121221e+00,3.677229334975e+03,2.931961541936e+03,1.432869603663e+01,1.636524210228e-02
6.900153826898e-04,3.496075592460e+01,4.201042766076e+00,3.678697074345e+03,2.931886853981e+03,1.432906103708e+01,1.636367360452e-02
6.927025618115e-04,3.495963759312e+01,4.202213624762e+00,3.680170514734e+03,2.931811878609e+03,1.432942746084e+01,1.636209927499e-02
6.953893345488e-04,3.495851497725e+01,4.203388692711e+00,3.681649654956e+03,2.931736615911e+03,1.432979530769e+01,1.636051911787e-02
6.980756993872e-04,3.495738807837e+01,4.204567965342e+00,3.683134493825e+03,2.931661065980e+03,1.433016457739e+01,1.635893313730e-02
7.007616548125e-04,3.495625689787e+01,4.205751438056e+00,3.684625030151e+03,2.931585228907e+03,1.433053526971e+01,1.635734133745e-02
7.034471993119e-04,3.495512143715e+01,4.206939106243e+00,3.686121262739e+03,2.931509104786e+03,1.433090738442e+01,1.635574372251e-02
7.061323313734e-04,3.495398169762e+01,4.208130965275e+00,3.687623190394e+03,2.931432693709e+03,1.433128092128e+01,1.635414029665e-02
7.088170494859e-04,3.495283768067e+01,4.209327010509e+00,3.689130811915e+03,2.931355995770e+03,1.433165588006e+01,1.635253106407e-02
7.115013521395e-04,3.495168938773e+01,4.210527237290e+00,3.690644126102e+03,2.931279011062e+03,1.433203226052e+01,1.635091602896e-02
7.141852378251e-04,3.495053682022e+01,4.211731640946e+00,3.692163131747e+03,2.931201739679e+03,1.433241006243e+01,1.634929519552e-02
7.168687050345e-04,3.494937997954e+01,4.212940216791e+00,3.693687827642e+03,2.931124181716e+03,1.433278928554e+01,1.634766856797e-02
7.195517522606e-04,3.494821886714e+01,4.214152960123e+00,3.695218212577e+03,2.931046337267e+03,1.433316992962e+01,1.634603615052e-02
7.222343779972e-04,3.494705348444e+01,4.215369866227e+00,3.696754285336e+03,2.930968206427e+03,1.433355199443e+01,1.634439794741e-02
7.249165807392e-04,3.494588383290e+01,4.216590930372e+00,3.698296044702e+03,2.930889789293e+03,1.433393547972e+01,1.634275396285e-02
7.275983589824e-04,3.494470991394e+01,4.217816147814e+00,3.699843489455e+03,2.930811085958e+03,1.433432038526e+01,1.634110420109e-02
7.302797112236e-04,3.494353172901e+01,4.219045513793e+00,3.701396618371e+03,2.930732096520e+03,1.433470671081e+01,1.633944866638e-02
7.329606359605e-04,3.494234927958e+01,4.220279023535e+00,3.702955430225e+03,2.930652821075e+03,1.433509445611e+01,1.633778736295e-02
7.356411316920e-04,3.494116256711e+01,4.221516672252e+00,3.704519923787e+03,2.930573259719e+03,1.433548362092e+01,1.633612029508e-02
7.383211969179e-04,3.493997159305e+01,4.222758455139e+00,3.706090097825e+03,2.930493412551e+03,1.433587420501e+01,1.633444746703e-02
7.410008301388e-04,3.493877635888e+01,4.224004367381e+00,3.707665951106e+03,2.930413279666e+03,1.433626620812e+01,1.633276888306e-02
7.436800298567e-04,3.493757686607e+01,4.225254404144e+00,3.709247482391e+03,2.930332861164e+03,1.433665963000e+01,1.633108454745e-02
7.463587945742e-04,3.493637311610e+01,4.226508560582e+00,3.710834690440e+03,2.930252157142e+03,1.433705447041e+01,1.632939446449e-02
7.490371227952e-04,3.493516511046e+01,4.227766831835e+00,3.712427574010e+03,2.930171167698e+03,1.433745072909e+01,1.632769863846e-02
7.517150130246e-04,3.493395285064e+01,4.229029213028e+00,3.714026131856e+03,2.930089892932e+03,1.433784840581e+01,1.632599707365e-02
7.543924637681e-04,3.493273633814e+01,4.230295699271e+00,3.715630362727e+03,2.930008332942e+03,1.433824750030e+01,1.632428977437e-02
7.570694735326e-04,3.493151557445e+01,4.231566285662e+00,3.717240265375e+03,2.929926487829e+03,1.433864801232e+01,1.632257674492e-02
7.597460408259e-04,3.493029056108e+01,4.232840967282e+00,3.718855838543e+03,2.929844357692e+03,1.433904994160e+01,1.632085798962e-02
7.624221641570e-04,3.492906129954e+01,4.234119739199e+00,3.720477080976e+03,2.929761942631e+03,1.433945328791e+01,1.631913351277e-02
7.650978420358e-04,3.492782779136e+01,4.235402596469e+00,3.722103991414e+03,2.929679242746e+03,1.433985805098e+01,1.631740331871e-02
7.677730729732e-04,3.492659003804e+01,4.236689534130e+00,3.723736568595e+03,2.929596258139e+03,1.434026423055e+01,1.631566741177e-02
7.704478554813e-04,3.492534804112e+01,4.237980547208e+00,3.725374811255e+03,2.929512988911e+03,1.434067182638e+01,1.631392579627e-02
7.731221880730e-04,3.492410180214e+01,4.239275630716e+00,3.727018718125e+03,2.929429435163e+03,1.434108083820e+01,1.631217847655e-02
7.757960692625e-04,3.492285132261e+01,4.240574779651e+00,3.728668287936e+03,2.929345596998e+03,1.434149126575e+01,1.631042545697e-02
7.784694975649e-04,3.492159660410e+01,4.241877988998e+00,3.730323519416e+03,2.929261474517e+03,1.434190310878e+01,1.630866674186e-02
7.811424714963e-04,3.492033764815e+01,4.243185253726e+00,3.731984411290e+03,2.929177067823e+03,1.434231636703e+01,1.630690233559e-02
7.838149895739e-04,3.491907445630e+01,4.244496568792e+00,3.733650962279e+03,2.929092377019e+03,1.434273104022e+01,1.630513224251e-02
7.864870503161e-04,3.491780703012e+01,4.245811929138e+00,3.735323171104e+03,2.929007402209e+03,1.434314712811e+01,1.630335646699e-02
7.891586522421e-04,3.491653537116e+01,4.247131329692e+00,3.737001036482e+03,2.928922143495e+03,1.434356463043e+01,1.630157501340e-02
7.918297938724e-04,3.491525948101e+01,4.248454765370e+00,3.738684557127e+03,2.928836600982e+03,1.434398354691e+01,1.629978788612e-02
7.945004737283e-04,3.491397936122e+01,4.249782231073e+00,3.740373731753e+03,2.928750774775e+03,1.434440387729e+01,1.629799508952e-02
7.971706903325e-04,3.491269501338e+01,4.251113721687e+00,3.742068559068e+03,2.928664664977e+03,1.434482562131e+01,1.629619662798e-02
7.998404422084e-04,3.491140643907e+01,4.252449232088e+00,3.743769037781e+03,2.928578271693e+03,1.434524877869e+01,1.629439250590e-02
8.025097278808e-04,3.491011363988e+01,4.253788757134e+00,3.745475166596e+03,2.928491595030e+03,1.434567334917e+01,1.629258272767e-02
8.051785458753e-04,3.490881661740e+01,4.255132291673e+00,3.747186944216e+03,2.928404635092e+03,1.434609933248e+01,1.629076729769e-02
8.078468947189e-04,3.490751537323e+01,4.256479830537e+00,3.748904369340e+03,2.928317391986e+03,1.434652672835e+01,1.628894622037e-02
8.105147729393e-04,3.490620990898e+01,4.257831368547e+00,3.750627440668e+03,2.928229865818e+03,1.434695553651e+01,1.628711950009e-02
8.131821790655e-04,3.490490022625e+01,4.259186900508e+00,3.752356156894e+03,2.928142056694e+03,1.434738575668e+01,1.628528714129e-02
8.158491116277e-04,3.490358632665e+01,4.260546421213e+00,3.754090516711e+03,2.928053964722e+03,1.434781738861e+01,1.628344914837e-02
8.185155691570e-04,3.490226821181e+01,4.261909925441e+00,3.755830518811e+03,2.927965590008e+03,1.434825043200e+01,1.628160552575e-02
8.211815501856e-04,3.490094588335e+01,4.263277407958e+00,3.757576161881e+03,2.927876932662e+03,1.434868488659e+01,1.627975627786e-02
8.238470532469e-04,3.489961934289e+01,4.264648863518e+00,3.759327444609e+03,2.927787992789e+03,1.434912075211e+01,1.627790140913e-02
8.265120768752e-04,3.489828859208e+01,4.266024286858e+00,3.761084365677e+03,2.927698770500e+03,1.434955802827e+01,1.627604092398e-02
8.291766196063e-04,3.489695363254e+01,4.267403672706e+00,3.762846923768e+03,2.927609265902e+03,1.434999671481e+01,1.627417482686e-02
8.318406799766e-04,3.489561446593e+01,4.268787015775e+00,3.764615117560e+03,2.927519479104e+03,1.435043681143e+01,1.627230312219e-02
8.345042565240e-04,3.489427109390e+01,4.270174310763e+00,3.766388945733e+03,2.927429410217e+03,1.435087831787e+01,1.627042581443e-02
8.371673477874e-04,3.489292351809e+01,4.271565552359e+00,3.768168406959e+03,2.927339059348e+03,1.435132123384e+01,1.626854290803e-02
8.398299523067e-04,3.489157174017e+01,4.272960735235e+00,3.769953499913e+03,2.927248426610e+03,1.435176555906e+01,1.626665440742e-02
8.424920686231e-04,3.489021576180e+01,4.274359854052e+00,3.771744223266e+03,2.927157512111e+03,1.435221129325e+01,1.626476031708e-02
8.451536952787e-04,3.488885558465e+01,4.275762903458e+00,3.773540575685e+03,2.927066315963e+03,1.435265843613e+01,1.626286064145e-02
8.478148308170e-04,3.488749121040e+01,4.277169878086e+00,3.775342555837e+03,2.926974838277e+03,1.435310698741e+01,1.626095538499e-02
8.504754737824e-04,3.488612264071e+01,4.278580772560e+00,3.777150162387e+03,2.926883079163e+03,1.435355694682e+01,1.625904455217e-02
8.531356227204e-04,3.488474987729e+01,4.279995581488e+00,3.778963393997e+03,2.926791038734e+03,1.435400831405e+01,1.625712814747e-02
8.557952761780e-04,3.488337292182e+01,4.281414299465e+00,3.780782249327e+03,2.926698717102e+03,1.435446108884e+01,1.625520617534e-02
8.584544327028e-04,3.488199177599e+01,4.282836921075e+00,3.782606727035e+03,2.926606114378e+03,1.435491527088e+01,1.625327864026e-02
8.611130908440e-04,3.488060644150e+01,4.284263440889e+00,3.784436825779e+03,2.926513230676e+03,1.435537085990e+01,1.625134554672e-02
8.637712491517e-04,3.487921692005e+01,4.285693853463e+00,3.786272544211e+03,2.926420066109e+03,1.435582785560e+01,1.624940689919e-02
8.664289061771e-04,3.487782321336e+01,4.287128153343e+00,3.788113880985e+03,2.926326620790e+03,1.435628625770e+01,1.624746270215e-02
8.690860604729e-04,3.487642532314e+01,4.288566335061e+00,3.789960834750e+03,2.926232894833e+03,1.435674606589e+01,1.624551296010e-02
8.717427105924e-04,3.487502325111e+01,4.290008393138e+00,3.791813404155e+03,2.926138888351e+03,1.435720727990e+01,1.624355767752e-02
8.743988550906e-04,3.487361699900e+01,4.291454322079e+00,3.793671587846e+03,2.926044601459e+03,1.435766989942e+01,1.624159685890e-02
8.770544925232e-04,3.487220656852e+01,4.292904116380e+00,3.795535384467e+03,2.925950034272e+03,1.435813392417e+01,1.623963050874e-02
8.797096214475e-04,3.487079196143e+01,4.294357770522e+00,3.797404792662e+03,2.925855186905e+03,1.435859935384e+01,1.623765863153e-02
8.823642404215e-04,3.486937317945e+01,4.295815278977e+00,3.799279811071e+03,2.925760059472e+03,1.435906618815e+01,1.623568123179e-02
8.850183480048e-04,3.486795022433e+01,4.297276636200e+00,3.801160438332e+03,2.925664652091e+03,1.435953442680e+01,1.623369831400e-02
8.876719427578e-04,3.486652309783e+01,4.298741836636e+00,3.803046673084e+03,2.925568964876e+03,1.436000406948e+01,1.623170988267e-02
8.903250232422e-04,3.486509180168e+01,4.300210874719e+00,3.804938513960e+03,2.925472997943e+03,1.436047511591e+01,1.622971594232e-02
8.929775880212e-04,3.486365633766e+01,4.301683744868e+00,3.806835959595e+03,2.925376751411e+03,1.436094756578e+01,1.622771649745e-02
8.956296356585e-04,3.486221670753e+01,4.303160441492e+00,3.808739008620e+03,2.925280225395e+03,1.436142141879e+01,1.622571155258e-02
8.982811647197e-04,3.486077291306e+01,4.304640958986e+00,3.810647659665e+03,2.925183420013e+03,1.436189667464e+01,1.622370111222e-02
9.009321737711e-04,3.485932495601e+01,4.306125291734e+00,3.812561911358e+03,2.925086335383e+03,1.436237333303e+01,1.622168518088e-02
9.035826613802e-04,3.485787283818e+01,4.307613434108e+00,3.814481762325e+03,2.924988971622e+03,1.436285139365e+01,1.621966376309e-02
9.062326261161e-04,3.485641656134e+01,4.309105380466e+00,3.816407211192e+03,2.924891328849e+03,1.436333085620e+01,1.621763686337e-02
9.088820665486e-04,3.485495612729e+01,4.310601125157e+00,3.818338256582e+03,2.924793407182e+03,1.436381172038e+01,1.621560448624e-02
9.115309812490e-04,3.485349153781e+01,4.312100662515e+00,3.820274897115e+03,2.924695206741e+03,1.436429398588e+01,1.621356663623e-02
9.141793687897e-04,3.485202279470e+01,4.313603986865e+00,3.822217131412e+03,2.924596727644e+03,1.436477765240e+01,1.621152331786e-02
9.168272277443e-04,3.485054989977e+01,4.315111092517e+00,3.824164958091e+03,2.924497970012e+03,1.436526271962e+01,1.620947453566e-02
9.194745566876e-04,3.484907285483e+01,4.316621973771e+00,3.826118375768e+03,2.924398933963e+03,1.436574918724e+01,1.620742029416e-02
9.221213541955e-04,3.484759166170e+01,4.318136624915e+00,3.828077383059e+03,2.924299619619e+03,1.436623705494e+01,1.620536059791e-02
9.247676188454e-04,3.484610632218e+01,4.319655040225e+00,3.830041978576e+03,2.924200027100e+03,1.436672632243e+01,1.620329545142e-02
9.274133492157e-04,3.484461683810e+01,4.321177213965e+00,3.832012160932e+03,2.924100156527e+03,1.436721698938e+01,1.620122485924e-02
9.300585438860e-04,3.484312321129e+01,4.322703140387e+00,3.833987928736e+03,2.924000008021e+03,1.436770905548e+01,1.619914882590e-02
9.327032014372e-04,3.484162544359e+01,4.324232813732e+00,3.835969280599e+03,2.923899581703e+03,1.436820252043e+01,1.619706735594e-02
9.353473204513e-04,3.484012353682e+01,4.325766228230e+00,3.837956215127e+03,2.923798877696e+03,1.436869738390e+01,1.619498045391e-02
9.379908995116e-04,3.483861749284e+01,4.327303378098e+00,3.839948730926e+03,2.923697896122e+03,1.436919364559e+01,1.619288812435e-02
9.406339372028e-04,3.483710731349e+01,4.328844257542e+00,3.841946826600e+03,2.923596637103e+03,1.436969130517e+01,1.619079037179e-02
9.432764321105e-04,3.483559300063e+01,4.330388860757e+00,3.843950500754e+03,2.923495100762e+03,1.437019036233e+01,1.618868720079e-02
9.459183828218e-04,3.483407455610e+01,4.331937181925e+00,3.845959751987e+03,2.923393287222e+03,1.437069081676e+01,1.618657861588e-02
9.485597879248e-04,3.483255198178e+01,4.333489215217e+00,3.847974578901e+03,2.923291196606e+03,1.437119266813e+01,1.618446462162e-02
9.512006460091e-04,3.483102527953e+01,4.335044954796e+00,3.849994980095e+03,2.923188829040e+03,1.437169591612e+01,1.618234522256e-02
9.538409556653e-04,3.482949445122e+01,4.336604394808e+00,3.852020954166e+03,2.923086184646e+03,1.437220056041e+01,1.618022042324e-02
9.564807154854e-04,3.482795949873e+01,4.338167529391e+00,3.854052499710e+03,2.922983263549e+03,1.437270660068e+01,1.617809022821e-02
9.591199240625e-04,3.482642042394e+01,4.339734352673e+00,3.856089615323e+03,2.922880065873e+03,1.437321403662e+01,1.617595464202e-02
9.617585799912e-04,3.482487722873e+01,4.341304858767e+00,3.858132299598e+03,2.922776591745e+03,1.437372286789e+01,1.617381366923e-02
9.643966818670e-04,3.482332991500e+01,4.342879041779e+00,3.860180551127e+03,2.922672841289e+03,1.437423309417e+01,1.617166731440e-02
9.670342282869e-04,3.482177848465e+01,4.344456895799e+00,3.862234368501e+03,2.922568814631e+03,1.437474471514e+01,1.616951558206e-02
9.696712178492e-04,3.482022293957e+01,4.346038414911e+00,3.864293750312e+03,2.922464511897e+03,1.437525773047e+01,1.616735847679e-02
9.723076491533e-04,3.481866328167e+01,4.347623593185e+00,3.866358695147e+03,2.922359933214e+03,1.437577213984e+01,1.616519600312e-02
9.749435207998e-04,3.481709951286e+01,4.349212424680e+00,3.868429201593e+03,2.922255078708e+03,1.437628794291e+01,1.616302816563e-02
9.775788313908e-04,3.481553163505e+01,4.350804903445e+00,3.870505268239e+03,2.922149948506e+03,1.437680513936e+01,1.616085496886e-02
9.802135795295e-04,3.481395965017e+01,4.352401023517e+00,3.872586893668e+03,2.922044542735e+03,1.437732372886e+01,1.615867641737e-02
9.828477638205e-04,3.481238356014e+01,4.354000778924e+00,3.874674076465e+03,2.921938861524e+03,1.437784371107e+01,1.615649251572e-02
9.854813828695e-04,3.481080336689e+01,4.355604163681e+00,3.876766815212e+03,2.921832905000e+03,1.437836508567e+01,1.615430326847e-02
9.881144352836e-04,3.480921907235e+01,4.357211171793e+00,3.878865108494e+03,2.921726673291e+03,1.437888785232e+01,1.615210868017e-02
9.907469196712e-04,3.480763067847e+01,4.358821797256e+00,3.880968954889e+03,2.921620166526e+03,1.437941201070e+01,1.614990875539e-02
9.933788346417e-04,3.480603818718e+01,4.360436034052e+00,3.883078352978e+03,2.921513384833e+03,1.437993756046e+01,1.614770349868e-02
9.960101788063e-04,3.480444160044e+01,4.362053876154e+00,3.885193301340e+03,2.921406328343e+03,1.438046450127e+01,1.614549291461e-02
9.986409507769e-04,3.480284092019e+01,4.363675317525e+00,3.887313798553e+03,2.921298997185e+03,1.438099283280e+01,1.614327700773e-02
1.001271149167e-03,3.480123614841e+01,4.365300352118e+00,3.889439843194e+03,2.921191391488e+03,1.438152255470e+01,1.614105578259e-02
1.003900772592e-03,3.479962728704e+01,4.366928973872e+00,3.891571433839e+03,2.921083511383e+03,1.438205366665e+01,1.613882924377e-02
1.006529819667e-03,3.479801433805e+01,4.368561176719e+00,3.893708569063e+03,2.920975357000e+03,1.438258616830e+01,1.613659739582e-02
1.009158289010e-03,3.479639730343e+01,4.370196954579e+00,3.895851247440e+03,2.920866928470e+03,1.438312005931e+01,1.613436024330e-02
1.011786179240e-03,3.479477618514e+01,4.371836301362e+00,3.897999467544e+03,2.920758225923e+03,1.438365533934e+01,1.613211779077e-02
1.014413488976e-03,3.479315098517e+01,4.373479210967e+00,3.900153227946e+03,2.920649249493e+03,1.438419200805e+01,1.612987004279e-02
1.017040216840e-03,3.479152170551e+01,4.375125677284e+00,3.902312527220e+03,2.920539999309e+03,1.438473006510e+01,1.612761700392e-02
1.019666361454e-03,3.478988834814e+01,4.376775694192e+00,3.904477363934e+03,2.920430475505e+03,1.438526951014e+01,1.612535867872e-02
1.022291921442e-03,3.478825091506e+01,4.378429255559e+00,3.906647736660e+03,2.920320678212e+03,1.438581034283e+01,1.612309507174e-02
1.024916895430e-03,3.478660940827e+01,4.380086355243e+00,3.908823643967e+03,2.920210607564e+03,1.438635256283e+01,1.612082618755e-02
1.027541282043e-03,3.478496382978e+01,4.381746987094e+00,3.911005084423e+03,2.920100263692e+03,1.438689616979e+01,1.611855203070e-02
1.030165079911e-03,3.478331418159e+01,4.383411144949e+00,3.913192056596e+03,2.919989646732e+03,1.438744116336e+01,1.611627260575e-02
1.032788287661e-03,3.478166046572e+01,4.385078822636e+00,3.915384559052e+03,2.919878756815e+03,1.438798754319e+01,1.611398791726e-02
1.035410903924e-03,3.478000268420e+01,4.386750013974e+00,3.917582590359e+03,2.919767594077e+03,1.438853530894e+01,1.611169796979e-02
1.038032927333e-03,3.477834083903e+01,4.388424712771e+00,3.919786149082e+03,2.919656158651e+03,1.438908446026e+01,1.610940276789e-02
1.040654356520e-03,3.477667493226e+01,4.390102912824e+00,3.921995233785e+03,2.919544450672e+03,1.438963499679e+01,1.610710231612e-02
1.043275190120e-03,3.477500496592e+01,4.391784607923e+00,3.924209843034e+03,2.919432470274e+03,1.439018691819e+01,1.610479661903e-02
1.045895426769e-03,3.477333094204e+01,4.393469791845e+00,3.926429975392e+03,2.919320217593e+03,1.439074022410e+01,1.610248568117e-02
1.048515065103e-03,3.477165286266e+01,4.395158458360e+00,3.928655629422e+03,2.919207692764e+03,1.439129491417e+01,1.610016950711e-02
1.051134103761e-03,3.476997072984e+01,4.396850601226e+00,3.930886803686e+03,2.919094895924e+03,1.439185098804e+01,1.609784810140e-02
1.053752541383e-03,3.476828454561e+01,4.398546214193e+00,3.933123496748e+03,2.918981827208e+03,1.439240844537e+01,1.609552146858e-02
1.056370376610e-03,3.476659431205e+01,4.400245290999e+00,3.935365707168e+03,2.918868486752e+03,1.439296728578e+01,1.609318961321e-02
1.058987608085e-03,3.476490003121e+01,4.401947825375e+00,3.937613433508e+03,2.918754874693e+03,1.439352750894e+01,1.609085253984e-02
1.061604234452e-03,3.476320170516e+01,4.403653811042e+00,3.939866674327e+03,2.918640991168e+03,1.439408911447e+01,1.608851025301e-02
1.064220254355e-03,3.476149933597e+01,4.405363241710e+00,3.942125428188e+03,2.918526836315e+03,1.439465210203e+01,1.608616275729e-02
1.066835666441e-03,3.475979292570e+01,4.407076111079e+00,3.944389693648e+03,2.918412410271e+03,1.439521647124e+01,1.608381005721e-02
1.069450469358e-03,3.475808247645e+01,4.408792412843e+00,3.946659469267e+03,2.918297713174e+03,1.439578222176e+01,1.608145215732e-02
1.072064661756e-03,3.475636799029e+01,4.410512140684e+00,3.948934753605e+03,2.918182745162e+03,1.439634935322e+01,1.607908906217e-02
1.074678242285e-03,3.475464946931e+01,4.412235288274e+00,3.951215545220e+03,2.918067506373e+03,1.439691786526e+01,1.607672077630e-02
1.077291209597e-03,3.475292691561e+01,4.413961849277e+00,3.953501842669e+03,2.917951996947e+03,1.439748775751e+01,1.607434730425e-02
1.079903562345e-03,3.475120033128e+01,4.415691817348e+00,3.955793644512e+03,2.917836217023e+03,1.439805902961e+01,1.607196865058e-02
1.082515299184e-03,3.474946971842e+01,4.417425186132e+00,3.958090949305e+03,2.917720166740e+03,1.439863168120e+01,1.606958481981e-02
1.085126418770e-03,3.474773507915e+01,4.419161949265e+00,3.960393755606e+03,2.917603846237e+03,1.439920571191e+01,1.606719581649e-02
1.087736919762e-03,3.474599641557e+01,4.420902100375e+00,3.962702061972e+03,2.917487255656e+03,1.439978112137e+01,1.606480164515e-02
1.090346800816e-03,3.474425372980e+01,4.422645633078e+00,3.965015866960e+03,2.917370395135e+03,1.440035790922e+01,1.606240231033e-02
1.092956060595e-03,3.474250702396e+01,4.424392540983e+00,3.967335169126e+03,2.917253264816e+03,1.440093607509e+01,1.605999781658e-02
1.095564697758e-03,3.474075630017e+01,4.426142817691e+00,3.969659967027e+03,2.917135864840e+03,1.440151561860e+01,1.605758816841e-02
1.098172710971e-03,3.473900156057e+01,4.427896456793e+00,3.971990259219e+03,2.917018195348e+03,1.440209653939e+01,1.605517337037e-02
1.100780098895e-03,3.473724280728e+01,4.429653451869e+00,3.974326044258e+03,2.916900256481e+03,1.440267883710e+01,1.605275342698e-02
1.103386860199e-03,3.473548004244e+01,4.431413796493e+00,3.976667320701e+03,2.916782048381e+03,1.440326251133e+01,1.605032834277e-02
1.105992993548e-03,3.473371326821e+01,4.433177484230e+00,3.979014087103e+03,2.916663571191e+03,1.440384756173e+01,1.604789812228e-02
1.108598497611e-03,3.473194248671e+01,4.434944508634e+00,3.981366342020e+03,2.916544825052e+03,1.440443398792e+01,1.604546277002e-02
1.111203371059e-03,3.473016770012e+01,4.436714863253e+00,3.983724084008e+03,2.916425810108e+03,1.440502178952e+01,1.604302229053e-02
1.113807612562e-03,3.472838891057e+01,4.438488541623e+00,3.986087311622e+03,2.916306526502e+03,1.440561096617e+01,1.604057668832e-02
1.116411220793e-03,3.472660612024e+01,4.440265537276e+00,3.988456023419e+03,2.916186974376e+03,1.440620151747e+01,1.603812596791e-02
1.119014194427e-03,3.472481933129e+01,4.442045843731e+00,3.990830217955e+03,2.916067153875e+03,1.440679344306e+01,1.603567013383e-02
1.121616532138e-03,3.472302854588e+01,4.443829454500e+00,3.993209893784e+03,2.915947065142e+03,1.440738674256e+01,1.603320919059e-02
1.124218232605e-03,3.472123376620e+01,4.445616363088e+00,3.995595049463e+03,2.915826708322e+03,1.440798141558e+01,1.603074314270e-02
1.126819294505e-03,3.471943499442e+01,4.447406562989e+00,3.997985683548e+03,2.915706083558e+03,1.440857746176e+01,1.602827199469e-02
1.129419716518e-03,3.471763223272e+01,4.449200047691e+00,4.000381794595e+03,2.915585190997e+03,1.440917488070e+01,1.602579575105e-02
1.132019497325e-03,3.471582548329e+01,4.450996810671e+00,4.002783381160e+03,2.915464030782e+03,1.440977367203e+01,1.602331441631e-02
1.134618635610e-03,3.471401474832e+01,4.452796845399e+00,4.005190441799e+03,2.915342603060e+03,1.441037383536e+01,1.602082799496e-02
1.137217130055e-03,3.471220003001e+01,4.454600145338e+00,4.007602975070e+03,2.915220907976e+03,1.441097537031e+01,1.601833649152e-02
1.139814979347e-03,3.471038133055e+01,4.456406703941e+00,4.010020979528e+03,2.915098945675e+03,1.441157827650e+01,1.601583991048e-02
1.142412182172e-03,3.470855865216e+01,4.458216514654e+00,4.012444453731e+03,2.914976716305e+03,1.441218255354e+01,1.601333825635e-02
1.145008737218e-03,3.470673199705e+01,4.460029570913e+00,4.014873396236e+03,2.914854220012e+03,1.441278820105e+01,1.601083153362e-02
1.147604643177e-03,3.470490136742e+01,4.461845866147e+00,4.017307805600e+03,2.914731456942e+03,1.441339521863e+01,1.600831974680e-02
1.150199898737e-03,3.470306676549e+01,4.463665393778e+00,4.019747680382e+03,2.914608427242e+03,1.441400360590e+01,1.600580290038e-02
1.152794502593e-03,3.470122819349e+01,4.465488147219e+00,4.022193019139e+03,2.914485131061e+03,1.441461336247e+01,1.600328099885e-02
1.155388453438e-03,3.469938565364e+01,4.467314119874e+00,4.024643820429e+03,2.914361568546e+03,1.441522448796e+01,1.600075404669e-02
1.157981749968e-03,3.469753914818e+01,4.469143305141e+00,4.027100082812e+03,2.914237739844e+03,1.441583698197e+01,1.599822204840e-02
1.160574390880e-03,3.469568867933e+01,4.470975696410e+00,4.029561804846e+03,2.914113645105e+03,1.441645084411e+01,1.599568500847e-02
1.163166374871e-03,3.469383424935e+01,4.472811287060e+00,4.032028985092e+03,2.913989284476e+03,1.441706607398e+01,1.599314293137e-02
1.165757700643e-03,3.469197586047e+01,4.474650070467e+00,4.034501622108e+03,2.913864658107e+03,1.441768267121e+01,1.599059582159e-02
1.168348366895e-03,3.469011351494e+01,4.476492039996e+00,4.036979714457e+03,2.913739766146e+03,1.441830063538e+01,1.598804368360e-02
1.170938372332e-03,3.468824721502e+01,4.478337189005e+00,4.039463260698e+03,2.913614608744e+03,1.441891996611e+01,1.598548652189e-02
1.173527715656e-03,3.468637696295e+01,4.480185510845e+00,4.041952259392e+03,2.913489186049e+03,1.441954066301e+01,1.598292434091e-02
1.176116395574e-03,3.468450276102e+01,4.482036998859e+00,4.044446709103e+03,2.913363498213e+03,1.442016272566e+01,1.598035714515e-02
1.178704410792e-03,3.468262461147e+01,4.483891646381e+00,4.046946608392e+03,2.913237545384e+03,1.442078615369e+01,1.597778493907e-02
1.181291760020e-03,3.468074251657e+01,4.485749446741e+00,4.049451955822e+03,2.913111327714e+03,1.442141094669e+01,1.597520772714e-02
1.183878441967e-03,3.467885647862e+01,4.487610393257e+00,4.051962749957e+03,2.912984845354e+03,1.442203710425e+01,1.597262551381e-02
1.186464455345e-03,3.467696649987e+01,4.489474479245e+00,4.054478989362e+03,2.912858098454e+03,1.442266462599e+01,1.597003830356e-02
1.189049798866e-03,3.467507258261e+01,4.491341698008e+00,4.057000672601e+03,2.912731087167e+03,1.442329351149e+01,1.596744610083e-02
1.191634471246e-03,3.467317472914e+01,4.493212042845e+00,4.059527798240e+03,2.912603811643e+03,1.442392376037e+01,1.596484891008e-02
1.194218471199e-03,3.467127294174e+01,4.495085507047e+00,4.062060364845e+03,2.912476272036e+03,1.442455537221e+01,1.596224673577e-02
1.196801797443e-03,3.466936722271e+01,4.496962083899e+00,4.064598370983e+03,2.912348468496e+03,1.442518834662e+01,1.595963958234e-02
1.199384448698e-03,3.466745757434e+01,4.498841766676e+00,4.067141815222e+03,2.912220401177e+03,1.442582268318e+01,1.595702745423e-02
1.201966423682e-03,3.466554399895e+01,4.500724548648e+00,4.069690696130e+03,2.912092070232e+03,1.442645838150e+01,1.595441035590e-02
1.204547721119e-03,3.466362649883e+01,4.502610423077e+00,4.072245012276e+03,2.911963475813e+03,1.442709544116e+01,1.595178829178e-02
1.207128339731e-03,3.466170507631e+01,4.504499383218e+00,4.074804762231e+03,2.911834618075e+03,1.442773386177e+01,1.594916126631e-02
1.209708278244e-03,3.465977973370e+01,4.506391422321e+00,4.077369944566e+03,2.911705497170e+03,1.442837364290e+01,1.594652928393e-02
1.212287535382e-03,3.465785047331e+01,4.508286533625e+00,4.079940557852e+03,2.911576113253e+03,1.442901478417e+01,1.594389234906e-02
1.214866109875e-03,3.465591729748e+01,4.510184710366e+00,4.082516600661e+03,2.911446466478e+03,1.442965728515e+01,1.594125046613e-02
1.217444000450e-03,3.465398020853e+01,4.512085945771e+00,4.085098071568e+03,2.911316556999e+03,1.443030114543e+01,1.593860363958e-02
1.220021205840e-03,3.465203920880e+01,4.513990233060e+00,4.087684969147e+03,2.911186384971e+03,1.443094636461e+01,1.593595187382e-02
1.222597724776e-03,3.465009430062e+01,4.515897565448e+00,4.090277291972e+03,2.911055950550e+03,1.443159294228e+01,1.593329517328e-02
1.225173555991e-03,3.464814548634e+01,4.517807936142e+00,4.092875038621e+03,2.910925253890e+03,1.443224087801e+01,1.593063354237e-02
1.227748698222e-03,3.464619276829e+01,4.519721338342e+00,4.095478207671e+03,2.910794295148e+03,1.443289017140e+01,1.592796698550e-02
1.230323150204e-03,3.464423614884e+01,4.521637765242e+00,4.098086797700e+03,2.910663074479e+03,1.443354082203e+01,1.592529550708e-02
1.232896910676e-03,3.464227563034e+01,4.523557210029e+00,4.100700807288e+03,2.910531592039e+03,1.443419282949e+01,1.592261911153e-02
1.235469978377e-03,3.464031121513e+01,4.525479665884e+00,4.103320235015e+03,2.910399847985e+03,1.443484619336e+01,1.591993780324e-02
1.238042352049e-03,3.463834290559e+01,4.527405125981e+00,4.105945079462e+03,2.910267842473e+03,1.443550091322e+01,1.591725158662e-02
1.240614030435e-03,3.463637070409e+01,4.529333583488e+00,4.108575339213e+03,2.910135575661e+03,1.443615698867e+01,1.591456046606e-02
1.243185012278e-03,3.463439461298e+01,4.531265031567e+00,4.111211012851e+03,2.910003047706e+03,1.443681441926e+01,1.591186444597e-02
1.245755296324e-03,3.463241463466e+01,4.533199463372e+00,4.113852098960e+03,2.909870258765e+03,1.443747320460e+01,1.590916353072e-02
1.248324881321e-03,3.463043077148e+01,4.535136872051e+00,4.116498596129e+03,2.909737208996e+03,1.443813334426e+01,1.590645772471e-02
1.250893766017e-03,3.462844302585e+01,4.537077250748e+00,4.119150502942e+03,2.909603898557e+03,1.443879483781e+01,1.590374703232e-02
1.253461949164e-03,3.462645140014e+01,4.539020592598e+00,4.121807817991e+03,2.909470327606e+03,1.443945768484e+01,1.590103145794e-02
1.256029429511e-03,3.462445589674e+01,4.540966890732e+00,4.124470539863e+03,2.909336496303e+03,1.444012188492e+01,1.589831100594e-02
1.258596205813e-03,3.462245651806e+01,4.542916138273e+00,4.127138667151e+03,2.909202404806e+03,1.444078743764e+01,1.589558568069e-02
1.261162276825e-03,3.462045326648e+01,4.544868328338e+00,4.129812198446e+03,2.909068053274e+03,1.444145434255e+01,1.589285548658e-02
1.263727641303e-03,3.461844614442e+01,4.546823454041e+00,4.132491132343e+03,2.908933441866e+03,1.444212259925e+01,1.589012042796e-02
1.266292298005e-03,3.461643515428e+01,4.548781508485e+00,4.135175467436e+03,2.908798570743e+03,1.444279220730e+01,1.588738050919e-02
1.268856245690e-03,3.461442029846e+01,4.550742484772e+00,4.137865202323e+03,2.908663440064e+03,1.444346316627e+01,1.588463573465e-02
1.271419483120e-03,3.461240157939e+01,4.552706375995e+00,4.140560335601e+03,2.908528049989e+03,1.444413547575e+01,1.588188610869e-02
1.273982009056e-03,3.461037899949e+01,4.554673175242e+00,4.143260865869e+03,2.908392400680e+03,1.444480913529e+01,1.587913163566e-02
1.276543822264e-03,3.460835256117e+01,4.556642875595e+00,4.145966791729e+03,2.908256492296e+03,1.444548414448e+01,1.587637231991e-02
1.279104921508e-03,3.460632226687e+01,4.558615470131e+00,4.148678111782e+03,2.908120324999e+03,1.444616050287e+01,1.587360816579e-02
1.281665305555e-03,3.460428811901e+01,4.560590951920e+00,4.151394824633e+03,2.907983898950e+03,1.444683821005e+01,1.587083917763e-02
1.284224973175e-03,3.460225012003e+01,4.562569314028e+00,4.154116928886e+03,2.907847214310e+03,1.444751726557e+01,1.586806535980e-02
1.286783923138e-03,3.460020827237e+01,4.564550549513e+00,4.156844423149e+03,2.907710271242e+03,1.444819766901e+01,1.586528671660e-02
1.289342154215e-03,3.459816257847e+01,4.566534651430e+00,4.159577306029e+03,2.907573069907e+03,1.444887941994e+01,1.586250325239e-02
1.291899665179e-03,3.459611304078e+01,4.568521612827e+00,4.162315576138e+03,2.907435610468e+03,1.444956251791e+01,1.585971497149e-02
1.294456454806e-03,3.459405966174e+01,4.570511426746e+00,4.165059232086e+03,2.907297893087e+03,1.445024696249e+01,1.585692187822e-02
1.297012521872e-03,3.459200244383e+01,4.572504086226e+00,4.167808272487e+03,2.907159917928e+03,1.445093275325e+01,1.585412397691e-02
1.299567865155e-03,3.458994138948e+01,4.574499584298e+00,4.170562695956e+03,2.907021685153e+03,1.445161988974e+01,1.585132127187e-02
1.302122483434e-03,3.458787650117e+01,4.576497913988e+00,4.173322501109e+03,2.906883194926e+03,1.445230837154e+01,1.584851376741e-02
1.304676375491e-03,3.458580778136e+01,4.578499068319e+00,4.176087686565e+03,2.906744447410e+03,1.445299819821e+01,1.584570146786e-02
1.307229540108e-03,3.458373523252e+01,4.580503040305e+00,4.178858250944e+03,2.906605442770e+03,1.445368936930e+01,1.584288437751e-02
1.309781976070e-03,3.458165885712e+01,4.582509822959e+00,4.181634192868e+03,2.906466181169e+03,1.445438188437e+01,1.584006250066e-02
1.312333682162e-03,3.457957865765e+01,4.584519409285e+00,4.184415510960e+03,2.906326662771e+03,1.445507574299e+01,1.583723584162e-02
1.314884657172e-03,3.457749463658e+01,4.586531792284e+00,4.187202203846e+03,2.906186887743e+03,1.445577094471e+01,1.583440440469e-02
1.317434899888e-03,3.457540679640e+01,4.588546964952e+00,4.189994270153e+03,2.906046856248e+03,1.445646748909e+01,1.583156819414e-02
1.319984409101e-03,3.457331513961e+01,4.590564920279e+00,4.192791708511e+03,2.905906568451e+03,1.445716537569e+01,1.582872721428e-02
1.322533183604e-03,3.457121966869e+01,4.592585651251e+00,4.195594517550e+03,2.905766024519e+03,1.445786460406e+01,1.582588146938e-02
1.325081222189e-03,3.456912038613e+01,4.594609150848e+00,4.198402695904e+03,2.905625224616e+03,1.445856517376e+01,1.582303096372e-02
1.327628523652e-03,3.456701729445e+01,4.596635412046e+00,4.201216242207e+03,2.905484168909e+03,1.445926708434e+01,1.582017570159e-02
1.330175086790e-03,3.456491039615e+01,4.598664427815e+00,4.204035155096e+03,2.905342857564e+03,1.445997033535e+01,1.581731568725e-02
1.332720910401e-03,3.456279969373e+01,4.600696191123e+00,4.206859433210e+03,2.905201290747e+03,1.446067492636e+01,1.581445092497e-02
1.335265993286e-03,3.456068518971e+01,4.602730694929e+00,4.209689075190e+03,2.905059468626e+03,1.446138085690e+01,1.581158141902e-02
1.337810334245e-03,3.455856688660e+01,4.604767932191e+00,4.212524079679e+03,2.904917391367e+03,1.446208812654e+01,1.580870717365e-02
1.340353932082e-03,3.455644478693e+01,4.606807895860e+00,4.215364445322e+03,2.904775059137e+03,1.446279673481e+01,1.580582819312e-02
1.342896785601e-03,3.455431889322e+01,4.608850578884e+00,4.218210170766e+03,2.904632472103e+03,1.446350668129e+01,1.580294448170e-02
1.345438893610e-03,3.455218920799e+01,4.610895974206e+00,4.221061254660e+03,2.904489630434e+03,1.446421796550e+01,1.580005604361e-02
1.347980254915e-03,3.455005573377e+01,4.612944074764e+00,4.223917695655e+03,2.904346534298e+03,1.446493058700e+01,1.579716288312e-02
1.350520868327e-03,3.454791847311e+01,4.614994873490e+00,4.226779492405e+03,2.904203183862e+03,1.446564454533e+01,1.579426500446e-02
1.353060732656e-03,3.454577742854e+01,4.617048363316e+00,4.229646643565e+03,2.904059579295e+03,1.446635984005e+01,1.579136241186e-02
1.355599846715e-03,3.454363260260e+01,4.619104537165e+00,4.232519147793e+03,2.903915720766e+03,1.446707647069e+01,1.578845510956e-02
1.358138209318e-03,3.454148399784e+01,4.621163387959e+00,4.235397003750e+03,2.903771608444e+03,1.446779443681e+01,1.578554310180e-02
1.360675819282e-03,3.453933161681e+01,4.623224908613e+00,4.238280210097e+03,2.903627242498e+03,1.446851373795e+01,1.578262639278e-02
1.363212675424e-03,3.453717546206e+01,4.625289092040e+00,4.241168765499e+03,2.903482623097e+03,1.446923437364e+01,1.577970498675e-02
1.365748776562e-03,3.453501553615e+01,4.627355931148e+00,4.244062668624e+03,2.903337750411e+03,1.446995634344e+01,1.577677888790e-02
1.368284121518e-03,3.453285184165e+01,4.629425418840e+00,4.246961918139e+03,2.903192624610e+03,1.447067964688e+01,1.577384810046e-02
1.370818709114e-03,3.453068438110e+01,4.631497548015e+00,4.249866512718e+03,2.903047245864e+03,1.447140428351e+01,1.577091262863e-02
1.373352538174e-03,3.452851315710e+01,4.633572311570e+00,4.252776451033e+03,2.902901614345e+03,1.447213025286e+01,1.576797247661e-02
1.375885607523e-03,3.452633817219e+01,4.635649702396e+00,4.255691731761e+03,2.902755730221e+03,1.447285755448e+01,1.576502764862e-02
1.378417915988e-03,3.452415942897e+01,4.637729713380e+00,4.258612353581e+03,2.902609593665e+03,1.447358618790e+01,1.576207814884e-02
1.380949462399e-03,3.452197693001e+01,4.639812337406e+00,4.261538315175e+03,2.902463204847e+03,1.447431615266e+01,1.575912398147e-02
1.383480245585e-03,3.451979067789e+01,4.641897567354e+00,4.264469615225e+03,2.902316563938e+03,1.447504744830e+01,1.575616515069e-02
1.386010264380e-03,3.451760067521e+01,4.643985396100e+00,4.267406252418e+03,2.902169671111e+03,1.447578007435e+01,1.575320166069e-02
1.388539517615e-03,3.451540692454e+01,4.646075816516e+00,4.270348225443e+03,2.902022526538e+03,1.447651403035e+01,1.575023351565e-02
1.391068004126e-03,3.451320942848e+01,4.648168821470e+00,4.273295532991e+03,2.901875130390e+03,1.447724931584e+01,1.574726071974e-02
1.393595722752e-03,3.451100818964e+01,4.650264403827e+00,4.276248173756e+03,2.901727482839e+03,1.447798593035e+01,1.574428327715e-02
1.396122672328e-03,3.450880321061e+01,4.652362556447e+00,4.279206146434e+03,2.901579584059e+03,1.447872387341e+01,1.574130119202e-02
1.398648851697e-03,3.450659449399e+01,4.654463272189e+00,4.282169449725e+03,2.901431434222e+03,1.447946314455e+01,1.573831446853e-02
1.401174259700e-03,3.450438204240e+01,4.656566543907e+00,4.285138082330e+03,2.901283033501e+03,1.448020374331e+01,1.573532311084e-02
1.403698895179e-03,3.450216585844e+01,4.658672364450e+00,4.288112042953e+03,2.901134382070e+03,1.448094566921e+01,1.573232712311e-02
1.406222756981e-03,3.449994594474e+01,4.660780726665e+00,4.291091330301e+03,2.900985480102e+03,1.448168892180e+01,1.572932650947e-02
1.408745843951e-03,3.449772230390e+01,4.662891623397e+00,4.294075943085e+03,2.900836327771e+03,1.448243350058e+01,1.572632127408e-02
1.411268154938e-03,3.449549493856e+01,4.665005047484e+00,4.297065880017e+03,2.900686925251e+03,1.448317940511e+01,1.572331142109e-02
1.413789688792e-03,3.449326385133e+01,4.667120991764e+00,4.300061139812e+03,2.900537272715e+03,1.448392663489e+01,1.572029695463e-02
1.416310444364e-03,3.449102904485e+01,4.669239449071e+00,4.303061721188e+03,2.900387370339e+03,1.448467518947e+01,1.571727787883e-02
1.418830420508e-03,3.448879052174e+01,4.671360412234e+00,4.306067622866e+03,2.900237218298e+03,1.448542506837e+01,1.571425419783e-02
1.421349616078e-03,3.448654828465e+01,4.673483874081e+00,4.309078843570e+03,2.900086816766e+03,1.448617627110e+01,1.571122591574e-02
1.423868029931e-03,3.448430233622e+01,4.675609827435e+00,4.312095382027e+03,2.899936165918e+03,1.448692879720e+01,1.570819303670e-02
1.426385660925e-03,3.448205267908e+01,4.677738265117e+00,4.315117236966e+03,2.899785265930e+03,1.448768264619e+01,1.570515556482e-02
1.428902507920e-03,3.447979931589e+01,4.679869179946e+00,4.318144407119e+03,2.899634116977e+03,1.448843781760e+01,1.570211350421e-02
1.431418569777e-03,3.447754224929e+01,4.682002564735e+00,4.321176891222e+03,2.899482719235e+03,1.448919431095e+01,1.569906685898e-02
1.433933845359e-03,3.447528148193e+01,4.684138412296e+00,4.324214688013e+03,2.899331072881e+03,1.448995212575e+01,1.569601563324e-02
1.436448333531e-03,3.447301701648e+01,4.686276715438e+00,4.327257796234e+03,2.899179178091e+03,1.449071126153e+01,1.569295983108e-02
1.438962033159e-03,3.447074885560e+01,4.688417466968e+00,4.330306214629e+03,2.899027035041e+03,1.449147171781e+01,1.568989945661e-02
1.441474943111e-03,3.446847700194e+01,4.690560659688e+00,4.333359941944e+03,2.898874643908e+03,1.449223349411e+01,1.568683451391e-02
1.443987062258e-03,3.446620145818e+01,4.692706286398e+00,4.336418976932e+03,2.898722004869e+03,1.449299658996e+01,1.568376500708e-02
1.446498389469e-03,3.446392222699e+01,4.694854339896e+00,4.339483318345e+03,2.898569118101e+03,1.449376100485e+01,1.568069094019e-02
1.449008923619e-03,3.446163931103e+01,4.697004812978e+00,4.342552964939e+03,2.898415983781e+03,1.449452673833e+01,1.567761231732e-02
1.451518663582e-03,3.445935271299e+01,4.699157698434e+00,4.345627915475e+03,2.898262602088e+03,1.449529378989e+01,1.567452914256e-02
1.454027608233e-03,3.445706243554e+01,4.701312989055e+00,4.348708168716e+03,2.898108973200e+03,1.449606215906e+01,1.567144141996e-02
1.456535756452e-03,3.445476848138e+01,4.703470677628e+00,4.351793723426e+03,2.897955097294e+03,1.449683184535e+01,1.566834915361e-02
1.459043107118e-03,3.445247085318e+01,4.705630756937e+00,4.354884578377e+03,2.897800974548e+03,1.449760284828e+01,1.566525234755e-02
1.461549659112e-03,3.445016955365e+01,4.707793219765e+00,4.357980732341e+03,2.897646605142e+03,1.449837516736e+01,1.566215100585e-02
1.464055411317e-03,3.444786458546e+01,4.709958058891e+00,4.361082184093e+03,2.897491989254e+03,1.449914880210e+01,1.565904513256e-02
1.466560362617e-03,3.444555595133e+01,4.712125267091e+00,4.364188932412e+03,2.897337127062e+03,1.449992375202e+01,1.565593473173e-02
1.469064511900e-03,3.444324365394e+01,4.714294837142e+00,4.367300976081e+03,2.897182018748e+03,1.450070001662e+01,1.565281980741e-02
1.471567858052e-03,3.444092769601e+01,4.716466761815e+00,4.370418313885e+03,2.897026664489e+03,1.450147759543e+01,1.564970036363e-02
1.474070399964e-03,3.443860808024e+01,4.718641033881e+00,4.373540944613e+03,2.896871064465e+03,1.450225648794e+01,1.564657640444e-02
1.476572136527e-03,3.443628480935e+01,4.720817646109e+00,4.376668867059e+03,2.896715218857e+03,1.450303669367e+01,1.564344793387e-02
1.479073066634e-03,3.443395788603e+01,4.722996591263e+00,4.379802080018e+03,2.896559127844e+03,1.450381821212e+01,1.564031495594e-02
1.481573189179e-03,3.443162731302e+01,4.725177862108e+00,4.382940582289e+03,2.896402791606e+03,1.450460104281e+01,1.563717747467e-02
1.484072503060e-03,3.442929309303e+01,4.727361451406e+00,4.386084372675e+03,2.896246210325e+03,1.450538518524e+01,1.563403549410e-02
1.486571007174e-03,3.442695522879e+01,4.729547351916e+00,4.389233449982e+03,2.896089384182e+03,1.450617063892e+01,1.563088901822e-02
1.489068700420e-03,3.442461372302e+01,4.731735556396e+00,4.392387813020e+03,2.895932313356e+03,1.450695740335e+01,1.562773805107e-02
1.491565581700e-03,3.442226857845e+01,4.733926057603e+00,4.395547460602e+03,2.895774998029e+03,1.450774547804e+01,1.562458259663e-02
1.494061649918e-03,3.441991979781e+01,4.736118848289e+00,4.398712391544e+03,2.895617438382e+03,1.450853486250e+01,1.562142265892e-02
1.496556903978e-03,3.441756738385e+01,4.738313921207e+00,4.401882604669e+03,2.895459634598e+03,1.450932555622e+01,1.561825824193e-02
1.499051342786e-03,3.441521133929e+01,4.740511269108e+00,4.405058098798e+03,2.895301586858e+03,1.451011755871e+01,1.561508934965e-02
1.501544965251e-03,3.441285166689e+01,4.742710884739e+00,4.408238872760e+03,2.895143295344e+03,1.451091086947e+01,1.561191598609e-02
1.504037770283e-03,3.441048836939e+01,4.744912760847e+00,4.411424925386e+03,2.894984760238e+03,1.451170548801e+01,1.560873815521e-02
1.506529756793e-03,3.440812144953e+01,4.747116890178e+00,4.414616255511e+03,2.894825981723e+03,1.451250141382e+01,1.560555586101e-02
1.509020923694e-03,3.440575091008e+01,4.749323265476e+00,4.417812861974e+03,2.894666959981e+03,1.451329864641e+01,1.560236910745e-02
1.511511269901e-03,3.440337675378e+01,4.751531879481e+00,4.421014743616e+03,2.894507695195e+03,1.451409718527e+01,1.559917789853e-02
1.514000794331e-03,3.440099898339e+01,4.753742724934e+00,4.424221899285e+03,2.894348187548e+03,1.451489702990e+01,1.559598223819e-02
1.516489495902e-03,3.439861760167e+01,4.755955794575e+00,4.427434327829e+03,2.894188437224e+03,1.451569817981e+01,1.559278213041e-02
1.518977373535e-03,3.439623261140e+01,4.758171081140e+00,4.430652028102e+03,2.894028444407e+03,1.451650063448e+01,1.558957757915e-02
1.521464426150e-03,3.439384401533e+01,4.760388577365e+00,4.433874998963e+03,2.893868209279e+03,1.451730439342e+01,1.558636858836e-02
1.523950652672e-03,3.439145181624e+01,4.762608275986e+00,4.437103239271e+03,2.893707732024e+03,1.451810945611e+01,1.558315516200e-02
1.526436052025e-03,3.438905601690e+01,4.764830169734e+00,4.440336747893e+03,2.893547012827e+03,1.451891582207e+01,1.557993730401e-02
1.528920623137e-03,3.438665662008e+01,4.767054251344e+00,4.443575523696e+03,2.893386051873e+03,1.451972349078e+01,1.557671501833e-02
1.531404364936e-03,3.438425362858e+01,4.769280513544e+00,4.446819565555e+03,2.893224849345e+03,1.452053246173e+01,1.557348830891e-02
1.533887276351e-03,3.438184704516e+01,4.771508949065e+00,4.450068872346e+03,2.893063405428e+03,1.452134273442e+01,1.557025717968e-02
1.536369356316e-03,3.437943687262e+01,4.773739550634e+00,4.453323442949e+03,2.892901720308e+03,1.452215430834e+01,1.556702163457e-02
1.538850603764e-03,3.437702311375e+01,4.775972310980e+00,4.456583276251e+03,2.892739794169e+03,1.452296718298e+01,1.556378167751e-02
1.541331017629e-03,3.437460577133e+01,4.778207222829e+00,4.459848371138e+03,2.892577627196e+03,1.452378135784e+01,1.556053731241e-02
1.543810596850e-03,3.437218484817e+01,4.780444278906e+00,4.463118726505e+03,2.892415219576e+03,1.452459683240e+01,1.555728854321e-02
1.546289340365e-03,3.436976034706e+01,4.782683471934e+00,4.466394341249e+03,2.892252571493e+03,1.452541360615e+01,1.555403537381e-02
1.548767247114e-03,3.436733227080e+01,4.784924794638e+00,4.469675214269e+03,2.892089683135e+03,1.452623167859e+01,1.555077780812e-02
1.551244316041e-03,3.436490062219e+01,4.787168239740e+00,4.472961344472e+03,2.891926554687e+03,1.452705104920e+01,1.554751585004e-02
1.553720546087e-03,3.436246540405e+01,4.789413799961e+00,4.476252730766e+03,2.891763186334e+03,1.452787171747e+01,1.554424950349e-02
1.556195936201e-03,3.436002661917e+01,4.791661468021e+00,4.479549372065e+03,2.891599578265e+03,1.452869368288e+01,1.554097877235e-02
1.558670485328e-03,3.435758427039e+01,4.793911236642e+00,4.482851267286e+03,2.891435730665e+03,1.452951694493e+01,1.553770366053e-02
1.561144192418e-03,3.435513836050e+01,4.796163098543e+00,4.486158415351e+03,2.891271643721e+03,1.453034150310e+01,1.553442417190e-02
1.563617056421e-03,3.435268889234e+01,4.798417046441e+00,4.489470815187e+03,2.891107317622e+03,1.453116735687e+01,1.553114031035e-02
1.566089076291e-03,3.435023586871e+01,4.800673073055e+00,4.492788465723e+03,2.890942752553e+03,1.453199450573e+01,1.552785207977e-02
1.568560250981e-03,3.434777929245e+01,4.802931171102e+00,4.496111365893e+03,2.890777948702e+03,1.453282294917e+01,1.552455948404e-02
1.571030579448e-03,3.434531916638e+01,4.805191333300e+00,4.499439514637e+03,2.890612906257e+03,1.453365268666e+01,1.552126252701e-02
1.573500060649e-03,3.434285549334e+01,4.807453552363e+00,4.502772910898e+03,2.890447625406e+03,1.453448371768e+01,1.551796121257e-02
1.575968693544e-03,3.434038827615e+01,4.809717821009e+00,4.506111553622e+03,2.890282106337e+03,1.453531604173e+01,1.551465554458e-02
1.578436477094e-03,3.433791751766e+01,4.811984131953e+00,4.509455441763e+03,2.890116349238e+03,1.453614965828e+01,1.551134552690e-02
1.580903410262e-03,3.433544322070e+01,4.814252477910e+00,4.512804574275e+03,2.889950354298e+03,1.453698456681e+01,1.550803116338e-02
1.583369492012e-03,3.433296538811e+01,4.816522851593e+00,4.516158950120e+03,2.889784121705e+03,1.453782076680e+01,1.550471245787e-02
1.585834721311e-03,3.433048402273e+01,4.818795245719e+00,4.519518568263e+03,2.889617651648e+03,1.453865825773e+01,1.550138941423e-02
1.588299097127e-03,3.432799912742e+01,4.821069653001e+00,4.522883427673e+03,2.889450944316e+03,1.453949703908e+01,1.549806203630e-02
1.590762618430e-03,3.432551070503e+01,4.823346066153e+00,4.526253527323e+03,2.889283999899e+03,1.454033711033e+01,1.549473032791e-02
1.593225284191e-03,3.432301875841e+01,4.825624477888e+00,4.529628866194e+03,2.889116818585e+03,1.454117847095e+01,1.549139429291e-02
1.595687093384e-03,3.432052329041e+01,4.827904880922e+00,4.533009443267e+03,2.888949400565e+03,1.454202112043e+01,1.548805393513e-02
1.598148044984e-03,3.431802430389e+01,4.830187267966e+00,4.536395257530e+03,2.888781746027e+03,1.454286505823e+01,1.548470925839e-02
1.600608137968e-03,3.431552180171e+01,4.832471631735e+00,4.539786307975e+03,2.888613855163e+03,1.454371028383e+01,1.548136026652e-02
1.603067371313e-03,3.431301578675e+01,4.834757964942e+00,4.543182593599e+03,2.888445728161e+03,1.454455679671e+01,1.547800696334e-02
1.605525744001e-03,3.431050626185e+01,4.837046260301e+00,4.546584113404e+03,2.888277365213e+03,1.454540459635e+01,1.547464935266e-02
1.607983255014e-03,3.430799322990e+01,4.839336510525e+00,4.549990866394e+03,2.888108766509e+03,1.454625368220e+01,1.547128743830e-02
1.610439903335e-03,3.430547669377e+01,4.841628708328e+00,4.553402851582e+03,2.887939932240e+03,1.454710405376e+01,1.546792122407e-02
1.612895687949e-03,3.430295665633e+01,4.843922846425e+00,4.556820067982e+03,2.887770862596e+03,1.454795571048e+01,1.546455071376e-02
1.615350607845e-03,3.430043312046e+01,4.846218917529e+00,4.560242514615e+03,2.887601557768e+03,1.454880865185e+01,1.546117591118e-02
1.617804662011e-03,3.429790608904e+01,4.848516914355e+00,4.563670190505e+03,2.887432017948e+03,1.454966287733e+01,1.545779682012e-02
1.620257849437e-03,3.429537556495e+01,4.850816829617e+00,4.567103094682e+03,2.887262243328e+03,1.455051838639e+01,1.545441344439e-02
1.622710169117e-03,3.429284155107e+01,4.853118656031e+00,4.570541226180e+03,2.887092234098e+03,1.455137517850e+01,1.545102578775e-02
1.625161620045e-03,3.429030405031e+01,4.855422386313e+00,4.573984584039e+03,2.886921990450e+03,1.455223325314e+01,1.544763385401e-02
1.627612201216e-03,3.428776306554e+01,4.857728013177e+00,4.577433167302e+03,2.886751512577e+03,1.455309260976e+01,1.544423764694e-02
1.630061911628e-03,3.428521859967e+01,4.860035529340e+00,4.580886975019e+03,2.886580800670e+03,1.455395324784e+01,1.544083717031e-02
1.632510750281e-03,3.428267065558e+01,4.862344927519e+00,4.584346006243e+03,2.886409854921e+03,1.455481516685e+01,1.543743242791e-02
1.634958716177e-03,3.428011923618e+01,4.864656200432e+00,4.587810260033e+03,2.886238675524e+03,1.455567836625e+01,1.543402342349e-02
1.637405808317e-03,3.427756434437e+01,4.866969340795e+00,4.591279735452e+03,2.886067262671e+03,1.455654284551e+01,1.543061016082e-02
1.639852025708e-03,3.427500598305e+01,4.869284341329e+00,4.594754431569e+03,2.885895616555e+03,1.455740860408e+01,1.542719264368e-02
1.642297367355e-03,3.427244415513e+01,4.871601194751e+00,4.598234347457e+03,2.885723737368e+03,1.455827564145e+01,1.542377087580e-02
1.644741832267e-03,3.426987886352e+01,4.873919893783e+00,4.601719482196e+03,2.885551625304e+03,1.455914395707e+01,1.542034486095e-02
1.647185419453e-03,3.426731011113e+01,4.876240431144e+00,4.605209834868e+03,2.885379280555e+03,1.456001355040e+01,1.541691460287e-02
1.649628127927e-03,3.426473790088e+01,4.878562799556e+00,4.608705404561e+03,2.885206703317e+03,1.456088442091e+01,1.541348010532e-02
1.652069956700e-03,3.426216223567e+01,4.880886991741e+00,4.612206190371e+03,2.885033893781e+03,1.456175656806e+01,1.541004137203e-02
1.654510904789e-03,3.425958311844e+01,4.883213000423e+00,4.615712191395e+03,2.884860852143e+03,1.456262999132e+01,1.540659840675e-02
1.656950971211e-03,3.425700055211e+01,4.885540818325e+00,4.619223406738e+03,2.884687578596e+03,1.456350469013e+01,1.540315121320e-02
1.659390154985e-03,3.425441453959e+01,4.887870438173e+00,4.622739835507e+03,2.884514073334e+03,1.456438066397e+01,1.539969979512e-02
1.661828455131e-03,3.425182508382e+01,4.890201852691e+00,4.626261476818e+03,2.884340336551e+03,1.456525791230e+01,1.539624415623e-02
1.664265870671e-03,3.424923218773e+01,4.892535054609e+00,4.629788329790e+03,2.884166368443e+03,1.456613643457e+01,1.539278430026e-02
1.666702400630e-03,3.424663585424e+01,4.894870036652e+00,4.633320393546e+03,2.883992169203e+03,1.456701623024e+01,1.538932023094e-02
1.669138044034e-03,3.424403608629e+01,4.897206791551e+00,4.636857667218e+03,2.883817739027e+03,1.456789729877e+01,1.538585195196e-02
1.671572799910e-03,3.424143288683e+01,4.899545312036e+00,4.640400149939e+03,2.883643078110e+03,1.456877963961e+01,1.538237946706e-02
1.674006667288e-03,3.423882625878e+01,4.901885590839e+00,4.643947840851e+03,2.883468186646e+03,1.456966325223e+01,1.537890277993e-02
1.676439645200e-03,3.423621620510e+01,4.904227620691e+00,4.647500739098e+03,2.883293064831e+03,1.457054813609e+01,1.537542189428e-02
1.678871732677e-03,3.423360272872e+01,4.906571394328e+00,4.651058843832e+03,2.883117712861e+03,1.457143429063e+01,1.537193681381e-02
1.681302928756e-03,3.423098583259e+01,4.908916904483e+00,4.654622154208e+03,2.882942130931e+03,1.457232171531e+01,1.536844754223e-02
1.683733232472e-03,3.422836551967e+01,4.911264143895e+00,4.658190669388e+03,2.882766319237e+03,1.457321040958e+01,1.536495408322e-02
1.686162642864e-03,3.422574179289e+01,4.913613105301e+00,4.661764388539e+03,2.882590277975e+03,1.457410037291e+01,1.536145644048e-02
1.688591158972e-03,3.422311465523e+01,4.915963781441e+00,4.665343310834e+03,2.882414007341e+03,1.457499160475e+01,1.535795461769e-02
1.691018779838e-03,3.422048410963e+01,4.918316165054e+00,4.668927435450e+03,2.882237507531e+03,1.457588410454e+01,1.535444861854e-02
1.693445504505e-03,3.421785015905e+01,4.920670248885e+00,4.672516761571e+03,2.882060778742e+03,1.457677787174e+01,1.535093844670e-02
1.695871332019e-03,3.421521280645e+01,4.923026025676e+00,4.676111288384e+03,2.881883821171e+03,1.457767290580e+01,1.534742410586e-02
1.698296261428e-03,3.421257205480e+01,4.925383488173e+00,4.679711015085e+03,2.881706635014e+03,1.457856920617e+01,1.534390559968e-02
1.700720291780e-03,3.420992790707e+01,4.927742629124e+00,4.683315940873e+03,2.881529220468e+03,1.457946677231e+01,1.534038293184e-02
1.703143422125e-03,3.420728036621e+01,4.930103441277e+00,4.686926064953e+03,2.881351577730e+03,1.458036560366e+01,1.533685610601e-02
1.705565651518e-03,3.420462943521e+01,4.932465917383e+00,4.690541386536e+03,2.881173706998e+03,1.458126569967e+01,1.533332512583e-02
1.707986979011e-03,3.420197511703e+01,4.934830050194e+00,4.694161904838e+03,2.880995608468e+03,1.458216705979e+01,1.532978999498e-02
1.710407403661e-03,3.419931741465e+01,4.937195832464e+00,4.697787619081e+03,2.880817282339e+03,1.458306968347e+01,1.532625071711e-02
1.712826924527e-03,3.419665633105e+01,4.939563256948e+00,4.701418528493e+03,2.880638728808e+03,1.458397357017e+01,1.532270729587e-02
1.715245540667e-03,3.419399186920e+01,4.941932316406e+00,4.705054632308e+03,2.880459948072e+03,1.458487871931e+01,1.531915973492e-02
1.717663251143e-03,3.419132403210e+01,4.944303003595e+00,4.708695929764e+03,2.880280940331e+03,1.458578513036e+01,1.531560803788e-02
1.720080055018e-03,3.418865282271e+01,4.946675311278e+00,4.712342420105e+03,2.880101705781e+03,1.458669280276e+01,1.531205220842e-02
1.722495951358e-03,3.418597824404e+01,4.949049232218e+00,4.715994102582e+03,2.879922244622e+03,1.458760173595e+01,1.530849225016e-02
1.724910939229e-03,3.418330029906e+01,4.951424759180e+00,4.719650976452e+03,2.879742557052e+03,1.458851192938e+01,1.530492816675e-02
1.727325017700e-03,3.418061899077e+01,4.953801884933e+00,4.723313040976e+03,2.879562643268e+03,1.458942338249e+01,1.530135996181e-02
1.729738185842e-03,3.417793432216e+01,4.956180602245e+00,4.726980295421e+03,2.879382503471e+03,1.459033609473e+01,1.529778763897e-02
1.732150442726e-03,3.417524629623e+01,4.958560903889e+00,4.730652739061e+03,2.879202137859e+03,1.459125006554e+01,1.529421120186e-02
1.734561787426e-03,3.417255491597e+01,4.960942782637e+00,4.734330371176e+03,2.879021546631e+03,1.459216529437e+01,1.529063065410e-02
1.736972219019e-03,3.416986018439e+01,4.963326231268e+00,4.738013191049e+03,2.878840729985e+03,1.459308178065e+01,1.528704599932e-02
1.739381736582e-03,3.416716210448e+01,4.965711242558e+00,4.741701197974e+03,2.878659688123e+03,1.459399952383e+01,1.528345724111e-02
1.741790339194e-03,3.416446067926e+01,4.968097809288e+00,4.745394391245e+03,2.878478421242e+03,1.459491852335e+01,1.527986438311e-02
1.744198025937e-03,3.416175591171e+01,4.970485924242e+00,4.749092770166e+03,2.878296929542e+03,1.459583877865e+01,1.527626742891e-02
1.746604795893e-03,3.415904780487e+01,4.972875580203e+00,4.752796334046e+03,2.878115213224e+03,1.459676028916e+01,1.527266638212e-02
1.749010648147e-03,3.415633636172e+01,4.975266769961e+00,4.756505082200e+03,2.877933272488e+03,1.459768305434e+01,1.526906124635e-02
1.751415581786e-03,3.415362158530e+01,4.977659486305e+00,4.760219013947e+03,2.877751107532e+03,1.459860707362e+01,1.526545202520e-02
1.753819595898e-03,3.415090347860e+01,4.980053722028e+00,4.763938128615e+03,2.877568718558e+03,1.459953234643e+01,1.526183872226e-02
1.756222689573e-03,3.414818204465e+01,4.982449469924e+00,4.767662425536e+03,2.877386105765e+03,1.460045887223e+01,1.525822134112e-02
1.758624861904e-03,3.414545728647e+01,4.984846722791e+00,4.771391904049e+03,2.877203269355e+03,1.460138665043e+01,1.525459988538e-02
1.761026111983e-03,3.414272920708e+01,4.987245473429e+00,4.775126563498e+03,2.877020209527e+03,1.460231568049e+01,1.525097435862e-02
1.763426438907e-03,3.413999780950e+01,4.989645714642e+00,4.778866403236e+03,2.876836926483e+03,1.460324596183e+01,1.524734476443e-02
1.765825841772e-03,3.413726309675e+01,4.992047439234e+00,4.782611422618e+03,2.876653420423e+03,1.460417749389e+01,1.524371110639e-02
1.768224319679e-03,3.413452507187e+01,4.994450640012e+00,4.786361621007e+03,2.876469691548e+03,1.460511027612e+01,1.524007338808e-02
1.770621871727e-03,3.413178373788e+01,4.996855309789e+00,4.790116997773e+03,2.876285740059e+03,1.460604430794e+01,1.523643161306e-02
1.773018497020e-03,3.412903909781e+01,4.999261441378e+00,4.793877552291e+03,2.876101566159e+03,1.460697958878e+01,1.523278578492e-02
1.775414194662e-03,3.412629115469e+01,5.001669027594e+00,4.797643283943e+03,2.875917170048e+03,1.460791611809e+01,1.522913590722e-02
1.777808963759e-03,3.412353991157e+01,5.004078061257e+00,4.801414192117e+03,2.875732551927e+03,1.460885389530e+01,1.522548198354e-02
1.780202803420e-03,3.412078537147e+01,5.006488535189e+00,4.805190276206e+03,2.875547711998e+03,1.460979291983e+01,1.522182401742e-02
1.782595712755e-03,3.411802753744e+01,5.008900442215e+00,4.808971535611e+03,2.875362650464e+03,1.461073319113e+01,1.521816201244e-02
1.784987690875e-03,3.411526641252e+01,5.011313775162e+00,4.812757969739e+03,2.875177367526e+03,1.461167470862e+01,1.521449597214e-02
1.787378736893e-03,3.411250199974e+01,5.013728526862e+00,4.816549578002e+03,2.874991863386e+03,1.461261747173e+01,1.521082590009e-02
1.789768849926e-03,3.410973430217e+01,5.016144690148e+00,4.820346359820e+03,2.874806138246e+03,1.461356147990e+01,1.520715179983e-02
1.792158029091e-03,3.410696332283e+01,5.018562257857e+00,4.824148314617e+03,2.874620192309e+03,1.461450673256e+01,1.520347367492e-02
1.794546273506e-03,3.410418906479e+01,5.020981222829e+00,4.827955441827e+03,2.874434025777e+03,1.461545322913e+01,1.519979152890e-02
1.796933582291e-03,3.410141153108e+01,5.023401577907e+00,4.831767740886e+03,2.874247638852e+03,1.461640096905e+01,1.519610536531e-02
1.799319954571e-03,3.409863072477e+01,5.025823315937e+00,4.835585211241e+03,2.874061031739e+03,1.461734995174e+01,1.519241518770e-02
1.801705389469e-03,3.409584664891e+01,5.028246429768e+00,4.839407852341e+03,2.873874204638e+03,1.461830017664e+01,1.518872099959e-02
1.804089886111e-03,3.409305930655e+01,5.030670912253e+00,4.843235663645e+03,2.873687157753e+03,1.461925164316e+01,1.518502280453e-02
1.806473443626e-03,3.409026870076e+01,5.033096756248e+00,4.847068644616e+03,2.873499891288e+03,1.462020435075e+01,1.518132060605e-02
1.808856061143e-03,3.408747483458e+01,5.035523954612e+00,4.850906794725e+03,2.873312405445e+03,1.462115829883e+01,1.517761440768e-02
1.811237737793e-03,3.408467771109e+01,5.037952500207e+00,4.854750113448e+03,2.873124700428e+03,1.462211348681e+01,1.517390421294e-02
1.813618472711e-03,3.408187733335e+01,5.040382385900e+00,4.858598600271e+03,2.872936776441e+03,1.462306991414e+01,1.517019002535e-02
1.815998265032e-03,3.407907370442e+01,5.042813604559e+00,4.862452254681e+03,2.872748633686e+03,1.462402758023e+01,1.516647184845e-02
1.818377113892e-03,3.407626682738e+01,5.045246149057e+00,4.866311076176e+03,2.872560272367e+03,1.462498648451e+01,1.516274968574e-02
1.820755018430e-03,3.407345670528e+01,5.047680012270e+00,4.870175064260e+03,2.872371692689e+03,1.462594662641e+01,1.515902354074e-02
1.823131977788e-03,3.407064334120e+01,5.050115187078e+00,4.874044218441e+03,2.872182894855e+03,1.462690800534e+01,1.515529341697e-02
1.825507991108e-03,3.406782673822e+01,5.052551666364e+00,4.877918538238e+03,2.871993879070e+03,1.462787062074e+01,1.515155931794e-02
1.827883057533e-03,3.406500689940e+01,5.054989443014e+00,4.881798023171e+03,2.871804645537e+03,1.462883447202e+01,1.514782124715e-02
1.830257176211e-03,3.406218382783e+01,5.057428509919e+00,4.885682672771e+03,2.871615194461e+03,1.462979955862e+01,1.514407920811e-02
1.832630346289e-03,3.405935752658e+01,5.059868859973e+00,4.889572486576e+03,2.871425526046e+03,1.463076587994e+01,1.514033320433e-02
1.835002566916e-03,3.405652799873e+01,5.062310486073e+00,4.893467464127e+03,2.871235640497e+03,1.463173343542e+01,1.513658323930e-02
1.837373837245e-03,3.405369524737e+01,5.064753381121e+00,4.897367604974e+03,2.871045538018e+03,1.463270222447e+01,1.513282931652e-02
1.839744156429e-03,3.405085927557e+01,5.067197538022e+00,4.901272908675e+03,2.870855218815e+03,1.463367224652e+01,1.512907143949e-02
1.842113523623e-03,3.404802008642e+01,5.069642949684e+00,4.905183374793e+03,2.870664683091e+03,1.463464350098e+01,1.512530961170e-02
1.844481937984e-03,3.404517768300e+01,5.072089609021e+00,4.909099002897e+03,2.870473931052e+03,1.463561598728e+01,1.512154383664e-02
1.846849398672e-03,3.404233206842e+01,5.074537508948e+00,4.913019792566e+03,2.870282962904e+03,1.463658970484e+01,1.511777411780e-02
1.849215904845e-03,3.403948324575e+01,5.076986642387e+00,4.916945743382e+03,2.870091778851e+03,1.463756465307e+01,1.511400045867e-02
1.851581455668e-03,3.403663121808e+01,5.079437002260e+00,4.920876854936e+03,2.869900379098e+03,1.463854083140e+01,1.511022286273e-02
1.853946050305e-03,3.403377598852e+01,5.081888581498e+00,4.924813126825e+03,2.869708763851e+03,1.463951823924e+01,1.510644133345e-02
1.856309687920e-03,3.403091756015e+01,5.084341373031e+00,4.928754558656e+03,2.869516933316e+03,1.464049687601e+01,1.510265587433e-02
1.858672367684e-03,3.402805593607e+01,5.086795369796e+00,4.932701150037e+03,2.869324887698e+03,1.464147674113e+01,1.509886648884e-02
1.861034088764e-03,3.402519111939e+01,5.089250564733e+00,4.936652900588e+03,2.869132627204e+03,1.464245783401e+01,1.509507318044e-02
1.863394850334e-03,3.402232311319e+01,5.091706950786e+00,4.940609809935e+03,2.868940152038e+03,1.464344015408e+01,1.509127595262e-02
1.865754651565e-03,3.401945192058e+01,5.094164520905e+00,4.944571877708e+03,2.868747462407e+03,1.464442370074e+01,1.508747480884e-02
1.868113491634e-03,3.401657754466e+01,5.096623268041e+00,4.948539103548e+03,2.868554558516e+03,1.464540847341e+01,1.508366975256e-02
1.870471369718e-03,3.401369998855e+01,5.099083185151e+00,4.952511487100e+03,2.868361440573e+03,1.464639447152e+01,1.507986078727e-02
1.872828284995e-03,3.401081925533e+01,5.101544265196e+00,4.956489028018e+03,2.868168108783e+03,1.464738169447e+01,1.507604791641e-02
1.875184236645e-03,3.400793534813e+01,5.104006501141e+00,4.960471725961e+03,2.867974563354e+03,1.464837014167e+01,1.507223114345e-02
1.877539223853e-03,3.400504827005e+01,5.106469885956e+00,4.964459580597e+03,2.867780804490e+03,1.464935981255e+01,1.506841047185e-02
1.879893245801e-03,3.400215802420e+01,5.108934412614e+00,4.968452591601e+03,2.867586832399e+03,1.465035070652e+01,1.506458590506e-02
1.882246301677e-03,3.399926461369e+01,5.111400074094e+00,4.972450758654e+03,2.867392647288e+03,1.465134282298e+01,1.506075744654e-02
1.884598390667e-03,3.399636804164e+01,5.113866863378e+00,4.976454081445e+03,2.867198249363e+03,1.465233616136e+01,1.505692509975e-02
1.886949511962e-03,3.399346831117e+01,5.116334773453e+00,4.980462559668e+03,2.867003638831e+03,1.465333072106e+01,1.505308886812e-02
1.889299664754e-03,3.399056542538e+01,5.118803797310e+00,4.984476193028e+03,2.866808815900e+03,1.465432650149e+01,1.504924875512e-02
1.891648848235e-03,3.398765938739e+01,5.121273927944e+00,4.988494981234e+03,2.866613780776e+03,1.465532350207e+01,1.504540476418e-02
1.893997061602e-03,3.398475020034e+01,5.123745158357e+00,4.992518924003e+03,2.866418533666e+03,1.465632172221e+01,1.504155689876e-02
1.896344304051e-03,3.398183786733e+01,5.126217481552e+00,4.996548021061e+03,2.866223074778e+03,1.465732116133e+01,1.503770516228e-02
1.898690574781e-03,3.397892239149e+01,5.128690890540e+00,5.000582272138e+03,2.866027404320e+03,1.465832181882e+01,1.503384955821e-02
1.901035872993e-03,3.397600377595e+01,5.131165378333e+00,5.004621676974e+03,2.865831522499e+03,1.465932369409e+01,1.502999008996e-02
1.903380197890e-03,3.397308202382e+01,5.133640937952e+00,5.008666235315e+03,2.865635429522e+03,1.466032678657e+01,1.502612676098e-02
1.905723548675e-03,3.397015713825e+01,5.136117562418e+00,5.012715946914e+03,2.865439125596e+03,1.466133109566e+01,1.502225957471e-02
1.908065924556e-03,3.396722912234e+01,5.138595244759e+00,5.016770811532e+03,2.865242610931e+03,1.466233662076e+01,1.501838853458e-02
1.910407324739e-03,3.396429797924e+01,5.141073978009e+00,5.020830828938e+03,2.865045885733e+03,1.466334336129e+01,1.501451364401e-02
1.912747748436e-03,3.396136371208e+01,5.143553755205e+00,5.024895998907e+03,2.864848950211e+03,1.466435131665e+01,1.501063490644e-02
1.915087194858e-03,3.395842632398e+01,5.146034569388e+00,5.028966321222e+03,2.864651804573e+03,1.466536048625e+01,1.500675232529e-02
1.917425663218e-03,3.395548581809e+01,5.148516413606e+00,5.033041795673e+03,2.864454449026e+03,1.466637086950e+01,1.500286590399e-02
1.919763152731e-03,3.395254219753e+01,5.150999280910e+00,5.037122422058e+03,2.864256883779e+03,1.466738246581e+01,1.499897564597e-02
1.922099662615e-03,3.394959546544e+01,5.153483164357e+00,5.041208200183e+03,2.864059109041e+03,1.466839527457e+01,1.499508155464e-02
1.924435192089e-03,3.394664562496e+01,5.155968057008e+00,5.045299129858e+03,2.863861125020e+03,1.466940929520e+01,1.499118363342e-02
1.926769740374e-03,3.394369267923e+01,5.158453951931e+00,5.049395210906e+03,2.863662931924e+03,1.467042452711e+01,1.498728188574e-02
1.929103306692e-03,3.394073663140e+01,5.160940842196e+00,5.053496443152e+03,2.863464529962e+03,1.467144096969e+01,1.498337631501e-02
1.931435890268e-03,3.393777748459e+01,5.163428720880e+00,5.057602826433e+03,2.863265919342e+03,1.467245862235e+01,1.497946692465e-02
1.933767490328e-03,3.393481524196e+01,5.165917581063e+00,5.061714360590e+03,2.863067100274e+03,1.467347748450e+01,1.497555371807e-02
1.936098106101e-03,3.393184990664e+01,5.168407415834e+00,5.065831045474e+03,2.862868072967e+03,1.467449755554e+01,1.497163669867e-02
1.938427736816e-03,3.392888148179e+01,5.170898218283e+00,5.069952880943e+03,2.862668837628e+03,1.467551883488e+01,1.496771586988e-02
1.940756381705e-03,3.392590997056e+01,5.173389981507e+00,5.074079866861e+03,2.862469394467e+03,1.467654132191e+01,1.496379123510e-02
1.943084040001e-03,3.392293537608e+01,5.175882698607e+00,5.078212003100e+03,2.862269743694e+03,1.467756501605e+01,1.495986279774e-02
1.945410710941e-03,3.391995770150e+01,5.178376362691e+00,5.082349289543e+03,2.862069885517e+03,1.467858991669e+01,1.495593056120e-02
1.947736393761e-03,3.391697694999e+01,5.180870966871e+00,5.086491726076e+03,2.861869820146e+03,1.467961602323e+01,1.495199452889e-02
1.950061087701e-03,3.391399312469e+01,5.183366504264e+00,5.090639312596e+03,2.861669547789e+03,1.468064333508e+01,1.494805470421e-02
1.952384792002e-03,3.391100622875e+01,5.185862967993e+00,5.094792049005e+03,2.861469068658e+03,1.468167185164e+01,1.494411109056e-02
1.954707505906e-03,3.390801626532e+01,5.188360351186e+00,5.098949935214e+03,2.861268382960e+03,1.468270157231e+01,1.494016369135e-02
1.957029228657e-03,3.390502323757e+01,5.190858646976e+00,5.103112971142e+03,2.861067490906e+03,1.468373249649e+01,1.493621250996e-02
1.959349959504e-03,3.390202714865e+01,5.193357848502e+00,5.107281156717e+03,2.860866392705e+03,1.468476462359e+01,1.493225754979e-02
1.961669697693e-03,3.389902800172e+01,5.195857948907e+00,5.111454491870e+03,2.860665088568e+03,1.468579795299e+01,1.492829881425e-02
1.963988442475e-03,3.389602579993e+01,5.198358941342e+00,5.115632976545e+03,2.860463578703e+03,1.468683248411e+01,1.492433630673e-02
1.966306193101e-03,3.389302054644e+01,5.200860818960e+00,5.119816610691e+03,2.860261863320e+03,1.468786821634e+01,1.492037003061e-02
1.968622948826e-03,3.389001224442e+01,5.203363574923e+00,5.124005394266e+03,2.860059942631e+03,1.468890514907e+01,1.491639998930e-02
1.970938708905e-03,3.388700089703e+01,5.205867202396e+00,5.128199327234e+03,2.859857816845e+03,1.468994328172e+01,1.491242618617e-02
1.973253472596e-03,3.388398650743e+01,5.208371694549e+00,5.132398409569e+03,2.859655486171e+03,1.469098261367e+01,1.490844862462e-02
1.975567239158e-03,3.388096907878e+01,5.210877044561e+00,5.136602641252e+03,2.859452950820e+03,1.469202314433e+01,1.490446730805e-02
1.977880007851e-03,3.387794861426e+01,5.213383245614e+00,5.140812022271e+03,2.859250211003e+03,1.469306487309e+01,1.490048223982e-02
1.980191777939e-03,3.387492511702e+01,5.215890290894e+00,5.145026552623e+03,2.859047266930e+03,1.469410779935e+01,1.489649342333e-02
1.982502548687e-03,3.387189859024e+01,5.218398173597e+00,5.149246232312e+03,2.858844118810e+03,1.469515192251e+01,1.489250086196e-02
1.984812319361e-03,3.386886903708e+01,5.220906886921e+00,5.153471061351e+03,2.858640766856e+03,1.469619724196e+01,1.488850455910e-02
1.987121089229e-03,3.386583646072e+01,5.223416424071e+00,5.157701039760e+03,2.858437211276e+03,1.469724375711e+01,1.488450451812e-02
1.989428857562e-03,3.386280086431e+01,5.225926778259e+00,5.161936167568e+03,2.858233452282e+03,1.469829146734e+01,1.488050074242e-02
1.991735623632e-03,3.385976225105e+01,5.228437942699e+00,5.166176444810e+03,2.858029490085e+03,1.469934037205e+01,1.487649323535e-02
1.994041386712e-03,3.385672062409e+01,5.230949910616e+00,5.170421871531e+03,2.857825324895e+03,1.470039047064e+01,1.487248200032e-02
1.996346146079e-03,3.385367598662e+01,5.233462675235e+00,5.174672447782e+03,2.857620956924e+03,1.470144176250e+01,1.486846704068e-02
1.998649901011e-03,3.385062834180e+01,5.235976229792e+00,5.178928173625e+03,2.857416386381e+03,1.470249424703e+01,1.486444835982e-02
2.000952650785e-03,3.384757769281e+01,5.238490567526e+00,5.183189049127e+03,2.857211613478e+03,1.470354792362e+01,1.486042596112e-02
2.003254394684e-03,3.384452404283e+01,5.241005681683e+00,5.187455074364e+03,2.857006638426e+03,1.470460279166e+01,1.485639984794e-02
2.005555131991e-03,3.384146739504e+01,5.243521565514e+00,5.191726249421e+03,2.856801461437e+03,1.470565885056e+01,1.485237002367e-02
2.007854861990e-03,3.383840775262e+01,5.246038212276e+00,5.196002574391e+03,2.856596082720e+03,1.470671609970e+01,1.484833649166e-02
2.010153583969e-03,3.383534511874e+01,5.248555615232e+00,5.200284049373e+03,2.856390502489e+03,1.470777453847e+01,1.484429925530e-02
2.012451297215e-03,3.383227949658e+01,5.251073767652e+00,5.204570674476e+03,2.856184720952e+03,1.470883416628e+01,1.484025831796e-02
2.014748001020e-03,3.382921088933e+01,5.253592662812e+00,5.208862449818e+03,2.855978738324e+03,1.470989498250e+01,1.483621368299e-02
2.017043694675e-03,3.382613930017e+01,5.256112293992e+00,5.213159375522e+03,2.855772554813e+03,1.471095698654e+01,1.483216535378e-02
2.019338377474e-03,3.382306473228e+01,5.258632654480e+00,5.217461451721e+03,2.855566170633e+03,1.471202017779e+01,1.482811333369e-02
2.021632048714e-03,3.381998718885e+01,5.261153737569e+00,5.221768678558e+03,2.855359585994e+03,1.471308455564e+01,1.482405762609e-02
2.023924707691e-03,3.381690667306e+01,5.263675536560e+00,5.226081056181e+03,2.855152801109e+03,1.471415011947e+01,1.481999823434e-02
2.026216353706e-03,3.381382318809e+01,5.266198044757e+00,5.230398584748e+03,2.854945816188e+03,1.471521686869e+01,1.481593516181e-02
2.028506986061e-03,3.381073673714e+01,5.268721255473e+00,5.234721264425e+03,2.854738631444e+03,1.471628480267e+01,1.481186841186e-02
2.030796604057e-03,3.380764732339e+01,5.271245162025e+00,5.239049095385e+03,2.854531247087e+03,1.471735392082e+01,1.480779798786e-02
2.033085207000e-03,3.380455495003e+01,5.273769757739e+00,5.243382077812e+03,2.854323663331e+03,1.471842422252e+01,1.480372389316e-02
2.035372794197e-03,3.380145962025e+01,5.276295035944e+00,5.247720211895e+03,2.854115880387e+03,1.471949570716e+01,1.479964613114e-02
2.037659364957e-03,3.379836133723e+01,5.278820989978e+00,5.252063497833e+03,2.853907898467e+03,1.472056837413e+01,1.479556470515e-02
2.039944918590e-03,3.379526010418e+01,5.281347613183e+00,5.256411935835e+03,2.853699717783e+03,1.472164222283e+01,1.479147961856e-02
2.042229454408e-03,3.379215592427e+01,5.283874898909e+00,5.260765526114e+03,2.853491338547e+03,1.472271725263e+01,1.478739087472e-02
2.044512971726e-03,3.378904880071e+01,5.286402840512e+00,5.265124268895e+03,2.853282760970e+03,1.472379346293e+01,1.478329847700e-02
2.046795469859e-03,3.378593873669e+01,5.288931431354e+00,5.269488164411e+03,2.853073985266e+03,1.472487085312e+01,1.477920242875e-02
2.049076948127e-03,3.378282573539e+01,5.291460664803e+00,5.273857212901e+03,2.852865011646e+03,1.472594942259e+01,1.477510273333e-02
2.051357405847e-03,3.377970980002e+01,5.293990534235e+00,5.278231414614e+03,2.852655840323e+03,1.472702917072e+01,1.477099939410e-02
2.053636842341e-03,3.377659093377e+01,5.296521033031e+00,5.282610769809e+03,2.852446471508e+03,1.472811009690e+01,1.476689241442e-02
2.055915256933e-03,3.377346913984e+01,5.299052154578e+00,5.286995278750e+03,2.852236905415e+03,1.472919220052e+01,1.476278179764e-02
2.058192648949e-03,3.377034442142e+01,5.301583892271e+00,5.291384941712e+03,2.852027142256e+03,1.473027548096e+01,1.475866754712e-02
2.060469017714e-03,3.376721678171e+01,5.304116239511e+00,5.295779758977e+03,2.851817182243e+03,1.473135993762e+01,1.475454966622e-02
2.062744362558e-03,3.376408622391e+01,5.306649189706e+00,5.300179730838e+03,2.851607025588e+03,1.473244556987e+01,1.475042815829e-02
2.065018682812e-03,3.376095275122e+01,5.309182736270e+00,5.304584857592e+03,2.851396672504e+03,1.473353237712e+01,1.474630302669e-02
2.067291977807e-03,3.375781636684e+01,5.311716872621e+00,5.308995139547e+03,2.851186123204e+03,1.473462035873e+01,1.474217427478e-02
2.069564246879e-03,3.375467707396e+01,5.314251592189e+00,5.313410577023e+03,2.850975377900e+03,1.473570951410e+01,1.473804190589e-02
2.071835489363e-03,3.375153487579e+01,5.316786888407e+00,5.317831170341e+03,2.850764436805e+03,1.473679984262e+01,1.473390592340e-02
2.074105704596e-03,3.374838977554e+01,5.319322754716e+00,5.322256919837e+03,2.850553300132e+03,1.473789134367e+01,1.472976633065e-02
2.076374891920e-03,3.374524177639e+01,5.321859184562e+00,5.326687825853e+03,2.850341968094e+03,1.473898401663e+01,1.472562313100e-02
2.078643050676e-03,3.374209088156e+01,5.324396171399e+00,5.331123888738e+03,2.850130440903e+03,1.474007786088e+01,1.472147632780e-02
2.080910180206e-03,3.373893709426e+01,5.326933708689e+00,5.335565108854e+03,2.849918718772e+03,1.474117287582e+01,1.471732592440e-02
2.083176279856e-03,3.373578041767e+01,5.329471789898e+00,5.340011486567e+03,2.849706801914e+03,1.474226906083e+01,1.471317192415e-02
2.085441348974e-03,3.373262085502e+01,5.332010408500e+00,5.344463022254e+03,2.849494690541e+03,1.474336641529e+01,1.470901433041e-02
2.087705386907e-03,3.372945840949e+01,5.334549557978e+00,5.348919716301e+03,2.849282384868e+03,1.474446493859e+01,1.470485314653e-02
2.089968393008e-03,3.372629308431e+01,5.337089231817e+00,5.353381569100e+03,2.849069885107e+03,1.474556463011e+01,1.470068837586e-02
2.092230366628e-03,3.372312488267e+01,5.339629423514e+00,5.357848581056e+03,2.848857191471e+03,1.474666548923e+01,1.469652002175e-02
2.094491307122e-03,3.371995380779e+01,5.342170126568e+00,5.362320752578e+03,2.848644304173e+03,1.474776751533e+01,1.469234808755e-02
2.096751213845e-03,3.371677986287e+01,5.344711334490e+00,5.366798084087e+03,2.848431223426e+03,1.474887070781e+01,1.468817257662e-02
2.099010086157e-03,3.371360305111e+01,5.347253040793e+00,5.371280576010e+03,2.848217949443e+03,1.474997506604e+01,1.468399349231e-02
2.101267923416e-03,3.371042337573e+01,5.349795239001e+00,5.375768228786e+03,2.848004482438e+03,1.475108058940e+01,1.467981083796e-02
2.103524724985e-03,3.370724083994e+01,5.352337922643e+00,5.380261042861e+03,2.847790822624e+03,1.475218727727e+01,1.467562461692e-02
2.105780490227e-03,3.370405544695e+01,5.354881085254e+00,5.384759018689e+03,2.847576970214e+03,1.475329512905e+01,1.467143483256e-02
2.108035218507e-03,3.370086719996e+01,5.357424720378e+00,5.389262156734e+03,2.847362925421e+03,1.475440414411e+01,1.466724148821e-02
2.110288909192e-03,3.369767610219e+01,5.359968821564e+00,5.393770457467e+03,2.847148688460e+03,1.475551432183e+01,1.466304458724e-02
2.112541561652e-03,3.369448215685e+01,5.362513382372e+00,5.398283921372e+03,2.846934259542e+03,1.475662566159e+01,1.465884413298e-02
2.114793175257e-03,3.369128536715e+01,5.365058396364e+00,5.402802548935e+03,2.846719638881e+03,1.475773816278e+01,1.465464012879e-02
2.117043749380e-03,3.368808573630e+01,5.367603857111e+00,5.407326340657e+03,2.846504826692e+03,1.475885182477e+01,1.465043257803e-02
2.119293283395e-03,3.368488326752e+01,5.370149758194e+00,5.411855297047e+03,2.846289823187e+03,1.475996664695e+01,1.464622148404e-02
2.121541776679e-03,3.368167796401e+01,5.372696093197e+00,5.416389418618e+03,2.846074628579e+03,1.476108262870e+01,1.464200685017e-02
2.123789228608e-03,3.367846982900e+01,5.375242855712e+00,5.420928705897e+03,2.845859243084e+03,1.476219976940e+01,1.463778867977e-02
2.126035638565e-03,3.367525886569e+01,5.377790039341e+00,5.425473159419e+03,2.845643666913e+03,1.476331806842e+01,1.463356697621e-02
2.128281005929e-03,3.367204507729e+01,5.380337637690e+00,5.430022779725e+03,2.845427900280e+03,1.476443752515e+01,1.462934174282e-02
2.130525330085e-03,3.366882846704e+01,5.382885644374e+00,5.434577567369e+03,2.845211943400e+03,1.476555813896e+01,1.462511298295e-02
2.132768610419e-03,3.366560903813e+01,5.385434053014e+00,5.439137522910e+03,2.844995796486e+03,1.476667990925e+01,1.462088069997e-02
2.135010846316e-03,3.366238679379e+01,5.387982857239e+00,5.443702646919e+03,2.844779459751e+03,1.476780283537e+01,1.461664489722e-02
2.137252037166e-03,3.365916173722e+01,5.390532050685e+00,5.448272939975e+03,2.844562933409e+03,1.476892691673e+01,1.461240557805e-02
2.139492182361e-03,3.365593387166e+01,5.393081626997e+00,5.452848402665e+03,2.844346217674e+03,1.477005215269e+01,1.460816274583e-02
2.141731281292e-03,3.365270320030e+01,5.395631579824e+00,5.457429035585e+03,2.844129312760e+03,1.477117854263e+01,1.460391640389e-02
2.143969333354e-03,3.364946972638e+01,5.398181902826e+00,5.462014839342e+03,2.843912218880e+03,1.477230608593e+01,1.459966655559e-02
2.146206337944e-03,3.364623345310e+01,5.400732589667e+00,5.466605814550e+03,2.843694936248e+03,1.477343478197e+01,1.459541320428e-02
2.148442294459e-03,3.364299438369e+01,5.403283634020e+00,5.471201961833e+03,2.843477465078e+03,1.477456463013e+01,1.459115635333e-02
2.150677202299e-03,3.363975252136e+01,5.405835029566e+00,5.475803281824e+03,2.843259805584e+03,1.477569562978e+01,1.458689600608e-02
2.152911060867e-03,3.363650786933e+01,5.408386769992e+00,5.480409775163e+03,2.843041957979e+03,1.477682778031e+01,1.458263216588e-02
2.155143869564e-03,3.363326043082e+01,5.410938848994e+00,5.485021442503e+03,2.842823922478e+03,1.477796108109e+01,1.457836483609e-02
2.157375627798e-03,3.363001020905e+01,5.413491260275e+00,5.489638284503e+03,2.842605699294e+03,1.477909553150e+01,1.457409402007e-02
2.159606334975e-03,3.362675720724e+01,5.416043997544e+00,5.494260301832e+03,2.842387288642e+03,1.478023113091e+01,1.456981972118e-02
2.161835990504e-03,3.362350142860e+01,5.418597054520e+00,5.498887495168e+03,2.842168690734e+03,1.478136787871e+01,1.456554194276e-02
2.164064593796e-03,3.362024287635e+01,5.421150424927e+00,5.503519865198e+03,2.841949905786e+03,1.478250577427e+01,1.456126068817e-02
2.166292144264e-03,3.361698155372e+01,5.423704102497e+00,5.508157412618e+03,2.841730934011e+03,1.478364481696e+01,1.455697596077e-02
2.168518641321e-03,3.361371746393e+01,5.426258080973e+00,5.512800138135e+03,2.841511775623e+03,1.478478500617e+01,1.455268776392e-02
2.170744084384e-03,3.361045061019e+01,5.428812354101e+00,5.517448042462e+03,2.841292430836e+03,1.478592634127e+01,1.454839610098e-02
2.172968472872e-03,3.360718099573e+01,5.431366915636e+00,5.522101126323e+03,2.841072899865e+03,1.478706882163e+01,1.454410097529e-02
2.175191806204e-03,3.360390862376e+01,5.433921759343e+00,5.526759390453e+03,2.840853182922e+03,1.478821244663e+01,1.453980239023e-02
2.177414083801e-03,3.360063349751e+01,5.436476878991e+00,5.531422835590e+03,2.840633280223e+03,1.478935721566e+01,1.453550034916e-02
2.179635305088e-03,3.359735562020e+01,5.439032268359e+00,5.536091462489e+03,2.840413191980e+03,1.479050312807e+01,1.453119485542e-02
2.181855469489e-03,3.359407499505e+01,5.441587921233e+00,5.540765271910e+03,2.840192918409e+03,1.479165018326e+01,1.452688591239e-02
2.184074576432e-03,3.359079162528e+01,5.444143831408e+00,5.545444264620e+03,2.839972459723e+03,1.479279838059e+01,1.452257352341e-02
2.186292625345e-03,3.358750551411e+01,5.446699992683e+00,5.550128441401e+03,2.839751816137e+03,1.479394771944e+01,1.451825769187e-02
2.188509615660e-03,3.358421666477e+01,5.449256398869e+00,5.554817803041e+03,2.839530987864e+03,1.479509819919e+01,1.451393842111e-02
2.190725546808e-03,3.358092508047e+01,5.451813043783e+00,5.559512350336e+03,2.839309975119e+03,1.479624981920e+01,1.450961571450e-02
2.192940418225e-03,3.357763076444e+01,5.454369921249e+00,5.564212084094e+03,2.839088778116e+03,1.479740257886e+01,1.450528957541e-02
2.195154229346e-03,3.357433371990e+01,5.456927025100e+00,5.568917005131e+03,2.838867397069e+03,1.479855647755e+01,1.450096000719e-02
2.197366979609e-03,3.357103395007e+01,5.459484349175e+00,5.573627114271e+03,2.838645832191e+03,1.479971151462e+01,1.449662701322e-02
2.199578668454e-03,3.356773145818e+01,5.462041887325e+00,5.578342412352e+03,2.838424083698e+03,1.480086768947e+01,1.449229059687e-02
2.201789295323e-03,3.356442624744e+01,5.464599633404e+00,5.583062900214e+03,2.838202151803e+03,1.480202500145e+01,1.448795076149e-02
2.203998859658e-03,3.356111832108e+01,5.467157581275e+00,5.587788578712e+03,2.837980036721e+03,1.480318344996e+01,1.448360751045e-02
2.206207360906e-03,3.355780768233e+01,5.469715724812e+00,5.592519448711e+03,2.837757738665e+03,1.480434303435e+01,1.447926084713e-02
2.208414798513e-03,3.355449433439e+01,5.472274057893e+00,5.597255511080e+03,2.837535257850e+03,1.480550375402e+01,1.447491077489e-02
2.210621171928e-03,3.355117828051e+01,5.474832574407e+00,5.601996766702e+03,2.837312594489e+03,1.480666560832e+01,1.447055729710e-02
2.212826480602e-03,3.354785952389e+01,5.477391268248e+00,5.606743216468e+03,2.837089748798e+03,1.480782859663e+01,1.446620041714e-02
2.215030723986e-03,3.354453806777e+01,5.479950133319e+00,5.611494861277e+03,2.836866720991e+03,1.480899271833e+01,1.446184013838e-02
2.217233901536e-03,3.354121391536e+01,5.482509163534e+00,5.616251702041e+03,2.836643511281e+03,1.481015797279e+01,1.445747646418e-02
2.219436012707e-03,3.353788706988e+01,5.485068352810e+00,5.621013739677e+03,2.836420119882e+03,1.481132435938e+01,1.445310939793e-02
2.221637056957e-03,3.353455753457e+01,5.487627695074e+00,5.625780975114e+03,2.836196547010e+03,1.481249187747e+01,1.444873894300e-02
2.223837033745e-03,3.353122531264e+01,5.490187184264e+00,5.630553409291e+03,2.835972792877e+03,1.481366052645e+01,1.444436510275e-02
2.226035942533e-03,3.352789040732e+01,5.492746814321e+00,5.635331043154e+03,2.835748857699e+03,1.481483030568e+01,1.443998788058e-02
2.228233782785e-03,3.352455282183e+01,5.495306579197e+00,5.640113877662e+03,2.835524741689e+03,1.481600121453e+01,1.443560727986e-02
2.230430553965e-03,3.352121255938e+01,5.497866472852e+00,5.644901913780e+03,2.835300445062e+03,1.481717325238e+01,1.443122330396e-02
2.232626255539e-03,3.351786962322e+01,5.500426489254e+00,5.649695152484e+03,2.835075968032e+03,1.481834641860e+01,1.442683595626e-02
2.234820886978e-03,3.351452401654e+01,5.502986622378e+00,5.654493594760e+03,2.834851310812e+03,1.481952071256e+01,1.442244524016e-02
2.237014447750e-03,3.351117574259e+01,5.505546866206e+00,5.659297241602e+03,2.834626473618e+03,1.482069613363e+01,1.441805115902e-02
2.239206937329e-03,3.350782480458e+01,5.508107214734e+00,5.664106094016e+03,2.834401456663e+03,1.482187268119e+01,1.441365371623e-02
2.241398355188e-03,3.350447120573e+01,5.510667661958e+00,5.668920153016e+03,2.834176260161e+03,1.482305035461e+01,1.440925291518e-02
2.243588700803e-03,3.350111494927e+01,5.513228201889e+00,5.673739419624e+03,2.833950884328e+03,1.482422915326e+01,1.440484875924e-02
2.245777973651e-03,3.349775603842e+01,5.515788828542e+00,5.678563894874e+03,2.833725329376e+03,1.482540907652e+01,1.440044125182e-02
2.247966173212e-03,3.349439447639e+01,5.518349535942e+00,5.683393579810e+03,2.833499595520e+03,1.482659012375e+01,1.439603039628e-02
2.250153298968e-03,3.349103026642e+01,5.520910318122e+00,5.688228475483e+03,2.833273682974e+03,1.482777229432e+01,1.439161619603e-02
2.252339350400e-03,3.348766341173e+01,5.523471169123e+00,5.693068582955e+03,2.833047591952e+03,1.482895558762e+01,1.438719865445e-02
2.254524326995e-03,3.348429391553e+01,5.526032082994e+00,5.697913903299e+03,2.832821322669e+03,1.483014000300e+01,1.438277777493e-02
2.256708228238e-03,3.348092178105e+01,5.528593053792e+00,5.702764437594e+03,2.832594875338e+03,1.483132553984e+01,1.437835356087e-02
2.258891053618e-03,3.347754701151e+01,5.531154075584e+00,5.707620186934e+03,2.832368250174e+03,1.483251219752e+01,1.437392601565e-02
2.261072802624e-03,3.347416961012e+01,5.533715142443e+00,5.712481152416e+03,2.832141447391e+03,1.483369997539e+01,1.436949514268e-02
2.263253474750e-03,3.347078958012e+01,5.536276248451e+00,5.717347335151e+03,2.831914467202e+03,1.483488887285e+01,1.436506094534e-02
2.265433069488e-03,3.346740692473e+01,5.538837387701e+00,5.722218736262e+03,2.831687309822e+03,1.483607888925e+01,1.436062342704e-02
2.267611586333e-03,3.346402164715e+01,5.541398554289e+00,5.727095356874e+03,2.831459975466e+03,1.483727002396e+01,1.435618259118e-02
2.269789024785e-03,3.346063375062e+01,5.543959742324e+00,5.731977198130e+03,2.831232464346e+03,1.483846227637e+01,1.435173844115e-02
2.271965384341e-03,3.345724323836e+01,5.546520945922e+00,5.736864261176e+03,2.831004776678e+03,1.483965564583e+01,1.434729098035e-02
2.274140664502e-03,3.345385011358e+01,5.549082159206e+00,5.741756547173e+03,2.830776912674e+03,1.484085013172e+01,1.434284021219e-02
2.276314864770e-03,3.345045437950e+01,5.551643376309e+00,5.746654057288e+03,2.830548872550e+03,1.484204573341e+01,1.433838614006e-02
2.278487984652e-03,3.344705603935e+01,5.554204591372e+00,5.751556792699e+03,2.830320656519e+03,1.484324245027e+01,1.433392876739e-02
2.280660023651e-03,3.344365509634e+01,5.556765798544e+00,5.756464754594e+03,2.830092264795e+03,1.484444028168e+01,1.432946809757e-02
2.282830981278e-03,3.344025155369e+01,5.559326991982e+00,5.761377944172e+03,2.829863697592e+03,1.484563922699e+01,1.432500413401e-02
2.285000857040e-03,3.343684541463e+01,5.561888165854e+00,5.766296362639e+03,2.829634955124e+03,1.484683928559e+01,1.432053688011e-02
2.287169650450e-03,3.343343668236e+01,5.564449314332e+00,5.771220011211e+03,2.829406037605e+03,1.484804045684e+01,1.431606633930e-02
2.289337361022e-03,3.343002536012e+01,5.567010431602e+00,5.776148891118e+03,2.829176945249e+03,1.484924274011e+01,1.431159251499e-02
2.291503988271e-03,3.342661145111e+01,5.569571511853e+00,5.781083003595e+03,2.828947678270e+03,1.485044613478e+01,1.430711541058e-02
2.293669531712e-03,3.342319495855e+01,5.572132549286e+00,5.786022349888e+03,2.828718236882e+03,1.485165064020e+01,1.430263502949e-02
2.295833990865e-03,3.341977588567e+01,5.574693538110e+00,5.790966931255e+03,2.828488621298e+03,1.485285625577e+01,1.429815137514e-02
2.297997365251e-03,3.341635423568e+01,5.577254472541e+00,5.795916748961e+03,2.828258831733e+03,1.485406298083e+01,1.429366445095e-02
2.300159654391e-03,3.341293001179e+01,5.579815346806e+00,5.800871804283e+03,2.828028868400e+03,1.485527081477e+01,1.428917426033e-02
2.302320857810e-03,3.340950321723e+01,5.582376155138e+00,5.805832098505e+03,2.827798731513e+03,1.485647975695e+01,1.428468080671e-02
2.304480975034e-03,3.340607385521e+01,5.584936891780e+00,5.810797632925e+03,2.827568421286e+03,1.485768980675e+01,1.428018409352e-02
2.306640005589e-03,3.340264192894e+01,5.587497550984e+00,5.815768408848e+03,2.827337937932e+03,1.485890096353e+01,1.427568412417e-02
2.308797949006e-03,3.339920744164e+01,5.590058127008e+00,5.820744427589e+03,2.827107281666e+03,1.486011322666e+01,1.427118090209e-02
2.310954804815e-03,3.339577039652e+01,5.592618614122e+00,5.825725690473e+03,2.826876452702e+03,1.486132659552e+01,1.426667443072e-02
2.313110572550e-03,3.339233079681e+01,5.595179006604e+00,5.830712198837e+03,2.826645451251e+03,1.486254106947e+01,1.426216471347e-02
2.315265251745e-03,3.338888864571e+01,5.597739298737e+00,5.835703954026e+03,2.826414277530e+03,1.486375664788e+01,1.425765175379e-02
2.317418841937e-03,3.338544394645e+01,5.600299484817e+00,5.840700957393e+03,2.826182931750e+03,1.486497333012e+01,1.425313555510e-02
2.319571342663e-03,3.338199670222e+01,5.602859559148e+00,5.845703210306e+03,2.825951414126e+03,1.486619111557e+01,1.424861612083e-02
2.321722753463e-03,3.337854691625e+01,5.605419516039e+00,5.850710714138e+03,2.825719724872e+03,1.486741000358e+01,1.424409345443e-02
2.323873073880e-03,3.337509459175e+01,5.607979349813e+00,5.855723470274e+03,2.825487864200e+03,1.486862999354e+01,1.423956755934e-02
2.326022303457e-03,3.337163973192e+01,5.610539054797e+00,5.860741480111e+03,2.825255832325e+03,1.486985108480e+01,1.423503843898e-02
2.328170441740e-03,3.336818234000e+01,5.613098625330e+00,5.865764745053e+03,2.825023629459e+03,1.487107327675e+01,1.423050609681e-02
2.330317488274e-03,3.336472241917e+01,5.615658055758e+00,5.870793266513e+03,2.824791255817e+03,1.487229656874e+01,1.422597053626e-02
2.332463442610e-03,3.336125997266e+01,5.618217340436e+00,5.875827045919e+03,2.824558711612e+03,1.487352096016e+01,1.422143176078e-02
2.334608304297e-03,3.335779500368e+01,5.620776473728e+00,5.880866084703e+03,2.824325997057e+03,1.487474645036e+01,1.421688977383e-02
2.336752072888e-03,3.335432751543e+01,5.623335450006e+00,5.885910384312e+03,2.824093112366e+03,1.487597303872e+01,1.421234457883e-02
2.338894747937e-03,3.335085751113e+01,5.625894263653e+00,5.890959946201e+03,2.823860057752e+03,1.487720072461e+01,1.420779617926e-02
2.341036329000e-03,3.334738499398e+01,5.628452909058e+00,5.896014771834e+03,2.823626833429e+03,1.487842950739e+01,1.420324457855e-02
2.343176815635e-03,3.334390996720e+01,5.631011380620e+00,5.901074862686e+03,2.823393439608e+03,1.487965938644e+01,1.419868978016e-02
2.345316207400e-03,3.334043243399e+01,5.633569672747e+00,5.906140220243e+03,2.823159876505e+03,1.488089036113e+01,1.419413178756e-02
2.347454503858e-03,3.333695239755e+01,5.636127779855e+00,5.911210845999e+03,2.822926144332e+03,1.488212243081e+01,1.418957060418e-02
2.349591704571e-03,3.333346986111e+01,5.638685696370e+00,5.916286741460e+03,2.822692243303e+03,1.488335559488e+01,1.418500623351e-02
2.351727809103e-03,3.332998482785e+01,5.641243416726e+00,5.921367908142e+03,2.822458173630e+03,1.488458985268e+01,1.418043867898e-02
2.353862817022e-03,3.332649730100e+01,5.643800935366e+00,5.926454347569e+03,2.822223935526e+03,1.488582520360e+01,1.417586794408e-02
2.355996727894e-03,3.332300728375e+01,5.646358246742e+00,5.931546061277e+03,2.821989529206e+03,1.488706164700e+01,1.417129403226e-02
2.358129541291e-03,3.331951477931e+01,5.648915345314e+00,5.936643050812e+03,2.821754954881e+03,1.488829918225e+01,1.416671694700e-02
2.360261256784e-03,3.331601979088e+01,5.651472225552e+00,5.941745317729e+03,2.821520212766e+03,1.488953780872e+01,1.416213669175e-02
2.362391873946e-03,3.331252232168e+01,5.654028881935e+00,5.946852863594e+03,2.821285303071e+03,1.489077752578e+01,1.415755327000e-02
2.364521392353e-03,3.330902237489e+01,5.656585308950e+00,5.951965689984e+03,2.821050226012e+03,1.489201833279e+01,1.415296668522e-02
2.366649811581e-03,3.330551995372e+01,5.659141501092e+00,5.957083798483e+03,2.820814981801e+03,1.489326022914e+01,1.414837694087e-02
2.368777131209e-03,3.330201506139e+01,5.661697452868e+00,5.962207190689e+03,2.820579570650e+03,1.489450321418e+01,1.414378404044e-02
2.370903350818e-03,3.329850770108e+01,5.664253158791e+00,5.967335868208e+03,2.820343992772e+03,1.489574728729e+01,1.413918798741e-02
2.373028469989e-03,3.329499787599e+01,5.666808613384e+00,5.972469832657e+03,2.820108248381e+03,1.489699244784e+01,1.413458878525e-02
2.375152488308e-03,3.329148558934e+01,5.669363811180e+00,5.977609085662e+03,2.819872337689e+03,1.489823869519e+01,1.412998643745e-02
2.377275405358e-03,3.328797084431e+01,5.671918746718e+00,5.982753628860e+03,2.819636260908e+03,1.489948602871e+01,1.412538094751e-02
2.379397220729e-03,3.328445364411e+01,5.674473414550e+00,5.987903463899e+03,2.819400018252e+03,1.490073444778e+01,1.412077231889e-02
2.381517934009e-03,3.328093399194e+01,5.677027809233e+00,5.993058592436e+03,2.819163609933e+03,1.490198395176e+01,1.411616055509e-02
2.383637544788e-03,3.327741189099e+01,5.679581925336e+00,5.998219016137e+03,2.818927036163e+03,1.490323454003e+01,1.411154565961e-02
2.385756052661e-03,3.327388734446e+01,5.682135757435e+00,6.003384736682e+03,2.818690297156e+03,1.490448621195e+01,1.410692763594e-02
2.387873457220e-03,3.327036035555e+01,5.684689300115e+00,6.008555755758e+03,2.818453393123e+03,1.490573896688e+01,1.410230648757e-02
2.389989758063e-03,3.326683092744e+01,5.687242547973e+00,6.013732075064e+03,2.818216324277e+03,1.490699280421e+01,1.409768221800e-02
2.392104954787e-03,3.326329906335e+01,5.689795495611e+00,6.018913696308e+03,2.817979090830e+03,1.490824772330e+01,1.409305483073e-02
2.394219046991e-03,3.325976476646e+01,5.692348137642e+00,6.024100621207e+03,2.817741692996e+03,1.490950372352e+01,1.408842432927e-02
2.396332034277e-03,3.325622803996e+01,5.694900468689e+00,6.029292851494e+03,2.817504130986e+03,1.491076080424e+01,1.408379071711e-02
2.398443916249e-03,3.325268888705e+01,5.697452483382e+00,6.034490388905e+03,2.817266405012e+03,1.491201896483e+01,1.407915399776e-02
2.400554692511e-03,3.324914731092e+01,5.700004176360e+00,6.039693235191e+03,2.817028515287e+03,1.491327820466e+01,1.407451417474e-02
2.402664362670e-03,3.324560331476e+01,5.702555542273e+00,6.044901392111e+03,2.816790462023e+03,1.491453852309e+01,1.406987125155e-02
2.404772926333e-03,3.324205690177e+01,5.705106575779e+00,6.050114861436e+03,2.816552245431e+03,1.491579991950e+01,1.406522523170e-02
2.406880383112e-03,3.323850807512e+01,5.707657271546e+00,6.055333644947e+03,2.816313865725e+03,1.491706239327e+01,1.406057611872e-02
2.408986732617e-03,3.323495683802e+01,5.710207624248e+00,6.060557744433e+03,2.816075323116e+03,1.491832594374e+01,1.405592391612e-02
2.411091974462e-03,3.323140319365e+01,5.712757628572e+00,6.065787161697e+03,2.815836617816e+03,1.491959057031e+01,1.405126862741e-02
2.413196108263e-03,3.322784714520e+01,5.715307279212e+00,6.071021898548e+03,2.815597750038e+03,1.492085627233e+01,1.404661025613e-02
2.415299133637e-03,3.322428869585e+01,5.717856570871e+00,6.076261956811e+03,2.815358719992e+03,1.492212304918e+01,1.404194880579e-02
2.417401050202e-03,3.322072784879e+01,5.720405498262e+00,6.081507338316e+03,2.815119527891e+03,1.492339090023e+01,1.403728427992e-02
2.419501857579e-03,3.321716460722e+01,5.722954056107e+00,6.086758044906e+03,2.814880173946e+03,1.492465982484e+01,1.403261668205e-02
2.421601555389e-03,3.321359897430e+01,5.725502239137e+00,6.092014078435e+03,2.814640658370e+03,1.492592982239e+01,1.402794601572e-02
2.423700143257e-03,3.321003095322e+01,5.728050042091e+00,6.097275440763e+03,2.814400981374e+03,1.492720089224e+01,1.402327228445e-02
2.425797620809e-03,3.320646054718e+01,5.730597459719e+00,6.102542133768e+03,2.814161143170e+03,1.492847303378e+01,1.401859549178e-02
2.427893987671e-03,3.320288775934e+01,5.733144486779e+00,6.107814159330e+03,2.813921143969e+03,1.492974624636e+01,1.401391564125e-02
2.429989243473e-03,3.319931259289e+01,5.735691118038e+00,6.113091519346e+03,2.813680983982e+03,1.493102052935e+01,1.400923273640e-02
2.432083387846e-03,3.319573505102e+01,5.738237348274e+00,6.118374215720e+03,2.813440663422e+03,1.493229588214e+01,1.400454678078e-02
2.434176420421e-03,3.319215513690e+01,5.740783172271e+00,6.123662250366e+03,2.813200182499e+03,1.493357230408e+01,1.399985777792e-02
2.436268340834e-03,3.318857285371e+01,5.743328584826e+00,6.128955625212e+03,2.812959541425e+03,1.493484979455e+01,1.399516573138e-02
2.438359148720e-03,3.318498820463e+01,5.745873580741e+00,6.134254342192e+03,2.812718740412e+03,1.493612835292e+01,1.399047064471e-02
2.440448843716e-03,3.318140119283e+01,5.748418154831e+00,6.139558403253e+03,2.812477779670e+03,1.493740797856e+01,1.398577252146e-02
2.442537425463e-03,3.317781182149e+01,5.750962301919e+00,6.144867810353e+03,2.812236659411e+03,1.493868867084e+01,1.398107136518e-02
2.444624893601e-03,3.317422009380e+01,5.753506016835e+00,6.150182565458e+03,2.811995379845e+03,1.493997042913e+01,1.397636717943e-02
2.446711247773e-03,3.317062601291e+01,5.756049294421e+00,6.155502670547e+03,2.811753941185e+03,1.494125325280e+01,1.397165996777e-02
2.448796487624e-03,3.316702958201e+01,5.758592129528e+00,6.160828127607e+03,2.811512343640e+03,1.494253714123e+01,1.396694973376e-02
2.450880612799e-03,3.316343080426e+01,5.761134517014e+00,6.166158938638e+03,2.811270587422e+03,1.494382209377e+01,1.396223648098e-02
2.452963622948e-03,3.315982968285e+01,5.763676451748e+00,6.171495105649e+03,2.811028672742e+03,1.494510810982e+01,1.395752021298e-02
2.455045517718e-03,3.315622622094e+01,5.766217928609e+00,6.176836630658e+03,2.810786599811e+03,1.494639518872e+01,1.395280093333e-02
2.457126296762e-03,3.315262042169e+01,5.768758942483e+00,6.182183515698e+03,2.810544368839e+03,1.494768332986e+01,1.394807864561e-02
2.459205959734e-03,3.314901228829e+01,5.771299488268e+00,6.187535762808e+03,2.810301980037e+03,1.494897253261e+01,1.394335335340e-02
2.461284506286e-03,3.314540182389e+01,5.773839560868e+00,6.192893374038e+03,2.810059433616e+03,1.495026279634e+01,1.393862506026e-02
2.463361936077e-03,3.314178903166e+01,5.776379155199e+00,6.198256351453e+03,2.809816729786e+03,1.495155412042e+01,1.393389376978e-02
2.465438248764e-03,3.313817391478e+01,5.778918266185e+00,6.203624697123e+03,2.809573868758e+03,1.495284650422e+01,1.392915948555e-02
2.467513444007e-03,3.313455647640e+01,5.781456888760e+00,6.208998413132e+03,2.809330850742e+03,1.495413994712e+01,1.392442221114e-02
2.469587521467e-03,3.313093671970e+01,5.783995017865e+00,6.214377501571e+03,2.809087675949e+03,1.495543444848e+01,1.391968195014e-02
2.471660480809e-03,3.312731464782e+01,5.786532648455e+00,6.219761964547e+03,2.808844344589e+03,1.495673000767e+01,1.391493870615e-02
2.473732321697e-03,3.312369026394e+01,5.789069775490e+00,6.225151804172e+03,2.808600856872e+03,1.495802662407e+01,1.391019248275e-02
2.475803043797e-03,3.312006357122e+01,5.791606393940e+00,6.230547022572e+03,2.808357213009e+03,1.495932429706e+01,1.390544328355e-02
2.477872646778e-03,3.311643457281e+01,5.794142498787e+00,6.235947621882e+03,2.808113413210e+03,1.496062302599e+01,1.390069111213e-02
2.479941130310e-03,3.311280327188e+01,5.796678085018e+00,6.241353604250e+03,2.807869457684e+03,1.496192281025e+01,1.389593597211e-02
2.482008494066e-03,3.310916967158e+01,5.799213147635e+00,6.246764971831e+03,2.807625346642e+03,1.496322364921e+01,1.389117786707e-02
2.484074737717e-03,3.310553377507e+01,5.801747681641e+00,6.252181726790e+03,2.807381080293e+03,1.496452554224e+01,1.388641680064e-02
2.486139860940e-03,3.310189558551e+01,5.804281682059e+00,6.257603871310e+03,2.807136658848e+03,1.496582848870e+01,1.388165277640e-02
2.488203863411e-03,3.309825510606e+01,5.806815143911e+00,6.263031407575e+03,2.806892082517e+03,1.496713248798e+01,1.387688579799e-02
2.490266744809e-03,3.309461233986e+01,5.809348062236e+00,6.268464337787e+03,2.806647351508e+03,1.496843753945e+01,1.387211586901e-02
2.492328504814e-03,3.309096729007e+01,5.811880432078e+00,6.273902664154e+03,2.806402466032e+03,1.496974364248e+01,1.386734299307e-02
2.494389143108e-03,3.308731995984e+01,5.814412248493e+00,6.279346388897e+03,2.806157426299e+03,1.497105079643e+01,1.386256717379e-02
2.496448659375e-03,3.308367035232e+01,5.816943506543e+00,6.284795514246e+03,2.805912232518e+03,1.497235900070e+01,1.385778841481e-02
2.498507053300e-03,3.308001847067e+01,5.819474201304e+00,6.290250042444e+03,2.805666884897e+03,1.497366825464e+01,1.385300671973e-02
2.500564324569e-03,3.307636431803e+01,5.822004327856e+00,6.295709975742e+03,2.805421383648e+03,1.497497855763e+01,1.384822209219e-02
2.502620472872e-03,3.307270789754e+01,5.824533881294e+00,6.301175316404e+03,2.805175728978e+03,1.497628990905e+01,1.384343453581e-02
2.504675497899e-03,3.306904921236e+01,5.827062856717e+00,6.306646066701e+03,2.804929921098e+03,1.497760230826e+01,1.383864405424e-02
2.506729399342e-03,3.306538826563e+01,5.829591249238e+00,6.312122228920e+03,2.804683960217e+03,1.497891575464e+01,1.383385065110e-02
2.508782176895e-03,3.306172506050e+01,5.832119053976e+00,6.317603805356e+03,2.804437846542e+03,1.498023024758e+01,1.382905433003e-02
2.510833830252e-03,3.305805960010e+01,5.834646266061e+00,6.323090798310e+03,2.804191580284e+03,1.498154578642e+01,1.382425509467e-02
2.512884359112e-03,3.305439188759e+01,5.837172880633e+00,6.328583210104e+03,2.803945161652e+03,1.498286237057e+01,1.381945294866e-02
2.514933763172e-03,3.305072192609e+01,5.839698892839e+00,6.334081043061e+03,2.803698590855e+03,1.498417999937e+01,1.381464789566e-02
2.516982042133e-03,3.304704971876e+01,5.842224297838e+00,6.339584299519e+03,2.803451868100e+03,1.498549867222e+01,1.380983993930e-02
2.519029195698e-03,3.304337526873e+01,5.844749090796e+00,6.345092981827e+03,2.803204993597e+03,1.498681838849e+01,1.380502908325e-02
2.521075223570e-03,3.303969857913e+01,5.847273266892e+00,6.350607092345e+03,2.802957967555e+03,1.498813914754e+01,1.380021533115e-02
2.523120125455e-03,3.303601965311e+01,5.849796821310e+00,6.356126633440e+03,2.802710790182e+03,1.498946094876e+01,1.379539868666e-02
2.525163901058e-03,3.303233849380e+01,5.852319749246e+00,6.361651607494e+03,2.802463461687e+03,1.499078379151e+01,1.379057915344e-02
2.527206550091e-03,3.302865510433e+01,5.854842045905e+00,6.367182016898e+03,2.802215982277e+03,1.499210767518e+01,1.378575673515e-02
2.529248072262e-03,3.302496948783e+01,5.857363706503e+00,6.372717864054e+03,2.801968352163e+03,1.499343259914e+01,1.378093143546e-02
2.531288467284e-03,3.302128164745e+01,5.859884726261e+00,6.378259151373e+03,2.801720571550e+03,1.499475856276e+01,1.377610325804e-02
2.533327734870e-03,3.301759158630e+01,5.862405100414e+00,6.383805881279e+03,2.801472640649e+03,1.499608556542e+01,1.377127220656e-02
2.535365874737e-03,3.301389930752e+01,5.864924824204e+00,6.389358056208e+03,2.801224559666e+03,1.499741360649e+01,1.376643828469e-02
2.537402886601e-03,3.301020481423e+01,5.867443892883e+00,6.394915678601e+03,2.800976328811e+03,1.499874268535e+01,1.376160149610e-02
2.539438770181e-03,3.300650810957e+01,5.869962301713e+00,6.400478750916e+03,2.800727948290e+03,1.500007280138e+01,1.375676184449e-02
2.541473525197e-03,3.300280919666e+01,5.872480045964e+00,6.406047275619e+03,2.800479418313e+03,1.500140395395e+01,1.375191933352e-02
2.543507151372e-03,3.299910807861e+01,5.874997120919e+00,6.411621255188e+03,2.800230739085e+03,1.500273614243e+01,1.374707396688e-02
2.545539648429e-03,3.299540475857e+01,5.877513521864e+00,6.417200692107e+03,2.799981910817e+03,1.500406936621e+01,1.374222574827e-02
2.547571016094e-03,3.299169923964e+01,5.880029244101e+00,6.422785588880e+03,2.799732933714e+03,1.500540362466e+01,1.373737468137e-02
2.549601254093e-03,3.298799152495e+01,5.882544282938e+00,6.428375948012e+03,2.799483807984e+03,1.500673891715e+01,1.373252076987e-02
2.551630362155e-03,3.298428161762e+01,5.885058633693e+00,6.433971772025e+03,2.799234533835e+03,1.500807524306e+01,1.372766401748e-02
2.553658340012e-03,3.298056952076e+01,5.887572291694e+00,6.439573063449e+03,2.798985111475e+03,1.500941260178e+01,1.372280442789e-02
2.555685187394e-03,3.297685523750e+01,5.890085252278e+00,6.445179824827e+03,2.798735541111e+03,1.501075099266e+01,1.371794200480e-02
2.557710904035e-03,3.297313877094e+01,5.892597510791e+00,6.450792058711e+03,2.798485822949e+03,1.501209041510e+01,1.371307675193e-02
2.559735489671e-03,3.296942012421e+01,5.895109062590e+00,6.456409767665e+03,2.798235957197e+03,1.501343086848e+01,1.370820867297e-02
2.561758944039e-03,3.296569930041e+01,5.897619903040e+00,6.462032954261e+03,2.797985944062e+03,1.501477235215e+01,1.370333777163e-02
2.563781266876e-03,3.296197630267e+01,5.900130027516e+00,6.467661621086e+03,2.797735783751e+03,1.501611486551e+01,1.369846405164e-02
2.565802457925e-03,3.295825113408e+01,5.902639431402e+00,6.473295770736e+03,2.797485476470e+03,1.501745840794e+01,1.369358751671e-02
2.567822516926e-03,3.295452379775e+01,5.905148110093e+00,6.478935405817e+03,2.797235022428e+03,1.501880297880e+01,1.368870817056e-02
2.569841443622e-03,3.295079429681e+01,5.907656058992e+00,6.484580528947e+03,2.796984421829e+03,1.502014857748e+01,1.368382601691e-02
2.571859237759e-03,3.294706263434e+01,5.910163273511e+00,6.490231142752e+03,2.796733674882e+03,1.502149520336e+01,1.367894105948e-02
2.573875899085e-03,3.294332881346e+01,5.912669749073e+00,6.495887249876e+03,2.796482781792e+03,1.502284285581e+01,1.367405330201e-02
2.575891427347e-03,3.293959283728e+01,5.915175481110e+00,6.501548852965e+03,2.796231742766e+03,1.502419153422e+01,1.366916274823e-02
2.577905822295e-03,3.293585470889e+01,5.917680465063e+00,6.507215954680e+03,2.795980558010e+03,1.502554123796e+01,1.366426940186e-02
2.579919083682e-03,3.293211443139e+01,5.920184696383e+00,6.512888557696e+03,2.795729227730e+03,1.502689196640e+01,1.365937326665e-02
2.581931211260e-03,3.292837200789e+01,5.922688170530e+00,6.518566664693e+03,2.795477752133e+03,1.502824371894e+01,1.365447434635e-02
2.583942204784e-03,3.292462744148e+01,5.925190882974e+00,6.524250278366e+03,2.795226131425e+03,1.502959649495e+01,1.364957264468e-02
2.585952064012e-03,3.292088073526e+01,5.927692829194e+00,6.529939401417e+03,2.794974365812e+03,1.503095029380e+01,1.364466816540e-02
2.587960788701e-03,3.291713189232e+01,5.930194004679e+00,6.535634036565e+03,2.794722455499e+03,1.503230511488e+01,1.363976091226e-02
2.589968378611e-03,3.291338091577e+01,5.932694404926e+00,6.541334186534e+03,2.794470400692e+03,1.503366095757e+01,1.363485088900e-02
2.591974833504e-03,3.290962780869e+01,5.935194025445e+00,6.547039854061e+03,2.794218201598e+03,1.503501782124e+01,1.362993809939e-02
2.593980153143e-03,3.290587257418e+01,5.937692861751e+00,6.552751041894e+03,2.793965858422e+03,1.503637570529e+01,1.362502254718e-02
2.595984337293e-03,3.290211521532e+01,5.940190909373e+00,6.558467752794e+03,2.793713371369e+03,1.503773460908e+01,1.362010423614e-02
2.597987385720e-03,3.289835573521e+01,5.942688163845e+00,6.564189989528e+03,2.793460740644e+03,1.503909453199e+01,1.361518317002e-02
2.599989298192e-03,3.289459413693e+01,5.945184620713e+00,6.569917754878e+03,2.793207966454e+03,1.504045547342e+01,1.361025935259e-02
2.601990074479e-03,3.289083042356e+01,5.947680275533e+00,6.575651051637e+03,2.792955049003e+03,1.504181743274e+01,1.360533278763e-02
2.603989714351e-03,3.288706459820e+01,5.950175123869e+00,6.581389882605e+03,2.792701988496e+03,1.504318040933e+01,1.360040347891e-02
2.605988217583e-03,3.288329666392e+01,5.952669161296e+00,6.587134250598e+03,2.792448785139e+03,1.504454440257e+01,1.359547143020e-02
2.607985583948e-03,3.287952662381e+01,5.955162383397e+00,6.592884158440e+03,2.792195439137e+03,1.504590941184e+01,1.359053664529e-02
2.609981813222e-03,3.287575448095e+01,5.957654785766e+00,6.598639608965e+03,2.791941950694e+03,1.504727543653e+01,1.358559912794e-02
2.611976905183e-03,3.287198023842e+01,5.960146364003e+00,6.604400605020e+03,2.791688320016e+03,1.504864247601e+01,1.358065888196e-02
2.613970859612e-03,3.286820389928e+01,5.962637113724e+00,6.610167149465e+03,2.791434547306e+03,1.505001052968e+01,1.357571591113e-02
2.615963676287e-03,3.286442546663e+01,5.965127030548e+00,6.615939245163e+03,2.791180632770e+03,1.505137959691e+01,1.357077021924e-02
2.617955354993e-03,3.286064494353e+01,5.967616110107e+00,6.621716894999e+03,2.790926576612e+03,1.505274967707e+01,1.356582181008e-02
2.619945895512e-03,3.285686233306e+01,5.970104348041e+00,6.627500101858e+03,2.790672379036e+03,1.505412076957e+01,1.356087068745e-02
2.621935297632e-03,3.285307763829e+01,5.972591740001e+00,6.633288868646e+03,2.790418040247e+03,1.505549287378e+01,1.355591685515e-02
2.623923561138e-03,3.284929086228e+01,5.975078281646e+00,6.639083198272e+03,2.790163560449e+03,1.505686598907e+01,1.355096031699e-02
2.625910685822e-03,3.284550200812e+01,5.977563968646e+00,6.644883093660e+03,2.789908939846e+03,1.505824011485e+01,1.354600107677e-02
2.627896671472e-03,3.284171107885e+01,5.980048796678e+00,6.650688557744e+03,2.789654178642e+03,1.505961525048e+01,1.354103913830e-02
2.629881517881e-03,3.283791807756e+01,5.982532761432e+00,6.656499593471e+03,2.789399277041e+03,1.506099139536e+01,1.353607450540e-02
2.631865224842e-03,3.283412300730e+01,5.985015858605e+00,6.662316203794e+03,2.789144235246e+03,1.506236854886e+01,1.353110718187e-02
2.633847792153e-03,3.283032587113e+01,5.987498083904e+00,6.668138391683e+03,2.788889053463e+03,1.506374671037e+01,1.352613717155e-02
2.635829219608e-03,3.282652667213e+01,5.989979433045e+00,6.673966160114e+03,2.788633731893e+03,1.506512587928e+01,1.352116447824e-02
2.637809507008e-03,3.282272541334e+01,5.992459901755e+00,6.679799512078e+03,2.788378270741e+03,1.506650605497e+01,1.351618910578e-02
2.639788654151e-03,3.281892209782e+01,5.994939485769e+00,6.685638450574e+03,2.788122670210e+03,1.506788723682e+01,1.351121105799e-02
2.641766660840e-03,3.281511672864e+01,5.997418180832e+00,6.691482978613e+03,2.787866930503e+03,1.506926942422e+01,1.350623033871e-02
2.643743526878e-03,3.281130930884e+01,5.999895982700e+00,6.697333099218e+03,2.787611051824e+03,1.507065261656e+01,1.350124695176e-02
2.645719252070e-03,3.280749984148e+01,6.002372887136e+00,6.703188815422e+03,2.787355034375e+03,1.507203681322e+01,1.349626090100e-02
2.647693836223e-03,3.280368832961e+01,6.004848889913e+00,6.709050130270e+03,2.787098878360e+03,1.507342201358e+01,1.349127219024e-02
2.649667279144e-03,3.279987477628e+01,6.007323986815e+00,6.714917046816e+03,2.786842583981e+03,1.507480821704e+01,1.348628082335e-02
2.651639580644e-03,3.279605918454e+01,6.009798173635e+00,6.720789568127e+03,2.786586151442e+03,1.507619542297e+01,1.348128680416e-02
2.653610740533e-03,3.279224155744e+01,6.012271446173e+00,6.726667697281e+03,2.786329580945e+03,1.507758363077e+01,1.347629013653e-02
2.655580758626e-03,3.278842189802e+01,6.014743800243e+00,6.732551437366e+03,2.786072872692e+03,1.507897283982e+01,1.347129082431e-02
2.657549634735e-03,3.278460020933e+01,6.017215231665e+00,6.738440791480e+03,2.785816026887e+03,1.508036304951e+01,1.346628887135e-02
2.659517368677e-03,3.278077649441e+01,6.019685736269e+00,6.744335762735e+03,2.785559043731e+03,1.508175425922e+01,1.346128428151e-02
2.661483960270e-03,3.277695075630e+01,6.022155309896e+00,6.750236354254e+03,2.785301923426e+03,1.508314646834e+01,1.345627705866e-02
2.663449409333e-03,3.277312299803e+01,6.024623948395e+00,6.756142569168e+03,2.785044666176e+03,1.508453967627e+01,1.345126720666e-02
2.665413715687e-03,3.276929322265e+01,6.027091647625e+00,6.762054410620e+03,2.784787272182e+03,1.508593388238e+01,1.344625472938e-02
2.667376879153e-03,3.276546143320e+01,6.029558403454e+00,6.767971881767e+03,2.784529741645e+03,1.508732908607e+01,1.344123963068e-02
2.669338899557e-03,3.276162763269e+01,6.032024211761e+00,6.773894985774e+03,2.784272074768e+03,1.508872528672e+01,1.343622191446e-02
2.671299776723e-03,3.275779182418e+01,6.034489068432e+00,6.779823725817e+03,2.784014271753e+03,1.509012248372e+01,1.343120158457e-02
2.673259510479e-03,3.275395401069e+01,6.036952969365e+00,6.785758105085e+03,2.783756332801e+03,1.509152067646e+01,1.342617864491e-02
2.675218100653e-03,3.275011419525e+01,6.039415910466e+00,6.791698126778e+03,2.783498258113e+03,1.509291986434e+01,1.342115309935e-02
2.677175547075e-03,3.274627238089e+01,6.041877887651e+00,6.797643794103e+03,2.783240047892e+03,1.509432004673e+01,1.341612495179e-02
2.679131849578e-03,3.274242857062e+01,6.044338896845e+00,6.803595110287e+03,2.782981702338e+03,1.509572122303e+01,1.341109420611e-02
2.681087007994e-03,3.273858276749e+01,6.046798933984e+00,6.809552078558e+03,2.782723221653e+03,1.509712339263e+01,1.340606086621e-02
2.683041022158e-03,3.273473497451e+01,6.049257995010e+00,6.815514702161e+03,2.782464606037e+03,1.509852655492e+01,1.340102493598e-02
2.684993891908e-03,3.273088519470e+01,6.051716075878e+00,6.821482984351e+03,2.782205855692e+03,1.509993070929e+01,1.339598641933e-02
2.686945617079e-03,3.272703343108e+01,6.054173172551e+00,6.827456928392e+03,2.781946970819e+03,1.510133585512e+01,1.339094532015e-02
2.688896197514e-03,3.272317968667e+01,6.056629281002e+00,6.833436537564e+03,2.781687951618e+03,1.510274199182e+01,1.338590164235e-02
2.690845633052e-03,3.271932396448e+01,6.059084397213e+00,6.839421815153e+03,2.781428798290e+03,1.510414911876e+01,1.338085538984e-02
2.692793923536e-03,3.271546626754e+01,6.061538517175e+00,6.845412764459e+03,2.781169511036e+03,1.510555723535e+01,1.337580656653e-02
2.694741068810e-03,3.271160659885e+01,6.063991636889e+00,6.851409388791e+03,2.780910090055e+03,1.510696634097e+01,1.337075517635e-02
2.696687068721e-03,3.270774496142e+01,6.066443752367e+00,6.857411691473e+03,2.780650535549e+03,1.510837643502e+01,1.336570122319e-02
2.698631923116e-03,3.270388135826e+01,6.068894859626e+00,6.863419675835e+03,2.780390847717e+03,1.510978751689e+01,1.336064471099e-02
2.700575631843e-03,3.270001579239e+01,6.071344954698e+00,6.869433345221e+03,2.780131026760e+03,1.511119958596e+01,1.335558564368e-02
2.702518194752e-03,3.269614826680e+01,6.073794033621e+00,6.875452702988e+03,2.779871072877e+03,1.511261264164e+01,1.335052402517e-02
2.704459611697e-03,3.269227878451e+01,6.076242092442e+00,6.881477752500e+03,2.779610986269e+03,1.511402668331e+01,1.334545985941e-02
2.706399882530e-03,3.268840734851e+01,6.078689127220e+00,6.887508497136e+03,2.779350767134e+03,1.511544171037e+01,1.334039315032e-02
2.708339007107e-03,3.268453396180e+01,6.081135134022e+00,6.893544940283e+03,2.779090415674e+03,1.511685772221e+01,1.333532390183e-02
2.710276985284e-03,3.268065862739e+01,6.083580108924e+00,6.899587085340e+03,2.778829932087e+03,1.511827471822e+01,1.333025211790e-02
2.712213816919e-03,3.267678134826e+01,6.086024048013e+00,6.905634935718e+03,2.778569316573e+03,1.511969269780e+01,1.332517780247e-02
2.714149501872e-03,3.267290212743e+01,6.088466947383e+00,6.911688494841e+03,2.778308569331e+03,1.512111166035e+01,1.332010095948e-02
2.716084040004e-03,3.266902096787e+01,6.090908803140e+00,6.917747766140e+03,2.778047690560e+03,1.512253160525e+01,1.331502159287e-02
2.718017431178e-03,3.266513787259e+01,6.093349611397e+00,6.923812753058e+03,2.777786680459e+03,1.512395253191e+01,1.330993970661e-02
2.719949675259e-03,3.266125284457e+01,6.095789368278e+00,6.929883459054e+03,2.777525539228e+03,1.512537443971e+01,1.330485530465e-02
2.721880772112e-03,3.265736588681e+01,6.098228069917e+00,6.935959887591e+03,2.777264267064e+03,1.512679732806e+01,1.329976839095e-02
2.723810721604e-03,3.265347700228e+01,6.100665712456e+00,6.942042042148e+03,2.777002864168e+03,1.512822119634e+01,1.329467896947e-02
2.725739523604e-03,3.264958619397e+01,6.103102292046e+00,6.948129926215e+03,2.776741330737e+03,1.512964604395e+01,1.328958704418e-02
2.727667177983e-03,3.264569346487e+01,6.105537804850e+00,6.954223543291e+03,2.776479666970e+03,1.513107187030e+01,1.328449261904e-02
2.729593684613e-03,3.264179881796e+01,6.107972247037e+00,6.960322896888e+03,2.776217873065e+03,1.513249867477e+01,1.327939569803e-02
2.731519043367e-03,3.263790225622e+01,6.110405614788e+00,6.966427990528e+03,2.775955949220e+03,1.513392645677e+01,1.327429628512e-02
2.733443254120e-03,3.263400378263e+01,6.112837904292e+00,6.972538827744e+03,2.775693895635e+03,1.513535521568e+01,1.326919438429e-02
2.735366316750e-03,3.263010340016e+01,6.115269111748e+00,6.978655412083e+03,2.775431712505e+03,1.513678495091e+01,1.326408999952e-02
2.737288231132e-03,3.262620111178e+01,6.117699233365e+00,6.984777747100e+03,2.775169400030e+03,1.513821566186e+01,1.325898313479e-02
2.739208997148e-03,3.262229692048e+01,6.120128265360e+00,6.990905836361e+03,2.774906958408e+03,1.513964734791e+01,1.325387379409e-02
2.741128614678e-03,3.261839082921e+01,6.122556203959e+00,6.997039683447e+03,2.774644387836e+03,1.514108000848e+01,1.324876198142e-02
2.743047083606e-03,3.261448284095e+01,6.124983045401e+00,7.003179291947e+03,2.774381688511e+03,1.514251364295e+01,1.324364770077e-02
2.744964403814e-03,3.261057295867e+01,6.127408785929e+00,7.009324665462e+03,2.774118860631e+03,1.514394825074e+01,1.323853095612e-02
2.746880575189e-03,3.260666118533e+01,6.129833421799e+00,7.015475807602e+03,2.773855904393e+03,1.514538383122e+01,1.323341175149e-02
2.748795597618e-03,3.260274752390e+01,6.132256949277e+00,7.021632721994e+03,2.773592819994e+03,1.514682038382e+01,1.322829009088e-02
2.750709470989e-03,3.259883197733e+01,6.134679364635e+00,7.027795412271e+03,2.773329607632e+03,1.514825790792e+01,1.322316597828e-02
2.752622195193e-03,3.259491454859e+01,6.137100664157e+00,7.033963882079e+03,2.773066267504e+03,1.514969640292e+01,1.321803941772e-02
2.754533770121e-03,3.259099524063e+01,6.139520844135e+00,7.040138135076e+03,2.772802799805e+03,1.515113586823e+01,1.321291041320e-02
2.756444195666e-03,3.258707405641e+01,6.141939900872e+00,7.046318174929e+03,2.772539204733e+03,1.515257630324e+01,1.320777896874e-02
2.758353471723e-03,3.258315099889e+01,6.144357830678e+00,7.052504005319e+03,2.772275482485e+03,1.515401770736e+01,1.320264508836e-02
2.760261598188e-03,3.257922607101e+01,6.146774629875e+00,7.058695629937e+03,2.772011633257e+03,1.515546007999e+01,1.319750877608e-02
2.762168574959e-03,3.257529927573e+01,6.149190294791e+00,7.064893052483e+03,2.771747657244e+03,1.515690342052e+01,1.319237003592e-02
2.764074401936e-03,3.257137061600e+01,6.151604821767e+00,7.071096276675e+03,2.771483554644e+03,1.515834772837e+01,1.318722887191e-02
2.765979079017e-03,3.256744009476e+01,6.154018207151e+00,7.077305306233e+03,2.771219325653e+03,1.515979300293e+01,1.318208528809e-02
2.767882606107e-03,3.256350771495e+01,6.156430447300e+00,7.083520144895e+03,2.770954970465e+03,1.516123924360e+01,1.317693928849e-02
2.769784983107e-03,3.255957347953e+01,6.158841538582e+00,7.089740796407e+03,2.770690489279e+03,1.516268644978e+01,1.317179087714e-02
2.771686209925e-03,3.255563739143e+01,6.161251477375e+00,7.095967264531e+03,2.770425882287e+03,1.516413462089e+01,1.316664005809e-02
2.773586286465e-03,3.255169945359e+01,6.163660260063e+00,7.102199553034e+03,2.770161149688e+03,1.516558375632e+01,1.316148683538e-02
2.775485212637e-03,3.254775966895e+01,6.166067883041e+00,7.108437665696e+03,2.769896291675e+03,1.516703385548e+01,1.315633121306e-02
2.777382988349e-03,3.254381804044e+01,6.168474342714e+00,7.114681606313e+03,2.769631308444e+03,1.516848491776e+01,1.315117319517e-02
2.779279613513e-03,3.253987457100e+01,6.170879635496e+00,7.120931378685e+03,2.769366200191e+03,1.516993694259e+01,1.314601278577e-02
2.781175088042e-03,3.253592926356e+01,6.173283757809e+00,7.127186986628e+03,2.769100967110e+03,1.517138992935e+01,1.314084998891e-02
2.783069411849e-03,3.253198212105e+01,6.175686706087e+00,7.133448433970e+03,2.768835609397e+03,1.517284387745e+01,1.313568480866e-02
2.784962584850e-03,3.252803314639e+01,6.178088476770e+00,7.139715724546e+03,2.768570127246e+03,1.517429878630e+01,1.313051724908e-02
2.786854606962e-03,3.252408234252e+01,6.180489066310e+00,7.145988862208e+03,2.768304520852e+03,1.517575465531e+01,1.312534731423e-02
2.788745478104e-03,3.252012971235e+01,6.182888471166e+00,7.152267850812e+03,2.768038790409e+03,1.517721148387e+01,1.312017500819e-02
2.790635198195e-03,3.251617525881e+01,6.185286687808e+00,7.158552694233e+03,2.767772936113e+03,1.517866927140e+01,1.311500033501e-02
2.792523767156e-03,3.251221898482e+01,6.187683712715e+00,7.164843396350e+03,2.767506958156e+03,1.518012801730e+01,1.310982329878e-02
2.794411184912e-03,3.250826089330e+01,6.190079542374e+00,7.171139961061e+03,2.767240856734e+03,1.518158772098e+01,1.310464390358e-02
2.796297451386e-03,3.250430098715e+01,6.192474173283e+00,7.177442392270e+03,2.766974632041e+03,1.518304838185e+01,1.309946215348e-02
2.798182566503e-03,3.250033926931e+01,6.194867601948e+00,7.183750693891e+03,2.766708284270e+03,1.518450999931e+01,1.309427805257e-02
2.800066530192e-03,3.249637574267e+01,6.197259824884e+00,7.190064869855e+03,2.766441813614e+03,1.518597257277e+01,1.308909160494e-02
2.801949342381e-03,3.249241041016e+01,6.199650838618e+00,7.196384924101e+03,2.766175220269e+03,1.518743610164e+01,1.308390281468e-02
2.803831003000e-03,3.248844327467e+01,6.202040639681e+00,7.202710860578e+03,2.765908504427e+03,1.518890058532e+01,1.307871168588e-02
2.805711511981e-03,3.248447433911e+01,6.204429224619e+00,7.209042683249e+03,2.765641666282e+03,1.519036602323e+01,1.307351822263e-02
2.807590869257e-03,3.248050360640e+01,6.206816589982e+00,7.215380396087e+03,2.765374706027e+03,1.519183241478e+01,1.306832242904e-02
2.809469074763e-03,3.247653107942e+01,6.209202732334e+00,7.221724003078e+03,2.765107623855e+03,1.519329975937e+01,1.306312430921e-02
2.811346128434e-03,3.247255676109e+01,6.211587648245e+00,7.228073508215e+03,2.764840419959e+03,1.519476805641e+01,1.305792386725e-02
2.813222030209e-03,3.246858065429e+01,6.213971334296e+00,7.234428915508e+03,2.764573094532e+03,1.519623730531e+01,1.305272110725e-02
2.815096780026e-03,3.246460276193e+01,6.216353787074e+00,7.240790228974e+03,2.764305647767e+03,1.519770750549e+01,1.304751603334e-02
2.816970377825e-03,3.246062308691e+01,6.218735003179e+00,7.247157452642e+03,2.764038079856e+03,1.519917865635e+01,1.304230864963e-02
2.818842823550e-03,3.245664163210e+01,6.221114979220e+00,7.253530590556e+03,2.763770390993e+03,1.520065075731e+01,1.303709896024e-02
2.820714117141e-03,3.245265840041e+01,6.223493711811e+00,7.259909646766e+03,2.763502581368e+03,1.520212380778e+01,1.303188696928e-02
2.822584258547e-03,3.244867339473e+01,6.225871197581e+00,7.266294625340e+03,2.763234651175e+03,1.520359780716e+01,1.302667268089e-02
2.824453247710e-03,3.244468661793e+01,6.228247433162e+00,7.272685530347e+03,2.762966600605e+03,1.520507275487e+01,1.302145609918e-02
2.826321084580e-03,3.244069807290e+01,6.230622415201e+00,7.279082365879e+03,2.762698429851e+03,1.520654865033e+01,1.301623722829e-02
2.828187769107e-03,3.243670776253e+01,6.232996140351e+00,7.285485136032e+03,2.762430139104e+03,1.520802549294e+01,1.301101607236e-02
2.830053301239e-03,3.243271568970e+01,6.235368605273e+00,7.291893844915e+03,2.762161728557e+03,1.520950328212e+01,1.300579263551e-02
2.831917680929e-03,3.242872185728e+01,6.237739806641e+00,7.298308496650e+03,2.761893198400e+03,1.521098201727e+01,1.300056692188e-02
2.833780908131e-03,3.242472626816e+01,6.240109741135e+00,7.304729095369e+03,2.761624548824e+03,1.521246169783e+01,1.299533893563e-02
2.835642982800e-03,3.242072892519e+01,6.242478405444e+00,7.311155645213e+03,2.761355780022e+03,1.521394232319e+01,1.299010868089e-02
2.837503904891e-03,3.241672983127e+01,6.244845796269e+00,7.317588150341e+03,2.761086892184e+03,1.521542389278e+01,1.298487616181e-02
2.839363674362e-03,3.241272898925e+01,6.247211910316e+00,7.324026614913e+03,2.760817885502e+03,1.521690640601e+01,1.297964138254e-02
2.841222291175e-03,3.240872640201e+01,6.249576744305e+00,7.330471043117e+03,2.760548760166e+03,1.521838986229e+01,1.297440434724e-02
2.843079755286e-03,3.240472207242e+01,6.251940294961e+00,7.336921439132e+03,2.760279516367e+03,1.521987426104e+01,1.296916506006e-02
2.844936066660e-03,3.240071600332e+01,6.254302559019e+00,7.343377807161e+03,2.760010154296e+03,1.522135960167e+01,1.296392352517e-02
2.846791225260e-03,3.239670819760e+01,6.256663533225e+00,7.349840151417e+03,2.759740674143e+03,1.522284588360e+01,1.295867974673e-02
2.848645231050e-03,3.239269865811e+01,6.259023214333e+00,7.356308476126e+03,2.759471076098e+03,1.522433310626e+01,1.295343372889e-02
2.850498083997e-03,3.238868738770e+01,6.261381599104e+00,7.362782785517e+03,2.759201360351e+03,1.522582126905e+01,1.294818547585e-02
2.852349784069e-03,3.238467438923e+01,6.263738684311e+00,7.369263083839e+03,2.758931527094e+03,1.522731037138e+01,1.294293499175e-02
2.854200331235e-03,3.238065966556e+01,6.266094466735e+00,7.375749375349e+03,2.758661576515e+03,1.522880041269e+01,1.293768228078e-02
2.856049725464e-03,3.237664321954e+01,6.268448943165e+00,7.382241664314e+03,2.758391508804e+03,1.523029139239e+01,1.293242734713e-02
2.857897966730e-03,3.237262505402e+01,6.270802110402e+00,7.388739955019e+03,2.758121324151e+03,1.523178330989e+01,1.292717019496e-02
2.859745055005e-03,3.236860517184e+01,6.273153965252e+00,7.395244251748e+03,2.757851022747e+03,1.523327616461e+01,1.292191082846e-02
2.861590990265e-03,3.236458357585e+01,6.275504504534e+00,7.401754558812e+03,2.757580604778e+03,1.523476995598e+01,1.291664925183e-02
2.863435772485e-03,3.236056026889e+01,6.277853725073e+00,7.408270880520e+03,2.757310070436e+03,1.523626468341e+01,1.291138546924e-02
2.865279401643e-03,3.235653525381e+01,6.280201623704e+00,7.414793221199e+03,2.757039419909e+03,1.523776034632e+01,1.290611948490e-02
2.867121877718e-03,3.235250853345e+01,6.282548197271e+00,7.421321585184e+03,2.756768653387e+03,1.523925694414e+01,1.290085130299e-02
2.868963200692e-03,3.234848011063e+01,6.284893442630e+00,7.427855976832e+03,2.756497771057e+03,1.524075447628e+01,1.289558092772e-02
2.870803370543e-03,3.234444998821e+01,6.287237356638e+00,7.434396400491e+03,2.756226773109e+03,1.524225294216e+01,1.289030836329e-02
2.872642387259e-03,3.234041816900e+01,6.289579936171e+00,7.440942860542e+03,2.755955659731e+03,1.524375234121e+01,1.288503361390e-02
2.874480250820e-03,3.233638465584e+01,6.291921178107e+00,7.447495361364e+03,2.755684431112e+03,1.524525267284e+01,1.287975668377e-02
2.876316961215e-03,3.233234945156e+01,6.294261079335e+00,7.454053907348e+03,2.755413087440e+03,1.524675393649e+01,1.287447757710e-02
2.878152518431e-03,3.232831255898e+01,6.296599636754e+00,7.460618502909e+03,2.755141628903e+03,1.524825613156e+01,1.286919629809e-02
2.879986922456e-03,3.232427398093e+01,6.298936847271e+00,7.467189152455e+03,2.754870055689e+03,1.524975925749e+01,1.286391285099e-02
2.881820173280e-03,3.232023372024e+01,6.301272707801e+00,7.473765860418e+03,2.754598367985e+03,1.525126331370e+01,1.285862723999e-02
2.883652270896e-03,3.231619177971e+01,6.303607215270e+00,7.480348631241e+03,2.754326565980e+03,1.525276829960e+01,1.285333946932e-02
2.885483215296e-03,3.231214816218e+01,6.305940366611e+00,7.486937469369e+03,2.754054649861e+03,1.525427421463e+01,1.284804954322e-02
2.887313006474e-03,3.230810287045e+01,6.308272158768e+00,7.493532379269e+03,2.753782619816e+03,1.525578105821e+01,1.284275746590e-02
2.889141644427e-03,3.230405590734e+01,6.310602588692e+00,7.500133365417e+03,2.753510476031e+03,1.525728882977e+01,1.283746324159e-02
2.890969129150e-03,3.230000727567e+01,6.312931653344e+00,7.506740432295e+03,2.753238218694e+03,1.525879752872e+01,1.283216687453e-02
2.892795460644e-03,3.229595697823e+01,6.315259349694e+00,7.513353584402e+03,2.752965847992e+03,1.526030715449e+01,1.282686836896e-02
2.894620638908e-03,3.229190501784e+01,6.317585674720e+00,7.519972826247e+03,2.752693364111e+03,1.526181770652e+01,1.282156772912e-02
2.896444663941e-03,3.228785139730e+01,6.319910625408e+00,7.526598162347e+03,2.752420767239e+03,1.526332918422e+01,1.281626495925e-02
2.898267535750e-03,3.228379611942e+01,6.322234198758e+00,7.533229597242e+03,2.752148057562e+03,1.526484158702e+01,1.281096006358e-02
2.900089254335e-03,3.227973918699e+01,6.324556391771e+00,7.539867135462e+03,2.751875235266e+03,1.526635491435e+01,1.280565304639e-02
2.901909819705e-03,3.227568060282e+01,6.326877201464e+00,7.546510781575e+03,2.751602300538e+03,1.526786916564e+01,1.280034391190e-02
2.903729231864e-03,3.227162036970e+01,6.329196624859e+00,7.553160540139e+03,2.751329253563e+03,1.526938434031e+01,1.279503266438e-02
2.905547490821e-03,3.226755849042e+01,6.331514658988e+00,7.559816415732e+03,2.751056094529e+03,1.527090043779e+01,1.278971930808e-02
2.907364596586e-03,3.226349496779e+01,6.333831300891e+00,7.566478412947e+03,2.750782823620e+03,1.527241745751e+01,1.278440384726e-02
2.909180549168e-03,3.225942980458e+01,6.336146547617e+00,7.573146536377e+03,2.750509441022e+03,1.527393539891e+01,1.277908628619e-02
2.910995348581e-03,3.225536300358e+01,6.338460396226e+00,7.579820790641e+03,2.750235946921e+03,1.527545426140e+01,1.277376662913e-02
2.912808994840e-03,3.225129456759e+01,6.340772843785e+00,7.586501180362e+03,2.749962341502e+03,1.527697404442e+01,1.276844488034e-02
2.914621487956e-03,3.224722449938e+01,6.343083887368e+00,7.593187710169e+03,2.749688624951e+03,1.527849474740e+01,1.276312104410e-02
2.916432827949e-03,3.224315280173e+01,6.345393524062e+00,7.599880384713e+03,2.749414797452e+03,1.528001636976e+01,1.275779512468e-02
2.918243014835e-03,3.223907947743e+01,6.347701750960e+00,7.606579208653e+03,2.749140859190e+03,1.528153891095e+01,1.275246712636e-02
2.920052048632e-03,3.223500452925e+01,6.350008565162e+00,7.613284186652e+03,2.748866810352e+03,1.528306237039e+01,1.274713705342e-02
2.921859929363e-03,3.223092795997e+01,6.352313963783e+00,7.619995323398e+03,2.748592651120e+03,1.528458674751e+01,1.274180491013e-02
2.923666657048e-03,3.222684977235e+01,6.354617943939e+00,7.626712623577e+03,2.748318381679e+03,1.528611204174e+01,1.273647070079e-02
2.925472231711e-03,3.222276996917e+01,6.356920502763e+00,7.633436091900e+03,2.748044002215e+03,1.528763825252e+01,1.273113442967e-02
2.927276653376e-03,3.221868855320e+01,6.359221637390e+00,7.640165733076e+03,2.747769512911e+03,1.528916537928e+01,1.272579610107e-02
2.929079922068e-03,3.221460552720e+01,6.361521344965e+00,7.646901551831e+03,2.747494913951e+03,1.529069342145e+01,1.272045571929e-02
2.930882037815e-03,3.221052089393e+01,6.363819622645e+00,7.653643552909e+03,2.747220205520e+03,1.529222237847e+01,1.271511328862e-02
2.932683000646e-03,3.220643465616e+01,6.366116467594e+00,7.660391741057e+03,2.746945387800e+03,1.529375224977e+01,1.270976881335e-02
2.934482810589e-03,3.220234681664e+01,6.368411876982e+00,7.667146121033e+03,2.746670460977e+03,1.529528303478e+01,1.270442229779e-02
2.936281467677e-03,3.219825737814e+01,6.370705847993e+00,7.673906697615e+03,2.746395425232e+03,1.529681473294e+01,1.269907374625e-02
2.938078971943e-03,3.219416634340e+01,6.372998377815e+00,7.680673475585e+03,2.746120280750e+03,1.529834734369e+01,1.269372316302e-02
2.939875323417e-03,3.219007371518e+01,6.375289463646e+00,7.687446459735e+03,2.745845027714e+03,1.529988086646e+01,1.268837055241e-02
2.941670522140e-03,3.218597949623e+01,6.377579102696e+00,7.694225654881e+03,2.745569666306e+03,1.530141530068e+01,1.268301591875e-02
2.943464568144e-03,3.218188368930e+01,6.379867292179e+00,7.701011065835e+03,2.745294196710e+03,1.530295064580e+01,1.267765926634e-02
2.945257461467e-03,3.217778629713e+01,6.382154029319e+00,7.707802697427e+03,2.745018619109e+03,1.530448690125e+01,1.267230059950e-02
2.947049202150e-03,3.217368732246e+01,6.384439311350e+00,7.714600554501e+03,2.744742933685e+03,1.530602406646e+01,1.266693992255e-02
2.948839790234e-03,3.216958676804e+01,6.386723135516e+00,7.721404641914e+03,2.744467140621e+03,1.530756214088e+01,1.266157723982e-02
2.950629225759e-03,3.216548463661e+01,6.389005499064e+00,7.728214964523e+03,2.744191240098e+03,1.530910112394e+01,1.265621255562e-02
2.952417508769e-03,3.216138093090e+01,6.391286399255e+00,7.735031527210e+03,2.743915232299e+03,1.531064101508e+01,1.265084587430e-02
2.954204639308e-03,3.215727565365e+01,6.393565833358e+00,7.741854334862e+03,2.743639117407e+03,1.531218181374e+01,1.264547720016e-02
2.955990617422e-03,3.215316880758e+01,6.395843798648e+00,7.748683392377e+03,2.743362895602e+03,1.531372351936e+01,1.264010653757e-02
2.957775443159e-03,3.214906039544e+01,6.398120292410e+00,7.755518704667e+03,2.743086567067e+03,1.531526613138e+01,1.263473389083e-02
2.959559116566e-03,3.214495041994e+01,6.400395311939e+00,7.762360276654e+03,2.742810131984e+03,1.531680964924e+01,1.262935926431e-02
2.961341637694e-03,3.214083888381e+01,6.402668854537e+00,7.769208113274e+03,2.742533590532e+03,1.531835407238e+01,1.262398266233e-02
2.963123006592e-03,3.213672578977e+01,6.404940917514e+00,7.776062219470e+03,2.742256942895e+03,1.531989940024e+01,1.261860408924e-02
2.964903223315e-03,3.213261114055e+01,6.407211498189e+00,7.782922600199e+03,2.741980189253e+03,1.532144563226e+01,1.261322354939e-02
2.966682287915e-03,3.212849493887e+01,6.409480593892e+00,7.789789260433e+03,2.741703329787e+03,1.532299276788e+01,1.260784104712e-02
2.968460200447e-03,3.212437718743e+01,6.411748201959e+00,7.796662205150e+03,2.741426364677e+03,1.532454080655e+01,1.260245658679e-02
2.970236960969e-03,3.212025788896e+01,6.414014319735e+00,7.803541439341e+03,2.741149294105e+03,1.532608974771e+01,1.259707017275e-02
2.972012569537e-03,3.211613704616e+01,6.416278944574e+00,7.810426968012e+03,2.740872118251e+03,1.532763959080e+01,1.259168180937e-02
2.973787026209e-03,3.211201466175e+01,6.418542073837e+00,7.817318796174e+03,2.740594837296e+03,1.532919033527e+01,1.258629150099e-02
2.975560331047e-03,3.210789073842e+01,6.420803704897e+00,7.824216928859e+03,2.740317451418e+03,1.533074198056e+01,1.258089925198e-02
2.977332484112e-03,3.210376527890e+01,6.423063835131e+00,7.831121371098e+03,2.740039960800e+03,1.533229452611e+01,1.257550506670e-02
2.979103485467e-03,3.209963828587e+01,6.425322461929e+00,7.838032127947e+03,2.739762365620e+03,1.533384797136e+01,1.257010894953e-02
2.980873335176e-03,3.209550976204e+01,6.427579582687e+00,7.844949204465e+03,2.739484666058e+03,1.533540231578e+01,1.256471090483e-02
2.982642033303e-03,3.209137971011e+01,6.429835194807e+00,7.851872605722e+03,2.739206862293e+03,1.533695755879e+01,1.255931093697e-02
2.984409579917e-03,3.208724813277e+01,6.432089295707e+00,7.858802336807e+03,2.738928954507e+03,1.533851369984e+01,1.255390905033e-02
2.986175975084e-03,3.208311503272e+01,6.434341882804e+00,7.865738402810e+03,2.738650942877e+03,1.534007073839e+01,1.254850524929e-02
2.987941218874e-03,3.207898041264e+01,6.436592953532e+00,7.872680808846e+03,2.738372827582e+03,1.534162867388e+01,1.254309953822e-02
2.989705311358e-03,3.207484427522e+01,6.438842505329e+00,7.879629560029e+03,2.738094608802e+03,1.534318750575e+01,1.253769192151e-02
2.991468252607e-03,3.207070662316e+01,6.441090535639e+00,7.886584661487e+03,2.737816286716e+03,1.534474723345e+01,1.253228240354e-02
2.993230042695e-03,3.206656745913e+01,6.443337041923e+00,7.893546118370e+03,2.737537861501e+03,1.534630785644e+01,1.252687098870e-02
2.994990681696e-03,3.206242678582e+01,6.445582021640e+00,7.900513935824e+03,2.737259333338e+03,1.534786937416e+01,1.252145768138e-02
2.996750169685e-03,3.205828460590e+01,6.447825472265e+00,7.907488119021e+03,2.736980702404e+03,1.534943178606e+01,1.251604248597e-02
2.998508506740e-03,3.205414092206e+01,6.450067391279e+00,7.914468673133e+03,2.736701968877e+03,1.535099509158e+01,1.251062540686e-02
3.000265692938e-03,3.204999573696e+01,6.452307776170e+00,7.921455603348e+03,2.736423132935e+03,1.535255929019e+01,1.250520644846e-02
3.002021728360e-03,3.204584905328e+01,6.454546624437e+00,7.928448914873e+03,2.736144194756e+03,1.535412438133e+01,1.249978561516e-02
3.003776613085e-03,3.204170087370e+01,6.456783933584e+00,7.935448612910e+03,2.735865154519e+03,1.535569036444e+01,1.249436291137e-02
3.005530347196e-03,3.203755120087e+01,6.459019701128e+00,7.942454702692e+03,2.735586012400e+03,1.535725723899e+01,1.248893834148e-02
3.007282930777e-03,3.203340003746e+01,6.461253924590e+00,7.949467189447e+03,2.735306768577e+03,1.535882500442e+01,1.248351190991e-02
3.009034363911e-03,3.202924738614e+01,6.463486601501e+00,7.956486078423e+03,2.735027423228e+03,1.536039366019e+01,1.247808362106e-02
3.010784646686e-03,3.202509324956e+01,6.465717729401e+00,7.963511374880e+03,2.734747976529e+03,1.536196320574e+01,1.247265347935e-02
3.012533779187e-03,3.202093763039e+01,6.467947305838e+00,7.970543084086e+03,2.734468428658e+03,1.536353364053e+01,1.246722148919e-02
3.014281761503e-03,3.201678053127e+01,6.470175328368e+00,7.977581211322e+03,2.734188779791e+03,1.536510496402e+01,1.246178765500e-02
3.016028593724e-03,3.201262195487e+01,6.472401794555e+00,7.984625761885e+03,2.733909030105e+03,1.536667717566e+01,1.245635198119e-02
3.017774275940e-03,3.200846190384e+01,6.474626701972e+00,7.991676741072e+03,2.733629179776e+03,1.536825027490e+01,1.245091447219e-02
3.019518808244e-03,3.200430038082e+01,6.476850048200e+00,7.998734154206e+03,2.733349228981e+03,1.536982426120e+01,1.244547513242e-02
3.021262190729e-03,3.200013738846e+01,6.479071830828e+00,8.005798006611e+03,2.733069177896e+03,1.537139913401e+01,1.244003396630e-02
3.023004423489e-03,3.199597292940e+01,6.481292047454e+00,8.012868303627e+03,2.732789026697e+03,1.537297489278e+01,1.243459097827e-02
3.024745506622e-03,3.199180700629e+01,6.483510695684e+00,8.019945050609e+03,2.732508775560e+03,1.537455153699e+01,1.242914617275e-02
3.026485440223e-03,3.198763962177e+01,6.485727773132e+00,8.027028252913e+03,2.732228424661e+03,1.537612906607e+01,1.242369955418e-02
3.028224224391e-03,3.198347077847e+01,6.487943277419e+00,8.034117915918e+03,2.731947974175e+03,1.537770747949e+01,1.241825112699e-02
3.029961859226e-03,3.197930047902e+01,6.490157206177e+00,8.041214045007e+03,2.731667424277e+03,1.537928677671e+01,1.241280089562e-02
3.031698344829e-03,3.197512872606e+01,6.492369557045e+00,8.048316645581e+03,2.731386775144e+03,1.538086695718e+01,1.240734886451e-02
3.033433681301e-03,3.197095552223e+01,6.494580327668e+00,8.055425723045e+03,2.731106026949e+03,1.538244802036e+01,1.240189503810e-02
3.035167868746e-03,3.196678087014e+01,6.496789515704e+00,8.062541282824e+03,2.730825179869e+03,1.538402996571e+01,1.239643942084e-02
3.036900907268e-03,3.196260477242e+01,6.498997118815e+00,8.069663330346e+03,2.730544234077e+03,1.538561279270e+01,1.239098201717e-02
3.038632796974e-03,3.195842723170e+01,6.501203134672e+00,8.076791871060e+03,2.730263189748e+03,1.538719650077e+01,1.238552283154e-02
3.040363537970e-03,3.195424825059e+01,6.503407560954e+00,8.083926910415e+03,2.729982047057e+03,1.538878108939e+01,1.238006186841e-02
3.042093130366e-03,3.195006783171e+01,6.505610395353e+00,8.091068453888e+03,2.729700806179e+03,1.539036655802e+01,1.237459913221e-02
3.043821574269e-03,3.194588597769e+01,6.507811635561e+00,8.098216506949e+03,2.729419467286e+03,1.539195290613e+01,1.236913462743e-02
3.045548869791e-03,3.194170269112e+01,6.510011279282e+00,8.105371075090e+03,2.729138030554e+03,1.539354013316e+01,1.236366835850e-02
3.047275017045e-03,3.193751797463e+01,6.512209324233e+00,8.112532163821e+03,2.728856496156e+03,1.539512823859e+01,1.235820032988e-02
3.049000016142e-03,3.193333183082e+01,6.514405768129e+00,8.119699778647e+03,2.728574864266e+03,1.539671722188e+01,1.235273054605e-02
3.050723867197e-03,3.192914426229e+01,6.516600608702e+00,8.126873925096e+03,2.728293135056e+03,1.539830708249e+01,1.234725901147e-02
3.052446570327e-03,3.192495527166e+01,6.518793843688e+00,8.134054608709e+03,2.728011308702e+03,1.539989781988e+01,1.234178573060e-02
3.054168125648e-03,3.192076486152e+01,6.520985470831e+00,8.141241835031e+03,2.727729385376e+03,1.540148943352e+01,1.233631070791e-02
3.055888533277e-03,3.191657303446e+01,6.523175487884e+00,8.148435609624e+03,2.727447365250e+03,1.540308192288e+01,1.233083394787e-02
3.057607793335e-03,3.191237979310e+01,6.525363892609e+00,8.155635938060e+03,2.727165248498e+03,1.540467528741e+01,1.232535545496e-02
3.059325905942e-03,3.190818514002e+01,6.527550682774e+00,8.162842825922e+03,2.726883035293e+03,1.540626952658e+01,1.231987523364e-02
3.061042871219e-03,3.190398907781e+01,6.529735856157e+00,8.170056278810e+03,2.726600725806e+03,1.540786463985e+01,1.231439328840e-02
3.062758689290e-03,3.189979160906e+01,6.531919410542e+00,8.177276302325e+03,2.726318320211e+03,1.540946062671e+01,1.230890962373e-02
3.064473360277e-03,3.189559273636e+01,6.534101343722e+00,8.184502902089e+03,2.726035818680e+03,1.541105748660e+01,1.230342424409e-02
3.066186884308e-03,3.189139246229e+01,6.536281653500e+00,8.191736083733e+03,2.725753221385e+03,1.541265521900e+01,1.229793715397e-02
3.067899261508e-03,3.188719078944e+01,6.538460337683e+00,8.198975852898e+03,2.725470528497e+03,1.541425382337e+01,1.229244835786e-02
3.069610492005e-03,3.188298772039e+01,6.540637394091e+00,8.206222215243e+03,2.725187740188e+03,1.541585329919e+01,1.228695786024e-02
3.071320575928e-03,3.187878325770e+01,6.542812820545e+00,8.213475176425e+03,2.724904856631e+03,1.541745364592e+01,1.228146566562e-02
3.073029513407e-03,3.187457740396e+01,6.544986614882e+00,8.220734742127e+03,2.724621877996e+03,1.541905486302e+01,1.227597177847e-02
3.074737304573e-03,3.187037016174e+01,6.547158774941e+00,8.228000918038e+03,2.724338804455e+03,1.542065694998e+01,1.227047620329e-02
3.076443949559e-03,3.186616153361e+01,6.549329298573e+00,8.235273709858e+03,2.724055636179e+03,1.542225990626e+01,1.226497894458e-02
3.078149448499e-03,3.186195152213e+01,6.551498183633e+00,8.242553123299e+03,2.723772373339e+03,1.542386373133e+01,1.225948000684e-02
3.079853801528e-03,3.185774012988e+01,6.553665427986e+00,8.249839164085e+03,2.723489016105e+03,1.542546842466e+01,1.225397939456e-02
3.081557008780e-03,3.185352735941e+01,6.555831029506e+00,8.257131837951e+03,2.723205564648e+03,1.542707398572e+01,1.224847711226e-02
3.083259070395e-03,3.184931321328e+01,6.557994986074e+00,8.264431150649e+03,2.722922019140e+03,1.542868041398e+01,1.224297316442e-02
3.084959986511e-03,3.184509769405e+01,6.560157295579e+00,8.271737107935e+03,2.722638379749e+03,1.543028770892e+01,1.223746755557e-02
3.086659757265e-03,3.184088080428e+01,6.562317955915e+00,8.279049715577e+03,2.722354646646e+03,1.543189587001e+01,1.223196029021e-02
3.088358382801e-03,3.183666254652e+01,6.564476964990e+00,8.286368979363e+03,2.722070820002e+03,1.543350489672e+01,1.222645137284e-02
3.090055863259e-03,3.183244292332e+01,6.566634320713e+00,8.293694905083e+03,2.721786899986e+03,1.543511478852e+01,1.222094080798e-02
3.091752198785e-03,3.182822193722e+01,6.568790021008e+00,8.301027498551e+03,2.721502886767e+03,1.543672554490e+01,1.221542860015e-02
3.093447389519e-03,3.182399959078e+01,6.570944063800e+00,8.308366765572e+03,2.721218780516e+03,1.543833716532e+01,1.220991475386e-02
3.095141435610e-03,3.181977588654e+01,6.573096447026e+00,8.315712711988e+03,2.720934581401e+03,1.543994964926e+01,1.220439927362e-02
3.096834337202e-03,3.181555082703e+01,6.575247168630e+00,8.323065343630e+03,2.720650289592e+03,1.544156299619e+01,1.219888216396e-02
3.098526094446e-03,3.181132441479e+01,6.577396226564e+00,8.330424666361e+03,2.720365905257e+03,1.544317720560e+01,1.219336342941e-02
3.100216707489e-03,3.180709665237e+01,6.579543618786e+00,8.337790686039e+03,2.720081428566e+03,1.544479227695e+01,1.218784307448e-02
3.101906176482e-03,3.180286754229e+01,6.581689343265e+00,8.345163408543e+03,2.719796859688e+03,1.544640820972e+01,1.218232110369e-02
3.103594501575e-03,3.179863708708e+01,6.583833397974e+00,8.352542839757e+03,2.719512198790e+03,1.544802500340e+01,1.217679752159e-02
3.105281682922e-03,3.179440528928e+01,6.585975780898e+00,8.359928985587e+03,2.719227446041e+03,1.544964265746e+01,1.217127233269e-02
3.106967720677e-03,3.179017215140e+01,6.588116490026e+00,8.367321851943e+03,2.718942601610e+03,1.545126117138e+01,1.216574554153e-02
3.108652614993e-03,3.178593767598e+01,6.590255523357e+00,8.374721444746e+03,2.718657665664e+03,1.545288054463e+01,1.216021715264e-02
3.110336366028e-03,3.178170186553e+01,6.592392878897e+00,8.382127769934e+03,2.718372638371e+03,1.545450077670e+01,1.215468717056e-02
3.112018973936e-03,3.177746472257e+01,6.594528554659e+00,8.389540833449e+03,2.718087519899e+03,1.545612186706e+01,1.214915559982e-02
3.113700438880e-03,3.177322624962e+01,6.596662548666e+00,8.396960641258e+03,2.717802310416e+03,1.545774381521e+01,1.214362244496e-02
3.115380761016e-03,3.176898644918e+01,6.598794858946e+00,8.404387199323e+03,2.717517010089e+03,1.545936662061e+01,1.213808771053e-02
3.117059940505e-03,3.176474532379e+01,6.600925483536e+00,8.411820513629e+03,2.717231619085e+03,1.546099028275e+01,1.213255140106e-02
3.118737977511e-03,3.176050287593e+01,6.603054420483e+00,8.419260590174e+03,2.716946137571e+03,1.546261480111e+01,1.212701352109e-02
3.120414872195e-03,3.175625910811e+01,6.605181667836e+00,8.426707434960e+03,2.716660565714e+03,1.546424017517e+01,1.212147407518e-02
3.122090624720e-03,3.175201402285e+01,6.607307223656e+00,8.434161054002e+03,2.716374903681e+03,1.546586640442e+01,1.211593306788e-02
3.123765235254e-03,3.174776762264e+01,6.609431086012e+00,8.441621453335e+03,2.716089151638e+03,1.546749348834e+01,1.211039050372e-02
3.125438703961e-03,3.174351990998e+01,6.611553252978e+00,8.449088638993e+03,2.715803309752e+03,1.546912142641e+01,1.210484638727e-02
3.127111031010e-03,3.173927088736e+01,6.613673722638e+00,8.456562617038e+03,2.715517378189e+03,1.547075021812e+01,1.209930072307e-02
3.128782216568e-03,3.173502055729e+01,6.615792493081e+00,8.464043393526e+03,2.715231357116e+03,1.547237986295e+01,1.209375351569e-02
3.130452260806e-03,3.173076892224e+01,6.617909562407e+00,8.471530974536e+03,2.714945246697e+03,1.547401036038e+01,1.208820476967e-02
3.132121163895e-03,3.172651598472e+01,6.620024928720e+00,8.479025366156e+03,2.714659047099e+03,1.547564170991e+01,1.208265448957e-02
3.133788926007e-03,3.172226174720e+01,6.622138590135e+00,8.486526574488e+03,2.714372758488e+03,1.547727391102e+01,1.207710267996e-02
3.135455547314e-03,3.171800621218e+01,6.624250544773e+00,8.494034605641e+03,2.714086381028e+03,1.547890696319e+01,1.207154934539e-02
3.137121027991e-03,3.171374938212e+01,6.626360790761e+00,8.501549465741e+03,2.713799914885e+03,1.548054086592e+01,1.206599449043e-02
3.138785368214e-03,3.170949125952e+01,6.628469326236e+00,8.509071160921e+03,2.713513360224e+03,1.548217561869e+01,1.206043811964e-02
3.140448568158e-03,3.170523184684e+01,6.630576149342e+00,8.516599697328e+03,2.713226717210e+03,1.548381122099e+01,1.205488023759e-02
3.142110628002e-03,3.170097114656e+01,6.632681258230e+00,8.524135081121e+03,2.712939986009e+03,1.548544767230e+01,1.204932084885e-02
3.143771547924e-03,3.169670916116e+01,6.634784651059e+00,8.531677318471e+03,2.712653166783e+03,1.548708497212e+01,1.204375995799e-02
3.145431328105e-03,3.169244589309e+01,6.636886325994e+00,8.539226415562e+03,2.712366259698e+03,1.548872311994e+01,1.203819756957e-02
3.147089968724e-03,3.168818134484e+01,6.638986281211e+00,8.546782378586e+03,2.712079264918e+03,1.549036211524e+01,1.203263368818e-02
3.148747469965e-03,3.168391551885e+01,6.641084514889e+00,8.554345213749e+03,2.711792182608e+03,1.549200195752e+01,1.202706831838e-02
3.150403832010e-03,3.167964841760e+01,6.643181025219e+00,8.561914927271e+03,2.711505012930e+03,1.549364264628e+01,1.202150146475e-02
3.152059055044e-03,3.167538004354e+01,6.645275810394e+00,8.569491525375e+03,2.711217756050e+03,1.549528418099e+01,1.201593313188e-02
3.153713139252e-03,3.167111039912e+01,6.647368868621e+00,8.577075014313e+03,2.710930412129e+03,1.549692656115e+01,1.201036332432e-02
3.155366084822e-03,3.166683948681e+01,6.649460198110e+00,8.584665400332e+03,2.710642981333e+03,1.549856978625e+01,1.200479204668e-02
3.157017891938e-03,3.166256730906e+01,6.651549797079e+00,8.592262689694e+03,2.710355463824e+03,1.550021385580e+01,1.199921930353e-02
3.158668560793e-03,3.165829386830e+01,6.653637663754e+00,8.599866888682e+03,2.710067859765e+03,1.550185876927e+01,1.199364509946e-02
3.160318091574e-03,3.165401916699e+01,6.655723796369e+00,8.607478003582e+03,2.709780169319e+03,1.550350452618e+01,1.198806943904e-02
3.161966484474e-03,3.164974320758e+01,6.657808193165e+00,8.615096040696e+03,2.709492392649e+03,1.550515112600e+01,1.198249232688e-02
3.163613739683e-03,3.164546599250e+01,6.659890852391e+00,8.622721006336e+03,2.709204529917e+03,1.550679856824e+01,1.197691376754e-02
3.165259857395e-03,3.164118752419e+01,6.661971772299e+00,8.630352906821e+03,2.708916581287e+03,1.550844685239e+01,1.197133376564e-02
3.166904837805e-03,3.163690780509e+01,6.664050951157e+00,8.637991748496e+03,2.708628546920e+03,1.551009597794e+01,1.196575232575e-02
3.168548681107e-03,3.163262683764e+01,6.666128387231e+00,8.645637537703e+03,2.708340426978e+03,1.551174594440e+01,1.196016945246e-02
3.170191387499e-03,3.162834462426e+01,6.668204078801e+00,8.653290280801e+03,2.708052221624e+03,1.551339675127e+01,1.195458515039e-02
3.171832957177e-03,3.162406116738e+01,6.670278024153e+00,8.660949984167e+03,2.707763931018e+03,1.551504839803e+01,1.194899942411e-02
3.173473390340e-03,3.161977646943e+01,6.672350221577e+00,8.668616654179e+03,2.707475555324e+03,1.551670088418e+01,1.194341227822e-02
3.175112687187e-03,3.161549053284e+01,6.674420669373e+00,8.676290297234e+03,2.707187094701e+03,1.551835420924e+01,1.193782371733e-02
3.176750847921e-03,3.161120336002e+01,6.676489365850e+00,8.683970919743e+03,2.706898549312e+03,1.552000837269e+01,1.193223374604e-02
3.178387872741e-03,3.160691495340e+01,6.678556309320e+00,8.691658528115e+03,2.706609919317e+03,1.552166337403e+01,1.192664236894e-02
3.180023761853e-03,3.160262531538e+01,6.680621498106e+00,8.699353128792e+03,2.706321204877e+03,1.552331921277e+01,1.192104959064e-02
3.181658515458e-03,3.159833444839e+01,6.682684930537e+00,8.707054728215e+03,2.706032406154e+03,1.552497588840e+01,1.191545541573e-02
3.183292133762e-03,3.159404235483e+01,6.684746604947e+00,8.714763332826e+03,2.705743523308e+03,1.552663340043e+01,1.190985984884e-02
3.184924616972e-03,3.158974903712e+01,6.686806519682e+00,8.722478949109e+03,2.705454556498e+03,1.552829174836e+01,1.190426289456e-02
3.186555965295e-03,3.158545449766e+01,6.688864673092e+00,8.730201583533e+03,2.705165505886e+03,1.552995093170e+01,1.189866455751e-02
3.188186178939e-03,3.158115873884e+01,6.690921063534e+00,8.737931242589e+03,2.704876371632e+03,1.553161094993e+01,1.189306484228e-02
3.189815258112e-03,3.157686176309e+01,6.692975689372e+00,8.745667932777e+03,2.704587153896e+03,1.553327180257e+01,1.188746375350e-02
3.191443203027e-03,3.157256357279e+01,6.695028548981e+00,8.753411660617e+03,2.704297852836e+03,1.553493348912e+01,1.188186129577e-02
3.193070013894e-03,3.156826417034e+01,6.697079640738e+00,8.761162432629e+03,2.704008468614e+03,1.553659600909e+01,1.187625747370e-02
3.194695690925e-03,3.156396355813e+01,6.699128963031e+00,8.768920255354e+03,2.703719001387e+03,1.553825936197e+01,1.187065229192e-02
3.196320234335e-03,3.155966173855e+01,6.701176514253e+00,8.776685135341e+03,2.703429451317e+03,1.553992354729e+01,1.186504575504e-02
3.197943644337e-03,3.155535871400e+01,6.703222292806e+00,8.784457079152e+03,2.703139818561e+03,1.554158856453e+01,1.185943786766e-02
3.199565921148e-03,3.155105448685e+01,6.705266297097e+00,8.792236093358e+03,2.702850103278e+03,1.554325441321e+01,1.185382863443e-02
3.201187064984e-03,3.154674905950e+01,6.707308525542e+00,8.800022184547e+03,2.702560305628e+03,1.554492109283e+01,1.184821805994e-02
3.202807076063e-03,3.154244243432e+01,6.709348976563e+00,8.807815359315e+03,2.702270425769e+03,1.554658860291e+01,1.184260614883e-02
3.204425954605e-03,3.153813461369e+01,6.711387648589e+00,8.815615624269e+03,2.701980463859e+03,1.554825694294e+01,1.183699290571e-02
3.206043700828e-03,3.153382559999e+01,6.713424540058e+00,8.823422986036e+03,2.701690420057e+03,1.554992611244e+01,1.183137833521e-02
3.207660314954e-03,3.152951539559e+01,6.715459649412e+00,8.831237451242e+03,2.701400294521e+03,1.555159611092e+01,1.182576244195e-02
3.209275797205e-03,3.152520400286e+01,6.717492975103e+00,8.839059026537e+03,2.701110087408e+03,1.555326693788e+01,1.182014523056e-02
3.210890147804e-03,3.152089142417e+01,6.719524515588e+00,8.846887718577e+03,2.700819798877e+03,1.555493859284e+01,1.181452670566e-02
3.212503366974e-03,3.151657766189e+01,6.721554269331e+00,8.854723534026e+03,2.700529429084e+03,1.555661107531e+01,1.180890687188e-02
3.214115454942e-03,3.151226271837e+01,6.723582234806e+00,8.862566479570e+03,2.700238978188e+03,1.555828438479e+01,1.180328573386e-02
3.215726411933e-03,3.150794659599e+01,6.725608410491e+00,8.870416561902e+03,2.699948446346e+03,1.555995852081e+01,1.179766329621e-02
3.217336238173e-03,3.150362929709e+01,6.727632794871e+00,8.878273787717e+03,2.699657833714e+03,1.556163348286e+01,1.179203956358e-02
3.218944933894e-03,3.149931082403e+01,6.729655386442e+00,8.886138163749e+03,2.699367140450e+03,1.556330927047e+01,1.178641454059e-02
3.220552499321e-03,3.149499117917e+01,6.731676183699e+00,8.894009696706e+03,2.699076366710e+03,1.556498588314e+01,1.178078823188e-02
3.222158934686e-03,3.149067036486e+01,6.733695185153e+00,8.901888393344e+03,2.698785512652e+03,1.556666332039e+01,1.177516064207e-02
3.223764240222e-03,3.148634838344e+01,6.735712389317e+00,8.909774260410e+03,2.698494578430e+03,1.556834158174e+01,1.176953177582e-02
3.225368416158e-03,3.148202523726e+01,6.737727794711e+00,8.917667304665e+03,2.698203564202e+03,1.557002066670e+01,1.176390163775e-02
3.226971462730e-03,3.147770092867e+01,6.739741399864e+00,8.925567532889e+03,2.697912470124e+03,1.557170057478e+01,1.175827023250e-02
3.228573380171e-03,3.147337545999e+01,6.741753203309e+00,8.933474951867e+03,2.697621296351e+03,1.557338130550e+01,1.175263756471e-02
3.230174168718e-03,3.146904883358e+01,6.743763203590e+00,8.941389568404e+03,2.697330043039e+03,1.557506285838e+01,1.174700363902e-02
3.231773828605e-03,3.146472105177e+01,6.745771399254e+00,8.949311389307e+03,2.697038710345e+03,1.557674523292e+01,1.174136846007e-02
3.233372360072e-03,3.146039211688e+01,6.747777788857e+00,8.957240421406e+03,2.696747298423e+03,1.557842842866e+01,1.173573203249e-02
3.234969763354e-03,3.145606203125e+01,6.749782370961e+00,8.965176671525e+03,2.696455807428e+03,1.558011244511e+01,1.173009436095e-02
3.236566038695e-03,3.145173079721e+01,6.751785144137e+00,8.973120146528e+03,2.696164237515e+03,1.558179728178e+01,1.172445545007e-02
3.238161186332e-03,3.144739841708e+01,6.753786106959e+00,8.981070853262e+03,2.695872588840e+03,1.558348293820e+01,1.171881530450e-02
3.239755206507e-03,3.144306489318e+01,6.755785258011e+00,8.989028798605e+03,2.695580861557e+03,1.558516941388e+01,1.171317392889e-02
3.241348099464e-03,3.143873022784e+01,6.757782595883e+00,8.996993989441e+03,2.695289055820e+03,1.558685670834e+01,1.170753132788e-02
3.242939865445e-03,3.143439442337e+01,6.759778119172e+00,9.004966432664e+03,2.694997171785e+03,1.558854482111e+01,1.170188750613e-02
3.244530504696e-03,3.143005748208e+01,6.761771826481e+00,9.012946135183e+03,2.694705209605e+03,1.559023375170e+01,1.169624246827e-02
3.246120017460e-03,3.142571940630e+01,6.763763716419e+00,9.020933103913e+03,2.694413169434e+03,1.559192349964e+01,1.169059621896e-02
3.247708403985e-03,3.142138019832e+01,6.765753787606e+00,9.028927345792e+03,2.694121051427e+03,1.559361406445e+01,1.168494876285e-02
3.249295664520e-03,3.141703986046e+01,6.767742038665e+00,9.036928867765e+03,2.693828855736e+03,1.559530544565e+01,1.167930010458e-02
3.250881799310e-03,3.141269839502e+01,6.769728468225e+00,9.044937676779e+03,2.693536582515e+03,1.559699764277e+01,1.167365024882e-02
3.252466808608e-03,3.140835580430e+01,6.771713074926e+00,9.052953779815e+03,2.693244231918e+03,1.559869065532e+01,1.166799920020e-02
3.254050692662e-03,3.140401209061e+01,6.773695857410e+00,9.060977183838e+03,2.692951804099e+03,1.560038448283e+01,1.166234696340e-02
3.255633451725e-03,3.139966725623e+01,6.775676814331e+00,9.069007895854e+03,2.692659299209e+03,1.560207912483e+01,1.165669354305e-02
3.257215086047e-03,3.139532130347e+01,6.777655944342e+00,9.077045922852e+03,2.692366717401e+03,1.560377458084e+01,1.165103894382e-02
3.258795595886e-03,3.139097423460e+01,6.779633246113e+00,9.085091271866e+03,2.692074058830e+03,1.560547085039e+01,1.164538317036e-02
3.260374981491e-03,3.138662605194e+01,6.781608718310e+00,9.093143949904e+03,2.691781323646e+03,1.560716793300e+01,1.163972622733e-02
3.261953243121e-03,3.138227675776e+01,6.783582359615e+00,9.101203964023e+03,2.691488512003e+03,1.560886582820e+01,1.163406811938e-02
3.263530381032e-03,3.137792635434e+01,6.785554168710e+00,9.109271321267e+03,2.691195624052e+03,1.561056453552e+01,1.162840885117e-02
3.265106395480e-03,3.137357484397e+01,6.787524144287e+00,9.117346028700e+03,2.690902659945e+03,1.561226405449e+01,1.162274842736e-02
3.266681286724e-03,3.136922222893e+01,6.789492285044e+00,9.125428093398e+03,2.690609619835e+03,1.561396438462e+01,1.161708685262e-02
3.268255055024e-03,3.136486851149e+01,6.791458589685e+00,9.133517522452e+03,2.690316503873e+03,1.561566552546e+01,1.161142413160e-02
3.269827700639e-03,3.136051369393e+01,6.793423056922e+00,9.141614322960e+03,2.690023312211e+03,1.561736747653e+01,1.160576026895e-02
3.271399223832e-03,3.135615777851e+01,6.795385685473e+00,9.149718502035e+03,2.689730045000e+03,1.561907023737e+01,1.160009526936e-02
3.272969624863e-03,3.135180076752e+01,6.797346474061e+00,9.157830066801e+03,2.689436702390e+03,1.562077380749e+01,1.159442913746e-02
3.274538903997e-03,3.134744266320e+01,6.799305421418e+00,9.165949024397e+03,2.689143284533e+03,1.562247818644e+01,1.158876187794e-02
3.276107061496e-03,3.134308346784e+01,6.801262526280e+00,9.174075381960e+03,2.688849791580e+03,1.562418337375e+01,1.158309349545e-02
3.277674097629e-03,3.133872318368e+01,6.803217787395e+00,9.182209146670e+03,2.688556223682e+03,1.562588936894e+01,1.157742399466e-02
3.279240012658e-03,3.133436181299e+01,6.805171203510e+00,9.190350325683e+03,2.688262580988e+03,1.562759617155e+01,1.157175338023e-02
3.280804806852e-03,3.132999935802e+01,6.807122773383e+00,9.198498926190e+03,2.687968863650e+03,1.562930378111e+01,1.156608165682e-02
3.282368480478e-03,3.132563582103e+01,6.809072495780e+00,9.206654955389e+03,2.687675071817e+03,1.563101219716e+01,1.156040882911e-02
3.283931033807e-03,3.132127120427e+01,6.811020369469e+00,9.214818420487e+03,2.687381205639e+03,1.563272141923e+01,1.155473490176e-02
3.285492467106e-03,3.131690550998e+01,6.812966393227e+00,9.222989328702e+03,2.687087265267e+03,1.563443144685e+01,1.154905987944e-02
3.287052780649e-03,3.131253874042e+01,6.814910565840e+00,9.231167687273e+03,2.686793250849e+03,1.563614227957e+01,1.154338376681e-02
3.288611974705e-03,3.130817089782e+01,6.816852886095e+00,9.239353503439e+03,2.686499162536e+03,1.563785391691e+01,1.153770656855e-02
3.290170049548e-03,3.130380198443e+01,6.818793352789e+00,9.247546784461e+03,2.686205000476e+03,1.563956635842e+01,1.153202828933e-02
3.291727005452e-03,3.129943200248e+01,6.820731964726e+00,9.255747537608e+03,2.685910764819e+03,1.564127960362e+01,1.152634893380e-02
3.293282842691e-03,3.129506095421e+01,6.822668720716e+00,9.263955770162e+03,2.685616455713e+03,1.564299365206e+01,1.152066850665e-02
3.294837561540e-03,3.129068884185e+01,6.824603619571e+00,9.272171489411e+03,2.685322073307e+03,1.564470850328e+01,1.151498701254e-02
3.296391162279e-03,3.128631566764e+01,6.826536660119e+00,9.280394702672e+03,2.685027617750e+03,1.564642415681e+01,1.150930445614e-02
3.297943645180e-03,3.128194143380e+01,6.828467841182e+00,9.288625417247e+03,2.684733089192e+03,1.564814061219e+01,1.150362084214e-02
3.299495010526e-03,3.127756614255e+01,6.830397161601e+00,9.296863640481e+03,2.684438487778e+03,1.564985786897e+01,1.149793617519e-02
3.301045258594e-03,3.127318979612e+01,6.832324620214e+00,9.305109379705e+03,2.684143813658e+03,1.565157592668e+01,1.149225045997e-02
3.302594389665e-03,3.126881239673e+01,6.834250215871e+00,9.313362642283e+03,2.683849066980e+03,1.565329478486e+01,1.148656370115e-02
3.304142404019e-03,3.126443394661e+01,6.836173947424e+00,9.321623435568e+03,2.683554247891e+03,1.565501444306e+01,1.148087590342e-02
3.305689301941e-03,3.126005444795e+01,6.838095813736e+00,9.329891766953e+03,2.683259356539e+03,1.565673490081e+01,1.147518707143e-02
3.307235083711e-03,3.125567390297e+01,6.840015813671e+00,9.338167643816e+03,2.682964393072e+03,1.565845615766e+01,1.146949720987e-02
3.308779749615e-03,3.125129231390e+01,6.841933946105e+00,9.346451073567e+03,2.682669357637e+03,1.566017821315e+01,1.146380632341e-02
3.310323299937e-03,3.124690968292e+01,6.843850209918e+00,9.354742063623e+03,2.682374250379e+03,1.566190106683e+01,1.145811441673e-02
3.311865734962e-03,3.124252601225e+01,6.845764603994e+00,9.363040621402e+03,2.682079071448e+03,1.566362471824e+01,1.145242149450e-02
3.313407054979e-03,3.123814130409e+01,6.847677127226e+00,9.371346754350e+03,2.681783820989e+03,1.566534916692e+01,1.144672756139e-02
3.314947260274e-03,3.123375556063e+01,6.849587778513e+00,9.379660469918e+03,2.681488499149e+03,1.566707441242e+01,1.144103262208e-02
3.316486351136e-03,3.122936878408e+01,6.851496556760e+00,9.387981775565e+03,2.681193106075e+03,1.566880045429e+01,1.143533668126e-02
3.318024327854e-03,3.122498097664e+01,6.853403460877e+00,9.396310678770e+03,2.680897641912e+03,1.567052729206e+01,1.142963974359e-02
3.319561190720e-03,3.122059214048e+01,6.855308489783e+00,9.404647187021e+03,2.680602106806e+03,1.567225492529e+01,1.142394181375e-02
3.321096940023e-03,3.121620227781e+01,6.857211642400e+00,9.412991307818e+03,2.680306500904e+03,1.567398335353e+01,1.141824289642e-02
3.322631576058e-03,3.121181139080e+01,6.859112917660e+00,9.421343048674e+03,2.680010824351e+03,1.567571257631e+01,1.141254299628e-02
3.324165099115e-03,3.120741948165e+01,6.861012314498e+00,9.429702417109e+03,2.679715077293e+03,1.567744259320e+01,1.140684211801e-02
3.325697509491e-03,3.120302655254e+01,6.862909831856e+00,9.438069420663e+03,2.679419259875e+03,1.567917340374e+01,1.140114026628e-02
3.327228807479e-03,3.119863260563e+01,6.864805468683e+00,9.446444066885e+03,2.679123372242e+03,1.568090500747e+01,1.139543744577e-02
3.328758993376e-03,3.119423764312e+01,6.866699223935e+00,9.454826363336e+03,2.678827414540e+03,1.568263740395e+01,1.138973366117e-02
3.330288067478e-03,3.118984166717e+01,6.868591096572e+00,9.463216317592e+03,2.678531386913e+03,1.568437059274e+01,1.138402891714e-02
3.331816030082e-03,3.118544467996e+01,6.870481085559e+00,9.471613937225e+03,2.678235289505e+03,1.568610457337e+01,1.137832321838e-02
3.333342881489e-03,3.118104668365e+01,6.872369189873e+00,9.480019229850e+03,2.677939122462e+03,1.568783934541e+01,1.137261656955e-02
3.334868621996e-03,3.117664768041e+01,6.874255408491e+00,9.488432203067e+03,2.677642885928e+03,1.568957490840e+01,1.136690897534e-02
3.336393251904e-03,3.117224767240e+01,6.876139740400e+00,9.496852864504e+03,2.677346580047e+03,1.569131126189e+01,1.136120044043e-02
3.337916771515e-03,3.116784666180e+01,6.878022184590e+00,9.505281221786e+03,2.677050204963e+03,1.569304840545e+01,1.135549096950e-02
3.339439181130e-03,3.116344465075e+01,6.879902740060e+00,9.513717282567e+03,2.676753760819e+03,1.569478633862e+01,1.134978056722e-02
3.340960481053e-03,3.115904164140e+01,6.881781405815e+00,9.522161054507e+03,2.676457247760e+03,1.569652506096e+01,1.134406923828e-02
3.342480671587e-03,3.115463763592e+01,6.883658180863e+00,9.530612545271e+03,2.676160665929e+03,1.569826457202e+01,1.133835698736e-02
3.343999753038e-03,3.115023263646e+01,6.885533064221e+00,9.539071762546e+03,2.675864015469e+03,1.570000487136e+01,1.133264381914e-02
3.345517725711e-03,3.114582664516e+01,6.887406054911e+00,9.547538714028e+03,2.675567296523e+03,1.570174595853e+01,1.132692973830e-02
3.347034589911e-03,3.114141966417e+01,6.889277151961e+00,9.556013407420e+03,2.675270509235e+03,1.570348783310e+01,1.132121474951e-02
3.348550345948e-03,3.113701169563e+01,6.891146354406e+00,9.564495850450e+03,2.674973653747e+03,1.570523049461e+01,1.131549885747e-02
3.350064994128e-03,3.113260274168e+01,6.893013661285e+00,9.572986050841e+03,2.674676730202e+03,1.570697394263e+01,1.130978206685e-02
3.351578534763e-03,3.112819280447e+01,6.894879071647e+00,9.581484016350e+03,2.674379738742e+03,1.570871817671e+01,1.130406438232e-02
3.353090968160e-03,3.112378188612e+01,6.896742584541e+00,9.589989754720e+03,2.674082679510e+03,1.571046319642e+01,1.129834580858e-02
3.354602294631e-03,3.111936998877e+01,6.898604199027e+00,9.598503273725e+03,2.673785552648e+03,1.571220900131e+01,1.129262635031e-02
3.356112514490e-03,3.111495711455e+01,6.900463914170e+00,9.607024581156e+03,2.673488358297e+03,1.571395559094e+01,1.128690601217e-02
3.357621628046e-03,3.111054326559e+01,6.902321729039e+00,9.615553684793e+03,2.673191096599e+03,1.571570296487e+01,1.128118479886e-02
3.359129635613e-03,3.110612844401e+01,6.904177642709e+00,9.624090592442e+03,2.672893767698e+03,1.571745112267e+01,1.127546271506e-02
3.360636537508e-03,3.110171265193e+01,6.906031654266e+00,9.632635311939e+03,2.672596371732e+03,1.571920006389e+01,1.126973976544e-02
3.362142334045e-03,3.109729589149e+01,6.907883762795e+00,9.641187851097e+03,2.672298908844e+03,1.572094978810e+01,1.126401595469e-02
3.363647025538e-03,3.109287816478e+01,6.909733967390e+00,9.649748217762e+03,2.672001379176e+03,1.572270029486e+01,1.125829128749e-02
3.365150612307e-03,3.108845947394e+01,6.911582267153e+00,9.658316419793e+03,2.671703782868e+03,1.572445158373e+01,1.125256576851e-02
3.366653094669e-03,3.108403982106e+01,6.913428661190e+00,9.666892465062e+03,2.671406120059e+03,1.572620365428e+01,1.124683940244e-02
3.368154472940e-03,3.107961920827e+01,6.915273148609e+00,9.675476361432e+03,2.671108390893e+03,1.572795650607e+01,1.124111219397e-02
3.369654747444e-03,3.107519763766e+01,6.917115728531e+00,9.684068116813e+03,2.670810595508e+03,1.572971013867e+01,1.123538414776e-02
3.371153918498e-03,3.107077511135e+01,6.918956400080e+00,9.692667739105e+03,2.670512734045e+03,1.573146455164e+01,1.122965526849e-02
3.372651986424e-03,3.106635163143e+01,6.920795162383e+00,9.701275236220e+03,2.670214806643e+03,1.573321974455e+01,1.122392556086e-02
3.374148951544e-03,3.106192720000e+01,6.922632014576e+00,9.709890616088e+03,2.669916813445e+03,1.573497571696e+01,1.121819502954e-02
3.375644814182e-03,3.105750181917e+01,6.924466955801e+00,9.718513886657e+03,2.669618754587e+03,1.573673246844e+01,1.121246367921e-02
3.377139574660e-03,3.105307549102e+01,6.926299985204e+00,9.727145055874e+03,2.669320630211e+03,1.573848999856e+01,1.120673151454e-02
3.378633233304e-03,3.104864821765e+01,6.928131101938e+00,9.735784131708e+03,2.669022440456e+03,1.574024830689e+01,1.120099854022e-02
3.380125790438e-03,3.104422000115e+01,6.929960305161e+00,9.744431122135e+03,2.668724185461e+03,1.574200739299e+01,1.119526476093e-02
3.381617246390e-03,3.103979084360e+01,6.931787594038e+00,9.753086035153e+03,2.668425865365e+03,1.574376725644e+01,1.118953018135e-02
3.383107601486e-03,3.103536074709e+01,6.933612967739e+00,9.761748878761e+03,2.668127480306e+03,1.574552789680e+01,1.118379480614e-02
3.384596856054e-03,3.103092971370e+01,6.935436425438e+00,9.770419660971e+03,2.667829030425e+03,1.574728931365e+01,1.117805864001e-02
3.386085010422e-03,3.102649774551e+01,6.937257966319e+00,9.779098389816e+03,2.667530515858e+03,1.574905150656e+01,1.117232168761e-02
3.387572064922e-03,3.102206484460e+01,6.939077589568e+00,9.787785073339e+03,2.667231936745e+03,1.575081447510e+01,1.116658395364e-02
3.389058019881e-03,3.101763101303e+01,6.940895294379e+00,9.796479719585e+03,2.666933293224e+03,1.575257821883e+01,1.116084544276e-02
3.390542875634e-03,3.101319625289e+01,6.942711079949e+00,9.805182336627e+03,2.666634585433e+03,1.575434273734e+01,1.115510615965e-02
3.392026632509e-03,3.100876056624e+01,6.944524945484e+00,9.813892932536e+03,2.666335813510e+03,1.575610803019e+01,1.114936610900e-02
3.393509290843e-03,3.100432395514e+01,6.946336890194e+00,9.822611515410e+03,2.666036977592e+03,1.575787409696e+01,1.114362529548e-02
3.394990850966e-03,3.099988642166e+01,6.948146913293e+00,9.831338093344e+03,2.665738077817e+03,1.575964093723e+01,1.113788372376e-02
3.396471313214e-03,3.099544796786e+01,6.949955014005e+00,9.840072674455e+03,2.665439114322e+03,1.576140855057e+01,1.113214139853e-02
3.397950677924e-03,3.099100859581e+01,6.951761191556e+00,9.848815266876e+03,2.665140087245e+03,1.576317693655e+01,1.112639832445e-02
3.399428945430e-03,3.098656830755e+01,6.953565445179e+00,9.857565878742e+03,2.664840996722e+03,1.576494609476e+01,1.112065450620e-02
3.400906116069e-03,3.098212710514e+01,6.955367774111e+00,9.866324518203e+03,2.664541842891e+03,1.576671602476e+01,1.111490994847e-02
3.402382190180e-03,3.097768499063e+01,6.957168177599e+00,9.875091193430e+03,2.664242625888e+03,1.576848672614e+01,1.110916465591e-02
3.403857168101e-03,3.097324196606e+01,6.958966654891e+00,9.883865912597e+03,2.663943345850e+03,1.577025819846e+01,1.110341863322e-02
3.405331050172e-03,3.096879803350e+01,6.960763205242e+00,9.892648683894e+03,2.663644002912e+03,1.577203044132e+01,1.109767188505e-02
3.406803836731e-03,3.096435319497e+01,6.962557827913e+00,9.901439515518e+03,2.663344597212e+03,1.577380345429e+01,1.109192441609e-02
3.408275528122e-03,3.095990745252e+01,6.964350522170e+00,9.910238415691e+03,2.663045128885e+03,1.577557723695e+01,1.108617623101e-02
3.409746124685e-03,3.095546080818e+01,6.966141287287e+00,9.919045392641e+03,2.662745598067e+03,1.577735178888e+01,1.108042733448e-02
3.411215626762e-03,3.095101326400e+01,6.967930122539e+00,9.927860454599e+03,2.662446004893e+03,1.577912710965e+01,1.107467773117e-02
3.412684034698e-03,3.094656482201e+01,6.969717027211e+00,9.936683609823e+03,2.662146349500e+03,1.578090319886e+01,1.106892742576e-02
3.414151348837e-03,3.094211548423e+01,6.971502000591e+00,9.945514866580e+03,2.661846632022e+03,1.578268005608e+01,1.106317642291e-02
3.415617569523e-03,3.093766525270e+01,6.973285041973e+00,9.954354233139e+03,2.661546852595e+03,1.578445768090e+01,1.105742472730e-02
3.417082697103e-03,3.093321412943e+01,6.975066150657e+00,9.963201717798e+03,2.661247011354e+03,1.578623607289e+01,1.105167234360e-02
3.418546731922e-03,3.092876211646e+01,6.976845325948e+00,9.972057328854e+03,2.660947108433e+03,1.578801523164e+01,1.104591927647e-02
3.420009674328e-03,3.092430921580e+01,6.978622567156e+00,9.980921074616e+03,2.660647143967e+03,1.578979515674e+01,1.104016553060e-02
3.421471524671e-03,3.091985542947e+01,6.980397873599e+00,9.989792963430e+03,2.660347118091e+03,1.579157584777e+01,1.103441111063e-02
3.422932283297e-03,3.091540075949e+01,6.982171244596e+00,9.998673003611e+03,2.660047030938e+03,1.579335730431e+01,1.102865602125e-02
3.424391950558e-03,3.091094520786e+01,6.983942679476e+00,1.000756120353e+04,2.659746882644e+03,1.579513952595e+01,1.102290026711e-02
3.425850526803e-03,3.090648877660e+01,6.985712177572e+00,1.001645757154e+04,2.659446673342e+03,1.579692251228e+01,1.101714385290e-02
3.427308012384e-03,3.090203146772e+01,6.987479738220e+00,1.002536211603e+04,2.659146403166e+03,1.579870626288e+01,1.101138678327e-02
3.428764407653e-03,3.089757328322e+01,6.989245360764e+00,1.003427484538e+04,2.658846072249e+03,1.580049077734e+01,1.100562906289e-02
3.430219712962e-03,3.089311422511e+01,6.991009044553e+00,1.004319576799e+04,2.658545680725e+03,1.580227605525e+01,1.099987069642e-02
3.431673928666e-03,3.088865429538e+01,6.992770788941e+00,1.005212489228e+04,2.658245228727e+03,1.580406209619e+01,1.099411168854e-02
3.433127055119e-03,3.088419349602e+01,6.994530593287e+00,1.006106222668e+04,2.657944716389e+03,1.580584889976e+01,1.098835204389e-02
3.434579092677e-03,3.087973182904e+01,6.996288456959e+00,1.007000777963e+04,2.657644143843e+03,1.580763646555e+01,1.098259176715e-02
3.436030041693e-03,3.087526929644e+01,6.998044379322e+00,1.007896155958e+04,2.657343511222e+03,1.580942479314e+01,1.097683086298e-02
3.437479902527e-03,3.087080590019e+01,6.999798359756e+00,1.008792357499e+04,2.657042818659e+03,1.581121388213e+01,1.097106933604e-02
3.438928675534e-03,3.086634164228e+01,7.001550397640e+00,1.009689383434e+04,2.656742066286e+03,1.581300373210e+01,1.096530719099e-02
3.440376361074e-03,3.086187652471e+01,7.003300492359e+00,1.010587234612e+04,2.656441254235e+03,1.581479434266e+01,1.095954443250e-02
3.441822959505e-03,3.085741054944e+01,7.005048643308e+00,1.011485911885e+04,2.656140382639e+03,1.581658571339e+01,1.095378106521e-02
3.443268471187e-03,3.085294371846e+01,7.006794849882e+00,1.012385416102e+04,2.655839451630e+03,1.581837784388e+01,1.094801709380e-02
3.444712896480e-03,3.084847603376e+01,7.008539111482e+00,1.013285748117e+04,2.655538461338e+03,1.582017073373e+01,1.094225252292e-02
3.446156235747e-03,3.084400749730e+01,7.010281427518e+00,1.014186908784e+04,2.655237411897e+03,1.582196438253e+01,1.093648735722e-02
3.447598489348e-03,3.083953811105e+01,7.012021797401e+00,1.015088898958e+04,2.654936303437e+03,1.582375878988e+01,1.093072160137e-02
3.449039657646e-03,3.083506787698e+01,7.013760220549e+00,1.015991719496e+04,2.654635136090e+03,1.582555395537e+01,1.092495526001e-02
3.450479741007e-03,3.083059679707e+01,7.015496696387e+00,1.016895371256e+04,2.654333909986e+03,1.582734987860e+01,1.091918833781e-02
3.451918739792e-03,3.082612487327e+01,7.017231224341e+00,1.017799855096e+04,2.654032625257e+03,1.582914655916e+01,1.091342083942e-02
3.453356654367e-03,3.082165210755e+01,7.018963803846e+00,1.018705171878e+04,2.653731282034e+03,1.583094399666e+01,1.090765276949e-02
3.454793485100e-03,3.081717850186e+01,7.020694434341e+00,1.019611322463e+04,2.653429880446e+03,1.583274219068e+01,1.090188413267e-02
3.456229232354e-03,3.081270405816e+01,7.022423115270e+00,1.020518307714e+04,2.653128420625e+03,1.583454114084e+01,1.089611493362e-02
3.457663896499e-03,3.080822877842e+01,7.024149846082e+00,1.021426128494e+04,2.652826902700e+03,1.583634084671e+01,1.089034517699e-02
3.459097477902e-03,3.080375266457e+01,7.025874626232e+00,1.022334785670e+04,2.652525326802e+03,1.583814130792e+01,1.088457486743e-02
3.460529976931e-03,3.079927571857e+01,7.027597455179e+00,1.023244280108e+04,2.652223693061e+03,1.583994252405e+01,1.087880400958e-02
3.461961393956e-03,3.079479794236e+01,7.029318332387e+00,1.024154612676e+04,2.651922001607e+03,1.584174449470e+01,1.087303260810e-02
3.463391729348e-03,3.079031933789e+01,7.031037257329e+00,1.025065784244e+04,2.651620252568e+03,1.584354721948e+01,1.086726066763e-02
3.464820983478e-03,3.078583990710e+01,7.032754229477e+00,1.025977795681e+04,2.651318446074e+03,1.584535069799e+01,1.086148819282e-02
3.466249156716e-03,3.078135965193e+01,7.034469248313e+00,1.026890647860e+04,2.651016582256e+03,1.584715492983e+01,1.085571518831e-02
3.467676249435e-03,3.077687857432e+01,7.036182313321e+00,1.027804341654e+04,2.650714661241e+03,1.584895991459e+01,1.084994165876e-02
3.469102262009e-03,3.077239667619e+01,7.037893423992e+00,1.028718877937e+04,2.650412683159e+03,1.585076565190e+01,1.084416760879e-02
3.470527194813e-03,3.076791395948e+01,7.039602579823e+00,1.029634257585e+04,2.650110648138e+03,1.585257214135e+01,1.083839304306e-02
3.471951048218e-03,3.076343042612e+01,7.041309780311e+00,1.030550481474e+04,2.649808556307e+03,1.585437938254e+01,1.083261796621e-02
3.473373822602e-03,3.075894607804e+01,7.043015024965e+00,1.031467550483e+04,2.649506407794e+03,1.585618737508e+01,1.082684238288e-02
3.474795518341e-03,3.075446091716e+01,7.044718313295e+00,1.032385465491e+04,2.649204202728e+03,1.585799611857e+01,1.082106629770e-02
3.476216135810e-03,3.074997494540e+01,7.046419644816e+00,1.033304227379e+04,2.648901941237e+03,1.585980561262e+01,1.081528971533e-02
3.477635675388e-03,3.074548816467e+01,7.048119019048e+00,1.034223837028e+04,2.648599623449e+03,1.586161585685e+01,1.080951264039e-02
3.479054137453e-03,3.074100057690e+01,7.049816435519e+00,1.035144295324e+04,2.648297249490e+03,1.586342685084e+01,1.080373507751e-02
3.480471522384e-03,3.073651218400e+01,7.051511893759e+00,1.036065603148e+04,2.647994819490e+03,1.586523859422e+01,1.079795703134e-02
3.481887830560e-03,3.073202298788e+01,7.053205393303e+00,1.036987761388e+04,2.647692333575e+03,1.586705108659e+01,1.079217850652e-02
3.483303062360e-03,3.072753299045e+01,7.054896933692e+00,1.037910770930e+04,2.647389791872e+03,1.586886432756e+01,1.078639950767e-02
3.484717218169e-03,3.072304219361e+01,7.056586514473e+00,1.038834632664e+04,2.647087194509e+03,1.587067831674e+01,1.078062003942e-02
3.486130298365e-03,3.071855059928e+01,7.058274135194e+00,1.039759347477e+04,2.646784541612e+03,1.587249305373e+01,1.077484010642e-02
3.487542303332e-03,3.071405820934e+01,7.059959795414e+00,1.040684916263e+04,2.646481833308e+03,1.587430853816e+01,1.076905971327e-02
3.488953233453e-03,3.070956502570e+01,7.061643494692e+00,1.041611339912e+04,2.646179069724e+03,1.587612476963e+01,1.076327886463e-02
3.490363089112e-03,3.070507105025e+01,7.063325232593e+00,1.042538619318e+04,2.645876250987e+03,1.587794174775e+01,1.075749756512e-02
3.491771870693e-03,3.070057628489e+01,7.065005008689e+00,1.043466755376e+04,2.645573377222e+03,1.587975947214e+01,1.075171581935e-02
3.493179578582e-03,3.069608073151e+01,7.066682822555e+00,1.044395748982e+04,2.645270448555e+03,1.588157794241e+01,1.074593363196e-02
3.494586213164e-03,3.069158439200e+01,7.068358673769e+00,1.045325601033e+04,2.644967465112e+03,1.588339715816e+01,1.074015100757e-02
3.495991774827e-03,3.068708726823e+01,7.070032561919e+00,1.046256312428e+04,2.644664427020e+03,1.588521711903e+01,1.073436795081e-02
3.497396263957e-03,3.068258936211e+01,7.071704486596e+00,1.047187884068e+04,2.644361334403e+03,1.588703782461e+01,1.072858446629e-02
3.498799680943e-03,3.067809067550e+01,7.073374447391e+00,1.048120316852e+04,2.644058187387e+03,1.588885927453e+01,1.072280055865e-02
3.500202026172e-03,3.067359121029e+01,7.075042443906e+00,1.049053611683e+04,2.643754986097e+03,1.589068146840e+01,1.071701623249e-02
3.501603300035e-03,3.066909096835e+01,7.076708475746e+00,1.049987769466e+04,2.643451730659e+03,1.589250440585e+01,1.071123149243e-02
3.503003502922e-03,3.066458995155e+01,7.078372542520e+00,1.050922791105e+04,2.643148421196e+03,1.589432808647e+01,1.070544634310e-02
3.504402635224e-03,3.066008816177e+01,7.080034643843e+00,1.051858677507e+04,2.642845057835e+03,1.589615250990e+01,1.069966078910e-02
3.505800697331e-03,3.065558560087e+01,7.081694779332e+00,1.052795429578e+04,2.642541640699e+03,1.589797767575e+01,1.069387483506e-02
3.507197689637e-03,3.065108227073e+01,7.083352948613e+00,1.053733048230e+04,2.642238169912e+03,1.589980358364e+01,1.068808848558e-02
3.508593612533e-03,3.064657817320e+01,7.085009151313e+00,1.054671534370e+04,2.641934645600e+03,1.590163023319e+01,1.068230174528e-02
3.509988466413e-03,3.064207331014e+01,7.086663387067e+00,1.055610888911e+04,2.641631067886e+03,1.590345762401e+01,1.067651461877e-02
3.511382251672e-03,3.063756768341e+01,7.088315655512e+00,1.056551112766e+04,2.641327436894e+03,1.590528575574e+01,1.067072711066e-02
3.512774968706e-03,3.063306129487e+01,7.089965956294e+00,1.057492206849e+04,2.641023752747e+03,1.590711462799e+01,1.066493922554e-02
3.514166617907e-03,3.062855414637e+01,7.091614289056e+00,1.058434172074e+04,2.640720015570e+03,1.590894424037e+01,1.065915096805e-02
3.515557199673e-03,3.062404623977e+01,7.093260653452e+00,1.059377009360e+04,2.640416225486e+03,1.591077459253e+01,1.065336234277e-02
3.516946714401e-03,3.061953757691e+01,7.094905049141e+00,1.060320719623e+04,2.640112382617e+03,1.591260568407e+01,1.064757335432e-02
3.518335162489e-03,3.061502815963e+01,7.096547475784e+00,1.061265303783e+04,2.639808487087e+03,1.591443751462e+01,1.064178400728e-02
3.519722544335e-03,3.061051798978e+01,7.098187933048e+00,1.062210762761e+04,2.639504539019e+03,1.591627008380e+01,1.063599430627e-02
3.521108860337e-03,3.060600706920e+01,7.099826420603e+00,1.063157097479e+04,2.639200538535e+03,1.591810339124e+01,1.063020425589e-02
3.522494110893e-03,3.060149539974e+01,7.101462938124e+00,1.064104308858e+04,2.638896485759e+03,1.591993743656e+01,1.062441386074e-02
3.523878296407e-03,3.059698298321e+01,7.103097485295e+00,1.065052397825e+04,2.638592380812e+03,1.592177221940e+01,1.061862312539e-02
3.525261417278e-03,3.059246982147e+01,7.104730061799e+00,1.066001365305e+04,2.638288223817e+03,1.592360773937e+01,1.061283205447e-02
3.526643473907e-03,3.058795591633e+01,7.106360667327e+00,1.066951212224e+04,2.637984014896e+03,1.592544399610e+01,1.060704065256e-02
3.528024466697e-03,3.058344126963e+01,7.107989301573e+00,1.067901939512e+04,2.637679754170e+03,1.592728098922e+01,1.060124892424e-02
3.529404396049e-03,3.057892588320e+01,7.109615964234e+00,1.068853548097e+04,2.637375441762e+03,1.592911871835e+01,1.059545687413e-02
3.530783262369e-03,3.057440975885e+01,7.111240655019e+00,1.069806038911e+04,2.637071077792e+03,1.593095718314e+01,1.058966450679e-02
3.532161066059e-03,3.056989289841e+01,7.112863373631e+00,1.070759412886e+04,2.636766662383e+03,1.593279638319e+01,1.058387182682e-02
3.533537807526e-03,3.056537530369e+01,7.114484119787e+00,1.071713670956e+04,2.636462195655e+03,1.593463631815e+01,1.057807883881e-02
3.534913487172e-03,3.056085697652e+01,7.116102893202e+00,1.072668814055e+04,2.636157677730e+03,1.593647698765e+01,1.057228554735e-02
3.536288105406e-03,3.055633791870e+01,7.117719693599e+00,1.073624843120e+04,2.635853108729e+03,1.593831839131e+01,1.056649195701e-02
3.537661662634e-03,3.055181813205e+01,7.119334520705e+00,1.074581759087e+04,2.635548488772e+03,1.594016052877e+01,1.056069807238e-02
3.539034159262e-03,3.054729761837e+01,7.120947374250e+00,1.075539562896e+04,2.635243817980e+03,1.594200339966e+01,1.055490389804e-02
3.540405595699e-03,3.054277637947e+01,7.122558253973e+00,1.076498255488e+04,2.634939096473e+03,1.594384700360e+01,1.054910943856e-02
3.541775972354e-03,3.053825441716e+01,7.124167159610e+00,1.077457837803e+04,2.634634324372e+03,1.594569134024e+01,1.054331469852e-02
3.543145289636e-03,3.053373173323e+01,7.125774090909e+00,1.078418310784e+04,2.634329501795e+03,1.594753640922e+01,1.053751968251e-02
3.544513547954e-03,3.052920832948e+01,7.127379047618e+00,1.079379675375e+04,2.634024628865e+03,1.594938221015e+01,1.053172439509e-02
3.545880747718e-03,3.052468420772e+01,7.128982029490e+00,1.080341932520e+04,2.633719705700e+03,1.595122874268e+01,1.052592884084e-02
3.547246889342e-03,3.052015936972e+01,7.130583036287e+00,1.081305083169e+04,2.633414732419e+03,1.595307600644e+01,1.052013302432e-02
3.548611973234e-03,3.051563381729e+01,7.132182067766e+00,1.082269128266e+04,2.633109709143e+03,1.595492400107e+01,1.051433695011e-02
3.549975999810e-03,3.051110755221e+01,7.133779123699e+00,1.083234068764e+04,2.632804635991e+03,1.595677272620e+01,1.050854062277e-02
3.551338969480e-03,3.050658057627e+01,7.135374203856e+00,1.084199905611e+04,2.632499513081e+03,1.595862218148e+01,1.050274404688e-02
3.552700882659e-03,3.050205289126e+01,7.136967308012e+00,1.085166639759e+04,2.632194340532e+03,1.596047236654e+01,1.049694722699e-02
3.554061739763e-03,3.049752449894e+01,7.138558435951e+00,1.086134272163e+04,2.631889118463e+03,1.596232328101e+01,1.049115016766e-02
3.555421541202e-03,3.049299540111e+01,7.140147587453e+00,1.087102803775e+04,2.631583846994e+03,1.596417492455e+01,1.048535287346e-02
3.556780287396e-03,3.048846559953e+01,7.141734762313e+00,1.088072235554e+04,2.631278526241e+03,1.596602729678e+01,1.047955534895e-02
3.558137978760e-03,3.048393509599e+01,7.143319960320e+00,1.089042568454e+04,2.630973156325e+03,1.596788039734e+01,1.047375759868e-02
3.559494615709e-03,3.047940389225e+01,7.144903181275e+00,1.090013803436e+04,2.630667737362e+03,1.596973422588e+01,1.046795962721e-02
3.560850198662e-03,3.047487199009e+01,7.146484424979e+00,1.090985941457e+04,2.630362269470e+03,1.597158878204e+01,1.046216143909e-02
3.562204728036e-03,3.047033939126e+01,7.148063691238e+00,1.091958983480e+04,2.630056752768e+03,1.597344406546e+01,1.045636303888e-02
3.563558204252e-03,3.046580609753e+01,7.149640979868e+00,1.092932930468e+04,2.629751187373e+03,1.597530007579e+01,1.045056443112e-02
3.564910627726e-03,3.046127211067e+01,7.151216290680e+00,1.093907783384e+04,2.629445573402e+03,1.597715681266e+01,1.044476562037e-02
3.566261998878e-03,3.045673743243e+01,7.152789623494e+00,1.094883543192e+04,2.629139910972e+03,1.597901427571e+01,1.043896661117e-02
3.567612318131e-03,3.045220206457e+01,7.154360978137e+00,1.095860210860e+04,2.628834200202e+03,1.598087246460e+01,1.043316740806e-02
3.568961585903e-03,3.044766600884e+01,7.155930354436e+00,1.096837787355e+04,2.628528441207e+03,1.598273137897e+01,1.042736801559e-02
3.570309802618e-03,3.044312926699e+01,7.157497752225e+00,1.097816273646e+04,2.628222634105e+03,1.598459101846e+01,1.042156843830e-02
3.571656968697e-03,3.043859184078e+01,7.159063171339e+00,1.098795670704e+04,2.627916779012e+03,1.598645138272e+01,1.041576868073e-02
3.573003084562e-03,3.043405373195e+01,7.160626611621e+00,1.099775979500e+04,2.627610876044e+03,1.598831247140e+01,1.040996874742e-02
3.574348150638e-03,3.042951494225e+01,7.162188072917e+00,1.100757201006e+04,2.627304925319e+03,1.599017428413e+01,1.040416864291e-02
3.575692167348e-03,3.042497547341e+01,7.163747555076e+00,1.101739336200e+04,2.626998926951e+03,1.599203682058e+01,1.039836837171e-02
3.577035135116e-03,3.042043532718e+01,7.165305057953e+00,1.102722386053e+04,2.626692881058e+03,1.599390008038e+01,1.039256793838e-02
3.578377054369e-03,3.041589450528e+01,7.166860581406e+00,1.103706351545e+04,2.626386787754e+03,1.599576406319e+01,1.038676734744e-02
3.579717925530e-03,3.041135300947e+01,7.168414125298e+00,1.104691233654e+04,2.626080647156e+03,1.599762876865e+01,1.038096660342e-02
3.581057749028e-03,3.040681084146e+01,7.169965689495e+00,1.105677033359e+04,2.625774459379e+03,1.599949419642e+01,1.037516571084e-02
3.582396525289e-03,3.040226800300e+01,7.171515273870e+00,1.106663751641e+04,2.625468224538e+03,1.600136034615e+01,1.036936467422e-02
3.583734254740e-03,3.039772449579e+01,7.173062878297e+00,1.107651389483e+04,2.625161942748e+03,1.600322721749e+01,1.036356349810e-02
3.585070937809e-03,3.039318032158e+01,7.174608502655e+00,1.108639947868e+04,2.624855614126e+03,1.600509481008e+01,1.035776218699e-02
3.586406574926e-03,3.038863548208e+01,7.176152146829e+00,1.109629427782e+04,2.624549238784e+03,1.600696312358e+01,1.035196074541e-02
3.587741166519e-03,3.038408997901e+01,7.177693810707e+00,1.110619830211e+04,2.624242816838e+03,1.600883215765e+01,1.034615917787e-02
3.589074713018e-03,3.037954381409e+01,7.179233494180e+00,1.111611156141e+04,2.623936348402e+03,1.601070191193e+01,1.034035748890e-02
3.590407214853e-03,3.037499698903e+01,7.180771197144e+00,1.112603406563e+04,2.623629833592e+03,1.601257238608e+01,1.033455568300e-02
3.591738672456e-03,3.037044950555e+01,7.182306919500e+00,1.113596582466e+04,2.623323272520e+03,1.601444357976e+01,1.032875376469e-02
3.593069086258e-03,3.036590136535e+01,7.183840661153e+00,1.114590684844e+04,2.623016665301e+03,1.601631549262e+01,1.032295173846e-02
3.594398456691e-03,3.036135257015e+01,7.185372422010e+00,1.115585714687e+04,2.622710012050e+03,1.601818812432e+01,1.031714960884e-02
3.595726784188e-03,3.035680312164e+01,7.186902201984e+00,1.116581672991e+04,2.622403312879e+03,1.602006147451e+01,1.031134738031e-02
3.597054069181e-03,3.035225302154e+01,7.188430000993e+00,1.117578560752e+04,2.622096567901e+03,1.602193554284e+01,1.030554505740e-02
3.598380312107e-03,3.034770227153e+01,7.189955818957e+00,1.118576378967e+04,2.621789777232e+03,1.602381032899e+01,1.029974264459e-02
3.599705513396e-03,3.034315087333e+01,7.191479655800e+00,1.119575128633e+04,2.621482940983e+03,1.602568583259e+01,1.029394014639e-02
3.601029673487e-03,3.033859882862e+01,7.193001511452e+00,1.120574810752e+04,2.621176059267e+03,1.602756205333e+01,1.028813756729e-02
3.602352792813e-03,3.033404613910e+01,7.194521385846e+00,1.121575426322e+04,2.620869132199e+03,1.602943899084e+01,1.028233491178e-02
3.603674871810e-03,3.032949280646e+01,7.196039278918e+00,1.122576976349e+04,2.620562159889e+03,1.603131664479e+01,1.027653218436e-02
3.604995910917e-03,3.032493883237e+01,7.197555190611e+00,1.123579461834e+04,2.620255142452e+03,1.603319501485e+01,1.027072938952e-02
3.606315910568e-03,3.032038421855e+01,7.199069120868e+00,1.124582883784e+04,2.619948079999e+03,1.603507410067e+01,1.026492653174e-02
3.607634871203e-03,3.031582896665e+01,7.200581069639e+00,1.125587243204e+04,2.619640972642e+03,1.603695390191e+01,1.025912361552e-02
3.608952793260e-03,3.031127307837e+01,7.202091036879e+00,1.126592541103e+04,2.619333820494e+03,1.603883441824e+01,1.025332064532e-02
3.610269677177e-03,3.030671655539e+01,7.203599022541e+00,1.127598778489e+04,2.619026623667e+03,1.604071564932e+01,1.024751762565e-02
3.611585523394e-03,3.030215939937e+01,7.205105026590e+00,1.128605956374e+04,2.618719382272e+03,1.604259759481e+01,1.024171456097e-02
3.612900332350e-03,3.029760161200e+01,7.206609048988e+00,1.129614075769e+04,2.618412096420e+03,1.604448025438e+01,1.023591145576e-02
3.614214104487e-03,3.029304319494e+01,7.208111089706e+00,1.130623137687e+04,2.618104766225e+03,1.604636362769e+01,1.023010831450e-02
3.615526840245e-03,3.028848414986e+01,7.209611148716e+00,1.131633143144e+04,2.617797391795e+03,1.604824771440e+01,1.022430514165e-02
3.616838540067e-03,3.028392447843e+01,7.211109225996e+00,1.132644093155e+04,2.617489973244e+03,1.605013251418e+01,1.021850194170e-02
3.618149204392e-03,3.027936418232e+01,7.212605321525e+00,1.133655988736e+04,2.617182510681e+03,1.605201802671e+01,1.021269871910e-02
3.619458833666e-03,3.027480326317e+01,7.214099435289e+00,1.134668830907e+04,2.616875004218e+03,1.605390425163e+01,1.020689547833e-02
3.620767428331e-03,3.027024172266e+01,7.215591567278e+00,1.135682620689e+04,2.616567453964e+03,1.605579118862e+01,1.020109222384e-02
3.622074988829e-03,3.026567956245e+01,7.217081717481e+00,1.136697359101e+04,2.616259860032e+03,1.605767883736e+01,1.019528896011e-02
3.623381515607e-03,3.026111678417e+01,7.218569885897e+00,1.137713047168e+04,2.615952222530e+03,1.605956719750e+01,1.018948569158e-02
3.624687009108e-03,3.025655338949e+01,7.220056072526e+00,1.138729685913e+04,2.615644541569e+03,1.606145626871e+01,1.018368242271e-02
3.625991469778e-03,3.025198938006e+01,7.221540277371e+00,1.139747276361e+04,2.615336817260e+03,1.606334605068e+01,1.017787915797e-02
3.627294898064e-03,3.024742475751e+01,7.223022500443e+00,1.140765819541e+04,2.615029049711e+03,1.606523654305e+01,1.017207590180e-02
3.628597294410e-03,3.024285952351e+01,7.224502741749e+00,1.141785316478e+04,2.614721239033e+03,1.606712774552e+01,1.016627265865e-02
3.629898659264e-03,3.023829367967e+01,7.225981001310e+00,1.142805768204e+04,2.614413385335e+03,1.606901965774e+01,1.016046943296e-02
3.631198993074e-03,3.023372722766e+01,7.227457279142e+00,1.143827175749e+04,2.614105488726e+03,1.607091227939e+01,1.015466622920e-02
3.632498296287e-03,3.022916016911e+01,7.228931575270e+00,1.144849540145e+04,2.613797549316e+03,1.607280561014e+01,1.014886305179e-02
3.633796569353e-03,3.022459250565e+01,7.230403889721e+00,1.145872862427e+04,2.613489567213e+03,1.607469964967e+01,1.014305990518e-02
3.635093812719e-03,3.022002423891e+01,7.231874222525e+00,1.146897143628e+04,2.613181542527e+03,1.607659439765e+01,1.013725679380e-02
3.636390026836e-03,3.021545537052e+01,7.233342573717e+00,1.147922384786e+04,2.612873475367e+03,1.607848985375e+01,1.013145372210e-02
3.637685212153e-03,3.021088590211e+01,7.234808943337e+00,1.148948586938e+04,2.612565365840e+03,1.608038601765e+01,1.012565069450e-02
3.638979369122e-03,3.020631583531e+01,7.236273331427e+00,1.149975751124e+04,2.612257214055e+03,1.608228288902e+01,1.011984771544e-02
3.640272498193e-03,3.020174517174e+01,7.237735738031e+00,1.151003878383e+04,2.611949020121e+03,1.608418046754e+01,1.011404478935e-02
3.641564599817e-03,3.019717391302e+01,7.239196163200e+00,1.152032969758e+04,2.611640784146e+03,1.608607875288e+01,1.010824192065e-02
3.642855674448e-03,3.019260206077e+01,7.240654606989e+00,1.153063026293e+04,2.611332506236e+03,1.608797774473e+01,1.010243911376e-02
3.644145722537e-03,3.018802961660e+01,7.242111069454e+00,1.154094049031e+04,2.611024186501e+03,1.608987744276e+01,1.009663637311e-02
3.645434744536e-03,3.018345658213e+01,7.243565550655e+00,1.155126039018e+04,2.610715825049e+03,1.609177784665e+01,1.009083370312e-02
3.646722740902e-03,3.017888295897e+01,7.245018050659e+00,1.156158997303e+04,2.610407421984e+03,1.609367895607e+01,1.008503110820e-02
3.648009712087e-03,3.017430874873e+01,7.246468569533e+00,1.157192924933e+04,2.610098977417e+03,1.609558077071e+01,1.007922859277e-02
3.649295658546e-03,3.016973395301e+01,7.247917107349e+00,1.158227822959e+04,2.609790491454e+03,1.609748329025e+01,1.007342616123e-02
3.650580580734e-03,3.016515857341e+01,7.249363664184e+00,1.159263692433e+04,2.609481964200e+03,1.609938651437e+01,1.006762381801e-02
3.651864479106e-03,3.016058261155e+01,7.250808240115e+00,1.160300534407e+04,2.609173395765e+03,1.610129044274e+01,1.006182156749e-02
3.653147354120e-03,3.015600606902e+01,7.252250835228e+00,1.161338349936e+04,2.608864786253e+03,1.610319507506e+01,1.005601941410e-02
3.654429206232e-03,3.015142894740e+01,7.253691449609e+00,1.162377140076e+04,2.608556135772e+03,1.610510041099e+01,1.005021736222e-02
3.655710035896e-03,3.014685124832e+01,7.255130083346e+00,1.163416905881e+04,2.608247444429e+03,1.610700645024e+01,1.004441541626e-02
3.656989843575e-03,3.014227297333e+01,7.256566736538e+00,1.164457648414e+04,2.607938712328e+03,1.610891319247e+01,1.003861358062e-02
3.658268629723e-03,3.013769412406e+01,7.258001409278e+00,1.165499368732e+04,2.607629939576e+03,1.611082063737e+01,1.003281185968e-02
3.659546394799e-03,3.013311470207e+01,7.259434101667e+00,1.166542067896e+04,2.607321126280e+03,1.611272878464e+01,1.002701025785e-02
3.660823139265e-03,3.012853470895e+01,7.260864813815e+00,1.167585746971e+04,2.607012272544e+03,1.611463763394e+01,1.002120877950e-02
3.662098863576e-03,3.012395414629e+01,7.262293545826e+00,1.168630407018e+04,2.606703378475e+03,1.611654718498e+01,1.001540742903e-02
3.663373568197e-03,3.011937301567e+01,7.263720297814e+00,1.169676049105e+04,2.606394444176e+03,1.611845743743e+01,1.000960621082e-02
3.664647253584e-03,3.011479131866e+01,7.265145069892e+00,1.170722674296e+04,2.606085469756e+03,1.612036839098e+01,1.000380512925e-02
3.665919920201e-03,3.011020905684e+01,7.266567862182e+00,1.171770283662e+04,2.605776455317e+03,1.612228004532e+01,9.998004188698e-03
3.667191568510e-03,3.010562623178e+01,7.267988674807e+00,1.172818878271e+04,2.605467400964e+03,1.612419240014e+01,9.992203393537e-03
3.668462198969e-03,3.010104284506e+01,7.269407507891e+00,1.173868459194e+04,2.605158306804e+03,1.612610545513e+01,9.986402748146e-03
3.669731812046e-03,3.009645889823e+01,7.270824361566e+00,1.174919027504e+04,2.604849172940e+03,1.612801920997e+01,9.980602256887e-03
3.671000408198e-03,3.009187439288e+01,7.272239235962e+00,1.175970584273e+04,2.604539999476e+03,1.612993366435e+01,9.974801924141e-03
3.672267987893e-03,3.008728933056e+01,7.273652131220e+00,1.177023130578e+04,2.604230786518e+03,1.613184881798e+01,9.969001754260e-03
3.673534551593e-03,3.008270371283e+01,7.275063047478e+00,1.178076667496e+04,2.603921534169e+03,1.613376467053e+01,9.963201751613e-03
3.674800099763e-03,3.007811754125e+01,7.276471984881e+00,1.179131196102e+04,2.603612242533e+03,1.613568122170e+01,9.957401920560e-03
3.676064632867e-03,3.007353081738e+01,7.277878943575e+00,1.180186717479e+04,2.603302911713e+03,1.613759847118e+01,9.951602265455e-03
3.677328151371e-03,3.006894354278e+01,7.279283923711e+00,1.181243232705e+04,2.602993541815e+03,1.613951641866e+01,9.945802790657e-03
3.678590655740e-03,3.006435571898e+01,7.280686925445e+00,1.182300742863e+04,2.602684132941e+03,1.614143506384e+01,9.940003500512e-03
3.679852146441e-03,3.005976734756e+01,7.282087948933e+00,1.183359249038e+04,2.602374685194e+03,1.614335440641e+01,9.934204399373e-03
3.681112623941e-03,3.005517843004e+01,7.283486994337e+00,1.184418752312e+04,2.602065198678e+03,1.614527444607e+01,9.928405491584e-03
3.682372088706e-03,3.005058896798e+01,7.284884061820e+00,1.185479253774e+04,2.601755673496e+03,1.614719518250e+01,9.922606781490e-03
3.683630541203e-03,3.004599896293e+01,7.286279151552e+00,1.186540754509e+04,2.601446109750e+03,1.614911661541e+01,9.916808273438e-03
3.684887981903e-03,3.004140841640e+01,7.287672263705e+00,1.187603255610e+04,2.601136507543e+03,1.615103874450e+01,9.911009971750e-03
3.686144411271e-03,3.003681732996e+01,7.289063398451e+00,1.188666758164e+04,2.600826866979e+03,1.615296156945e+01,9.905211880777e-03
3.687399829778e-03,3.003222570514e+01,7.290452555970e+00,1.189731263264e+04,2.600517188159e+03,1.615488508997e+01,9.899414004844e-03
3.688654237894e-03,3.002763354345e+01,7.291839736445e+00,1.190796772006e+04,2.600207471186e+03,1.615680930576e+01,9.893616348278e-03
3.689907636088e-03,3.002304084645e+01,7.293224940059e+00,1.191863285481e+04,2.599897716161e+03,1.615873421651e+01,9.887818915412e-03
3.691160024829e-03,3.001844761565e+01,7.294608167001e+00,1.192930804787e+04,2.599587923188e+03,1.616065982192e+01,9.882021710568e-03
3.692411404590e-03,3.001385385258e+01,7.295989417462e+00,1.193999331021e+04,2.599278092366e+03,1.616258612169e+01,9.876224738068e-03
3.693661775842e-03,3.000925955877e+01,7.297368691639e+00,1.195068865283e+04,2.598968223799e+03,1.616451311552e+01,9.870428002227e-03
3.694911139055e-03,3.000466473573e+01,7.298745989729e+00,1.196139408673e+04,2.598658317588e+03,1.616644080312e+01,9.864631507364e-03
3.696159494702e-03,3.000006938499e+01,7.300121311935e+00,1.197210962293e+04,2.598348373834e+03,1.616836918418e+01,9.858835257790e-03
3.697406843256e-03,2.999547350807e+01,7.301494658461e+00,1.198283527246e+04,2.598038392638e+03,1.617029825841e+01,9.853039257817e-03
3.698653185190e-03,2.999087710648e+01,7.302866029516e+00,1.199357104637e+04,2.597728374101e+03,1.617222802550e+01,9.847243511745e-03
3.699898520976e-03,2.998628018172e+01,7.304235425311e+00,1.200431695572e+04,2.597418318324e+03,1.617415848517e+01,9.841448023889e-03
3.701142851091e-03,2.998168273532e+01,7.305602846063e+00,1.201507301159e+04,2.597108225408e+03,1.617608963712e+01,9.835652798541e-03
3.702386176005e-03,2.997708476877e+01,7.306968291988e+00,1.202583922506e+04,2.596798095453e+03,1.617802148104e+01,9.829857840005e-03
3.703628496197e-03,2.997248628359e+01,7.308331763309e+00,1.203661560724e+04,2.596487928560e+03,1.617995401665e+01,9.824063152573e-03
3.704869812139e-03,2.996788728127e+01,7.309693260250e+00,1.204740216925e+04,2.596177724829e+03,1.618188724366e+01,9.818268740539e-03
3.706110124308e-03,2.996328776333e+01,7.311052783039e+00,1.205819892222e+04,2.595867484361e+03,1.618382116175e+01,9.812474608194e-03
3.707349433181e-03,2.995868773124e+01,7.312410331910e+00,1.206900587731e+04,2.595557207254e+03,1.618575577065e+01,9.806680759818e-03
3.708587739232e-03,2.995408718653e+01,7.313765907093e+00,1.207982304564e+04,2.595246893610e+03,1.618769107007e+01,9.800887199708e-03
3.709825042940e-03,2.994948613066e+01,7.315119508831e+00,1.209065043844e+04,2.594936543527e+03,1.618962705969e+01,9.795093932128e-03
3.711061344782e-03,2.994488456515e+01,7.316471137362e+00,1.210148806687e+04,2.594626157105e+03,1.619156373925e+01,9.789300961365e-03
3.712296645235e-03,2.994028249147e+01,7.317820792931e+00,1.211233594214e+04,2.594315734443e+03,1.619350110845e+01,9.783508291695e-03
3.713530944777e-03,2.993567991111e+01,7.319168475784e+00,1.212319407546e+04,2.594005275641e+03,1.619543916698e+01,9.777715927389e-03
3.714764243889e-03,2.993107682556e+01,7.320514186175e+00,1.213406247808e+04,2.593694780798e+03,1.619737791457e+01,9.771923872709e-03
3.715996543047e-03,2.992647323631e+01,7.321857924355e+00,1.214494116123e+04,2.593384250012e+03,1.619931735093e+01,9.766132131931e-03
3.717227842732e-03,2.992186914482e+01,7.323199690583e+00,1.215583013618e+04,2.593073683382e+03,1.620125747577e+01,9.760340709309e-03
3.718458143423e-03,2.991726455258e+01,7.324539485116e+00,1.216672941420e+04,2.592763081007e+03,1.620319828879e+01,9.754549609111e-03
3.719687445601e-03,2.991265946106e+01,7.325877308222e+00,1.217763900659e+04,2.592452442985e+03,1.620513978972e+01,9.748758835588e-03
3.720915749747e-03,2.990805387175e+01,7.327213160164e+00,1.218855892464e+04,2.592141769415e+03,1.620708197827e+01,9.742968392997e-03
3.722143056342e-03,2.990344778609e+01,7.328547041214e+00,1.219948917970e+04,2.591831060395e+03,1.620902485414e+01,9.737178285581e-03
3.723369365866e-03,2.989884120558e+01,7.329878951642e+00,1.221042978306e+04,2.591520316022e+03,1.621096841705e+01,9.731388517601e-03
3.724594678803e-03,2.989423413167e+01,7.331208891727e+00,1.222138074611e+04,2.591209536393e+03,1.621291266672e+01,9.725599093287e-03
3.725818995634e-03,2.988962656582e+01,7.332536861747e+00,1.223234208018e+04,2.590898721609e+03,1.621485760286e+01,9.719810016889e-03
3.727042316842e-03,2.988501850950e+01,7.333862861982e+00,1.224331379666e+04,2.590587871765e+03,1.621680322519e+01,9.714021292650e-03
3.728264642911e-03,2.988040996417e+01,7.335186892721e+00,1.225429590694e+04,2.590276986958e+03,1.621874953343e+01,9.708232924791e-03
3.729485974323e-03,2.987580093128e+01,7.336508954249e+00,1.226528842244e+04,2.589966067287e+03,1.622069652729e+01,9.702444917554e-03
3.730706311563e-03,2.987119141230e+01,7.337829046859e+00,1.227629135455e+04,2.589655112848e+03,1.622264420648e+01,9.696657275169e-03
3.731925655115e-03,2.986658140866e+01,7.339147170846e+00,1.228730471473e+04,2.589344123738e+03,1.622459257074e+01,9.690870001859e-03
3.733144005465e-03,2.986197092183e+01,7.340463326506e+00,1.229832851442e+04,2.589033100054e+03,1.622654161977e+01,9.685083101844e-03
3.734361363096e-03,2.985735995325e+01,7.341777514140e+00,1.230936276508e+04,2.588722041892e+03,1.622849135329e+01,9.679296579352e-03
3.735577728495e-03,2.985274850436e+01,7.343089734053e+00,1.232040747820e+04,2.588410949349e+03,1.623044177104e+01,9.673510438590e-03
3.736793102147e-03,2.984813657661e+01,7.344399986550e+00,1.233146266526e+04,2.588099822521e+03,1.623239287272e+01,9.667724683779e-03
3.738007484540e-03,2.984352417144e+01,7.345708271943e+00,1.234252833779e+04,2.587788661504e+03,1.623434465805e+01,9.661939319119e-03
3.739220876158e-03,2.983891129030e+01,7.347014590540e+00,1.235360450727e+04,2.587477466395e+03,1.623629712677e+01,9.656154348835e-03
3.740433277491e-03,2.983429793461e+01,7.348318942661e+00,1.236469118528e+04,2.587166237288e+03,1.623825027859e+01,9.650369777113e-03
3.741644689025e-03,2.982968410581e+01,7.349621328624e+00,1.237578838336e+04,2.586854974281e+03,1.624020411323e+01,9.644585608159e-03
3.742855111248e-03,2.982506980533e+01,7.350921748750e+00,1.238689611306e+04,2.586543677468e+03,1.624215863042e+01,9.638801846176e-03
3.744064544648e-03,2.982045503461e+01,7.352220203362e+00,1.239801438597e+04,2.586232346944e+03,1.624411382987e+01,9.633018495357e-03
3.745272989715e-03,2.981583979506e+01,7.353516692792e+00,1.240914321369e+04,2.585920982806e+03,1.624606971133e+01,9.627235559881e-03
3.746480446936e-03,2.981122408813e+01,7.354811217365e+00,1.242028260782e+04,2.585609585147e+03,1.624802627451e+01,9.621453043954e-03
3.747686916802e-03,2.980660791522e+01,7.356103777419e+00,1.243143257999e+04,2.585298154064e+03,1.624998351913e+01,9.615670951749e-03
3.748892399803e-03,2.980199127776e+01,7.357394373289e+00,1.244259314185e+04,2.584986689650e+03,1.625194144493e+01,9.609889287448e-03
3.750096896428e-03,2.979737417717e+01,7.358683005314e+00,1.245376430504e+04,2.584675192001e+03,1.625390005162e+01,9.604108055232e-03
3.751300407168e-03,2.979275661487e+01,7.359969673836e+00,1.246494608122e+04,2.584363661211e+03,1.625585933895e+01,9.598327259279e-03
3.752502932514e-03,2.978813859226e+01,7.361254379202e+00,1.247613848209e+04,2.584052097374e+03,1.625781930663e+01,9.592546903752e-03
3.753704472958e-03,2.978352011077e+01,7.362537121759e+00,1.248734151935e+04,2.583740500584e+03,1.625977995439e+01,9.586766992825e-03
3.754905028990e-03,2.977890117179e+01,7.363817901857e+00,1.249855520469e+04,2.583428870936e+03,1.626174128197e+01,9.580987530666e-03
3.756104601104e-03,2.977428177674e+01,7.365096719853e+00,1.250977954987e+04,2.583117208523e+03,1.626370328909e+01,9.575208521427e-03
3.757303189792e-03,2.976966192703e+01,7.366373576101e+00,1.252101456661e+04,2.582805513439e+03,1.626566597548e+01,9.569429969273e-03
3.758500795545e-03,2.976504162406e+01,7.367648470961e+00,1.253226026667e+04,2.582493785778e+03,1.626762934088e+01,9.563651878363e-03
3.759697418859e-03,2.976042086921e+01,7.368921404798e+00,1.254351666183e+04,2.582182025633e+03,1.626959338501e+01,9.557874252837e-03
3.760893060223e-03,2.975579966391e+01,7.370192377972e+00,1.255478376385e+04,2.581870233099e+03,1.627155810761e+01,9.552097096861e-03
3.762087720138e-03,2.975117800953e+01,7.371461390859e+00,1.256606158458e+04,2.581558408265e+03,1.627352350841e+01,9.546320414556e-03
3.763281399092e-03,2.974655590748e+01,7.372728443825e+00,1.257735013580e+04,2.581246551228e+03,1.627548958714e+01,9.540544210085e-03
3.764474097582e-03,2.974193335915e+01,7.373993537243e+00,1.258864942934e+04,2.580934662080e+03,1.627745634354e+01,9.534768487580e-03
3.765665816102e-03,2.973731036593e+01,7.375256671494e+00,1.259995947706e+04,2.580622740912e+03,1.627942377734e+01,9.528993251172e-03
3.766856555150e-03,2.973268692919e+01,7.376517846955e+00,1.261128029082e+04,2.580310787818e+03,1.628139188828e+01,9.523218504993e-03
3.768046315218e-03,2.972806305034e+01,7.377777064007e+00,1.262261188248e+04,2.579998802891e+03,1.628336067609e+01,9.517444253179e-03
3.769235096805e-03,2.972343873075e+01,7.379034323039e+00,1.263395426395e+04,2.579686786222e+03,1.628533014051e+01,9.511670499845e-03
3.770422900406e-03,2.971881397180e+01,7.380289624436e+00,1.264530744713e+04,2.579374737903e+03,1.628730028127e+01,9.505897249120e-03
3.771609726517e-03,2.971418877487e+01,7.381542968590e+00,1.265667144393e+04,2.579062658027e+03,1.628927109811e+01,9.500124505119e-03
3.772795575638e-03,2.970956314134e+01,7.382794355894e+00,1.266804626630e+04,2.578750546685e+03,1.629124259078e+01,9.494352271954e-03
3.773980448263e-03,2.970493707258e+01,7.384043786744e+00,1.267943192618e+04,2.578438403968e+03,1.629321475900e+01,9.488580553742e-03
3.775164344892e-03,2.970031056996e+01,7.385291261540e+00,1.269082843554e+04,2.578126229969e+03,1.629518760252e+01,9.482809354589e-03
3.776347266023e-03,2.969568363485e+01,7.386536780683e+00,1.270223580636e+04,2.577814024780e+03,1.629716112107e+01,9.477038678595e-03
3.777529212152e-03,2.969105626863e+01,7.387780344577e+00,1.271365405062e+04,2.577501788490e+03,1.629913531440e+01,9.471268529871e-03
3.778710183783e-03,2.968642847264e+01,7.389021953632e+00,1.272508318037e+04,2.577189521191e+03,1.630111018225e+01,9.465498912498e-03
3.779890181410e-03,2.968180024826e+01,7.390261608255e+00,1.273652320759e+04,2.576877222974e+03,1.630308572436e+01,9.459729830587e-03
3.781069205535e-03,2.967717159686e+01,7.391499308859e+00,1.274797414434e+04,2.576564893930e+03,1.630506194046e+01,9.453961288222e-03
3.782247256657e-03,2.967254251978e+01,7.392735055861e+00,1.275943600268e+04,2.576252534149e+03,1.630703883031e+01,9.448193289486e-03
3.783424335277e-03,2.966791301838e+01,7.393968849677e+00,1.277090879467e+04,2.575940143723e+03,1.630901639365e+01,9.442425838468e-03
3.784600441895e-03,2.966328309402e+01,7.395200690729e+00,1.278239253239e+04,2.575627722741e+03,1.631099463021e+01,9.436658939249e-03
3.785775577013e-03,2.965865274804e+01,7.396430579442e+00,1.279388722797e+04,2.575315271293e+03,1.631297353974e+01,9.430892595898e-03
3.786949741130e-03,2.965402198181e+01,7.397658516238e+00,1.280539289349e+04,2.575002789470e+03,1.631495312200e+01,9.425126812496e-03
3.788122934750e-03,2.964939079666e+01,7.398884501550e+00,1.281690954110e+04,2.574690277362e+03,1.631693337671e+01,9.419361593106e-03
3.789295158372e-03,2.964475919395e+01,7.400108535806e+00,1.282843718293e+04,2.574377735057e+03,1.631891430364e+01,9.413596941806e-03
3.790466412502e-03,2.964012717500e+01,7.401330619443e+00,1.283997583117e+04,2.574065162646e+03,1.632089590252e+01,9.407832862643e-03
3.791636697638e-03,2.963549474118e+01,7.402550752895e+00,1.285152549796e+04,2.573752560219e+03,1.632287817310e+01,9.402069359690e-03
3.792806014288e-03,2.963086189380e+01,7.403768936605e+00,1.286308619554e+04,2.573439927864e+03,1.632486111513e+01,9.396306436985e-03
3.793974362950e-03,2.962622863422e+01,7.404985171009e+00,1.287465793605e+04,2.573127265671e+03,1.632684472836e+01,9.390544098603e-03
3.795141744131e-03,2.962159496376e+01,7.406199456557e+00,1.288624073176e+04,2.572814573729e+03,1.632882901254e+01,9.384782348573e-03
3.796308158334e-03,2.961696088376e+01,7.407411793694e+00,1.289783459489e+04,2.572501852126e+03,1.633081396741e+01,9.379021190951e-03
3.797473606062e-03,2.961232639555e+01,7.408622182870e+00,1.290943953769e+04,2.572189100952e+03,1.633279959273e+01,9.373260629773e-03
3.798638087822e-03,2.960769150044e+01,7.409830624539e+00,1.292105557244e+04,2.571876320295e+03,1.633478588824e+01,9.367500669071e-03
3.799801604115e-03,2.960305619979e+01,7.411037119151e+00,1.293268271140e+04,2.571563510244e+03,1.633677285370e+01,9.361741312897e-03
3.800964155451e-03,2.959842049489e+01,7.412241667169e+00,1.294432096689e+04,2.571250670885e+03,1.633876048886e+01,9.355982565262e-03
3.802125742331e-03,2.959378438708e+01,7.413444269051e+00,1.295597035121e+04,2.570937802310e+03,1.634074879346e+01,9.350224430203e-03
3.803286365263e-03,2.958914787768e+01,7.414644925258e+00,1.296763087670e+04,2.570624904604e+03,1.634273776728e+01,9.344466911741e-03
3.804446024752e-03,2.958451096799e+01,7.415843636258e+00,1.297930255569e+04,2.570311977856e+03,1.634472741005e+01,9.338710013895e-03
3.805604721305e-03,2.957987365935e+01,7.417040402516e+00,1.299098540053e+04,2.569999022153e+03,1.634671772152e+01,9.332953740682e-03
3.806762455429e-03,2.957523595304e+01,7.418235224504e+00,1.300267942362e+04,2.569686037584e+03,1.634870870146e+01,9.327198096111e-03
3.807919227630e-03,2.957059785041e+01,7.419428102693e+00,1.301438463733e+04,2.569373024235e+03,1.635070034963e+01,9.321443084200e-03
3.809075038417e-03,2.956595935273e+01,7.420619037561e+00,1.302610105408e+04,2.569059982194e+03,1.635269266577e+01,9.315688708940e-03
3.810229888295e-03,2.956132046133e+01,7.421808029582e+00,1.303782868626e+04,2.568746911548e+03,1.635468564963e+01,9.309934974344e-03
3.811383777774e-03,2.955668117751e+01,7.422995079240e+00,1.304956754634e+04,2.568433812384e+03,1.635667930099e+01,9.304181884403e-03
3.812536707361e-03,2.955204150256e+01,7.424180187016e+00,1.306131764675e+04,2.568120684789e+03,1.635867361959e+01,9.298429443116e-03
3.813688677566e-03,2.954740143780e+01,7.425363353395e+00,1.307307899997e+04,2.567807528849e+03,1.636066860520e+01,9.292677654467e-03
3.814839688896e-03,2.954276098451e+01,7.426544578865e+00,1.308485161846e+04,2.567494344652e+03,1.636266425757e+01,9.286926522449e-03
3.815989741861e-03,2.953812014399e+01,7.427723863916e+00,1.309663551474e+04,2.567181132283e+03,1.636466057646e+01,9.281176051042e-03
3.817138836972e-03,2.953347891754e+01,7.428901209041e+00,1.310843070132e+04,2.566867891829e+03,1.636665756162e+01,9.275426244219e-03
3.818286974734e-03,2.952883730644e+01,7.430076614734e+00,1.312023719069e+04,2.566554623376e+03,1.636865521283e+01,9.269677105972e-03
3.819434155663e-03,2.952419531199e+01,7.431250081494e+00,1.313205499545e+04,2.566241327010e+03,1.637065352984e+01,9.263928640253e-03
3.820580380264e-03,2.951955293547e+01,7.432421609820e+00,1.314388412812e+04,2.565928002817e+03,1.637265251241e+01,9.258180851046e-03
3.821725649052e-03,2.951491017816e+01,7.433591200214e+00,1.315572460129e+04,2.565614650883e+03,1.637465216030e+01,9.252433742303e-03
3.822869962535e-03,2.951026704136e+01,7.434758853182e+00,1.316757642754e+04,2.565301271292e+03,1.637665247328e+01,9.246687317994e-03
3.824013321225e-03,2.950562352633e+01,7.435924569231e+00,1.317943961948e+04,2.564987864132e+03,1.637865345111e+01,9.240941582068e-03
3.825155725633e-03,2.950097963436e+01,7.437088348868e+00,1.319131418973e+04,2.564674429487e+03,1.638065509355e+01,9.235196538486e-03
3.826297176272e-03,2.949633536672e+01,7.438250192609e+00,1.320320015094e+04,2.564360967441e+03,1.638265740037e+01,9.229452191190e-03
3.827437673653e-03,2.949169072469e+01,7.439410100966e+00,1.321509751574e+04,2.564047478080e+03,1.638466037133e+01,9.223708544129e-03
3.828577218288e-03,2.948704570954e+01,7.440568074456e+00,1.322700629680e+04,2.563733961489e+03,1.638666400620e+01,9.217965601244e-03
3.829715810690e-03,2.948240032253e+01,7.441724113597e+00,1.323892650681e+04,2.563420417753e+03,1.638866830474e+01,9.212223366476e-03
3.830853451374e-03,2.947775456494e+01,7.442878218914e+00,1.325085815849e+04,2.563106846956e+03,1.639067326672e+01,9.206481843749e-03
3.831990140848e-03,2.947310843804e+01,7.444030390926e+00,1.326280126450e+04,2.562793249183e+03,1.639267889190e+01,9.200741037011e-03
3.833125879630e-03,2.946846194308e+01,7.445180630163e+00,1.327475583762e+04,2.562479624518e+03,1.639468518006e+01,9.195000950175e-03
3.834260668233e-03,2.946381508132e+01,7.446328937152e+00,1.328672189057e+04,2.562165973044e+03,1.639669213096e+01,9.189261587162e-03
3.835394507171e-03,2.945916785402e+01,7.447475312424e+00,1.329869943613e+04,2.561852294847e+03,1.639869974437e+01,9.183522951897e-03
3.836527396956e-03,2.945452026245e+01,7.448619756512e+00,1.331068848705e+04,2.561538590010e+03,1.640070802006e+01,9.177785048297e-03
3.837659338105e-03,2.944987230786e+01,7.449762269952e+00,1.332268905615e+04,2.561224858616e+03,1.640271695780e+01,9.172047880266e-03
3.838790331130e-03,2.944522399149e+01,7.450902853280e+00,1.333470115622e+04,2.560911100750e+03,1.640472655736e+01,9.166311451720e-03
3.839920376550e-03,2.944057531461e+01,7.452041507038e+00,1.334672480009e+04,2.560597316495e+03,1.640673681851e+01,9.160575766555e-03
3.841049474879e-03,2.943592627844e+01,7.453178231769e+00,1.335876000061e+04,2.560283505933e+03,1.640874774102e+01,9.154840828668e-03
3.842177626629e-03,2.943127688426e+01,7.454313028015e+00,1.337080677060e+04,2.559969669150e+03,1.641075932466e+01,9.149106641972e-03
3.843304832322e-03,2.942662713329e+01,7.455445896326e+00,1.338286512299e+04,2.559655806225e+03,1.641277156921e+01,9.143373210333e-03
3.844431092469e-03,2.942197702679e+01,7.456576837247e+00,1.339493507060e+04,2.559341917245e+03,1.641478447444e+01,9.137640537667e-03
3.845556407590e-03,2.941732656598e+01,7.457705851334e+00,1.340701662639e+04,2.559028002290e+03,1.641679804013e+01,9.131908627835e-03
3.846680778199e-03,2.941267575211e+01,7.458832939138e+00,1.341910980324e+04,2.558714061444e+03,1.641881226604e+01,9.126177484730e-03
3.847804204814e-03,2.940802458642e+01,7.459958101216e+00,1.343121461410e+04,2.558400094788e+03,1.642082715195e+01,9.120447112227e-03
3.848926687953e-03,2.940337307014e+01,7.461081338126e+00,1.344333107193e+04,2.558086102406e+03,1.642284269765e+01,9.114717514191e-03
3.850048228133e-03,2.939872120449e+01,7.462202650428e+00,1.345545918968e+04,2.557772084379e+03,1.642485890289e+01,9.108988694500e-03
3.851168825871e-03,2.939406899071e+01,7.463322038684e+00,1.346759898033e+04,2.557458040790e+03,1.642687576747e+01,9.103260657013e-03
3.852288481685e-03,2.938941643003e+01,7.464439503461e+00,1.347975045690e+04,2.557143971720e+03,1.642889329116e+01,9.097533405592e-03
3.853407196094e-03,2.938476352368e+01,7.465555045324e+00,1.349191363238e+04,2.556829877251e+03,1.643091147373e+01,9.091806944097e-03
3.854524969616e-03,2.938011027286e+01,7.466668664844e+00,1.350408851980e+04,2.556515757465e+03,1.643293031497e+01,9.086081276377e-03
3.855641802771e-03,2.937545667881e+01,7.467780362591e+00,1.351627513223e+04,2.556201612443e+03,1.643494981465e+01,9.080356406280e-03
3.856757696076e-03,2.937080274275e+01,7.468890139139e+00,1.352847348271e+04,2.555887442268e+03,1.643696997255e+01,9.074632337656e-03
3.857872650051e-03,2.936614846589e+01,7.469997995064e+00,1.354068358432e+04,2.555573247019e+03,1.643899078846e+01,9.068909074340e-03
3.858986665217e-03,2.936149384945e+01,7.471103930945e+00,1.355290545017e+04,2.555259026777e+03,1.644101226215e+01,9.063186620172e-03
3.860099742091e-03,2.935683889464e+01,7.472207947360e+00,1.356513909334e+04,2.554944781625e+03,1.644303439339e+01,9.057464978989e-03
3.861211881194e-03,2.935218360267e+01,7.473310044893e+00,1.357738452698e+04,2.554630511643e+03,1.644505718199e+01,9.051744154612e-03
3.862323083048e-03,2.934752797474e+01,7.474410224128e+00,1.358964176423e+04,2.554316216910e+03,1.644708062772e+01,9.046024150871e-03
3.863433348172e-03,2.934287201208e+01,7.475508485651e+00,1.360191081823e+04,2.554001897509e+03,1.644910473036e+01,9.040304971587e-03
3.864542677087e-03,2.933821571587e+01,7.476604830052e+00,1.361419170218e+04,2.553687553519e+03,1.645112948969e+01,9.034586620571e-03
3.865651070312e-03,2.933355908733e+01,7.477699257919e+00,1.362648442923e+04,2.553373185021e+03,1.645315490550e+01,9.028869101656e-03
3.866758528372e-03,2.932890212764e+01,7.478791769850e+00,1.363878901264e+04,2.553058792093e+03,1.645518097757e+01,9.023152418622e-03
3.867865051785e-03,2.932424483803e+01,7.479882366436e+00,1.365110546558e+04,2.552744374818e+03,1.645720770569e+01,9.017436575295e-03
3.868970641075e-03,2.931958721966e+01,7.480971048275e+00,1.366343380133e+04,2.552429933273e+03,1.645923508965e+01,9.011721575469e-03
3.870075296763e-03,2.931492927376e+01,7.482057815967e+00,1.367577403311e+04,2.552115467540e+03,1.646126312922e+01,9.006007422945e-03
3.871179019371e-03,2.931027100149e+01,7.483142670113e+00,1.368812617421e+04,2.551800977698e+03,1.646329182420e+01,9.000294121507e-03
3.872281809420e-03,2.930561240406e+01,7.484225611315e+00,1.370049023790e+04,2.551486463826e+03,1.646532117437e+01,8.994581674962e-03
3.873383667437e-03,2.930095348265e+01,7.485306640182e+00,1.371286623751e+04,2.551171926002e+03,1.646735117953e+01,8.988870087070e-03
3.874484593941e-03,2.929629423845e+01,7.486385757319e+00,1.372525418634e+04,2.550857364308e+03,1.646938183946e+01,8.983159361629e-03
3.875584589454e-03,2.929163467264e+01,7.487462963334e+00,1.373765409772e+04,2.550542778821e+03,1.647141315395e+01,8.977449502419e-03
3.876683654505e-03,2.928697478640e+01,7.488538258844e+00,1.375006598503e+04,2.550228169619e+03,1.647344512278e+01,8.971740513194e-03
3.877781789611e-03,2.928231458092e+01,7.489611644458e+00,1.376248986159e+04,2.549913536784e+03,1.647547774576e+01,8.966032397742e-03
3.878878995301e-03,2.927765405737e+01,7.490683120794e+00,1.377492574083e+04,2.549598880392e+03,1.647751102266e+01,8.960325159816e-03
3.879975272094e-03,2.927299321693e+01,7.491752688469e+00,1.378737363612e+04,2.549284200522e+03,1.647954495329e+01,8.954618803185e-03
3.881070620518e-03,2.926833206077e+01,7.492820348102e+00,1.379983356089e+04,2.548969497253e+03,1.648157953743e+01,8.948913331600e-03
3.882165041098e-03,2.926367059005e+01,7.493886100318e+00,1.381230552858e+04,2.548654770662e+03,1.648361477487e+01,8.943208748808e-03
3.883258534354e-03,2.925900880597e+01,7.494949945737e+00,1.382478955261e+04,2.548340020828e+03,1.648565066542e+01,8.937505058575e-03
3.884351100817e-03,2.925434670966e+01,7.496011884988e+00,1.383728564649e+04,2.548025247828e+03,1.648768720885e+01,8.931802264620e-03
3.885442741006e-03,2.924968430232e+01,7.497071918696e+00,1.384979382365e+04,2.547710451742e+03,1.648972440497e+01,8.926100370710e-03
3.886533455450e-03,2.924502158509e+01,7.498130047493e+00,1.386231409763e+04,2.547395632645e+03,1.649176225358e+01,8.920399380563e-03
3.887623244675e-03,2.924035855914e+01,7.499186272011e+00,1.387484648193e+04,2.547080790615e+03,1.649380075446e+01,8.914699297912e-03
3.888712109204e-03,2.923569522564e+01,7.500240592881e+00,1.388739099007e+04,2.546765925731e+03,1.649583990741e+01,8.909000126494e-03
3.889800049565e-03,2.923103158572e+01,7.501293010742e+00,1.389994763561e+04,2.546451038069e+03,1.649787971223e+01,8.903301870024e-03
3.890887066283e-03,2.922636764056e+01,7.502343526231e+00,1.391251643212e+04,2.546136127706e+03,1.649992016871e+01,8.897604532225e-03
3.891973159886e-03,2.922170339131e+01,7.503392139986e+00,1.392509739316e+04,2.545821194719e+03,1.650196127666e+01,8.891908116812e-03
3.893058330898e-03,2.921703883911e+01,7.504438852649e+00,1.393769053233e+04,2.545506239186e+03,1.650400303587e+01,8.886212627500e-03
3.894142579848e-03,2.921237398511e+01,7.505483664866e+00,1.395029586327e+04,2.545191261182e+03,1.650604544614e+01,8.880518067986e-03
3.895225907262e-03,2.920770883047e+01,7.506526577280e+00,1.396291339958e+04,2.544876260784e+03,1.650808850726e+01,8.874824441982e-03
3.896308313668e-03,2.920304337633e+01,7.507567590539e+00,1.397554315491e+04,2.544561238070e+03,1.651013221905e+01,8.869131753184e-03
3.897389799594e-03,2.919837762383e+01,7.508606705293e+00,1.398818514295e+04,2.544246193114e+03,1.651217658129e+01,8.863440005279e-03
3.898470365565e-03,2.919371157411e+01,7.509643922192e+00,1.400083937734e+04,2.543931125994e+03,1.651422159380e+01,8.857749201970e-03
3.899550012110e-03,2.918904522831e+01,7.510679241889e+00,1.401350587180e+04,2.543616036785e+03,1.651626725636e+01,8.852059346940e-03
3.900628739757e-03,2.918437858758e+01,7.511712665041e+00,1.402618464002e+04,2.543300925563e+03,1.651831356879e+01,8.846370443869e-03
3.901706549037e-03,2.917971165302e+01,7.512744192305e+00,1.403887569578e+04,2.542985792404e+03,1.652036053088e+01,8.840682496422e-03
3.902783440473e-03,2.917504442581e+01,7.513773824336e+00,1.405157905277e+04,2.542670637384e+03,1.652240814244e+01,8.834995508295e-03
3.903859414598e-03,2.917037690705e+01,7.514801561798e+00,1.406429472477e+04,2.542355460577e+03,1.652445640327e+01,8.829309483145e-03
3.904934471939e-03,2.916570909788e+01,7.515827405353e+00,1.407702272557e+04,2.542040262061e+03,1.652650531318e+01,8.823624424639e-03
3.906008613027e-03,2.916104099941e+01,7.516851355666e+00,1.408976306896e+04,2.541725041909e+03,1.652855487197e+01,8.817940336433e-03
3.907081838388e-03,2.915637261280e+01,7.517873413401e+00,1.410251576874e+04,2.541409800196e+03,1.653060507945e+01,8.812257222194e-03
3.908154148553e-03,2.915170393914e+01,7.518893579228e+00,1.411528083876e+04,2.541094536998e+03,1.653265593542e+01,8.806575085567e-03
3.909225544050e-03,2.914703497957e+01,7.519911853816e+00,1.412805829283e+04,2.540779252390e+03,1.653470743969e+01,8.800893930210e-03
3.910296025413e-03,2.914236573520e+01,7.520928237839e+00,1.414084814488e+04,2.540463946446e+03,1.653675959206e+01,8.795213759746e-03
3.911365593168e-03,2.913769620715e+01,7.521942731966e+00,1.415365040872e+04,2.540148619241e+03,1.653881239235e+01,8.789534577837e-03
3.912434247847e-03,2.913302639654e+01,7.522955336878e+00,1.416646509828e+04,2.539833270849e+03,1.654086584036e+01,8.783856388103e-03
3.913501989979e-03,2.912835630447e+01,7.523966053247e+00,1.417929222745e+04,2.539517901344e+03,1.654291993590e+01,8.778179194189e-03
3.914568820096e-03,2.912368593206e+01,7.524974881757e+00,1.419213181020e+04,2.539202510801e+03,1.654497467879e+01,8.772502999706e-03
3.915634738727e-03,2.911901528043e+01,7.525981823083e+00,1.420498386042e+04,2.538887099294e+03,1.654703006881e+01,8.766827808295e-03
3.916699746406e-03,2.911434435066e+01,7.526986877915e+00,1.421784839214e+04,2.538571666896e+03,1.654908610581e+01,8.761153623549e-03
3.917763843659e-03,2.910967314389e+01,7.527990046929e+00,1.423072541927e+04,2.538256213682e+03,1.655114278957e+01,8.755480449119e-03
3.918827031020e-03,2.910500166120e+01,7.528991330817e+00,1.424361495584e+04,2.537940739725e+03,1.655320011991e+01,8.749808288586e-03
3.919889309023e-03,2.910032990369e+01,7.529990730267e+00,1.425651701590e+04,2.537625245098e+03,1.655525809665e+01,8.744137145555e-03
3.920950678197e-03,2.909565787246e+01,7.530988245967e+00,1.426943161343e+04,2.537309729875e+03,1.655731671959e+01,8.738467023639e-03
3.922011139073e-03,2.909098556862e+01,7.531983878608e+00,1.428235876248e+04,2.536994194130e+03,1.655937598856e+01,8.732797926435e-03
3.923070692184e-03,2.908631299326e+01,7.532977628884e+00,1.429529847714e+04,2.536678637935e+03,1.656143590336e+01,8.727129857529e-03
3.924129338062e-03,2.908164014748e+01,7.533969497488e+00,1.430825077147e+04,2.536363061363e+03,1.656349646380e+01,8.721462820521e-03
3.925187077240e-03,2.907696703234e+01,7.534959485122e+00,1.432121565960e+04,2.536047464486e+03,1.656555766971e+01,8.715796818974e-03
3.926243910249e-03,2.907229364897e+01,7.535947592479e+00,1.433419315560e+04,2.535731847379e+03,1.656761952090e+01,8.710131856489e-03
3.927299837622e-03,2.906761999844e+01,7.536933820261e+00,1.434718327362e+04,2.535416210113e+03,1.656968201718e+01,8.704467936636e-03
3.928354859894e-03,2.906294608183e+01,7.537918169171e+00,1.436018602783e+04,2.535100552761e+03,1.657174515838e+01,8.698805062977e-03
3.929408977596e-03,2.905827190022e+01,7.538900639911e+00,1.437320143239e+04,2.534784875395e+03,1.657380894430e+01,8.693143239083e-03
3.930462191261e-03,2.905359745472e+01,7.539881233188e+00,1.438622950146e+04,2.534469178088e+03,1.657587337477e+01,8.687482468523e-03
3.931514501421e-03,2.904892274638e+01,7.540859949706e+00,1.439927024925e+04,2.534153460911e+03,1.657793844960e+01,8.681822754856e-03
3.932565908614e-03,2.904424777629e+01,7.541836790178e+00,1.441232369001e+04,2.533837723936e+03,1.658000416861e+01,8.676164101620e-03
3.933616413370e-03,2.903957254552e+01,7.542811755312e+00,1.442538983794e+04,2.533521967235e+03,1.658207053163e+01,8.670506512376e-03
3.934666016224e-03,2.903489705515e+01,7.543784845819e+00,1.443846870730e+04,2.533206190880e+03,1.658413753847e+01,8.664849990669e-03
3.935714717710e-03,2.903022130625e+01,7.544756062414e+00,1.445156031235e+04,2.532890394943e+03,1.658620518895e+01,8.659194540041e-03
3.936762518360e-03,2.902554529989e+01,7.545725405813e+00,1.446466466739e+04,2.532574579494e+03,1.658827348289e+01,8.653540164027e-03
3.937809418711e-03,2.902086903714e+01,7.546692876731e+00,1.447778178672e+04,2.532258744605e+03,1.659034242012e+01,8.647886866159e-03
3.938855419298e-03,2.901619251906e+01,7.547658475890e+00,1.449091168467e+04,2.531942890348e+03,1.659241200046e+01,8.642234649957e-03
3.939900520653e-03,2.901151574672e+01,7.548622204007e+00,1.450405437556e+04,2.531627016793e+03,1.659448222372e+01,8.636583518952e-03
3.940944723311e-03,2.900683872119e+01,7.549584061805e+00,1.451720987374e+04,2.531311124011e+03,1.659655308974e+01,8.630933476671e-03
3.941988027810e-03,2.900216144350e+01,7.550544050010e+00,1.453037819363e+04,2.530995212073e+03,1.659862459833e+01,8.625284526606e-03
3.943030434683e-03,2.899748391474e+01,7.551502169345e+00,1.454355934958e+04,2.530679281049e+03,1.660069674932e+01,8.619636672279e-03
3.944071944463e-03,2.899280613596e+01,7.552458420534e+00,1.455675335598e+04,2.530363331011e+03,1.660276954254e+01,8.613989917213e-03
3.945112557689e-03,2.898812810820e+01,7.553412804312e+00,1.456996022729e+04,2.530047362028e+03,1.660484297781e+01,8.608344264881e-03
3.946152274895e-03,2.898344983253e+01,7.554365321404e+00,1.458317997795e+04,2.529731374171e+03,1.660691705496e+01,8.602699718792e-03
3.947191096617e-03,2.897877130998e+01,7.555315972544e+00,1.459641262240e+04,2.529415367510e+03,1.660899177381e+01,8.597056282442e-03
3.948229023391e-03,2.897409254162e+01,7.556264758466e+00,1.460965817514e+04,2.529099342114e+03,1.661106713419e+01,8.591413959307e-03
3.949266055750e-03,2.896941352850e+01,7.557211679901e+00,1.462291665061e+04,2.528783298055e+03,1.661314313592e+01,8.585772752898e-03
3.950302194237e-03,2.896473427163e+01,7.558156737591e+00,1.463618806340e+04,2.528467235400e+03,1.661521977885e+01,8.580132666654e-03
3.951337439381e-03,2.896005477208e+01,7.559099932269e+00,1.464947242799e+04,2.528151154220e+03,1.661729706279e+01,8.574493704079e-03
3.952371791723e-03,2.895537503090e+01,7.560041264678e+00,1.466276975893e+04,2.527835054585e+03,1.661937498758e+01,8.568855868635e-03
3.953405251796e-03,2.895069504911e+01,7.560980735556e+00,1.467608007078e+04,2.527518936565e+03,1.662145355304e+01,8.563219163793e-03
3.954437820138e-03,2.894601482776e+01,7.561918345648e+00,1.468940337812e+04,2.527202800227e+03,1.662353275900e+01,8.557583593014e-03
3.955469497291e-03,2.894133436785e+01,7.562854095701e+00,1.470273969561e+04,2.526886645641e+03,1.662561260530e+01,8.551949159727e-03
3.956500283785e-03,2.893665367046e+01,7.563787986455e+00,1.471608903778e+04,2.526570472877e+03,1.662769309177e+01,8.546315867423e-03
3.957530180156e-03,2.893197273662e+01,7.564720018658e+00,1.472945141926e+04,2.526254282003e+03,1.662977421823e+01,8.540683719552e-03
3.958559186952e-03,2.892729156731e+01,7.565650193066e+00,1.474282685482e+04,2.525938073087e+03,1.663185598453e+01,8.535052719505e-03
3.959587304696e-03,2.892261016362e+01,7.566578510419e+00,1.475621535896e+04,2.525621846199e+03,1.663393839048e+01,8.529422870792e-03
3.960614533939e-03,2.891792852653e+01,7.567504971480e+00,1.476961694654e+04,2.525305601406e+03,1.663602143595e+01,8.523794176783e-03
3.961640875207e-03,2.891324665709e+01,7.568429576991e+00,1.478303163210e+04,2.524989338779e+03,1.663810512074e+01,8.518166640963e-03
3.962666329047e-03,2.890856455630e+01,7.569352327717e+00,1.479645943050e+04,2.524673058383e+03,1.664018944470e+01,8.512540266713e-03
3.963690895991e-03,2.890388222520e+01,7.570273224408e+00,1.480990035638e+04,2.524356760288e+03,1.664227440766e+01,8.506915057489e-03
3.964714576580e-03,2.889919966479e+01,7.571192267825e+00,1.482335442456e+04,2.524040444561e+03,1.664436000947e+01,8.501291016682e-03
3.965737371351e-03,2.889451687610e+01,7.572109458726e+00,1.483682164977e+04,2.523724111270e+03,1.664644624994e+01,8.495668147718e-03
3.966759280841e-03,2.888983386015e+01,7.573024797871e+00,1.485030204681e+04,2.523407760484e+03,1.664853312893e+01,8.490046454013e-03
3.967780305593e-03,2.888515061793e+01,7.573938286026e+00,1.486379563054e+04,2.523091392269e+03,1.665062064627e+01,8.484425938943e-03
3.968800446141e-03,2.888046715047e+01,7.574849923952e+00,1.487730241573e+04,2.522775006693e+03,1.665270880180e+01,8.478806605930e-03
3.969819703024e-03,2.887578345878e+01,7.575759712414e+00,1.489082241723e+04,2.522458603824e+03,1.665479759536e+01,8.473188458367e-03
3.970838076785e-03,2.887109954384e+01,7.576667652181e+00,1.490435564995e+04,2.522142183727e+03,1.665688702678e+01,8.467571499627e-03
3.971855567957e-03,2.886641540669e+01,7.577573744019e+00,1.491790212871e+04,2.521825746472e+03,1.665897709591e+01,8.461955733116e-03
3.972872177083e-03,2.886173104832e+01,7.578477988699e+00,1.493146186845e+04,2.521509292125e+03,1.666106780258e+01,8.456341162206e-03
3.973887904703e-03,2.885704646971e+01,7.579380386994e+00,1.494503488410e+04,2.521192820751e+03,1.666315914664e+01,8.450727790258e-03
3.974902751351e-03,2.885236167190e+01,7.580280939670e+00,1.495862119051e+04,2.520876332419e+03,1.666525112793e+01,8.445115620682e-03
3.975916717571e-03,2.884767665585e+01,7.581179647507e+00,1.497222080273e+04,2.520559827195e+03,1.666734374629e+01,8.439504656808e-03
3.976929803903e-03,2.884299142257e+01,7.582076511280e+00,1.498583373569e+04,2.520243305144e+03,1.666943700156e+01,8.433894902010e-03
3.977942010885e-03,2.883830597306e+01,7.582971531764e+00,1.499946000438e+04,2.519926766335e+03,1.667153089359e+01,8.428286359649e-03
3.978953339055e-03,2.883362030831e+01,7.583864709737e+00,1.501309962379e+04,2.519610210832e+03,1.667362542222e+01,8.422679033084e-03
3.979963788953e-03,2.882893442930e+01,7.584756045977e+00,1.502675260895e+04,2.519293638702e+03,1.667572058729e+01,8.417072925666e-03
3.980973361126e-03,2.882424833702e+01,7.585645541273e+00,1.504041897496e+04,2.518977050010e+03,1.667781638865e+01,8.411468040706e-03
3.981982056103e-03,2.881956203247e+01,7.586533196397e+00,1.505409873678e+04,2.518660444824e+03,1.667991282614e+01,8.405864381594e-03
3.982989874434e-03,2.881487551662e+01,7.587419012140e+00,1.506779190958e+04,2.518343823207e+03,1.668200989962e+01,8.400261951626e-03
3.983996816652e-03,2.881018879047e+01,7.588302989282e+00,1.508149850837e+04,2.518027185228e+03,1.668410760892e+01,8.394660754165e-03
3.985002883304e-03,2.880550185496e+01,7.589185128615e+00,1.509521854837e+04,2.517710530948e+03,1.668620595389e+01,8.389060792498e-03
3.986008074923e-03,2.880081471113e+01,7.590065430921e+00,1.510895204459e+04,2.517393860436e+03,1.668830493438e+01,8.383462069992e-03
3.987012392058e-03,2.879612735989e+01,7.590943896997e+00,1.512269901230e+04,2.517077173755e+03,1.669040455025e+01,8.377864589919e-03
3.988015835242e-03,2.879143980228e+01,7.591820527625e+00,1.513645946656e+04,2.516760470972e+03,1.669250480133e+01,8.372268355631e-03
3.989018405020e-03,2.878675203923e+01,7.592695323602e+00,1.515023342263e+04,2.516443752151e+03,1.669460568747e+01,8.366673370415e-03
3.990020101933e-03,2.878206407172e+01,7.593568285721e+00,1.516402089569e+04,2.516127017356e+03,1.669670720854e+01,8.361079637574e-03
3.991020926520e-03,2.877737590073e+01,7.594439414774e+00,1.517782190095e+04,2.515810266654e+03,1.669880936436e+01,8.355487160421e-03
3.992020879325e-03,2.877268752722e+01,7.595308711561e+00,1.519163645368e+04,2.515493500107e+03,1.670091215481e+01,8.349895942231e-03
3.993019960888e-03,2.876799895215e+01,7.596176176878e+00,1.520546456914e+04,2.515176717780e+03,1.670301557973e+01,8.344305986298e-03
3.994018171748e-03,2.876331017650e+01,7.597041811521e+00,1.521930626255e+04,2.514859919740e+03,1.670511963895e+01,8.338717295929e-03
3.995015512449e-03,2.875862120122e+01,7.597905616292e+00,1.523316154927e+04,2.514543106048e+03,1.670722433236e+01,8.333129874380e-03
3.996011983534e-03,2.875393202727e+01,7.598767591994e+00,1.524703044461e+04,2.514226276769e+03,1.670932965980e+01,8.327543724927e-03
3.997007585539e-03,2.874924265562e+01,7.599627739424e+00,1.526091296384e+04,2.513909431968e+03,1.671143562110e+01,8.321958850866e-03
3.998002319010e-03,2.874455308722e+01,7.600486059391e+00,1.527480912237e+04,2.513592571708e+03,1.671354221614e+01,8.316375255441e-03
3.998996184493e-03,2.873986332300e+01,7.601342552702e+00,1.528871893561e+04,2.513275696052e+03,1.671564944478e+01,8.310792941897e-03
3.999989182517e-03,2.873517336398e+01,7.602197220153e+00,1.530264241877e+04,2.512958805067e+03,1.671775730684e+01,8.305211913559e-03
4.000981313640e-03,2.873048321103e+01,7.603050062567e+00,1.531657958749e+04,2.512641898812e+03,1.671986580222e+01,8.299632173588e-03
4.001972578390e-03,2.872579286516e+01,7.603901080739e+00,1.533053045701e+04,2.512324977354e+03,1.672197493074e+01,8.294053725314e-03
4.002962977317e-03,2.872110232729e+01,7.604750275485e+00,1.534449504284e+04,2.512008040754e+03,1.672408469228e+01,8.288476571940e-03
4.003952510963e-03,2.871641159837e+01,7.605597647620e+00,1.535847336048e+04,2.511691089076e+03,1.672619508668e+01,8.282900716696e-03
4.004941179868e-03,2.871172067934e+01,7.606443197951e+00,1.537246542536e+04,2.511374122382e+03,1.672830611382e+01,8.277326162843e-03
4.005928984577e-03,2.870702957115e+01,7.607286927295e+00,1.538647125299e+04,2.511057140737e+03,1.673041777354e+01,8.271752913591e-03
4.006915925629e-03,2.870233827474e+01,7.608128836466e+00,1.540049085887e+04,2.510740144202e+03,1.673253006570e+01,8.266180972182e-03
4.007902003567e-03,2.869764679106e+01,7.608968926280e+00,1.541452425853e+04,2.510423132841e+03,1.673464299016e+01,8.260610341836e-03
4.008887218936e-03,2.869295512102e+01,7.609807197557e+00,1.542857146757e+04,2.510106106715e+03,1.673675654679e+01,8.255041025751e-03
4.009871572281e-03,2.868826326556e+01,7.610643651115e+00,1.544263250154e+04,2.509789065887e+03,1.673887073544e+01,8.249473027140e-03
4.010855064139e-03,2.868357122563e+01,7.611478287774e+00,1.545670737601e+04,2.509472010419e+03,1.674098555598e+01,8.243906349227e-03
4.011837695057e-03,2.867887900215e+01,7.612311108355e+00,1.547079610661e+04,2.509154940374e+03,1.674310100826e+01,8.238340995201e-03
4.012819465575e-03,2.867418659606e+01,7.613142113681e+00,1.548489870896e+04,2.508837855814e+03,1.674521709216e+01,8.232776968265e-03
4.013800376238e-03,2.866949400828e+01,7.613971304574e+00,1.549901519868e+04,2.508520756801e+03,1.674733380752e+01,8.227214271614e-03
4.014780427591e-03,2.866480123972e+01,7.614798681864e+00,1.551314559150e+04,2.508203643396e+03,1.674945115422e+01,8.221652908421e-03
4.015759620174e-03,2.866010829134e+01,7.615624246372e+00,1.552728990304e+04,2.507886515661e+03,1.675156913212e+01,8.216092881887e-03
4.016737954533e-03,2.865541516402e+01,7.616447998929e+00,1.554144814905e+04,2.507569373658e+03,1.675368774109e+01,8.210534195173e-03
4.017715431207e-03,2.865072185872e+01,7.617269940359e+00,1.555562034519e+04,2.507252217448e+03,1.675580698097e+01,8.204976851478e-03
4.018692050745e-03,2.864602837634e+01,7.618090071498e+00,1.556980650726e+04,2.506935047092e+03,1.675792685166e+01,8.199420853943e-03
4.019667813686e-03,2.864133471780e+01,7.618908393171e+00,1.558400665098e+04,2.506617862653e+03,1.676004735300e+01,8.193866205755e-03
4.020642720578e-03,2.863664088400e+01,7.619724906215e+00,1.559822079217e+04,2.506300664189e+03,1.676216848488e+01,8.188312910055e-03
4.021616771961e-03,2.863194687587e+01,7.620539611461e+00,1.561244894657e+04,2.505983451764e+03,1.676429024714e+01,8.182760970014e-03
4.022589968380e-03,2.862725269433e+01,7.621352509743e+00,1.562669113004e+04,2.505666225438e+03,1.676641263966e+01,8.177210388774e-03
4.023562310378e-03,2.862255834027e+01,7.622163601896e+00,1.564094735838e+04,2.505348985271e+03,1.676853566232e+01,8.171661169487e-03
4.024533798500e-03,2.861786381462e+01,7.622972888758e+00,1.565521764745e+04,2.505031731324e+03,1.677065931497e+01,8.166113315293e-03
4.025504433289e-03,2.861316911826e+01,7.623780371168e+00,1.566950201314e+04,2.504714463657e+03,1.677278359749e+01,8.160566829321e-03
4.026474215293e-03,2.860847425210e+01,7.624586049965e+00,1.568380047136e+04,2.504397182331e+03,1.677490850975e+01,8.155021714697e-03
4.027443145048e-03,2.860377921707e+01,7.625389925984e+00,1.569811303792e+04,2.504079887407e+03,1.677703405161e+01,8.149477974583e-03
4.028411223106e-03,2.859908401404e+01,7.626192000072e+00,1.571243972887e+04,2.503762578943e+03,1.677916022296e+01,8.143935612059e-03
4.029378450007e-03,2.859438864392e+01,7.626992273069e+00,1.572678056007e+04,2.503445257001e+03,1.678128702365e+01,8.138394630270e-03
4.030344826298e-03,2.858969310760e+01,7.627790745821e+00,1.574113554756e+04,2.503127921640e+03,1.678341445357e+01,8.132855032308e-03
4.031310352519e-03,2.858499740600e+01,7.628587419168e+00,1.575550470725e+04,2.502810572921e+03,1.678554251258e+01,8.127316821305e-03
4.032275029219e-03,2.858030153998e+01,7.629382293959e+00,1.576988805520e+04,2.502493210901e+03,1.678767120056e+01,8.121780000345e-03
4.033238856939e-03,2.857560551047e+01,7.630175371040e+00,1.578428560738e+04,2.502175835643e+03,1.678980051738e+01,8.116244572545e-03
4.034201836226e-03,2.857090931833e+01,7.630966651259e+00,1.579869737988e+04,2.501858447203e+03,1.679193046291e+01,8.110710540978e-03
4.035163967624e-03,2.856621296445e+01,7.631756135465e+00,1.581312338875e+04,2.501541045643e+03,1.679406103704e+01,8.105177908747e-03
4.036125251676e-03,2.856151644973e+01,7.632543824508e+00,1.582756365006e+04,2.501223631021e+03,1.679619223963e+01,8.099646678933e-03
4.037085688929e-03,2.855681977505e+01,7.633329719239e+00,1.584201817992e+04,2.500906203397e+03,1.679832407056e+01,8.094116854615e-03
4.038045279924e-03,2.855212294131e+01,7.634113820508e+00,1.585648699441e+04,2.500588762829e+03,1.680045652971e+01,8.088588438882e-03
4.039004025211e-03,2.854742594935e+01,7.634896129173e+00,1.587097010974e+04,2.500271309376e+03,1.680258961695e+01,8.083061434779e-03
4.039961925330e-03,2.854272880010e+01,7.635676646085e+00,1.588546754199e+04,2.499953843097e+03,1.680472333216e+01,8.077535845396e-03
4.040918980829e-03,2.853803149439e+01,7.636455372100e+00,1.589997930740e+04,2.499636364051e+03,1.680685767523e+01,8.072011673774e-03
4.041875192251e-03,2.853333403314e+01,7.637232308074e+00,1.591450542212e+04,2.499318872295e+03,1.680899264602e+01,8.066488922989e-03
4.042830560145e-03,2.852863641718e+01,7.638007454867e+00,1.592904590242e+04,2.499001367889e+03,1.681112824442e+01,8.060967596063e-03
4.043785085048e-03,2.852393864744e+01,7.638780813333e+00,1.594360076444e+04,2.498683850891e+03,1.681326447030e+01,8.055447696088e-03
4.044738767513e-03,2.851924072474e+01,7.639552384336e+00,1.595817002452e+04,2.498366321358e+03,1.681540132355e+01,8.049929226065e-03
4.045691608082e-03,2.851454264996e+01,7.640322168734e+00,1.597275369892e+04,2.498048779350e+03,1.681753880405e+01,8.044412189045e-03
4.046643607298e-03,2.850984442399e+01,7.641090167388e+00,1.598735180387e+04,2.497731224924e+03,1.681967691168e+01,8.038896588074e-03
4.047594765708e-03,2.850514604768e+01,7.641856381162e+00,1.600196435573e+04,2.497413658137e+03,1.682181564631e+01,8.033382426170e-03
4.048545083860e-03,2.850044752189e+01,7.642620810921e+00,1.601659137086e+04,2.497096079047e+03,1.682395500785e+01,8.027869706340e-03
4.049494562297e-03,2.849574884749e+01,7.643383457528e+00,1.603123286557e+04,2.496778487712e+03,1.682609499615e+01,8.022358431618e-03
4.050443201564e-03,2.849105002533e+01,7.644144321849e+00,1.604588885625e+04,2.496460884189e+03,1.682823561112e+01,8.016848605015e-03
4.051391002203e-03,2.848635105630e+01,7.644903404747e+00,1.606055935921e+04,2.496143268538e+03,1.683037685262e+01,8.011340229567e-03
4.052337964767e-03,2.848165194122e+01,7.645660707097e+00,1.607524439099e+04,2.495825640812e+03,1.683251872056e+01,8.005833308222e-03
4.053284089795e-03,2.847695268097e+01,7.646416229761e+00,1.608994396792e+04,2.495508001070e+03,1.683466121480e+01,8.000327844028e-03
4.054229377836e-03,2.847225327638e+01,7.647169973612e+00,1.610465810650e+04,2.495190349370e+03,1.683680433525e+01,7.994823839950e-03
4.055173829432e-03,2.846755372834e+01,7.647921939518e+00,1.611938682313e+04,2.494872685768e+03,1.683894808176e+01,7.989321299005e-03
4.056117445134e-03,2.846285403765e+01,7.648672128356e+00,1.613413013441e+04,2.494555010320e+03,1.684109245426e+01,7.983820224141e-03
4.057060225482e-03,2.845815420520e+01,7.649420540992e+00,1.614888805672e+04,2.494237323084e+03,1.684323745261e+01,7.978320618378e-03
4.058002171025e-03,2.845345423183e+01,7.650167178302e+00,1.616366060667e+04,2.493919624116e+03,1.684538307671e+01,7.972822484665e-03
4.058943282308e-03,2.844875411837e+01,7.650912041162e+00,1.617844780078e+04,2.493601913473e+03,1.684752932644e+01,7.967325825983e-03
4.059883559875e-03,2.844405386567e+01,7.651655130445e+00,1.619324965561e+04,2.493284191210e+03,1.684967620169e+01,7.961830645297e-03
4.060823004272e-03,2.843935347459e+01,7.652396447027e+00,1.620806618773e+04,2.492966457385e+03,1.685182370234e+01,7.956336945573e-03
4.061761616049e-03,2.843465294593e+01,7.653135991790e+00,1.622289741382e+04,2.492648712052e+03,1.685397182831e+01,7.950844729745e-03
4.062699395747e-03,2.842995228057e+01,7.653873765606e+00,1.623774335041e+04,2.492330955268e+03,1.685612057946e+01,7.945354000794e-03
4.063636343912e-03,2.842525147933e+01,7.654609769358e+00,1.625260401418e+04,2.492013187089e+03,1.685826995569e+01,7.939864761653e-03
4.064572461093e-03,2.842055054304e+01,7.655344003926e+00,1.626747942182e+04,2.491695407571e+03,1.686041995689e+01,7.934377015257e-03
4.065507747833e-03,2.841584947253e+01,7.656076470188e+00,1.628236958998e+04,2.491377616769e+03,1.686257058296e+01,7.928890764560e-03
4.066442204677e-03,2.841114826866e+01,7.656807169027e+00,1.629727453534e+04,2.491059814740e+03,1.686472183379e+01,7.923406012496e-03
4.067375832176e-03,2.840644693222e+01,7.657536101330e+00,1.631219427472e+04,2.490742001537e+03,1.686687370927e+01,7.917922761958e-03
4.068308630870e-03,2.840174546407e+01,7.658263267976e+00,1.632712882476e+04,2.490424177217e+03,1.686902620929e+01,7.912441015911e-03
4.069240601308e-03,2.839704386502e+01,7.658988669851e+00,1.634207820228e+04,2.490106341834e+03,1.687117933374e+01,7.906960777251e-03
4.070171744033e-03,2.839234213591e+01,7.659712307838e+00,1.635704242399e+04,2.489788495446e+03,1.687333308253e+01,7.901482048912e-03
4.071102059599e-03,2.838764027753e+01,7.660434182830e+00,1.637202150685e+04,2.489470638103e+03,1.687548745555e+01,7.896004833754e-03
4.072031548542e-03,2.838293829075e+01,7.661154295707e+00,1.638701546751e+04,2.489152769864e+03,1.687764245269e+01,7.890529134742e-03
4.072960211414e-03,2.837823617635e+01,7.661872647363e+00,1.640202432292e+04,2.488834890782e+03,1.687979807385e+01,7.885054954732e-03
4.073888048758e-03,2.837353393517e+01,7.662589238682e+00,1.641704808987e+04,2.488517000913e+03,1.688195431892e+01,7.879582296644e-03
4.074815061122e-03,2.836883156801e+01,7.663304070558e+00,1.643208678531e+04,2.488199100310e+03,1.688411118781e+01,7.874111163349e-03
4.075741249053e-03,2.836412907570e+01,7.664017143880e+00,1.644714042612e+04,2.487881189027e+03,1.688626868041e+01,7.868641557732e-03
4.076666613095e-03,2.835942645904e+01,7.664728459540e+00,1.646220902922e+04,2.487563267120e+03,1.688842679662e+01,7.863173482684e-03
4.077591153792e-03,2.835472371887e+01,7.665438018429e+00,1.647729261150e+04,2.487245334643e+03,1.689058553634e+01,7.857706941088e-03
4.078514871694e-03,2.835002085596e+01,7.666145821443e+00,1.649239119002e+04,2.486927391649e+03,1.689274489946e+01,7.852241935788e-03
4.079437767346e-03,2.834531787114e+01,7.666851869475e+00,1.650750478170e+04,2.486609438192e+03,1.689490488589e+01,7.846778469667e-03
4.080359841295e-03,2.834061476521e+01,7.667556163420e+00,1.652263340357e+04,2.486291474326e+03,1.689706549553e+01,7.841316545579e-03
4.081281094085e-03,2.833591153899e+01,7.668258704173e+00,1.653777707264e+04,2.485973500106e+03,1.689922672828e+01,7.835856166383e-03
4.082201526261e-03,2.833120819328e+01,7.668959492631e+00,1.655293580592e+04,2.485655515586e+03,1.690138858403e+01,7.830397334942e-03
4.083121138377e-03,2.832650472884e+01,7.669658529696e+00,1.656810962060e+04,2.485337520815e+03,1.690355106271e+01,7.824940054058e-03
4.084039930968e-03,2.832180114653e+01,7.670355816259e+00,1.658329853359e+04,2.485019515851e+03,1.690571416419e+01,7.819484326630e-03
4.084957904588e-03,2.831709744711e+01,7.671051353225e+00,1.659850256212e+04,2.484701500746e+03,1.690787788839e+01,7.814030155457e-03
4.085875059780e-03,2.831239363139e+01,7.671745141490e+00,1.661372172327e+04,2.484383475553e+03,1.691004223521e+01,7.808577543386e-03
4.086791397092e-03,2.830768970016e+01,7.672437181959e+00,1.662895603420e+04,2.484065440325e+03,1.691220720456e+01,7.803126493232e-03
4.087706917069e-03,2.830298565421e+01,7.673127475531e+00,1.664420551208e+04,2.483747395115e+03,1.691437279634e+01,7.797677007821e-03
4.088621620256e-03,2.829828149435e+01,7.673816023107e+00,1.665947017405e+04,2.483429339976e+03,1.691653901046e+01,7.792229089985e-03
4.089535507200e-03,2.829357722135e+01,7.674502825593e+00,1.667475003735e+04,2.483111274961e+03,1.691870584681e+01,7.786782742526e-03
4.090448578448e-03,2.828887283602e+01,7.675187883891e+00,1.669004511920e+04,2.482793200122e+03,1.692087330532e+01,7.781337968248e-03
4.091360834548e-03,2.828416833911e+01,7.675871198910e+00,1.670535543690e+04,2.482475115511e+03,1.692304138588e+01,7.775894769945e-03
4.092272276044e-03,2.827946373143e+01,7.676552771552e+00,1.672068100766e+04,2.482157021182e+03,1.692521008841e+01,7.770453150425e-03
4.093182903480e-03,2.827475901377e+01,7.677232602722e+00,1.673602184877e+04,2.481838917186e+03,1.692737941280e+01,7.765013112487e-03
4.094092717404e-03,2.827005418691e+01,7.677910693329e+00,1.675137797752e+04,2.481520803577e+03,1.692954935896e+01,7.759574658925e-03
4.095001718365e-03,2.826534925161e+01,7.678587044284e+00,1.676674941133e+04,2.481202680404e+03,1.693171992682e+01,7.754137792489e-03
4.095909906905e-03,2.826064420866e+01,7.679261656491e+00,1.678213616745e+04,2.480884547723e+03,1.693389111628e+01,7.748702515992e-03
4.096817283573e-03,2.825593905885e+01,7.679934530861e+00,1.679753826330e+04,2.480566405582e+03,1.693606292724e+01,7.743268832191e-03
4.097723848912e-03,2.825123380294e+01,7.680605668305e+00,1.681295571624e+04,2.480248254035e+03,1.693823535961e+01,7.737836743866e-03
4.098629603472e-03,2.824652844170e+01,7.681275069733e+00,1.682838854373e+04,2.479930093133e+03,1.694040841332e+01,7.732406253766e-03
4.099534547797e-03,2.824182297590e+01,7.681942736058e+00,1.684383676318e+04,2.479611922927e+03,1.694258208827e+01,7.726977364655e-03
4.100438682431e-03,2.823711740634e+01,7.682608668190e+00,1.685930039199e+04,2.479293743470e+03,1.694475638436e+01,7.721550079309e-03
4.101342007927e-03,2.823241173375e+01,7.683272867046e+00,1.687477944776e+04,2.478975554812e+03,1.694693130153e+01,7.716124400431e-03
4.102244524823e-03,2.822770595893e+01,7.683935333535e+00,1.689027394783e+04,2.478657357005e+03,1.694910683966e+01,7.710700330820e-03
4.103146233671e-03,2.822300008262e+01,7.684596068577e+00,1.690578390986e+04,2.478339150098e+03,1.695128299870e+01,7.705277873167e-03
4.104047135014e-03,2.821829410560e+01,7.685255073084e+00,1.692130935127e+04,2.478020934146e+03,1.695345977853e+01,7.699857030243e-03
4.104947229398e-03,2.821358802862e+01,7.685912347972e+00,1.693685028968e+04,2.477702709197e+03,1.695563717909e+01,7.694437804761e-03
4.105846517372e-03,2.820888185245e+01,7.686567894160e+00,1.695240674268e+04,2.477384475301e+03,1.695781520029e+01,7.689020199442e-03
4.106744999478e-03,2.820417557785e+01,7.687221712563e+00,1.696797872780e+04,2.477066232511e+03,1.695999384203e+01,7.683604217028e-03
4.107642676266e-03,2.819946920556e+01,7.687873804101e+00,1.698356626275e+04,2.476747980877e+03,1.696217310424e+01,7.678189860206e-03
4.108539548281e-03,2.819476273635e+01,7.688524169694e+00,1.699916936513e+04,2.476429720447e+03,1.696435298685e+01,7.672777131698e-03
4.109435616065e-03,2.819005617099e+01,7.689172810257e+00,1.701478805253e+04,2.476111451276e+03,1.696653348975e+01,7.667366034232e-03
4.110330880169e-03,2.818534951021e+01,7.689819726715e+00,1.703042234275e+04,2.475793173410e+03,1.696871461287e+01,7.661956570476e-03
4.111225341136e-03,2.818064275476e+01,7.690464919987e+00,1.704607225342e+04,2.475474886902e+03,1.697089635613e+01,7.656548743147e-03
4.112118999515e-03,2.817593590540e+01,7.691108390995e+00,1.706173780230e+04,2.475156591800e+03,1.697307871945e+01,7.651142554924e-03
4.113011855848e-03,2.817122896288e+01,7.691750140661e+00,1.707741900710e+04,2.474838288155e+03,1.697526170274e+01,7.645738008506e-03
4.113903910684e-03,2.816652192793e+01,7.692390169909e+00,1.709311588565e+04,2.474519976016e+03,1.697744530594e+01,7.640335106554e-03
4.114795164567e-03,2.816181480131e+01,7.693028479662e+00,1.710882845566e+04,2.474201655434e+03,1.697962952895e+01,7.634933851771e-03
4.115685618045e-03,2.815710758375e+01,7.693665070845e+00,1.712455673501e+04,2.473883326457e+03,1.698181437170e+01,7.629534246805e-03
4.116575271661e-03,2.815240027601e+01,7.694299944381e+00,1.714030074145e+04,2.473564989137e+03,1.698399983410e+01,7.624136294346e-03
4.117464125964e-03,2.814769287882e+01,7.694933101199e+00,1.715606049292e+04,2.473246643520e+03,1.698618591610e+01,7.618739997035e-03
4.118352181494e-03,2.814298539292e+01,7.695564542222e+00,1.717183600719e+04,2.472928289659e+03,1.698837261759e+01,7.613345357553e-03
4.119239438807e-03,2.813827781902e+01,7.696194268382e+00,1.718762730231e+04,2.472609927599e+03,1.699055993853e+01,7.607952378508e-03
4.120125898439e-03,2.813357015789e+01,7.696822280601e+00,1.720343439602e+04,2.472291557393e+03,1.699274787880e+01,7.602561062601e-03
4.121011560939e-03,2.812886241027e+01,7.697448579808e+00,1.721925730633e+04,2.471973179089e+03,1.699493643836e+01,7.597171412453e-03
4.121896426853e-03,2.812415457686e+01,7.698073166935e+00,1.723509605122e+04,2.471654792734e+03,1.699712561711e+01,7.591783430696e-03
4.122780496730e-03,2.811944665839e+01,7.698696042912e+00,1.725095064869e+04,2.471336398377e+03,1.699931541500e+01,7.586397119953e-03
4.123663771110e-03,2.811473865562e+01,7.699317208666e+00,1.726682111667e+04,2.471017996069e+03,1.700150583194e+01,7.581012482875e-03
4.124546250538e-03,2.811003056927e+01,7.699936665127e+00,1.728270747316e+04,2.470699585858e+03,1.700369686784e+01,7.575629522094e-03
4.125427935566e-03,2.810532240004e+01,7.700554413231e+00,1.729860973632e+04,2.470381167790e+03,1.700588852267e+01,7.570248240193e-03
4.126308826737e-03,2.810061414866e+01,7.701170453909e+00,1.731452792417e+04,2.470062741914e+03,1.700808079633e+01,7.564868639793e-03
4.127188924591e-03,2.809590581589e+01,7.701784788088e+00,1.733046205468e+04,2.469744308282e+03,1.701027368873e+01,7.559490723544e-03
4.128068229682e-03,2.809119740240e+01,7.702397416708e+00,1.734641214614e+04,2.469425866937e+03,1.701246719984e+01,7.554114493994e-03
4.128946742550e-03,2.808648890894e+01,7.703008340701e+00,1.736237821656e+04,2.469107417930e+03,1.701466132957e+01,7.548739953773e-03
4.129824463742e-03,2.808178033622e+01,7.703617560999e+00,1.737836028411e+04,2.468788961308e+03,1.701685607784e+01,7.543367105475e-03
4.130701393801e-03,2.807707168496e+01,7.704225078539e+00,1.739435836696e+04,2.468470497120e+03,1.701905144459e+01,7.537995951689e-03
4.131577533278e-03,2.807236295586e+01,7.704830894259e+00,1.741037248335e+04,2.468152025411e+03,1.702124742975e+01,7.532626494978e-03
4.132452882712e-03,2.806765414966e+01,7.705435009090e+00,1.742640265144e+04,2.467833546232e+03,1.702344403324e+01,7.527258737947e-03
4.133327442652e-03,2.806294526704e+01,7.706037423973e+00,1.744244888950e+04,2.467515059628e+03,1.702564125502e+01,7.521892683160e-03
4.134201213644e-03,2.805823630873e+01,7.706638139845e+00,1.745851121580e+04,2.467196565647e+03,1.702783909499e+01,7.516528333176e-03
4.135074196228e-03,2.805352727544e+01,7.707237157641e+00,1.747458964853e+04,2.466878064338e+03,1.703003755310e+01,7.511165690594e-03
4.135946390953e-03,2.804881816787e+01,7.707834478302e+00,1.749068420608e+04,2.466559555746e+03,1.703223662927e+01,7.505804757944e-03
4.136817798364e-03,2.804410898672e+01,7.708430102766e+00,1.750679490676e+04,2.466241039919e+03,1.703443632346e+01,7.500445537788e-03
4.137688419007e-03,2.803939973270e+01,7.709024031975e+00,1.752292176891e+04,2.465922516904e+03,1.703663663557e+01,7.495088032673e-03
4.138558253425e-03,2.803469040651e+01,7.709616266867e+00,1.753906481091e+04,2.465603986747e+03,1.703883756557e+01,7.489732245147e-03
4.139427302163e-03,2.802998100886e+01,7.710206808382e+00,1.755522405111e+04,2.465285449495e+03,1.704103911336e+01,7.484378177759e-03
4.140295565765e-03,2.802527154044e+01,7.710795657463e+00,1.757139950791e+04,2.464966905197e+03,1.704324127890e+01,7.479025833045e-03
4.141163044781e-03,2.802056200194e+01,7.711382815052e+00,1.758759119984e+04,2.464648353897e+03,1.704544406212e+01,7.473675213510e-03
4.142029739750e-03,2.801585239407e+01,7.711968282091e+00,1.760379914525e+04,2.464329795641e+03,1.704764746296e+01,7.468326321711e-03
4.142895651219e-03,2.801114271751e+01,7.712552059523e+00,1.762002336267e+04,2.464011230478e+03,1.704985148135e+01,7.462979160152e-03
4.143760779731e-03,2.800643297298e+01,7.713134148289e+00,1.763626387055e+04,2.463692658453e+03,1.705205611722e+01,7.457633731366e-03
4.144625125835e-03,2.800172316114e+01,7.713714549338e+00,1.765252068749e+04,2.463374079611e+03,1.705426137054e+01,7.452290037839e-03
4.145488690071e-03,2.799701328270e+01,7.714293263610e+00,1.766879383195e+04,2.463055494000e+03,1.705646724121e+01,7.446948082100e-03
4.146351472986e-03,2.799230333835e+01,7.714870292052e+00,1.768508332254e+04,2.462736901665e+03,1.705867372920e+01,7.441607866640e-03
4.147213475125e-03,2.798759332875e+01,7.715445635611e+00,1.770138917785e+04,2.462418302651e+03,1.706088083443e+01,7.436269393955e-03
4.148074697030e-03,2.798288325462e+01,7.716019295229e+00,1.771771141645e+04,2.462099697006e+03,1.706308855686e+01,7.430932666546e-03
4.148935139246e-03,2.797817311663e+01,7.716591271856e+00,1.773405005699e+04,2.461781084774e+03,1.706529689640e+01,7.425597686895e-03
4.149794802322e-03,2.797346291544e+01,7.717161566440e+00,1.775040511818e+04,2.461462465999e+03,1.706750585303e+01,7.420264457466e-03
4.150653686794e-03,2.796875265177e+01,7.717730179924e+00,1.776677661857e+04,2.461143840730e+03,1.706971542667e+01,7.414932980776e-03
4.151511793214e-03,2.796404232627e+01,7.718297113260e+00,1.778316457697e+04,2.460825209011e+03,1.707192561726e+01,7.409603259259e-03
4.152369122123e-03,2.795933193962e+01,7.718862367397e+00,1.779956901208e+04,2.460506570885e+03,1.707413642475e+01,7.404275295396e-03
4.153225674062e-03,2.795462149252e+01,7.719425943279e+00,1.781598994257e+04,2.460187926401e+03,1.707634784908e+01,7.398949091666e-03
4.154081449579e-03,2.794991098563e+01,7.719987841860e+00,1.783242738724e+04,2.459869275602e+03,1.707855989020e+01,7.393624650515e-03
4.154936449220e-03,2.794520041960e+01,7.720548064091e+00,1.784888136495e+04,2.459550618532e+03,1.708077254805e+01,7.388301974374e-03
4.155790673525e-03,2.794048979514e+01,7.721106610919e+00,1.786535189442e+04,2.459231955237e+03,1.708298582258e+01,7.382981065722e-03
4.156644123037e-03,2.793577911291e+01,7.721663483296e+00,1.788183899448e+04,2.458913285762e+03,1.708519971372e+01,7.377661926998e-03
4.157496798306e-03,2.793106837355e+01,7.722218682177e+00,1.789834268408e+04,2.458594610151e+03,1.708741422145e+01,7.372344560613e-03
4.158348699867e-03,2.792635757777e+01,7.722772208507e+00,1.791486298193e+04,2.458275928450e+03,1.708962934567e+01,7.367028969049e-03
4.159199828272e-03,2.792164672620e+01,7.723324063245e+00,1.793139990711e+04,2.457957240700e+03,1.709184508637e+01,7.361715154678e-03
4.160050184061e-03,2.791693581952e+01,7.723874247340e+00,1.794795347843e+04,2.457638546949e+03,1.709406144347e+01,7.356403119963e-03
4.160899767774e-03,2.791222485841e+01,7.724422761745e+00,1.796452371480e+04,2.457319847241e+03,1.709627841693e+01,7.351092867331e-03
4.161748579962e-03,2.790751384348e+01,7.724969607417e+00,1.798111063532e+04,2.457001141617e+03,1.709849600670e+01,7.345784399150e-03
4.162596621163e-03,2.790280277545e+01,7.725514785308e+00,1.799771425885e+04,2.456682430124e+03,1.710071421272e+01,7.340477717869e-03
4.163443891923e-03,2.789809165493e+01,7.726058296373e+00,1.801433460448e+04,2.456363712804e+03,1.710293303495e+01,7.335172825874e-03
4.164290392783e-03,2.789338048262e+01,7.726600141566e+00,1.803097169116e+04,2.456044989704e+03,1.710515247333e+01,7.329869725587e-03
4.165136124291e-03,2.788866925912e+01,7.727140321846e+00,1.804762553809e+04,2.455726260863e+03,1.710737252783e+01,7.324568419354e-03
4.165981086982e-03,2.788395798515e+01,7.727678838163e+00,1.806429616415e+04,2.455407526329e+03,1.710959319837e+01,7.319268909632e-03
4.166825281409e-03,2.787924666130e+01,7.728215691480e+00,1.808098358865e+04,2.455088786142e+03,1.711181448494e+01,7.313971198738e-03
4.167668708107e-03,2.787453528827e+01,7.728750882748e+00,1.809768783053e+04,2.454770040348e+03,1.711403638746e+01,7.308675289106e-03
4.168511367623e-03,2.786982386667e+01,7.729284412928e+00,1.811440890905e+04,2.454451288990e+03,1.711625890590e+01,7.303381183085e-03
4.169353260499e-03,2.786511239718e+01,7.729816282976e+00,1.813114684334e+04,2.454132532110e+03,1.711848204021e+01,7.298088883048e-03
4.170194387279e-03,2.786040088042e+01,7.730346493851e+00,1.814790165262e+04,2.453813769752e+03,1.712070579035e+01,7.292798391354e-03
4.171034748503e-03,2.785568931705e+01,7.730875046510e+00,1.816467335606e+04,2.453495001959e+03,1.712293015626e+01,7.287509710380e-03
4.171874344715e-03,2.785097770771e+01,7.731401941913e+00,1.818146197292e+04,2.453176228774e+03,1.712515513790e+01,7.282222842474e-03
4.172713176461e-03,2.784626605303e+01,7.731927181020e+00,1.819826752249e+04,2.452857450239e+03,1.712738073524e+01,7.276937789972e-03
4.173551244276e-03,2.784155435369e+01,7.732450764787e+00,1.821509002396e+04,2.452538666400e+03,1.712960694821e+01,7.271654555259e-03
4.174388548712e-03,2.783684261027e+01,7.732972694180e+00,1.823192949677e+04,2.452219877294e+03,1.713183377679e+01,7.266373140627e-03
4.175225090305e-03,2.783213082344e+01,7.733492970155e+00,1.824878596019e+04,2.451901082968e+03,1.713406122093e+01,7.261093548433e-03
4.176060869596e-03,2.782741899386e+01,7.734011593672e+00,1.826565943348e+04,2.451582283464e+03,1.713628928057e+01,7.255815781036e-03
4.176895887133e-03,2.782270712211e+01,7.734528565696e+00,1.828254993615e+04,2.451263478822e+03,1.713851795570e+01,7.250539840721e-03
4.177730143454e-03,2.781799520887e+01,7.735043887185e+00,1.829945748752e+04,2.450944669087e+03,1.714074724625e+01,7.245265729835e-03
4.178563639103e-03,2.781328325474e+01,7.735557559104e+00,1.831638210706e+04,2.450625854300e+03,1.714297715220e+01,7.239993450677e-03
4.179396374622e-03,2.780857126037e+01,7.736069582414e+00,1.833332381421e+04,2.450307034502e+03,1.714520767350e+01,7.234723005566e-03
4.180228350551e-03,2.780385922638e+01,7.736579958076e+00,1.835028262837e+04,2.449988209737e+03,1.714743881011e+01,7.229454396821e-03
4.181059567434e-03,2.779914715340e+01,7.737088687056e+00,1.836725856911e+04,2.449669380045e+03,1.714967056199e+01,7.224187626729e-03
4.181890025813e-03,2.779443504204e+01,7.737595770316e+00,1.838425165593e+04,2.449350545469e+03,1.715190292911e+01,7.218922697586e-03
4.182719726226e-03,2.778972289296e+01,7.738101208819e+00,1.840126190831e+04,2.449031706051e+03,1.715413591141e+01,7.213659611703e-03
4.183548669219e-03,2.778501070674e+01,7.738605003531e+00,1.841828934587e+04,2.448712861831e+03,1.715636950888e+01,7.208398371348e-03
4.184376855332e-03,2.778029848404e+01,7.739107155415e+00,1.843533398818e+04,2.448394012851e+03,1.715860372146e+01,7.203138978815e-03
4.185204285107e-03,2.777558622544e+01,7.739607665437e+00,1.845239585486e+04,2.448075159153e+03,1.716083854914e+01,7.197881436367e-03
4.186030959084e-03,2.777087393160e+01,7.740106534560e+00,1.846947496550e+04,2.447756300779e+03,1.716307399185e+01,7.192625746298e-03
4.186856877806e-03,2.776616160310e+01,7.740603763752e+00,1.848657133980e+04,2.447437437768e+03,1.716531004958e+01,7.187371910858e-03
4.187682041809e-03,2.776144924061e+01,7.741099353976e+00,1.850368499733e+04,2.447118570164e+03,1.716754672228e+01,7.182119932347e-03
4.188506451643e-03,2.775673684467e+01,7.741593306202e+00,1.852081595797e+04,2.446799698004e+03,1.716978400992e+01,7.176869812961e-03
4.189330107842e-03,2.775202441594e+01,7.742085621393e+00,1.853796424130e+04,2.446480821333e+03,1.717202191248e+01,7.171621555004e-03
4.190153010950e-03,2.774731195502e+01,7.742576300518e+00,1.855512986713e+04,2.446161940189e+03,1.717426042990e+01,7.166375160705e-03
4.190975161506e-03,2.774259946253e+01,7.743065344543e+00,1.857231285520e+04,2.445843054615e+03,1.717649956216e+01,7.161130632317e-03
4.191796560053e-03,2.773788693906e+01,7.743552754436e+00,1.858951322534e+04,2.445524164649e+03,1.717873930924e+01,7.155887972067e-03
4.192617207131e-03,2.773317438522e+01,7.744038531166e+00,1.860673099736e+04,2.445205270333e+03,1.718097967109e+01,7.150647182193e-03
4.193437103277e-03,2.772846180164e+01,7.744522675697e+00,1.862396619102e+04,2.444886371709e+03,1.718322064767e+01,7.145408264947e-03
4.194256249040e-03,2.772374918888e+01,7.745005189003e+00,1.864121882637e+04,2.444567468813e+03,1.718546223899e+01,7.140171222498e-03
4.195074644950e-03,2.771903654759e+01,7.745486072047e+00,1.865848892308e+04,2.444248561690e+03,1.718770444497e+01,7.134936057138e-03
4.195892291556e-03,2.771432387834e+01,7.745965325804e+00,1.867577650124e+04,2.443929650377e+03,1.718994726561e+01,7.129702771018e-03
4.196709189391e-03,2.770961118175e+01,7.746442951238e+00,1.869308158065e+04,2.443610734916e+03,1.719219070087e+01,7.124471366396e-03
4.197525339001e-03,2.770489845839e+01,7.746918949321e+00,1.871040418137e+04,2.443291815345e+03,1.719443475073e+01,7.119241845446e-03
4.198340740922e-03,2.770018570889e+01,7.747393321022e+00,1.872774432333e+04,2.442972891706e+03,1.719667941514e+01,7.114014210386e-03
4.199155395696e-03,2.769547293382e+01,7.747866067313e+00,1.874510202657e+04,2.442653964037e+03,1.719892469410e+01,7.108788463398e-03
4.199969303865e-03,2.769076013377e+01,7.748337189164e+00,1.876247731114e+04,2.442335032378e+03,1.720117058757e+01,7.103564606668e-03
4.200782465961e-03,2.768604730939e+01,7.748806687542e+00,1.877987019695e+04,2.442016096770e+03,1.720341709551e+01,7.098342642428e-03
4.201594882533e-03,2.768133446119e+01,7.749274563425e+00,1.879728070430e+04,2.441697157250e+03,1.720566421792e+01,7.093122572789e-03
4.202406554114e-03,2.767662158981e+01,7.749740817777e+00,1.881470885313e+04,2.441378213859e+03,1.720791195475e+01,7.087904399982e-03
4.203217481248e-03,2.767190869581e+01,7.750205451575e+00,1.883215466366e+04,2.441059266636e+03,1.721016030600e+01,7.082688126143e-03
4.204027664469e-03,2.766719577982e+01,7.750668465788e+00,1.884961815596e+04,2.440740315621e+03,1.721240927161e+01,7.077473753469e-03
4.204837104322e-03,2.766248284238e+01,7.751129861389e+00,1.886709935027e+04,2.440421360851e+03,1.721465885159e+01,7.072261284098e-03
4.205645801343e-03,2.765776988409e+01,7.751589639350e+00,1.888459826678e+04,2.440102402367e+03,1.721690904590e+01,7.067050720192e-03
4.206453756069e-03,2.765305690555e+01,7.752047800643e+00,1.890211492566e+04,2.439783440208e+03,1.721915985451e+01,7.061842063920e-03
4.207260969042e-03,2.764834390733e+01,7.752504346242e+00,1.891964934720e+04,2.439464474411e+03,1.722141127741e+01,7.056635317413e-03
4.208067440802e-03,2.764363088999e+01,7.752959277120e+00,1.893720155169e+04,2.439145505016e+03,1.722366331457e+01,7.051430482809e-03
4.208873171885e-03,2.763891785414e+01,7.753412594250e+00,1.895477155940e+04,2.438826532061e+03,1.722591596597e+01,7.046227562254e-03
4.209678162833e-03,2.763420480032e+01,7.753864298607e+00,1.897235939069e+04,2.438507555584e+03,1.722816923160e+01,7.041026557866e-03
4.210482414178e-03,2.762949172916e+01,7.754314391161e+00,1.898996506578e+04,2.438188575627e+03,1.723042311142e+01,7.035827471817e-03
4.211285926463e-03,2.762477864120e+01,7.754762872889e+00,1.900758860515e+04,2.437869592225e+03,1.723267760541e+01,7.030630306189e-03
4.212088700230e-03,2.762006553699e+01,7.755209744767e+00,1.902523002924e+04,2.437550605415e+03,1.723493271358e+01,7.025435063087e-03
4.212890736008e-03,2.761535241715e+01,7.755655007766e+00,1.904288935830e+04,2.437231615239e+03,1.723718843587e+01,7.020241744678e-03
4.213692034344e-03,2.761063928221e+01,7.756098662863e+00,1.906056661295e+04,2.436912621732e+03,1.723944477229e+01,7.015050353014e-03
4.214492595768e-03,2.760592613277e+01,7.756540711031e+00,1.907826181350e+04,2.436593624934e+03,1.724170172280e+01,7.009860890249e-03
4.215292420826e-03,2.760121296938e+01,7.756981153248e+00,1.909597498057e+04,2.436274624881e+03,1.724395928741e+01,7.004673358440e-03
4.216091510050e-03,2.759649979261e+01,7.757419990487e+00,1.911370613459e+04,2.435955621613e+03,1.724621746608e+01,6.999487759706e-03
4.216889863979e-03,2.759178660302e+01,7.757857223725e+00,1.913145529612e+04,2.435636615167e+03,1.724847625880e+01,6.994304096128e-03
4.217687483150e-03,2.758707340120e+01,7.758292853936e+00,1.914922248571e+04,2.435317605579e+03,1.725073566555e+01,6.989122369803e-03
4.218484368104e-03,2.758236018767e+01,7.758726882099e+00,1.916700772400e+04,2.434998592888e+03,1.725299568632e+01,6.983942582786e-03
4.219280519374e-03,2.757764696302e+01,7.759159309188e+00,1.918481103155e+04,2.434679577132e+03,1.725525632110e+01,6.978764737171e-03
4.220075937502e-03,2.757293372778e+01,7.759590136181e+00,1.920263242908e+04,2.434360558345e+03,1.725751756987e+01,6.973588835006e-03
4.220870623017e-03,2.756822048255e+01,7.760019364053e+00,1.922047193708e+04,2.434041536570e+03,1.725977943260e+01,6.968414878402e-03
4.221664576463e-03,2.756350722786e+01,7.760446993781e+00,1.923832957638e+04,2.433722511839e+03,1.726204190929e+01,6.963242869380e-03
4.222457798375e-03,2.755879396427e+01,7.760873026344e+00,1.925620536766e+04,2.433403484191e+03,1.726430499994e+01,6.958072810005e-03
4.223250289291e-03,2.755408069233e+01,7.761297462718e+00,1.927409933166e+04,2.433084453663e+03,1.726656870452e+01,6.952904702325e-03
4.224042049746e-03,2.754936741259e+01,7.761720303881e+00,1.929201148917e+04,2.432765420291e+03,1.726883302302e+01,6.947738548383e-03
4.224833080275e-03,2.754465412562e+01,7.762141550808e+00,1.930994186084e+04,2.432446384114e+03,1.727109795543e+01,6.942574350250e-03
4.225623381418e-03,2.753994083194e+01,7.762561204481e+00,1.932789046766e+04,2.432127345165e+03,1.727336350174e+01,6.937412109919e-03
4.226412953708e-03,2.753522753213e+01,7.762979265875e+00,1.934585733033e+04,2.431808303485e+03,1.727562966194e+01,6.932251829454e-03
4.227201797686e-03,2.753051422670e+01,7.763395735970e+00,1.936384246982e+04,2.431489259107e+03,1.727789643602e+01,6.927093510855e-03
4.227989913882e-03,2.752580091623e+01,7.763810615742e+00,1.938184590692e+04,2.431170212069e+03,1.728016382397e+01,6.921937156172e-03
4.228777302835e-03,2.752108760125e+01,7.764223906171e+00,1.939986766256e+04,2.430851162407e+03,1.728243182577e+01,6.916782767411e-03
4.229563965080e-03,2.751637428231e+01,7.764635608235e+00,1.941790775770e+04,2.430532110158e+03,1.728470044143e+01,6.911630346581e-03
4.230349901153e-03,2.751166095995e+01,7.765045722914e+00,1.943596621326e+04,2.430213055357e+03,1.728696967093e+01,6.906479895699e-03
4.231135111593e-03,2.750694763468e+01,7.765454251187e+00,1.945404305034e+04,2.429893998040e+03,1.728923951427e+01,6.901331416735e-03
4.231919596930e-03,2.750223430708e+01,7.765861194031e+00,1.947213828980e+04,2.429574938244e+03,1.729150997143e+01,6.896184911734e-03
4.232703357703e-03,2.749752097766e+01,7.766266552427e+00,1.949025195278e+04,2.429255876004e+03,1.729378104242e+01,6.891040382656e-03
4.233486394443e-03,2.749280764698e+01,7.766670327354e+00,1.950838406024e+04,2.428936811357e+03,1.729605272722e+01,6.885897831516e-03
4.234268707689e-03,2.748809431556e+01,7.767072519791e+00,1.952653463335e+04,2.428617744338e+03,1.729832502583e+01,6.880757260280e-03
4.235050297976e-03,2.748338098393e+01,7.767473130719e+00,1.954470369320e+04,2.428298674981e+03,1.730059793824e+01,6.875618670925e-03
4.235831165838e-03,2.747866765263e+01,7.767872161117e+00,1.956289126093e+04,2.427979603324e+03,1.730287146446e+01,6.870482065428e-03
4.236611311810e-03,2.747395432219e+01,7.768269611965e+00,1.958109735770e+04,2.427660529401e+03,1.730514560447e+01,6.865347445761e-03
4.237390736423e-03,2.746924099315e+01,7.768665484243e+00,1.959932200462e+04,2.427341453249e+03,1.730742035827e+01,6.860214813906e-03
4.238169440218e-03,2.746452766600e+01,7.769059778932e+00,1.961756522306e+04,2.427022374900e+03,1.730969572587e+01,6.855084171779e-03
4.238947423723e-03,2.745981434131e+01,7.769452497011e+00,1.963582703408e+04,2.426703294393e+03,1.731197170724e+01,6.849955521385e-03
4.239724687480e-03,2.745510101956e+01,7.769843639463e+00,1.965410745914e+04,2.426384211759e+03,1.731424830242e+01,6.844828864621e-03
4.240501232012e-03,2.745038770134e+01,7.770233207265e+00,1.967240651929e+04,2.426065127037e+03,1.731652551136e+01,6.839704203495e-03
4.241277057863e-03,2.744567438711e+01,7.770621201400e+00,1.969072423603e+04,2.425746040260e+03,1.731880333410e+01,6.834581539899e-03
4.242052165560e-03,2.744096107743e+01,7.771007622849e+00,1.970906063059e+04,2.425426951463e+03,1.732108177061e+01,6.829460875800e-03
4.242826555645e-03,2.743624777278e+01,7.771392472594e+00,1.972741572449e+04,2.425107860678e+03,1.732336082091e+01,6.824342213082e-03
4.243600228641e-03,2.743153447374e+01,7.771775751611e+00,1.974578953889e+04,2.424788767945e+03,1.732564048498e+01,6.819225553738e-03
4.244373185087e-03,2.742682118078e+01,7.772157460887e+00,1.976418209535e+04,2.424469673296e+03,1.732792076284e+01,6.814110899650e-03
4.245145425519e-03,2.742210789441e+01,7.772537601401e+00,1.978259341533e+04,2.424150576763e+03,1.733020165449e+01,6.808998252729e-03
4.245916950465e-03,2.741739461518e+01,7.772916174133e+00,1.980102352021e+04,2.423831478385e+03,1.733248315992e+01,6.803887614909e-03
4.246687760462e-03,2.741268134358e+01,7.773293180068e+00,1.981947243155e+04,2.423512378192e+03,1.733476527915e+01,6.798778988080e-03
4.247457856041e-03,2.740796808012e+01,7.773668620185e+00,1.983794017087e+04,2.423193276220e+03,1.733704801217e+01,6.793672374149e-03
4.248227237734e-03,2.740325482532e+01,7.774042495465e+00,1.985642675963e+04,2.422874172505e+03,1.733933135898e+01,6.788567775027e-03
4.248995906075e-03,2.739854157970e+01,7.774414806891e+00,1.987493221949e+04,2.422555067078e+03,1.734161531959e+01,6.783465192592e-03
4.249763861595e-03,2.739382834375e+01,7.774785555445e+00,1.989345657198e+04,2.422235959974e+03,1.734389989400e+01,6.778364628746e-03
4.250531104830e-03,2.738911511797e+01,7.775154742110e+00,1.991199983880e+04,2.421916851226e+03,1.734618508223e+01,6.773266085348e-03
4.251297636305e-03,2.738440190291e+01,7.775522367864e+00,1.993056204144e+04,2.421597740872e+03,1.734847088426e+01,6.768169564327e-03
4.252063456564e-03,2.737968869900e+01,7.775888433695e+00,1.994914320186e+04,2.421278628938e+03,1.735075730014e+01,6.763075067474e-03
4.252828566123e-03,2.737497550684e+01,7.776252940578e+00,1.996774334137e+04,2.420959515465e+03,1.735304432981e+01,6.757982596764e-03
4.253592965528e-03,2.737026232684e+01,7.776615889502e+00,1.998636248204e+04,2.420640400482e+03,1.735533197334e+01,6.752892153971e-03
4.254356655308e-03,2.736554915952e+01,7.776977281447e+00,2.000500064552e+04,2.420321284023e+03,1.735762023071e+01,6.747803740982e-03
4.255119635984e-03,2.736083600545e+01,7.777337117391e+00,2.002365785340e+04,2.420002166125e+03,1.735990910191e+01,6.742717359701e-03
4.255881908103e-03,2.735612286502e+01,7.777695398324e+00,2.004233412780e+04,2.419683046816e+03,1.736219858699e+01,6.737633011894e-03
4.256643472182e-03,2.735140973882e+01,7.778052125222e+00,2.006102949024e+04,2.419363926132e+03,1.736448868593e+01,6.732550699490e-03
4.257404328762e-03,2.734669662729e+01,7.778407299072e+00,2.007974396279e+04,2.419044804106e+03,1.736677939875e+01,6.727470424271e-03
4.258164478372e-03,2.734198353094e+01,7.778760920855e+00,2.009847756727e+04,2.418725680770e+03,1.736907072546e+01,6.722392188091e-03
4.258923921539e-03,2.733727045027e+01,7.779112991553e+00,2.011723032556e+04,2.418406556157e+03,1.737136266606e+01,6.717315992792e-03
4.259682658799e-03,2.733255738574e+01,7.779463512150e+00,2.013600225964e+04,2.418087430299e+03,1.737365522058e+01,6.712241840183e-03
4.260440690676e-03,2.732784433790e+01,7.779812483626e+00,2.015479339137e+04,2.417768303233e+03,1.737594838901e+01,6.707169732117e-03
4.261198017705e-03,2.732313130718e+01,7.780159906967e+00,2.017360374283e+04,2.417449174986e+03,1.737824217138e+01,6.702099670384e-03
4.261954640418e-03,2.731841829409e+01,7.780505783155e+00,2.019243333606e+04,2.417130045593e+03,1.738053656769e+01,6.697031656793e-03
4.262710559342e-03,2.731370529910e+01,7.780850113172e+00,2.021128219306e+04,2.416810915087e+03,1.738283157797e+01,6.691965693160e-03
4.263465775006e-03,2.730899232273e+01,7.781192898001e+00,2.023015033582e+04,2.416491783500e+03,1.738512720221e+01,6.686901781306e-03
4.264220287941e-03,2.730427936545e+01,7.781534138626e+00,2.024903778649e+04,2.416172650864e+03,1.738742344044e+01,6.681839923020e-03
4.264974098680e-03,2.729956642772e+01,7.781873836029e+00,2.026794456726e+04,2.415853517211e+03,1.738972029267e+01,6.676780120073e-03
4.265727207747e-03,2.729485351005e+01,7.782211991193e+00,2.028687070016e+04,2.415534382574e+03,1.739201775892e+01,6.671722374285e-03
4.266479615675e-03,2.729014061289e+01,7.782548605102e+00,2.030581620744e+04,2.415215246983e+03,1.739431583920e+01,6.666666687424e-03
4.267231322993e-03,2.728542773675e+01,7.782883678738e+00,2.032478111125e+04,2.414896110473e+03,1.739661453352e+01,6.661613061275e-03
4.267982330228e-03,2.728071488209e+01,7.783217213084e+00,2.034376543382e+04,2.414576973074e+03,1.739891384191e+01,6.656561497618e-03
4.268732637913e-03,2.727600204937e+01,7.783549209125e+00,2.036276919749e+04,2.414257834816e+03,1.740121376439e+01,6.651511998197e-03
4.269482246572e-03,2.727128923910e+01,7.783879667842e+00,2.038179242439e+04,2.413938695735e+03,1.740351430095e+01,6.646464564819e-03
4.270231156737e-03,2.726657645173e+01,7.784208590218e+00,2.040083513694e+04,2.413619555858e+03,1.740581545164e+01,6.641419199211e-03
4.270979368934e-03,2.726186368774e+01,7.784535977237e+00,2.041989735739e+04,2.413300415220e+03,1.740811721646e+01,6.636375903159e-03
4.271726883693e-03,2.725715094761e+01,7.784861829882e+00,2.043897910813e+04,2.412981273852e+03,1.741041959544e+01,6.631334678397e-03
4.272473701545e-03,2.725243823177e+01,7.785186149137e+00,2.045808041163e+04,2.412662131783e+03,1.741272258859e+01,6.626295526652e-03
4.273219823012e-03,2.724772554074e+01,7.785508935983e+00,2.047720129016e+04,2.412342989046e+03,1.741502619594e+01,6.621258449708e-03
4.273965248625e-03,2.724301287496e+01,7.785830191405e+00,2.049634176623e+04,2.412023845673e+03,1.741733041750e+01,6.616223449283e-03
4.274709978915e-03,2.723830023488e+01,7.786149916386e+00,2.051550186237e+04,2.411704701692e+03,1.741963525330e+01,6.611190527088e-03
4.275454014404e-03,2.723358762100e+01,7.786468111908e+00,2.053468160096e+04,2.411385557137e+03,1.742194070336e+01,6.606159684889e-03
4.276197355619e-03,2.722887503377e+01,7.786784778954e+00,2.055388100449e+04,2.411066412039e+03,1.742424676769e+01,6.601130924409e-03
4.276940003091e-03,2.722416247366e+01,7.787099918508e+00,2.057310009560e+04,2.410747266428e+03,1.742655344632e+01,6.596104247347e-03
4.277681957351e-03,2.721944994108e+01,7.787413531554e+00,2.059233889697e+04,2.410428120331e+03,1.742886073929e+01,6.591079655394e-03
4.278423218921e-03,2.721473743653e+01,7.787725619074e+00,2.061159743105e+04,2.410108973783e+03,1.743116864662e+01,6.586057150289e-03
4.279163788322e-03,2.721002496051e+01,7.788036182049e+00,2.063087572037e+04,2.409789826817e+03,1.743347716829e+01,6.581036733771e-03
4.279903666088e-03,2.720531251343e+01,7.788345221464e+00,2.065017378771e+04,2.409470679459e+03,1.743578630437e+01,6.576018407504e-03
4.280642852749e-03,2.720060009571e+01,7.788652738304e+00,2.066949165589e+04,2.409151531739e+03,1.743809605489e+01,6.571002173150e-03
4.281381348824e-03,2.719588770786e+01,7.788958733549e+00,2.068882934742e+04,2.408832383690e+03,1.744040641985e+01,6.565988032448e-03
4.282119154842e-03,2.719117535032e+01,7.789263208183e+00,2.070818688509e+04,2.408513235341e+03,1.744271739928e+01,6.560975987076e-03
4.282856271329e-03,2.718646302354e+01,7.789566163189e+00,2.072756429168e+04,2.408194086722e+03,1.744502899322e+01,6.555966038710e-03
4.283592698807e-03,2.718175072799e+01,7.789867599548e+00,2.074696158990e+04,2.407874937865e+03,1.744734120167e+01,6.550958189045e-03
4.284328437811e-03,2.717703846406e+01,7.790167518246e+00,2.076637880276e+04,2.407555788797e+03,1.744965402470e+01,6.545952439708e-03
4.285063488861e-03,2.717232623225e+01,7.790465920264e+00,2.078581595300e+04,2.407236639549e+03,1.745196746231e+01,6.540948792394e-03
4.285797852476e-03,2.716761403302e+01,7.790762806583e+00,2.080527306333e+04,2.406917490154e+03,1.745428151452e+01,6.535947248805e-03
4.286531529194e-03,2.716290186676e+01,7.791058178190e+00,2.082475015697e+04,2.406598340636e+03,1.745659618138e+01,6.530947810522e-03
4.287264519532e-03,2.715818973395e+01,7.791352036064e+00,2.084424725663e+04,2.406279191028e+03,1.745891146292e+01,6.525950479254e-03
4.287996824014e-03,2.715347763505e+01,7.791644381189e+00,2.086376438526e+04,2.405960041362e+03,1.746122735914e+01,6.520955256648e-03
4.288728443171e-03,2.714876557046e+01,7.791935214548e+00,2.088330156598e+04,2.405640891662e+03,1.746354387011e+01,6.515962144320e-03
4.289459377525e-03,2.714405354063e+01,7.792224537123e+00,2.090285882178e+04,2.405321741960e+03,1.746586099585e+01,6.510971143912e-03
4.290189627596e-03,2.713934154604e+01,7.792512349895e+00,2.092243617555e+04,2.405002592287e+03,1.746817873637e+01,6.505982257097e-03
4.290919193913e-03,2.713462958708e+01,7.792798653849e+00,2.094203365048e+04,2.404683442671e+03,1.747049709172e+01,6.500995485476e-03
4.291648076999e-03,2.712991766421e+01,7.793083449965e+00,2.096165126967e+04,2.404364293140e+03,1.747281606194e+01,6.496010830676e-03
4.292376277377e-03,2.712520577787e+01,7.793366739226e+00,2.098128905617e+04,2.404045143725e+03,1.747513564705e+01,6.491028294330e-03
4.293103795573e-03,2.712049392848e+01,7.793648522616e+00,2.100094703322e+04,2.403725994453e+03,1.747745584708e+01,6.486047878040e-03
4.293830632109e-03,2.711578211647e+01,7.793928801114e+00,2.102062522395e+04,2.403406845354e+03,1.747977666208e+01,6.481069583429e-03
4.294556787509e-03,2.711107034229e+01,7.794207575704e+00,2.104032365158e+04,2.403087696457e+03,1.748209809207e+01,6.476093412100e-03
4.295282262294e-03,2.710635860637e+01,7.794484847367e+00,2.106004233929e+04,2.402768547791e+03,1.748442013709e+01,6.471119365668e-03
4.296007056990e-03,2.710164690914e+01,7.794760617085e+00,2.107978131038e+04,2.402449399384e+03,1.748674279718e+01,6.466147445723e-03
4.296731172120e-03,2.709693525101e+01,7.795034885841e+00,2.109954058821e+04,2.402130251265e+03,1.748906607237e+01,6.461177653843e-03
4.297454608206e-03,2.709222363241e+01,7.795307654616e+00,2.111932019605e+04,2.401811103462e+03,1.749138996271e+01,6.456209991631e-03
4.298177365769e-03,2.708751205379e+01,7.795578924391e+00,2.113912015717e+04,2.401491956004e+03,1.749371446821e+01,6.451244460686e-03
4.298899445334e-03,2.708280051555e+01,7.795848696148e+00,2.115894049505e+04,2.401172808919e+03,1.749603958894e+01,6.446281062563e-03
4.299620847421e-03,2.707808901814e+01,7.796116970868e+00,2.117878123303e+04,2.400853662237e+03,1.749836532491e+01,6.441319798857e-03
4.300341572553e-03,2.707337756195e+01,7.796383749533e+00,2.119864239458e+04,2.400534515983e+03,1.750069167617e+01,6.436360671125e-03
4.301061621252e-03,2.706866614744e+01,7.796649033123e+00,2.121852400311e+04,2.400215370188e+03,1.750301864277e+01,6.431403680948e-03
4.301780994040e-03,2.706395477500e+01,7.796912822621e+00,2.123842608214e+04,2.399896224879e+03,1.750534622473e+01,6.426448829876e-03
4.302499691442e-03,2.705924344503e+01,7.797175119008e+00,2.125834865529e+04,2.399577080082e+03,1.750767442211e+01,6.421496119447e-03
4.303217713971e-03,2.705453215801e+01,7.797435923263e+00,2.127829174586e+04,2.399257935829e+03,1.751000323493e+01,6.416545551268e-03
4.303935062153e-03,2.704982091432e+01,7.797695236367e+00,2.129825537757e+04,2.398938792145e+03,1.751233266324e+01,6.411597126851e-03
4.304651736515e-03,2.704510971435e+01,7.797953059305e+00,2.131823957415e+04,2.398619649057e+03,1.751466270709e+01,6.406650847712e-03
4.305367737567e-03,2.704039855857e+01,7.798209393052e+00,2.133824435898e+04,2.398300506595e+03,1.751699336651e+01,6.401706715448e-03
4.306083065837e-03,2.703568744735e+01,7.798464238591e+00,2.135826975588e+04,2.397981364785e+03,1.751932464155e+01,6.396764731554e-03
4.306797721840e-03,2.703097638114e+01,7.798717596902e+00,2.137831578839e+04,2.397662223656e+03,1.752165653224e+01,6.391824897594e-03
4.307511706106e-03,2.702626536028e+01,7.798969468968e+00,2.139838248050e+04,2.397343083232e+03,1.752398903866e+01,6.386887215030e-03
4.308225019145e-03,2.702155438525e+01,7.799219855765e+00,2.141846985567e+04,2.397023943544e+03,1.752632216081e+01,6.381951685448e-03
4.308937661480e-03,2.701684345645e+01,7.799468758275e+00,2.143857793776e+04,2.396704804619e+03,1.752865589875e+01,6.377018310345e-03
4.309649633633e-03,2.701213257426e+01,7.799716177477e+00,2.145870675062e+04,2.396385666482e+03,1.753099025254e+01,6.372087091220e-03
4.310360936122e-03,2.700742173910e+01,7.799962114352e+00,2.147885631802e+04,2.396066529162e+03,1.753332522220e+01,6.367158029594e-03
4.311071569470e-03,2.700271095135e+01,7.800206569881e+00,2.149902666394e+04,2.395747392683e+03,1.753566080780e+01,6.362231126939e-03
4.311781534191e-03,2.699800021145e+01,7.800449545041e+00,2.151921781214e+04,2.395428257075e+03,1.753799700938e+01,6.357306384788e-03
4.312490830803e-03,2.699328951982e+01,7.800691040810e+00,2.153942978644e+04,2.395109122366e+03,1.754033382697e+01,6.352383804651e-03
4.313199459834e-03,2.698857887679e+01,7.800931058172e+00,2.155966261108e+04,2.394789988578e+03,1.754267126064e+01,6.347463387951e-03
4.313907421796e-03,2.698386828280e+01,7.801169598103e+00,2.157991630984e+04,2.394470855741e+03,1.754500931043e+01,6.342545136217e-03
4.314614717209e-03,2.697915773825e+01,7.801406661583e+00,2.160019090675e+04,2.394151723881e+03,1.754734797639e+01,6.337629050922e-03
4.315321346589e-03,2.697444724355e+01,7.801642249591e+00,2.162048642582e+04,2.393832593025e+03,1.754968725855e+01,6.332715133547e-03
4.316027310457e-03,2.696973679908e+01,7.801876363104e+00,2.164080289112e+04,2.393513463199e+03,1.755202715699e+01,6.327803385559e-03
4.316732609333e-03,2.696502640521e+01,7.802109003103e+00,2.166114032683e+04,2.393194334428e+03,1.755436767175e+01,6.322893808404e-03
4.317437243732e-03,2.696031606238e+01,7.802340170565e+00,2.168149875697e+04,2.392875206741e+03,1.755670880287e+01,6.317986403568e-03
4.318141214167e-03,2.695560577099e+01,7.802569866467e+00,2.170187820561e+04,2.392556080164e+03,1.755905055039e+01,6.313081172526e-03
4.318844521169e-03,2.695089553135e+01,7.802798091791e+00,2.172227869723e+04,2.392236954718e+03,1.756139291442e+01,6.308178116657e-03
4.319547165239e-03,2.694618534397e+01,7.803024847511e+00,2.174270025561e+04,2.391917830438e+03,1.756373589493e+01,6.303277237513e-03
4.320249146909e-03,2.694147520911e+01,7.803250134608e+00,2.176314290543e+04,2.391598707341e+03,1.756607949204e+01,6.298378536428e-03
4.320950466683e-03,2.693676512728e+01,7.803473954057e+00,2.178360667058e+04,2.391279585460e+03,1.756842370576e+01,6.293482014938e-03
4.321651125091e-03,2.693205509876e+01,7.803696306838e+00,2.180409157568e+04,2.390960464815e+03,1.757076853618e+01,6.288587674391e-03
4.322351122636e-03,2.692734512403e+01,7.803917193925e+00,2.182459764470e+04,2.390641345437e+03,1.757311398331e+01,6.283695516306e-03
4.323050459844e-03,2.692263520341e+01,7.804136616299e+00,2.184512490230e+04,2.390322227348e+03,1.757546004725e+01,6.278805542037e-03
4.323749137230e-03,2.691792533730e+01,7.804354574935e+00,2.186567337277e+04,2.390003110574e+03,1.757780672803e+01,6.273917753024e-03
4.324447155304e-03,2.691321552611e+01,7.804571070809e+00,2.188624308039e+04,2.389683995143e+03,1.758015402570e+01,6.269032150715e-03
4.325144514589e-03,2.690850577018e+01,7.804786104899e+00,2.190683404978e+04,2.389364881078e+03,1.758250194033e+01,6.264148736483e-03
4.325841215597e-03,2.690379606992e+01,7.804999678182e+00,2.192744630530e+04,2.389045768405e+03,1.758485047197e+01,6.259267511758e-03
4.326537258846e-03,2.689908642568e+01,7.805211791633e+00,2.194807987159e+04,2.388726657149e+03,1.758719962069e+01,6.254388477915e-03
4.327232644845e-03,2.689437683789e+01,7.805422446228e+00,2.196873477290e+04,2.388407547337e+03,1.758954938652e+01,6.249511636414e-03
4.327927374120e-03,2.688966730685e+01,7.805631642945e+00,2.198941103416e+04,2.388088438991e+03,1.759189976955e+01,6.244636988565e-03
4.328621447176e-03,2.688495783300e+01,7.805839382757e+00,2.201010867968e+04,2.387769332139e+03,1.759425076981e+01,6.239764535822e-03
4.329314864532e-03,2.688024841669e+01,7.806045666641e+00,2.203082773420e+04,2.387450226804e+03,1.759660238738e+01,6.234894279547e-03
4.330007626703e-03,2.687553905830e+01,7.806250495573e+00,2.205156822235e+04,2.387131123011e+03,1.759895462231e+01,6.230026221118e-03
4.330699734200e-03,2.687082975820e+01,7.806453870527e+00,2.207233016875e+04,2.386812020787e+03,1.760130747466e+01,6.225160361928e-03
4.331391187542e-03,2.686612051675e+01,7.806655792479e+00,2.209311359819e+04,2.386492920155e+03,1.760366094449e+01,6.220296703331e-03
4.332081987240e-03,2.686141133433e+01,7.806856262403e+00,2.211391853540e+04,2.386173821139e+03,1.760601503187e+01,6.215435246696e-03
4.332772133810e-03,2.685670221129e+01,7.807055281275e+00,2.213474500518e+04,2.385854723765e+03,1.760836973685e+01,6.210575993380e-03
4.333461627760e-03,2.685199314805e+01,7.807252850067e+00,2.215559303216e+04,2.385535628058e+03,1.761072505949e+01,6.205718944777e-03
4.334150469610e-03,2.684728414492e+01,7.807448969755e+00,2.217646264136e+04,2.385216534040e+03,1.761308099987e+01,6.200864102203e-03
4.334838659869e-03,2.684257520230e+01,7.807643641313e+00,2.219735385752e+04,2.384897441738e+03,1.761543755803e+01,6.196011467029e-03
4.335526199055e-03,2.683786632052e+01,7.807836865715e+00,2.221826670568e+04,2.384578351174e+03,1.761779473406e+01,6.191161040569e-03
4.336213087673e-03,2.683315749998e+01,7.808028643934e+00,2.223920121053e+04,2.384259262375e+03,1.762015252799e+01,6.186312824216e-03
4.336899326243e-03,2.682844874102e+01,7.808218976943e+00,2.226015739721e+04,2.383940175362e+03,1.762251093991e+01,6.181466819262e-03
4.337584915275e-03,2.682374004400e+01,7.808407865717e+00,2.228113529068e+04,2.383621090161e+03,1.762486996989e+01,6.176623027043e-03
4.338269855278e-03,2.681903140931e+01,7.808595311226e+00,2.230213491581e+04,2.383302006796e+03,1.762722961797e+01,6.171781448923e-03
4.338954146771e-03,2.681432283725e+01,7.808781314446e+00,2.232315629784e+04,2.382982925290e+03,1.762958988423e+01,6.166942086173e-03
4.339637790259e-03,2.680961432823e+01,7.808965876348e+00,2.234419946169e+04,2.382663845668e+03,1.763195076874e+01,6.162104940149e-03
4.340320786258e-03,2.680490588258e+01,7.809148997904e+00,2.236526443253e+04,2.382344767952e+03,1.763431227157e+01,6.157270012150e-03
4.341003135276e-03,2.680019750068e+01,7.809330680087e+00,2.238635123542e+04,2.382025692168e+03,1.763667439276e+01,6.152437303502e-03
4.341684837827e-03,2.679548918286e+01,7.809510923868e+00,2.240745989558e+04,2.381706618339e+03,1.763903713241e+01,6.147606815496e-03
4.342365894425e-03,2.679078092946e+01,7.809689730220e+00,2.242859043834e+04,2.381387546485e+03,1.764140049059e+01,6.142778549406e-03
4.343046305572e-03,2.678607274088e+01,7.809867100113e+00,2.244974288861e+04,2.381068476635e+03,1.764376446733e+01,6.137952506596e-03
4.343726071788e-03,2.678136461742e+01,7.810043034519e+00,2.247091727194e+04,2.380749408808e+03,1.764612906274e+01,6.133128688288e-03
4.344405193575e-03,2.677665655948e+01,7.810217534409e+00,2.249211361337e+04,2.380430343031e+03,1.764849427687e+01,6.128307095833e-03
4.345083671453e-03,2.677194856734e+01,7.810390600754e+00,2.251333193849e+04,2.380111279324e+03,1.765086010980e+01,6.123487730449e-03
4.345761505923e-03,2.676724064143e+01,7.810562234524e+00,2.253457227234e+04,2.379792217713e+03,1.765322656159e+01,6.118670593480e-03
4.346438697502e-03,2.676253278202e+01,7.810732436690e+00,2.255583464059e+04,2.379473158217e+03,1.765559363232e+01,6.113855686140e-03
4.347115246694e-03,2.675782498951e+01,7.810901208220e+00,2.257711906841e+04,2.379154100864e+03,1.765796132206e+01,6.109043009751e-03
4.347791154012e-03,2.675311726421e+01,7.811068550087e+00,2.259842558138e+04,2.378835045674e+03,1.766032963088e+01,6.104232565546e-03
4.348466419965e-03,2.674840960648e+01,7.811234463258e+00,2.261975420495e+04,2.378515992670e+03,1.766269855885e+01,6.099424354792e-03
4.349141045059e-03,2.674370201667e+01,7.811398948703e+00,2.264110496450e+04,2.378196941876e+03,1.766506810605e+01,6.094618378772e-03
4.349815029809e-03,2.673899449509e+01,7.811562007393e+00,2.266247788580e+04,2.377877893313e+03,1.766743827256e+01,6.089814638686e-03
4.350488374717e-03,2.673428704211e+01,7.811723640294e+00,2.268387299416e+04,2.377558847005e+03,1.766980905843e+01,6.085013135842e-03
4.351161080299e-03,2.672957965804e+01,7.811883848377e+00,2.270529031541e+04,2.377239802973e+03,1.767218046377e+01,6.080213871426e-03
4.351833147055e-03,2.672487234325e+01,7.812042632608e+00,2.272672987495e+04,2.376920761243e+03,1.767455248861e+01,6.075416846728e-03
4.352504575497e-03,2.672016509806e+01,7.812199993956e+00,2.274819169852e+04,2.376601721835e+03,1.767692513306e+01,6.070622062968e-03
4.353175366136e-03,2.671545792279e+01,7.812355933390e+00,2.276967581193e+04,2.376282684769e+03,1.767929839720e+01,6.065829521351e-03
4.353845519476e-03,2.671075081779e+01,7.812510451877e+00,2.279118224077e+04,2.375963650072e+03,1.768167228109e+01,6.061039223126e-03
4.354515036022e-03,2.670604378342e+01,7.812663550383e+00,2.281271101068e+04,2.375644617764e+03,1.768404678480e+01,6.056251169541e-03
4.355183916287e-03,2.670133681996e+01,7.812815229876e+00,2.283426214770e+04,2.375325587866e+03,1.768642190843e+01,6.051465361762e-03
4.355852160776e-03,2.669662992777e+01,7.812965491324e+00,2.285583567750e+04,2.375006560402e+03,1.768879765204e+01,6.046681801028e-03
4.356519769996e-03,2.669192310717e+01,7.813114335692e+00,2.287743162596e+04,2.374687535393e+03,1.769117401573e+01,6.041900488543e-03
4.357186744450e-03,2.668721635850e+01,7.813261763946e+00,2.289905001886e+04,2.374368512861e+03,1.769355099955e+01,6.037121425532e-03
4.357853084652e-03,2.668250968207e+01,7.813407777053e+00,2.292069088229e+04,2.374049492828e+03,1.769592860361e+01,6.032344613156e-03
4.358518791100e-03,2.667780307824e+01,7.813552375978e+00,2.294235424197e+04,2.373730475316e+03,1.769830682796e+01,6.027570052659e-03
4.359183864308e-03,2.667309654728e+01,7.813695561688e+00,2.296404012410e+04,2.373411460345e+03,1.770068567271e+01,6.022797745181e-03
4.359848304776e-03,2.666839008957e+01,7.813837335147e+00,2.298574855451e+04,2.373092447939e+03,1.770306513792e+01,6.018027691950e-03
4.360512113012e-03,2.666368370540e+01,7.813977697319e+00,2.300747955927e+04,2.372773438119e+03,1.770544522368e+01,6.013259894138e-03
4.361175289522e-03,2.665897739510e+01,7.814116649170e+00,2.302923316451e+04,2.372454430905e+03,1.770782593008e+01,6.008494352911e-03
4.361837834808e-03,2.665427115901e+01,7.814254191663e+00,2.305100939620e+04,2.372135426320e+03,1.771020725718e+01,6.003731069471e-03
4.362499749376e-03,2.664956499743e+01,7.814390325764e+00,2.307280828053e+04,2.371816424386e+03,1.771258920508e+01,5.998970044977e-03
4.363161033738e-03,2.664485891066e+01,7.814525052436e+00,2.309462984382e+04,2.371497425121e+03,1.771497177387e+01,5.994211280558e-03
4.363821688387e-03,2.664015289907e+01,7.814658372641e+00,2.311647411195e+04,2.371178428550e+03,1.771735496361e+01,5.989454777444e-03
4.364481713840e-03,2.663544696290e+01,7.814790287345e+00,2.313834111153e+04,2.370859434690e+03,1.771973877443e+01,5.984700536706e-03
4.365141110588e-03,2.663074110256e+01,7.814920797509e+00,2.316023086839e+04,2.370540443568e+03,1.772212320635e+01,5.979948559597e-03
4.365799879144e-03,2.662603531830e+01,7.815049904095e+00,2.318214340910e+04,2.370221455199e+03,1.772450825951e+01,5.975198847198e-03
4.366458020009e-03,2.662132961045e+01,7.815177608067e+00,2.320407875992e+04,2.369902469607e+03,1.772689393397e+01,5.970451400666e-03
4.367115533687e-03,2.661662397932e+01,7.815303910387e+00,2.322603694718e+04,2.369583486812e+03,1.772928022982e+01,5.965706221152e-03
4.367772420683e-03,2.661191842522e+01,7.815428812016e+00,2.324801799731e+04,2.369264506834e+03,1.773166714717e+01,5.960963309780e-03
4.368428681498e-03,2.660721294846e+01,7.815552313916e+00,2.327002193670e+04,2.368945529696e+03,1.773405468607e+01,5.956222667683e-03
4.369084316632e-03,2.660250754938e+01,7.815674417046e+00,2.329204879166e+04,2.368626555418e+03,1.773644284662e+01,5.951484296022e-03
4.369739326595e-03,2.659780222824e+01,7.815795122370e+00,2.331409858896e+04,2.368307584017e+03,1.773883162893e+01,5.946748195860e-03
4.370393711882e-03,2.659309698539e+01,7.815914430847e+00,2.333617135480e+04,2.367988615520e+03,1.774122103306e+01,5.942014368379e-03
4.371047473006e-03,2.658839182107e+01,7.816032343438e+00,2.335826711609e+04,2.367669649940e+03,1.774361105913e+01,5.937282814616e-03
4.371700610456e-03,2.658368673567e+01,7.816148861102e+00,2.338038589902e+04,2.367350687303e+03,1.774600170721e+01,5.932553535769e-03
4.372353124740e-03,2.657898172945e+01,7.816263984799e+00,2.340252773040e+04,2.367031727628e+03,1.774839297738e+01,5.927826532898e-03
4.373005016363e-03,2.657427680270e+01,7.816377715489e+00,2.342469263695e+04,2.366712770932e+03,1.775078486976e+01,5.923101807090e-03
4.373656285823e-03,2.656957195574e+01,7.816490054130e+00,2.344688064522e+04,2.366393817239e+03,1.775317738443e+01,5.918379359468e-03
4.374306933618e-03,2.656486718890e+01,7.816601001680e+00,2.346909178183e+04,2.366074866569e+03,1.775557052146e+01,5.913659191144e-03
4.374956960254e-03,2.656016250243e+01,7.816710559099e+00,2.349132607371e+04,2.365755918939e+03,1.775796428097e+01,5.908941303169e-03
4.375606366233e-03,2.655545789663e+01,7.816818727346e+00,2.351358354763e+04,2.365436974370e+03,1.776035866305e+01,5.904225696627e-03
4.376255152051e-03,2.655075337183e+01,7.816925507376e+00,2.353586423026e+04,2.365118032883e+03,1.776275366778e+01,5.899512372629e-03
4.376903318210e-03,2.654604892831e+01,7.817030900148e+00,2.355816814851e+04,2.364799094498e+03,1.776514929527e+01,5.894801332235e-03
4.377550865209e-03,2.654134456639e+01,7.817134906618e+00,2.358049532915e+04,2.364480159234e+03,1.776754554559e+01,5.890092576541e-03
4.378197793556e-03,2.653664028629e+01,7.817237527745e+00,2.360284579944e+04,2.364161227108e+03,1.776994241888e+01,5.885386106538e-03
4.378844103737e-03,2.653193608841e+01,7.817338764483e+00,2.362521958581e+04,2.363842298145e+03,1.777233991518e+01,5.880681923396e-03
4.379489796264e-03,2.652723197295e+01,7.817438617790e+00,2.364761671562e+04,2.363523372360e+03,1.777473803463e+01,5.875980028095e-03
4.380134871625e-03,2.652252794029e+01,7.817537088620e+00,2.367003721557e+04,2.363204449776e+03,1.777713677729e+01,5.871280421755e-03
4.380779330333e-03,2.651782399061e+01,7.817634177931e+00,2.369248111308e+04,2.362885530407e+03,1.777953614330e+01,5.866583105342e-03
4.381423172876e-03,2.651312012428e+01,7.817729886676e+00,2.371494843490e+04,2.362566614278e+03,1.778193613273e+01,5.861888079976e-03
4.382066399754e-03,2.650841634159e+01,7.817824215810e+00,2.373743920815e+04,2.362247701406e+03,1.778433674567e+01,5.857195346693e-03
4.382709011468e-03,2.650371264278e+01,7.817917166288e+00,2.375995346011e+04,2.361928791809e+03,1.778673798223e+01,5.852504906501e-03
4.383351008520e-03,2.649900902815e+01,7.818008739065e+00,2.378249121801e+04,2.361609885506e+03,1.778913984252e+01,5.847816760423e-03
4.383992391399e-03,2.649430549802e+01,7.818098935093e+00,2.380505250878e+04,2.361290982519e+03,1.779154232662e+01,5.843130909547e-03
4.384633160606e-03,2.648960205266e+01,7.818187755326e+00,2.382763735972e+04,2.360972082867e+03,1.779394543463e+01,5.838447354882e-03
4.385273316646e-03,2.648489869230e+01,7.818275200718e+00,2.385024579842e+04,2.360653186563e+03,1.779634916668e+01,5.833766097387e-03
4.385912860006e-03,2.648019541730e+01,7.818361272221e+00,2.387287785181e+04,2.360334293631e+03,1.779875352284e+01,5.829087138158e-03
4.386551791190e-03,2.647549222789e+01,7.818445970788e+00,2.389553354741e+04,2.360015404088e+03,1.780115850322e+01,5.824410478164e-03
4.387190110690e-03,2.647078912437e+01,7.818529297371e+00,2.391821291249e+04,2.359696517954e+03,1.780356410792e+01,5.819736118442e-03
4.387827819005e-03,2.646608610704e+01,7.818611252920e+00,2.394091597444e+04,2.359377635247e+03,1.780597033704e+01,5.815064059996e-03
4.388464916635e-03,2.646138317611e+01,7.818691838389e+00,2.396364276093e+04,2.359058755984e+03,1.780837719071e+01,5.810394303781e-03
4.389101404069e-03,2.645668033193e+01,7.818771054728e+00,2.398639329910e+04,2.358739880186e+03,1.781078466899e+01,5.805726850860e-03
4.389737281814e-03,2.645197757471e+01,7.818848902888e+00,2.400916761684e+04,2.358421007867e+03,1.781319277203e+01,5.801061702149e-03
4.390372550349e-03,2.644727490481e+01,7.818925383817e+00,2.403196574115e+04,2.358102139053e+03,1.781560149988e+01,5.796398858745e-03
4.391007210186e-03,2.644257232243e+01,7.819000498469e+00,2.405478770010e+04,2.357783273755e+03,1.781801085269e+01,5.791738321529e-03
4.391641261814e-03,2.643786982785e+01,7.819074247790e+00,2.407763352113e+04,2.357464411993e+03,1.782042083056e+01,5.787080091520e-03
4.392274705724e-03,2.643316742140e+01,7.819146632731e+00,2.410050323171e+04,2.357145553788e+03,1.782283143357e+01,5.782424169722e-03
4.392907542417e-03,2.642846510328e+01,7.819217654241e+00,2.412339685974e+04,2.356826699155e+03,1.782524266184e+01,5.777770557066e-03
4.393539772388e-03,2.642376287378e+01,7.819287313269e+00,2.414631443294e+04,2.356507848112e+03,1.782765451550e+01,5.773119254517e-03
4.394171396124e-03,2.641906073322e+01,7.819355610761e+00,2.416925597874e+04,2.356189000680e+03,1.783006699461e+01,5.768470263099e-03
4.394802414130e-03,2.641435868178e+01,7.819422547666e+00,2.419222152533e+04,2.355870156873e+03,1.783248009933e+01,5.763823583689e-03
4.395432826891e-03,2.640965671980e+01,7.819488124932e+00,2.421521110023e+04,2.355551316711e+03,1.783489382973e+01,5.759179217301e-03
4.396062634905e-03,2.640495484751e+01,7.819552343506e+00,2.423822473135e+04,2.355232480211e+03,1.783730818593e+01,5.754537164874e-03
4.396691838666e-03,2.640025306518e+01,7.819615204334e+00,2.426126244664e+04,2.354913647391e+03,1.783972316804e+01,5.749897427339e-03
4.397320438663e-03,2.639555137310e+01,7.819676708362e+00,2.428432427386e+04,2.354594818269e+03,1.784213877617e+01,5.745260005671e-03
4.397948435398e-03,2.639084977147e+01,7.819736856537e+00,2.430741024123e+04,2.354275992860e+03,1.784455501044e+01,5.740624900755e-03
4.398575829354e-03,2.638614826062e+01,7.819795649804e+00,2.433052037639e+04,2.353957171186e+03,1.784697187094e+01,5.735992113590e-03
4.399202621028e-03,2.638144684078e+01,7.819853089109e+00,2.435365470755e+04,2.353638353261e+03,1.784938935779e+01,5.731361645072e-03
4.399828810915e-03,2.637674551220e+01,7.819909175395e+00,2.437681326279e+04,2.353319539101e+03,1.785180747112e+01,5.726733496124e-03
4.400454399503e-03,2.637204427517e+01,7.819963909608e+00,2.439999607007e+04,2.353000728728e+03,1.785422621101e+01,5.722107667688e-03
4.401079387286e-03,2.636734312992e+01,7.820017292692e+00,2.442320315757e+04,2.352681922155e+03,1.785664557759e+01,5.717484160670e-03
4.401703774756e-03,2.636264207671e+01,7.820069325590e+00,2.444643455344e+04,2.352363119401e+03,1.785906557098e+01,5.712862975991e-03
4.402327562405e-03,2.635794111579e+01,7.820120009246e+00,2.446969028591e+04,2.352044320482e+03,1.786148619129e+01,5.708244114547e-03
4.402950750720e-03,2.635324024746e+01,7.820169344602e+00,2.449297038302e+04,2.351725525418e+03,1.786390743861e+01,5.703627577286e-03
4.403573340201e-03,2.634853947190e+01,7.820217332601e+00,2.451627487336e+04,2.351406734219e+03,1.786632931310e+01,5.699013365039e-03
4.404195331332e-03,2.634383878941e+01,7.820263974186e+00,2.453960378498e+04,2.351087946908e+03,1.786875181485e+01,5.694401478757e-03
4.404816724599e-03,2.633913820027e+01,7.820309270297e+00,2.456295714603e+04,2.350769163504e+03,1.787117494394e+01,5.689791919366e-03
4.405437520507e-03,2.633443770464e+01,7.820353221876e+00,2.458633498538e+04,2.350450384014e+03,1.787359870057e+01,5.685184687656e-03
4.406057719534e-03,2.632973730286e+01,7.820395829865e+00,2.460973733098e+04,2.350131608463e+03,1.787602308478e+01,5.680579784603e-03
4.406677322170e-03,2.632503699516e+01,7.820437095203e+00,2.463316421130e+04,2.349812836868e+03,1.787844809670e+01,5.675977211079e-03
4.407296328916e-03,2.632033678172e+01,7.820477018831e+00,2.465661565521e+04,2.349494069237e+03,1.788087373651e+01,5.671376967886e-03
4.407914740250e-03,2.631563666287e+01,7.820515601689e+00,2.468009169071e+04,2.349175305595e+03,1.788330000425e+01,5.666779055993e-03
4.408532556664e-03,2.631093663882e+01,7.820552844716e+00,2.470359234655e+04,2.348856545955e+03,1.788572690007e+01,5.662183476229e-03
4.409149778650e-03,2.630623670982e+01,7.820588748851e+00,2.472711765135e+04,2.348537790333e+03,1.788815442409e+01,5.657590229451e-03
4.409766406699e-03,2.630153687608e+01,7.820623315032e+00,2.475066763376e+04,2.348219038745e+03,1.789058257645e+01,5.652999316513e-03
4.410382441290e-03,2.629683713791e+01,7.820656544198e+00,2.477424232216e+04,2.347900291210e+03,1.789301135723e+01,5.648410738323e-03
4.410997882917e-03,2.629213749553e+01,7.820688437286e+00,2.479784174533e+04,2.347581547743e+03,1.789544076656e+01,5.643824495716e-03
4.411612732074e-03,2.628743794911e+01,7.820718995235e+00,2.482146593230e+04,2.347262808356e+03,1.789787080460e+01,5.639240589480e-03
4.412226989238e-03,2.628273849900e+01,7.820748218980e+00,2.484511491133e+04,2.346944073071e+03,1.790030147141e+01,5.634659020552e-03
4.412840654901e-03,2.627803914538e+01,7.820776109458e+00,2.486878871142e+04,2.346625341901e+03,1.790273276715e+01,5.630079789737e-03
4.413453729557e-03,2.627333988846e+01,7.820802667606e+00,2.489248736158e+04,2.346306614859e+03,1.790516469196e+01,5.625502897832e-03
4.414066213682e-03,2.626864072856e+01,7.820827894359e+00,2.491621089028e+04,2.345987891967e+03,1.790759724592e+01,5.620928345748e-03
4.414678107772e-03,2.626394166583e+01,7.820851790652e+00,2.493995932673e+04,2.345669173236e+03,1.791003042918e+01,5.616356134252e-03
4.415289412309e-03,2.625924270055e+01,7.820874357420e+00,2.496373269971e+04,2.345350458682e+03,1.791246424186e+01,5.611786264198e-03
4.415900127782e-03,2.625454383294e+01,7.820895595599e+00,2.498753103823e+04,2.345031748323e+03,1.791489868408e+01,5.607218736398e-03
4.416510254671e-03,2.624984506328e+01,7.820915506120e+00,2.501135437109e+04,2.344713042175e+03,1.791733375595e+01,5.602653551709e-03
4.417119793472e-03,2.624514639173e+01,7.820934089920e+00,2.503520272764e+04,2.344394340249e+03,1.791976945763e+01,5.598090710883e-03
4.417728744668e-03,2.624044781852e+01,7.820951347930e+00,2.505907613693e+04,2.344075642562e+03,1.792220578924e+01,5.593530214735e-03
4.418337108734e-03,2.623574934399e+01,7.820967281083e+00,2.508297462756e+04,2.343756949135e+03,1.792464275086e+01,5.588972064165e-03
4.418944886170e-03,2.623105096824e+01,7.820981890313e+00,2.510689822928e+04,2.343438259975e+03,1.792708034268e+01,5.584416259860e-03
4.419552077453e-03,2.622635269156e+01,7.820995176550e+00,2.513084697098e+04,2.343119575102e+03,1.792951856479e+01,5.579862802673e-03
4.420158683071e-03,2.622165451416e+01,7.821007140726e+00,2.515482088195e+04,2.342800894530e+03,1.793195741733e+01,5.575311693383e-03
4.420764703506e-03,2.621695643629e+01,7.821017783772e+00,2.517881999133e+04,2.342482218274e+03,1.793439690042e+01,5.570762932803e-03
4.421370139246e-03,2.621225845814e+01,7.821027106620e+00,2.520284432857e+04,2.342163546348e+03,1.793683701421e+01,5.566216521683e-03
4.421974990769e-03,2.620756057999e+01,7.821035110199e+00,2.522689392275e+04,2.341844878770e+03,1.793927775879e+01,5.561672460855e-03
4.422579258566e-03,2.620286280200e+01,7.821041795438e+00,2.525096880350e+04,2.341526215552e+03,1.794171913433e+01,5.557130751045e-03
4.423182943115e-03,2.619816512444e+01,7.821047163268e+00,2.527506899995e+04,2.341207556710e+03,1.794416114093e+01,5.552591393076e-03
4.423786044905e-03,2.619346754748e+01,7.821051214618e+00,2.529919454180e+04,2.340888902258e+03,1.794660377875e+01,5.548054387668e-03
4.424388564415e-03,2.618877007139e+01,7.821053950415e+00,2.532334545835e+04,2.340570252211e+03,1.794904704791e+01,5.543519735618e-03
4.424990502128e-03,2.618407269638e+01,7.821055371588e+00,2.534752177904e+04,2.340251606584e+03,1.795149094853e+01,5.538987437703e-03
4.425591858528e-03,2.617937542266e+01,7.821055479064e+00,2.537172353350e+04,2.339932965393e+03,1.795393548075e+01,5.534457494662e-03
4.426192634098e-03,2.617467825044e+01,7.821054273771e+00,2.539595075131e+04,2.339614328650e+03,1.795638064470e+01,5.529929907248e-03
4.426792829322e-03,2.616998117994e+01,7.821051756636e+00,2.542020346217e+04,2.339295696368e+03,1.795882644053e+01,5.525404676200e-03
4.427392444677e-03,2.616528421139e+01,7.821047928584e+00,2.544448169553e+04,2.338977068566e+03,1.796127286835e+01,5.520881802298e-03
4.427991480647e-03,2.616058734500e+01,7.821042790541e+00,2.546878548112e+04,2.338658445256e+03,1.796371992831e+01,5.516361286279e-03
4.428589937714e-03,2.615589058099e+01,7.821036343434e+00,2.549311484870e+04,2.338339826453e+03,1.796616762053e+01,5.511843128874e-03
4.429187816365e-03,2.615119391951e+01,7.821028588187e+00,2.551746982828e+04,2.338021212167e+03,1.796861594518e+01,5.507327330771e-03
4.429785117067e-03,2.614649736091e+01,7.821019525724e+00,2.554185044903e+04,2.337702602420e+03,1.797106490234e+01,5.502813892820e-03
4.430381840318e-03,2.614180090523e+01,7.821009156969e+00,2.556625674153e+04,2.337383997217e+03,1.797351449221e+01,5.498302815609e-03
4.430977986584e-03,2.613710455282e+01,7.820997482847e+00,2.559068873504e+04,2.337065396579e+03,1.797596471488e+01,5.493794099973e-03
4.431573556351e-03,2.613240830384e+01,7.820984504279e+00,2.561514645971e+04,2.336746800519e+03,1.797841557049e+01,5.489287746587e-03
4.432168550103e-03,2.612771215846e+01,7.820970222190e+00,2.563962994559e+04,2.336428209046e+03,1.798086705921e+01,5.484783756148e-03
4.432762968316e-03,2.612301611694e+01,7.820954637501e+00,2.566413922252e+04,2.336109622179e+03,1.798331918115e+01,5.480282129396e-03
4.433356811466e-03,2.611832017949e+01,7.820937751135e+00,2.568867432040e+04,2.335791039931e+03,1.798577193645e+01,5.475782867058e-03
4.433950080041e-03,2.611362434625e+01,7.820919564011e+00,2.571323526960e+04,2.335472462312e+03,1.798822532527e+01,5.471285969781e-03
4.434542774512e-03,2.610892861750e+01,7.820900077052e+00,2.573782209992e+04,2.335153889340e+03,1.799067934773e+01,5.466791438320e-03
4.435134895363e-03,2.610423299340e+01,7.820879291178e+00,2.576243484163e+04,2.334835321026e+03,1.799313400397e+01,5.462299273344e-03
4.435726443073e-03,2.609953747415e+01,7.820857207308e+00,2.578707352496e+04,2.334516757384e+03,1.799558929415e+01,5.457809475537e-03
4.436317418115e-03,2.609484206000e+01,7.820833826363e+00,2.581173817986e+04,2.334198198429e+03,1.799804521838e+01,5.453322045633e-03
4.436907820973e-03,2.609014675110e+01,7.820809149260e+00,2.583642883683e+04,2.333879644172e+03,1.800050177683e+01,5.448836984269e-03
4.437497652124e-03,2.608545154765e+01,7.820783176920e+00,2.586114552610e+04,2.333561094626e+03,1.800295896964e+01,5.444354292136e-03
4.438086912038e-03,2.608075644992e+01,7.820755910260e+00,2.588588827768e+04,2.333242549809e+03,1.800541679693e+01,5.439873969969e-03
4.438675601209e-03,2.607606145797e+01,7.820727350197e+00,2.591065712258e+04,2.332924009726e+03,1.800787525888e+01,5.435396018319e-03
4.439263720094e-03,2.607136657217e+01,7.820697497650e+00,2.593545209037e+04,2.332605474401e+03,1.801033435558e+01,5.430920438006e-03
4.439851269186e-03,2.606667179258e+01,7.820666353534e+00,2.596027321212e+04,2.332286943836e+03,1.801279408723e+01,5.426447229583e-03
4.440438248956e-03,2.606197711944e+01,7.820633918765e+00,2.598512051808e+04,2.331968418051e+03,1.801525445395e+01,5.421976393748e-03
4.441024659878e-03,2.605728255297e+01,7.820600194260e+00,2.600999403863e+04,2.331649897057e+03,1.801771545587e+01,5.417507931184e-03
4.441610502435e-03,2.605258809330e+01,7.820565180934e+00,2.603489380462e+04,2.331331380864e+03,1.802017709318e+01,5.413041842490e-03
4.442195777092e-03,2.604789374072e+01,7.820528879702e+00,2.605981984618e+04,2.331012869492e+03,1.802263936597e+01,5.408578128397e-03
4.442780484335e-03,2.604319949533e+01,7.820491291478e+00,2.608477219432e+04,2.330694362947e+03,1.802510227442e+01,5.404116789482e-03
4.443364624635e-03,2.603850535737e+01,7.820452417176e+00,2.610975087951e+04,2.330375861244e+03,1.802756581868e+01,5.399657826423e-03
4.443948198472e-03,2.603381132699e+01,7.820412257710e+00,2.613475593262e+04,2.330057364395e+03,1.803002999889e+01,5.395201239827e-03
4.444531206312e-03,2.602911740444e+01,7.820370813992e+00,2.615978738404e+04,2.329738872415e+03,1.803249481519e+01,5.390747030388e-03
4.445113648638e-03,2.602442358985e+01,7.820328086934e+00,2.618484526494e+04,2.329420385312e+03,1.803496026774e+01,5.386295198675e-03
4.445695525920e-03,2.601972988344e+01,7.820284077449e+00,2.620992960581e+04,2.329101903103e+03,1.803742635669e+01,5.381845745365e-03
4.446276838636e-03,2.601503628538e+01,7.820238786448e+00,2.623504043772e+04,2.328783425798e+03,1.803989308218e+01,5.377398671047e-03
4.446857587254e-03,2.601034279588e+01,7.820192214843e+00,2.626017779130e+04,2.328464953411e+03,1.804236044436e+01,5.372953976385e-03
4.447437772258e-03,2.600564941506e+01,7.820144363543e+00,2.628534169790e+04,2.328146485950e+03,1.804482844340e+01,5.368511661923e-03
4.448017394112e-03,2.600095614318e+01,7.820095233460e+00,2.631053218805e+04,2.327828023433e+03,1.804729707943e+01,5.364071728347e-03
4.448596453289e-03,2.599626298042e+01,7.820044825501e+00,2.633574929277e+04,2.327509565870e+03,1.804976635259e+01,5.359634176267e-03
4.449174950273e-03,2.599156992687e+01,7.819993140577e+00,2.636099304357e+04,2.327191113269e+03,1.805223626309e+01,5.355199006202e-03
4.449752885525e-03,2.598687698281e+01,7.819940179596e+00,2.638626347100e+04,2.326872665648e+03,1.805470681102e+01,5.350766218850e-03
4.450330259525e-03,2.598218414836e+01,7.819885943466e+00,2.641156060651e+04,2.326554223015e+03,1.805717799656e+01,5.346335814748e-03
4.450907072737e-03,2.597749142377e+01,7.819830433095e+00,2.643688448087e+04,2.326235785386e+03,1.805964981985e+01,5.341907794562e-03
4.451483325645e-03,2.597279880912e+01,7.819773649389e+00,2.646223512580e+04,2.325917352767e+03,1.806212228107e+01,5.337482158786e-03
4.452059018708e-03,2.596810630468e+01,7.819715593255e+00,2.648761257200e+04,2.325598925177e+03,1.806459538034e+01,5.333058908103e-03
4.452634152413e-03,2.596341391053e+01,7.819656265600e+00,2.651301685134e+04,2.325280502618e+03,1.806706911786e+01,5.328638042992e-03
4.453208727211e-03,2.595872162697e+01,7.819595667330e+00,2.653844799436e+04,2.324962085114e+03,1.806954349372e+01,5.324219564165e-03
4.453782743595e-03,2.595402945404e+01,7.819533799347e+00,2.656390603323e+04,2.324643672664e+03,1.807201850816e+01,5.319803472057e-03
4.454356202020e-03,2.594933739200e+01,7.819470662560e+00,2.658939099875e+04,2.324325265288e+03,1.807449416127e+01,5.315389767342e-03
4.454929102963e-03,2.594464544100e+01,7.819406257869e+00,2.661490292260e+04,2.324006862995e+03,1.807697045323e+01,5.310978450545e-03
4.455501446891e-03,2.593995360123e+01,7.819340586181e+00,2.664044183607e+04,2.323688465798e+03,1.807944738418e+01,5.306569522262e-03
4.456073234283e-03,2.593526187279e+01,7.819273648397e+00,2.666600777107e+04,2.323370073702e+03,1.808192495433e+01,5.302162982983e-03
4.456644465597e-03,2.593057025594e+01,7.819205445420e+00,2.669160075866e+04,2.323051686726e+03,1.808440316378e+01,5.297758833351e-03
4.457215141304e-03,2.592587875084e+01,7.819135978154e+00,2.671722083044e+04,2.322733304881e+03,1.808688201270e+01,5.293357073913e-03
4.457785261884e-03,2.592118735759e+01,7.819065247497e+00,2.674286801851e+04,2.322414928171e+03,1.808936150129e+01,5.288957705144e-03
4.458354827800e-03,2.591649607637e+01,7.818993254353e+00,2.676854235429e+04,2.322096556611e+03,1.809184162968e+01,5.284560727627e-03
4.458923839515e-03,2.591180490743e+01,7.818919999622e+00,2.679424386919e+04,2.321778190216e+03,1.809432239801e+01,5.280166141956e-03
4.459492297506e-03,2.590711385085e+01,7.818845484203e+00,2.681997259533e+04,2.321459828992e+03,1.809680380648e+01,5.275773948608e-03
4.460060202240e-03,2.590242290681e+01,7.818769708996e+00,2.684572856444e+04,2.321141472950e+03,1.809928585524e+01,5.271384148124e-03
4.460627554177e-03,2.589773207553e+01,7.818692674902e+00,2.687151180801e+04,2.320823122106e+03,1.810176854443e+01,5.266996741095e-03
4.461194353795e-03,2.589304135710e+01,7.818614382817e+00,2.689732235829e+04,2.320504776465e+03,1.810425187423e+01,5.262611727981e-03
4.461760601559e-03,2.588835075170e+01,7.818534833640e+00,2.692316024713e+04,2.320186436039e+03,1.810673584482e+01,5.258229109316e-03
4.462326297936e-03,2.588366025951e+01,7.818454028268e+00,2.694902550638e+04,2.319868100840e+03,1.810922045634e+01,5.253848885636e-03
4.462891443388e-03,2.587896988070e+01,7.818371967600e+00,2.697491816787e+04,2.319549770880e+03,1.811170570895e+01,5.249471057485e-03
4.463456038386e-03,2.587427961542e+01,7.818288652530e+00,2.700083826379e+04,2.319231446168e+03,1.811419160282e+01,5.245095625347e-03
4.464020083401e-03,2.586958946378e+01,7.818204083955e+00,2.702678582634e+04,2.318913126713e+03,1.811667813814e+01,5.240722589707e-03
4.464583578894e-03,2.586489942600e+01,7.818118262771e+00,2.705276088742e+04,2.318594812526e+03,1.811916531504e+01,5.236351951107e-03
4.465146525328e-03,2.586020950224e+01,7.818031189873e+00,2.707876347903e+04,2.318276503622e+03,1.812165313369e+01,5.231983710076e-03
4.465708923181e-03,2.585551969256e+01,7.817942866153e+00,2.710479363391e+04,2.317958200002e+03,1.812414159430e+01,5.227617867013e-03
4.466270772903e-03,2.585082999726e+01,7.817853292509e+00,2.713085138356e+04,2.317639901687e+03,1.812663069697e+01,5.223254422538e-03
4.466832074970e-03,2.584614041639e+01,7.817762469831e+00,2.715693676075e+04,2.317321608680e+03,1.812912044192e+01,5.218893377060e-03
4.467392829841e-03,2.584145095015e+01,7.817670399013e+00,2.718304979746e+04,2.317003320996e+03,1.813161082928e+01,5.214534731117e-03
4.467953037989e-03,2.583676159865e+01,7.817577080948e+00,2.720919052643e+04,2.316685038639e+03,1.813410185926e+01,5.210178485129e-03
4.468512699874e-03,2.583207236205e+01,7.817482516526e+00,2.723535897982e+04,2.316366761622e+03,1.813659353202e+01,5.205824639615e-03
4.469071815954e-03,2.582738324057e+01,7.817386706641e+00,2.726155518980e+04,2.316048489959e+03,1.813908584768e+01,5.201473195092e-03
4.469630386703e-03,2.582269423428e+01,7.817289652182e+00,2.728777918923e+04,2.315730223654e+03,1.814157880646e+01,5.197124151970e-03
4.470188412580e-03,2.581800534336e+01,7.817191354039e+00,2.731403101041e+04,2.315411962720e+03,1.814407240852e+01,5.192777510755e-03
4.470745894050e-03,2.581331656793e+01,7.817091813102e+00,2.734031068604e+04,2.315093707165e+03,1.814656665403e+01,5.188433271886e-03
4.471302831573e-03,2.580862790820e+01,7.816991030261e+00,2.736661824844e+04,2.314775457003e+03,1.814906154315e+01,5.184091435870e-03
4.471859225618e-03,2.580393936425e+01,7.816889006404e+00,2.739295373052e+04,2.314457212237e+03,1.815155707607e+01,5.179752003120e-03
4.472415076641e-03,2.579925093628e+01,7.816785742419e+00,2.741931716469e+04,2.314138972883e+03,1.815405325294e+01,5.175414974135e-03
4.472970385114e-03,2.579456262437e+01,7.816681239193e+00,2.744570858402e+04,2.313820738946e+03,1.815655007397e+01,5.171080349307e-03
4.473525151490e-03,2.578987442872e+01,7.816575497614e+00,2.747212802094e+04,2.313502510438e+03,1.815904753930e+01,5.166748129139e-03
4.474079376232e-03,2.578518634947e+01,7.816468518570e+00,2.749857550819e+04,2.313184287369e+03,1.816154564910e+01,5.162418314085e-03
4.474633059806e-03,2.578049838674e+01,7.816360302944e+00,2.752505107882e+04,2.312866069747e+03,1.816404440356e+01,5.158090904547e-03
4.475186202676e-03,2.577581054064e+01,7.816250851622e+00,2.755155476581e+04,2.312547857579e+03,1.816654380287e+01,5.153765900950e-03
4.475738805294e-03,2.577112281139e+01,7.816140165490e+00,2.757808660165e+04,2.312229650880e+03,1.816904384717e+01,5.149443303798e-03
4.476290868128e-03,2.576643519907e+01,7.816028245432e+00,2.760464661964e+04,2.311911449656e+03,1.817154453666e+01,5.145123113462e-03
4.476842391636e-03,2.576174770385e+01,7.815915092332e+00,2.763123485263e+04,2.311593253916e+03,1.817404587151e+01,5.140805330397e-03
4.477393376282e-03,2.575706032582e+01,7.815800707073e+00,2.765785133382e+04,2.311275063669e+03,1.817654785191e+01,5.136489955001e-03
4.477943822523e-03,2.575237306517e+01,7.815685090538e+00,2.768449609613e+04,2.310956878925e+03,1.817905047801e+01,5.132176987718e-03
4.478493730815e-03,2.574768592204e+01,7.815568243609e+00,2.771116917252e+04,2.310638699694e+03,1.818155374999e+01,5.127866428992e-03
4.479043101629e-03,2.574299889650e+01,7.815450167167e+00,2.773787059662e+04,2.310320525981e+03,1.818405766807e+01,5.123558279163e-03
4.479591935417e-03,2.573831198873e+01,7.815330862094e+00,2.776460040134e+04,2.310002357799e+03,1.818656223239e+01,5.119252538686e-03
4.480140232637e-03,2.573362519888e+01,7.815210329270e+00,2.779135861984e+04,2.309684195156e+03,1.818906744313e+01,5.114949207981e-03
4.480687993752e-03,2.572893852705e+01,7.815088569576e+00,2.781814528562e+04,2.309366038059e+03,1.819157330049e+01,5.110648287422e-03
4.481235219218e-03,2.572425197339e+01,7.814965583890e+00,2.784496043186e+04,2.309047886519e+03,1.819407980463e+01,5.106349777428e-03
4.481781909493e-03,2.571956553803e+01,7.814841373093e+00,2.787180409191e+04,2.308729740544e+03,1.819658695573e+01,5.102053678398e-03
4.482328065041e-03,2.571487922106e+01,7.814715938060e+00,2.789867629948e+04,2.308411600139e+03,1.819909475401e+01,5.097759990682e-03
4.482873686313e-03,2.571019302268e+01,7.814589279672e+00,2.792557708761e+04,2.308093465319e+03,1.820160319961e+01,5.093468714730e-03
4.483418773767e-03,2.570550694299e+01,7.814461398806e+00,2.795250648992e+04,2.307775336090e+03,1.820411229271e+01,5.089179850910e-03
4.483963327870e-03,2.570082098205e+01,7.814332296336e+00,2.797946454037e+04,2.307457212455e+03,1.820662203355e+01,5.084893399538e-03
4.484507349062e-03,2.569613514013e+01,7.814201973142e+00,2.800645127170e+04,2.307139094434e+03,1.820913242222e+01,5.080609361127e-03
4.485050837819e-03,2.569144941720e+01,7.814070430096e+00,2.803346671846e+04,2.306820982023e+03,1.821164345900e+01,5.076327735902e-03
4.485593794586e-03,2.568676381348e+01,7.813937668075e+00,2.806051091370e+04,2.306502875237e+03,1.821415514401e+01,5.072048524335e-03
4.486136219823e-03,2.568207832906e+01,7.813803687954e+00,2.808758389141e+04,2.306184774083e+03,1.821666747747e+01,5.067771726752e-03
4.486678113982e-03,2.567739296410e+01,7.813668490605e+00,2.811468568510e+04,2.305866678571e+03,1.821918045953e+01,5.063497343550e-03
4.487219477523e-03,2.567270771870e+01,7.813532076904e+00,2.814181632868e+04,2.305548588707e+03,1.822169409040e+01,5.059225375078e-03
4.487760310903e-03,2.566802259296e+01,7.813394447721e+00,2.816897585616e+04,2.305230504497e+03,1.822420837027e+01,5.054955821663e-03
4.488300614576e-03,2.566333758701e+01,7.813255603929e+00,2.819616430128e+04,2.304912425952e+03,1.822672329932e+01,5.050688683682e-03
4.488840388991e-03,2.565865270102e+01,7.813115546402e+00,2.822338169774e+04,2.304594353082e+03,1.822923887773e+01,5.046423961522e-03
4.489379634613e-03,2.565396793503e+01,7.812974276008e+00,2.825062807988e+04,2.304276285890e+03,1.823175510570e+01,5.042161655471e-03
4.489918351888e-03,2.564928328923e+01,7.812831793620e+00,2.827790348140e+04,2.303958224388e+03,1.823427198340e+01,5.037901765919e-03
4.490456541280e-03,2.564459876366e+01,7.812688100106e+00,2.830520793674e+04,2.303640168579e+03,1.823678951106e+01,5.033644293149e-03
4.490994203235e-03,2.563991435850e+01,7.812543196337e+00,2.833254147964e+04,2.303322118474e+03,1.823930768883e+01,5.029389237554e-03
4.491531338203e-03,2.563523007390e+01,7.812397083182e+00,2.835990414406e+04,2.303004074085e+03,1.824182651688e+01,5.025136599492e-03
4.492067946651e-03,2.563054590985e+01,7.812249761508e+00,2.838729596480e+04,2.302686035410e+03,1.824434599547e+01,5.020886379199e-03
4.492604029026e-03,2.562586186655e+01,7.812101232182e+00,2.841471697575e+04,2.302368002461e+03,1.824686612475e+01,5.016638577054e-03
4.493139585771e-03,2.562117794416e+01,7.811951496076e+00,2.844216721077e+04,2.302049975251e+03,1.824938690488e+01,5.012393193444e-03
4.493674617358e-03,2.561649414265e+01,7.811800554050e+00,2.846964670504e+04,2.301731953776e+03,1.825190833613e+01,5.008150228552e-03
4.494209124225e-03,2.561181046226e+01,7.811648406974e+00,2.849715549217e+04,2.301413938053e+03,1.825443041862e+01,5.003909682811e-03
4.494743106827e-03,2.560712690305e+01,7.811495055714e+00,2.852469360680e+04,2.301095928087e+03,1.825695315258e+01,4.999671556498e-03
4.495276565620e-03,2.560244346513e+01,7.811340501132e+00,2.855226108346e+04,2.300777923883e+03,1.825947653819e+01,4.995435849907e-03
4.495809501052e-03,2.559776014863e+01,7.811184744095e+00,2.857985795649e+04,2.300459925451e+03,1.826200057565e+01,4.991202563369e-03
4.496341913578e-03,2.559307695362e+01,7.811027785465e+00,2.860748426058e+04,2.300141932795e+03,1.826452526516e+01,4.986971697161e-03
4.496873803644e-03,2.558839388026e+01,7.810869626107e+00,2.863514003002e+04,2.299823945926e+03,1.826705060688e+01,4.982743251622e-03
4.497405171709e-03,2.558371092860e+01,7.810710266881e+00,2.866282529982e+04,2.299505964847e+03,1.826957660107e+01,4.978517226996e-03
4.497936018216e-03,2.557902809879e+01,7.810549708651e+00,2.869054010430e+04,2.299187989568e+03,1.827210324787e+01,4.974293623622e-03
4.498466343617e-03,2.557434539092e+01,7.810387952279e+00,2.871828447821e+04,2.298870020096e+03,1.827463054748e+01,4.970072441782e-03
4.498996148366e-03,2.556966280508e+01,7.810224998624e+00,2.874605845648e+04,2.298552056435e+03,1.827715850014e+01,4.965853681739e-03
4.499525432911e-03,2.556498034139e+01,7.810060848547e+00,2.877386207379e+04,2.298234098594e+03,1.827968710601e+01,4.961637343788e-03
4.500054197695e-03,2.556029800000e+01,7.809895502909e+00,2.880169536464e+04,2.297916146583e+03,1.828221636527e+01,4.957423428262e-03
4.500582443181e-03,2.555561578089e+01,7.809728962567e+00,2.882955836464e+04,2.297598200401e+03,1.828474627818e+01,4.953211935325e-03
4.501110169808e-03,2.555093368425e+01,7.809561228380e+00,2.885745110814e+04,2.297280260060e+03,1.828727684490e+01,4.949002865339e-03
4.501637378026e-03,2.554625171019e+01,7.809392301208e+00,2.888537363015e+04,2.296962325568e+03,1.828980806561e+01,4.944796218564e-03
4.502164068287e-03,2.554156985877e+01,7.809222181907e+00,2.891332596588e+04,2.296644396927e+03,1.829233994055e+01,4.940591995238e-03
4.502690241036e-03,2.553688813011e+01,7.809050871334e+00,2.894130815018e+04,2.296326474147e+03,1.829487246990e+01,4.936390195656e-03
4.503215896725e-03,2.553220652429e+01,7.808878370344e+00,2.896932021838e+04,2.296008557232e+03,1.829740565387e+01,4.932190820040e-03
4.503741035798e-03,2.552752504141e+01,7.808704679793e+00,2.899736220546e+04,2.295690646190e+03,1.829993949265e+01,4.927993868672e-03
4.504265658704e-03,2.552284368159e+01,7.808529800539e+00,2.902543414658e+04,2.295372741027e+03,1.830247398645e+01,4.923799341814e-03
4.504789765888e-03,2.551816244492e+01,7.808353733433e+00,2.905353607692e+04,2.295054841751e+03,1.830500913545e+01,4.919607239717e-03
4.505313357804e-03,2.551348133145e+01,7.808176479330e+00,2.908166803209e+04,2.294736948364e+03,1.830754493991e+01,4.915417562579e-03
4.505836434894e-03,2.550880034132e+01,7.807998039083e+00,2.910983004714e+04,2.294419060875e+03,1.831008139998e+01,4.911230310689e-03
4.506358997600e-03,2.550411947463e+01,7.807818413547e+00,2.913802215727e+04,2.294101179292e+03,1.831261851587e+01,4.907045484307e-03
4.506881046374e-03,2.549943873145e+01,7.807637603572e+00,2.916624439814e+04,2.293783303619e+03,1.831515628779e+01,4.902863083633e-03
4.507402581666e-03,2.549475811184e+01,7.807455610008e+00,2.919449680541e+04,2.293465433859e+03,1.831769471598e+01,4.898683108874e-03
4.507923603912e-03,2.549007761596e+01,7.807272433709e+00,2.922277941405e+04,2.293147570023e+03,1.832023380060e+01,4.894505560334e-03
4.508444113565e-03,2.548539724385e+01,7.807088075523e+00,2.925109226002e+04,2.292829712115e+03,1.832277354187e+01,4.890330438181e-03
4.508964111065e-03,2.548071699562e+01,7.806902536303e+00,2.927943537866e+04,2.292511860141e+03,1.832531393999e+01,4.886157742678e-03
4.509483596857e-03,2.547603687139e+01,7.806715816895e+00,2.930780880556e+04,2.292194014108e+03,1.832785499517e+01,4.881987474047e-03
4.510002571395e-03,2.547135687114e+01,7.806527918148e+00,2.933621257690e+04,2.291876174017e+03,1.833039670764e+01,4.877819632436e-03
4.510521035112e-03,2.546667699507e+01,7.806338840911e+00,2.936464672786e+04,2.291558339879e+03,1.833293907758e+01,4.873654218139e-03
4.511038988457e-03,2.546199724322e+01,7.806148586031e+00,2.939311129436e+04,2.291240511698e+03,1.833548210521e+01,4.869491231343e-03
4.511556431875e-03,2.545731761566e+01,7.805957154354e+00,2.942160631238e+04,2.290922689479e+03,1.833802579074e+01,4.865330672232e-03
4.512073365804e-03,2.545263811253e+01,7.805764546729e+00,2.945013181740e+04,2.290604873230e+03,1.834057013436e+01,4.861172541068e-03
4.512589790696e-03,2.544795873384e+01,7.805570763998e+00,2.947868784583e+04,2.290287062952e+03,1.834311513632e+01,4.857016837977e-03
4.513105706989e-03,2.544327947972e+01,7.805375807007e+00,2.950727443333e+04,2.289969258654e+03,1.834566079679e+01,4.852863563200e-03
4.513621115122e-03,2.543860035026e+01,7.805179676603e+00,2.953589161573e+04,2.289651460342e+03,1.834820711599e+01,4.848712716956e-03
4.514136015547e-03,2.543392134550e+01,7.804982373626e+00,2.956453942952e+04,2.289333668017e+03,1.835075409416e+01,4.844564299374e-03
4.514650408697e-03,2.542924246556e+01,7.804783898922e+00,2.959321791035e+04,2.289015881690e+03,1.835330173147e+01,4.840418310703e-03
4.515164295024e-03,2.542456371047e+01,7.804584253330e+00,2.962192709482e+04,2.288698101359e+03,1.835585002818e+01,4.836274751062e-03
4.515677674955e-03,2.541988508041e+01,7.804383437699e+00,2.965066701836e+04,2.288380327040e+03,1.835839898444e+01,4.832133620743e-03
4.516190548951e-03,2.541520657531e+01,7.804181452861e+00,2.967943771821e+04,2.288062558725e+03,1.836094860054e+01,4.827994919775e-03
4.516702917436e-03,2.541052819537e+01,7.803978299664e+00,2.970823922980e+04,2.287744796429e+03,1.836349887663e+01,4.823858648459e-03
4.517214780856e-03,2.540584994066e+01,7.803773978948e+00,2.973707158958e+04,2.287427040156e+03,1.836604981294e+01,4.819724806947e-03
4.517726139662e-03,2.540117181113e+01,7.803568491546e+00,2.976593483461e+04,2.287109289903e+03,1.836860140973e+01,4.815593395309e-03
4.518236994279e-03,2.539649380700e+01,7.803361838304e+00,2.979482900040e+04,2.286791545685e+03,1.837115366715e+01,4.811464413839e-03
4.518747345156e-03,2.539181592829e+01,7.803154020057e+00,2.982375412381e+04,2.286473807501e+03,1.837370658544e+01,4.807337862643e-03
4.519257192728e-03,2.538713817509e+01,7.802945037645e+00,2.985271024123e+04,2.286156075359e+03,1.837626016483e+01,4.803213741898e-03
4.519766537442e-03,2.538246054741e+01,7.802734891901e+00,2.988169738954e+04,2.285838349260e+03,1.837881440553e+01,4.799092051712e-03
4.520275379734e-03,2.537778304537e+01,7.802523583664e+00,2.991071560511e+04,2.285520629211e+03,1.838136930777e+01,4.794972792273e-03
4.520783720035e-03,2.537310566910e+01,7.802311113774e+00,2.993976492416e+04,2.285202915220e+03,1.838392487172e+01,4.790855963790e-03
4.521291558800e-03,2.536842841852e+01,7.802097483058e+00,2.996884538431e+04,2.284885207283e+03,1.838648109767e+01,4.786741566277e-03
4.521798896453e-03,2.536375129384e+01,7.801882692357e+00,2.999795702147e+04,2.284567505413e+03,1.838903798578e+01,4.782629599998e-03
4.522305733435e-03,2.535907429510e+01,7.801666742505e+00,3.002709987253e+04,2.284249809613e+03,1.839159553627e+01,4.778520065076e-03
4.522812070196e-03,2.535439742227e+01,7.801449634329e+00,3.005627397503e+04,2.283932119881e+03,1.839415374943e+01,4.774412961551e-03
4.523317907156e-03,2.534972067558e+01,7.801231368671e+00,3.008547936479e+04,2.283614436232e+03,1.839671262539e+01,4.770308289705e-03
4.523823244768e-03,2.534504405493e+01,7.801011946355e+00,3.011471607970e+04,2.283296758659e+03,1.839927216444e+01,4.766206049533e-03
4.524328083459e-03,2.534036756050e+01,7.800791368218e+00,3.014398415612e+04,2.282979087175e+03,1.840183236676e+01,4.762106241251e-03
4.524832423668e-03,2.533569119233e+01,7.800569635091e+00,3.017328363117e+04,2.282661421781e+03,1.840439323258e+01,4.758008864969e-03
4.525336265837e-03,2.533101495045e+01,7.800346747800e+00,3.020261454215e+04,2.282343762480e+03,1.840695476215e+01,4.753913920779e-03
4.525839610394e-03,2.532633883498e+01,7.800122707180e+00,3.023197692584e+04,2.282026109279e+03,1.840951695565e+01,4.749821408843e-03
4.526342457788e-03,2.532166284588e+01,7.799897514055e+00,3.026137081994e+04,2.281708462177e+03,1.841207981336e+01,4.745731329202e-03
4.526844808435e-03,2.531698698338e+01,7.799671169260e+00,3.029079626072e+04,2.281390821188e+03,1.841464333542e+01,4.741643682102e-03
4.527346662793e-03,2.531231124736e+01,7.799443673615e+00,3.032025328653e+04,2.281073186304e+03,1.841720752215e+01,4.737558467498e-03
4.527848021279e-03,2.530763563803e+01,7.799215027955e+00,3.034974193373e+04,2.280755557539e+03,1.841977237369e+01,4.733475685628e-03
4.528348884338e-03,2.530296015535e+01,7.798985233102e+00,3.037926224026e+04,2.280437934890e+03,1.842233789032e+01,4.729395336515e-03
4.528849252408e-03,2.529828479937e+01,7.798754289882e+00,3.040881424360e+04,2.280120318361e+03,1.842490407228e+01,4.725317420248e-03
4.529349125913e-03,2.529360957025e+01,7.798522199123e+00,3.043839798061e+04,2.279802707962e+03,1.842747091973e+01,4.721241937003e-03
4.529848505294e-03,2.528893446796e+01,7.798288961649e+00,3.046801348921e+04,2.279485103691e+03,1.843003843296e+01,4.717168886819e-03
4.530347390984e-03,2.528425949259e+01,7.798054578283e+00,3.049766080688e+04,2.279167505554e+03,1.843260661216e+01,4.713098269794e-03
4.530845783414e-03,2.527958464420e+01,7.797819049850e+00,3.052733997103e+04,2.278849913556e+03,1.843517545756e+01,4.709030086040e-03
4.531343683023e-03,2.527490992282e+01,7.797582377171e+00,3.055705101958e+04,2.278532327696e+03,1.843774496942e+01,4.704964335603e-03
4.531841090241e-03,2.527023532851e+01,7.797344561070e+00,3.058679399011e+04,2.278214747981e+03,1.844031514795e+01,4.700901018584e-03
4.532338005497e-03,2.526556086137e+01,7.797105602370e+00,3.061656892007e+04,2.277897174416e+03,1.844288599336e+01,4.696840135095e-03
4.532834429237e-03,2.526088652134e+01,7.796865501887e+00,3.064637584796e+04,2.277579606998e+03,1.844545750593e+01,4.692781685118e-03
4.533330361871e-03,2.525621230866e+01,7.796624260450e+00,3.067621481040e+04,2.277262045742e+03,1.844802968581e+01,4.688725668890e-03
4.533825803857e-03,2.525153822316e+01,7.796381878869e+00,3.070608584674e+04,2.276944490637e+03,1.845060253333e+01,4.684672086279e-03
4.534320755610e-03,2.524686426503e+01,7.796138357968e+00,3.073598899393e+04,2.276626941695e+03,1.845317604866e+01,4.680620937486e-03
4.534815217562e-03,2.524219043434e+01,7.795893698569e+00,3.076592428987e+04,2.276309398921e+03,1.845575023202e+01,4.676572222586e-03
4.535309190154e-03,2.523751673102e+01,7.795647901483e+00,3.079589177331e+04,2.275991862311e+03,1.845832508370e+01,4.672525941540e-03
4.535802673809e-03,2.523284315522e+01,7.795400967532e+00,3.082589148174e+04,2.275674331873e+03,1.846090060389e+01,4.668482094485e-03
4.536295668958e-03,2.522816970697e+01,7.795152897533e+00,3.085592345332e+04,2.275356807611e+03,1.846347679282e+01,4.664440681474e-03
4.536788176040e-03,2.522349638624e+01,7.794903692297e+00,3.088598772668e+04,2.275039289522e+03,1.846605365077e+01,4.660401702491e-03
4.537280195473e-03,2.521882319320e+01,7.794653352646e+00,3.091608433934e+04,2.274721777618e+03,1.846863117791e+01,4.656365157682e-03
4.537771727695e-03,2.521415012781e+01,7.794401879390e+00,3.094621333010e+04,2.274404271894e+03,1.847120937453e+01,4.652331047023e-03
4.538262773136e-03,2.520947719012e+01,7.794149273344e+00,3.097637473717e+04,2.274086772356e+03,1.847378824084e+01,4.648299370568e-03
4.538753332224e-03,2.520480438018e+01,7.793895535322e+00,3.100656859895e+04,2.273769279006e+03,1.847636777710e+01,4.644270128355e-03
4.539243405384e-03,2.520013169809e+01,7.793640666139e+00,3.103679495349e+04,2.273451791850e+03,1.847894798350e+01,4.640243320468e-03
4.539732993048e-03,2.519545914383e+01,7.793384666606e+00,3.106705383958e+04,2.273134310887e+03,1.848152886031e+01,4.636218946900e-03
4.540222095647e-03,2.519078671746e+01,7.793127537533e+00,3.109734529568e+04,2.272816836122e+03,1.848411040777e+01,4.632197007684e-03
4.540710713610e-03,2.518611441898e+01,7.792869279730e+00,3.112766936054e+04,2.272499367554e+03,1.848669262612e+01,4.628177502829e-03
4.541198847360e-03,2.518144224849e+01,7.792609894011e+00,3.115802607247e+04,2.272181905190e+03,1.848927551559e+01,4.624160432396e-03
4.541686497329e-03,2.517677020601e+01,7.792349381184e+00,3.118841547027e+04,2.271864449030e+03,1.849185907642e+01,4.620145796393e-03
4.542173663943e-03,2.517209829157e+01,7.792087742057e+00,3.121883759262e+04,2.271546999078e+03,1.849444330885e+01,4.616133594838e-03
4.542660347627e-03,2.516742650524e+01,7.791824977442e+00,3.124929247813e+04,2.271229555336e+03,1.849702821311e+01,4.612123827771e-03
4.543146548814e-03,2.516275484700e+01,7.791561088142e+00,3.127978016599e+04,2.270912117805e+03,1.849961378947e+01,4.608116495155e-03
4.543632267925e-03,2.515808331694e+01,7.791296074968e+00,3.131030069462e+04,2.270594686490e+03,1.850220003814e+01,4.604111597056e-03
4.544117505391e-03,2.515341191505e+01,7.791029938723e+00,3.134085410333e+04,2.270277261390e+03,1.850478695939e+01,4.600109133431e-03
4.544602261636e-03,2.514874064139e+01,7.790762680215e+00,3.137144043091e+04,2.269959842509e+03,1.850737455344e+01,4.596109104306e-03
4.545086537087e-03,2.514406949598e+01,7.790494300249e+00,3.140205971641e+04,2.269642429849e+03,1.850996282055e+01,4.592111509678e-03
4.545570332165e-03,2.513939847891e+01,7.790224799631e+00,3.143271199857e+04,2.269325023415e+03,1.851255176094e+01,4.588116349587e-03
4.546053647300e-03,2.513472759016e+01,7.789954179164e+00,3.146339731681e+04,2.269007623206e+03,1.851514137486e+01,4.584123623989e-03
4.546536482920e-03,2.513005682974e+01,7.789682439648e+00,3.149411571049e+04,2.268690229222e+03,1.851773166259e+01,4.580133332849e-03
4.547018839442e-03,2.512538619774e+01,7.789409581891e+00,3.152486721832e+04,2.268372841470e+03,1.852032262433e+01,4.576145476225e-03
4.547500717298e-03,2.512071569415e+01,7.789135606691e+00,3.155565187995e+04,2.268055459948e+03,1.852291426036e+01,4.572160054051e-03
4.547982116910e-03,2.511604531899e+01,7.788860514850e+00,3.158646973469e+04,2.267738084658e+03,1.852550657091e+01,4.568177066311e-03
4.548463038699e-03,2.511137507235e+01,7.788584307171e+00,3.161732082153e+04,2.267420715606e+03,1.852809955622e+01,4.564196513038e-03
4.548943483096e-03,2.510670495416e+01,7.788306984450e+00,3.164820518055e+04,2.267103352786e+03,1.853069321657e+01,4.560218394122e-03
4.549423450511e-03,2.510203496459e+01,7.788028547494e+00,3.167912285017e+04,2.266785996212e+03,1.853328755213e+01,4.556242709672e-03
4.549902941382e-03,2.509736510354e+01,7.787748997093e+00,3.171007387090e+04,2.266468645875e+03,1.853588256323e+01,4.552269459534e-03
4.550381956125e-03,2.509269537109e+01,7.787468334049e+00,3.174105828187e+04,2.266151301780e+03,1.853847825009e+01,4.548298643733e-03
4.550860495168e-03,2.508802576720e+01,7.787186559158e+00,3.177207612305e+04,2.265833963926e+03,1.854107461298e+01,4.544330262189e-03
4.551338558919e-03,2.508335629207e+01,7.786903673224e+00,3.180312743313e+04,2.265516632324e+03,1.854367165208e+01,4.540364314994e-03
4.551816147822e-03,2.507868694548e+01,7.786619677030e+00,3.183421225326e+04,2.265199306962e+03,1.854626936774e+01,4.536400801925e-03
4.552293262282e-03,2.507401772763e+01,7.786334571382e+00,3.186533062216e+04,2.264881987851e+03,1.854886776014e+01,4.532439723073e-03
4.552769902723e-03,2.506934863852e+01,7.786048357074e+00,3.189648257973e+04,2.264564674993e+03,1.855146682952e+01,4.528481078385e-03
4.553246069574e-03,2.506467967810e+01,7.785761034895e+00,3.192766816640e+04,2.264247368381e+03,1.855406657621e+01,4.524524867741e-03
4.553721763250e-03,2.506001084646e+01,7.785472605642e+00,3.195888742160e+04,2.263930068025e+03,1.855666700038e+01,4.520571091153e-03
4.554196984174e-03,2.505534214357e+01,7.785183070107e+00,3.199014038561e+04,2.263612773920e+03,1.855926810234e+01,4.516619748532e-03
4.554671732765e-03,2.505067356949e+01,7.784892429084e+00,3.202142709817e+04,2.263295486072e+03,1.856186988232e+01,4.512670839856e-03
4.555146009447e-03,2.504600512419e+01,7.784600683361e+00,3.205274759973e+04,2.262978204478e+03,1.856447234058e+01,4.508724365018e-03
4.555619814633e-03,2.504133680777e+01,7.784307833735e+00,3.208410192991e+04,2.262660929144e+03,1.856707547734e+01,4.504780324024e-03
4.556093148749e-03,2.503666862017e+01,7.784013880990e+00,3.211549012929e+04,2.262343660066e+03,1.856967929291e+01,4.500838716757e-03
4.556566012212e-03,2.503200056144e+01,7.783718825918e+00,3.214691223802e+04,2.262026397249e+03,1.857228378752e+01,4.496899543160e-03
4.557038405442e-03,2.502733263160e+01,7.783422669310e+00,3.217836829628e+04,2.261709140692e+03,1.857488896141e+01,4.492962803178e-03
4.557510328859e-03,2.502266483064e+01,7.783125411950e+00,3.220985834463e+04,2.261391890395e+03,1.857749481487e+01,4.489028496710e-03
4.557981782877e-03,2.501799715862e+01,7.782827054631e+00,3.224138242309e+04,2.261074646362e+03,1.858010134813e+01,4.485096623724e-03
4.558452767922e-03,2.501332961548e+01,7.782527598134e+00,3.227294057265e+04,2.260757408590e+03,1.858270856147e+01,4.481167184075e-03
4.558923284404e-03,2.500866220132e+01,7.782227043251e+00,3.230453283319e+04,2.260440177083e+03,1.858531645512e+01,4.477240177758e-03
4.559393332747e-03,2.500399491609e+01,7.781925390765e+00,3.233615924568e+04,2.260122951840e+03,1.858792502937e+01,4.473315604635e-03
4.559862913363e-03,2.499932775986e+01,7.781622641463e+00,3.236781985037e+04,2.259805732865e+03,1.859053428444e+01,4.469393464665e-03
4.560332026679e-03,2.499466073253e+01,7.781318796122e+00,3.239951468861e+04,2.259488520150e+03,1.859314422066e+01,4.465473757668e-03
4.560800673101e-03,2.498999383424e+01,7.781013855536e+00,3.243124380023e+04,2.259171313706e+03,1.859575483820e+01,4.461556483664e-03
4.561268853051e-03,2.498532706493e+01,7.780707820483e+00,3.246300722650e+04,2.258854113528e+03,1.859836613738e+01,4.457641642490e-03
4.561736566945e-03,2.498066042462e+01,7.780400691745e+00,3.249480500809e+04,2.258536919617e+03,1.860097811844e+01,4.453729234068e-03
4.562203815195e-03,2.497599391337e+01,7.780092470108e+00,3.252663718560e+04,2.258219731978e+03,1.860359078163e+01,4.449819258329e-03
4.562670598231e-03,2.497132753105e+01,7.779783156343e+00,3.255850380086e+04,2.257902550600e+03,1.860620412728e+01,4.445911715055e-03
4.563136916450e-03,2.496666127783e+01,7.779472751243e+00,3.259040489362e+04,2.257585375498e+03,1.860881815555e+01,4.442006604291e-03
4.563602770281e-03,2.496199515360e+01,7.779161255579e+00,3.262234050581e+04,2.257268206660e+03,1.861143286679e+01,4.438103925817e-03
4.564068160129e-03,2.495732915846e+01,7.778848670136e+00,3.265431067784e+04,2.256951044096e+03,1.861404826120e+01,4.434203679600e-03
4.564533086419e-03,2.495266329231e+01,7.778534995686e+00,3.268631545150e+04,2.256633887799e+03,1.861666433910e+01,4.430305865446e-03
4.564997549561e-03,2.494799755520e+01,7.778220233011e+00,3.271835486765e+04,2.256316737771e+03,1.861928110073e+01,4.426410483278e-03
4.565461549963e-03,2.494333194721e+01,7.777904382890e+00,3.275042896715e+04,2.255999594017e+03,1.862189854632e+01,4.422517533019e-03
4.565925088055e-03,2.493866646817e+01,7.777587446091e+00,3.278253779225e+04,2.255682456527e+03,1.862451667621e+01,4.418627014430e-03
4.566388164231e-03,2.493400111829e+01,7.777269423402e+00,3.281468138303e+04,2.255365325313e+03,1.862713549059e+01,4.414738927541e-03
4.566850778920e-03,2.492933589740e+01,7.776950315587e+00,3.284685978202e+04,2.255048200365e+03,1.862975498979e+01,4.410853272083e-03
4.567312932531e-03,2.492467080557e+01,7.776630123426e+00,3.287907303017e+04,2.254731081687e+03,1.863237517405e+01,4.406970047986e-03
4.567774625469e-03,2.492000584284e+01,7.776308847694e+00,3.291132116865e+04,2.254413969283e+03,1.863499604362e+01,4.403089255158e-03
4.568235858157e-03,2.491534100915e+01,7.775986489161e+00,3.294360423956e+04,2.254096863146e+03,1.863761759880e+01,4.399210893396e-03
4.568696631007e-03,2.491067630446e+01,7.775663048597e+00,3.297592228464e+04,2.253779763277e+03,1.864023983987e+01,4.395334962545e-03
4.569156944423e-03,2.490601172889e+01,7.775338526781e+00,3.300827534481e+04,2.253462669680e+03,1.864286276704e+01,4.391461462552e-03
4.569616798821e-03,2.490134728237e+01,7.775012924480e+00,3.304066346224e+04,2.253145582352e+03,1.864548638062e+01,4.387590393220e-03
4.570076194619e-03,2.489668296484e+01,7.774686242462e+00,3.307308667899e+04,2.252828501291e+03,1.864811068090e+01,4.383721754366e-03
4.570535132215e-03,2.489201877642e+01,7.774358481504e+00,3.310554503612e+04,2.252511426501e+03,1.865073566810e+01,4.379855545933e-03
4.570993612033e-03,2.488735471699e+01,7.774029642366e+00,3.313803857629e+04,2.252194357976e+03,1.865336134254e+01,4.375991767674e-03
4.571451634479e-03,2.488269078659e+01,7.773699725821e+00,3.317056734114e+04,2.251877295719e+03,1.865598770448e+01,4.372130419469e-03
4.571909199961e-03,2.487802698523e+01,7.773368732638e+00,3.320313137249e+04,2.251560239730e+03,1.865861475417e+01,4.368271501181e-03
4.572366308889e-03,2.487336331291e+01,7.773036663585e+00,3.323573071233e+04,2.251243190009e+03,1.866124249189e+01,4.364415012657e-03
4.572822961683e-03,2.486869976952e+01,7.772703519419e+00,3.326836540355e+04,2.250926146548e+03,1.866387091797e+01,4.360560953638e-03
4.573279158735e-03,2.486403635523e+01,7.772369300920e+00,3.330103548700e+04,2.250609109359e+03,1.866650003257e+01,4.356709324112e-03
4.573734900469e-03,2.485937306988e+01,7.772034008844e+00,3.333374100588e+04,2.250292078431e+03,1.866912983607e+01,4.352860123797e-03
4.574190187287e-03,2.485470991355e+01,7.771697643958e+00,3.336648200198e+04,2.249975053769e+03,1.867176032869e+01,4.349013352572e-03
4.574645019608e-03,2.485004688611e+01,7.771360207019e+00,3.339925851837e+04,2.249658035364e+03,1.867439151076e+01,4.345169010180e-03
4.575099397822e-03,2.484538398773e+01,7.771021698803e+00,3.343207059609e+04,2.249341023228e+03,1.867702338247e+01,4.341327096599e-03
4.575553322358e-03,2.484072121822e+01,7.770682120060e+00,3.346491827895e+04,2.249024017348e+03,1.867965594419e+01,4.337487611488e-03
4.576006793602e-03,2.483605857775e+01,7.770341471564e+00,3.349780160802e+04,2.248707017735e+03,1.868228919609e+01,4.333650554829e-03
4.576459811988e-03,2.483139606608e+01,7.769999754060e+00,3.353072062757e+04,2.248390024372e+03,1.868492313860e+01,4.329815926239e-03
4.576912377901e-03,2.482673368340e+01,7.769656968324e+00,3.356367537862e+04,2.248073037273e+03,1.868755777185e+01,4.325983725712e-03
4.577364491762e-03,2.482207142956e+01,7.769313115104e+00,3.359666590483e+04,2.247756056428e+03,1.869019309621e+01,4.322153952942e-03
4.577816153965e-03,2.481740930468e+01,7.768968195170e+00,3.362969224798e+04,2.247439081844e+03,1.869282911189e+01,4.318326607844e-03
4.578267364931e-03,2.481274730860e+01,7.768622209269e+00,3.366275445185e+04,2.247122113510e+03,1.869546581925e+01,4.314501690105e-03
4.578718125058e-03,2.480808544138e+01,7.768275158166e+00,3.369585255863e+04,2.246805151432e+03,1.869810321852e+01,4.310679199600e-03
4.579168434753e-03,2.480342370300e+01,7.767927042615e+00,3.372898661128e+04,2.246488195606e+03,1.870074130999e+01,4.306859136118e-03
4.579618294420e-03,2.479876209346e+01,7.767577863376e+00,3.376215665258e+04,2.246171246033e+03,1.870338009392e+01,4.303041499477e-03
4.580067704475e-03,2.479410061264e+01,7.767227621196e+00,3.379536272621e+04,2.245854302705e+03,1.870601957066e+01,4.299226289387e-03
4.580516665310e-03,2.478943926066e+01,7.766876316840e+00,3.382860487429e+04,2.245537365629e+03,1.870865974042e+01,4.295413505749e-03
4.580965177343e-03,2.478477803736e+01,7.766523951052e+00,3.386188314091e+04,2.245220434795e+03,1.871130060355e+01,4.291603148239e-03
4.581413240959e-03,2.478011694291e+01,7.766170524600e+00,3.389519756774e+04,2.244903510216e+03,1.871394216023e+01,4.287795216811e-03
4.581860856584e-03,2.477545597709e+01,7.765816038222e+00,3.392854819956e+04,2.244586591873e+03,1.871658441086e+01,4.283989711074e-03
4.582308024615e-03,2.477079513994e+01,7.765460492675e+00,3.396193507901e+04,2.244269679773e+03,1.871922735568e+01,4.280186630879e-03
4.582754745449e-03,2.476613443151e+01,7.765103888715e+00,3.399535824906e+04,2.243952773916e+03,1.872187099494e+01,4.276385976043e-03
4.583201019497e-03,2.476147385171e+01,7.764746227089e+00,3.402881775351e+04,2.243635874298e+03,1.872451532897e+01,4.272587746300e-03
4.583646847156e-03,2.475681340057e+01,7.764387508551e+00,3.406231363537e+04,2.243318980919e+03,1.872716035803e+01,4.268791941470e-03
4.584092228842e-03,2.475215307795e+01,7.764027733840e+00,3.409584593906e+04,2.243002093771e+03,1.872980608246e+01,4.264998561219e-03
4.584537164945e-03,2.474749288393e+01,7.763666903714e+00,3.412941470724e+04,2.242685212860e+03,1.873245250248e+01,4.261207605416e-03
4.584981655869e-03,2.474283281849e+01,7.763305018923e+00,3.416301998352e+04,2.242368338182e+03,1.873509961840e+01,4.257419073832e-03
4.585425702024e-03,2.473817288152e+01,7.762942080206e+00,3.419666181220e+04,2.242051469731e+03,1.873774743054e+01,4.253632966154e-03
4.585869303807e-03,2.473351307304e+01,7.762578088315e+00,3.423034023655e+04,2.241734607509e+03,1.874039593915e+01,4.249849282196e-03
4.586312461618e-03,2.472885339305e+01,7.762213043995e+00,3.426405530031e+04,2.241417751514e+03,1.874304514454e+01,4.246068021722e-03
4.586755175857e-03,2.472419384153e+01,7.761846947996e+00,3.429780704711e+04,2.241100901746e+03,1.874569504697e+01,4.242289184510e-03
4.587197446941e-03,2.471953441828e+01,7.761479801047e+00,3.433159552209e+04,2.240784058191e+03,1.874834564682e+01,4.238512770175e-03
4.587639275243e-03,2.471487512357e+01,7.761111603916e+00,3.436542076704e+04,2.240467220868e+03,1.875099694423e+01,4.234738778711e-03
4.588080661192e-03,2.471021595708e+01,7.760742357323e+00,3.439928282817e+04,2.240150389753e+03,1.875364893966e+01,4.230967209619e-03
4.588521605173e-03,2.470555691893e+01,7.760372062024e+00,3.443318174828e+04,2.239833564856e+03,1.875630163329e+01,4.227198062787e-03
4.588962107584e-03,2.470089800911e+01,7.760000718762e+00,3.446711757139e+04,2.239516746177e+03,1.875895502543e+01,4.223431337971e-03
4.589402168834e-03,2.469623922749e+01,7.759628328269e+00,3.450109034242e+04,2.239199933704e+03,1.876160911641e+01,4.219667034830e-03
4.589841789317e-03,2.469158057410e+01,7.759254891292e+00,3.453510010509e+04,2.238883127443e+03,1.876426390649e+01,4.215905153159e-03
4.590280969433e-03,2.468692204890e+01,7.758880408570e+00,3.456914690382e+04,2.238566327388e+03,1.876691939597e+01,4.212145692683e-03
4.590719709588e-03,2.468226365178e+01,7.758504880836e+00,3.460323078342e+04,2.238249533532e+03,1.876957558520e+01,4.208388653084e-03
4.591158010166e-03,2.467760538286e+01,7.758128308842e+00,3.463735178717e+04,2.237932745885e+03,1.877223247436e+01,4.204634034218e-03
4.591595871576e-03,2.467294724198e+01,7.757750693315e+00,3.467150996048e+04,2.237615964434e+03,1.877489006384e+01,4.200881835712e-03
4.592033294223e-03,2.466828922906e+01,7.757372034988e+00,3.470570534819e+04,2.237299189174e+03,1.877754835396e+01,4.197132057259e-03
4.592470278481e-03,2.466363134430e+01,7.756992334617e+00,3.473993799317e+04,2.236982420119e+03,1.878020734488e+01,4.193384698768e-03
4.592906824779e-03,2.465897358732e+01,7.756611592910e+00,3.477420794249e+04,2.236665657244e+03,1.878286703708e+01,4.189639759698e-03
4.593342933484e-03,2.465431595842e+01,7.756229810629e+00,3.480851523845e+04,2.236348900567e+03,1.878552743068e+01,4.185897240032e-03
4.593778605014e-03,2.464965845734e+01,7.755846988491e+00,3.484285992743e+04,2.236032150071e+03,1.878818852610e+01,4.182157139306e-03
4.594213839764e-03,2.464500108405e+01,7.755463127231e+00,3.487724205410e+04,2.235715405756e+03,1.879085032363e+01,4.178419457254e-03
4.594648638120e-03,2.464034383861e+01,7.755078227590e+00,3.491166166260e+04,2.235398667623e+03,1.879351282352e+01,4.174684193670e-03
4.595083000479e-03,2.463568672100e+01,7.754692290301e+00,3.494611879779e+04,2.235081935673e+03,1.879617602605e+01,4.170951348269e-03
4.595516927254e-03,2.463102973098e+01,7.754305316079e+00,3.498061350608e+04,2.234765209888e+03,1.879883993165e+01,4.167220920604e-03
4.595950418823e-03,2.462637286871e+01,7.753917305672e+00,3.501514583109e+04,2.234448490279e+03,1.880150454049e+01,4.163492910538e-03
4.596383475589e-03,2.462171613405e+01,7.753528259803e+00,3.504971581853e+04,2.234131776837e+03,1.880416985293e+01,4.159767317708e-03
4.596816097942e-03,2.461705952702e+01,7.753138179207e+00,3.508432351312e+04,2.233815069564e+03,1.880683586924e+01,4.156044141861e-03
4.597248286286e-03,2.461240304747e+01,7.752747064601e+00,3.511896896099e+04,2.233498368448e+03,1.880950258979e+01,4.152323382602e-03
4.597680041005e-03,2.460774669549e+01,7.752354916728e+00,3.515365220634e+04,2.233181673496e+03,1.881217001479e+01,4.148605039740e-03
4.598111362504e-03,2.460309047090e+01,7.751961736302e+00,3.518837329554e+04,2.232864984696e+03,1.881483814464e+01,4.144889112860e-03
4.598542251164e-03,2.459843437379e+01,7.751567524062e+00,3.522313227288e+04,2.232548302055e+03,1.881750697954e+01,4.141175601771e-03
4.598972707394e-03,2.459377840398e+01,7.751172280722e+00,3.525792918502e+04,2.232231625558e+03,1.882017651990e+01,4.137464506037e-03
4.599402731577e-03,2.458912256151e+01,7.750776007016e+00,3.529276407671e+04,2.231914955209e+03,1.882284676597e+01,4.133755825423e-03
4.599832324112e-03,2.458446684626e+01,7.750378703661e+00,3.532763699403e+04,2.231598291001e+03,1.882551771808e+01,4.130049559562e-03
4.600261485383e-03,2.457981125831e+01,7.749980371393e+00,3.536254798176e+04,2.231281632938e+03,1.882818937648e+01,4.126345708229e-03
4.600690215800e-03,2.457515579742e+01,7.749581010918e+00,3.539749708705e+04,2.230964981003e+03,1.883086174158e+01,4.122644270946e-03
4.601118515737e-03,2.457050046371e+01,7.749180622974e+00,3.543248435428e+04,2.230648335207e+03,1.883353481359e+01,4.118945247538e-03
4.601546385593e-03,2.456584525709e+01,7.748779208279e+00,3.546750982969e+04,2.230331695540e+03,1.883620859285e+01,4.115248637638e-03
4.601973825765e-03,2.456119017742e+01,7.748376767547e+00,3.550257355970e+04,2.230015061996e+03,1.883888307970e+01,4.111554440858e-03
4.602400836641e-03,2.455653522472e+01,7.747973301503e+00,3.553767558989e+04,2.229698434574e+03,1.884155827443e+01,4.107862656907e-03
4.602827418609e-03,2.455188039894e+01,7.747568810870e+00,3.557281596610e+04,2.229381813271e+03,1.884423417734e+01,4.104173285472e-03
4.603253572068e-03,2.454722569998e+01,7.747163296359e+00,3.560799473483e+04,2.229065198080e+03,1.884691078877e+01,4.100486326170e-03
4.603679297393e-03,2.454257112793e+01,7.746756758704e+00,3.564321194113e+04,2.228748589008e+03,1.884958810894e+01,4.096801778776e-03
4.604104594996e-03,2.453791668250e+01,7.746349198601e+00,3.567846763289e+04,2.228431986034e+03,1.885226613831e+01,4.093119642775e-03
4.604529465254e-03,2.453326236380e+01,7.745940616781e+00,3.571376185519e+04,2.228115389167e+03,1.885494487709e+01,4.089439917946e-03
4.604953908558e-03,2.452860817174e+01,7.745531013958e+00,3.574909465453e+04,2.227798798400e+03,1.885762432560e+01,4.085762603922e-03
4.605377925301e-03,2.452395410625e+01,7.745120390845e+00,3.578446607754e+04,2.227482213727e+03,1.886030448420e+01,4.082087700333e-03
4.605801515872e-03,2.451930016726e+01,7.744708748158e+00,3.581987617058e+04,2.227165635145e+03,1.886298535317e+01,4.078415206837e-03
4.606224680656e-03,2.451464635476e+01,7.744296086614e+00,3.585532497980e+04,2.226849062654e+03,1.886566693281e+01,4.074745123114e-03
4.606647420048e-03,2.450999266864e+01,7.743882406920e+00,3.589081255228e+04,2.226532496244e+03,1.886834922348e+01,4.071077448762e-03
4.607069734431e-03,2.450533910888e+01,7.743467709796e+00,3.592633893422e+04,2.226215935914e+03,1.887103222545e+01,4.067412183465e-03
4.607491624198e-03,2.450068567540e+01,7.743051995949e+00,3.596190417253e+04,2.225899381660e+03,1.887371593907e+01,4.063749326839e-03
4.607913089736e-03,2.449603236811e+01,7.742635266089e+00,3.599750831407e+04,2.225582833476e+03,1.887640036465e+01,4.060088878514e-03
4.608334131433e-03,2.449137918698e+01,7.742217520930e+00,3.603315140554e+04,2.225266291357e+03,1.887908550251e+01,4.056430838137e-03
4.608754749673e-03,2.448672613198e+01,7.741798761183e+00,3.606883349353e+04,2.224949755305e+03,1.888177135294e+01,4.052775205368e-03
4.609174944845e-03,2.448207320301e+01,7.741378987555e+00,3.610455462515e+04,2.224633225311e+03,1.888445791628e+01,4.049121979825e-03
4.609594717343e-03,2.447742039996e+01,7.740958200750e+00,3.614031484790e+04,2.224316701366e+03,1.888714519289e+01,4.045471161083e-03
4.610014067544e-03,2.447276772285e+01,7.740536401483e+00,3.617611420813e+04,2.224000183474e+03,1.888983318302e+01,4.041822748841e-03
4.610432995835e-03,2.446811517162e+01,7.740113590462e+00,3.621195275288e+04,2.223683671630e+03,1.889252188699e+01,4.038176742732e-03
4.610851502605e-03,2.446346274617e+01,7.739689768390e+00,3.624783052968e+04,2.223367165826e+03,1.889521130516e+01,4.034533142346e-03
4.611269588249e-03,2.445881044635e+01,7.739264935965e+00,3.628374758638e+04,2.223050666053e+03,1.889790143789e+01,4.030891947238e-03
4.611687253140e-03,2.445415827221e+01,7.738839093901e+00,3.631970396939e+04,2.222734172315e+03,1.890059228543e+01,4.027253157119e-03
4.612104497662e-03,2.444950622370e+01,7.738412242907e+00,3.635569972589e+04,2.222417684607e+03,1.890328384810e+01,4.023616771625e-03
4.612521322209e-03,2.444485430066e+01,7.737984383676e+00,3.639173490406e+04,2.222101202919e+03,1.890597612626e+01,4.019982790291e-03
4.612937727165e-03,2.444020250304e+01,7.737555516912e+00,3.642780955131e+04,2.221784727247e+03,1.890866912024e+01,4.016351212738e-03
4.613353712909e-03,2.443555083083e+01,7.737125643324e+00,3.646392371468e+04,2.221468257591e+03,1.891136283034e+01,4.012722038630e-03
4.613769279826e-03,2.443089928394e+01,7.736694763611e+00,3.650007744194e+04,2.221151793944e+03,1.891405725687e+01,4.009095267554e-03
4.614184428308e-03,2.442624786221e+01,7.736262878465e+00,3.653627078147e+04,2.220835336296e+03,1.891675240021e+01,4.005470899046e-03
4.614599158728e-03,2.442159656572e+01,7.735829988599e+00,3.657250377995e+04,2.220518884652e+03,1.891944826063e+01,4.001848932819e-03
4.615013471476e-03,2.441694539428e+01,7.735396094703e+00,3.660877648592e+04,2.220202438999e+03,1.892214483849e+01,3.998229368396e-03
4.615427366936e-03,2.441229434785e+01,7.734961197478e+00,3.664508894714e+04,2.219885999334e+03,1.892484213411e+01,3.994612205387e-03
4.615840845483e-03,2.440764342641e+01,7.734525297627e+00,3.668144121106e+04,2.219569565657e+03,1.892754014779e+01,3.990997443437e-03
4.616253907507e-03,2.440299262983e+01,7.734088395841e+00,3.671783332618e+04,2.219253137957e+03,1.893023887989e+01,3.987385082090e-03
4.616666553394e-03,2.439834195799e+01,7.733650492813e+00,3.675426534089e+04,2.218936716227e+03,1.893293833076e+01,3.983775120904e-03
4.617078783515e-03,2.439369141093e+01,7.733211589250e+00,3.679073730240e+04,2.218620300470e+03,1.893563850067e+01,3.980167559558e-03
4.617490598258e-03,2.438904098853e+01,7.732771685840e+00,3.682724925935e+04,2.218303890676e+03,1.893833938999e+01,3.976562397598e-03
4.617901998003e-03,2.438439069069e+01,7.732330783278e+00,3.686380126000e+04,2.217987486842e+03,1.894104099902e+01,3.972959634604e-03
4.618312983135e-03,2.437974051733e+01,7.731888882256e+00,3.690039335286e+04,2.217671088959e+03,1.894374332813e+01,3.969359270143e-03
4.618723554029e-03,2.437509046843e+01,7.731445983472e+00,3.693702558586e+04,2.217354697026e+03,1.894644637762e+01,3.965761303839e-03
4.619133711076e-03,2.437044054379e+01,7.731002087608e+00,3.697369800825e+04,2.217038311031e+03,1.894915014787e+01,3.962165735191e-03
4.619543454641e-03,2.436579074351e+01,7.730557195370e+00,3.701041066731e+04,2.216721930979e+03,1.895185463912e+01,3.958572563894e-03
4.619952785116e-03,2.436114106738e+01,7.730111307439e+00,3.704716361254e+04,2.216405556857e+03,1.895455985179e+01,3.954981789435e-03
4.620361702882e-03,2.435649151529e+01,7.729664424501e+00,3.708395689283e+04,2.216089188657e+03,1.895726578621e+01,3.951393411359e-03
4.620770208302e-03,2.435184208738e+01,7.729216547265e+00,3.712079055521e+04,2.215772826389e+03,1.895997244260e+01,3.947807429399e-03
4.621178301785e-03,2.434719278321e+01,7.728767676387e+00,3.715766465122e+04,2.215456470022e+03,1.896267982151e+01,3.944223842855e-03
4.621585983680e-03,2.434254360306e+01,7.728317812588e+00,3.719457922691e+04,2.215140119576e+03,1.896538792305e+01,3.940642651559e-03
4.621993254377e-03,2.433789454669e+01,7.727866956543e+00,3.723153433230e+04,2.214823775035e+03,1.896809674765e+01,3.937063854967e-03
4.622400114266e-03,2.433324561391e+01,7.727415108925e+00,3.726853001732e+04,2.214507436385e+03,1.897080629572e+01,3.933487452548e-03
4.622806563711e-03,2.432859680481e+01,7.726962270437e+00,3.730556632961e+04,2.214191103632e+03,1.897351656749e+01,3.929913443993e-03
4.623212603094e-03,2.432394811924e+01,7.726508441758e+00,3.734264331879e+04,2.213874776766e+03,1.897622756333e+01,3.926341828808e-03
4.623618232791e-03,2.431929955713e+01,7.726053623575e+00,3.737976103377e+04,2.213558455783e+03,1.897893928357e+01,3.922772606571e-03
4.624023453187e-03,2.431465111833e+01,7.725597816563e+00,3.741691952452e+04,2.213242140672e+03,1.898165172861e+01,3.919205776767e-03
4.624428264651e-03,2.431000280284e+01,7.725141021415e+00,3.745411883946e+04,2.212925831434e+03,1.898436489870e+01,3.915641339024e-03
4.624832667560e-03,2.430535461056e+01,7.724683238812e+00,3.749135902811e+04,2.212609528061e+03,1.898707879422e+01,3.912079292878e-03
4.625236662297e-03,2.430070654134e+01,7.724224469428e+00,3.752864014038e+04,2.212293230544e+03,1.898979341553e+01,3.908519637828e-03
4.625640249233e-03,2.429605859517e+01,7.723764713951e+00,3.756596222528e+04,2.211976938880e+03,1.899250876294e+01,3.904962373462e-03
4.626043428744e-03,2.429141077194e+01,7.723303973061e+00,3.760332533231e+04,2.211660653065e+03,1.899522483679e+01,3.901407499329e-03
4.626446201215e-03,2.428676307147e+01,7.722842247427e+00,3.764072951198e+04,2.211344373083e+03,1.899794163749e+01,3.897855014883e-03
4.626848567005e-03,2.428211549384e+01,7.722379537745e+00,3.767817481252e+04,2.211028098943e+03,1.900065916526e+01,3.894304919799e-03
4.627250526508e-03,2.427746803877e+01,7.721915844673e+00,3.771566128523e+04,2.210711830624e+03,1.900337742057e+01,3.890757213467e-03
4.627652080080e-03,2.427282070638e+01,7.721451168909e+00,3.775318897837e+04,2.210395568133e+03,1.900609640366e+01,3.887211895569e-03
4.628053228111e-03,2.426817349640e+01,7.720985511113e+00,3.779075794306e+04,2.210079311454e+03,1.900881611494e+01,3.883668965519e-03
4.628453970973e-03,2.426352640877e+01,7.720518871963e+00,3.782836822912e+04,2.209763060582e+03,1.901153655476e+01,3.880128422855e-03
4.628854309028e-03,2.425887944353e+01,7.720051252148e+00,3.786601988541e+04,2.209446815519e+03,1.901425772339e+01,3.876590267219e-03
4.629254242671e-03,2.425423260035e+01,7.719582652318e+00,3.790371296400e+04,2.209130576243e+03,1.901697962130e+01,3.873054497946e-03
4.629653772251e-03,2.424958587942e+01,7.719113073174e+00,3.794144751274e+04,2.208814342768e+03,1.901970224868e+01,3.869521114774e-03
4.630052898163e-03,2.424493928040e+01,7.718642515366e+00,3.797922358382e+04,2.208498115069e+03,1.902242560602e+01,3.865990117043e-03
4.630451620768e-03,2.424029280334e+01,7.718170979579e+00,3.801704122642e+04,2.208181893150e+03,1.902514969359e+01,3.862461504374e-03
4.630849940436e-03,2.423564644816e+01,7.717698466488e+00,3.805490049058e+04,2.207865677008e+03,1.902787451171e+01,3.858935276311e-03
4.631247857560e-03,2.423100021454e+01,7.717224976740e+00,3.809280142875e+04,2.207549466617e+03,1.903060006088e+01,3.855411432181e-03
4.631645372486e-03,2.422635410268e+01,7.716750511035e+00,3.813074408883e+04,2.207233261994e+03,1.903332634127e+01,3.851889971739e-03
4.632042485600e-03,2.422170811233e+01,7.716275070027e+00,3.816872852273e+04,2.206917063121e+03,1.903605335331e+01,3.848370894366e-03
4.632439197273e-03,2.421706224340e+01,7.715798654384e+00,3.820675478103e+04,2.206600869991e+03,1.903878109736e+01,3.844854199579e-03
4.632835507878e-03,2.421241649577e+01,7.715321264773e+00,3.824482291453e+04,2.206284682596e+03,1.904150957378e+01,3.841339886872e-03
4.633231417781e-03,2.420777086940e+01,7.714842901867e+00,3.828293297349e+04,2.205968500934e+03,1.904423878287e+01,3.837827955796e-03
4.633626927350e-03,2.420312536422e+01,7.714363566337e+00,3.832108500846e+04,2.205652325001e+03,1.904696872499e+01,3.834318405879e-03
4.634022036972e-03,2.419847997995e+01,7.713883258827e+00,3.835927907194e+04,2.205336154776e+03,1.904969940059e+01,3.830811236475e-03
4.634416746998e-03,2.419383471671e+01,7.713401980026e+00,3.839751521300e+04,2.205019990268e+03,1.905243080988e+01,3.827306447254e-03
4.634811057810e-03,2.418918957427e+01,7.712919730586e+00,3.843579348374e+04,2.204703831462e+03,1.905516295331e+01,3.823804037616e-03
4.635204969771e-03,2.418454455258e+01,7.712436511175e+00,3.847411393473e+04,2.204387678354e+03,1.905789583119e+01,3.820304007105e-03
4.635598483261e-03,2.417989965144e+01,7.711952322446e+00,3.851247661809e+04,2.204071530931e+03,1.906062944394e+01,3.816806355124e-03
4.635991598632e-03,2.417525487096e+01,7.711467165082e+00,3.855088158327e+04,2.203755389199e+03,1.906336379179e+01,3.813311081327e-03
4.636384316272e-03,2.417061021078e+01,7.710981039719e+00,3.858932888361e+04,2.203439253134e+03,1.906609887525e+01,3.809818185019e-03
4.636776636540e-03,2.416596567094e+01,7.710493947033e+00,3.862781856929e+04,2.203123122741e+03,1.906883469458e+01,3.806327665792e-03
4.637168559801e-03,2.416132125135e+01,7.710005887685e+00,3.866635069167e+04,2.202806998011e+03,1.907157125013e+01,3.802839523141e-03
4.637560086433e-03,2.415667695180e+01,7.709516862323e+00,3.870492530310e+04,2.202490878931e+03,1.907430854233e+01,3.799353756471e-03
4.637951216794e-03,2.415203277232e+01,7.709026871619e+00,3.874354245411e+04,2.202174765502e+03,1.907704657146e+01,3.795870365357e-03
4.638341951259e-03,2.414738871270e+01,7.708535916221e+00,3.878220219709e+04,2.201858657712e+03,1.907978533792e+01,3.792389349211e-03
4.638732290195e-03,2.414274477283e+01,7.708043996786e+00,3.882090458385e+04,2.201542555552e+03,1.908252484210e+01,3.788910707501e-03
4.639122233967e-03,2.413810095263e+01,7.707551113973e+00,3.885964966586e+04,2.201226459016e+03,1.908526508432e+01,3.785434439733e-03
4.639511782941e-03,2.413345725201e+01,7.707057268438e+00,3.889843749494e+04,2.200910368099e+03,1.908800606494e+01,3.781960545379e-03
4.639900937479e-03,2.412881367092e+01,7.706562460843e+00,3.893726812249e+04,2.200594282797e+03,1.909074778428e+01,3.778489023959e-03
4.640289697959e-03,2.412417020910e+01,7.706066691828e+00,3.897614160166e+04,2.200278203092e+03,1.909349024281e+01,3.775019874839e-03
4.640678064742e-03,2.411952686650e+01,7.705569962050e+00,3.901505798415e+04,2.199962128982e+03,1.909623344083e+01,3.771553097518e-03
4.641066038191e-03,2.411488364304e+01,7.705072272168e+00,3.905401732168e+04,2.199646060461e+03,1.909897737869e+01,3.768088691497e-03
4.641453618670e-03,2.411024053865e+01,7.704573622835e+00,3.909301966624e+04,2.199329997523e+03,1.910172205676e+01,3.764626656260e-03
4.641840806556e-03,2.410559755305e+01,7.704074014686e+00,3.913206507151e+04,2.199013940150e+03,1.910446747547e+01,3.761166991141e-03
4.642227602193e-03,2.410095468637e+01,7.703573448399e+00,3.917115358765e+04,2.198697888353e+03,1.910721363504e+01,3.757709695795e-03
4.642614005973e-03,2.409631193821e+01,7.703071924590e+00,3.921028526967e+04,2.198381842100e+03,1.910996053603e+01,3.754254769450e-03
4.643000018231e-03,2.409166930878e+01,7.702569443944e+00,3.924946016723e+04,2.198065801408e+03,1.911270817860e+01,3.750802211809e-03
4.643385639358e-03,2.408702679765e+01,7.702066007076e+00,3.928867833558e+04,2.197749766249e+03,1.911545656331e+01,3.747352022088e-03
4.643770869702e-03,2.408238440488e+01,7.701561614653e+00,3.932793982578e+04,2.197433736625e+03,1.911820569041e+01,3.743904199879e-03
4.644155709627e-03,2.407774213038e+01,7.701056267322e+00,3.936724469045e+04,2.197117712531e+03,1.912095556027e+01,3.740458744636e-03
4.644540159504e-03,2.407309997392e+01,7.700549965720e+00,3.940659298323e+04,2.196801693951e+03,1.912370617332e+01,3.737015655731e-03
4.644924219689e-03,2.406845793547e+01,7.700042710499e+00,3.944598475624e+04,2.196485680882e+03,1.912645752987e+01,3.733574932673e-03
4.645307890547e-03,2.406381601490e+01,7.699534502304e+00,3.948542006260e+04,2.196169673317e+03,1.912920963031e+01,3.730136574889e-03
4.645691172443e-03,2.405917421204e+01,7.699025341774e+00,3.952489895550e+04,2.195853671244e+03,1.913196247502e+01,3.726700581799e-03
4.646074065739e-03,2.405453252681e+01,7.698515229554e+00,3.956442148792e+04,2.195537674656e+03,1.913471606437e+01,3.723266952853e-03
4.646456570793e-03,2.404989095910e+01,7.698004166289e+00,3.960398771275e+04,2.195221683548e+03,1.913747039871e+01,3.719835687509e-03
4.646838687977e-03,2.404524950868e+01,7.697492152609e+00,3.964359768417e+04,2.194905697903e+03,1.914022547849e+01,3.716406785116e-03
4.647220417631e-03,2.404060817569e+01,7.696979189184e+00,3.968325145319e+04,2.194589717730e+03,1.914298130392e+01,3.712980245307e-03
4.647601760145e-03,2.403596695967e+01,7.696465276616e+00,3.972294907612e+04,2.194273742999e+03,1.914573787558e+01,3.709556067256e-03
4.647982715850e-03,2.403132586084e+01,7.695950415582e+00,3.976269060339e+04,2.193957773725e+03,1.914849519364e+01,3.706134250650e-03
4.648363285135e-03,2.402668487875e+01,7.695434606685e+00,3.980247609131e+04,2.193641809876e+03,1.915125325866e+01,3.702714794677e-03
4.648743468335e-03,2.402204401360e+01,7.694917850599e+00,3.984230559075e+04,2.193325851466e+03,1.915401207084e+01,3.699297698994e-03
4.649123265833e-03,2.401740326495e+01,7.694400147927e+00,3.988217915787e+04,2.193009898467e+03,1.915677163072e+01,3.695882962808e-03
4.649502677975e-03,2.401276263286e+01,7.693881499325e+00,3.992209684497e+04,2.192693950881e+03,1.915953193859e+01,3.692470585663e-03
4.649881705117e-03,2.400812211727e+01,7.693361905435e+00,3.996205870525e+04,2.192378008704e+03,1.916229299479e+01,3.689060567030e-03
4.650260347634e-03,2.400348171784e+01,7.692841366872e+00,4.000206479424e+04,2.192062071915e+03,1.916505479979e+01,3.685652906183e-03
4.650638605871e-03,2.399884143462e+01,7.692319884286e+00,4.004211516459e+04,2.191746140514e+03,1.916781735391e+01,3.682247602649e-03
4.651016480193e-03,2.399420126742e+01,7.691797458306e+00,4.008220987066e+04,2.191430214491e+03,1.917058065753e+01,3.678844655814e-03
4.651393970953e-03,2.398956121615e+01,7.691274089569e+00,4.012234896624e+04,2.191114293839e+03,1.917334471103e+01,3.675444065112e-03
4.651771078524e-03,2.398492128054e+01,7.690749778691e+00,4.016253250669e+04,2.190798378540e+03,1.917610951486e+01,3.672045829854e-03
4.652147803240e-03,2.398028146072e+01,7.690224526332e+00,4.020276054403e+04,2.190482468602e+03,1.917887506926e+01,3.668649949635e-03
4.652524145485e-03,2.397564175627e+01,7.689698333090e+00,4.024303313509e+04,2.190166563997e+03,1.918164137477e+01,3.665256423650e-03
4.652900105593e-03,2.397100216733e+01,7.689171199627e+00,4.028335033183e+04,2.189850664734e+03,1.918440843162e+01,3.661865251504e-03
4.653275683942e-03,2.396636269352e+01,7.688643126542e+00,4.032371219093e+04,2.189534770788e+03,1.918717624035e+01,3.658476432417e-03
4.653650880869e-03,2.396172333495e+01,7.688114114492e+00,4.036411876469e+04,2.189218882166e+03,1.918994480118e+01,3.655089965975e-03
4.654025696744e-03,2.395708409133e+01,7.687584164087e+00,4.040457010918e+04,2.188902998849e+03,1.919271411459e+01,3.651705851454e-03
4.654400131920e-03,2.395244496256e+01,7.687053275958e+00,4.044506627868e+04,2.188587120831e+03,1.919548418096e+01,3.648324088286e-03
4.654774186757e-03,2.394780594846e+01,7.686521450725e+00,4.048560732842e+04,2.188271248097e+03,1.919825500069e+01,3.644944675825e-03
4.655147861602e-03,2.394316704902e+01,7.685988689027e+00,4.052619331216e+04,2.187955380648e+03,1.920102657410e+01,3.641567613555e-03
4.655521156813e-03,2.393852826406e+01,7.685454991486e+00,4.056682428505e+04,2.187639518472e+03,1.920379890160e+01,3.638192900847e-03
4.655894072753e-03,2.393388959337e+01,7.684920358716e+00,4.060750030284e+04,2.187323661554e+03,1.920657198362e+01,3.634820537027e-03
4.656266609765e-03,2.392925103694e+01,7.684384791355e+00,4.064822141938e+04,2.187007809894e+03,1.920934582047e+01,3.631450521581e-03
4.656638768216e-03,2.392461259452e+01,7.683848290012e+00,4.068898769088e+04,2.186691963475e+03,1.921212041262e+01,3.628082853807e-03
4.657010548455e-03,2.391997426599e+01,7.683310855313e+00,4.072979917219e+04,2.186376122289e+03,1.921489576044e+01,3.624717533120e-03
4.657381950832e-03,2.391533605131e+01,7.682772487886e+00,4.077065591798e+04,2.186060286332e+03,1.921767186426e+01,3.621354558951e-03
4.657752975705e-03,2.391069795027e+01,7.682233188348e+00,4.081155798396e+04,2.185744455592e+03,1.922044872451e+01,3.617993930651e-03
4.658123623428e-03,2.390605996273e+01,7.681692957317e+00,4.085250542565e+04,2.185428630058e+03,1.922322634159e+01,3.614635647595e-03
4.658493894357e-03,2.390142208853e+01,7.681151795408e+00,4.089349829879e+04,2.185112809718e+03,1.922600471590e+01,3.611279709137e-03
4.658863788839e-03,2.389678432760e+01,7.680609703249e+00,4.093453665822e+04,2.184796994571e+03,1.922878384778e+01,3.607926114714e-03
4.659233307235e-03,2.389214667969e+01,7.680066681444e+00,4.097562056056e+04,2.184481184596e+03,1.923156373770e+01,3.604574863624e-03
4.659602449882e-03,2.388750914488e+01,7.679522730635e+00,4.101675005967e+04,2.184165379801e+03,1.923434438593e+01,3.601225955389e-03
4.659971217154e-03,2.388287172275e+01,7.678977851406e+00,4.105792521373e+04,2.183849580157e+03,1.923712579301e+01,3.597879389186e-03
4.660339609383e-03,2.387823441339e+01,7.678432044400e+00,4.109914607649e+04,2.183533785669e+03,1.923990795920e+01,3.594535164557e-03
4.660707626938e-03,2.387359721648e+01,7.677885310209e+00,4.114041270558e+04,2.183217996316e+03,1.924269088501e+01,3.591193280735e-03
4.661075270160e-03,2.386896013197e+01,7.677337649461e+00,4.118172515608e+04,2.182902212096e+03,1.924547457077e+01,3.587853737159e-03
4.661442539400e-03,2.386432315974e+01,7.676789062769e+00,4.122308348394e+04,2.182586432999e+03,1.924825901687e+01,3.584516533209e-03
4.661809435007e-03,2.385968629968e+01,7.676239550749e+00,4.126448774504e+04,2.182270659018e+03,1.925104422369e+01,3.581181668270e-03
4.662175957348e-03,2.385504955142e+01,7.675689113989e+00,4.130593799754e+04,2.181954890129e+03,1.925383019174e+01,3.577849141548e-03
4.662542106751e-03,2.385041291512e+01,7.675137753134e+00,4.134743429509e+04,2.181639126342e+03,1.925661692125e+01,3.574518952619e-03
4.662907883589e-03,2.384577639033e+01,7.674585468758e+00,4.138897669681e+04,2.181323367626e+03,1.925940441281e+01,3.571191100622e-03
4.663273288186e-03,2.384113997724e+01,7.674032261512e+00,4.143056525609e+04,2.181007613995e+03,1.926219266660e+01,3.567865585160e-03
4.663638320915e-03,2.383650367543e+01,7.673478131970e+00,4.147220003209e+04,2.180691865420e+03,1.926498168319e+01,3.564542405379e-03
4.664002982113e-03,2.383186748486e+01,7.672923080755e+00,4.151388108025e+04,2.180376121898e+03,1.926777146292e+01,3.561221560729e-03
4.664367272137e-03,2.382723140532e+01,7.672367108464e+00,4.155560845800e+04,2.180060383415e+03,1.927056200622e+01,3.557903050501e-03
4.664731191323e-03,2.382259543683e+01,7.671810215726e+00,4.159738222063e+04,2.179744649972e+03,1.927335331340e+01,3.554586874164e-03
4.665094740027e-03,2.381795957913e+01,7.671252403133e+00,4.163920242582e+04,2.179428921552e+03,1.927614538492e+01,3.551273031002e-03
4.665457918603e-03,2.381332383200e+01,7.670693671281e+00,4.168106913126e+04,2.179113198140e+03,1.927893822123e+01,3.547961520299e-03
4.665820727399e-03,2.380868819530e+01,7.670134020776e+00,4.172298239383e+04,2.178797479727e+03,1.928173182272e+01,3.544652341412e-03
4.666183166750e-03,2.380405266903e+01,7.669573452240e+00,4.176494226926e+04,2.178481766312e+03,1.928452618972e+01,3.541345493791e-03
4.666545237010e-03,2.379941725298e+01,7.669011966267e+00,4.180694881533e+04,2.178166057880e+03,1.928732132265e+01,3.538040976729e-03
4.666906938535e-03,2.379478194685e+01,7.668449563444e+00,4.184900209045e+04,2.177850354414e+03,1.929011722201e+01,3.534738789474e-03
4.667268271657e-03,2.379014675071e+01,7.667886244398e+00,4.189110215003e+04,2.177534655916e+03,1.929291388807e+01,3.531438931515e-03
4.667629236733e-03,2.378551166428e+01,7.667322009713e+00,4.193324905270e+04,2.177218962367e+03,1.929571132133e+01,3.528141402092e-03
4.667989834109e-03,2.378087668739e+01,7.666756859988e+00,4.197544285596e+04,2.176903273757e+03,1.929850952217e+01,3.524846200537e-03
4.668350064132e-03,2.377624181990e+01,7.666190795824e+00,4.201768361731e+04,2.176587590076e+03,1.930130849103e+01,3.521553326189e-03
4.668709927134e-03,2.377160706181e+01,7.665623817838e+00,4.205997139296e+04,2.176271911323e+03,1.930410822820e+01,3.518262778490e-03
4.669069423480e-03,2.376697241272e+01,7.665055926598e+00,4.210230624279e+04,2.175956237472e+03,1.930690873424e+01,3.514974556602e-03
4.669428553504e-03,2.376233787265e+01,7.664487122722e+00,4.214468822313e+04,2.175640568524e+03,1.930971000946e+01,3.511688659967e-03
4.669787317560e-03,2.375770344130e+01,7.663917406790e+00,4.218711739298e+04,2.175324904459e+03,1.931251205435e+01,3.508405087823e-03
4.670145715976e-03,2.375306911874e+01,7.663346779423e+00,4.222959380838e+04,2.175009245282e+03,1.931531486918e+01,3.505123839644e-03
4.670503749116e-03,2.374843490457e+01,7.662775241187e+00,4.227211752955e+04,2.174693590965e+03,1.931811845451e+01,3.501844914584e-03
4.670861417318e-03,2.374380079871e+01,7.662202792686e+00,4.231468861389e+04,2.174377941503e+03,1.932092281073e+01,3.498568312021e-03
4.671218720915e-03,2.373916680114e+01,7.661629434530e+00,4.235730711822e+04,2.174062296894e+03,1.932372793812e+01,3.495294031379e-03
4.671575660264e-03,2.373453291153e+01,7.661055167290e+00,4.239997310246e+04,2.173746657118e+03,1.932653383724e+01,3.492022071848e-03
4.671932235706e-03,2.372989912976e+01,7.660479991564e+00,4.244268662452e+04,2.173431022164e+03,1.932934050845e+01,3.488752432782e-03
4.672288447584e-03,2.372526545568e+01,7.659903907942e+00,4.248544774290e+04,2.173115392023e+03,1.933214795218e+01,3.485485113490e-03
4.672644296238e-03,2.372063188915e+01,7.659326917019e+00,4.252825651570e+04,2.172799766686e+03,1.933495616881e+01,3.482220113314e-03
4.672999782008e-03,2.371599843006e+01,7.658749019389e+00,4.257111300125e+04,2.172484146145e+03,1.933776515875e+01,3.478957431591e-03
4.673354905249e-03,2.371136507808e+01,7.658170215622e+00,4.261401725962e+04,2.172168530378e+03,1.934057492250e+01,3.475697067520e-03
4.673709666286e-03,2.370673183328e+01,7.657590506334e+00,4.265696934741e+04,2.171852919390e+03,1.934338546034e+01,3.472439020575e-03
4.674064065479e-03,2.370209869525e+01,7.657009892081e+00,4.269996932589e+04,2.171537313152e+03,1.934619677284e+01,3.469183289879e-03
4.674418103153e-03,2.369746566405e+01,7.656428373478e+00,4.274301725169e+04,2.171221711669e+03,1.934900886027e+01,3.465929874910e-03
4.674771779662e-03,2.369283273935e+01,7.655845951091e+00,4.278611318548e+04,2.170906114919e+03,1.935182172316e+01,3.462678774845e-03
4.675125095343e-03,2.368819992105e+01,7.655262625511e+00,4.282925718570e+04,2.170590522895e+03,1.935463536189e+01,3.459429989034e-03
4.675478050536e-03,2.368356720899e+01,7.654678397326e+00,4.287244931143e+04,2.170274935586e+03,1.935744977688e+01,3.456183516786e-03
4.675830645577e-03,2.367893460306e+01,7.654093267125e+00,4.291568962134e+04,2.169959352985e+03,1.936026496850e+01,3.452939357439e-03
4.676182880819e-03,2.367430210294e+01,7.653507235470e+00,4.295897817635e+04,2.169643775069e+03,1.936308093728e+01,3.449697510171e-03
4.676534756588e-03,2.366966970864e+01,7.652920302968e+00,4.300231503404e+04,2.169328201840e+03,1.936589768354e+01,3.446457974418e-03
4.676886273229e-03,2.366503741991e+01,7.652332470189e+00,4.304570025465e+04,2.169012633282e+03,1.936871520772e+01,3.443220749415e-03
4.677237431095e-03,2.366040523644e+01,7.651743737696e+00,4.308913389919e+04,2.168697069372e+03,1.937153351036e+01,3.439985834347e-03
4.677588230496e-03,2.365577315842e+01,7.651154106114e+00,4.313261602389e+04,2.168381510123e+03,1.937435259167e+01,3.436753228761e-03
4.677938671799e-03,2.365114118534e+01,7.650563575978e+00,4.317614669169e+04,2.168065955501e+03,1.937717245226e+01,3.433522931707e-03
4.678288755332e-03,2.364650931714e+01,7.649972147883e+00,4.321972596124e+04,2.167750405503e+03,1.937999309248e+01,3.430294942559e-03
4.678638481430e-03,2.364187755372e+01,7.649379822413e+00,4.326335389193e+04,2.167434860121e+03,1.938281451275e+01,3.427069260644e-03
4.678987850434e-03,2.363724589486e+01,7.648786600140e+00,4.330703054411e+04,2.167119319340e+03,1.938563671349e+01,3.423845885215e-03
4.679336862680e-03,2.363261434043e+01,7.648192481644e+00,4.335075597753e+04,2.166803783152e+03,1.938845969513e+01,3.420624815581e-03
4.679685518520e-03,2.362798289006e+01,7.647597467477e+00,4.339453025408e+04,2.166488251532e+03,1.939128345820e+01,3.417406050895e-03
4.680033818269e-03,2.362335154386e+01,7.647001558251e+00,4.343835343126e+04,2.166172724487e+03,1.939410800295e+01,3.414189590637e-03
4.680381762279e-03,2.361872030149e+01,7.646404754514e+00,4.348222557118e+04,2.165857201994e+03,1.939693332992e+01,3.410975433954e-03
4.680729350879e-03,2.361408916287e+01,7.645807056857e+00,4.352614673310e+04,2.165541684048e+03,1.939975943949e+01,3.407763580206e-03
4.681076584421e-03,2.360945812763e+01,7.645208465821e+00,4.357011697958e+04,2.165226170623e+03,1.940258633221e+01,3.404554028517e-03
4.681423463218e-03,2.360482719589e+01,7.644608982022e+00,4.361413636811e+04,2.164910661729e+03,1.940541400830e+01,3.401346778385e-03
4.681769987619e-03,2.360019636732e+01,7.644008606007e+00,4.365820496102e+04,2.164595157342e+03,1.940824246832e+01,3.398141828959e-03
4.682116157970e-03,2.359556564159e+01,7.643407338327e+00,4.370232282037e+04,2.164279657439e+03,1.941107171279e+01,3.394939179415e-03
4.682461974582e-03,2.359093501888e+01,7.642805179599e+00,4.374649000360e+04,2.163964162035e+03,1.941390174190e+01,3.391738829265e-03
4.682807437811e-03,2.358630449871e+01,7.642202130352e+00,4.379070657442e+04,2.163648671096e+03,1.941673255629e+01,3.388540777573e-03
4.683152547991e-03,2.358167408095e+01,7.641598191159e+00,4.383497259349e+04,2.163333184612e+03,1.941956415637e+01,3.385345023633e-03
4.683497305442e-03,2.357704376559e+01,7.640993362611e+00,4.387928812012e+04,2.163017702585e+03,1.942239654246e+01,3.382151566832e-03
4.683841710510e-03,2.357241355231e+01,7.640387645254e+00,4.392365321691e+04,2.162702224991e+03,1.942522971508e+01,3.378960406330e-03
4.684185763526e-03,2.356778344098e+01,7.639781039661e+00,4.396806794454e+04,2.162386751822e+03,1.942806367464e+01,3.375771541431e-03
4.684529464826e-03,2.356315343138e+01,7.639173546394e+00,4.401253236467e+04,2.162071283064e+03,1.943089842160e+01,3.372584971368e-03
4.684872814747e-03,2.355852352332e+01,7.638565166012e+00,4.405704653889e+04,2.161755818702e+03,1.943373395640e+01,3.369400695389e-03
4.685215813610e-03,2.355389371674e+01,7.637955899099e+00,4.410161052740e+04,2.161440358735e+03,1.943657027941e+01,3.366218712844e-03
4.685558461764e-03,2.354926401129e+01,7.637345746191e+00,4.414622439353e+04,2.161124903136e+03,1.943940739117e+01,3.363039022861e-03
4.685900759531e-03,2.354463440691e+01,7.636734707870e+00,4.419088819756e+04,2.160809451904e+03,1.944224529204e+01,3.359861624796e-03
4.686242707245e-03,2.354000490343e+01,7.636122784696e+00,4.423560200131e+04,2.160494005025e+03,1.944508398245e+01,3.356686517895e-03
4.686584305249e-03,2.353537550049e+01,7.635509977209e+00,4.428036586813e+04,2.160178562477e+03,1.944792346296e+01,3.353513701301e-03
4.686925553858e-03,2.353074619815e+01,7.634896285999e+00,4.432517985769e+04,2.159863124262e+03,1.945076373385e+01,3.350343174425e-03
4.687266453412e-03,2.352611699614e+01,7.634281711615e+00,4.437004403273e+04,2.159547690363e+03,1.945360479561e+01,3.347174936463e-03
4.687607004253e-03,2.352148789410e+01,7.633666254591e+00,4.441495845705e+04,2.159232260755e+03,1.945644664881e+01,3.344008986542e-03
4.687947206698e-03,2.351685889207e+01,7.633049915515e+00,4.445992319060e+04,2.158916835442e+03,1.945928929373e+01,3.340845324062e-03
4.688287061087e-03,2.351222998973e+01,7.632432694927e+00,4.450493829690e+04,2.158601414401e+03,1.946213273090e+01,3.337683948181e-03
4.688626567739e-03,2.350760118706e+01,7.631814593403e+00,4.455000383684e+04,2.158285997630e+03,1.946497696069e+01,3.334524858245e-03
4.688965726994e-03,2.350297248376e+01,7.631195611485e+00,4.459511987373e+04,2.157970585112e+03,1.946782198358e+01,3.331368053431e-03
4.689304539189e-03,2.349834387953e+01,7.630575749712e+00,4.464028647133e+04,2.157655176823e+03,1.947066780010e+01,3.328213532894e-03
4.689643004638e-03,2.349371537440e+01,7.629955008669e+00,4.468550368994e+04,2.157339772767e+03,1.947351441056e+01,3.325061296034e-03
4.689981123688e-03,2.348908696797e+01,7.629333388878e+00,4.473077159439e+04,2.157024372917e+03,1.947636181553e+01,3.321911341939e-03
4.690318896648e-03,2.348445866032e+01,7.628710890928e+00,4.477609024486e+04,2.156708977278e+03,1.947921001530e+01,3.318763670024e-03
4.690656323869e-03,2.347983045097e+01,7.628087515333e+00,4.482145970702e+04,2.156393585816e+03,1.948205901050e+01,3.315618279333e-03
4.690993405664e-03,2.347520233996e+01,7.627463262673e+00,4.486688004151e+04,2.156078198536e+03,1.948490880142e+01,3.312475169254e-03
4.691330142372e-03,2.347057432693e+01,7.626838133477e+00,4.491235131308e+04,2.155762815414e+03,1.948775938863e+01,3.309334338903e-03
4.691666534315e-03,2.346594641181e+01,7.626212128310e+00,4.495787358357e+04,2.155447436443e+03,1.949061077251e+01,3.306195787600e-03
4.692002581826e-03,2.346131859432e+01,7.625585247710e+00,4.500344691710e+04,2.155132061605e+03,1.949346295354e+01,3.303059514511e-03
4.692338285228e-03,2.345669087435e+01,7.624957492234e+00,4.504907137613e+04,2.154816690894e+03,1.949631593214e+01,3.299925518920e-03
4.692673644855e-03,2.345206325162e+01,7.624328862420e+00,4.509474702484e+04,2.154501324290e+03,1.949916970881e+01,3.296793800000e-03
4.693008661029e-03,2.344743572601e+01,7.623699358821e+00,4.514047392606e+04,2.154185961784e+03,1.950202428395e+01,3.293664357021e-03
4.693343334079e-03,2.344280829730e+01,7.623068981982e+00,4.518625214360e+04,2.153870603363e+03,1.950487965804e+01,3.290537189187e-03
4.693677664331e-03,2.343818096533e+01,7.622437732450e+00,4.523208174080e+04,2.153555249014e+03,1.950773583151e+01,3.287412295744e-03
4.694011652116e-03,2.343355372983e+01,7.621805610761e+00,4.527796278200e+04,2.153239898720e+03,1.951059280487e+01,3.284289675872e-03
4.694345297754e-03,2.342892659068e+01,7.621172617470e+00,4.532389533022e+04,2.152924552475e+03,1.951345057849e+01,3.281169328842e-03
4.694678601581e-03,2.342429954759e+01,7.620538753104e+00,4.536987945057e+04,2.152609210255e+03,1.951630915293e+01,3.278051253795e-03
4.695011563913e-03,2.341967260045e+01,7.619904018218e+00,4.541591520589e+04,2.152293872056e+03,1.951916852857e+01,3.274935450026e-03
4.695344185076e-03,2.341504574909e+01,7.619268413357e+00,4.546200266020e+04,2.151978537866e+03,1.952202870586e+01,3.271821916754e-03
4.695676465406e-03,2.341041899318e+01,7.618631939043e+00,4.550814187888e+04,2.151663207661e+03,1.952488968532e+01,3.268710653113e-03
4.696008405220e-03,2.340579233260e+01,7.617994595826e+00,4.555433292554e+04,2.151347881434e+03,1.952775146739e+01,3.265601658362e-03
4.696340004836e-03,2.340116576727e+01,7.617356384263e+00,4.560057586314e+04,2.151032559180e+03,1.953061405242e+01,3.262494931803e-03
4.696671264593e-03,2.339653929678e+01,7.616717304863e+00,4.564687075830e+04,2.150717240872e+03,1.953347744103e+01,3.259390472503e-03
4.697002184814e-03,2.339191292096e+01,7.616077358165e+00,4.569321767539e+04,2.150401926495e+03,1.953634163365e+01,3.256288279684e-03
4.697332765807e-03,2.338728663984e+01,7.615436544740e+00,4.573961667660e+04,2.150086616055e+03,1.953920663060e+01,3.253188352713e-03
4.697663007909e-03,2.338266045302e+01,7.614794865096e+00,4.578606782861e+04,2.149771309524e+03,1.954207243245e+01,3.250090690666e-03
4.697992911453e-03,2.337803436018e+01,7.614152319751e+00,4.583257119752e+04,2.149456006879e+03,1.954493903977e+01,3.246995292664e-03
4.698322476737e-03,2.337340836146e+01,7.613508909288e+00,4.587912684464e+04,2.149140708130e+03,1.954780645278e+01,3.243902158147e-03
4.698651704108e-03,2.336878245633e+01,7.612864634194e+00,4.592573483841e+04,2.148825413243e+03,1.955067467215e+01,3.240811286089e-03
4.698980593876e-03,2.336415664478e+01,7.612219495030e+00,4.597239524182e+04,2.148510122214e+03,1.955354369824e+01,3.237722675830e-03
4.699309146366e-03,2.335953092654e+01,7.611573492319e+00,4.601910812072e+04,2.148194835028e+03,1.955641353154e+01,3.234636326524e-03
4.699637361899e-03,2.335490530147e+01,7.610926626601e+00,4.606587353980e+04,2.147879551674e+03,1.955928417249e+01,3.231552237407e-03
4.699965240798e-03,2.335027976932e+01,7.610278898400e+00,4.611269156480e+04,2.147564272136e+03,1.956215562157e+01,3.228470407651e-03
4.700292783397e-03,2.334565432973e+01,7.609630308224e+00,4.615956226279e+04,2.147248996387e+03,1.956502787937e+01,3.225390836345e-03
4.700619989993e-03,2.334102898282e+01,7.608980856650e+00,4.620648569583e+04,2.146933724440e+03,1.956790094611e+01,3.222313522909e-03
4.700946860928e-03,2.333640372811e+01,7.608330544166e+00,4.625346193248e+04,2.146618456258e+03,1.957077482246e+01,3.219238466346e-03
4.701273396508e-03,2.333177856561e+01,7.607679371331e+00,4.630049103624e+04,2.146303191843e+03,1.957364950876e+01,3.216165665995e-03
4.701599597071e-03,2.332715349485e+01,7.607027338636e+00,4.634757307543e+04,2.145987931165e+03,1.957652500561e+01,3.213095120878e-03
4.701925462924e-03,2.332252851582e+01,7.606374446634e+00,4.639470811402e+04,2.145672674222e+03,1.957940131339e+01,3.210026830313e-03
4.702250994395e-03,2.331790362821e+01,7.605720695836e+00,4.644189621908e+04,2.145357420992e+03,1.958227843262e+01,3.206960793418e-03
4.702576191792e-03,2.331327883199e+01,7.605066086792e+00,4.648913745487e+04,2.145042171475e+03,1.958515636366e+01,3.203897009498e-03
4.702901055452e-03,2.330865412668e+01,7.604410619988e+00,4.653643189023e+04,2.144726925638e+03,1.958803510715e+01,3.200835477565e-03
4.703225585680e-03,2.330402951231e+01,7.603754295981e+00,4.658377958909e+04,2.144411683482e+03,1.959091466343e+01,3.197776196957e-03
4.703549782801e-03,2.329940498854e+01,7.603097115277e+00,4.663118061890e+04,2.144096444985e+03,1.959379503303e+01,3.194719166784e-03
4.703873647134e-03,2.329478055520e+01,7.602439078402e+00,4.667863504592e+04,2.143781210136e+03,1.959667621640e+01,3.191664386241e-03
4.704197179006e-03,2.329015621196e+01,7.601780185859e+00,4.672614293786e+04,2.143465978911e+03,1.959955821412e+01,3.188611854434e-03
4.704520378712e-03,2.328553195891e+01,7.601120438213e+00,4.677370435819e+04,2.143150751317e+03,1.960244102644e+01,3.185561570747e-03
4.704843246596e-03,2.328090779551e+01,7.600459835937e+00,4.682131937700e+04,2.142835527318e+03,1.960532465405e+01,3.182513534141e-03
4.705165782959e-03,2.327628372175e+01,7.599798379578e+00,4.686898805904e+04,2.142520306914e+03,1.960820909732e+01,3.179467743927e-03
4.705487988133e-03,2.327165973724e+01,7.599136069629e+00,4.691671047305e+04,2.142205090076e+03,1.961109435681e+01,3.176424199164e-03
4.705809862421e-03,2.326703584196e+01,7.598472906635e+00,4.696448668407e+04,2.141889876806e+03,1.961398043289e+01,3.173382899151e-03
4.706131406149e-03,2.326241203558e+01,7.597808891096e+00,4.701231676034e+04,2.141574667079e+03,1.961686732612e+01,3.170343842990e-03
4.706452619628e-03,2.325778831796e+01,7.597144023539e+00,4.706020076830e+04,2.141259460887e+03,1.961975503692e+01,3.167307029902e-03
4.706773503185e-03,2.325316468873e+01,7.596478304456e+00,4.710813877677e+04,2.140944258205e+03,1.962264356586e+01,3.164272458959e-03
4.707094057118e-03,2.324854114795e+01,7.595811734404e+00,4.715613085025e+04,2.140629059037e+03,1.962553291326e+01,3.161240129515e-03
4.707414281766e-03,2.324391769508e+01,7.595144313844e+00,4.720417705983e+04,2.140313863345e+03,1.962842307982e+01,3.158210040511e-03
4.707734177427e-03,2.323929433014e+01,7.594476043329e+00,4.725227747027e+04,2.139998671133e+03,1.963131406583e+01,3.155182191289e-03
4.708053744430e-03,2.323467105273e+01,7.593806923342e+00,4.730043215132e+04,2.139683482373e+03,1.963420587192e+01,3.152156580885e-03
4.708372983082e-03,2.323004786278e+01,7.593136954416e+00,4.734864116924e+04,2.139368297059e+03,1.963709849848e+01,3.149133208562e-03
4.708691893686e-03,2.322542476020e+01,7.592466137079e+00,4.739690459045e+04,2.139053115186e+03,1.963999194591e+01,3.146112073569e-03
4.709010476591e-03,2.322080174431e+01,7.591794471777e+00,4.744522248769e+04,2.138737936708e+03,1.964288621497e+01,3.143093174770e-03
4.709328732077e-03,2.321617881536e+01,7.591121959086e+00,4.749359492408e+04,2.138422761642e+03,1.964578130586e+01,3.140076511637e-03
4.709646660487e-03,2.321155597275e+01,7.590448599457e+00,4.754202197188e+04,2.138107589947e+03,1.964867721931e+01,3.137062083071e-03
4.709964262105e-03,2.320693321668e+01,7.589774393461e+00,4.759050369479e+04,2.137792421638e+03,1.965157395554e+01,3.134049888513e-03
4.710281537269e-03,2.320231054657e+01,7.589099341553e+00,4.763904016492e+04,2.137477256674e+03,1.965447151526e+01,3.131039926889e-03
4.710598486281e-03,2.319768796239e+01,7.588423444265e+00,4.768763144877e+04,2.137162095053e+03,1.965736989884e+01,3.128032197473e-03
4.710915109459e-03,2.319306546382e+01,7.587746702091e+00,4.773627761572e+04,2.136846936756e+03,1.966026910683e+01,3.125026699367e-03
4.711231407116e-03,2.318844305066e+01,7.587069115534e+00,4.778497873438e+04,2.136531781766e+03,1.966316913970e+01,3.122023431728e-03
4.711547379565e-03,2.318382072267e+01,7.586390685101e+00,4.783373487340e+04,2.136216630069e+03,1.966606999796e+01,3.119022393714e-03
4.711863027113e-03,2.317919847972e+01,7.585711411305e+00,4.788254610083e+04,2.135901481656e+03,1.966897168204e+01,3.116023584520e-03
4.712178350084e-03,2.317457632140e+01,7.585031294624e+00,4.793141248731e+04,2.135586336500e+03,1.967187419253e+01,3.113027003195e-03
4.712493348773e-03,2.316995424775e+01,7.584350335596e+00,4.798033409918e+04,2.135271194601e+03,1.967477752979e+01,3.110032649051e-03
4.712808023507e-03,2.316533225833e+01,7.583668534691e+00,4.802931100789e+04,2.134956055932e+03,1.967768169442e+01,3.107040521091e-03
4.713122374591e-03,2.316071035297e+01,7.582985892418e+00,4.807834328186e+04,2.134640920481e+03,1.968058668688e+01,3.104050618513e-03
4.713436402335e-03,2.315608853151e+01,7.582302409286e+00,4.812743098980e+04,2.134325788236e+03,1.968349250764e+01,3.101062940498e-03
4.713750107057e-03,2.315146679358e+01,7.581618085771e+00,4.817657420262e+04,2.134010659174e+03,1.968639915727e+01,3.098077486098e-03
4.714063489063e-03,2.314684513906e+01,7.580932922388e+00,4.822577298868e+04,2.133695533286e+03,1.968930663620e+01,3.095094254527e-03
4.714376548661e-03,2.314222356773e+01,7.580246919635e+00,4.827502741748e+04,2.133380410555e+03,1.969221494494e+01,3.092113244935e-03
4.714689286160e-03,2.313760207938e+01,7.579560078013e+00,4.832433755839e+04,2.133065290971e+03,1.969512408395e+01,3.089134456480e-03
4.715001701889e-03,2.313298067354e+01,7.578872397977e+00,4.837370348402e+04,2.132750174499e+03,1.969803405389e+01,3.086157888134e-03
4.715313796128e-03,2.312835935037e+01,7.578183880085e+00,4.842312525986e+04,2.132435061150e+03,1.970094485502e+01,3.083183539302e-03
4.715625569206e-03,2.312373810938e+01,7.577494524790e+00,4.847260295874e+04,2.132119950893e+03,1.970385648799e+01,3.080211408949e-03
4.715937021428e-03,2.311911695040e+01,7.576804332594e+00,4.852213665016e+04,2.131804843716e+03,1.970676895327e+01,3.077241496249e-03
4.716248153109e-03,2.311449587309e+01,7.576113303975e+00,4.857172640532e+04,2.131489739595e+03,1.970968225142e+01,3.074273800277e-03
4.716558964542e-03,2.310987487748e+01,7.575421439461e+00,4.862137229190e+04,2.131174638532e+03,1.971259638279e+01,3.071308320323e-03
4.716869456051e-03,2.310525396309e+01,7.574728739509e+00,4.867107438283e+04,2.130859540496e+03,1.971551134802e+01,3.068345055368e-03
4.717179627937e-03,2.310063312981e+01,7.574035204626e+00,4.872083274726e+04,2.130544445478e+03,1.971842714756e+01,3.065384004625e-03
4.717489480509e-03,2.309601237738e+01,7.573340835297e+00,4.877064745619e+04,2.130229353461e+03,1.972134378192e+01,3.062425167202e-03
4.717799014077e-03,2.309139170552e+01,7.572645632006e+00,4.882051858056e+04,2.129914264427e+03,1.972426125162e+01,3.059468542211e-03
4.718108228947e-03,2.308677111404e+01,7.571949595247e+00,4.887044619082e+04,2.129599178362e+03,1.972717955715e+01,3.056514128802e-03
4.718417125423e-03,2.308215060275e+01,7.571252725512e+00,4.892043035741e+04,2.129284095254e+03,1.973009869899e+01,3.053561926132e-03
4.718725703820e-03,2.307753017128e+01,7.570555023272e+00,4.897047115257e+04,2.128969015079e+03,1.973301867771e+01,3.050611933249e-03
4.719033964434e-03,2.307290981958e+01,7.569856489035e+00,4.902056864559e+04,2.128653937831e+03,1.973593949372e+01,3.047664149388e-03
4.719341907586e-03,2.306828954719e+01,7.569157123255e+00,4.907072291005e+04,2.128338863480e+03,1.973886114768e+01,3.044718573533e-03
4.719649533565e-03,2.306366935410e+01,7.568456926453e+00,4.912093401458e+04,2.128023792027e+03,1.974178363992e+01,3.041775204962e-03
4.719956842686e-03,2.305904923996e+01,7.567755899091e+00,4.917120203197e+04,2.127708723447e+03,1.974470697105e+01,3.038834042715e-03
4.720263835263e-03,2.305442920441e+01,7.567054041637e+00,4.922152703495e+04,2.127393657715e+03,1.974763114164e+01,3.035895085844e-03
4.720570511586e-03,2.304980924746e+01,7.566351354608e+00,4.927190909246e+04,2.127078594833e+03,1.975055615206e+01,3.032958333621e-03
4.720876871970e-03,2.304518936869e+01,7.565647838459e+00,4.932234827816e+04,2.126763534772e+03,1.975348200292e+01,3.030023785051e-03
4.721182916715e-03,2.304056956795e+01,7.564943493685e+00,4.937284466270e+04,2.126448477522e+03,1.975640869467e+01,3.027091439320e-03
4.721488646126e-03,2.303594984500e+01,7.564238320764e+00,4.942339831823e+04,2.126133423066e+03,1.975933622785e+01,3.024161295530e-03
4.721794060521e-03,2.303133019940e+01,7.563532320146e+00,4.947400931872e+04,2.125818371377e+03,1.976226460307e+01,3.021233352682e-03
4.722099160178e-03,2.302671063128e+01,7.562825492366e+00,4.952467773220e+04,2.125503322462e+03,1.976519382063e+01,3.018307610127e-03
4.722403945427e-03,2.302209114002e+01,7.562117837843e+00,4.957540363514e+04,2.125188276278e+03,1.976812388127e+01,3.015384066733e-03
4.722708416554e-03,2.301747172565e+01,7.561409357095e+00,4.962618709684e+04,2.124873232829e+03,1.977105478534e+01,3.012462721784e-03
4.723012573880e-03,2.301285238768e+01,7.560700050560e+00,4.967702819239e+04,2.124558192081e+03,1.977398653352e+01,3.009543574240e-03
4.723316417680e-03,2.300823312625e+01,7.559989918774e+00,4.972792698998e+04,2.124243154043e+03,1.977691912607e+01,3.006626623458e-03
4.723619948288e-03,2.300361394067e+01,7.559278962142e+00,4.977888356721e+04,2.123928118671e+03,1.977985256379e+01,3.003711868263e-03
4.723923165989e-03,2.299899483096e+01,7.558567181178e+00,4.982989799388e+04,2.123613085964e+03,1.978278684704e+01,3.000799307930e-03
4.724226071086e-03,2.299437579688e+01,7.557854576355e+00,4.988097034280e+04,2.123298055905e+03,1.978572197634e+01,2.997888941567e-03
4.724528663887e-03,2.298975683807e+01,7.557141148128e+00,4.993210068812e+04,2.122983028472e+03,1.978865795227e+01,2.994980768211e-03
4.724830944697e-03,2.298513795427e+01,7.556426896968e+00,4.998328910298e+04,2.122668003647e+03,1.979159477536e+01,2.992074786961e-03
4.725132913812e-03,2.298051914531e+01,7.555711823355e+00,5.003453565972e+04,2.122352981417e+03,1.979453244610e+01,2.989170996967e-03
4.725434571528e-03,2.297590041101e+01,7.554995927772e+00,5.008584043076e+04,2.122037961772e+03,1.979747096495e+01,2.986269397378e-03
4.725735918155e-03,2.297128175098e+01,7.554279210665e+00,5.013720349097e+04,2.121722944685e+03,1.980041033252e+01,2.983369987210e-03
4.726036953988e-03,2.296666316511e+01,7.553561672521e+00,5.018862491250e+04,2.121407930147e+03,1.980335054928e+01,2.980472765638e-03
4.726337679346e-03,2.296204465284e+01,7.552843313764e+00,5.024010477212e+04,2.121092918122e+03,1.980629161592e+01,2.977577731580e-03
4.726638094496e-03,2.295742621443e+01,7.552124134937e+00,5.029164313785e+04,2.120777908628e+03,1.980923353264e+01,2.974684884452e-03
4.726938199767e-03,2.295280784921e+01,7.551404136443e+00,5.034324008814e+04,2.120462901618e+03,1.981217630025e+01,2.971794223091e-03
4.727237995449e-03,2.294818955705e+01,7.550683318764e+00,5.039489569560e+04,2.120147897084e+03,1.981511991919e+01,2.968905746663e-03
4.727537481838e-03,2.294357133780e+01,7.549961682381e+00,5.044661003301e+04,2.119832895017e+03,1.981806438993e+01,2.966019454330e-03
4.727836659239e-03,2.293895319108e+01,7.549239227739e+00,5.049838317577e+04,2.119517895390e+03,1.982100971307e+01,2.963135345115e-03
4.728135527959e-03,2.293433511655e+01,7.548515955286e+00,5.055021519924e+04,2.119202898180e+03,1.982395588921e+01,2.960253418047e-03
4.728434088271e-03,2.292971711434e+01,7.547791865544e+00,5.060210617332e+04,2.118887903397e+03,1.982690291862e+01,2.957373672461e-03
4.728732340499e-03,2.292509918381e+01,7.547066958916e+00,5.065405617671e+04,2.118572910997e+03,1.982985080208e+01,2.954496107212e-03
4.729030284933e-03,2.292048132485e+01,7.546341235883e+00,5.070606528235e+04,2.118257920972e+03,1.983279954004e+01,2.951620721477e-03
4.729327921870e-03,2.291586353722e+01,7.545614696909e+00,5.075813356462e+04,2.117942933308e+03,1.983574913300e+01,2.948747514359e-03
4.729625251608e-03,2.291124582066e+01,7.544887342450e+00,5.081026109843e+04,2.117627947985e+03,1.983869958152e+01,2.945876484936e-03
4.729922274449e-03,2.290662817485e+01,7.544159172958e+00,5.086244795916e+04,2.117312964982e+03,1.984165088617e+01,2.943007632266e-03
4.730218990686e-03,2.290201059960e+01,7.543430188899e+00,5.091469422107e+04,2.116997984288e+03,1.984460304743e+01,2.940140955472e-03
4.730515400624e-03,2.289739309454e+01,7.542700390713e+00,5.096699996040e+04,2.116683005877e+03,1.984755606591e+01,2.937276453575e-03
4.730811504544e-03,2.289277565968e+01,7.541969778897e+00,5.101936524943e+04,2.116368029748e+03,1.985050994200e+01,2.934414125818e-03
4.731107302752e-03,2.288815829457e+01,7.541238353878e+00,5.107179016542e+04,2.116053055874e+03,1.985346467632e+01,2.931553971174e-03
4.731402795556e-03,2.288354099883e+01,7.540506116089e+00,5.112427478529e+04,2.115738084226e+03,1.985642026951e+01,2.928695988641e-03
4.731697983229e-03,2.287892377252e+01,7.539773066038e+00,5.117681918065e+04,2.115423114810e+03,1.985937672189e+01,2.925840177513e-03
4.731992866096e-03,2.287430661496e+01,7.539039204109e+00,5.122942343207e+04,2.115108147580e+03,1.986233403429e+01,2.922986536598e-03
4.732287444418e-03,2.286968952641e+01,7.538304530837e+00,5.128208760921e+04,2.114793182553e+03,1.986529220689e+01,2.920135065303e-03
4.732581718519e-03,2.286507250619e+01,7.537569046608e+00,5.133481179263e+04,2.114478219684e+03,1.986825124052e+01,2.917285762451e-03
4.732875688687e-03,2.286045555412e+01,7.536832751885e+00,5.138759605734e+04,2.114163258960e+03,1.987121113565e+01,2.914438627168e-03
4.733169355203e-03,2.285583867019e+01,7.536095647158e+00,5.144044047651e+04,2.113848300381e+03,1.987417189268e+01,2.911593658684e-03
4.733462718388e-03,2.285122185372e+01,7.535357732811e+00,5.149334513096e+04,2.113533343900e+03,1.987713351241e+01,2.908750855822e-03
4.733755778512e-03,2.284660510482e+01,7.534619009350e+00,5.154631009282e+04,2.113218389526e+03,1.988009599515e+01,2.905910217880e-03
4.734048535876e-03,2.284198842314e+01,7.533879477213e+00,5.159933543913e+04,2.112903437235e+03,1.988305934148e+01,2.903071743892e-03
4.734340990786e-03,2.283737180821e+01,7.533139136809e+00,5.165242124902e+04,2.112588486994e+03,1.988602355210e+01,2.900235432790e-03
4.734633143521e-03,2.283275526002e+01,7.532397988629e+00,5.170556759589e+04,2.112273538804e+03,1.988898862738e+01,2.897401283816e-03
4.734924994379e-03,2.282813877822e+01,7.531656033105e+00,5.175877455740e+04,2.111958592642e+03,1.989195456792e+01,2.894569295987e-03
4.735216543667e-03,2.282352236234e+01,7.530913270645e+00,5.181204221289e+04,2.111643648474e+03,1.989492137442e+01,2.891739468238e-03
4.735507791656e-03,2.281890601245e+01,7.530169701752e+00,5.186537063514e+04,2.111328706305e+03,1.989788904718e+01,2.888911799859e-03
4.735798738642e-03,2.281428972825e+01,7.529425326860e+00,5.191875990172e+04,2.111013766117e+03,1.990085758680e+01,2.886086289886e-03
4.736089384938e-03,2.280967350914e+01,7.528680146359e+00,5.197221009348e+04,2.110698827868e+03,1.990382699401e+01,2.883262937190e-03
4.736379730817e-03,2.280505735515e+01,7.527934160742e+00,5.202572128413e+04,2.110383891561e+03,1.990679726920e+01,2.880441741026e-03
4.736669776574e-03,2.280044126599e+01,7.527187370442e+00,5.207929355144e+04,2.110068957175e+03,1.990976841292e+01,2.877622700434e-03
4.736959522516e-03,2.279582524115e+01,7.526439775861e+00,5.213292697562e+04,2.109754024676e+03,1.991274042589e+01,2.874805814334e-03
4.737248968907e-03,2.279120928078e+01,7.525691377509e+00,5.218662162916e+04,2.109439094074e+03,1.991571330837e+01,2.871991082059e-03
4.737538116059e-03,2.278659338431e+01,7.524942175773e+00,5.224037759348e+04,2.109124165332e+03,1.991868706113e+01,2.869178502473e-03
4.737826964263e-03,2.278197755143e+01,7.524192171089e+00,5.229419494654e+04,2.108809238429e+03,1.992166168472e+01,2.866368074630e-03
4.738115513795e-03,2.277736178216e+01,7.523441363936e+00,5.234807376312e+04,2.108494313364e+03,1.992463717954e+01,2.863559797754e-03
4.738403764968e-03,2.277274607582e+01,7.522689754688e+00,5.240201412581e+04,2.108179390093e+03,1.992761354639e+01,2.860753670668e-03
4.738691718046e-03,2.276813043261e+01,7.521937343855e+00,5.245601610728e+04,2.107864468631e+03,1.993059078552e+01,2.857949692713e-03
4.738979373348e-03,2.276351485176e+01,7.521184131792e+00,5.251007979164e+04,2.107549548922e+03,1.993356889783e+01,2.855147862643e-03
4.739266731140e-03,2.275889933339e+01,7.520430118998e+00,5.256420525248e+04,2.107234630977e+03,1.993654788360e+01,2.852348179765e-03
4.739553791720e-03,2.275428387711e+01,7.519675305886e+00,5.261839256973e+04,2.106919714770e+03,1.993952774347e+01,2.849550643056e-03
4.739840555377e-03,2.274966848262e+01,7.518919692887e+00,5.267264182209e+04,2.106604800281e+03,1.994250847802e+01,2.846755251566e-03
4.740127022410e-03,2.274505314953e+01,7.518163280409e+00,5.272695308992e+04,2.106289887481e+03,1.994549008789e+01,2.843962004268e-03
4.740413193090e-03,2.274043787783e+01,7.517406068931e+00,5.278132644865e+04,2.105974976372e+03,1.994847257345e+01,2.841170900384e-03
4.740699067721e-03,2.273582266698e+01,7.516648058839e+00,5.283576198031e+04,2.105660066917e+03,1.995145593545e+01,2.838381938811e-03
4.740984646579e-03,2.273120751695e+01,7.515889250604e+00,5.289025976107e+04,2.105345159113e+03,1.995444017429e+01,2.835595118747e-03
4.741269929962e-03,2.272659242727e+01,7.515129644620e+00,5.294481987237e+04,2.105030252929e+03,1.995742529066e+01,2.832810439126e-03
4.741554918156e-03,2.272197739772e+01,7.514369241327e+00,5.299944239279e+04,2.104715348351e+03,1.996041128508e+01,2.830027899034e-03
4.741839611449e-03,2.271736242798e+01,7.513608041145e+00,5.305412740211e+04,2.104400445356e+03,1.996339815815e+01,2.827247497499e-03
4.742124010118e-03,2.271274751799e+01,7.512846044536e+00,5.310887497727e+04,2.104085543941e+03,1.996638591028e+01,2.824469233700e-03
4.742408114467e-03,2.270813266717e+01,7.512083251877e+00,5.316368520147e+04,2.103770644067e+03,1.996937454225e+01,2.821693106502e-03
4.742691924774e-03,2.270351787539e+01,7.511319663617e+00,5.321855815261e+04,2.103455745724e+03,1.997236405452e+01,2.818919115046e-03
4.742975441326e-03,2.269890314239e+01,7.510555280183e+00,5.327349391035e+04,2.103140848895e+03,1.997535444765e+01,2.816147258386e-03
4.743258664408e-03,2.269428846788e+01,7.509790101998e+00,5.332849255458e+04,2.102825953562e+03,1.997834572220e+01,2.813377535570e-03
4.743541594306e-03,2.268967385162e+01,7.509024129492e+00,5.338355416505e+04,2.102511059707e+03,1.998133787874e+01,2.810609945660e-03
4.743824231318e-03,2.268505929309e+01,7.508257363047e+00,5.343867882462e+04,2.102196167295e+03,1.998433091797e+01,2.807844487564e-03
4.744106575710e-03,2.268044479237e+01,7.507489803142e+00,5.349386660945e+04,2.101881276333e+03,1.998732484024e+01,2.805081160532e-03
4.744388627783e-03,2.267583034891e+01,7.506721450157e+00,5.354911760293e+04,2.101566386783e+03,1.999031964629e+01,2.802319963459e-03
4.744670387820e-03,2.267121596247e+01,7.505952304518e+00,5.360443188510e+04,2.101251498628e+03,1.999331533666e+01,2.799560895410e-03
4.744951856097e-03,2.266660163292e+01,7.505182366666e+00,5.365980953497e+04,2.100936611861e+03,1.999631191184e+01,2.796803955505e-03
4.745233032912e-03,2.266198735973e+01,7.504411636982e+00,5.371525063598e+04,2.100621726446e+03,1.999930937254e+01,2.794049142654e-03
4.745513918531e-03,2.265737314296e+01,7.503640115941e+00,5.377075526493e+04,2.100306842385e+03,2.000230771913e+01,2.791296456097e-03
4.745794513267e-03,2.265275898184e+01,7.502867803878e+00,5.382632350870e+04,2.099991959629e+03,2.000530695249e+01,2.788545894580e-03
4.746074817374e-03,2.264814487657e+01,7.502094701288e+00,5.388195544256e+04,2.099677078190e+03,2.000830707289e+01,2.785797457430e-03
4.746354831147e-03,2.264353082670e+01,7.501320808562e+00,5.393765114962e+04,2.099362198037e+03,2.001130808101e+01,2.783051143592e-03
4.746634554886e-03,2.263891683166e+01,7.500546126063e+00,5.399341071484e+04,2.099047319132e+03,2.001430997761e+01,2.780306951921e-03
4.746913988846e-03,2.263430289163e+01,7.499770654287e+00,5.404923421375e+04,2.098732441489e+03,2.001731276296e+01,2.777564881746e-03
4.747193133333e-03,2.262968900595e+01,7.498994393583e+00,5.410512173256e+04,2.098417565061e+03,2.002031643790e+01,2.774824931874e-03
4.747471988613e-03,2.262507517461e+01,7.498217344410e+00,5.416107334959e+04,2.098102689849e+03,2.002332100281e+01,2.772087101504e-03
4.747750554981e-03,2.262046139713e+01,7.497439507148e+00,5.421708914896e+04,2.097787815820e+03,2.002632645840e+01,2.769351389554e-03
4.748028832715e-03,2.261584767327e+01,7.496660882212e+00,5.427316921214e+04,2.097472942958e+03,2.002933280524e+01,2.766617795083e-03
4.748306822098e-03,2.261123400276e+01,7.495881470020e+00,5.432931362073e+04,2.097158071244e+03,2.003234004387e+01,2.763886317141e-03
4.748584523408e-03,2.260662038534e+01,7.495101270985e+00,5.438552245658e+04,2.096843200663e+03,2.003534817486e+01,2.761156954775e-03
4.748861936933e-03,2.260200682063e+01,7.494320285499e+00,5.444179580317e+04,2.096528331187e+03,2.003835719887e+01,2.758429706958e-03
4.749139062949e-03,2.259739330843e+01,7.493538513985e+00,5.449813374177e+04,2.096213462802e+03,2.004136711642e+01,2.755704572773e-03
4.749415901738e-03,2.259277984844e+01,7.492755956850e+00,5.455453635490e+04,2.095898595491e+03,2.004437792808e+01,2.752981551249e-03
4.749692453594e-03,2.258816644017e+01,7.491972614465e+00,5.461100372780e+04,2.095583729218e+03,2.004738963459e+01,2.750260641289e-03
4.749968718769e-03,2.258355308376e+01,7.491188487310e+00,5.466753593778e+04,2.095268863993e+03,2.005040223625e+01,2.747541842184e-03
4.750244697572e-03,2.257893977847e+01,7.490403575714e+00,5.472413307313e+04,2.094953999769e+03,2.005341573392e+01,2.744825152697e-03
4.750520390265e-03,2.257432652431e+01,7.489617880130e+00,5.478079521345e+04,2.094639136542e+03,2.005643012802e+01,2.742110572019e-03
4.750795797144e-03,2.256971332071e+01,7.488831400916e+00,5.483752244499e+04,2.094324274277e+03,2.005944541931e+01,2.739398099026e-03
4.751070918472e-03,2.256510016766e+01,7.488044138524e+00,5.489431484749e+04,2.094009412973e+03,2.006246160818e+01,2.736687732907e-03
4.751345754539e-03,2.256048706470e+01,7.487256093325e+00,5.495117250653e+04,2.093694552598e+03,2.006547869534e+01,2.733979472582e-03
4.751620305622e-03,2.255587401158e+01,7.486467265728e+00,5.500809550494e+04,2.093379693135e+03,2.006849668136e+01,2.731273317105e-03
4.751894571999e-03,2.255126100798e+01,7.485677656131e+00,5.506508392655e+04,2.093064834563e+03,2.007151556684e+01,2.728569265485e-03
4.752168553951e-03,2.254664805361e+01,7.484887264933e+00,5.512213785503e+04,2.092749976864e+03,2.007453535236e+01,2.725867316748e-03
4.752442251747e-03,2.254203514831e+01,7.484096092556e+00,5.517925737270e+04,2.092435120024e+03,2.007755603845e+01,2.723167469987e-03
4.752715665684e-03,2.253742229148e+01,7.483304139346e+00,5.523644256709e+04,2.092120264005e+03,2.008057762587e+01,2.720469724053e-03
4.752988796029e-03,2.253280948300e+01,7.482511405730e+00,5.529369352025e+04,2.091805408799e+03,2.008360011513e+01,2.717774078061e-03
4.753261643047e-03,2.252819672281e+01,7.481717892145e+00,5.535101031338e+04,2.091490554400e+03,2.008662350666e+01,2.715080531172e-03
4.753534207046e-03,2.252358401008e+01,7.480923598897e+00,5.540839303734e+04,2.091175700754e+03,2.008964780140e+01,2.712389082097e-03
4.753806488283e-03,2.251897134484e+01,7.480128526438e+00,5.546584177246e+04,2.090860847863e+03,2.009267299972e+01,2.709699730046e-03
4.754078487034e-03,2.251435872684e+01,7.479332675167e+00,5.552335660294e+04,2.090545995709e+03,2.009569910222e+01,2.707012474055e-03
4.754350203580e-03,2.250974615569e+01,7.478536045466e+00,5.558093761439e+04,2.090231144266e+03,2.009872610954e+01,2.704327313096e-03
4.754621638198e-03,2.250513363108e+01,7.477738637723e+00,5.563858489184e+04,2.089916293515e+03,2.010175402227e+01,2.701644246175e-03
4.754892791166e-03,2.250052115271e+01,7.476940452331e+00,5.569629852025e+04,2.089601443433e+03,2.010478284104e+01,2.698963272305e-03
4.755163662763e-03,2.249590872021e+01,7.476141489669e+00,5.575407858552e+04,2.089286593996e+03,2.010781256648e+01,2.696284390462e-03
4.755434253258e-03,2.249129633340e+01,7.475341750148e+00,5.581192517137e+04,2.088971745194e+03,2.011084319912e+01,2.693607599728e-03
4.755704562924e-03,2.248668399201e+01,7.474541234165e+00,5.586983836261e+04,2.088656897007e+03,2.011387473953e+01,2.690932899137e-03
4.755974592046e-03,2.248207169559e+01,7.473739942082e+00,5.592781824658e+04,2.088342049404e+03,2.011690718842e+01,2.688260287616e-03
4.756244340904e-03,2.247745944375e+01,7.472937874272e+00,5.598586490995e+04,2.088027202360e+03,2.011994054645e+01,2.685589764122e-03
4.756513809754e-03,2.247284723650e+01,7.472135031177e+00,5.604397843450e+04,2.087712355876e+03,2.012297481403e+01,2.682921327848e-03
4.756782998884e-03,2.246823507334e+01,7.471331413149e+00,5.610215890853e+04,2.087397509916e+03,2.012600999188e+01,2.680254977690e-03
4.757051908562e-03,2.246362295404e+01,7.470527020588e+00,5.616040641699e+04,2.087082664467e+03,2.012904608057e+01,2.677590712700e-03
4.757320539073e-03,2.245901087814e+01,7.469721853850e+00,5.621872104799e+04,2.086767819497e+03,2.013208308080e+01,2.674928531793e-03
4.757588890681e-03,2.245439884548e+01,7.468915913348e+00,5.627710288568e+04,2.086452974996e+03,2.013512099309e+01,2.672268434073e-03
4.757856963664e-03,2.244978685569e+01,7.468109199451e+00,5.633555201746e+04,2.086138130938e+03,2.013815981810e+01,2.669610418496e-03
4.758124758292e-03,2.244517490853e+01,7.467301712556e+00,5.639406852868e+04,2.085823287309e+03,2.014119955637e+01,2.666954484117e-03
4.758392274847e-03,2.244056300354e+01,7.466493453016e+00,5.645265250807e+04,2.085508444075e+03,2.014424020863e+01,2.664300629846e-03
4.758659513593e-03,2.243595114057e+01,7.465684421243e+00,5.651130404012e+04,2.085193601228e+03,2.014728177539e+01,2.661648854787e-03
4.758926474800e-03,2.243133931936e+01,7.464874617623e+00,5.657002321127e+04,2.084878758750e+03,2.015032425722e+01,2.658999157961e-03
4.759193158755e-03,2.242672753935e+01,7.464064042491e+00,5.662881011162e+04,2.084563916602e+03,2.015336765492e+01,2.656351538231e-03
4.759459565720e-03,2.242211580040e+01,7.463252696259e+00,5.668766482598e+04,2.084249074777e+03,2.015641196898e+01,2.653705994702e-03
4.759725695968e-03,2.241750410220e+01,7.462440579304e+00,5.674658744153e+04,2.083934233253e+03,2.015945720000e+01,2.651062526377e-03
4.759991549773e-03,2.241289244440e+01,7.461627691995e+00,5.680557804639e+04,2.083619392006e+03,2.016250334865e+01,2.648421132223e-03
4.760257127408e-03,2.240828082668e+01,7.460814034708e+00,5.686463672791e+04,2.083304551015e+03,2.016555041554e+01,2.645781811247e-03
4.760522429145e-03,2.240366924868e+01,7.459999607812e+00,5.692376357432e+04,2.082989710257e+03,2.016859840132e+01,2.643144562420e-03
4.760787455240e-03,2.239905771038e+01,7.459184411731e+00,5.698295866971e+04,2.082674869729e+03,2.017164730641e+01,2.640509384903e-03
4.761052205990e-03,2.239444621101e+01,7.458368446758e+00,5.704222210782e+04,2.082360029378e+03,2.017469713175e+01,2.637876277435e-03
4.761316681647e-03,2.238983475059e+01,7.457551713330e+00,5.710155397219e+04,2.082045189208e+03,2.017774787773e+01,2.635245239210e-03
4.761580882495e-03,2.238522332855e+01,7.456734211769e+00,5.716095435445e+04,2.081730349179e+03,2.018079954514e+01,2.632616269070e-03
4.761844808789e-03,2.238061194485e+01,7.455915942501e+00,5.722042333906e+04,2.081415509290e+03,2.018385213442e+01,2.629989366181e-03
4.762108460804e-03,2.237600059912e+01,7.455096905882e+00,5.727996101542e+04,2.081100669514e+03,2.018690564623e+01,2.627364529491e-03
4.762371838818e-03,2.237138929084e+01,7.454277102251e+00,5.733956747439e+04,2.080785829817e+03,2.018996008133e+01,2.624741757894e-03
4.762634943102e-03,2.236677801972e+01,7.453456531979e+00,5.739924280449e+04,2.080470990179e+03,2.019301544034e+01,2.622121050391e-03
4.762897773903e-03,2.236216678582e+01,7.452635195504e+00,5.745898708952e+04,2.080156150606e+03,2.019607172362e+01,2.619502406192e-03
4.763160331517e-03,2.235755558835e+01,7.451813093109e+00,5.751880042445e+04,2.079841311043e+03,2.019912893211e+01,2.616885824025e-03
4.763422616198e-03,2.235294442724e+01,7.450990225206e+00,5.757868289522e+04,2.079526471485e+03,2.020218706629e+01,2.614271303020e-03
4.763684628224e-03,2.234833330203e+01,7.450166592135e+00,5.763863459282e+04,2.079211631902e+03,2.020524612687e+01,2.611658842088e-03
4.763946367849e-03,2.234372221266e+01,7.449342194309e+00,5.769865560320e+04,2.078896792290e+03,2.020830611430e+01,2.609048440367e-03
4.764207835358e-03,2.233911115848e+01,7.448517032036e+00,5.775874601992e+04,2.078581952605e+03,2.021136702944e+01,2.606440096667e-03
4.764469031005e-03,2.233450013943e+01,7.447691105724e+00,5.781890592932e+04,2.078267112843e+03,2.021442887276e+01,2.603833810120e-03
4.764729955070e-03,2.232988915498e+01,7.446864415699e+00,5.787913542384e+04,2.077952272968e+03,2.021749164501e+01,2.601229579596e-03
4.764990607813e-03,2.232527820496e+01,7.446036962353e+00,5.793943459124e+04,2.077637432970e+03,2.022055534673e+01,2.598627404172e-03
4.765250989499e-03,2.232066728905e+01,7.445208746048e+00,5.799980352150e+04,2.077322592825e+03,2.022361997856e+01,2.596027282838e-03
4.765511100403e-03,2.231605640681e+01,7.444379767122e+00,5.806024230630e+04,2.077007752505e+03,2.022668554120e+01,2.593429214512e-03
4.765770940782e-03,2.231144555809e+01,7.443550025967e+00,5.812075103364e+04,2.076692912001e+03,2.022975203518e+01,2.590833198277e-03
4.766030510917e-03,2.230683474229e+01,7.442719522896e+00,5.818132979724e+04,2.076378071270e+03,2.023281946131e+01,2.588239232976e-03
4.766289811059e-03,2.230222395938e+01,7.441888258318e+00,5.824197868406e+04,2.076063230312e+03,2.023588782005e+01,2.585647317746e-03
4.766548841483e-03,2.229761320889e+01,7.441056232565e+00,5.830269778653e+04,2.075748389095e+03,2.023895711212e+01,2.583057451495e-03
4.766807602452e-03,2.229300249050e+01,7.440223445996e+00,5.836348719531e+04,2.075433547596e+03,2.024202733817e+01,2.580469633213e-03
4.767066094238e-03,2.228839180383e+01,7.439389898957e+00,5.842434700209e+04,2.075118705792e+03,2.024509849886e+01,2.577883861850e-03
4.767324317092e-03,2.228378114878e+01,7.438555591844e+00,5.848527729492e+04,2.074803863674e+03,2.024817059468e+01,2.575300136514e-03
4.767582271297e-03,2.227917052469e+01,7.437720524956e+00,5.854627816922e+04,2.074489021199e+03,2.025124362651e+01,2.572718456012e-03
4.767839957106e-03,2.227455993146e+01,7.436884698684e+00,5.860734971344e+04,2.074174178360e+03,2.025431759483e+01,2.570138819445e-03
4.768097374781e-03,2.226994936883e+01,7.436048113396e+00,5.866849201807e+04,2.073859335139e+03,2.025739250023e+01,2.567561225833e-03
4.768354524604e-03,2.226533883613e+01,7.435210769381e+00,5.872970517930e+04,2.073544491492e+03,2.026046834361e+01,2.564985673965e-03
4.768611406819e-03,2.226072833342e+01,7.434372667063e+00,5.879098928359e+04,2.073229647421e+03,2.026354512533e+01,2.562412163042e-03
4.768868021698e-03,2.225611786022e+01,7.433533806765e+00,5.885234442489e+04,2.072914802896e+03,2.026662284614e+01,2.559840691954e-03
4.769124369518e-03,2.225150741595e+01,7.432694188794e+00,5.891377069832e+04,2.072599957877e+03,2.026970150686e+01,2.557271259551e-03
4.769380450515e-03,2.224689700080e+01,7.431853813591e+00,5.897526818928e+04,2.072285112377e+03,2.027278110779e+01,2.554703865093e-03
4.769636264975e-03,2.224228661399e+01,7.431012681427e+00,5.903683699581e+04,2.071970266344e+03,2.027586164987e+01,2.552138507315e-03
4.769891813158e-03,2.223767625530e+01,7.430170792668e+00,5.909847720899e+04,2.071655419762e+03,2.027894313369e+01,2.549575185250e-03
4.770147095315e-03,2.223306592456e+01,7.429328147691e+00,5.916018891916e+04,2.071340572620e+03,2.028202555979e+01,2.547013897968e-03
4.770402111723e-03,2.222845562123e+01,7.428484746805e+00,5.922197222175e+04,2.071025724882e+03,2.028510892894e+01,2.544454644328e-03
4.770656862635e-03,2.222384534510e+01,7.427640590379e+00,5.928382720786e+04,2.070710876534e+03,2.028819324173e+01,2.541897423379e-03
4.770911348319e-03,2.221923509576e+01,7.426795678743e+00,5.934575397157e+04,2.070396027548e+03,2.029127849886e+01,2.539342234050e-03
4.771165569026e-03,2.221462487307e+01,7.425950012277e+00,5.940775260325e+04,2.070081177914e+03,2.029436470086e+01,2.536789075425e-03
4.771419525038e-03,2.221001467631e+01,7.425103591256e+00,5.946982320128e+04,2.069766327586e+03,2.029745184862e+01,2.534237946268e-03
4.771673216593e-03,2.220540450561e+01,7.424256416105e+00,5.953196585299e+04,2.069451476570e+03,2.030053994251e+01,2.531688845801e-03
4.771926643970e-03,2.220079436028e+01,7.423408487104e+00,5.959418065636e+04,2.069136624821e+03,2.030362898341e+01,2.529141772811e-03
4.772179807430e-03,2.219618424000e+01,7.422559804595e+00,5.965646770497e+04,2.068821772317e+03,2.030671897197e+01,2.526596726276e-03
4.772432707221e-03,2.219157414464e+01,7.421710368958e+00,5.971882708971e+04,2.068506919050e+03,2.030980990871e+01,2.524053705285e-03
4.772685343611e-03,2.218696407377e+01,7.420860180515e+00,5.978125890582e+04,2.068192064990e+03,2.031290179435e+01,2.521512708755e-03
4.772937716856e-03,2.218235402712e+01,7.420009239615e+00,5.984376324658e+04,2.067877210120e+03,2.031599462951e+01,2.518973735689e-03
4.773189827228e-03,2.217774400411e+01,7.419157546557e+00,5.990634020910e+04,2.067562354401e+03,2.031908841500e+01,2.516436784940e-03
4.773441674974e-03,2.217313400466e+01,7.418305101721e+00,5.996898988457e+04,2.067247497826e+03,2.032218315133e+01,2.513901855605e-03
4.773693260361e-03,2.216852402830e+01,7.417451905423e+00,6.003171236904e+04,2.066932640365e+03,2.032527883922e+01,2.511368946590e-03
4.773944583650e-03,2.216391407465e+01,7.416597957990e+00,6.009450775769e+04,2.066617781992e+03,2.032837547938e+01,2.508838056841e-03
4.774195645098e-03,2.215930414342e+01,7.415743259765e+00,6.015737614477e+04,2.066302922686e+03,2.033147307245e+01,2.506309185350e-03
4.774446444950e-03,2.215469423451e+01,7.414887811132e+00,6.022031762158e+04,2.065988062444e+03,2.033457161891e+01,2.503782331225e-03
4.774696983490e-03,2.215008434714e+01,7.414031612336e+00,6.028333228947e+04,2.065673201211e+03,2.033767111974e+01,2.501257493182e-03
4.774947260957e-03,2.214547448130e+01,7.413174663778e+00,6.034642023885e+04,2.065358338985e+03,2.034077157538e+01,2.498734670382e-03
4.775197277620e-03,2.214086463648e+01,7.412316965755e+00,6.040958156751e+04,2.065043475734e+03,2.034387298660e+01,2.496213861690e-03
4.775447033730e-03,2.213625481245e+01,7.411458518620e+00,6.047281636923e+04,2.064728611443e+03,2.034697535400e+01,2.493695066140e-03
4.775696529558e-03,2.213164500863e+01,7.410599322661e+00,6.053612474295e+04,2.064413746070e+03,2.035007867842e+01,2.491178282567e-03
4.775945765341e-03,2.212703522504e+01,7.409739378276e+00,6.059950677928e+04,2.064098879620e+03,2.035318296026e+01,2.488663510137e-03
4.776194741359e-03,2.212242546096e+01,7.408878685721e+00,6.066296257951e+04,2.063784012043e+03,2.035628820047e+01,2.486150747602e-03
4.776443457845e-03,2.211781571645e+01,7.408017245402e+00,6.072649223393e+04,2.063469143342e+03,2.035939439943e+01,2.483639994155e-03
4.776691915081e-03,2.211320599071e+01,7.407155057560e+00,6.079009584509e+04,2.063154273464e+03,2.036250155814e+01,2.481131248506e-03
4.776940113303e-03,2.210859628380e+01,7.406292122599e+00,6.085377350370e+04,2.062839402413e+03,2.036560967698e+01,2.478624509841e-03
4.777188052785e-03,2.210398659502e+01,7.405428440778e+00,6.091752531107e+04,2.062524530142e+03,2.036871875689e+01,2.476119776931e-03
4.777435733768e-03,2.209937692433e+01,7.404564012482e+00,6.098135135946e+04,2.062209656649e+03,2.037182879830e+01,2.473617048911e-03
4.777683156512e-03,2.209476727131e+01,7.403698838017e+00,6.104525174694e+04,2.061894781905e+03,2.037493980197e+01,2.471116324688e-03
4.777930321289e-03,2.209015763528e+01,7.402832917650e+00,6.110922657457e+04,2.061579905865e+03,2.037805176878e+01,2.468617603063e-03
4.778177228324e-03,2.208554801649e+01,7.401966251811e+00,6.117327593157e+04,2.061265028545e+03,2.038116469903e+01,2.466120883302e-03
4.778423877902e-03,2.208093841404e+01,7.401098840722e+00,6.123739992249e+04,2.060950149885e+03,2.038427859374e+01,2.463626164077e-03
4.778670270271e-03,2.207632882770e+01,7.400230684727e+00,6.130159864299e+04,2.060635269869e+03,2.038739345353e+01,2.461133444416e-03
4.778916405666e-03,2.207171925750e+01,7.399361784216e+00,6.136587218544e+04,2.060320388499e+03,2.039050927882e+01,2.458642723475e-03
4.779162284361e-03,2.206710970272e+01,7.398492139441e+00,6.143022065240e+04,2.060005505728e+03,2.039362607054e+01,2.456154000021e-03
4.779407906611e-03,2.206250016301e+01,7.397621750721e+00,6.149464414177e+04,2.059690621532e+03,2.039674382937e+01,2.453667273009e-03
4.779653272670e-03,2.205789063802e+01,7.396750618373e+00,6.155914275152e+04,2.059375735885e+03,2.039986255601e+01,2.451182541396e-03
4.779898382777e-03,2.205328112769e+01,7.395878742771e+00,6.162371657552e+04,2.059060848786e+03,2.040298225092e+01,2.448699804300e-03
4.780143237202e-03,2.204867163132e+01,7.395006124166e+00,6.168836571677e+04,2.058745960188e+03,2.040610291504e+01,2.446219060494e-03
4.780387836191e-03,2.204406214875e+01,7.394132762911e+00,6.175309027111e+04,2.058431070077e+03,2.040922454893e+01,2.443740309033e-03
4.780632180001e-03,2.203945267955e+01,7.393258659306e+00,6.181789033799e+04,2.058116178427e+03,2.041234715331e+01,2.441263548835e-03
4.780876268889e-03,2.203484322325e+01,7.392383813644e+00,6.188276601765e+04,2.057801285207e+03,2.041547072896e+01,2.438788778796e-03
4.781120103090e-03,2.203023377988e+01,7.391508226311e+00,6.194771740367e+04,2.057486390416e+03,2.041859527631e+01,2.436315998071e-03
4.781363682879e-03,2.202562434865e+01,7.390631897537e+00,6.201274460106e+04,2.057171494003e+03,2.042172079635e+01,2.433845205385e-03
4.781607008507e-03,2.202101492921e+01,7.389754827637e+00,6.207784770873e+04,2.056856595945e+03,2.042484728974e+01,2.431376399699e-03
4.781850080201e-03,2.201640552172e+01,7.388877017019e+00,6.214302681877e+04,2.056541696251e+03,2.042797475686e+01,2.428909580240e-03
4.782092898239e-03,2.201179612531e+01,7.387998465896e+00,6.220828203781e+04,2.056226794863e+03,2.043110319873e+01,2.426444745686e-03
4.782335462870e-03,2.200718673967e+01,7.387119174588e+00,6.227361346461e+04,2.055911891762e+03,2.043423261600e+01,2.423981895020e-03
4.782577774328e-03,2.200257736479e+01,7.386239143468e+00,6.233902119418e+04,2.055596986944e+03,2.043736300916e+01,2.421521027372e-03
4.782819832885e-03,2.199796799989e+01,7.385358372768e+00,6.240450533206e+04,2.055282080360e+03,2.044049437917e+01,2.419062141483e-03
4.783061638776e-03,2.199335864495e+01,7.384476862857e+00,6.247006597358e+04,2.054967172007e+03,2.044362672650e+01,2.416605236476e-03
4.783303192273e-03,2.198874929919e+01,7.383594613961e+00,6.253570322496e+04,2.054652261833e+03,2.044676005214e+01,2.414150311076e-03
4.783544493599e-03,2.198413996278e+01,7.382711626490e+00,6.260141717884e+04,2.054337349848e+03,2.044989435642e+01,2.411697364524e-03
4.783785543028e-03,2.197953063492e+01,7.381827900662e+00,6.266720794200e+04,2.054022436000e+03,2.045302964035e+01,2.409246395530e-03
4.784026340797e-03,2.197492131550e+01,7.380943436833e+00,6.273307561129e+04,2.053707520282e+03,2.045616590444e+01,2.406797403187e-03
4.784266887161e-03,2.197031200405e+01,7.380058235283e+00,6.279902028928e+04,2.053392602660e+03,2.045930314950e+01,2.404350386377e-03
4.784507182375e-03,2.196570270012e+01,7.379172296299e+00,6.286504207792e+04,2.053077683106e+03,2.046244137625e+01,2.401905344009e-03
4.784747226672e-03,2.196109340366e+01,7.378285620242e+00,6.293114107401e+04,2.052762761616e+03,2.046558058522e+01,2.399462275191e-03
4.784987020319e-03,2.195648411396e+01,7.377398207349e+00,6.299731738353e+04,2.052447838142e+03,2.046872077732e+01,2.397021178696e-03
4.785226563556e-03,2.195187483084e+01,7.376510057954e+00,6.306357110535e+04,2.052132912671e+03,2.047186195316e+01,2.394582053564e-03
4.785465856635e-03,2.194726555389e+01,7.375621172350e+00,6.312990234146e+04,2.051817985178e+03,2.047500411344e+01,2.392144898723e-03
4.785704899806e-03,2.194265628269e+01,7.374731550823e+00,6.319631119455e+04,2.051503055633e+03,2.047814725893e+01,2.389709713087e-03
4.785943693307e-03,2.193804701710e+01,7.373841193717e+00,6.326279776305e+04,2.051188124026e+03,2.048129139019e+01,2.387276495724e-03
4.786182237413e-03,2.193343775622e+01,7.372950101224e+00,6.332936215671e+04,2.050873190299e+03,2.048443650827e+01,2.384845245298e-03
4.786420532336e-03,2.192882850039e+01,7.372058273780e+00,6.339600446733e+04,2.050558254473e+03,2.048758261341e+01,2.382415961132e-03
4.786658578346e-03,2.192421924883e+01,7.371165711597e+00,6.346272480347e+04,2.050243316494e+03,2.049072970662e+01,2.379988641943e-03
4.786896375693e-03,2.191961000109e+01,7.370272414959e+00,6.352952326845e+04,2.049928376336e+03,2.049387778863e+01,2.377563286645e-03
4.787133924619e-03,2.191500075692e+01,7.369378384179e+00,6.359639996337e+04,2.049613433979e+03,2.049702686011e+01,2.375139894237e-03
4.787371225354e-03,2.191039151629e+01,7.368483619621e+00,6.366335498585e+04,2.049298489422e+03,2.050017692152e+01,2.372718463850e-03
4.787608278181e-03,2.190578227812e+01,7.367588121434e+00,6.373038844946e+04,2.048983542593e+03,2.050332797408e+01,2.370298994042e-03
4.787845083312e-03,2.190117304273e+01,7.366691890049e+00,6.379750044690e+04,2.048668593513e+03,2.050648001800e+01,2.367881484131e-03
4.788081641026e-03,2.189656380911e+01,7.365794925630e+00,6.386469109086e+04,2.048353642112e+03,2.050963305448e+01,2.365465932721e-03
4.788317951536e-03,2.189195457753e+01,7.364897228593e+00,6.393196047550e+04,2.048038688412e+03,2.051278708377e+01,2.363052339085e-03
4.788554015105e-03,2.188734534729e+01,7.363998799164e+00,6.399930870890e+04,2.047723732364e+03,2.051594210681e+01,2.360640702002e-03
4.788789831986e-03,2.188273611788e+01,7.363099637605e+00,6.406673589694e+04,2.047408773933e+03,2.051909812443e+01,2.358231020338e-03
4.789025402413e-03,2.187812688915e+01,7.362199744248e+00,6.413424214012e+04,2.047093813110e+03,2.052225513720e+01,2.355823293154e-03
4.789260726632e-03,2.187351766073e+01,7.361299119379e+00,6.420182754254e+04,2.046778849870e+03,2.052541314582e+01,2.353417519386e-03
4.789495804890e-03,2.186890843220e+01,7.360397763278e+00,6.426949220890e+04,2.046463884185e+03,2.052857215107e+01,2.351013697960e-03
4.789730637439e-03,2.186429920305e+01,7.359495676204e+00,6.433723624556e+04,2.046148916020e+03,2.053173215375e+01,2.348611827741e-03
4.789965224518e-03,2.185968997300e+01,7.358592858459e+00,6.440505975563e+04,2.045833945358e+03,2.053489315451e+01,2.346211907719e-03
4.790199566374e-03,2.185508074165e+01,7.357689310324e+00,6.447296284407e+04,2.045518972170e+03,2.053805515412e+01,2.343813936824e-03
4.790433663239e-03,2.185047150885e+01,7.356785032126e+00,6.454094561241e+04,2.045203996447e+03,2.054121815313e+01,2.341417914111e-03
4.790667515378e-03,2.184586227383e+01,7.355880024070e+00,6.460900817149e+04,2.044889018137e+03,2.054438215255e+01,2.339023838311e-03
4.790901123008e-03,2.184125303671e+01,7.354974286537e+00,6.467715061893e+04,2.044574037248e+03,2.054754715275e+01,2.336631708628e-03
4.791134486409e-03,2.183664379643e+01,7.354067819671e+00,6.474537307028e+04,2.044259053708e+03,2.055071315496e+01,2.334241523640e-03
4.791367605790e-03,2.183203455328e+01,7.353160623887e+00,6.481367562098e+04,2.043944067539e+03,2.055388015942e+01,2.331853282634e-03
4.791600481418e-03,2.182742530642e+01,7.352252699373e+00,6.488205838343e+04,2.043629078682e+03,2.055704816720e+01,2.329466984312e-03
4.791833113524e-03,2.182281605568e+01,7.351344046447e+00,6.495052146042e+04,2.043314087127e+03,2.056021717888e+01,2.327082627716e-03
4.792065502344e-03,2.181820680082e+01,7.350434665419e+00,6.501906495561e+04,2.042999092858e+03,2.056338719508e+01,2.324700211859e-03
4.792297648148e-03,2.181359754094e+01,7.349524556459e+00,6.508768898301e+04,2.042684095814e+03,2.056655821692e+01,2.322319735404e-03
4.792529551142e-03,2.180898827637e+01,7.348613719987e+00,6.515639363822e+04,2.042369096016e+03,2.056973024464e+01,2.319941197659e-03
4.792761211602e-03,2.180437900606e+01,7.347702156144e+00,6.522517903762e+04,2.042054093396e+03,2.057290327943e+01,2.317564597213e-03
4.792992629742e-03,2.179976973015e+01,7.346789865311e+00,6.529404527986e+04,2.041739087962e+03,2.057607732167e+01,2.315189933274e-03
4.793223805822e-03,2.179516044793e+01,7.345876847696e+00,6.536299247678e+04,2.041424079666e+03,2.057925237233e+01,2.312817204605e-03
4.793454740084e-03,2.179055115900e+01,7.344963103568e+00,6.543202073541e+04,2.041109068481e+03,2.058242843215e+01,2.310446410135e-03
4.793685432755e-03,2.178594186326e+01,7.344048633256e+00,6.550113015868e+04,2.040794054401e+03,2.058560550169e+01,2.308077548939e-03
4.793915884082e-03,2.178133256020e+01,7.343133437009e+00,6.557032085547e+04,2.040479037393e+03,2.058878358176e+01,2.305710619898e-03
4.794146094321e-03,2.177672324913e+01,7.342217515036e+00,6.563959293798e+04,2.040164017408e+03,2.059196267333e+01,2.303345621779e-03
4.794376063693e-03,2.177211393005e+01,7.341300867683e+00,6.570894650789e+04,2.039848994447e+03,2.059514277686e+01,2.300982553718e-03
4.794605792441e-03,2.176750460255e+01,7.340383495215e+00,6.577838167329e+04,2.039533968484e+03,2.059832389313e+01,2.298621414635e-03
4.794835280816e-03,2.176289526602e+01,7.339465397857e+00,6.584789854539e+04,2.039218939476e+03,2.060150602303e+01,2.296262203350e-03
4.795064529053e-03,2.175828592015e+01,7.338546575893e+00,6.591749723107e+04,2.038903907403e+03,2.060468916725e+01,2.293904918835e-03
4.795293537384e-03,2.175367656471e+01,7.337627029620e+00,6.598717783622e+04,2.038588872250e+03,2.060787332644e+01,2.291549560103e-03
4.795522306055e-03,2.174906719921e+01,7.336706759284e+00,6.605694047074e+04,2.038273833983e+03,2.061105850141e+01,2.289196126034e-03
4.795750835317e-03,2.174445782302e+01,7.335785765102e+00,6.612678524693e+04,2.037958792561e+03,2.061424469307e+01,2.286844615432e-03
4.795979125389e-03,2.173984843612e+01,7.334864047415e+00,6.619671226763e+04,2.037643747983e+03,2.061743190193e+01,2.284495027428e-03
4.796207176512e-03,2.173523903810e+01,7.333941606482e+00,6.626672164224e+04,2.037328700219e+03,2.062062012875e+01,2.282147360936e-03
4.796434988949e-03,2.173062962812e+01,7.333018442472e+00,6.633681348673e+04,2.037013649215e+03,2.062380937460e+01,2.279801614652e-03
4.796662562907e-03,2.172602020636e+01,7.332094555768e+00,6.640698790141e+04,2.036698594982e+03,2.062699963982e+01,2.277457787808e-03
4.796889898646e-03,2.172141077202e+01,7.331169946547e+00,6.647724500184e+04,2.036383537466e+03,2.063019092546e+01,2.275115879127e-03
4.797116996386e-03,2.171680132506e+01,7.330244615140e+00,6.654758489246e+04,2.036068476666e+03,2.063338323204e+01,2.272775887708e-03
4.797343856392e-03,2.171219186455e+01,7.329318561700e+00,6.661800769101e+04,2.035753412517e+03,2.063657656067e+01,2.270437812215e-03
4.797570478869e-03,2.170758239077e+01,7.328391786621e+00,6.668851349716e+04,2.035438345040e+03,2.063977091166e+01,2.268101651917e-03
4.797796864073e-03,2.170297290292e+01,7.327464290081e+00,6.675910242706e+04,2.035123274180e+03,2.064296628604e+01,2.265767405540e-03
4.798023012250e-03,2.169836340044e+01,7.326536072304e+00,6.682977459358e+04,2.034808199901e+03,2.064616268468e+01,2.263435071926e-03
4.798248923617e-03,2.169375388335e+01,7.325607133628e+00,6.690053010085e+04,2.034493122202e+03,2.064936010808e+01,2.261104650211e-03
4.798474598423e-03,2.168914435099e+01,7.324677474259e+00,6.697136906325e+04,2.034178041040e+03,2.065255855715e+01,2.258776139196e-03
4.798700036895e-03,2.168453480315e+01,7.323747094489e+00,6.704229158876e+04,2.033862956402e+03,2.065575803254e+01,2.256449537901e-03
4.798925239284e-03,2.167992523916e+01,7.322815994517e+00,6.711329779252e+04,2.033547868241e+03,2.065895853520e+01,2.254124845114e-03
4.799150205813e-03,2.167531565888e+01,7.321884174651e+00,6.718438778152e+04,2.033232776548e+03,2.066216006572e+01,2.251802059896e-03
4.799374936725e-03,2.167070606178e+01,7.320951635112e+00,6.725556166928e+04,2.032917681289e+03,2.066536262496e+01,2.249481181100e-03
4.799599432245e-03,2.166609644767e+01,7.320018376199e+00,6.732681956388e+04,2.032602582450e+03,2.066856621354e+01,2.247162207762e-03
4.799823692635e-03,2.166148681559e+01,7.319084398048e+00,6.739816158547e+04,2.032287479966e+03,2.067177083262e+01,2.244845138531e-03
4.800047718097e-03,2.165687716583e+01,7.318149701051e+00,6.746958783523e+04,2.031972373858e+03,2.067497648248e+01,2.242529972674e-03
4.800271508882e-03,2.165226749769e+01,7.317214285396e+00,6.754109842970e+04,2.031657264079e+03,2.067818316410e+01,2.240216708970e-03
4.800495065237e-03,2.164765781049e+01,7.316278151276e+00,6.761269348534e+04,2.031342150581e+03,2.068139087846e+01,2.237905346204e-03
4.800718387367e-03,2.164304810447e+01,7.315341299067e+00,6.768437310458e+04,2.031027033383e+03,2.068459962588e+01,2.235595883618e-03
4.800941475539e-03,2.163843837852e+01,7.314403728875e+00,6.775613741079e+04,2.030711912409e+03,2.068780940762e+01,2.233288319786e-03
4.801164329964e-03,2.163382863274e+01,7.313465441050e+00,6.782798650858e+04,2.030396787665e+03,2.069102022411e+01,2.230982653892e-03
4.801386950885e-03,2.162921886654e+01,7.312526435797e+00,6.789992051400e+04,2.030081659113e+03,2.069423207625e+01,2.228678884755e-03
4.801609338533e-03,2.162460907958e+01,7.311586713374e+00,6.797193953891e+04,2.029766526730e+03,2.069744496478e+01,2.226377011335e-03
4.801831493149e-03,2.161999927128e+01,7.310646273993e+00,6.804404369910e+04,2.029451390475e+03,2.070065889060e+01,2.224077032474e-03
4.802053414958e-03,2.161538944141e+01,7.309705117931e+00,6.811623310520e+04,2.029136250335e+03,2.070387385437e+01,2.221778947179e-03
4.802275104193e-03,2.161077958961e+01,7.308763245439e+00,6.818850787007e+04,2.028821106286e+03,2.070708985682e+01,2.219482754395e-03
4.802496561096e-03,2.160616971523e+01,7.307820656711e+00,6.826086811120e+04,2.028505958282e+03,2.071030689892e+01,2.217188452924e-03
4.802717785883e-03,2.160155981826e+01,7.306877352069e+00,6.833331393607e+04,2.028190806324e+03,2.071352498117e+01,2.214896041893e-03
4.802938778818e-03,2.159694989760e+01,7.305933331610e+00,6.840584546983e+04,2.027875650338e+03,2.071674410483e+01,2.212605519870e-03
4.803159540090e-03,2.159233995378e+01,7.304988595767e+00,6.847846281173e+04,2.027560490360e+03,2.071996427003e+01,2.210316886251e-03
4.803380069964e-03,2.158772998567e+01,7.304043144632e+00,6.855116608756e+04,2.027245326313e+03,2.072318547807e+01,2.208030139600e-03
4.803600368671e-03,2.158311999292e+01,7.303096978452e+00,6.862395541104e+04,2.026930158174e+03,2.072640772969e+01,2.205745278864e-03
4.803820436417e-03,2.157850997563e+01,7.302150097573e+00,6.869683088873e+04,2.026614985951e+03,2.072963102531e+01,2.203462303222e-03
4.804040273468e-03,2.157389993267e+01,7.301202502080e+00,6.876979264701e+04,2.026299809566e+03,2.073285536624e+01,2.201181211237e-03
4.804259880023e-03,2.156928986431e+01,7.300254192349e+00,6.884284079024e+04,2.025984629039e+03,2.073608075278e+01,2.198902002165e-03
4.804479256337e-03,2.156467976965e+01,7.299305168517e+00,6.891597544131e+04,2.025669444309e+03,2.073930718607e+01,2.196624674690e-03
4.804698402620e-03,2.156006964870e+01,7.298355430900e+00,6.898919670915e+04,2.025354255375e+03,2.074253466661e+01,2.194349227937e-03
4.804917319125e-03,2.155545950058e+01,7.297404979641e+00,6.906250471655e+04,2.025039062181e+03,2.074576319551e+01,2.192075660602e-03
4.805136006072e-03,2.155084932510e+01,7.296453815016e+00,6.913589957592e+04,2.024723864712e+03,2.074899277340e+01,2.189803971712e-03
4.805354463689e-03,2.154623912190e+01,7.295501937265e+00,6.920938140246e+04,2.024408662944e+03,2.075222340106e+01,2.187534160212e-03
4.805572692201e-03,2.154162889067e+01,7.294549346645e+00,6.928295031051e+04,2.024093456858e+03,2.075545507920e+01,2.185266225078e-03
4.805790691861e-03,2.153701863050e+01,7.293596043279e+00,6.935660642459e+04,2.023778246391e+03,2.075868780897e+01,2.183000164978e-03
4.806008462866e-03,2.153240834167e+01,7.292642027545e+00,6.943034984981e+04,2.023463031562e+03,2.076192159067e+01,2.180735979183e-03
4.806226005472e-03,2.152779802320e+01,7.291687299552e+00,6.950418071204e+04,2.023147812306e+03,2.076515642551e+01,2.178473666331e-03
4.806443319896e-03,2.152318767493e+01,7.290731859581e+00,6.957809912406e+04,2.022832588612e+03,2.076839231409e+01,2.176213225467e-03
4.806660406372e-03,2.151857729632e+01,7.289775707834e+00,6.965210520489e+04,2.022517360444e+03,2.077162925732e+01,2.173954655451e-03
4.806877265124e-03,2.151396688709e+01,7.288818844565e+00,6.972619906964e+04,2.022202127783e+03,2.077486725589e+01,2.171697955267e-03
4.807093896380e-03,2.150935644682e+01,7.287861270001e+00,6.980038083566e+04,2.021886890601e+03,2.077810631061e+01,2.169443123836e-03
4.807310300375e-03,2.150474597496e+01,7.286902984336e+00,6.987465062285e+04,2.021571648860e+03,2.078134642238e+01,2.167190160007e-03
4.807526477333e-03,2.150013547115e+01,7.285943987810e+00,6.994900854782e+04,2.021256402537e+03,2.078458759196e+01,2.164939062734e-03
4.807742427485e-03,2.149552493493e+01,7.284984280636e+00,7.002345472937e+04,2.020941151602e+03,2.078782982017e+01,2.162689830912e-03
4.807958151055e-03,2.149091436596e+01,7.284023863050e+00,7.009798928443e+04,2.020625896030e+03,2.079107310780e+01,2.160442463494e-03
4.808173648264e-03,2.148630376394e+01,7.283062735305e+00,7.017261232909e+04,2.020310635803e+03,2.079431745554e+01,2.158196959467e-03
4.808388919362e-03,2.148169312799e+01,7.282100897521e+00,7.024732398968e+04,2.019995370860e+03,2.079756286453e+01,2.155953317514e-03
4.808603964547e-03,2.147708245828e+01,7.281138350044e+00,7.032212437500e+04,2.019680101215e+03,2.080080933516e+01,2.153711536850e-03
4.808818784078e-03,2.147247175372e+01,7.280175092952e+00,7.039701361497e+04,2.019364826791e+03,2.080405686874e+01,2.151471616062e-03
4.809033378142e-03,2.146786101476e+01,7.279211126646e+00,7.047199181450e+04,2.019049547622e+03,2.080730546544e+01,2.149233554491e-03
4.809247747005e-03,2.146325024009e+01,7.278246451161e+00,7.054705910711e+04,2.018734263619e+03,2.081055512669e+01,2.146997350628e-03
4.809461890871e-03,2.145863942978e+01,7.277281066813e+00,7.062221560446e+04,2.018418974784e+03,2.081380585300e+01,2.144763003624e-03
4.809675809968e-03,2.145402858337e+01,7.276314973813e+00,7.069746142658e+04,2.018103681090e+03,2.081705764518e+01,2.142530512381e-03
4.809889504528e-03,2.144941770029e+01,7.275348172346e+00,7.077279669567e+04,2.017788382497e+03,2.082031050414e+01,2.140299875747e-03
4.810102974774e-03,2.144480678018e+01,7.274380662640e+00,7.084822153074e+04,2.017473078981e+03,2.082356443068e+01,2.138071092667e-03
4.810316220929e-03,2.144019582267e+01,7.273412444920e+00,7.092373605105e+04,2.017157770517e+03,2.082681942557e+01,2.135844162087e-03
4.810529243230e-03,2.143558482708e+01,7.272443519348e+00,7.099934038093e+04,2.016842457060e+03,2.083007548978e+01,2.133619082803e-03
4.810742041879e-03,2.143097379348e+01,7.271473886235e+00,7.107503463323e+04,2.016527138614e+03,2.083333262383e+01,2.131395853962e-03
4.810954617129e-03,2.142636272082e+01,7.270503545668e+00,7.115081893854e+04,2.016211815109e+03,2.083659082896e+01,2.129174474189e-03
4.811166969177e-03,2.142175160930e+01,7.269532497984e+00,7.122669340781e+04,2.015896486558e+03,2.083985010554e+01,2.126954942692e-03
4.811379098270e-03,2.141714045797e+01,7.268560743289e+00,7.130265817032e+04,2.015581152899e+03,2.084311045477e+01,2.124737258149e-03
4.811591004616e-03,2.141252926676e+01,7.267588281862e+00,7.137871334190e+04,2.015265814124e+03,2.084637187723e+01,2.122521419637e-03
4.811802688458e-03,2.140791803485e+01,7.266615113834e+00,7.145485905016e+04,2.014950470182e+03,2.084963437401e+01,2.120307425891e-03
4.812014149997e-03,2.140330676228e+01,7.265641239508e+00,7.153109540929e+04,2.014635121073e+03,2.085289794561e+01,2.118095276047e-03
4.812225389476e-03,2.139869544820e+01,7.264666659002e+00,7.160742254813e+04,2.014319766739e+03,2.085616259317e+01,2.115884968818e-03
4.812436407095e-03,2.139408409270e+01,7.263691372636e+00,7.168384057980e+04,2.014004407190e+03,2.085942831713e+01,2.113676503376e-03
4.812647203111e-03,2.138947269461e+01,7.262715380455e+00,7.176034963915e+04,2.013689042344e+03,2.086269511885e+01,2.111469878273e-03
4.812857777722e-03,2.138486125402e+01,7.261738682776e+00,7.183694983980e+04,2.013373672208e+03,2.086596299881e+01,2.109265092682e-03
4.813068131159e-03,2.138024977036e+01,7.260761279773e+00,7.191364130672e+04,2.013058296744e+03,2.086923195791e+01,2.107062145446e-03
4.813278263639e-03,2.137563824327e+01,7.259783171665e+00,7.199042416150e+04,2.012742915929e+03,2.087250199695e+01,2.104861035519e-03
4.813488175395e-03,2.137102667212e+01,7.258804358610e+00,7.206729853055e+04,2.012427529718e+03,2.087577311692e+01,2.102661761717e-03
4.813697866639e-03,2.136641505668e+01,7.257824840854e+00,7.214426453365e+04,2.012112138098e+03,2.087904531849e+01,2.100464323053e-03
4.813907337591e-03,2.136180339655e+01,7.256844618606e+00,7.222132229349e+04,2.011796741042e+03,2.088231860246e+01,2.098268718461e-03
4.814116588491e-03,2.135719169090e+01,7.255863691982e+00,7.229847194037e+04,2.011481338493e+03,2.088559296998e+01,2.096074946666e-03
4.814325619537e-03,2.135257993984e+01,7.254882061296e+00,7.237571358895e+04,2.011165930459e+03,2.088886842149e+01,2.093883006840e-03
4.814534430972e-03,2.134796814242e+01,7.253899726634e+00,7.245304737203e+04,2.010850516877e+03,2.089214495820e+01,2.091692897649e-03
4.814743022995e-03,2.134335629870e+01,7.252916688304e+00,7.253047340512e+04,2.010535097750e+03,2.089542258059e+01,2.089504618251e-03
4.814951395857e-03,2.133874440758e+01,7.251932946360e+00,7.260799182383e+04,2.010219673005e+03,2.089870128997e+01,2.087318167243e-03
4.815159549743e-03,2.133413246943e+01,7.250948501167e+00,7.268560273942e+04,2.009904242667e+03,2.090198108663e+01,2.085133543913e-03
4.815367484908e-03,2.132952048303e+01,7.249963352758e+00,7.276330628948e+04,2.009588806653e+03,2.090526197195e+01,2.082950746816e-03
4.815575201539e-03,2.132490844866e+01,7.248977501476e+00,7.284110258707e+04,2.009273364982e+03,2.090854394629e+01,2.080769775198e-03
4.815782699881e-03,2.132029636536e+01,7.247990947407e+00,7.291899176599e+04,2.008957917591e+03,2.091182701083e+01,2.078590627729e-03
4.815989980159e-03,2.131568423255e+01,7.247003690712e+00,7.299697395405e+04,2.008642464441e+03,2.091511116655e+01,2.076413303256e-03
4.816197042558e-03,2.131107205057e+01,7.246015731752e+00,7.307504926349e+04,2.008327005553e+03,2.091839641374e+01,2.074237801064e-03
4.816403887335e-03,2.130645981817e+01,7.245027070540e+00,7.315321783406e+04,2.008011540844e+03,2.092168275381e+01,2.072064119674e-03
4.816610514684e-03,2.130184753544e+01,7.244037707384e+00,7.323147978242e+04,2.007696070322e+03,2.092497018725e+01,2.069892258257e-03
4.816816924841e-03,2.129723520156e+01,7.243047642394e+00,7.330983524102e+04,2.007380593929e+03,2.092825871518e+01,2.067722215553e-03
4.817023118019e-03,2.129262281624e+01,7.242056875787e+00,7.338828433394e+04,2.007065111647e+03,2.093154833834e+01,2.065553990536e-03
4.817229094438e-03,2.128801037899e+01,7.241065407744e+00,7.346682718836e+04,2.006749623443e+03,2.093483905762e+01,2.063387582101e-03
4.817434854304e-03,2.128339788964e+01,7.240073238508e+00,7.354546392649e+04,2.006434129306e+03,2.093813087370e+01,2.061222989287e-03
4.817640397858e-03,2.127878534726e+01,7.239080368165e+00,7.362419468326e+04,2.006118629173e+03,2.094142378775e+01,2.059060210784e-03
4.817845725298e-03,2.127417275184e+01,7.238086796993e+00,7.370301957855e+04,2.005803123044e+03,2.094471780033e+01,2.056899245706e-03
4.818050836860e-03,2.126956010250e+01,7.237092525081e+00,7.378193874721e+04,2.005487610859e+03,2.094801291263e+01,2.054740092758e-03
4.818255732742e-03,2.126494739931e+01,7.236097552724e+00,7.386095230800e+04,2.005172092623e+03,2.095130912514e+01,2.052582751094e-03
4.818460413174e-03,2.126033464145e+01,7.235101880028e+00,7.394006039474e+04,2.004856568283e+03,2.095460643895e+01,2.050427219458e-03
4.818664878388e-03,2.125572182821e+01,7.234105507118e+00,7.401926314004e+04,2.004541037788e+03,2.095790485515e+01,2.048273496636e-03
4.818869128565e-03,2.125110895990e+01,7.233108434337e+00,7.409856065919e+04,2.004225501162e+03,2.096120437405e+01,2.046121581891e-03
4.819073163939e-03,2.124649603575e+01,7.232110661796e+00,7.417795308607e+04,2.003909958351e+03,2.096450499675e+01,2.043971473982e-03
4.819276984744e-03,2.124188305487e+01,7.231112189584e+00,7.425744055644e+04,2.003594409297e+03,2.096780672443e+01,2.041823171627e-03
4.819480591171e-03,2.123727001739e+01,7.230113018000e+00,7.433702318956e+04,2.003278854008e+03,2.097110955755e+01,2.039676673994e-03
4.819683983458e-03,2.123265692239e+01,7.229113147124e+00,7.441670112217e+04,2.002963292422e+03,2.097441349729e+01,2.037531979785e-03
4.819887161799e-03,2.122804376990e+01,7.228112577239e+00,7.449647447512e+04,2.002647724543e+03,2.097771854420e+01,2.035389088134e-03
4.820090126436e-03,2.122343055887e+01,7.227111308389e+00,7.457634338836e+04,2.002332150297e+03,2.098102469959e+01,2.033247997670e-03
4.820292877558e-03,2.121881728949e+01,7.226109340889e+00,7.465630798024e+04,2.002016569700e+03,2.098433196384e+01,2.031108707604e-03
4.820495415394e-03,2.121420396095e+01,7.225106674838e+00,7.473636838678e+04,2.001700982696e+03,2.098764033811e+01,2.028971216680e-03
4.820697740164e-03,2.120959057272e+01,7.224103310395e+00,7.481652473910e+04,2.001385389250e+03,2.099094982332e+01,2.026835523780e-03
4.820899852071e-03,2.120497712462e+01,7.223099247793e+00,7.489677716273e+04,2.001069789350e+03,2.099426042014e+01,2.024701627938e-03
4.821101751350e-03,2.120036361573e+01,7.222094487100e+00,7.497712579631e+04,2.000754182935e+03,2.099757212979e+01,2.022569527845e-03
4.821303438187e-03,2.119575004624e+01,7.221089028631e+00,7.505757075914e+04,2.000438570015e+03,2.100088495270e+01,2.020439222715e-03
4.821504912823e-03,2.119113641511e+01,7.220082872428e+00,7.513811219231e+04,2.000122950523e+03,2.100419889015e+01,2.018310711184e-03
4.821706175458e-03,2.118652272218e+01,7.219076018729e+00,7.521875022132e+04,1.999807324449e+03,2.100751394281e+01,2.016183992309e-03
4.821907226307e-03,2.118190896701e+01,7.218068467707e+00,7.529948497738e+04,1.999491691761e+03,2.101083011156e+01,2.014059065001e-03
4.822108065590e-03,2.117729514898e+01,7.217060219491e+00,7.538031659484e+04,1.999176052418e+03,2.101414739741e+01,2.011935928095e-03
4.822308693515e-03,2.117268126776e+01,7.216051274281e+00,7.546124520292e+04,1.998860406400e+03,2.101746580112e+01,2.009814580564e-03
4.822509110308e-03,2.116806732260e+01,7.215041632178e+00,7.554227093877e+04,1.998544753654e+03,2.102078532381e+01,2.007695021180e-03
4.822709316156e-03,2.116345331367e+01,7.214031293490e+00,7.562339392311e+04,1.998229094193e+03,2.102410596592e+01,2.005577249151e-03
4.822909311307e-03,2.115883923967e+01,7.213020258194e+00,7.570461430322e+04,1.997913427929e+03,2.102742772891e+01,2.003461262993e-03
4.823109095941e-03,2.115422510094e+01,7.212008526633e+00,7.578593219746e+04,1.997597754887e+03,2.103075061313e+01,2.001347061988e-03
4.823308670299e-03,2.114961089633e+01,7.210996098817e+00,7.586734775072e+04,1.997282074986e+03,2.103407461996e+01,1.999234644726e-03
4.823508034567e-03,2.114499662599e+01,7.209982975047e+00,7.594886108488e+04,1.996966388240e+03,2.103739974983e+01,1.997124010405e-03
4.823707188982e-03,2.114038228893e+01,7.208969155367e+00,7.603047234260e+04,1.996650694580e+03,2.104072600403e+01,1.995015157687e-03
4.823906133746e-03,2.113576788487e+01,7.207954639979e+00,7.611218165401e+04,1.996334993988e+03,2.104405338333e+01,1.992908085566e-03
4.824104869062e-03,2.113115341360e+01,7.206939429098e+00,7.619398914815e+04,1.996019286451e+03,2.104738188843e+01,1.990802793066e-03
4.824303395158e-03,2.112653887422e+01,7.205923522793e+00,7.627589496621e+04,1.995703571908e+03,2.105071152054e+01,1.988699278908e-03
4.824501712227e-03,2.112192426675e+01,7.204906921325e+00,7.635789923382e+04,1.995387850359e+03,2.105404228022e+01,1.986597542215e-03
4.824699820510e-03,2.111730959000e+01,7.203889624694e+00,7.644000209811e+04,1.995072121726e+03,2.105737416889e+01,1.984497581565e-03
4.824897720179e-03,2.111269484445e+01,7.202871633266e+00,7.652220367646e+04,1.994756386041e+03,2.106070718675e+01,1.982399396303e-03
4.825095411488e-03,2.110808002858e+01,7.201852946966e+00,7.660450412231e+04,1.994440643201e+03,2.106404133550e+01,1.980302984859e-03
4.825292894599e-03,2.110346514309e+01,7.200833566206e+00,7.668690354976e+04,1.994124893254e+03,2.106737661517e+01,1.978208346670e-03
4.825490169782e-03,2.109885018614e+01,7.199813490840e+00,7.676940211822e+04,1.993809136076e+03,2.107071302765e+01,1.976115480025e-03
4.825687237187e-03,2.109423515863e+01,7.198792721324e+00,7.685199993845e+04,1.993493371729e+03,2.107405057288e+01,1.974024384458e-03
4.825884097064e-03,2.108962005920e+01,7.197771257612e+00,7.693469716218e+04,1.993177600119e+03,2.107738925241e+01,1.971935058465e-03
4.826080749606e-03,2.108500488776e+01,7.196749099943e+00,7.701749391796e+04,1.992861821242e+03,2.108072906686e+01,1.969847501136e-03
4.826277195037e-03,2.108038964350e+01,7.195726248394e+00,7.710039034793e+04,1.992546035044e+03,2.108407001738e+01,1.967761711224e-03
4.826473433551e-03,2.107577432631e+01,7.194702703196e+00,7.718338658166e+04,1.992230241516e+03,2.108741210464e+01,1.965677687803e-03
4.826669465369e-03,2.107115893548e+01,7.193678464444e+00,7.726648275985e+04,1.991914440613e+03,2.109075532971e+01,1.963595429674e-03
4.826865290691e-03,2.106654347070e+01,7.192653532326e+00,7.734967901612e+04,1.991598632312e+03,2.109409969339e+01,1.961514935819e-03
4.827060909733e-03,2.106192793138e+01,7.191627906962e+00,7.743297548951e+04,1.991282816573e+03,2.109744519669e+01,1.959436205092e-03
4.827256322713e-03,2.105731231680e+01,7.190601588447e+00,7.751637232127e+04,1.990966993350e+03,2.110079184068e+01,1.957359236294e-03
4.827451529815e-03,2.105269662709e+01,7.189574577060e+00,7.759986963781e+04,1.990651162651e+03,2.110413962586e+01,1.955284028607e-03
4.827646531260e-03,2.104808086146e+01,7.188546872879e+00,7.768346758227e+04,1.990335324421e+03,2.110748855338e+01,1.953210580797e-03
4.827841327258e-03,2.104346501939e+01,7.187518476041e+00,7.776716629291e+04,1.990019478629e+03,2.111083862416e+01,1.951138891757e-03
4.828035918029e-03,2.103884910014e+01,7.186489386629e+00,7.785096591268e+04,1.989703625223e+03,2.111418983934e+01,1.949068960273e-03
4.828230303762e-03,2.103423310367e+01,7.185459604883e+00,7.793486657169e+04,1.989387764199e+03,2.111754219953e+01,1.947000785452e-03
4.828424484667e-03,2.102961702944e+01,7.184429130933e+00,7.801886840945e+04,1.989071895523e+03,2.112089570569e+01,1.944934366171e-03
4.828618460970e-03,2.102500087653e+01,7.183397964825e+00,7.810297157233e+04,1.988756019134e+03,2.112425035905e+01,1.942869701150e-03
4.828812232847e-03,2.102038464523e+01,7.182366106867e+00,7.818717618543e+04,1.988440135049e+03,2.112760616001e+01,1.940806789633e-03
4.829005800533e-03,2.101576833436e+01,7.181333557046e+00,7.827148240028e+04,1.988124243191e+03,2.113096310999e+01,1.938745630221e-03
4.829199164215e-03,2.101115194394e+01,7.180300315612e+00,7.835589034710e+04,1.987808343560e+03,2.113432120954e+01,1.936686222043e-03
4.829392324133e-03,2.100653547267e+01,7.179266382524e+00,7.844040018006e+04,1.987492436070e+03,2.113768046021e+01,1.934628563650e-03
4.829585280439e-03,2.100191892141e+01,7.178231758215e+00,7.852501201465e+04,1.987176520778e+03,2.114104086194e+01,1.932572654540e-03
4.829778033394e-03,2.099730228833e+01,7.177196442521e+00,7.860972601535e+04,1.986860597562e+03,2.114440241665e+01,1.930518493022e-03
4.829970583183e-03,2.099268557348e+01,7.176160435700e+00,7.869454231240e+04,1.986544666424e+03,2.114776512489e+01,1.928466078248e-03
4.830162929991e-03,2.098806877687e+01,7.175123737999e+00,7.877946103705e+04,1.986228727366e+03,2.115112898723e+01,1.926415409346e-03
4.830355074057e-03,2.098345189720e+01,7.174086349367e+00,7.886448234501e+04,1.985912780302e+03,2.115449400519e+01,1.924366484858e-03
4.830547015557e-03,2.097883493473e+01,7.173048270103e+00,7.894960636349e+04,1.985596825247e+03,2.115786017919e+01,1.922319304022e-03
4.830738754740e-03,2.097421788790e+01,7.172009500103e+00,7.903483325304e+04,1.985280862096e+03,2.116122751094e+01,1.920273865277e-03
4.830930291750e-03,2.096960075770e+01,7.170970039830e+00,7.912016312781e+04,1.984964890920e+03,2.116459600030e+01,1.918230168182e-03
4.831121626856e-03,2.096498354210e+01,7.169929889064e+00,7.920559615801e+04,1.984648911577e+03,2.116796564934e+01,1.916188210958e-03
4.831312760208e-03,2.096036624194e+01,7.168889048241e+00,7.929113246030e+04,1.984332924128e+03,2.117133645804e+01,1.914147993115e-03
4.831503692056e-03,2.095574885565e+01,7.167847517240e+00,7.937677219717e+04,1.984016928465e+03,2.117470842813e+01,1.912109513068e-03
4.831694422567e-03,2.095113138362e+01,7.166805296391e+00,7.946251549442e+04,1.983700924616e+03,2.117808155991e+01,1.910072770118e-03
4.831884951978e-03,2.094651382457e+01,7.165762385647e+00,7.954836250872e+04,1.983384912494e+03,2.118145585492e+01,1.908037762836e-03
4.832075280464e-03,2.094189617871e+01,7.164718785288e+00,7.963431337016e+04,1.983068892113e+03,2.118483131357e+01,1.906004490426e-03
4.832265408241e-03,2.093727844529e+01,7.163674495383e+00,7.972036822627e+04,1.982752863425e+03,2.118820793703e+01,1.903972951687e-03
4.832455335521e-03,2.093266062360e+01,7.162629516009e+00,7.980652722428e+04,1.982436826378e+03,2.119158572640e+01,1.901943145432e-03
4.832645062499e-03,2.092804271332e+01,7.161583847330e+00,7.989279050415e+04,1.982120780955e+03,2.119496468250e+01,1.899915070647e-03
4.832834589386e-03,2.092342471382e+01,7.160537489438e+00,7.997915821218e+04,1.981804727112e+03,2.119834480638e+01,1.897888726178e-03
4.833023916361e-03,2.091880662515e+01,7.159490442580e+00,8.006563048186e+04,1.981488664853e+03,2.120172609861e+01,1.895864111176e-03
4.833213043670e-03,2.091418844579e+01,7.158442706643e+00,8.015220747660e+04,1.981172594074e+03,2.120510856090e+01,1.893841224094e-03
4.833401971461e-03,2.090957017657e+01,7.157394282052e+00,8.023888931566e+04,1.980856514835e+03,2.120849219322e+01,1.891820064427e-03
4.833590699995e-03,2.090495181558e+01,7.156345168607e+00,8.032567616998e+04,1.980540427004e+03,2.121187699757e+01,1.889800630467e-03
4.833779229433e-03,2.090033336332e+01,7.155295366649e+00,8.041256816604e+04,1.980224330615e+03,2.121526297421e+01,1.887782921547e-03
4.833967559988e-03,2.089571481903e+01,7.154244876242e+00,8.049956545333e+04,1.979908225620e+03,2.121865012425e+01,1.885766936471e-03
4.834155691867e-03,2.089109618210e+01,7.153193697477e+00,8.058666817936e+04,1.979592111976e+03,2.122203844877e+01,1.883752674095e-03
4.834343625267e-03,2.088647745214e+01,7.152141830496e+00,8.067387648735e+04,1.979275989656e+03,2.122542794863e+01,1.881740133380e-03
4.834531360398e-03,2.088185862847e+01,7.151089275371e+00,8.076119052675e+04,1.978959858616e+03,2.122881862495e+01,1.879729313146e-03
4.834718897448e-03,2.087723971086e+01,7.150036032284e+00,8.084861043796e+04,1.978643718842e+03,2.123221047848e+01,1.877720212430e-03
4.834906236640e-03,2.087262069836e+01,7.148982101243e+00,8.093613637604e+04,1.978327570266e+03,2.123560351055e+01,1.875712829937e-03
4.835093378143e-03,2.086800159118e+01,7.147927482528e+00,8.102376847352e+04,1.978011412906e+03,2.123899772157e+01,1.873707164892e-03
4.835280322175e-03,2.086338238842e+01,7.146872176158e+00,8.111150688488e+04,1.977695246701e+03,2.124239311283e+01,1.871703216025e-03
4.835467068955e-03,2.085876308915e+01,7.145816182149e+00,8.119935176493e+04,1.977379071587e+03,2.124578968561e+01,1.869700982065e-03
4.835653618651e-03,2.085414369362e+01,7.144759500783e+00,8.128730324656e+04,1.977062887583e+03,2.124918744032e+01,1.867700462244e-03
4.835839971485e-03,2.084952420085e+01,7.143702132062e+00,8.137536148623e+04,1.976746694623e+03,2.125258637830e+01,1.865701655264e-03
4.836026127652e-03,2.084490461044e+01,7.142644076122e+00,8.146352662939e+04,1.976430492678e+03,2.125598650046e+01,1.863704560083e-03
4.836212087346e-03,2.084028492201e+01,7.141585333097e+00,8.155179882159e+04,1.976114281724e+03,2.125938780766e+01,1.861709175661e-03
4.836397850776e-03,2.083566513484e+01,7.140525903049e+00,8.164017821491e+04,1.975798061715e+03,2.126279030105e+01,1.859715500817e-03
4.836583418142e-03,2.083104524842e+01,7.139465786080e+00,8.172866495796e+04,1.975481832612e+03,2.126619398162e+01,1.857723534455e-03
4.836768789612e-03,2.082642526300e+01,7.138404982477e+00,8.181725918436e+04,1.975165594437e+03,2.126959884979e+01,1.855733275817e-03
4.836953965443e-03,2.082180517665e+01,7.137343492012e+00,8.190596107058e+04,1.974849347058e+03,2.127300490758e+01,1.853744723193e-03
4.837138945784e-03,2.081718499011e+01,7.136281315081e+00,8.199477074145e+04,1.974533090525e+03,2.127641215507e+01,1.851757876035e-03
4.837323730863e-03,2.081256470215e+01,7.135218451619e+00,8.208368836041e+04,1.974216824754e+03,2.127982059379e+01,1.849772732936e-03
4.837508320862e-03,2.080794431263e+01,7.134154901818e+00,8.217271406936e+04,1.973900549739e+03,2.128323022441e+01,1.847789292974e-03
4.837692715991e-03,2.080332382083e+01,7.133090665728e+00,8.226184802263e+04,1.973584265430e+03,2.128664104812e+01,1.845807554959e-03
4.837876916433e-03,2.079870322655e+01,7.132025743526e+00,8.235109036378e+04,1.973267971814e+03,2.129005306566e+01,1.843827517943e-03
4.838060922406e-03,2.079408252881e+01,7.130960135200e+00,8.244044125255e+04,1.972951668824e+03,2.129346627837e+01,1.841849180624e-03
4.838244734099e-03,2.078946172729e+01,7.129893840899e+00,8.252990083523e+04,1.972635356441e+03,2.129688068710e+01,1.839872542007e-03
4.838428351698e-03,2.078484082182e+01,7.128826860797e+00,8.261946925642e+04,1.972319034652e+03,2.130029629261e+01,1.837897601138e-03
4.838611775431e-03,2.078021981111e+01,7.127759194813e+00,8.270914668197e+04,1.972002703370e+03,2.130371309644e+01,1.835924356597e-03
4.838795005455e-03,2.077559869561e+01,7.126690843270e+00,8.279893324428e+04,1.971686362628e+03,2.130713109889e+01,1.833952807711e-03
4.838978041999e-03,2.077097747406e+01,7.125621806092e+00,8.288882910926e+04,1.971370012339e+03,2.131055030152e+01,1.831982953073e-03
4.839160885243e-03,2.076635614634e+01,7.124552083463e+00,8.297883442129e+04,1.971053652497e+03,2.131397070502e+01,1.830014791752e-03
4.839343535399e-03,2.076173471156e+01,7.123481675394e+00,8.306894933929e+04,1.970737283040e+03,2.131739231066e+01,1.828048322508e-03
4.839525992652e-03,2.075711316950e+01,7.122410582045e+00,8.315917401009e+04,1.970420903954e+03,2.132081511927e+01,1.826083544371e-03
4.839708257194e-03,2.075249151975e+01,7.121338803537e+00,8.324950858365e+04,1.970104515213e+03,2.132423913173e+01,1.824120456304e-03
4.839890329231e-03,2.074786976155e+01,7.120266339905e+00,8.333995321759e+04,1.969788116766e+03,2.132766434923e+01,1.822159057111e-03
4.840072208961e-03,2.074324789432e+01,7.119193191226e+00,8.343050806615e+04,1.969471708573e+03,2.133109077285e+01,1.820199345676e-03
4.840253896579e-03,2.073862591754e+01,7.118119357589e+00,8.352117328258e+04,1.969155290599e+03,2.133451840357e+01,1.818241320910e-03
4.840435392269e-03,2.073400383103e+01,7.117044839167e+00,8.361194901349e+04,1.968838862834e+03,2.133794724215e+01,1.816284981871e-03
4.840616696234e-03,2.072938163407e+01,7.115969636000e+00,8.370283541666e+04,1.968522425228e+03,2.134137728977e+01,1.814330327383e-03
4.840797808667e-03,2.072475932620e+01,7.114893748188e+00,8.379383264501e+04,1.968205977750e+03,2.134480854738e+01,1.812377356379e-03
4.840978729785e-03,2.072013690628e+01,7.113817175680e+00,8.388494086458e+04,1.967889520325e+03,2.134824101645e+01,1.810426067518e-03
4.841159459738e-03,2.071551437501e+01,7.112739918843e+00,8.397616020606e+04,1.967573053000e+03,2.135167469711e+01,1.808476460219e-03
4.841339998763e-03,2.071089173076e+01,7.111661977506e+00,8.406749084593e+04,1.967256575665e+03,2.135510959118e+01,1.806528532931e-03
4.841520347043e-03,2.070626897330e+01,7.110583351820e+00,8.415893293358e+04,1.966940088304e+03,2.135854569946e+01,1.804582284682e-03
4.841700504753e-03,2.070164610258e+01,7.109504041986e+00,8.425048661436e+04,1.966623590916e+03,2.136198302261e+01,1.802637714596e-03
4.841880472123e-03,2.069702311721e+01,7.108424047879e+00,8.434215206140e+04,1.966307083405e+03,2.136542156233e+01,1.800694821211e-03
4.842060249304e-03,2.069240001771e+01,7.107343369829e+00,8.443392940947e+04,1.965990565810e+03,2.136886131882e+01,1.798753603881e-03
4.842239836516e-03,2.068777680291e+01,7.106262007764e+00,8.452581882749e+04,1.965674038049e+03,2.137230229361e+01,1.796814061246e-03
4.842419233961e-03,2.068315347207e+01,7.105179961720e+00,8.461782047568e+04,1.965357500073e+03,2.137574448788e+01,1.794876192135e-03
4.842598441819e-03,2.067853002500e+01,7.104097231851e+00,8.470993450422e+04,1.965040951870e+03,2.137918790239e+01,1.792939995592e-03
4.842777460274e-03,2.067390646139e+01,7.103013818290e+00,8.480216106526e+04,1.964724393420e+03,2.138263253802e+01,1.791005470628e-03
4.842956289545e-03,2.066928278009e+01,7.101929720968e+00,8.489450032837e+04,1.964407824644e+03,2.138607839627e+01,1.789072615894e-03
4.843134929790e-03,2.066465898143e+01,7.100844940164e+00,8.498695243370e+04,1.964091245567e+03,2.138952547752e+01,1.787141430657e-03
4.843313381241e-03,2.066003506388e+01,7.099759475722e+00,8.507951755861e+04,1.963774656084e+03,2.139297378354e+01,1.785211913419e-03
4.843491644056e-03,2.065541102782e+01,7.098673327927e+00,8.517219584301e+04,1.963458056221e+03,2.139642331470e+01,1.783284063465e-03
4.843669718458e-03,2.065078687190e+01,7.097586496670e+00,8.526498746081e+04,1.963141445889e+03,2.139987407263e+01,1.781357879377e-03
4.843847604614e-03,2.064616259624e+01,7.096498982168e+00,8.535789255796e+04,1.962824825095e+03,2.140332605789e+01,1.779433360327e-03
4.844025302728e-03,2.064153820001e+01,7.095410784433e+00,8.545091129834e+04,1.962508193784e+03,2.140677927174e+01,1.777510505118e-03
4.844202812994e-03,2.063691368262e+01,7.094321903517e+00,8.554404384261e+04,1.962191551916e+03,2.141023371527e+01,1.775589312625e-03
4.844380135593e-03,2.063228904378e+01,7.093232339556e+00,8.563729034433e+04,1.961874899472e+03,2.141368938930e+01,1.773669781875e-03
4.844557270733e-03,2.062766428255e+01,7.092142092520e+00,8.573065097138e+04,1.961558236389e+03,2.141714629522e+01,1.771751911609e-03
4.844734218590e-03,2.062303939881e+01,7.091051162579e+00,8.582412587508e+04,1.961241562659e+03,2.142060443375e+01,1.769835700910e-03
4.844910979355e-03,2.061841439201e+01,7.089959549795e+00,8.591771521564e+04,1.960924878245e+03,2.142406380594e+01,1.767921148684e-03
4.845087553232e-03,2.061378926123e+01,7.088867254154e+00,8.601141916049e+04,1.960608183087e+03,2.142752441311e+01,1.766008253698e-03
4.845263940405e-03,2.060916400618e+01,7.087774275773e+00,8.610523786579e+04,1.960291477162e+03,2.143098625616e+01,1.764097014953e-03
4.845440141057e-03,2.060453862648e+01,7.086680614763e+00,8.619917148832e+04,1.959974760450e+03,2.143444933597e+01,1.762187431441e-03
4.845616155397e-03,2.059991312111e+01,7.085586271069e+00,8.629322019942e+04,1.959658032877e+03,2.143791365400e+01,1.760279501867e-03
4.845791983598e-03,2.059528748995e+01,7.084491244861e+00,8.638738415131e+04,1.959341294439e+03,2.144137921097e+01,1.758373225329e-03
4.845967625860e-03,2.059066173224e+01,7.083395536148e+00,8.648166351018e+04,1.959024545084e+03,2.144484600809e+01,1.756468600644e-03
4.846143082357e-03,2.058603584785e+01,7.082299145089e+00,8.657605842952e+04,1.958707784803e+03,2.144831404612e+01,1.754565626894e-03
4.846318353302e-03,2.058140983561e+01,7.081202071601e+00,8.667056908403e+04,1.958391013518e+03,2.145178332658e+01,1.752664302740e-03
4.846493438876e-03,2.057678369518e+01,7.080104315793e+00,8.676519563174e+04,1.958074231206e+03,2.145525385038e+01,1.750764627181e-03
4.846668339259e-03,2.057215742631e+01,7.079005877790e+00,8.685993822974e+04,1.957757437851e+03,2.145872561836e+01,1.748866599242e-03
4.846843054641e-03,2.056753102838e+01,7.077906757641e+00,8.695479704174e+04,1.957440633411e+03,2.146219863164e+01,1.746970217822e-03
4.847017585226e-03,2.056290450049e+01,7.076806955315e+00,8.704977223870e+04,1.957123817825e+03,2.146567289155e+01,1.745075481678e-03
4.847191931194e-03,2.055827784233e+01,7.075706470926e+00,8.714486397909e+04,1.956806991074e+03,2.146914839898e+01,1.743182389823e-03
4.847366092729e-03,2.055365105345e+01,7.074605304559e+00,8.724007242421e+04,1.956490153127e+03,2.147262515491e+01,1.741290941221e-03
4.847540070031e-03,2.054902413298e+01,7.073503456186e+00,8.733539774517e+04,1.956173303925e+03,2.147610316067e+01,1.739401134643e-03
4.847713863276e-03,2.054439708072e+01,7.072400925952e+00,8.743084009853e+04,1.955856443458e+03,2.147958241705e+01,1.737512969156e-03
4.847887472647e-03,2.053976989628e+01,7.071297713945e+00,8.752639964589e+04,1.955539571696e+03,2.148306292502e+01,1.735626443734e-03
4.848060898362e-03,2.053514257825e+01,7.070193820016e+00,8.762207656944e+04,1.955222688546e+03,2.148654468629e+01,1.733741556948e-03
4.848234140581e-03,2.053051512688e+01,7.069089244405e+00,8.771787101804e+04,1.954905794026e+03,2.149002770132e+01,1.731858308031e-03
4.848407199494e-03,2.052588754151e+01,7.067983987142e+00,8.781378315891e+04,1.954588888091e+03,2.149351197129e+01,1.729976695864e-03
4.848580075301e-03,2.052125982128e+01,7.066878048201e+00,8.790981316434e+04,1.954271970682e+03,2.149699749751e+01,1.728096719229e-03
4.848752768180e-03,2.051663196585e+01,7.065771427684e+00,8.800596119554e+04,1.953955041779e+03,2.150048428087e+01,1.726218377134e-03
4.848925278323e-03,2.051200397455e+01,7.064664125612e+00,8.810222742129e+04,1.953638101336e+03,2.150397232256e+01,1.724341668445e-03
4.849097605901e-03,2.050737584727e+01,7.063556142142e+00,8.819861199850e+04,1.953321149345e+03,2.150746162333e+01,1.722466592263e-03
4.849269751128e-03,2.050274758267e+01,7.062447477130e+00,8.829511511050e+04,1.953004185717e+03,2.151095218484e+01,1.720593147179e-03
4.849441714181e-03,2.049811918053e+01,7.061338130705e+00,8.839173691711e+04,1.952687210438e+03,2.151444400793e+01,1.718721332251e-03
4.849613495220e-03,2.049349064091e+01,7.060228103062e+00,8.848847757267e+04,1.952370223511e+03,2.151793709324e+01,1.716851146646e-03
4.849785094465e-03,2.048886196240e+01,7.059117394037e+00,8.858533726274e+04,1.952053224842e+03,2.152143144247e+01,1.714982588930e-03
4.849956512102e-03,2.048423314442e+01,7.058006003671e+00,8.868231615550e+04,1.951736214393e+03,2.152492705675e+01,1.713115658016e-03
4.850127748279e-03,2.047960418746e+01,7.056893932259e+00,8.877941439714e+04,1.951419192195e+03,2.152842393637e+01,1.711250353242e-03
4.850298803234e-03,2.047497508950e+01,7.055781179492e+00,8.887663218666e+04,1.951102158114e+03,2.153192208353e+01,1.709386672936e-03
4.850469677109e-03,2.047034585119e+01,7.054667745705e+00,8.897396966711e+04,1.950785112195e+03,2.153542149840e+01,1.707524616507e-03
4.850640370115e-03,2.046571647127e+01,7.053553630764e+00,8.907142702255e+04,1.950468054350e+03,2.153892218263e+01,1.705664182584e-03
4.850810882424e-03,2.046108694949e+01,7.052438834791e+00,8.916900441518e+04,1.950150984566e+03,2.154242413705e+01,1.703805370219e-03
4.850981214219e-03,2.045645728539e+01,7.051323357845e+00,8.926670201268e+04,1.949833902812e+03,2.154592736269e+01,1.701948178363e-03
4.851151365697e-03,2.045182747806e+01,7.050207199881e+00,8.936451999210e+04,1.949516809024e+03,2.154943186093e+01,1.700092605798e-03
4.851321337043e-03,2.044719752691e+01,7.049090360931e+00,8.946245852396e+04,1.949199703166e+03,2.155293763288e+01,1.698238651434e-03
4.851491128419e-03,2.044256743201e+01,7.047972841181e+00,8.956051776545e+04,1.948882585241e+03,2.155644467917e+01,1.696386314437e-03
4.851660740041e-03,2.043793719189e+01,7.046854640452e+00,8.965869790615e+04,1.948565455151e+03,2.155995300158e+01,1.694535593369e-03
4.851830172063e-03,2.043330680683e+01,7.045735758982e+00,8.975699909909e+04,1.948248312915e+03,2.156346260058e+01,1.692686487487e-03
4.851999424696e-03,2.042867627554e+01,7.044616196628e+00,8.985542153102e+04,1.947931158447e+03,2.156697347783e+01,1.690838995416e-03
4.852168498103e-03,2.042404559800e+01,7.043495953556e+00,8.995396536160e+04,1.947613991746e+03,2.157048563402e+01,1.688993116298e-03
4.852337392483e-03,2.041941477319e+01,7.042375029691e+00,9.005263077226e+04,1.947296812742e+03,2.157399907062e+01,1.687148848874e-03
4.852506108000e-03,2.041478380113e+01,7.041253425201e+00,9.015141792283e+04,1.946979621438e+03,2.157751378827e+01,1.685306192289e-03
4.852674644864e-03,2.041015268045e+01,7.040131139929e+00,9.025032700233e+04,1.946662417742e+03,2.158102978871e+01,1.683465145155e-03
4.852843003224e-03,2.040552141156e+01,7.039008174136e+00,9.034935816286e+04,1.946345201682e+03,2.158454707232e+01,1.681625706773e-03
4.853011183299e-03,2.040088999288e+01,7.037884527607e+00,9.044851159899e+04,1.946027973150e+03,2.158806564098e+01,1.679787875661e-03
4.853179185249e-03,2.039625842444e+01,7.036760200520e+00,9.054778747059e+04,1.945710732152e+03,2.159158549532e+01,1.677951650988e-03
4.853347009251e-03,2.039162670586e+01,7.035635192943e+00,9.064718594758e+04,1.945393478659e+03,2.159510663637e+01,1.676117031742e-03
4.853514655512e-03,2.038699483586e+01,7.034509504733e+00,9.074670721869e+04,1.945076212588e+03,2.159862906575e+01,1.674284016565e-03
4.853682124202e-03,2.038236281421e+01,7.033383135999e+00,9.084635145068e+04,1.944758933922e+03,2.160215278432e+01,1.672452604517e-03
4.853849415492e-03,2.037773064061e+01,7.032256086829e+00,9.094611881218e+04,1.944441642642e+03,2.160567779304e+01,1.670622794623e-03
4.854016529568e-03,2.037309831441e+01,7.031128357230e+00,9.104600947952e+04,1.944124338703e+03,2.160920409305e+01,1.668794585775e-03
4.854183466637e-03,2.036846583431e+01,7.029999947050e+00,9.114602364304e+04,1.943807022020e+03,2.161273168605e+01,1.666967976612e-03
4.854350226839e-03,2.036383320089e+01,7.028870856590e+00,9.124616145322e+04,1.943489692632e+03,2.161626057228e+01,1.665142966511e-03
4.854516810387e-03,2.035920041268e+01,7.027741085654e+00,9.134642310501e+04,1.943172350439e+03,2.161979075357e+01,1.663319554039e-03
4.854683217456e-03,2.035456746928e+01,7.026610634302e+00,9.144680877051e+04,1.942854995415e+03,2.162332223090e+01,1.661497738186e-03
4.854849448217e-03,2.034993437037e+01,7.025479502621e+00,9.154731862013e+04,1.942537627539e+03,2.162685500521e+01,1.659677517981e-03
4.855015502842e-03,2.034530111563e+01,7.024347690689e+00,9.164795282477e+04,1.942220246790e+03,2.163038907746e+01,1.657858892445e-03
4.855181381554e-03,2.034066770329e+01,7.023215198236e+00,9.174871158689e+04,1.941902853048e+03,2.163392444966e+01,1.656041860037e-03
4.855347084479e-03,2.033603413430e+01,7.022082025648e+00,9.184959505063e+04,1.941585446379e+03,2.163746112182e+01,1.654226420273e-03
4.855512611845e-03,2.033140040672e+01,7.020948172613e+00,9.195060342247e+04,1.941268026651e+03,2.164099909609e+01,1.652412571553e-03
4.855677963802e-03,2.032676652082e+01,7.019813639351e+00,9.205173686193e+04,1.940950593884e+03,2.164453837297e+01,1.650600313125e-03
4.855843140534e-03,2.032213247591e+01,7.018678425850e+00,9.215299554905e+04,1.940633148031e+03,2.164807895369e+01,1.648789643876e-03
4.856008142225e-03,2.031749827127e+01,7.017542532092e+00,9.225437966507e+04,1.940315689044e+03,2.165162083951e+01,1.646980562675e-03
4.856172969066e-03,2.031286390604e+01,7.016405958016e+00,9.235588939494e+04,1.939998216865e+03,2.165516403178e+01,1.645173068332e-03
4.856337621214e-03,2.030822938019e+01,7.015268703776e+00,9.245752490484e+04,1.939680731494e+03,2.165870853122e+01,1.643367159997e-03
4.856502098856e-03,2.030359469293e+01,7.014130769329e+00,9.255928637871e+04,1.939363232875e+03,2.166225433915e+01,1.641562836510e-03
4.856666402192e-03,2.029895984313e+01,7.012992154550e+00,9.266117400796e+04,1.939045720935e+03,2.166580145712e+01,1.639760096583e-03
4.856830531369e-03,2.029432483107e+01,7.011852859661e+00,9.276318795335e+04,1.938728195693e+03,2.166934988564e+01,1.637958939477e-03
4.856994486581e-03,2.028968965571e+01,7.010712884562e+00,9.286532840454e+04,1.938410657078e+03,2.167289962620e+01,1.636159363949e-03
4.857158268008e-03,2.028505431645e+01,7.009572229251e+00,9.296759554275e+04,1.938093105049e+03,2.167645067999e+01,1.634361368906e-03
4.857321875826e-03,2.028041881276e+01,7.008430893754e+00,9.306998954685e+04,1.937775539574e+03,2.168000304808e+01,1.632564953307e-03
4.857485310211e-03,2.027578314408e+01,7.007288878082e+00,9.317251059740e+04,1.937457960613e+03,2.168355673165e+01,1.630770116086e-03
4.857648571350e-03,2.027114730963e+01,7.006146182190e+00,9.327515887991e+04,1.937140368115e+03,2.168711173200e+01,1.628976856094e-03
4.857811659411e-03,2.026651130903e+01,7.005002806138e+00,9.337793457112e+04,1.936822762054e+03,2.169066805010e+01,1.627185172341e-03
4.857974574566e-03,2.026187514188e+01,7.003858749973e+00,9.348083784887e+04,1.936505142404e+03,2.169422568701e+01,1.625395063826e-03
4.858137317010e-03,2.025723880706e+01,7.002714013565e+00,9.358386890708e+04,1.936187509089e+03,2.169778464429e+01,1.623606529270e-03
4.858299886914e-03,2.025260230419e+01,7.001568596973e+00,9.368702792327e+04,1.935869862086e+03,2.170134492292e+01,1.621819567687e-03
4.858462284432e-03,2.024796563334e+01,7.000422500355e+00,9.379031506587e+04,1.935552201398e+03,2.170490652359e+01,1.620034178253e-03
4.858624509783e-03,2.024332879269e+01,6.999275723411e+00,9.389373054501e+04,1.935234526902e+03,2.170846944841e+01,1.618250359430e-03
4.858786563124e-03,2.023869178219e+01,6.998128266274e+00,9.399727453204e+04,1.934916838598e+03,2.171203369812e+01,1.616468110352e-03
4.858948444621e-03,2.023405460159e+01,6.996980129023e+00,9.410094720327e+04,1.934599136467e+03,2.171559927364e+01,1.614687430077e-03
4.859110154454e-03,2.022941725018e+01,6.995831311632e+00,9.420474874494e+04,1.934281420462e+03,2.171916617624e+01,1.612908317495e-03
4.859271692818e-03,2.022477972679e+01,6.994681813953e+00,9.430867935428e+04,1.933963690506e+03,2.172273440752e+01,1.611130771313e-03
4.859433059867e-03,2.022014203151e+01,6.993531636148e+00,9.441273920086e+04,1.933645946604e+03,2.172630396815e+01,1.609354790719e-03
4.859594255796e-03,2.021550416317e+01,6.992380778074e+00,9.451692848219e+04,1.933328188677e+03,2.172987485975e+01,1.607580374429e-03
4.859755280760e-03,2.021086612175e+01,6.991229239863e+00,9.462124737088e+04,1.933010416726e+03,2.173344708304e+01,1.605807521586e-03
4.859916134946e-03,2.020622790635e+01,6.990077021438e+00,9.472569605902e+04,1.932692630690e+03,2.173702063945e+01,1.604036231011e-03
4.860076818539e-03,2.020158951606e+01,6.988924122710e+00,9.483027473962e+04,1.932374830506e+03,2.174059553042e+01,1.602266501514e-03
4.860237331688e-03,2.019695095106e+01,6.987770543865e+00,9.493498358129e+04,1.932057016190e+03,2.174417175651e+01,1.600498332322e-03
4.860397674598e-03,2.019231220985e+01,6.986616284669e+00,9.503982279094e+04,1.931739187639e+03,2.174774931961e+01,1.598731722022e-03
4.860557847429e-03,2.018767329231e+01,6.985461345233e+00,9.514479254441e+04,1.931421344845e+03,2.175132822054e+01,1.596966669733e-03
4.860717850357e-03,2.018303419775e+01,6.984305725518e+00,9.524989303117e+04,1.931103487764e+03,2.175490846057e+01,1.595203174345e-03
4.860877683549e-03,2.017839492582e+01,6.983149425580e+00,9.535512443271e+04,1.930785616371e+03,2.175849004068e+01,1.593441234889e-03
4.861037347196e-03,2.017375547541e+01,6.981992445274e+00,9.546048694862e+04,1.930467730591e+03,2.176207296249e+01,1.591680850103e-03
4.861196841450e-03,2.016911584659e+01,6.980834784758e+00,9.556598075136e+04,1.930149830432e+03,2.176565722664e+01,1.589922019177e-03
4.861356166519e-03,2.016447603770e+01,6.979676443754e+00,9.567160605345e+04,1.929831915781e+03,2.176924283516e+01,1.588164740644e-03
4.861515322545e-03,2.015983604913e+01,6.978517422490e+00,9.577736302134e+04,1.929513986663e+03,2.177282978848e+01,1.586409013808e-03
4.861674309719e-03,2.015519587975e+01,6.977357720820e+00,9.588325185582e+04,1.929196043004e+03,2.177641808822e+01,1.584654837407e-03
4.861833128201e-03,2.015055552932e+01,6.976197338820e+00,9.598927273783e+04,1.928878084789e+03,2.178000773527e+01,1.582902210513e-03
4.861991778175e-03,2.014591499693e+01,6.975036276396e+00,9.609542586399e+04,1.928560111957e+03,2.178359873109e+01,1.581151131947e-03
4.862150259827e-03,2.014127428162e+01,6.973874533434e+00,9.620171143291e+04,1.928242124440e+03,2.178719107717e+01,1.579401600502e-03
4.862308573297e-03,2.013663338373e+01,6.972712110158e+00,9.630812961277e+04,1.927924122266e+03,2.179078477396e+01,1.577653615475e-03
4.862466718775e-03,2.013199230213e+01,6.971549006413e+00,9.641468060627e+04,1.927606105357e+03,2.179437982308e+01,1.575907175604e-03
4.862624696439e-03,2.012735103607e+01,6.970385222146e+00,9.652136460755e+04,1.927288073664e+03,2.179797622587e+01,1.574162279773e-03
4.862782506468e-03,2.012270958475e+01,6.969220757280e+00,9.662818181267e+04,1.926970027132e+03,2.180157398366e+01,1.572418926839e-03
4.862940149010e-03,2.011806794826e+01,6.968055611969e+00,9.673513239710e+04,1.926651965768e+03,2.180517309715e+01,1.570677116002e-03
4.863097624260e-03,2.011342612534e+01,6.966889786030e+00,9.684221656732e+04,1.926333889488e+03,2.180877356804e+01,1.568936845961e-03
4.863254932378e-03,2.010878411569e+01,6.965723279511e+00,9.694943450905e+04,1.926015798272e+03,2.181237539732e+01,1.567198115759e-03
4.863412073534e-03,2.010414191876e+01,6.964556092403e+00,9.705678641315e+04,1.925697692084e+03,2.181597858614e+01,1.565460924361e-03
4.863569047925e-03,2.009949953323e+01,6.963388224502e+00,9.716427248897e+04,1.925379570833e+03,2.181958313631e+01,1.563725270440e-03
4.863725855677e-03,2.009485695975e+01,6.962219676097e+00,9.727189290058e+04,1.925061434567e+03,2.182318904803e+01,1.561991153402e-03
4.863882497000e-03,2.009021419662e+01,6.961050446888e+00,9.737964786664e+04,1.924743283170e+03,2.182679632338e+01,1.560258571782e-03
4.864038972061e-03,2.008557124332e+01,6.959880536866e+00,9.748753757919e+04,1.924425116605e+03,2.183040496353e+01,1.558527524548e-03
4.864195280997e-03,2.008092810028e+01,6.958709946263e+00,9.759556220818e+04,1.924106934905e+03,2.183401496889e+01,1.556798011028e-03
4.864351424033e-03,2.007628476520e+01,6.957538674629e+00,9.770372198694e+04,1.923788737914e+03,2.183762634197e+01,1.555070029540e-03
4.864507401303e-03,2.007164123859e+01,6.956366722210e+00,9.781201708476e+04,1.923470525666e+03,2.184123908317e+01,1.553343579433e-03
4.864663212978e-03,2.006699751984e+01,6.955194088979e+00,9.792044769635e+04,1.923152298122e+03,2.184485319368e+01,1.551618659654e-03
4.864818859239e-03,2.006235360794e+01,6.954020774801e+00,9.802901402655e+04,1.922834055214e+03,2.184846867505e+01,1.549895268994e-03
4.864974340256e-03,2.005770950235e+01,6.952846779662e+00,9.813771626944e+04,1.922515796905e+03,2.185208552846e+01,1.548173406423e-03
4.865129656214e-03,2.005306520194e+01,6.951672103394e+00,9.824655463351e+04,1.922197523119e+03,2.185570375556e+01,1.546453070688e-03
4.865284807233e-03,2.004842070759e+01,6.950496746345e+00,9.835552927979e+04,1.921879233919e+03,2.185932335638e+01,1.544734261290e-03
4.865439793542e-03,2.004377601695e+01,6.949320708035e+00,9.846464044628e+04,1.921560929143e+03,2.186294433355e+01,1.543016976522e-03
4.865594615277e-03,2.003913113031e+01,6.948143988660e+00,9.857388830837e+04,1.921242608813e+03,2.186656668758e+01,1.541301215669e-03
4.865749272608e-03,2.003448604710e+01,6.946966588191e+00,9.868327306293e+04,1.920924272891e+03,2.187019041968e+01,1.539586977684e-03
4.865903765721e-03,2.002984076615e+01,6.945788506454e+00,9.879279492026e+04,1.920605921298e+03,2.187381553152e+01,1.537874261314e-03
4.866058094775e-03,2.002519528715e+01,6.944609743482e+00,9.890245407181e+04,1.920287554014e+03,2.187744202412e+01,1.536163065608e-03
4.866212259938e-03,2.002054960950e+01,6.943430299240e+00,9.901225071555e+04,1.919969170998e+03,2.188106989869e+01,1.534453389519e-03
4.866366261380e-03,2.001590373249e+01,6.942250173669e+00,9.912218505194e+04,1.919650772206e+03,2.188469915654e+01,1.532745231964e-03
4.866520099263e-03,2.001125765576e+01,6.941069366787e+00,9.923225727471e+04,1.919332357609e+03,2.188832979876e+01,1.531038591974e-03
4.866673773783e-03,2.000661137778e+01,6.939887878323e+00,9.934246760457e+04,1.919013927109e+03,2.189196182727e+01,1.529333468165e-03
4.866827285070e-03,2.000196489909e+01,6.938705708525e+00,9.945281621409e+04,1.918695480740e+03,2.189559524243e+01,1.527629859904e-03
4.866980633324e-03,1.999731821809e+01,6.937522857104e+00,9.956330332640e+04,1.918377018395e+03,2.189923004627e+01,1.525927765784e-03
4.867133818685e-03,1.999267133500e+01,6.936339324225e+00,9.967392912225e+04,1.918058540090e+03,2.190286623936e+01,1.524227185054e-03
4.867286841343e-03,1.998802424852e+01,6.935155109673e+00,9.978469381838e+04,1.917740045739e+03,2.190650382350e+01,1.522528116418e-03
4.867439701460e-03,1.998337695815e+01,6.933970213427e+00,9.989559761358e+04,1.917421535305e+03,2.191014279987e+01,1.520830558859e-03
4.867592399200e-03,1.997872946340e+01,6.932784635478e+00,1.000066407057e+05,1.917103008760e+03,2.191378316960e+01,1.519134511381e-03
4.867744934733e-03,1.997408176350e+01,6.931598375735e+00,1.001178233006e+05,1.916784466049e+03,2.191742493407e+01,1.517439972872e-03
4.867897308219e-03,1.996943385806e+01,6.930411434213e+00,1.002291455946e+05,1.916465907148e+03,2.192106809438e+01,1.515746942371e-03
4.868049519829e-03,1.996478574633e+01,6.929223810826e+00,1.003406077935e+05,1.916147332007e+03,2.192471265187e+01,1.514055418774e-03
4.868201569750e-03,1.996013742704e+01,6.928035505358e+00,1.004522101157e+05,1.915828740540e+03,2.192835860833e+01,1.512365400799e-03
4.868353458122e-03,1.995548890031e+01,6.926846517952e+00,1.005639527462e+05,1.915510132755e+03,2.193200596442e+01,1.510676887669e-03
4.868505185124e-03,1.995084016520e+01,6.925656848469e+00,1.006758358967e+05,1.915191508591e+03,2.193565472169e+01,1.508989878215e-03
4.868656750899e-03,1.994619122175e+01,6.924466497028e+00,1.007878597548e+05,1.914872868050e+03,2.193930488085e+01,1.507304371629e-03
4.868808155657e-03,1.994154206793e+01,6.923275463219e+00,1.009000245585e+05,1.914554210997e+03,2.194295644429e+01,1.505620366358e-03
4.868959399526e-03,1.993689270432e+01,6.922083747289e+00,1.010123304838e+05,1.914235537469e+03,2.194660941236e+01,1.503937861781e-03
4.869110482702e-03,1.993224312933e+01,6.920891348940e+00,1.011247777586e+05,1.913916847361e+03,2.195026378705e+01,1.502256856508e-03
4.869261405318e-03,1.992759334327e+01,6.919698268356e+00,1.012373665655e+05,1.913598140695e+03,2.195391956892e+01,1.500577349830e-03
4.869412167576e-03,1.992294334443e+01,6.918504505198e+00,1.013500971367e+05,1.913279417354e+03,2.195757676011e+01,1.498899340305e-03
4.869562769603e-03,1.991829313336e+01,6.917310059712e+00,1.014629696494e+05,1.912960677379e+03,2.196123536095e+01,1.497222827312e-03
4.869713211583e-03,1.991364270876e+01,6.916114931667e+00,1.015759843265e+05,1.912641920680e+03,2.196489537326e+01,1.495547809561e-03
4.869863493700e-03,1.990899206942e+01,6.914919120853e+00,1.016891413886e+05,1.912323147176e+03,2.196855679879e+01,1.493874285801e-03
4.870013616089e-03,1.990434121567e+01,6.913722627455e+00,1.018024410197e+05,1.912004356891e+03,2.197221963806e+01,1.492202255324e-03
4.870163578934e-03,1.989969014619e+01,6.912525451237e+00,1.019158834436e+05,1.911685549737e+03,2.197588389289e+01,1.490531716845e-03
4.870313382373e-03,1.989503886115e+01,6.911327592337e+00,1.020294688492e+05,1.911366725723e+03,2.197954956397e+01,1.488862669599e-03
4.870463026610e-03,1.989038735872e+01,6.910129050387e+00,1.021431974734e+05,1.911047884729e+03,2.198321665349e+01,1.487195112115e-03
4.870612511788e-03,1.988573563888e+01,6.908929825481e+00,1.022570695098e+05,1.910729026754e+03,2.198688516229e+01,1.485529043569e-03
4.870761838067e-03,1.988108370111e+01,6.907729917580e+00,1.023710851649e+05,1.910410151761e+03,2.199055509157e+01,1.483864462954e-03
4.870911005608e-03,1.987643154483e+01,6.906529326632e+00,1.024852446464e+05,1.910091259715e+03,2.199422644258e+01,1.482201369245e-03
4.871060014596e-03,1.987177916873e+01,6.905328052396e+00,1.025995481803e+05,1.909772350525e+03,2.199789921714e+01,1.480539761159e-03
4.871208865176e-03,1.986712657275e+01,6.904126094953e+00,1.027139959628e+05,1.909453424189e+03,2.200157341611e+01,1.478879637857e-03
4.871357557514e-03,1.986247375612e+01,6.902923454201e+00,1.028285882070e+05,1.909134480656e+03,2.200524904089e+01,1.477220998251e-03
4.871506091779e-03,1.985782071800e+01,6.901720130015e+00,1.029433251290e+05,1.908815519870e+03,2.200892609294e+01,1.475563841223e-03
4.871654468146e-03,1.985316745740e+01,6.900516122234e+00,1.030582069486e+05,1.908496541762e+03,2.201260457385e+01,1.473908165606e-03
4.871802686750e-03,1.984851397451e+01,6.899311430999e+00,1.031732338568e+05,1.908177546348e+03,2.201628448427e+01,1.472253970651e-03
4.871950747772e-03,1.984386026811e+01,6.898106056089e+00,1.032884060796e+05,1.907858533546e+03,2.201996582597e+01,1.470601255110e-03
4.872098651350e-03,1.983920633829e+01,6.896899997621e+00,1.034037238110e+05,1.907539503364e+03,2.202364859967e+01,1.468950018205e-03
4.872246397712e-03,1.983455218232e+01,6.895693254976e+00,1.035191873156e+05,1.907220455613e+03,2.202733280836e+01,1.467300258150e-03
4.872393986939e-03,1.982989780213e+01,6.894485828747e+00,1.036347967424e+05,1.906901390431e+03,2.203101845128e+01,1.465651974817e-03
4.872541419235e-03,1.982524319575e+01,6.893277718513e+00,1.037505523376e+05,1.906582307681e+03,2.203470553084e+01,1.464005166695e-03
4.872688694777e-03,1.982058836200e+01,6.892068924058e+00,1.038664543284e+05,1.906263207284e+03,2.203839404876e+01,1.462359832554e-03
4.872835813688e-03,1.981593330145e+01,6.890859445618e+00,1.039825028985e+05,1.905944089282e+03,2.204208400540e+01,1.460715971782e-03
4.872982776153e-03,1.981127801270e+01,6.889649282919e+00,1.040986982812e+05,1.905624953578e+03,2.204577540268e+01,1.459073583074e-03
4.873129582342e-03,1.980662249482e+01,6.888438435805e+00,1.042150406984e+05,1.905305800111e+03,2.204946824217e+01,1.457432665291e-03
4.873276232388e-03,1.980196674805e+01,6.887226904426e+00,1.043315303432e+05,1.904986628898e+03,2.205316252446e+01,1.455793217702e-03
4.873422726484e-03,1.979731077070e+01,6.886014688432e+00,1.044481674569e+05,1.904667439826e+03,2.205685825171e+01,1.454155238909e-03
4.873569064753e-03,1.979265456330e+01,6.884801788045e+00,1.045649522262e+05,1.904348232930e+03,2.206055542435e+01,1.452518728285e-03
4.873715247397e-03,1.978799812391e+01,6.883588202844e+00,1.046818848998e+05,1.904029008081e+03,2.206425404469e+01,1.450883684336e-03
4.873861274559e-03,1.978334145235e+01,6.882373932868e+00,1.047989656824e+05,1.903709765267e+03,2.206795411372e+01,1.449250106191e-03
4.874007146396e-03,1.977868454813e+01,6.881158978074e+00,1.049161947871e+05,1.903390504454e+03,2.207165563264e+01,1.447617992872e-03
4.874152863056e-03,1.977402741098e+01,6.879943338473e+00,1.050335724220e+05,1.903071225627e+03,2.207535860249e+01,1.445987343470e-03
4.874298424750e-03,1.976937003855e+01,6.878727013534e+00,1.051510988476e+05,1.902751928626e+03,2.207906302595e+01,1.444358156354e-03
4.874443831572e-03,1.976471243231e+01,6.877510003725e+00,1.052687742284e+05,1.902432613552e+03,2.208276890268e+01,1.442730431236e-03
4.874589083740e-03,1.976005458969e+01,6.876292308458e+00,1.053865988312e+05,1.902113280231e+03,2.208647623553e+01,1.441104166409e-03
4.874734181355e-03,1.975539651198e+01,6.875073928146e+00,1.055045728264e+05,1.901793928753e+03,2.209018502432e+01,1.439479361511e-03
4.874879124630e-03,1.975073819671e+01,6.873854862228e+00,1.056226964789e+05,1.901474558949e+03,2.209389527184e+01,1.437856014879e-03
4.875023913718e-03,1.974607964348e+01,6.872635110674e+00,1.057409700023e+05,1.901155170793e+03,2.209760697924e+01,1.436234125562e-03
4.875168548738e-03,1.974142085282e+01,6.871414673708e+00,1.058593935860e+05,1.900835764324e+03,2.210132014689e+01,1.434613692948e-03
4.875313029884e-03,1.973676182304e+01,6.870193550960e+00,1.059779674774e+05,1.900516339426e+03,2.210503477701e+01,1.432994715634e-03
4.875457357315e-03,1.973210255336e+01,6.868971742306e+00,1.060966919002e+05,1.900196896048e+03,2.210875087103e+01,1.431377192548e-03
4.875601531179e-03,1.972744304350e+01,6.867749247749e+00,1.062155670662e+05,1.899877434171e+03,2.211246843000e+01,1.429761122787e-03
4.875745551637e-03,1.972278329267e+01,6.866526067162e+00,1.063345932000e+05,1.899557953744e+03,2.211618745539e+01,1.428146505277e-03
4.875889418846e-03,1.971812330028e+01,6.865302200460e+00,1.064537705224e+05,1.899238454726e+03,2.211990794851e+01,1.426533339003e-03
4.876033132968e-03,1.971346306550e+01,6.864077647503e+00,1.065730992600e+05,1.898918937062e+03,2.212362991084e+01,1.424921622878e-03
4.876176694157e-03,1.970880258778e+01,6.862852408221e+00,1.066925796327e+05,1.898599400717e+03,2.212735334367e+01,1.423311355907e-03
4.876320102577e-03,1.970414186627e+01,6.861626482466e+00,1.068122118685e+05,1.898279845631e+03,2.213107824852e+01,1.421702536997e-03
4.876463358402e-03,1.969948089975e+01,6.860399869989e+00,1.069319962054e+05,1.897960271726e+03,2.213480462719e+01,1.420095164921e-03
4.876606461750e-03,1.969481968881e+01,6.859172571017e+00,1.070519328353e+05,1.897640679041e+03,2.213853248005e+01,1.418489239082e-03
4.876749412794e-03,1.969015823231e+01,6.857944585324e+00,1.071720219947e+05,1.897321067498e+03,2.214226180886e+01,1.416884758286e-03
4.876892211723e-03,1.968549652846e+01,6.856715912510e+00,1.072922639373e+05,1.897001436980e+03,2.214599261588e+01,1.415281721116e-03
4.877034858664e-03,1.968083457760e+01,6.855486552733e+00,1.074126588627e+05,1.896681787508e+03,2.214972490169e+01,1.413680126886e-03
4.877177353758e-03,1.967617237957e+01,6.854256506023e+00,1.075332069832e+05,1.896362119073e+03,2.215345866728e+01,1.412079974745e-03
4.877319697215e-03,1.967150993193e+01,6.853025771805e+00,1.076539085707e+05,1.896042431510e+03,2.215719391541e+01,1.410481263051e-03
4.877461889137e-03,1.966684723579e+01,6.851794350443e+00,1.077747638052e+05,1.895722724896e+03,2.216093064606e+01,1.408883991392e-03
4.877603929723e-03,1.966218428907e+01,6.850562241451e+00,1.078957729508e+05,1.895402999089e+03,2.216466886176e+01,1.407288158247e-03
4.877745819087e-03,1.965752109247e+01,6.849329445088e+00,1.080169361983e+05,1.895083254141e+03,2.216840856276e+01,1.405693763068e-03
4.877887557438e-03,1.965285764360e+01,6.848095960784e+00,1.081382538207e+05,1.894763489887e+03,2.217214975185e+01,1.404100804228e-03
4.878029144895e-03,1.964819394293e+01,6.846861788731e+00,1.082597260161e+05,1.894443706361e+03,2.217589242951e+01,1.402509281098e-03
4.878170581622e-03,1.964352998954e+01,6.845626928754e+00,1.083813530190e+05,1.894123903502e+03,2.217963659731e+01,1.400919192565e-03
4.878311867779e-03,1.963886578262e+01,6.844391380700e+00,1.085031350622e+05,1.893804081256e+03,2.218338225677e+01,1.399330537555e-03
4.878453003514e-03,1.963420132166e+01,6.843155144501e+00,1.086250723705e+05,1.893484239588e+03,2.218712940915e+01,1.397743315098e-03
4.878593988997e-03,1.962953660553e+01,6.841918219923e+00,1.087471651852e+05,1.893164378424e+03,2.219087805620e+01,1.396157524016e-03
4.878734824371e-03,1.962487163393e+01,6.840680606945e+00,1.088694137269e+05,1.892844497744e+03,2.219462819903e+01,1.394573163408e-03
4.878875509794e-03,1.962020640612e+01,6.839442305434e+00,1.089918182276e+05,1.892524597498e+03,2.219837983911e+01,1.392990232227e-03
4.879016045435e-03,1.961554092084e+01,6.838203315120e+00,1.091143789333e+05,1.892204677602e+03,2.220213297829e+01,1.391408729253e-03
4.879156431415e-03,1.961087517862e+01,6.836963636203e+00,1.092370960437e+05,1.891884738093e+03,2.220588761700e+01,1.389828653870e-03
4.879296667938e-03,1.960620917705e+01,6.835723268108e+00,1.093599698356e+05,1.891564778809e+03,2.220964375805e+01,1.388250004472e-03
4.879436755101e-03,1.960154291738e+01,6.834482211219e+00,1.094830004909e+05,1.891244799833e+03,2.221340140131e+01,1.386672780680e-03
4.879576693128e-03,1.959687639657e+01,6.833240464795e+00,1.096061883038e+05,1.890924800963e+03,2.221716055007e+01,1.385096980681e-03
4.879716482107e-03,1.959220961618e+01,6.831998029304e+00,1.097295334484e+05,1.890604782304e+03,2.222092120395e+01,1.383522604205e-03
4.879856122246e-03,1.958754257362e+01,6.830754904119e+00,1.098530362081e+05,1.890284743681e+03,2.222468336590e+01,1.381949649590e-03
4.879995613645e-03,1.958287527006e+01,6.829511089606e+00,1.099766967678e+05,1.889964685177e+03,2.222844703585e+01,1.380378116434e-03
4.880134956495e-03,1.957820770355e+01,6.828266585305e+00,1.101005153951e+05,1.889644606658e+03,2.223221221622e+01,1.378808003293e-03
4.880274150964e-03,1.957353987287e+01,6.827021390942e+00,1.102244923392e+05,1.889324508040e+03,2.223597890891e+01,1.377239308960e-03
4.880413197170e-03,1.956887177851e+01,6.825775506710e+00,1.103486278032e+05,1.889004389363e+03,2.223974711435e+01,1.375672032817e-03
4.880552095265e-03,1.956420341985e+01,6.824528932492e+00,1.104729220213e+05,1.888684250582e+03,2.224351683394e+01,1.374106173858e-03
4.880690845444e-03,1.955953479470e+01,6.823281667763e+00,1.105973752689e+05,1.888364091549e+03,2.224728807031e+01,1.372541730566e-03
4.880829447824e-03,1.955486590367e+01,6.822033712738e+00,1.107219877479e+05,1.888043912309e+03,2.225106082385e+01,1.370978702352e-03
4.880967902571e-03,1.955019674551e+01,6.820785067133e+00,1.108467597100e+05,1.887723712776e+03,2.225483509643e+01,1.369417088009e-03
4.881106209831e-03,1.954552731978e+01,6.819535730884e+00,1.109716913858e+05,1.887403492921e+03,2.225861088932e+01,1.367856886599e-03
4.881244369767e-03,1.954085762544e+01,6.818285703768e+00,1.110967830215e+05,1.887083252676e+03,2.226238820420e+01,1.366298096995e-03
4.881382382534e-03,1.953618766164e+01,6.817034985605e+00,1.112220348599e+05,1.886762991984e+03,2.226616704265e+01,1.364740718117e-03
4.881520248269e-03,1.953151742824e+01,6.815783576406e+00,1.113474471246e+05,1.886442710834e+03,2.226994740569e+01,1.363184749133e-03
4.881657967133e-03,1.952684692420e+01,6.814531475949e+00,1.114730200631e+05,1.886122409159e+03,2.227372929501e+01,1.361630188916e-03
4.881795539268e-03,1.952217614915e+01,6.813278684177e+00,1.115987539067e+05,1.885802086935e+03,2.227751271181e+01,1.360077036547e-03
4.881932964857e-03,1.951750510129e+01,6.812025200659e+00,1.117246489243e+05,1.885481744039e+03,2.228129765843e+01,1.358525290650e-03
4.882070244020e-03,1.951283378099e+01,6.810771025545e+00,1.118507053271e+05,1.885161380499e+03,2.228508413544e+01,1.356974950562e-03
4.882207376927e-03,1.950816218693e+01,6.809516158521e+00,1.119769233731e+05,1.884840996224e+03,2.228887214483e+01,1.355426015053e-03
4.882344363718e-03,1.950349031879e+01,6.808260599553e+00,1.121033032925e+05,1.884520591196e+03,2.229266168773e+01,1.353878483239e-03
4.882481204541e-03,1.949881817592e+01,6.807004348511e+00,1.122298453255e+05,1.884200165370e+03,2.229645276555e+01,1.352332354120e-03
4.882617899579e-03,1.949414575649e+01,6.805747404950e+00,1.123565497444e+05,1.883879718624e+03,2.230024538067e+01,1.350787626307e-03
4.882754448945e-03,1.948947306118e+01,6.804489769093e+00,1.124834167545e+05,1.883559251004e+03,2.230403953345e+01,1.349244299238e-03
4.882890852804e-03,1.948480008868e+01,6.803231440634e+00,1.126104466147e+05,1.883238762423e+03,2.230783522583e+01,1.347702371700e-03
4.883027111310e-03,1.948012683821e+01,6.801972419407e+00,1.127376395702e+05,1.882918252829e+03,2.231163245934e+01,1.346161842655e-03
4.883163224615e-03,1.947545330898e+01,6.800712705240e+00,1.128649958671e+05,1.882597722169e+03,2.231543123552e+01,1.344622711057e-03
4.883299192872e-03,1.947077950013e+01,6.799452297947e+00,1.129925157534e+05,1.882277170385e+03,2.231923155597e+01,1.343084975848e-03
4.883435016226e-03,1.946610541118e+01,6.798191197437e+00,1.131201994676e+05,1.881956597447e+03,2.232303342197e+01,1.341548636084e-03
4.883570694808e-03,1.946143104206e+01,6.796929403732e+00,1.132480472373e+05,1.881636003351e+03,2.232683683448e+01,1.340013690961e-03
4.883706228820e-03,1.945675639020e+01,6.795666916179e+00,1.133760593587e+05,1.881315387922e+03,2.233064179651e+01,1.338480138858e-03
4.883841618360e-03,1.945208145667e+01,6.794403735107e+00,1.135042360287e+05,1.880994751236e+03,2.233444830807e+01,1.336947979347e-03
4.883976863599e-03,1.944740624003e+01,6.793139860166e+00,1.136325775138e+05,1.880674093194e+03,2.233825637123e+01,1.335417211174e-03
4.884111964685e-03,1.944273073956e+01,6.791875291198e+00,1.137610840609e+05,1.880353413749e+03,2.234206598752e+01,1.333887833327e-03
4.884246921789e-03,1.943805495383e+01,6.790610027855e+00,1.138897559369e+05,1.880032712806e+03,2.234587715898e+01,1.332359844559e-03
4.884381735017e-03,1.943337888355e+01,6.789344070365e+00,1.140185933504e+05,1.879711990413e+03,2.234968988594e+01,1.330833244323e-03
4.884516404550e-03,1.942870252692e+01,6.788077418281e+00,1.141475965788e+05,1.879391246449e+03,2.235350417079e+01,1.329308031260e-03
4.884650930525e-03,1.942402588359e+01,6.786810071537e+00,1.142767658612e+05,1.879070480891e+03,2.235732001472e+01,1.327784204470e-03
4.884785313113e-03,1.941934895207e+01,6.785542029771e+00,1.144061014676e+05,1.878749693640e+03,2.236113741986e+01,1.326261762699e-03
4.884919552423e-03,1.941467173299e+01,6.784273293183e+00,1.145356036102e+05,1.878428884739e+03,2.236495638661e+01,1.324740705373e-03
4.885053648625e-03,1.940999422487e+01,6.783003861410e+00,1.146652725598e+05,1.878108054089e+03,2.236877691708e+01,1.323221031236e-03
4.885187601892e-03,1.940531642611e+01,6.781733734046e+00,1.147951085914e+05,1.877787201582e+03,2.237259901350e+01,1.321702738991e-03
4.885321412330e-03,1.940063833745e+01,6.780462911329e+00,1.149251119150e+05,1.877466327270e+03,2.237642267619e+01,1.320185828109e-03
4.885455080109e-03,1.939595995735e+01,6.779191392869e+00,1.150552828049e+05,1.877145431049e+03,2.238024790732e+01,1.318670297311e-03
4.885588605376e-03,1.939128128516e+01,6.777919178519e+00,1.151856215108e+05,1.876824512876e+03,2.238407470835e+01,1.317156145612e-03
4.885721988281e-03,1.938660232000e+01,6.776646268076e+00,1.153161282887e+05,1.876503572692e+03,2.238790308090e+01,1.315643371961e-03
4.885855228952e-03,1.938192306184e+01,6.775372661556e+00,1.154468033724e+05,1.876182610496e+03,2.239173302594e+01,1.314131975568e-03
4.885988327584e-03,1.937724350825e+01,6.774098358333e+00,1.155776470620e+05,1.875861626126e+03,2.239556454636e+01,1.312621954884e-03
4.886121284263e-03,1.937256366069e+01,6.772823358825e+00,1.157086595506e+05,1.875540619680e+03,2.239939764192e+01,1.311113309600e-03
4.886254099184e-03,1.936788351664e+01,6.771547662381e+00,1.158398411418e+05,1.875219590988e+03,2.240323231558e+01,1.309606038139e-03
4.886386772472e-03,1.936320307621e+01,6.770271269053e+00,1.159711920669e+05,1.874898540060e+03,2.240706856819e+01,1.308100139761e-03
4.886519304286e-03,1.935852233821e+01,6.768994178544e+00,1.161027125936e+05,1.874577466815e+03,2.241090640165e+01,1.306595613314e-03
4.886651694761e-03,1.935384130225e+01,6.767716390777e+00,1.162344029677e+05,1.874256371229e+03,2.241474581722e+01,1.305092457906e-03
4.886783944058e-03,1.934915996716e+01,6.766437905453e+00,1.163662634576e+05,1.873935253222e+03,2.241858681678e+01,1.303590672387e-03
4.886916052300e-03,1.934447833291e+01,6.765158722592e+00,1.164982942996e+05,1.873614112795e+03,2.242242940130e+01,1.302090255981e-03
4.887048019653e-03,1.933979639814e+01,6.763878841845e+00,1.166304957683e+05,1.873292949854e+03,2.242627357282e+01,1.300591207483e-03
4.887179846268e-03,1.933511416189e+01,6.762598262974e+00,1.167628681271e+05,1.872971764339e+03,2.243011933306e+01,1.299093525820e-03
4.887311532295e-03,1.933043162328e+01,6.761316985761e+00,1.168954116380e+05,1.872650556188e+03,2.243396668368e+01,1.297597209941e-03
4.887443077838e-03,1.932574878302e+01,6.760035010417e+00,1.170281265187e+05,1.872329325450e+03,2.243781562507e+01,1.296102259302e-03
4.887574483095e-03,1.932106563847e+01,6.758752336248e+00,1.171610130810e+05,1.872008071949e+03,2.244166616028e+01,1.294608672300e-03
4.887705748168e-03,1.931638219049e+01,6.757468963508e+00,1.172940715390e+05,1.871686795745e+03,2.244551828958e+01,1.293116448440e-03
4.887836873240e-03,1.931169843696e+01,6.756184891635e+00,1.174273021918e+05,1.871365496692e+03,2.244937201566e+01,1.291625586282e-03
4.887967858454e-03,1.930701437720e+01,6.754900120460e+00,1.175607052976e+05,1.871044174747e+03,2.245322734001e+01,1.290136084840e-03
4.888098703919e-03,1.930233001169e+01,6.753614650139e+00,1.176942810821e+05,1.870722829945e+03,2.245708426318e+01,1.288647943509e-03
4.888229409817e-03,1.929764533844e+01,6.752328480140e+00,1.178280298420e+05,1.870401462149e+03,2.246094278777e+01,1.287161160889e-03
4.888359976288e-03,1.929296035677e+01,6.751041610292e+00,1.179619518372e+05,1.870080071315e+03,2.246480291527e+01,1.285675735998e-03
4.888490403452e-03,1.928827506688e+01,6.749754040673e+00,1.180960473022e+05,1.869758657460e+03,2.246866464646e+01,1.284191668142e-03
4.888620691468e-03,1.928358946745e+01,6.748465770930e+00,1.182303165165e+05,1.869437220492e+03,2.247252798341e+01,1.282708956134e-03
4.888750840508e-03,1.927890355672e+01,6.747176800601e+00,1.183647597717e+05,1.869115760296e+03,2.247639292849e+01,1.281227598660e-03
4.888880850673e-03,1.927421733548e+01,6.745887129910e+00,1.184993772877e+05,1.868794276924e+03,2.248025948201e+01,1.279747595201e-03
4.889010722125e-03,1.926953080234e+01,6.744596758495e+00,1.186341693463e+05,1.868472770284e+03,2.248412764609e+01,1.278268944563e-03
4.889140455032e-03,1.926484395566e+01,6.743305685918e+00,1.187691362375e+05,1.868151240267e+03,2.248799742301e+01,1.276791645468e-03
4.889270049487e-03,1.926015679652e+01,6.742013912484e+00,1.189042781742e+05,1.867829686945e+03,2.249186881286e+01,1.275315697488e-03
4.889399505688e-03,1.925546932213e+01,6.740721437441e+00,1.190395954798e+05,1.867508110131e+03,2.249574181889e+01,1.273841098994e-03
4.889528823735e-03,1.925078153338e+01,6.739428261045e+00,1.191750883732e+05,1.867186509887e+03,2.249961644133e+01,1.272367849500e-03
4.889658003808e-03,1.924609342810e+01,6.738134382708e+00,1.193107571615e+05,1.866864886066e+03,2.250349268292e+01,1.270895947568e-03
4.889787046032e-03,1.924140500623e+01,6.736839802424e+00,1.194466020916e+05,1.866543238666e+03,2.250737054470e+01,1.269425392421e-03
4.889915950536e-03,1.923671626749e+01,6.735544520125e+00,1.195826234170e+05,1.866221567668e+03,2.251125002785e+01,1.267956183212e-03
4.890044717499e-03,1.923202720979e+01,6.734248535241e+00,1.197188214444e+05,1.865899872932e+03,2.251513113506e+01,1.266488318526e-03
4.890173347033e-03,1.922733783349e+01,6.732951847883e+00,1.198551964093e+05,1.865578154485e+03,2.251901386701e+01,1.265021797725e-03
4.890301839291e-03,1.922264813747e+01,6.731654457745e+00,1.199917485915e+05,1.865256412248e+03,2.252289822560e+01,1.263556619695e-03
4.890430194434e-03,1.921795812022e+01,6.730356364418e+00,1.201284782822e+05,1.864934646124e+03,2.252678421303e+01,1.262092783211e-03
4.890558412567e-03,1.921326778235e+01,6.729057568078e+00,1.202653857108e+05,1.864612856154e+03,2.253067182978e+01,1.260630287709e-03
4.890686493869e-03,1.920857712174e+01,6.727758068143e+00,1.204024711876e+05,1.864291042194e+03,2.253456107859e+01,1.259169131772e-03
4.890814438469e-03,1.920388613809e+01,6.726457864536e+00,1.205397349697e+05,1.863969204227e+03,2.253845196065e+01,1.257709314554e-03
4.890942246484e-03,1.919919483152e+01,6.725156957292e+00,1.206771773028e+05,1.863647342262e+03,2.254234447687e+01,1.256250835333e-03
4.891069918110e-03,1.919450319931e+01,6.723855345663e+00,1.208147985157e+05,1.863325456113e+03,2.254623863047e+01,1.254793692516e-03
4.891197453441e-03,1.918981124237e+01,6.722553029902e+00,1.209525988319e+05,1.863003545847e+03,2.255013442167e+01,1.253337885627e-03
4.891324852649e-03,1.918511895887e+01,6.721250009503e+00,1.210905785556e+05,1.862681611337e+03,2.255403185297e+01,1.251883413345e-03
4.891452115853e-03,1.918042634878e+01,6.719946284464e+00,1.212287379378e+05,1.862359652585e+03,2.255793092539e+01,1.250430274916e-03
4.891579243204e-03,1.917573341097e+01,6.718641854466e+00,1.213670772636e+05,1.862037669514e+03,2.256183164084e+01,1.248978469230e-03
4.891706234856e-03,1.917104014422e+01,6.717336719175e+00,1.215055968202e+05,1.861715662043e+03,2.256573400131e+01,1.247527995163e-03
4.891833090929e-03,1.916634654849e+01,6.716030878575e+00,1.216442968613e+05,1.861393630169e+03,2.256963800785e+01,1.246078851948e-03
4.891959811590e-03,1.916165262200e+01,6.714724332175e+00,1.217831776915e+05,1.861071573775e+03,2.257354366288e+01,1.244631038291e-03
4.892086396938e-03,1.915695836554e+01,6.713417080189e+00,1.219222395410e+05,1.860749492915e+03,2.257745096677e+01,1.243184553679e-03
4.892212847172e-03,1.915226377613e+01,6.712109121788e+00,1.220614827510e+05,1.860427387386e+03,2.258135992298e+01,1.241739396453e-03
4.892339162375e-03,1.914756885515e+01,6.710800457349e+00,1.222009075351e+05,1.860105257285e+03,2.258527053135e+01,1.240295566280e-03
4.892465342729e-03,1.914287360023e+01,6.709491086214e+00,1.223405142173e+05,1.859783102452e+03,2.258918279483e+01,1.238853061689e-03
4.892591388348e-03,1.913817801154e+01,6.708181008419e+00,1.224803030482e+05,1.859460922898e+03,2.259309671431e+01,1.237411881980e-03
4.892717299394e-03,1.913348208748e+01,6.706870223520e+00,1.226202743298e+05,1.859138718518e+03,2.259701229209e+01,1.235972025920e-03
4.892843076007e-03,1.912878582723e+01,6.705558731275e+00,1.227604283432e+05,1.858816489256e+03,2.260092952985e+01,1.234533492504e-03
4.892968718278e-03,1.912408923186e+01,6.704246531983e+00,1.229007653118e+05,1.858494235188e+03,2.260484842772e+01,1.233096281321e-03
4.893094226432e-03,1.911939229731e+01,6.702933624499e+00,1.230412856142e+05,1.858171956036e+03,2.260876899007e+01,1.231660390377e-03
4.893219600536e-03,1.911469502554e+01,6.701620009366e+00,1.231819894484e+05,1.857849651939e+03,2.261269121625e+01,1.230225819530e-03
4.893344840764e-03,1.910999741449e+01,6.700305685994e+00,1.233228771342e+05,1.857527322754e+03,2.261661510902e+01,1.228792567400e-03
4.893469947253e-03,1.910529946335e+01,6.698990654152e+00,1.234639489536e+05,1.857204968429e+03,2.262054067005e+01,1.227360633001e-03
4.893594920123e-03,1.910060117207e+01,6.697674913818e+00,1.236052051664e+05,1.856882588963e+03,2.262446790036e+01,1.225930015575e-03
4.893719759546e-03,1.909590253864e+01,6.696358464414e+00,1.237466460924e+05,1.856560184219e+03,2.262839680266e+01,1.224500713761e-03
4.893844465633e-03,1.909120356327e+01,6.695041305988e+00,1.238882719848e+05,1.856237754212e+03,2.263232737780e+01,1.223072726881e-03
4.893969038530e-03,1.908650424485e+01,6.693723438222e+00,1.240300831363e+05,1.855915298871e+03,2.263625962768e+01,1.221646053861e-03
4.894093478376e-03,1.908180458260e+01,6.692404860882e+00,1.241720798313e+05,1.855592818143e+03,2.264019355399e+01,1.220220693717e-03
4.894217785339e-03,1.907710457459e+01,6.691085573413e+00,1.243142623888e+05,1.855270311895e+03,2.264412915936e+01,1.218796645125e-03
4.894341959493e-03,1.907240422242e+01,6.689765576249e+00,1.244566310220e+05,1.854947780242e+03,2.264806644346e+01,1.217373907826e-03
4.894466001048e-03,1.906770352257e+01,6.688444868392e+00,1.245991860987e+05,1.854625222943e+03,2.265200541024e+01,1.215952480018e-03
4.894589910076e-03,1.906300247672e+01,6.687123450296e+00,1.247419278306e+05,1.854302640115e+03,2.265594605934e+01,1.214532361467e-03
4.894713686778e-03,1.905830108165e+01,6.685801321041e+00,1.248848565779e+05,1.853980031539e+03,2.265988839444e+01,1.213113550462e-03
4.894837331253e-03,1.905359933805e+01,6.684478480802e+00,1.250279725831e+05,1.853657397265e+03,2.266383241601e+01,1.211696046471e-03
4.894960843645e-03,1.904889724484e+01,6.683154929259e+00,1.251712761430e+05,1.853334737218e+03,2.266777812599e+01,1.210279848430e-03
4.895084224093e-03,1.904419480115e+01,6.681830666152e+00,1.253147675476e+05,1.853012051344e+03,2.267172552610e+01,1.208864955340e-03
4.895207472736e-03,1.903949200610e+01,6.680505691213e+00,1.254584470886e+05,1.852689339583e+03,2.267567461812e+01,1.207451366200e-03
4.895330589725e-03,1.903478885829e+01,6.679180004031e+00,1.256023150738e+05,1.852366601840e+03,2.267962540426e+01,1.206039079854e-03
4.895453575167e-03,1.903008535813e+01,6.677853604698e+00,1.257463717564e+05,1.852043838146e+03,2.268357788520e+01,1.204628095684e-03
4.895576429230e-03,1.902538150361e+01,6.676526492628e+00,1.258906174642e+05,1.851721048365e+03,2.268753206365e+01,1.203218412352e-03
4.895699152024e-03,1.902067729483e+01,6.675198667829e+00,1.260350524601e+05,1.851398232504e+03,2.269148794057e+01,1.201810029157e-03
4.895821743704e-03,1.901597273038e+01,6.673870129881e+00,1.261796770549e+05,1.851075390471e+03,2.269544551816e+01,1.200402944938e-03
4.895944204405e-03,1.901126780943e+01,6.672540878526e+00,1.263244915415e+05,1.850752522209e+03,2.269940479817e+01,1.198997158713e-03
4.896066534274e-03,1.900656253075e+01,6.671210913396e+00,1.264694962254e+05,1.850429627636e+03,2.270336578268e+01,1.197592669384e-03
4.896188733417e-03,1.900185689473e+01,6.669880234573e+00,1.266146913637e+05,1.850106706781e+03,2.270732847238e+01,1.196189476328e-03
4.896310801980e-03,1.899715090005e+01,6.668548841666e+00,1.267600772652e+05,1.849783759556e+03,2.271129286941e+01,1.194787578428e-03
4.896432740125e-03,1.899244454499e+01,6.667216734156e+00,1.269056542534e+05,1.849460785842e+03,2.271525897629e+01,1.193386974429e-03
4.896554547984e-03,1.898773782882e+01,6.665883911815e+00,1.270514226203e+05,1.849137785594e+03,2.271922679467e+01,1.191987663389e-03
4.896676225646e-03,1.898303075248e+01,6.664550374883e+00,1.271973826071e+05,1.848814758878e+03,2.272319632477e+01,1.190589644856e-03
4.896797773284e-03,1.897832331376e+01,6.663216122704e+00,1.273435345535e+05,1.848491705543e+03,2.272716756954e+01,1.189192917440e-03
4.896919191063e-03,1.897361551065e+01,6.661881154683e+00,1.274898787931e+05,1.848168625454e+03,2.273114053171e+01,1.187797479817e-03
4.897040479044e-03,1.896890734515e+01,6.660545471356e+00,1.276364155359e+05,1.847845518750e+03,2.273511521062e+01,1.186403331848e-03
4.897161637433e-03,1.896419881377e+01,6.659209071706e+00,1.277831451627e+05,1.847522385194e+03,2.273909161030e+01,1.185010471771e-03
4.897282666327e-03,1.895948991705e+01,6.657871955855e+00,1.279300679295e+05,1.847199224823e+03,2.274306973132e+01,1.183618899019e-03
4.897403565859e-03,1.895478065431e+01,6.656534123581e+00,1.280771841309e+05,1.846876037596e+03,2.274704957531e+01,1.182228612663e-03
4.897524336199e-03,1.895007102329e+01,6.655195574208e+00,1.282244941117e+05,1.846552823356e+03,2.275103114525e+01,1.180839611304e-03
4.897644977445e-03,1.894536102455e+01,6.653856307867e+00,1.283719981283e+05,1.846229582145e+03,2.275501444171e+01,1.179451894386e-03
4.897765489742e-03,1.894065065694e+01,6.652516324193e+00,1.285196964921e+05,1.845906313887e+03,2.275899946672e+01,1.178065460837e-03
4.897885873242e-03,1.893593991882e+01,6.651175622692e+00,1.286675895293e+05,1.845583018470e+03,2.276298622272e+01,1.176680309456e-03
4.898006128040e-03,1.893122881091e+01,6.649834203531e+00,1.288156774937e+05,1.845259695946e+03,2.276697471020e+01,1.175296439723e-03
4.898126254318e-03,1.892651733055e+01,6.648492065921e+00,1.289639607447e+05,1.844936346135e+03,2.277096493242e+01,1.173913850135e-03
4.898246252190e-03,1.892180547760e+01,6.647149209784e+00,1.291124395641e+05,1.844612969029e+03,2.277495689059e+01,1.172532539926e-03
4.898366121776e-03,1.891709325182e+01,6.645805635016e+00,1.292611142369e+05,1.844289564613e+03,2.277895058600e+01,1.171152508300e-03
4.898485863227e-03,1.891238065162e+01,6.644461341130e+00,1.294099850906e+05,1.843966132781e+03,2.278294602102e+01,1.169773754071e-03
4.898605476659e-03,1.890766767685e+01,6.643116328043e+00,1.295590524086e+05,1.843642673525e+03,2.278694319687e+01,1.168396276471e-03
4.898724962251e-03,1.890295432490e+01,6.641770594969e+00,1.297083165529e+05,1.843319186664e+03,2.279094211685e+01,1.167020074011e-03
4.898844320067e-03,1.889824059766e+01,6.640424142416e+00,1.298577777422e+05,1.842995672335e+03,2.279494278040e+01,1.165645146526e-03
4.898963550302e-03,1.889352649179e+01,6.639076969387e+00,1.300074363627e+05,1.842672130309e+03,2.279894519143e+01,1.164271492320e-03
4.899082653063e-03,1.888881200746e+01,6.637729075890e+00,1.301572926894e+05,1.842348560598e+03,2.280294935090e+01,1.162899110722e-03
4.899201628479e-03,1.888409714403e+01,6.636380461702e+00,1.303073470238e+05,1.842024963163e+03,2.280695526040e+01,1.161528000823e-03
4.899320476682e-03,1.887938190061e+01,6.635031126525e+00,1.304575996755e+05,1.841701337942e+03,2.281096292177e+01,1.160158161643e-03
4.899439197830e-03,1.887466627538e+01,6.633681069799e+00,1.306080509845e+05,1.841377684813e+03,2.281497233767e+01,1.158789591939e-03
4.899557792026e-03,1.886995026862e+01,6.632330291560e+00,1.307587012242e+05,1.841054003799e+03,2.281898350889e+01,1.157422291073e-03
4.899676259423e-03,1.886523387869e+01,6.630978791294e+00,1.309095507303e+05,1.840730294789e+03,2.282299643794e+01,1.156056257848e-03
4.899794600132e-03,1.886051710554e+01,6.629626568943e+00,1.310605997878e+05,1.840406557779e+03,2.282701112596e+01,1.154691491533e-03
4.899912814309e-03,1.885579994738e+01,6.628273623948e+00,1.312118487381e+05,1.840082792651e+03,2.283102757553e+01,1.153327990893e-03
4.900030902089e-03,1.885108240318e+01,6.626919955971e+00,1.313632978986e+05,1.839758999337e+03,2.283504578863e+01,1.151965754917e-03
4.900148863558e-03,1.884636447394e+01,6.625565565249e+00,1.315149475226e+05,1.839435177904e+03,2.283906576550e+01,1.150604783174e-03
4.900266698908e-03,1.884164615643e+01,6.624210450810e+00,1.316667979993e+05,1.839111328136e+03,2.284308750998e+01,1.149245074017e-03
4.900384408227e-03,1.883692745144e+01,6.622854612832e+00,1.318188495895e+05,1.838787450089e+03,2.284711102248e+01,1.147886626961e-03
4.900501991684e-03,1.883220835662e+01,6.621498050593e+00,1.319711026555e+05,1.838463543601e+03,2.285113630612e+01,1.146529440614e-03
4.900619449368e-03,1.882748887285e+01,6.620140764296e+00,1.321235574562e+05,1.838139608738e+03,2.285516336124e+01,1.145173514515e-03
4.900736781446e-03,1.882276899777e+01,6.618782753211e+00,1.322762143556e+05,1.837815645338e+03,2.285919219093e+01,1.143818847271e-03
4.900853988033e-03,1.881804873118e+01,6.617424017232e+00,1.324290736484e+05,1.837491653389e+03,2.286322279649e+01,1.142465438114e-03
4.900971069267e-03,1.881332807188e+01,6.616064555961e+00,1.325821356622e+05,1.837167632813e+03,2.286725518003e+01,1.141113285987e-03
4.901088025276e-03,1.880860701919e+01,6.614704369152e+00,1.327354007083e+05,1.836843583564e+03,2.287128934323e+01,1.139762389985e-03
4.901204856178e-03,1.880388557268e+01,6.613343456626e+00,1.328888690907e+05,1.836519505614e+03,2.287532528759e+01,1.138412749269e-03
4.901321562128e-03,1.879916373048e+01,6.611981817794e+00,1.330425411603e+05,1.836195398838e+03,2.287936301578e+01,1.137064362600e-03
4.901438143242e-03,1.879444149233e+01,6.610619452525e+00,1.331964172166e+05,1.835871263220e+03,2.288340252914e+01,1.135717229189e-03
4.901554599649e-03,1.878971885740e+01,6.609256360528e+00,1.333504975779e+05,1.835547098705e+03,2.288744382950e+01,1.134371348093e-03
4.901670931490e-03,1.878499582435e+01,6.607892541355e+00,1.335047825805e+05,1.835222905203e+03,2.289148691912e+01,1.133026718217e-03
4.901787138885e-03,1.878027239274e+01,6.606527994828e+00,1.336592725306e+05,1.834898682687e+03,2.289553179947e+01,1.131683338730e-03
4.901903221983e-03,1.877554856087e+01,6.605162720397e+00,1.338139677772e+05,1.834574431041e+03,2.289957847314e+01,1.130341208441e-03
4.902019180877e-03,1.877082432935e+01,6.603796718183e+00,1.339688685939e+05,1.834250150309e+03,2.290362694072e+01,1.129000326816e-03
4.902135015712e-03,1.876609969674e+01,6.602429987708e+00,1.341239753221e+05,1.833925840397e+03,2.290767720455e+01,1.127660692735e-03
4.902250726667e-03,1.876137466006e+01,6.601062528053e+00,1.342792883543e+05,1.833601501099e+03,2.291172926832e+01,1.126322304650e-03
4.902366313787e-03,1.875664922186e+01,6.599694339898e+00,1.344348079018e+05,1.833277132594e+03,2.291578313096e+01,1.124985162579e-03
4.902481777283e-03,1.875192337798e+01,6.598325421978e+00,1.345905343973e+05,1.832952734600e+03,2.291983879715e+01,1.123649264639e-03
4.902597117213e-03,1.874719713037e+01,6.596955774794e+00,1.347464680732e+05,1.832628307251e+03,2.292389626637e+01,1.122314610674e-03
4.902712333749e-03,1.874247047640e+01,6.595585397525e+00,1.349026093127e+05,1.832303850369e+03,2.292795554198e+01,1.120981199239e-03
4.902827427003e-03,1.873774341593e+01,6.594214290069e+00,1.350589584180e+05,1.831979363947e+03,2.293201662523e+01,1.119649029590e-03
4.902942397134e-03,1.873301594673e+01,6.592842451712e+00,1.352155157611e+05,1.831654847835e+03,2.293607951917e+01,1.118318100395e-03
4.903057244233e-03,1.872828806949e+01,6.591469882596e+00,1.353722816173e+05,1.831330302080e+03,2.294014422435e+01,1.116988411148e-03
4.903171968441e-03,1.872355978280e+01,6.590096582240e+00,1.355292563329e+05,1.831005726590e+03,2.294421074311e+01,1.115659960746e-03
4.903286569885e-03,1.871883108583e+01,6.588722550346e+00,1.356864402346e+05,1.830681121309e+03,2.294827907728e+01,1.114332748259e-03
4.903401048709e-03,1.871410197705e+01,6.587347786400e+00,1.358438336736e+05,1.830356486134e+03,2.295234922934e+01,1.113006772555e-03
4.903515405028e-03,1.870937245602e+01,6.585972290205e+00,1.360014369656e+05,1.830031821039e+03,2.295642120080e+01,1.111682032808e-03
4.903629638984e-03,1.870464252133e+01,6.584596061288e+00,1.361592504584e+05,1.829707125927e+03,2.296049499400e+01,1.110358527928e-03
4.903743750668e-03,1.869991217360e+01,6.583219099760e+00,1.363172744336e+05,1.829382400844e+03,2.296457060958e+01,1.109036257385e-03
4.903857740243e-03,1.869518141042e+01,6.581841404848e+00,1.364755092740e+05,1.829057645626e+03,2.296864805073e+01,1.107715219806e-03
4.903971607834e-03,1.869045023102e+01,6.580462976263e+00,1.366339553084e+05,1.828732860224e+03,2.297272731926e+01,1.106395414280e-03
4.904085353556e-03,1.868571863502e+01,6.579083813823e+00,1.367926128528e+05,1.828408044612e+03,2.297680841667e+01,1.105076840005e-03
4.904198977552e-03,1.868098662086e+01,6.577703917000e+00,1.369514822640e+05,1.828083198687e+03,2.298089134543e+01,1.103759495845e-03
4.904312479926e-03,1.867625418858e+01,6.576323285738e+00,1.371105638451e+05,1.827758322455e+03,2.298497610666e+01,1.102443381118e-03
4.904425860831e-03,1.867152133618e+01,6.574941919379e+00,1.372698579688e+05,1.827433415777e+03,2.298906270327e+01,1.101128494569e-03
4.904539120388e-03,1.866678806305e+01,6.573559817672e+00,1.374293649614e+05,1.827108478617e+03,2.299315113690e+01,1.099814835335e-03
4.904652258693e-03,1.866205436950e+01,6.572176980635e+00,1.375890851186e+05,1.826783510997e+03,2.299724140845e+01,1.098502402806e-03
4.904765275928e-03,1.865732025234e+01,6.570793407263e+00,1.377490188552e+05,1.826458512701e+03,2.300133352185e+01,1.097191195405e-03
4.904878172177e-03,1.865258571242e+01,6.569409097726e+00,1.379091664502e+05,1.826133483789e+03,2.300542747751e+01,1.095881212671e-03
4.904990947576e-03,1.864785074846e+01,6.568024051578e+00,1.380695282546e+05,1.825808424176e+03,2.300952327770e+01,1.094572453558e-03
4.905103602256e-03,1.864311535934e+01,6.566638268410e+00,1.382301046156e+05,1.825483333787e+03,2.301362092457e+01,1.093264917061e-03
4.905216136343e-03,1.863837954410e+01,6.565251747870e+00,1.383908958743e+05,1.825158212559e+03,2.301772042009e+01,1.091958602228e-03
4.905328549990e-03,1.863364330072e+01,6.563864489286e+00,1.385519024094e+05,1.824833060356e+03,2.302182176718e+01,1.090653507808e-03
4.905440843270e-03,1.862890663051e+01,6.562476492962e+00,1.387131244871e+05,1.824507877268e+03,2.302592496589e+01,1.089349633469e-03
4.905553016336e-03,1.862416953140e+01,6.561087758213e+00,1.388745624887e+05,1.824182663157e+03,2.303003001918e+01,1.088046977951e-03
4.905665069311e-03,1.861943200257e+01,6.559698284720e+00,1.390362167536e+05,1.823857417970e+03,2.303413692892e+01,1.086745540340e-03
4.905777002343e-03,1.861469404215e+01,6.558308071852e+00,1.391980876578e+05,1.823532141579e+03,2.303824569791e+01,1.085445319431e-03
4.905888815532e-03,1.860995565030e+01,6.556917119576e+00,1.393601755087e+05,1.823206833998e+03,2.304235632720e+01,1.084146314582e-03
4.906000509001e-03,1.860521682619e+01,6.555525427567e+00,1.395224806477e+05,1.822881495174e+03,2.304646881867e+01,1.082848524876e-03
4.906112082888e-03,1.860047756832e+01,6.554132995299e+00,1.396850034407e+05,1.822556125004e+03,2.305058317482e+01,1.081551949212e-03
4.906223537302e-03,1.859573787650e+01,6.552739822634e+00,1.398477442083e+05,1.822230723477e+03,2.305469939698e+01,1.080256586853e-03
4.906334872426e-03,1.859099774729e+01,6.551345908476e+00,1.400107033838e+05,1.821905290362e+03,2.305881748933e+01,1.078962436171e-03
4.906446088284e-03,1.858625718404e+01,6.549951253730e+00,1.401738811675e+05,1.821579825890e+03,2.306293745013e+01,1.077669497399e-03
4.906557185089e-03,1.858151618207e+01,6.548555856925e+00,1.403372780374e+05,1.821254329741e+03,2.306705928467e+01,1.076377768567e-03
4.906668162926e-03,1.857677474208e+01,6.547159718189e+00,1.405008942854e+05,1.820928801967e+03,2.307118299347e+01,1.075087249189e-03
4.906779021929e-03,1.857203286281e+01,6.545762837058e+00,1.406647302732e+05,1.820603242484e+03,2.307530857888e+01,1.073797938232e-03
4.906889762228e-03,1.856729054307e+01,6.544365213097e+00,1.408287863597e+05,1.820277651210e+03,2.307943604310e+01,1.072509834690e-03
4.907000383917e-03,1.856254778314e+01,6.542966846297e+00,1.409930628540e+05,1.819952028170e+03,2.308356538707e+01,1.071222937956e-03
4.907110887169e-03,1.855780458007e+01,6.541567735704e+00,1.411575601771e+05,1.819626373163e+03,2.308769661456e+01,1.069937246549e-03
4.907221272071e-03,1.855306093441e+01,6.540167881385e+00,1.413222786305e+05,1.819300686227e+03,2.309182972631e+01,1.068652759933e-03
4.907331538763e-03,1.854831684459e+01,6.538767282787e+00,1.414872185888e+05,1.818974967259e+03,2.309596472486e+01,1.067369477000e-03
4.907441687362e-03,1.854357230996e+01,6.537365939630e+00,1.416523803956e+05,1.818649216217e+03,2.310010161199e+01,1.066087396897e-03
4.907551717992e-03,1.853882732950e+01,6.535963851518e+00,1.418177644083e+05,1.818323433031e+03,2.310424038980e+01,1.064806518666e-03
4.907661630784e-03,1.853408190197e+01,6.534561017994e+00,1.419833709920e+05,1.817997617621e+03,2.310838106056e+01,1.063526841293e-03
4.907771425860e-03,1.852933602648e+01,6.533157438698e+00,1.421492005011e+05,1.817671769928e+03,2.311252362626e+01,1.062248363858e-03
4.907881103344e-03,1.852458970206e+01,6.531753113249e+00,1.423152532932e+05,1.817345889885e+03,2.311666808899e+01,1.060971085419e-03
4.907990663348e-03,1.851984292822e+01,6.530348041412e+00,1.424815297089e+05,1.817019977464e+03,2.312081445033e+01,1.059695005171e-03
4.908100105998e-03,1.851509570382e+01,6.528942222750e+00,1.426480301131e+05,1.816694032588e+03,2.312496271251e+01,1.058420122125e-03
4.908209431433e-03,1.851034802731e+01,6.527535656706e+00,1.428147548858e+05,1.816368055153e+03,2.312911287814e+01,1.057146435190e-03
4.908318639745e-03,1.850559989904e+01,6.526128343289e+00,1.429817043405e+05,1.816042045185e+03,2.313326494808e+01,1.055873943780e-03
4.908427731104e-03,1.850085131594e+01,6.524720281492e+00,1.431488789115e+05,1.815716002478e+03,2.313741892624e+01,1.054602646401e-03
4.908536705603e-03,1.849610227835e+01,6.523311471313e+00,1.433162789145e+05,1.815389927054e+03,2.314157481358e+01,1.053332542466e-03
4.908645563357e-03,1.849135278563e+01,6.521901912469e+00,1.434839046992e+05,1.815063818875e+03,2.314573261183e+01,1.052063631131e-03
4.908754304483e-03,1.848660283711e+01,6.520491604658e+00,1.436517566180e+05,1.814737677896e+03,2.314989232283e+01,1.050795911540e-03
4.908862929156e-03,1.848185242944e+01,6.519080546782e+00,1.438198351187e+05,1.814411503889e+03,2.315405395076e+01,1.049529382125e-03
4.908971437421e-03,1.847710156509e+01,6.517668739478e+00,1.439881404429e+05,1.814085297028e+03,2.315821749464e+01,1.048264042876e-03
4.909079829480e-03,1.847235023952e+01,6.516256181291e+00,1.441566730823e+05,1.813759057002e+03,2.316238295970e+01,1.046999891905e-03
4.909188105389e-03,1.846759845469e+01,6.514842872701e+00,1.443254332983e+05,1.813432783948e+03,2.316655034547e+01,1.045736929065e-03
4.909296265305e-03,1.846284620804e+01,6.513428812847e+00,1.444944215126e+05,1.813106477694e+03,2.317071965539e+01,1.044475153006e-03
4.909404309336e-03,1.845809349920e+01,6.512014001508e+00,1.446636380716e+05,1.812780138217e+03,2.317489089105e+01,1.043214562952e-03
4.909512237619e-03,1.845334032655e+01,6.510598438103e+00,1.448330833649e+05,1.812453765408e+03,2.317906405511e+01,1.041955157812e-03
4.909620050244e-03,1.844858669049e+01,6.509182122641e+00,1.450027577123e+05,1.812127359296e+03,2.318323914844e+01,1.040696937015e-03
4.909727747371e-03,1.844383258830e+01,6.507765054206e+00,1.451726615446e+05,1.811800919699e+03,2.318741617468e+01,1.039439899175e-03
4.909835329111e-03,1.843907801950e+01,6.506347232545e+00,1.453427952143e+05,1.811474446584e+03,2.319159513552e+01,1.038184043494e-03
4.909942795568e-03,1.843432298376e+01,6.504928657459e+00,1.455131590674e+05,1.811147939933e+03,2.319577603245e+01,1.036929369223e-03
4.910050146860e-03,1.842956748032e+01,6.503509328605e+00,1.456837534682e+05,1.810821399696e+03,2.319995886740e+01,1.035675875487e-03
4.910157383130e-03,1.842481150722e+01,6.502089245292e+00,1.458545788231e+05,1.810494825740e+03,2.320414364337e+01,1.034423561105e-03
4.910264504492e-03,1.842005506370e+01,6.500668407182e+00,1.460256354967e+05,1.810168218016e+03,2.320833036225e+01,1.033172425212e-03
4.910371511064e-03,1.841529814887e+01,6.499246813897e+00,1.461969238592e+05,1.809841576466e+03,2.321251902609e+01,1.031922466906e-03
4.910478402981e-03,1.841054076122e+01,6.497824464875e+00,1.463684443034e+05,1.809514900988e+03,2.321670963748e+01,1.030673685125e-03
4.910585180319e-03,1.840578290159e+01,6.496401360257e+00,1.465401971380e+05,1.809188191643e+03,2.322090219692e+01,1.029426079428e-03
4.910691843247e-03,1.840102456688e+01,6.494977498999e+00,1.467121828150e+05,1.808861448221e+03,2.322509670841e+01,1.028179648335e-03
4.910798391858e-03,1.839626575732e+01,6.493552881058e+00,1.468844016663e+05,1.808534670740e+03,2.322929317300e+01,1.026934391245e-03
4.910904826288e-03,1.839150647113e+01,6.492127505783e+00,1.470568540980e+05,1.808207859078e+03,2.323349159356e+01,1.025690307025e-03
4.911011146634e-03,1.838674670842e+01,6.490701373098e+00,1.472295404471e+05,1.807881013250e+03,2.323769197120e+01,1.024447395047e-03
4.911117353047e-03,1.838198646672e+01,6.489274482140e+00,1.474024611465e+05,1.807554133086e+03,2.324189430941e+01,1.023205654000e-03
4.911223445642e-03,1.837722574530e+01,6.487846832579e+00,1.475756165652e+05,1.807227218539e+03,2.324609861008e+01,1.021965083037e-03
4.911329424505e-03,1.837246454460e+01,6.486418424423e+00,1.477490070316e+05,1.806900269641e+03,2.325030487411e+01,1.020725681606e-03
4.911435289764e-03,1.836770286328e+01,6.484989257157e+00,1.479226329382e+05,1.806573286304e+03,2.325451310395e+01,1.019487448702e-03
4.911541041601e-03,1.836294069745e+01,6.483559329492e+00,1.480964947723e+05,1.806246268263e+03,2.325872330432e+01,1.018250382655e-03
4.911646680021e-03,1.835817805131e+01,6.482128642570e+00,1.482705927263e+05,1.805919215810e+03,2.326293547276e+01,1.017014483894e-03
4.911752205271e-03,1.835341491804e+01,6.480697194222e+00,1.484449273956e+05,1.805592128478e+03,2.326714961660e+01,1.015779749994e-03
4.911857617375e-03,1.834865130096e+01,6.479264985322e+00,1.486194990064e+05,1.805265006498e+03,2.327136573419e+01,1.014546181155e-03
4.911962916485e-03,1.834388719747e+01,6.477832014970e+00,1.487943080010e+05,1.804937849695e+03,2.327558382909e+01,1.013313776050e-03
4.912068102729e-03,1.833912260626e+01,6.476398282647e+00,1.489693547763e+05,1.804610657981e+03,2.327980390377e+01,1.012082533681e-03
4.912173176201e-03,1.833435752731e+01,6.474963788220e+00,1.491446396822e+05,1.804283431356e+03,2.328402595954e+01,1.010852453385e-03
4.912278137062e-03,1.832959195775e+01,6.473528530707e+00,1.493201631736e+05,1.803956169628e+03,2.328825000019e+01,1.009623533770e-03
4.912382985367e-03,1.832482589945e+01,6.472092510542e+00,1.494959255324e+05,1.803628872928e+03,2.329247602540e+01,1.008395774662e-03
4.912487721270e-03,1.832005934967e+01,6.470655726775e+00,1.496719272104e+05,1.803301541068e+03,2.329670403887e+01,1.007169174699e-03
4.912592344922e-03,1.831529230596e+01,6.469218178542e+00,1.498481686499e+05,1.802974173885e+03,2.330093404407e+01,1.005943732600e-03
4.912696856388e-03,1.831052476972e+01,6.467779866137e+00,1.500246501515e+05,1.802646771478e+03,2.330516604104e+01,1.004719448071e-03
4.912801255792e-03,1.830575673964e+01,6.466340789035e+00,1.502013721172e+05,1.802319333757e+03,2.330940003229e+01,1.003496320122e-03
4.912905543276e-03,1.830098821353e+01,6.464900946448e+00,1.503783349816e+05,1.801991860578e+03,2.331363602102e+01,1.002274347538e-03
4.913009718975e-03,1.829621918964e+01,6.463460337717e+00,1.505555391642e+05,1.801664351821e+03,2.331787401011e+01,1.001053529222e-03
4.913113782924e-03,1.829144967074e+01,6.462018963549e+00,1.507329849174e+05,1.801336807679e+03,2.332211399841e+01,9.998338652308e-04
4.913217735334e-03,1.828667965141e+01,6.460576822175e+00,1.509106727984e+05,1.801009227785e+03,2.332635599202e+01,9.986153535287e-04
4.913321576278e-03,1.828190913273e+01,6.459133913791e+00,1.510886031236e+05,1.800681612214e+03,2.333059999130e+01,9.973979937428e-04
4.913425305858e-03,1.827713811431e+01,6.457690238142e+00,1.512667762650e+05,1.800353960940e+03,2.333484599793e+01,9.961817851227e-04
4.913528924233e-03,1.827236659323e+01,6.456245794217e+00,1.514451926891e+05,1.800026273770e+03,2.333909401580e+01,9.949667262770e-04
4.913632431496e-03,1.826759456954e+01,6.454800581895e+00,1.516238527527e+05,1.799698550707e+03,2.334334404617e+01,9.937528165730e-04
4.913735827745e-03,1.826282204312e+01,6.453354601000e+00,1.518027568202e+05,1.799370791745e+03,2.334759609052e+01,9.925400553263e-04
4.913839113143e-03,1.825804901068e+01,6.451907850409e+00,1.519819053739e+05,1.799042996664e+03,2.335185015303e+01,9.913284410619e-04
4.913942287756e-03,1.825327547363e+01,6.450460330405e+00,1.521612987224e+05,1.798715165562e+03,2.335610623381e+01,9.901179734854e-04
4.914045351757e-03,1.824850142821e+01,6.449012039715e+00,1.523409373678e+05,1.798387298182e+03,2.336036433754e+01,9.889086510025e-04
4.914148305203e-03,1.824372687625e+01,6.447562978753e+00,1.525208216038e+05,1.798059394654e+03,2.336462446389e+01,9.877004734292e-04
4.914251148232e-03,1.823895181559e+01,6.446113146727e+00,1.527009518743e+05,1.797731454833e+03,2.336888661612e+01,9.864934395730e-04
4.914353881001e-03,1.823417624334e+01,6.444662542620e+00,1.528813286517e+05,1.797403478522e+03,2.337315079817e+01,9.852875480640e-04
4.914456503575e-03,1.822940016078e+01,6.443211166682e+00,1.530619522519e+05,1.797075465814e+03,2.337741701019e+01,9.840827985805e-04
4.914559016068e-03,1.822462356699e+01,6.441759018489e+00,1.532428230747e+05,1.796747416646e+03,2.338168525436e+01,9.828791902464e-04
4.914661418648e-03,1.821984645847e+01,6.440306096839e+00,1.534239416180e+05,1.796419330782e+03,2.338595553514e+01,9.816767215403e-04
4.914763711362e-03,1.821506883736e+01,6.438852402239e+00,1.536053081671e+05,1.796091208372e+03,2.339022785195e+01,9.804753923583e-04
4.914865894380e-03,1.821029070009e+01,6.437397933458e+00,1.537869232247e+05,1.795763049173e+03,2.339450220934e+01,9.792752011602e-04
4.914967967782e-03,1.820551204723e+01,6.435942690527e+00,1.539687871366e+05,1.795434853226e+03,2.339877860814e+01,9.780761474509e-04
4.915069931727e-03,1.820073287566e+01,6.434486672353e+00,1.541509003899e+05,1.795106620322e+03,2.340305705246e+01,9.768782298092e-04
4.915171786288e-03,1.819595318636e+01,6.433029879086e+00,1.543332633167e+05,1.794778350531e+03,2.340733754280e+01,9.756814478400e-04
4.915273531558e-03,1.819117297926e+01,6.431572310562e+00,1.545158762892e+05,1.794450043849e+03,2.341162008057e+01,9.744858008883e-04
4.915375167750e-03,1.818639224874e+01,6.430113964916e+00,1.546987398931e+05,1.794121699894e+03,2.341590467216e+01,9.732912869076e-04
4.915476694865e-03,1.818161099904e+01,6.428654843296e+00,1.548818543373e+05,1.793793318961e+03,2.342019131510e+01,9.720979063232e-04
4.915578113112e-03,1.817682922467e+01,6.427194943879e+00,1.550652202039e+05,1.793464900674e+03,2.342448001569e+01,9.709056571285e-04
4.915679422518e-03,1.817204692869e+01,6.425734267446e+00,1.552488377490e+05,1.793136445247e+03,2.342877077256e+01,9.697145394466e-04
4.915780623281e-03,1.816726410611e+01,6.424272812328e+00,1.554327075367e+05,1.792807952342e+03,2.343306359150e+01,9.685245514037e-04
4.915881715461e-03,1.816248075844e+01,6.422810578833e+00,1.556168298839e+05,1.792479422063e+03,2.343735847256e+01,9.673356927385e-04
4.915982699177e-03,1.815769688435e+01,6.421347566404e+00,1.558012052163e+05,1.792150854323e+03,2.344165541829e+01,9.661479624866e-04
4.916083574581e-03,1.815291248098e+01,6.419883774015e+00,1.559858340198e+05,1.791822248929e+03,2.344595443260e+01,9.649613593053e-04
4.916184341729e-03,1.814812754999e+01,6.418419202017e+00,1.561707166072e+05,1.791493605996e+03,2.345025551541e+01,9.637758829710e-04
4.916285000783e-03,1.814334208811e+01,6.416953849257e+00,1.563558534816e+05,1.791164925304e+03,2.345455867101e+01,9.625915320418e-04
4.916385551829e-03,1.813855609548e+01,6.415487715623e+00,1.565412450157e+05,1.790836206865e+03,2.345886390064e+01,9.614083059194e-04
4.916485995031e-03,1.813376956870e+01,6.414020799918e+00,1.567268917198e+05,1.790507450448e+03,2.346317120876e+01,9.602262031337e-04
4.916586330404e-03,1.812898251139e+01,6.412553103096e+00,1.569127938326e+05,1.790178656306e+03,2.346748059347e+01,9.590452239479e-04
4.916686558153e-03,1.812419491799e+01,6.411084623298e+00,1.570989519499e+05,1.789849824060e+03,2.347179206115e+01,9.578653663617e-04
4.916786678354e-03,1.811940678933e+01,6.409615360616e+00,1.572853664209e+05,1.789520953769e+03,2.347610561246e+01,9.566866299463e-04
4.916886691132e-03,1.811461812371e+01,6.408145314370e+00,1.574720376932e+05,1.789192045319e+03,2.348042125031e+01,9.555090136559e-04
4.916986596574e-03,1.810982892132e+01,6.406674484461e+00,1.576589661417e+05,1.788863098727e+03,2.348473897590e+01,9.543325169081e-04
4.917086394835e-03,1.810503917899e+01,6.405202869758e+00,1.578461522727e+05,1.788534113779e+03,2.348905879349e+01,9.531571383007e-04
4.917186085998e-03,1.810024889715e+01,6.403730470228e+00,1.580335964539e+05,1.788205090505e+03,2.349338070409e+01,9.519828773078e-04
4.917285670162e-03,1.809545807536e+01,6.402257285574e+00,1.582212990869e+05,1.787876028881e+03,2.349770470947e+01,9.508097331945e-04
4.917385147487e-03,1.809066671015e+01,6.400783314572e+00,1.584092606926e+05,1.787546928670e+03,2.350203081418e+01,9.496377044895e-04
4.917484518045e-03,1.808587480253e+01,6.399308557362e+00,1.585974816182e+05,1.787217789943e+03,2.350635901871e+01,9.484667908095e-04
4.917583781963e-03,1.808108235055e+01,6.397833013186e+00,1.587859623264e+05,1.786888612572e+03,2.351068932619e+01,9.472969910567e-04
4.917682939354e-03,1.807628935321e+01,6.396356681570e+00,1.589747032445e+05,1.786559396491e+03,2.351502173896e+01,9.461283043624e-04
4.917781990331e-03,1.807149580928e+01,6.394879561968e+00,1.591637048094e+05,1.786230141616e+03,2.351935625953e+01,9.449607298023e-04
4.917880935009e-03,1.806670171760e+01,6.393401653855e+00,1.593529674560e+05,1.785900847873e+03,2.352369289035e+01,9.437942664698e-04
4.917979773486e-03,1.806190707769e+01,6.391922956919e+00,1.595424915929e+05,1.785571515231e+03,2.352803163326e+01,9.426289136283e-04
4.918078505876e-03,1.805711188833e+01,6.390443470613e+00,1.597322776593e+05,1.785242143609e+03,2.353237249080e+01,9.414646703569e-04
4.918177132306e-03,1.805231614775e+01,6.388963194227e+00,1.599223261162e+05,1.784912732891e+03,2.353671546596e+01,9.403015356076e-04
4.918275652894e-03,1.804751985446e+01,6.387482127128e+00,1.601126374153e+05,1.784583282975e+03,2.354106056151e+01,9.391395083971e-04
4.918374067701e-03,1.804272300984e+01,6.386000269572e+00,1.603032118947e+05,1.784253793959e+03,2.354540777765e+01,9.379785884389e-04
4.918472376906e-03,1.803792560946e+01,6.384517620020e+00,1.604940501242e+05,1.783924265543e+03,2.354975711977e+01,9.368187740423e-04
4.918570580569e-03,1.803312765474e+01,6.383034178740e+00,1.606851524417e+05,1.783594697828e+03,2.355410858804e+01,9.356600649323e-04
4.918668678827e-03,1.802832914331e+01,6.381549944825e+00,1.608765193371e+05,1.783265090652e+03,2.355846218604e+01,9.345024599174e-04
4.918766671788e-03,1.802353007420e+01,6.380064917802e+00,1.610681512451e+05,1.782935443955e+03,2.356281791604e+01,9.333459581463e-04
4.918864559551e-03,1.801873044690e+01,6.378579097342e+00,1.612600485826e+05,1.782605757704e+03,2.356717577997e+01,9.321905588813e-04
4.918962342234e-03,1.801393025989e+01,6.377092482796e+00,1.614522118086e+05,1.782276031795e+03,2.357153578063e+01,9.310362611375e-04
4.919060019963e-03,1.800912951135e+01,6.375605073426e+00,1.616446413940e+05,1.781946266110e+03,2.357589792111e+01,9.298830638626e-04
4.919157592822e-03,1.800432820144e+01,6.374116869104e+00,1.618373377318e+05,1.781616460661e+03,2.358026220270e+01,9.287309664794e-04
4.919255060940e-03,1.799952632812e+01,6.372627869023e+00,1.620303013037e+05,1.781286615311e+03,2.358462862870e+01,9.275799678859e-04
4.919352424401e-03,1.799472389156e+01,6.371138073053e+00,1.622235325042e+05,1.780956730076e+03,2.358899720040e+01,9.264300675042e-04
4.919449683369e-03,1.798992088808e+01,6.369647479877e+00,1.624170318825e+05,1.780626804706e+03,2.359336792259e+01,9.252812638431e-04
4.919546837897e-03,1.798511731923e+01,6.368156089798e+00,1.626107997784e+05,1.780296839310e+03,2.359774079530e+01,9.241335566632e-04
4.919643888123e-03,1.798031318261e+01,6.366663901886e+00,1.628048366925e+05,1.779966833727e+03,2.360211582217e+01,9.229869447736e-04
4.919740834160e-03,1.797550847692e+01,6.365170915559e+00,1.629991430808e+05,1.779636787872e+03,2.360649300584e+01,9.218414272559e-04
4.919837676111e-03,1.797070320135e+01,6.363677130382e+00,1.631937193811e+05,1.779306701690e+03,2.361087234851e+01,9.206970033061e-04
4.919934414065e-03,1.796589735573e+01,6.362182546120e+00,1.633885660057e+05,1.778976575175e+03,2.361525385176e+01,9.195536722721e-04
4.920031048164e-03,1.796109093745e+01,6.360687161778e+00,1.635836834669e+05,1.778646408150e+03,2.361963751945e+01,9.184114329237e-04
4.920127578522e-03,1.795628394504e+01,6.359190976712e+00,1.637790722318e+05,1.778316200516e+03,2.362402335440e+01,9.172702843029e-04
4.920224005204e-03,1.795147637963e+01,6.357693991091e+00,1.639747326623e+05,1.777985952357e+03,2.362841135701e+01,9.161302260688e-04
4.920320328361e-03,1.794666823798e+01,6.356196203721e+00,1.641706652987e+05,1.777655663452e+03,2.363280153171e+01,9.149912568475e-04
4.920416548097e-03,1.794185951922e+01,6.354697614139e+00,1.643668705871e+05,1.777325333743e+03,2.363719388080e+01,9.138533758218e-04
4.920512664498e-03,1.793705022335e+01,6.353198222161e+00,1.645633489373e+05,1.776994963236e+03,2.364158840571e+01,9.127165823872e-04
4.920608677669e-03,1.793224034937e+01,6.351698027288e+00,1.647601008012e+05,1.776664551865e+03,2.364598510884e+01,9.115808757017e-04
4.920704587786e-03,1.792742989287e+01,6.350197027954e+00,1.649571267718e+05,1.776334099328e+03,2.365038399571e+01,9.104462541185e-04
4.920800394864e-03,1.792261885732e+01,6.348695225050e+00,1.651544271196e+05,1.776003605869e+03,2.365478506459e+01,9.093127178505e-04
4.920896099073e-03,1.791780723856e+01,6.347192617087e+00,1.653520024293e+05,1.775673071206e+03,2.365918832081e+01,9.081802653120e-04
4.920991700513e-03,1.791299503576e+01,6.345689203617e+00,1.655498531491e+05,1.775342495283e+03,2.366359376660e+01,9.070488957080e-04
4.921087199258e-03,1.790818224962e+01,6.344184984664e+00,1.657479796657e+05,1.775011878154e+03,2.366800140278e+01,9.059186085970e-04
4.921182595479e-03,1.790336887574e+01,6.342679958661e+00,1.659463825765e+05,1.774681219519e+03,2.367241123489e+01,9.047894023450e-04
4.921277889218e-03,1.789855491634e+01,6.341174126106e+00,1.661450622073e+05,1.774350519532e+03,2.367682326240e+01,9.036612768702e-04
4.921373080619e-03,1.789374036844e+01,6.339667485872e+00,1.663440190988e+05,1.774019777995e+03,2.368123748951e+01,9.025342308718e-04
4.921468169782e-03,1.788892523124e+01,6.338160037513e+00,1.665432537029e+05,1.773688994854e+03,2.368565391845e+01,9.014082635620e-04
4.921563156825e-03,1.788410950316e+01,6.336651780342e+00,1.667427665040e+05,1.773358170005e+03,2.369007255219e+01,9.002833739757e-04
4.921658041850e-03,1.787929318326e+01,6.335142713861e+00,1.669425579622e+05,1.773027303386e+03,2.369449339307e+01,8.991595612889e-04
4.921752824940e-03,1.787447627160e+01,6.333632837895e+00,1.671426284957e+05,1.772696395006e+03,2.369891644255e+01,8.980368249197e-04
4.921847506256e-03,1.786965876434e+01,6.332122151039e+00,1.673429786864e+05,1.772365444603e+03,2.370334170567e+01,8.969151633744e-04
4.921942085829e-03,1.786484066418e+01,6.330610653942e+00,1.675436088447e+05,1.772034452367e+03,2.370776918143e+01,8.957945766838e-04
4.922036563857e-03,1.786002196537e+01,6.329098344600e+00,1.677445196338e+05,1.771703417906e+03,2.371219887664e+01,8.946750629144e-04
4.922130940371e-03,1.785520267058e+01,6.327585223646e+00,1.679457113674e+05,1.771372341406e+03,2.371663079038e+01,8.935566220892e-04
4.922225215527e-03,1.785038277613e+01,6.326071289726e+00,1.681471846242e+05,1.771041222620e+03,2.372106492751e+01,8.924392527595e-04
4.922319389380e-03,1.784556228357e+01,6.324556543122e+00,1.683489397658e+05,1.770710061656e+03,2.372550128814e+01,8.913229546889e-04
4.922413462115e-03,1.784074118765e+01,6.323040981979e+00,1.685509774396e+05,1.770378858156e+03,2.372993987866e+01,8.902077260657e-04
4.922507433761e-03,1.783591949120e+01,6.321524606987e+00,1.687532979541e+05,1.770047612320e+03,2.373438069792e+01,8.890935669552e-04
4.922601304458e-03,1.783109719136e+01,6.320007417037e+00,1.689559018589e+05,1.769716323955e+03,2.373882375011e+01,8.879804760992e-04
4.922695074345e-03,1.782627428520e+01,6.318489411003e+00,1.691587897066e+05,1.769384992861e+03,2.374326903948e+01,8.868684522321e-04
4.922788743451e-03,1.782145077558e+01,6.316970589575e+00,1.693619618080e+05,1.769053619239e+03,2.374771656490e+01,8.857574954175e-04
4.922882311970e-03,1.781662665683e+01,6.315450950764e+00,1.695654188326e+05,1.768722202705e+03,2.375216633312e+01,8.846476037622e-04
4.922975779925e-03,1.781180193198e+01,6.313930495312e+00,1.697691610857e+05,1.768390743468e+03,2.375661834292e+01,8.835387773703e-04
4.923069147469e-03,1.780697659744e+01,6.312409221882e+00,1.699731891516e+05,1.768059241286e+03,2.376107259912e+01,8.824310148271e-04
4.923162414725e-03,1.780215065118e+01,6.310887129619e+00,1.701775035508e+05,1.767727696023e+03,2.376552910514e+01,8.813243150757e-04
4.923255581763e-03,1.779732409385e+01,6.309364218520e+00,1.703821046905e+05,1.767396107727e+03,2.376998786194e+01,8.802186776787e-04
4.923348648674e-03,1.779249692497e+01,6.307840488221e+00,1.705869930266e+05,1.767064476369e+03,2.377444887149e+01,8.791141019371e-04
4.923441615611e-03,1.778766914093e+01,6.306315937370e+00,1.707921691493e+05,1.766732801705e+03,2.377891213867e+01,8.780105864357e-04
4.923534482677e-03,1.778284074069e+01,6.304790565423e+00,1.709976335407e+05,1.766401083665e+03,2.378337766603e+01,8.769081303511e-04
4.923627249936e-03,1.777801172514e+01,6.303264372448e+00,1.712033866012e+05,1.766069322316e+03,2.378784545426e+01,8.758067333006e-04
4.923719917528e-03,1.777318209135e+01,6.301737357304e+00,1.714094288949e+05,1.765737517459e+03,2.379231550765e+01,8.747063940291e-04
4.923812485519e-03,1.776835184011e+01,6.300209520023e+00,1.716157608286e+05,1.765405669152e+03,2.379678782703e+01,8.736071121317e-04
4.923904954079e-03,1.776352096686e+01,6.298680858948e+00,1.718223830382e+05,1.765073777086e+03,2.380126241816e+01,8.725088859856e-04
4.923997323266e-03,1.775868947283e+01,6.297151374249e+00,1.720292959131e+05,1.764741841349e+03,2.380573928148e+01,8.714117152881e-04
4.924089593186e-03,1.775385735679e+01,6.295621065317e+00,1.722364999491e+05,1.764409861859e+03,2.381021841972e+01,8.703155991750e-04
4.924181763938e-03,1.774902461778e+01,6.294089931633e+00,1.724439956306e+05,1.764077838556e+03,2.381469983530e+01,8.692205368480e-04
4.924273835680e-03,1.774419125179e+01,6.292557971702e+00,1.726517835751e+05,1.763745771166e+03,2.381918353352e+01,8.681265268139e-04
4.924365808450e-03,1.773935726117e+01,6.291025186048e+00,1.728598641274e+05,1.763413659854e+03,2.382366951381e+01,8.670335690245e-04
4.924457682363e-03,1.773452264411e+01,6.289491573876e+00,1.730682378114e+05,1.763081504501e+03,2.382815777938e+01,8.659416624888e-04
4.924549457574e-03,1.772968739677e+01,6.287957133745e+00,1.732769052405e+05,1.762749304846e+03,2.383264833540e+01,8.648508057586e-04
4.924641134150e-03,1.772485151979e+01,6.286421865634e+00,1.734858668353e+05,1.762417060936e+03,2.383714118286e+01,8.637609984010e-04
4.924732712187e-03,1.772001501252e+01,6.284885769114e+00,1.736951230729e+05,1.762084772731e+03,2.384163632393e+01,8.626722396910e-04
4.924824191811e-03,1.771517787248e+01,6.283348843169e+00,1.739046745114e+05,1.761752440064e+03,2.384613376253e+01,8.615845284885e-04
4.924915573094e-03,1.771034010013e+01,6.281811087721e+00,1.741145215816e+05,1.761420062970e+03,2.385063349981e+01,8.604978643214e-04
4.925006856192e-03,1.770550169157e+01,6.280272501303e+00,1.743246649045e+05,1.761087641185e+03,2.385513554099e+01,8.594122457369e-04
4.925098041165e-03,1.770066264781e+01,6.278733084009e+00,1.745351048895e+05,1.760755174783e+03,2.385963988672e+01,8.583276723847e-04
4.925189128113e-03,1.769582296785e+01,6.277192835290e+00,1.747458420341e+05,1.760422663696e+03,2.386414653955e+01,8.572441434638e-04
4.925280117211e-03,1.769098264666e+01,6.275651753317e+00,1.749568770118e+05,1.760090107586e+03,2.386865550575e+01,8.561616572742e-04
4.925371008423e-03,1.768614169042e+01,6.274109839830e+00,1.751682100087e+05,1.759757506880e+03,2.387316678116e+01,8.550802146239e-04
4.925461802017e-03,1.768130008914e+01,6.272567091412e+00,1.753798419180e+05,1.759424860893e+03,2.387768037672e+01,8.539998127053e-04
4.925552497988e-03,1.767645784732e+01,6.271023509267e+00,1.755917730003e+05,1.759092169942e+03,2.388219628982e+01,8.529204519516e-04
4.925643096452e-03,1.767161496303e+01,6.269479092544e+00,1.758040037988e+05,1.758759433896e+03,2.388671452389e+01,8.518421313573e-04
4.925733597546e-03,1.766677143327e+01,6.267933840053e+00,1.760165349046e+05,1.758426652551e+03,2.389123508335e+01,8.507648496817e-04
4.925824001352e-03,1.766192725783e+01,6.266387751496e+00,1.762293667867e+05,1.758093825899e+03,2.389575797000e+01,8.496886063103e-04
4.925914307970e-03,1.765708243572e+01,6.264840826320e+00,1.764424999501e+05,1.757760953876e+03,2.390028318637e+01,8.486134004502e-04
4.926004517497e-03,1.765223696589e+01,6.263293063954e+00,1.766559349032e+05,1.757428036412e+03,2.390481073510e+01,8.475392312988e-04
4.926094630083e-03,1.764739084461e+01,6.261744462969e+00,1.768696722737e+05,1.757095073256e+03,2.390934062127e+01,8.464660974593e-04
4.926184645737e-03,1.764254407567e+01,6.260195024335e+00,1.770837123588e+05,1.756762064670e+03,2.391387284298e+01,8.453939992000e-04
4.926274564688e-03,1.763769665098e+01,6.258644745231e+00,1.772980559806e+05,1.756429010104e+03,2.391840740944e+01,8.443229341654e-04
4.926364386929e-03,1.763284857519e+01,6.257093626902e+00,1.775127033998e+05,1.756095909881e+03,2.392294431791e+01,8.432529028147e-04
4.926454112597e-03,1.762799984511e+01,6.255541668089e+00,1.777276552240e+05,1.755762763786e+03,2.392748357302e+01,8.421839038776e-04
4.926543741821e-03,1.762315045806e+01,6.253988867690e+00,1.779429120410e+05,1.755429571637e+03,2.393202517894e+01,8.411159361937e-04
4.926633274667e-03,1.761830041474e+01,6.252435225692e+00,1.781584742874e+05,1.755096333488e+03,2.393656913662e+01,8.400489993567e-04
4.926722711246e-03,1.761344971339e+01,6.250880741282e+00,1.783743425123e+05,1.754763049221e+03,2.394111544938e+01,8.389830924086e-04
4.926812051682e-03,1.760859835155e+01,6.249325413427e+00,1.785905172962e+05,1.754429718670e+03,2.394566412119e+01,8.379182142448e-04
4.926901296037e-03,1.760374633010e+01,6.247769242171e+00,1.788069990709e+05,1.754096341902e+03,2.395021515283e+01,8.368543644979e-04
4.926990444453e-03,1.759889364556e+01,6.246212226150e+00,1.790237884646e+05,1.753762918680e+03,2.395476854924e+01,8.357915418399e-04
4.927079497038e-03,1.759404029629e+01,6.244654364591e+00,1.792408860245e+05,1.753429448895e+03,2.395932431363e+01,8.347297453513e-04
4.927168453799e-03,1.758918628620e+01,6.243095658498e+00,1.794582920508e+05,1.753095932820e+03,2.396388244398e+01,8.336689753205e-04
4.927257314978e-03,1.758433160633e+01,6.241536104748e+00,1.796760074202e+05,1.752762369843e+03,2.396844295035e+01,8.326092292297e-04
4.927346080536e-03,1.757947626300e+01,6.239975705124e+00,1.798940323258e+05,1.752428760403e+03,2.397300582850e+01,8.315505078997e-04
4.927434750694e-03,1.757462024847e+01,6.238414456885e+00,1.801123675931e+05,1.752095103971e+03,2.397757108735e+01,8.304928090791e-04
4.927523325514e-03,1.756976356356e+01,6.236852360048e+00,1.803310136636e+05,1.751761400610e+03,2.398213872779e+01,8.294361323914e-04
4.927611805030e-03,1.756490621063e+01,6.235289415119e+00,1.805499709108e+05,1.751427650483e+03,2.398670874930e+01,8.283804777901e-04
4.927700189450e-03,1.756004818251e+01,6.233725619536e+00,1.807692401388e+05,1.751093853102e+03,2.399128116029e+01,8.273258431551e-04
4.927788478778e-03,1.755518948326e+01,6.232160974352e+00,1.809888216461e+05,1.750760008751e+03,2.399585595862e+01,8.262722288113e-04
4.927876673202e-03,1.755033010669e+01,6.230595477325e+00,1.812087161942e+05,1.750426117009e+03,2.400043315180e+01,8.252196328633e-04
4.927964772746e-03,1.754547005583e+01,6.229029129169e+00,1.814289241307e+05,1.750092178086e+03,2.400501273866e+01,8.241680554061e-04
4.928052777550e-03,1.754060932719e+01,6.227461928507e+00,1.816494460976e+05,1.749758191749e+03,2.400959472418e+01,8.231174951306e-04
4.928140687726e-03,1.753574791876e+01,6.225893874436e+00,1.818702826718e+05,1.749424157862e+03,2.401417911195e+01,8.220679510491e-04
4.928228503312e-03,1.753088583270e+01,6.224324967392e+00,1.820914342416e+05,1.749090076578e+03,2.401876590161e+01,8.210194230716e-04
4.928316224501e-03,1.752602306263e+01,6.222755205058e+00,1.823129015854e+05,1.748755947464e+03,2.402335510088e+01,8.199719092670e-04
4.928403851335e-03,1.752115961036e+01,6.221184587754e+00,1.825346851097e+05,1.748421770645e+03,2.402794670979e+01,8.189254094724e-04
4.928491383900e-03,1.751629547543e+01,6.219613115080e+00,1.827567853239e+05,1.748087546097e+03,2.403254073043e+01,8.178799230395e-04
4.928578822347e-03,1.751143065367e+01,6.218040785422e+00,1.829792029099e+05,1.747753273536e+03,2.403713716845e+01,8.168354485170e-04
4.928666166711e-03,1.750656514739e+01,6.216467599267e+00,1.832019382536e+05,1.747418953125e+03,2.404173602340e+01,8.157919858507e-04
4.928753417154e-03,1.750169895174e+01,6.214893554781e+00,1.834249920697e+05,1.747084584536e+03,2.404633730156e+01,8.147495334483e-04
4.928840573718e-03,1.749683206865e+01,6.213318652328e+00,1.836483647631e+05,1.746750167904e+03,2.405094100281e+01,8.137080911748e-04
4.928927636578e-03,1.749196449265e+01,6.211742889871e+00,1.838720570802e+05,1.746415702858e+03,2.405554713406e+01,8.126676573093e-04
4.929014605747e-03,1.748709622714e+01,6.210166268245e+00,1.840960693601e+05,1.746081189636e+03,2.406015569381e+01,8.116282320301e-04
4.929101481405e-03,1.748222726630e+01,6.208588785296e+00,1.843204023678e+05,1.745746627842e+03,2.406476668928e+01,8.105898135448e-04
4.929188263577e-03,1.747735761300e+01,6.207010441691e+00,1.845450564686e+05,1.745412017677e+03,2.406938011950e+01,8.095524019206e-04
4.929274952394e-03,1.747248726409e+01,6.205431236137e+00,1.847700323069e+05,1.745077358930e+03,2.407399598917e+01,8.085159959363e-04
4.929361547988e-03,1.746761621644e+01,6.203851167354e+00,1.849953305266e+05,1.744742651389e+03,2.407861430297e+01,8.074805943833e-04
4.929448050407e-03,1.746274447147e+01,6.202270235528e+00,1.852209515637e+05,1.744407895156e+03,2.408323506133e+01,8.064461970154e-04
4.929534459785e-03,1.745787202601e+01,6.200688439363e+00,1.854468960667e+05,1.744073090017e+03,2.408785826897e+01,8.054128026153e-04
4.929620776174e-03,1.745299888121e+01,6.199105778958e+00,1.856731644853e+05,1.743738236057e+03,2.409248392653e+01,8.043804108821e-04
4.929706999735e-03,1.744812503228e+01,6.197522252486e+00,1.858997575459e+05,1.743403332948e+03,2.409711204034e+01,8.033490202579e-04
4.929793130515e-03,1.744325048078e+01,6.195937860178e+00,1.861266756815e+05,1.743068380804e+03,2.410174261063e+01,8.023186305277e-04
4.929879168614e-03,1.743837522532e+01,6.194352601312e+00,1.863539194622e+05,1.742733379534e+03,2.410637564047e+01,8.012892408575e-04
4.929965114185e-03,1.743349926134e+01,6.192766474126e+00,1.865814896084e+05,1.742398328826e+03,2.411101113597e+01,8.002608497418e-04
4.930050967276e-03,1.742862259045e+01,6.191179478869e+00,1.868093865533e+05,1.742063228798e+03,2.411564909734e+01,7.992334569788e-04
4.930136727995e-03,1.742374521071e+01,6.189591614632e+00,1.870376108965e+05,1.741728079320e+03,2.412028952818e+01,7.982070616199e-04
4.930222396429e-03,1.741886712133e+01,6.188002880881e+00,1.872661631857e+05,1.741392880341e+03,2.412493243103e+01,7.971816629588e-04
4.930307972702e-03,1.741398831957e+01,6.186413276441e+00,1.874950440608e+05,1.741057631678e+03,2.412957781024e+01,7.961572598783e-04
4.930393456901e-03,1.740910880459e+01,6.184822800761e+00,1.877242540737e+05,1.740722333278e+03,2.413422566838e+01,7.951338516647e-04
4.930478849132e-03,1.740422857465e+01,6.183231452994e+00,1.879537938198e+05,1.740386985025e+03,2.413887600890e+01,7.941114374167e-04
4.930564149434e-03,1.739934763166e+01,6.181639233482e+00,1.881836637234e+05,1.740051587055e+03,2.414352883172e+01,7.930900169963e-04
4.930649357983e-03,1.739446596981e+01,6.180046140043e+00,1.884138645747e+05,1.739716138973e+03,2.414818414417e+01,7.920695886477e-04
4.930734474879e-03,1.738958358759e+01,6.178452171901e+00,1.886443969620e+05,1.739380640678e+03,2.415284194950e+01,7.910501515218e-04
4.930819500119e-03,1.738470048939e+01,6.176857330212e+00,1.888752611946e+05,1.739045092480e+03,2.415750224526e+01,7.900317060026e-04
4.930904433921e-03,1.737981666684e+01,6.175261611946e+00,1.891064581889e+05,1.738709493804e+03,2.416216504126e+01,7.890142498027e-04
4.930989276305e-03,1.737493212306e+01,6.173665017846e+00,1.893379883161e+05,1.738373844871e+03,2.416683033630e+01,7.879977830457e-04
4.931074027364e-03,1.737004685695e+01,6.172067547261e+00,1.895698521500e+05,1.738038145610e+03,2.417149813321e+01,7.869823049638e-04
4.931158687241e-03,1.736516086435e+01,6.170469198540e+00,1.898020504106e+05,1.737702395739e+03,2.417616843778e+01,7.859678141584e-04
4.931243256028e-03,1.736027414426e+01,6.168869971074e+00,1.900345836683e+05,1.737366595193e+03,2.418084125277e+01,7.849543098947e-04
4.931327733794e-03,1.735538669691e+01,6.167269864642e+00,1.902674524372e+05,1.737030743993e+03,2.418551657973e+01,7.839417916854e-04
4.931412120637e-03,1.735049852077e+01,6.165668878454e+00,1.905006573158e+05,1.736694842038e+03,2.419019442197e+01,7.829302586817e-04
4.931496416680e-03,1.734560961297e+01,6.164067011282e+00,1.907341989671e+05,1.736358889136e+03,2.419487478403e+01,7.819197097634e-04
4.931580621976e-03,1.734071997460e+01,6.162464263185e+00,1.909680778676e+05,1.736022885366e+03,2.419955766667e+01,7.809101446216e-04
4.931664736665e-03,1.733582960178e+01,6.160860632602e+00,1.912022947314e+05,1.735686830466e+03,2.420424307542e+01,7.799015619283e-04
4.931748760817e-03,1.733093849464e+01,6.159256119280e+00,1.914368500824e+05,1.735350724448e+03,2.420893101199e+01,7.788939611819e-04
4.931832694544e-03,1.732604665082e+01,6.157650722149e+00,1.916717445651e+05,1.735014567156e+03,2.421362148045e+01,7.778873413674e-04
4.931916537939e-03,1.732115406916e+01,6.156044440535e+00,1.919069787670e+05,1.734678358515e+03,2.421831448374e+01,7.768817017217e-04
4.932000291091e-03,1.731626074864e+01,6.154437273801e+00,1.921425532713e+05,1.734342098458e+03,2.422301002468e+01,7.758770415061e-04
4.932083954076e-03,1.731136668900e+01,6.152829221564e+00,1.923784686251e+05,1.734005786973e+03,2.422770810534e+01,7.748733601400e-04
4.932167527032e-03,1.730647188638e+01,6.151220282264e+00,1.926147255489e+05,1.733669423799e+03,2.423240873124e+01,7.738706563110e-04
4.932251010012e-03,1.730157634189e+01,6.149610455957e+00,1.928513245276e+05,1.733333009015e+03,2.423711190321e+01,7.728689297170e-04
4.932334403158e-03,1.729668005136e+01,6.147999740975e+00,1.930882662996e+05,1.732996542341e+03,2.424181762703e+01,7.718681789833e-04
4.932417706512e-03,1.729178301657e+01,6.146388137603e+00,1.933255513179e+05,1.732660023905e+03,2.424652590286e+01,7.708684039512e-04
4.932500920231e-03,1.728688523245e+01,6.144775643870e+00,1.935631803686e+05,1.732323453360e+03,2.425123673744e+01,7.698696030630e-04
4.932584044344e-03,1.728198670150e+01,6.143162260292e+00,1.938011538720e+05,1.731986830885e+03,2.425595013020e+01,7.688717763040e-04
4.932667078990e-03,1.727708741972e+01,6.141547985250e+00,1.940394725645e+05,1.731650156210e+03,2.426066608683e+01,7.678749223401e-04
4.932750024259e-03,1.727218738597e+01,6.139932818061e+00,1.942781370458e+05,1.731313429257e+03,2.426538461033e+01,7.668790404175e-04
4.932832880234e-03,1.726728659962e+01,6.138316758213e+00,1.945171478909e+05,1.730976649993e+03,2.427010570311e+01,7.658841298894e-04
4.932915646986e-03,1.726238506057e+01,6.136699805365e+00,1.947565056506e+05,1.730639818413e+03,2.427482936715e+01,7.648901902150e-04
4.932998324671e-03,1.725748276378e+01,6.135081957546e+00,1.949962111184e+05,1.730302934174e+03,2.427955560921e+01,7.638972198536e-04
4.933080913353e-03,1.725257970965e+01,6.133463214579e+00,1.952362648230e+05,1.729965997312e+03,2.428428443072e+01,7.629052183684e-04
4.933163413110e-03,1.724767589775e+01,6.131843576013e+00,1.954766673348e+05,1.729629007799e+03,2.428901583400e+01,7.619141851560e-04
4.933245824032e-03,1.724277132691e+01,6.130223041146e+00,1.957174192622e+05,1.729291965559e+03,2.429374982207e+01,7.609241194601e-04
4.933328146261e-03,1.723786599292e+01,6.128601608282e+00,1.959585213630e+05,1.728954870310e+03,2.429848640083e+01,7.599350199171e-04
4.933410379829e-03,1.723295989796e+01,6.126979277827e+00,1.961999740830e+05,1.728617722206e+03,2.430322557008e+01,7.589468864518e-04
4.933492524900e-03,1.722805303643e+01,6.125356047612e+00,1.964417782527e+05,1.728280520864e+03,2.430796733714e+01,7.579597174189e-04
4.933574581504e-03,1.722314541083e+01,6.123731918151e+00,1.966839343039e+05,1.727943266464e+03,2.431271170145e+01,7.569735128081e-04
4.933656549739e-03,1.721823701933e+01,6.122106888525e+00,1.969264428829e+05,1.727605958883e+03,2.431745866668e+01,7.559882717388e-04
4.933738429753e-03,1.721332785735e+01,6.120480956897e+00,1.971693047744e+05,1.727268597812e+03,2.432220823918e+01,7.550039927762e-04
4.933820221622e-03,1.720841792452e+01,6.118854122830e+00,1.974125205552e+05,1.726931183230e+03,2.432696042118e+01,7.540206753371e-04
4.933901925381e-03,1.720350722284e+01,6.117226386666e+00,1.976560906867e+05,1.726593715279e+03,2.433171521266e+01,7.530383193082e-04
4.933983541165e-03,1.719859574847e+01,6.115597746815e+00,1.979000159201e+05,1.726256193700e+03,2.433647261926e+01,7.520569234105e-04
4.934065069124e-03,1.719368349643e+01,6.113968201304e+00,1.981442970654e+05,1.725918618157e+03,2.434123264767e+01,7.510764861393e-04
4.934146509216e-03,1.718877047355e+01,6.112337752078e+00,1.983889343468e+05,1.725580989123e+03,2.434599529323e+01,7.500970083473e-04
4.934227861672e-03,1.718385667000e+01,6.110706395552e+00,1.986339288185e+05,1.725243305925e+03,2.435076056739e+01,7.491184875652e-04
4.934309126524e-03,1.717894208798e+01,6.109074132135e+00,1.988792809368e+05,1.724905568724e+03,2.435552846989e+01,7.481409237251e-04
4.934390303867e-03,1.717402672600e+01,6.107440961003e+00,1.991249913441e+05,1.724567777419e+03,2.436029900414e+01,7.471643160204e-04
4.934471393729e-03,1.716911058646e+01,6.105806882637e+00,1.993710604875e+05,1.724229932181e+03,2.436507216972e+01,7.461886644235e-04
4.934552396361e-03,1.716419365842e+01,6.104171893066e+00,1.996174894858e+05,1.723892032262e+03,2.436984797920e+01,7.452139662516e-04
4.934633311715e-03,1.715927594883e+01,6.102535994278e+00,1.998642785610e+05,1.723554078146e+03,2.437462642775e+01,7.442402223816e-04
4.934714139922e-03,1.715435745401e+01,6.100899184722e+00,2.001114284698e+05,1.723216069584e+03,2.437940752089e+01,7.432674315782e-04
4.934794881099e-03,1.714943817089e+01,6.099261463045e+00,2.003589399400e+05,1.722878006371e+03,2.438419126353e+01,7.422955927284e-04
4.934875535330e-03,1.714451809857e+01,6.097622828619e+00,2.006068135917e+05,1.722539888449e+03,2.438897765851e+01,7.413247051514e-04
4.934956102685e-03,1.713959723699e+01,6.095983281094e+00,2.008550500033e+05,1.722201715819e+03,2.439376670783e+01,7.403547683336e-04
4.935036583282e-03,1.713467558303e+01,6.094342819096e+00,2.011036499101e+05,1.721863488272e+03,2.439855841647e+01,7.393857811542e-04
4.935116977180e-03,1.712975313732e+01,6.092701442503e+00,2.013526138582e+05,1.721525205856e+03,2.440335278579e+01,7.384177432364e-04
4.935197284550e-03,1.712482989345e+01,6.091059148847e+00,2.016019427513e+05,1.721186868136e+03,2.440814982399e+01,7.374506528205e-04
4.935277505353e-03,1.711990585808e+01,6.089415940010e+00,2.018516368333e+05,1.720848475574e+03,2.441294952652e+01,7.364845107113e-04
4.935357639803e-03,1.711498102209e+01,6.087771812617e+00,2.021016971482e+05,1.720510027548e+03,2.441775190425e+01,7.355193146210e-04
4.935437687923e-03,1.711005538838e+01,6.086126767299e+00,2.023521241326e+05,1.720171524264e+03,2.442255695633e+01,7.345550646182e-04
4.935517649841e-03,1.710512895312e+01,6.084480802439e+00,2.026029185655e+05,1.719832965463e+03,2.442736468846e+01,7.335917594544e-04
4.935597525620e-03,1.710020171659e+01,6.082833917792e+00,2.028540810187e+05,1.719494351168e+03,2.443217510234e+01,7.326293986871e-04
4.935677315350e-03,1.709527367740e+01,6.081186112554e+00,2.031056121502e+05,1.719155681290e+03,2.443698820131e+01,7.316679815455e-04
4.935757019179e-03,1.709034483064e+01,6.079537384739e+00,2.033575127992e+05,1.718816955496e+03,2.444180399216e+01,7.307075065749e-04
4.935836637109e-03,1.708541518026e+01,6.077887735336e+00,2.036097833528e+05,1.718478174064e+03,2.444662247300e+01,7.297479740528e-04
4.935916169292e-03,1.708048472097e+01,6.076237162224e+00,2.038624246733e+05,1.718139336633e+03,2.445144365100e+01,7.287893824491e-04
4.935995615808e-03,1.707555345203e+01,6.074585664817e+00,2.041154373904e+05,1.717800443161e+03,2.445626752887e+01,7.278317311280e-04
4.936074976756e-03,1.707062137138e+01,6.072933242078e+00,2.043688222037e+05,1.717461493507e+03,2.446109411064e+01,7.268750191947e-04
4.936154252205e-03,1.706568847894e+01,6.071279893634e+00,2.046225797121e+05,1.717122487674e+03,2.446592339838e+01,7.259192461400e-04
4.936233442230e-03,1.706075477410e+01,6.069625618937e+00,2.048767105428e+05,1.716783425624e+03,2.447075539469e+01,7.249644113518e-04
4.936312546996e-03,1.705582025083e+01,6.067970415616e+00,2.051312156039e+05,1.716444306947e+03,2.447559010750e+01,7.240105131722e-04
4.936391566517e-03,1.705088491234e+01,6.066314284403e+00,2.053860953283e+05,1.716105131871e+03,2.448042753565e+01,7.230575517317e-04
4.936470500897e-03,1.704594875628e+01,6.064657224158e+00,2.056413504371e+05,1.715765900239e+03,2.448526768346e+01,7.221055260839e-04
4.936549350287e-03,1.704101177730e+01,6.062999232735e+00,2.058969818087e+05,1.715426611687e+03,2.449011055823e+01,7.211544347071e-04
4.936628114678e-03,1.703607398019e+01,6.061340311388e+00,2.061529897980e+05,1.715087266550e+03,2.449495615726e+01,7.202042780322e-04
4.936706794238e-03,1.703113535849e+01,6.059680457602e+00,2.064093753426e+05,1.714747864392e+03,2.449980448890e+01,7.192550543311e-04
4.936785389054e-03,1.702619591091e+01,6.058019670584e+00,2.066661391157e+05,1.714408405125e+03,2.450465555649e+01,7.183067628655e-04
4.936863899163e-03,1.702125563923e+01,6.056357950582e+00,2.069232816308e+05,1.714068888880e+03,2.450950936028e+01,7.173594034907e-04
4.936942324660e-03,1.701631454162e+01,6.054695296624e+00,2.071808035909e+05,1.713729315536e+03,2.451436590411e+01,7.164129753664e-04
4.937020665757e-03,1.701137260888e+01,6.053031705256e+00,2.074387060852e+05,1.713389684464e+03,2.451922519910e+01,7.154674762456e-04
4.937098922330e-03,1.700642985292e+01,6.051367180135e+00,2.076969891019e+05,1.713049996491e+03,2.452408723553e+01,7.145229079228e-04
4.937177094665e-03,1.700148625988e+01,6.049701716234e+00,2.079556539772e+05,1.712710250669e+03,2.452895202911e+01,7.135792672614e-04
4.937255182767e-03,1.699654183347e+01,6.048035314441e+00,2.082147011305e+05,1.712370447255e+03,2.453381957826e+01,7.126365544884e-04
4.937333186680e-03,1.699159657508e+01,6.046367974868e+00,2.084741311029e+05,1.712030586354e+03,2.453868988363e+01,7.116947693829e-04
4.937411106583e-03,1.698665047753e+01,6.044699694729e+00,2.087339448877e+05,1.711690667476e+03,2.454356295438e+01,7.107539100922e-04
4.937488942527e-03,1.698170354160e+01,6.043030473932e+00,2.089941430597e+05,1.711350690681e+03,2.454843879180e+01,7.098139762889e-04
4.937566694596e-03,1.697675576616e+01,6.041360311725e+00,2.092547262983e+05,1.711010655895e+03,2.455331739906e+01,7.088749672703e-04
4.937644362879e-03,1.697180714968e+01,6.039689207233e+00,2.095156953030e+05,1.710670563020e+03,2.455819877974e+01,7.079368822681e-04
4.937721947481e-03,1.696685768950e+01,6.038017159193e+00,2.097770508352e+05,1.710330411878e+03,2.456308293856e+01,7.069997202993e-04
4.937799448464e-03,1.696190738590e+01,6.036344167328e+00,2.100387935035e+05,1.709990202494e+03,2.456796987730e+01,7.060634809325e-04
4.937876865930e-03,1.695695623642e+01,6.034670230444e+00,2.103009240613e+05,1.709649934703e+03,2.457285960048e+01,7.051281632253e-04
4.937954200007e-03,1.695200423701e+01,6.032995346805e+00,2.105634433482e+05,1.709309608233e+03,2.457775211420e+01,7.041937659364e-04
4.938031450685e-03,1.694705139237e+01,6.031319517630e+00,2.108263517416e+05,1.708969223414e+03,2.458264741588e+01,7.032602894733e-04
4.938108618176e-03,1.694209769306e+01,6.029642739355e+00,2.110896503710e+05,1.708628779602e+03,2.458754551695e+01,7.023277315787e-04
4.938185702482e-03,1.693714314313e+01,6.027965012977e+00,2.113533396509e+05,1.708288277078e+03,2.459244641554e+01,7.013960925399e-04
4.938262703691e-03,1.693218774094e+01,6.026286337573e+00,2.116174202985e+05,1.707947715738e+03,2.459735011533e+01,7.004653715720e-04
4.938339621938e-03,1.692723148198e+01,6.024606711242e+00,2.118818931865e+05,1.707607095277e+03,2.460225662290e+01,6.995355673525e-04
4.938416457309e-03,1.692227436481e+01,6.022926133118e+00,2.121467590260e+05,1.707266415600e+03,2.460716594180e+01,6.986066791372e-04
4.938493209868e-03,1.691731638931e+01,6.021244602792e+00,2.124120184572e+05,1.706925676708e+03,2.461207807424e+01,6.976787064328e-04
4.938569879669e-03,1.691235755626e+01,6.019562120144e+00,2.126776720759e+05,1.706584878656e+03,2.461699302158e+01,6.967516489068e-04
4.938646466843e-03,1.690739786117e+01,6.017878683280e+00,2.129437207596e+05,1.706244021142e+03,2.462191079040e+01,6.958255052492e-04
4.938722971530e-03,1.690243729914e+01,6.016194290157e+00,2.132101654103e+05,1.705903103837e+03,2.462683138765e+01,6.949002740743e-04
4.938799393688e-03,1.689747587696e+01,6.014508942703e+00,2.134770063041e+05,1.705562127212e+03,2.463175480876e+01,6.939759561773e-04
4.938875733515e-03,1.689251358589e+01,6.012822637568e+00,2.137442445526e+05,1.705221090671e+03,2.463668106451e+01,6.930525494584e-04
4.938951991071e-03,1.688755042618e+01,6.011135374453e+00,2.140118807865e+05,1.704879994239e+03,2.464161015681e+01,6.921300534937e-04
4.939028166420e-03,1.688258639766e+01,6.009447152924e+00,2.142799156588e+05,1.704538837908e+03,2.464654208794e+01,6.912084677859e-04
4.939104259662e-03,1.687762149804e+01,6.007757971811e+00,2.145483499406e+05,1.704197621527e+03,2.465147686237e+01,6.902877914362e-04
4.939180270869e-03,1.687265572658e+01,6.006067830487e+00,2.148171843180e+05,1.703856345051e+03,2.465641448292e+01,6.893680238438e-04
4.939256200183e-03,1.686768907820e+01,6.004376726831e+00,2.150864197164e+05,1.703515008137e+03,2.466135495684e+01,6.884491635976e-04
4.939332047584e-03,1.686272155823e+01,6.002684662278e+00,2.153560564962e+05,1.703173611156e+03,2.466629828097e+01,6.875312112197e-04
4.939407813310e-03,1.685775315531e+01,6.000991632564e+00,2.156260959270e+05,1.702832153334e+03,2.467124446877e+01,6.866141641414e-04
4.939483497303e-03,1.685278387715e+01,5.999297639932e+00,2.158965382427e+05,1.702490635205e+03,2.467619351474e+01,6.856980233238e-04
4.939559099754e-03,1.684781371541e+01,5.997602681151e+00,2.161673845518e+05,1.702149056204e+03,2.468114542935e+01,6.847827867643e-04
4.939634620677e-03,1.684284267327e+01,5.995906756913e+00,2.164386353376e+05,1.701807416554e+03,2.468610021159e+01,6.838684545836e-04
4.939710060205e-03,1.683787074604e+01,5.994209865228e+00,2.167102915135e+05,1.701465715939e+03,2.469105786833e+01,6.829550254566e-04
4.939785418411e-03,1.683289793295e+01,5.992512005437e+00,2.169823537812e+05,1.701123954310e+03,2.469601840252e+01,6.820424987777e-04
4.939860695336e-03,1.682792423537e+01,5.990813177621e+00,2.172548227255e+05,1.700782131770e+03,2.470098181496e+01,6.811308743381e-04
4.939935891182e-03,1.682294964419e+01,5.989113378269e+00,2.175276995084e+05,1.700440247697e+03,2.470594811695e+01,6.802201500057e-04
4.940011005883e-03,1.681797416767e+01,5.987412609809e+00,2.178009843402e+05,1.700098302664e+03,2.471091730242e+01,6.793103268320e-04
4.940086039685e-03,1.681299779373e+01,5.985710867718e+00,2.180746785488e+05,1.699756295849e+03,2.471588938562e+01,6.784014021494e-04
4.940160992527e-03,1.680802053039e+01,5.984008154335e+00,2.183487823608e+05,1.699414227806e+03,2.472086436078e+01,6.774933769618e-04
4.940235864596e-03,1.680304236940e+01,5.982304466443e+00,2.186232968978e+05,1.699072097977e+03,2.472584223832e+01,6.765862493054e-04
4.940310655936e-03,1.679806331184e+01,5.980599804014e+00,2.188982227696e+05,1.698729906440e+03,2.473082301936e+01,6.756800189206e-04
4.940385366632e-03,1.679308335618e+01,5.978894166121e+00,2.191735607317e+05,1.698387653096e+03,2.473580670767e+01,6.747746850717e-04
4.940459996805e-03,1.678810249844e+01,5.977187551000e+00,2.194493116770e+05,1.698045337679e+03,2.474079330943e+01,6.738702465772e-04
4.940534546479e-03,1.678312074101e+01,5.975479959065e+00,2.197254761471e+05,1.697702960358e+03,2.474578282447e+01,6.729667034152e-04
4.940609015791e-03,1.677813807885e+01,5.973771388188e+00,2.200020550964e+05,1.697360520792e+03,2.475077526009e+01,6.720640542170e-04
4.940683404814e-03,1.677315451118e+01,5.972061837696e+00,2.202790492454e+05,1.697018018935e+03,2.475577061926e+01,6.711622983869e-04
4.940757713609e-03,1.676817003794e+01,5.970351307158e+00,2.205564592765e+05,1.696675454787e+03,2.476076890430e+01,6.702614354572e-04
4.940831942313e-03,1.676318465398e+01,5.968639794406e+00,2.208342861554e+05,1.696332828001e+03,2.476577012261e+01,6.693614640479e-04
4.940906090947e-03,1.675819836204e+01,5.966927299972e+00,2.211125304110e+05,1.695990138773e+03,2.477077427366e+01,6.684623841997e-04
4.940980159682e-03,1.675321115460e+01,5.965213820860e+00,2.213911931467e+05,1.695647386591e+03,2.477578136727e+01,6.675641941038e-04
4.941054148474e-03,1.674822303877e+01,5.963499359104e+00,2.216702746496e+05,1.695304571947e+03,2.478079139857e+01,6.666668945896e-04
4.941128057526e-03,1.674323400483e+01,5.961783910953e+00,2.219497761492e+05,1.694961694183e+03,2.478580437953e+01,6.657704834562e-04
4.941201886878e-03,1.673824405425e+01,5.960067476502e+00,2.222296982507e+05,1.694618753405e+03,2.479082031094e+01,6.648749605213e-04
4.941275636604e-03,1.673325318598e+01,5.958350054975e+00,2.225100417025e+05,1.694275749546e+03,2.479583919616e+01,6.639803251447e-04
4.941349306841e-03,1.672826139483e+01,5.956631644171e+00,2.227908074869e+05,1.693932682257e+03,2.480086104263e+01,6.630865759479e-04
4.941422897589e-03,1.672326868494e+01,5.954912245102e+00,2.230719960629e+05,1.693589551827e+03,2.480588584847e+01,6.621937132261e-04
4.941496409022e-03,1.671827504845e+01,5.953191854642e+00,2.233536085675e+05,1.693246357723e+03,2.481091362388e+01,6.613017351240e-04
4.941569841114e-03,1.671328049122e+01,5.951470474393e+00,2.236356453653e+05,1.692903100354e+03,2.481594436522e+01,6.604106422417e-04
4.941643194054e-03,1.670828500441e+01,5.949748100891e+00,2.239181076522e+05,1.692559779118e+03,2.482097808369e+01,6.595204325552e-04
4.941716467897e-03,1.670328858840e+01,5.948024733849e+00,2.242009961051e+05,1.692216394048e+03,2.482601478120e+01,6.586311056900e-04
4.941789662719e-03,1.669829124203e+01,5.946300372441e+00,2.244843114905e+05,1.691872945070e+03,2.483105446120e+01,6.577426609920e-04
4.941862778584e-03,1.669329296496e+01,5.944575016133e+00,2.247680545286e+05,1.691529432168e+03,2.483609712633e+01,6.568550979589e-04
4.941935815605e-03,1.668829375350e+01,5.942848663222e+00,2.250522261329e+05,1.691185855092e+03,2.484114278263e+01,6.559684154892e-04
4.942008773878e-03,1.668329360519e+01,5.941121312443e+00,2.253368271467e+05,1.690842213683e+03,2.484619143486e+01,6.550826127084e-04
4.942081653409e-03,1.667829252355e+01,5.939392964582e+00,2.256218580771e+05,1.690498508187e+03,2.485124308181e+01,6.541976897946e-04
4.942154454383e-03,1.667329049997e+01,5.937663616239e+00,2.259073201222e+05,1.690154738018e+03,2.485629773447e+01,6.533136447837e-04
4.942227176799e-03,1.666828753866e+01,5.935933268439e+00,2.261932137517e+05,1.689810903474e+03,2.486135539090e+01,6.524304779777e-04
4.942299820852e-03,1.666328363009e+01,5.934201917463e+00,2.264795402210e+05,1.689467003904e+03,2.486641606307e+01,6.515481872575e-04
4.942372386467e-03,1.665827878349e+01,5.932469566069e+00,2.267662997153e+05,1.689123039950e+03,2.487147974398e+01,6.506667738085e-04
4.942444873861e-03,1.665327298804e+01,5.930736210088e+00,2.270534935680e+05,1.688779010875e+03,2.487654644687e+01,6.497862352875e-04
4.942517283074e-03,1.664826624488e+01,5.929001849481e+00,2.273411224301e+05,1.688434916763e+03,2.488161617297e+01,6.489065714585e-04
4.942589614166e-03,1.664325855399e+01,5.927266483808e+00,2.276291870204e+05,1.688090757619e+03,2.488668892461e+01,6.480277818792e-04
4.942661867235e-03,1.663824991260e+01,5.925530111673e+00,2.279176882179e+05,1.687746533260e+03,2.489176470695e+01,6.471498656249e-04
4.942734042408e-03,1.663324031587e+01,5.923792730967e+00,2.282066270215e+05,1.687402243359e+03,2.489684352726e+01,6.462728214150e-04
4.942806139651e-03,1.662822977018e+01,5.922054343467e+00,2.284960037857e+05,1.687057888361e+03,2.490192538139e+01,6.453966499295e-04
4.942878159209e-03,1.662321826262e+01,5.920314944255e+00,2.287858199806e+05,1.686713467387e+03,2.490701028482e+01,6.445213484753e-04
4.942950101011e-03,1.661820580216e+01,5.918574536004e+00,2.290760758136e+05,1.686368981056e+03,2.491209823082e+01,6.436469181851e-04
4.943021965252e-03,1.661319237910e+01,5.916833114913e+00,2.293667725725e+05,1.686024428712e+03,2.491718923156e+01,6.427733569353e-04
4.943093751942e-03,1.660817799695e+01,5.915090681757e+00,2.296579107840e+05,1.685679810601e+03,2.492228328588e+01,6.419006649027e-04
4.943165461234e-03,1.660316264888e+01,5.913347233719e+00,2.299494915754e+05,1.685335126259e+03,2.492738040311e+01,6.410288404672e-04
4.943237093102e-03,1.659814634076e+01,5.911602772406e+00,2.302415153364e+05,1.684990376099e+03,2.493248057962e+01,6.401578842203e-04
4.943308647777e-03,1.659312906052e+01,5.909857293169e+00,2.305339835051e+05,1.684645559296e+03,2.493758383009e+01,6.392877936324e-04
4.943380125162e-03,1.658811081887e+01,5.908110799290e+00,2.308268961926e+05,1.684300676592e+03,2.494269014605e+01,6.384185701317e-04
4.943451525543e-03,1.658309159980e+01,5.906363284756e+00,2.311202550701e+05,1.683955726896e+03,2.494779954612e+01,6.375502105171e-04
4.943522848821e-03,1.657807141425e+01,5.904614752928e+00,2.314140602375e+05,1.683610710964e+03,2.495291202160e+01,6.366827162536e-04
4.943594095165e-03,1.657305025436e+01,5.902865200614e+00,2.317083128963e+05,1.683265628262e+03,2.495802758292e+01,6.358160855501e-04
4.943665264658e-03,1.656802811830e+01,5.901114626736e+00,2.320030138950e+05,1.682920478674e+03,2.496314623429e+01,6.349503176681e-04
4.943736357372e-03,1.656300500499e+01,5.899363030463e+00,2.322981640416e+05,1.682575262131e+03,2.496826797928e+01,6.340854119934e-04
4.943807373374e-03,1.655798091365e+01,5.897610411072e+00,2.325937641279e+05,1.682229978584e+03,2.497339282108e+01,6.332213679658e-04
4.943878312757e-03,1.655295584178e+01,5.895856767240e+00,2.328898150481e+05,1.681884627872e+03,2.497852076465e+01,6.323581847301e-04
4.943949175593e-03,1.654792978818e+01,5.894102098094e+00,2.331863176221e+05,1.681539209916e+03,2.498365181366e+01,6.314958616551e-04
4.944019961980e-03,1.654290275004e+01,5.892346402200e+00,2.334832727664e+05,1.681193724531e+03,2.498878597341e+01,6.306343978357e-04
4.944090672010e-03,1.653787472474e+01,5.890589678184e+00,2.337806813891e+05,1.680848171544e+03,2.499392324899e+01,6.297737923982e-04
4.944161305725e-03,1.653284571323e+01,5.888831925924e+00,2.340785441879e+05,1.680502551026e+03,2.499906364190e+01,6.289140450842e-04
4.944231863219e-03,1.652781571298e+01,5.887073144076e+00,2.343768620685e+05,1.680156862810e+03,2.500420715715e+01,6.280551550381e-04
4.944302344629e-03,1.652278471809e+01,5.885313330117e+00,2.346756361393e+05,1.679811106499e+03,2.500935380322e+01,6.271971208308e-04
4.944372749919e-03,1.651775273513e+01,5.883552485890e+00,2.349748667686e+05,1.679465282550e+03,2.501450357586e+01,6.263399431649e-04
4.944443079314e-03,1.651271975206e+01,5.881790606714e+00,2.352745554348e+05,1.679119390142e+03,2.501965648984e+01,6.254836195660e-04
4.944513332751e-03,1.650768577727e+01,5.880027695072e+00,2.355747023999e+05,1.678773429861e+03,2.502481253902e+01,6.246281510466e-04
4.944583510422e-03,1.650265080115e+01,5.878263747125e+00,2.358753090032e+05,1.678427401050e+03,2.502997173575e+01,6.237735355497e-04
4.944653612368e-03,1.649761482465e+01,5.876498762751e+00,2.361763759532e+05,1.678081303784e+03,2.503513408149e+01,6.229197728240e-04
4.944723638661e-03,1.649257784660e+01,5.874732741067e+00,2.364779040888e+05,1.677735137989e+03,2.504029957993e+01,6.220668622514e-04
4.944793589346e-03,1.648753986774e+01,5.872965681866e+00,2.367798941362e+05,1.677388903721e+03,2.504546823282e+01,6.212148035382e-04
4.944863464620e-03,1.648250087786e+01,5.871197581106e+00,2.370823474775e+05,1.677042600289e+03,2.505064005307e+01,6.203635945467e-04
4.944933264423e-03,1.647746088527e+01,5.869428441225e+00,2.373852643893e+05,1.676696228267e+03,2.505581503468e+01,6.195132362617e-04
4.945002988973e-03,1.647241987824e+01,5.867658257641e+00,2.376886463508e+05,1.676349786858e+03,2.506099319220e+01,6.186637262930e-04
4.945072638195e-03,1.646737786607e+01,5.865887033144e+00,2.379924935803e+05,1.676003276709e+03,2.506617451855e+01,6.178150657900e-04
4.945142212298e-03,1.646233483772e+01,5.864114763390e+00,2.382968075206e+05,1.675656697067e+03,2.507135902757e+01,6.169672524846e-04
4.945211711326e-03,1.645729079390e+01,5.862341448145e+00,2.386015889116e+05,1.675310047987e+03,2.507654672111e+01,6.161202860806e-04
4.945281135340e-03,1.645224573414e+01,5.860567086777e+00,2.389068385625e+05,1.674963329446e+03,2.508173760209e+01,6.152741660911e-04
4.945350484422e-03,1.644719965654e+01,5.858791678141e+00,2.392125573731e+05,1.674616541320e+03,2.508693167503e+01,6.144288917846e-04
4.945419758667e-03,1.644215255807e+01,5.857015220686e+00,2.395187463141e+05,1.674269683405e+03,2.509212894559e+01,6.135844622407e-04
4.945488958136e-03,1.643710443828e+01,5.855237713786e+00,2.398254061990e+05,1.673922755682e+03,2.509732941671e+01,6.127408769782e-04
4.945558082960e-03,1.643205529160e+01,5.853459154996e+00,2.401325381567e+05,1.673575757773e+03,2.510253309670e+01,6.118981346565e-04
4.945627133092e-03,1.642700512537e+01,5.851679546417e+00,2.404401425330e+05,1.673228690188e+03,2.510773998054e+01,6.110562360889e-04
4.945696108793e-03,1.642195392453e+01,5.849898882264e+00,2.407482210377e+05,1.672881551902e+03,2.511295008629e+01,6.102151783590e-04
4.945765009999e-03,1.641690169767e+01,5.848117165084e+00,2.410567739423e+05,1.672534343512e+03,2.511816340764e+01,6.093749624923e-04
4.945833836875e-03,1.641184843671e+01,5.846334391543e+00,2.413658025373e+05,1.672187064469e+03,2.512337995548e+01,6.085355867382e-04
4.945902589392e-03,1.640679414767e+01,5.844550563275e+00,2.416753072541e+05,1.671839715194e+03,2.512859972617e+01,6.076970516871e-04
4.945971267761e-03,1.640173881900e+01,5.842765675721e+00,2.419852896000e+05,1.671492294902e+03,2.513382273419e+01,6.068593550202e-04
4.946039871985e-03,1.639668245443e+01,5.840979729713e+00,2.422957501490e+05,1.671144803855e+03,2.513904897827e+01,6.060224969527e-04
4.946108402128e-03,1.639162505323e+01,5.839192724500e+00,2.426066897506e+05,1.670797242012e+03,2.514427846171e+01,6.051864769572e-04
4.946176858371e-03,1.638656660591e+01,5.837404656239e+00,2.429181097950e+05,1.670449608726e+03,2.514951119695e+01,6.043512930637e-04
4.946245240649e-03,1.638150712136e+01,5.835615527584e+00,2.432300105427e+05,1.670101904617e+03,2.515474717733e+01,6.035169463380e-04
4.946313549124e-03,1.637644659144e+01,5.833825335164e+00,2.435423933054e+05,1.669754129133e+03,2.515998641389e+01,6.026834350342e-04
4.946381783890e-03,1.637138501310e+01,5.832034077404e+00,2.438552590839e+05,1.669406282069e+03,2.516522891240e+01,6.018507582494e-04
4.946449945031e-03,1.636632238416e+01,5.830241753040e+00,2.441686088271e+05,1.669058363287e+03,2.517047467769e+01,6.010189152267e-04
4.946518032491e-03,1.636125871267e+01,5.828448364427e+00,2.444824428516e+05,1.668710373345e+03,2.517572370402e+01,6.001879068879e-04
4.946586046531e-03,1.635619398303e+01,5.826653905547e+00,2.447967629416e+05,1.668362311179e+03,2.518097601019e+01,5.993577302745e-04
4.946653987133e-03,1.635112820070e+01,5.824858377828e+00,2.451115695792e+05,1.668014177172e+03,2.518623159314e+01,5.985283858817e-04
4.946721854400e-03,1.634606136187e+01,5.823061779423e+00,2.454268638225e+05,1.667665971069e+03,2.519149045945e+01,5.976998726887e-04
4.946789648366e-03,1.634099346791e+01,5.821264110322e+00,2.457426464087e+05,1.667317692972e+03,2.519675261034e+01,5.968721905246e-04
4.946857369150e-03,1.633592451386e+01,5.819465368258e+00,2.460589184728e+05,1.666969342548e+03,2.520201805357e+01,5.960453381786e-04
4.946925016880e-03,1.633085449410e+01,5.817665550740e+00,2.463756811922e+05,1.666620919418e+03,2.520728679761e+01,5.952193143431e-04
4.946992591516e-03,1.632578341550e+01,5.815864659700e+00,2.466929349674e+05,1.666272424062e+03,2.521255883799e+01,5.943941197417e-04
4.947060093254e-03,1.632071126733e+01,5.814062690819e+00,2.470106813011e+05,1.665923855750e+03,2.521783418848e+01,5.935697522318e-04
4.947127522059e-03,1.631563805609e+01,5.812259645907e+00,2.473289206181e+05,1.665575214936e+03,2.522311284498e+01,5.927462124796e-04
4.947194878063e-03,1.631056377582e+01,5.810455522333e+00,2.476476541281e+05,1.665226501218e+03,2.522839481637e+01,5.919234991201e-04
4.947262161399e-03,1.630548842040e+01,5.808650317416e+00,2.479668830517e+05,1.664877714185e+03,2.523368011165e+01,5.911016107724e-04
4.947329372096e-03,1.630041199162e+01,5.806844031280e+00,2.482866081163e+05,1.664528853966e+03,2.523896873164e+01,5.902805473355e-04
4.947396510162e-03,1.629533449261e+01,5.805036664529e+00,2.486068299650e+05,1.664179920784e+03,2.524426067575e+01,5.894603089236e-04
4.947463575802e-03,1.629025591196e+01,5.803228212586e+00,2.489275501609e+05,1.663830913862e+03,2.524955595856e+01,5.886408933011e-04
4.947530569011e-03,1.628517625390e+01,5.801418676449e+00,2.492487692810e+05,1.663481833500e+03,2.525485457833e+01,5.878223007654e-04
4.947597489837e-03,1.628009551870e+01,5.799608055701e+00,2.495704881543e+05,1.663132679723e+03,2.526015653745e+01,5.870045309695e-04
4.947664338487e-03,1.627501369460e+01,5.797796345627e+00,2.498927083761e+05,1.662783451732e+03,2.526546185091e+01,5.861875816294e-04
4.947731114931e-03,1.626993078762e+01,5.795983547863e+00,2.502154304145e+05,1.662434149947e+03,2.527077051513e+01,5.853714533307e-04
4.947797819215e-03,1.626484679838e+01,5.794169662112e+00,2.505386550824e+05,1.662084774420e+03,2.527608253214e+01,5.845561457834e-04
4.947864451561e-03,1.625976171374e+01,5.792354683162e+00,2.508623840710e+05,1.661735324256e+03,2.528139791839e+01,5.837416564932e-04
4.947931011905e-03,1.625467554248e+01,5.790538613627e+00,2.511866176783e+05,1.661385800063e+03,2.528671666744e+01,5.829279864828e-04
4.947997500399e-03,1.624958827695e+01,5.788721450258e+00,2.515113572498e+05,1.661036201327e+03,2.529203878997e+01,5.821151341441e-04
4.948063917105e-03,1.624449991626e+01,5.786903192211e+00,2.518366037036e+05,1.660686527994e+03,2.529736428965e+01,5.813030989514e-04
4.948130262050e-03,1.623941046223e+01,5.785083839611e+00,2.521623577868e+05,1.660336780195e+03,2.530269316734e+01,5.804918808093e-04
4.948196535376e-03,1.623431990781e+01,5.783263389416e+00,2.524886208145e+05,1.659986957456e+03,2.530802543310e+01,5.796814782128e-04
4.948262737135e-03,1.622922825308e+01,5.781441841126e+00,2.528153936489e+05,1.659637059790e+03,2.531336108962e+01,5.788718907925e-04
4.948328867434e-03,1.622413549347e+01,5.779619192577e+00,2.531426774530e+05,1.659287086889e+03,2.531870014445e+01,5.780631174416e-04
4.948394926267e-03,1.621904163346e+01,5.777795444845e+00,2.534704728091e+05,1.658937039071e+03,2.532404259562e+01,5.772551584902e-04
4.948460913803e-03,1.621394666391e+01,5.775970594129e+00,2.537987811784e+05,1.658586915716e+03,2.532938845547e+01,5.764480121093e-04
4.948526830042e-03,1.620885058863e+01,5.774144641258e+00,2.541276031914e+05,1.658236717091e+03,2.533473772280e+01,5.756416785217e-04
4.948592675149e-03,1.620375339878e+01,5.772317582532e+00,2.544569402956e+05,1.657886442601e+03,2.534009040963e+01,5.748361559506e-04
4.948658449080e-03,1.619865510166e+01,5.770489420036e+00,2.547867928982e+05,1.657536092752e+03,2.534544651108e+01,5.740314451728e-04
4.948724152029e-03,1.619355568612e+01,5.768660149238e+00,2.551171626019e+05,1.657185666788e+03,2.535080604164e+01,5.732275440508e-04
4.948789783991e-03,1.618845515637e+01,5.766829771110e+00,2.554480500177e+05,1.656835165007e+03,2.535616899966e+01,5.724244528717e-04
4.948855345089e-03,1.618335350684e+01,5.764998283112e+00,2.557794563930e+05,1.656484587032e+03,2.536153539382e+01,5.716221703817e-04
4.948920835399e-03,1.617825073532e+01,5.763165683916e+00,2.561113827587e+05,1.656133932721e+03,2.536690522920e+01,5.708206958605e-04
4.948986254960e-03,1.617314684270e+01,5.761331973304e+00,2.564438299459e+05,1.655783202144e+03,2.537227850768e+01,5.700200290749e-04
4.949051603842e-03,1.616804182749e+01,5.759497150192e+00,2.567767989453e+05,1.655432395205e+03,2.537765523366e+01,5.692201694123e-04
4.949116882151e-03,1.616293568517e+01,5.757661212420e+00,2.571102909437e+05,1.655081511605e+03,2.538303541467e+01,5.684211157947e-04
4.949182089959e-03,1.615782841394e+01,5.755824158791e+00,2.574443069564e+05,1.654730551225e+03,2.538841905546e+01,5.676228675651e-04
4.949247227359e-03,1.615272001047e+01,5.753985987566e+00,2.577788480989e+05,1.654379513845e+03,2.539380616236e+01,5.668254238345e-04
4.949312294388e-03,1.614761047565e+01,5.752146698519e+00,2.581139152129e+05,1.654028399537e+03,2.539919673724e+01,5.660287843708e-04
4.949377291146e-03,1.614249980556e+01,5.750306289689e+00,2.584495094588e+05,1.653677208039e+03,2.540459078709e+01,5.652329481912e-04
4.949442217709e-03,1.613738799799e+01,5.748464759735e+00,2.587856318860e+05,1.653325939205e+03,2.540998831709e+01,5.644379145841e-04
4.949507074108e-03,1.613227505445e+01,5.746622108646e+00,2.591222833025e+05,1.652974593151e+03,2.541538932847e+01,5.636436834124e-04
4.949571860452e-03,1.612716097007e+01,5.744778334118e+00,2.594594649375e+05,1.652623169548e+03,2.542079382925e+01,5.628502535512e-04
4.949636576846e-03,1.612204574051e+01,5.742933434035e+00,2.597971779884e+05,1.652271668107e+03,2.542620182687e+01,5.620576239615e-04
4.949701223352e-03,1.611692936470e+01,5.741087407458e+00,2.601354234392e+05,1.651920088764e+03,2.543161332531e+01,5.612657941120e-04
4.949765799984e-03,1.611181184534e+01,5.739240254804e+00,2.604742020274e+05,1.651568431712e+03,2.543702832459e+01,5.604747640526e-04
4.949830306883e-03,1.610669317517e+01,5.737391972896e+00,2.608135151511e+05,1.651216696460e+03,2.544244683529e+01,5.596845322953e-04
4.949894744086e-03,1.610157335495e+01,5.735542561453e+00,2.611533636796e+05,1.650864883071e+03,2.544786885946e+01,5.588950985933e-04
4.949959111700e-03,1.609645238019e+01,5.733692018290e+00,2.614937488341e+05,1.650512991242e+03,2.545329440476e+01,5.581064618884e-04
4.950023409752e-03,1.609133025245e+01,5.731840343415e+00,2.618346714340e+05,1.650161021092e+03,2.545872347242e+01,5.573186220597e-04
4.950087638371e-03,1.608620696537e+01,5.729987533970e+00,2.621761328292e+05,1.649808972192e+03,2.546415607206e+01,5.565315777659e-04
4.950151797631e-03,1.608108251682e+01,5.728133588614e+00,2.625181340919e+05,1.649456844401e+03,2.546959220890e+01,5.557453283170e-04
4.950215887519e-03,1.607595691176e+01,5.726278508583e+00,2.628606758209e+05,1.649104638073e+03,2.547503188053e+01,5.549598741135e-04
4.950279908189e-03,1.607083014155e+01,5.724422290182e+00,2.632037595271e+05,1.648752352620e+03,2.548047509906e+01,5.541752134680e-04
4.950343859727e-03,1.606570220329e+01,5.722564931798e+00,2.635473863400e+05,1.648399987852e+03,2.548592187051e+01,5.533913455796e-04
4.950407742163e-03,1.606057309825e+01,5.720706433323e+00,2.638915571122e+05,1.648047543867e+03,2.549137219641e+01,5.526082702838e-04
4.950471555541e-03,1.605544282686e+01,5.718846794344e+00,2.642362727546e+05,1.647695020702e+03,2.549682607927e+01,5.518259872852e-04
4.950535300055e-03,1.605031137719e+01,5.716986009961e+00,2.645815350121e+05,1.647342417545e+03,2.550228353473e+01,5.510444944069e-04
4.950598975635e-03,1.604517875880e+01,5.715124083075e+00,2.649273441851e+05,1.646989735063e+03,2.550774455553e+01,5.502637927492e-04
4.950662582472e-03,1.604004496012e+01,5.713261008912e+00,2.652737020006e+05,1.646636972469e+03,2.551320915696e+01,5.494838801938e-04
4.950726120527e-03,1.603490998806e+01,5.711396789412e+00,2.656206089403e+05,1.646284130247e+03,2.551867733461e+01,5.487047574373e-04
4.950789589985e-03,1.602977383152e+01,5.709531419965e+00,2.659680667062e+05,1.645931207644e+03,2.552414910326e+01,5.479264224375e-04
4.950852990882e-03,1.602463649134e+01,5.707664900299e+00,2.663160761954e+05,1.645578204726e+03,2.552962446499e+01,5.471488749696e-04
4.950916323209e-03,1.601949797202e+01,5.705797231470e+00,2.666646380594e+05,1.645225121810e+03,2.553510341801e+01,5.463721153582e-04
4.950979587141e-03,1.601435826330e+01,5.703928409177e+00,2.670137539506e+05,1.644871958202e+03,2.554058597618e+01,5.455961417008e-04
4.951042782770e-03,1.600921736144e+01,5.702058431471e+00,2.673634250855e+05,1.644518713653e+03,2.554607214652e+01,5.448209530808e-04
4.951105910052e-03,1.600407527377e+01,5.700187300440e+00,2.677136519281e+05,1.644165388675e+03,2.555156192420e+01,5.440465502516e-04
4.951168969132e-03,1.599893199234e+01,5.698315012611e+00,2.680644359840e+05,1.643811982733e+03,2.555705532068e+01,5.432729316644e-04
4.951231960125e-03,1.599378751152e+01,5.696441565346e+00,2.684157786059e+05,1.643458495446e+03,2.556255234502e+01,5.425000961224e-04
4.951294883002e-03,1.598864183749e+01,5.694566960307e+00,2.687676803422e+05,1.643104927250e+03,2.556805299360e+01,5.417280442031e-04
4.951357737893e-03,1.598349496347e+01,5.692691194446e+00,2.691201426269e+05,1.642751277689e+03,2.557355727669e+01,5.409567745417e-04
4.951420524887e-03,1.597834688585e+01,5.690814265854e+00,2.694731666830e+05,1.642397546522e+03,2.557906520118e+01,5.401862862485e-04
4.951483244038e-03,1.597319760404e+01,5.688936173728e+00,2.698267535274e+05,1.642043733720e+03,2.558457677072e+01,5.394165788889e-04
4.951545895402e-03,1.596804711727e+01,5.687056917193e+00,2.701809041933e+05,1.641689839237e+03,2.559009198918e+01,5.386476519988e-04
4.951608479070e-03,1.596289542174e+01,5.685176494271e+00,2.705356199234e+05,1.641335862821e+03,2.559561086369e+01,5.378795046656e-04
4.951670995121e-03,1.595774251482e+01,5.683294903413e+00,2.708909018821e+05,1.640981804303e+03,2.560113340008e+01,5.371121361528e-04
4.951733443597e-03,1.595258839677e+01,5.681412144112e+00,2.712467510393e+05,1.640627663708e+03,2.560665960115e+01,5.363455461520e-04
4.951795824561e-03,1.594743306619e+01,5.679528215270e+00,2.716031684787e+05,1.640273440949e+03,2.561218947147e+01,5.355797341129e-04
4.951858138181e-03,1.594227651298e+01,5.677643112591e+00,2.719601558914e+05,1.639919135344e+03,2.561772302492e+01,5.348146981897e-04
4.951920384439e-03,1.593711874241e+01,5.675756837404e+00,2.723177139065e+05,1.639564747261e+03,2.562326025893e+01,5.340504388237e-04
4.951982563378e-03,1.593195975461e+01,5.673869389159e+00,2.726758435100e+05,1.639210276720e+03,2.562880117645e+01,5.332869556910e-04
4.952044675211e-03,1.592679953569e+01,5.671980762170e+00,2.730345466655e+05,1.638855722777e+03,2.563434579547e+01,5.325242463946e-04
4.952106719853e-03,1.592163809652e+01,5.670090959812e+00,2.733938236188e+05,1.638501086185e+03,2.563989410742e+01,5.317623122012e-04
4.952168697458e-03,1.591647542810e+01,5.668199978191e+00,2.737536759987e+05,1.638146366339e+03,2.564544612506e+01,5.310011514420e-04
4.952230608086e-03,1.591131152901e+01,5.666307816177e+00,2.741141049107e+05,1.637791563149e+03,2.565100185302e+01,5.302407635677e-04
4.952292451761e-03,1.590614640115e+01,5.664414473866e+00,2.744751112294e+05,1.637436676756e+03,2.565656129236e+01,5.294811485207e-04
4.952354228686e-03,1.590098003137e+01,5.662519945818e+00,2.748366968869e+05,1.637081706264e+03,2.566212446039e+01,5.287223040262e-04
4.952415938814e-03,1.589581242717e+01,5.660624234185e+00,2.751988623702e+05,1.636726652201e+03,2.566769135211e+01,5.279642308546e-04
4.952477582166e-03,1.589064359064e+01,5.658727339117e+00,2.755616085490e+05,1.636371514716e+03,2.567326196845e+01,5.272069289702e-04
4.952539159014e-03,1.588547350275e+01,5.656829253019e+00,2.759249377769e+05,1.636016292515e+03,2.567883633302e+01,5.264503952504e-04
4.952600669244e-03,1.588030217677e+01,5.654929980153e+00,2.762888501418e+05,1.635660986519e+03,2.568441443465e+01,5.256946313056e-04
4.952662112996e-03,1.587512960466e+01,5.653029516947e+00,2.766533472338e+05,1.635305596182e+03,2.568999628521e+01,5.249396356221e-04
4.952723490337e-03,1.586995578455e+01,5.651127862099e+00,2.770184302097e+05,1.634950121389e+03,2.569558188983e+01,5.241854075939e-04
4.952784801341e-03,1.586478071391e+01,5.649225014066e+00,2.773841002756e+05,1.634594561974e+03,2.570117125442e+01,5.234319465211e-04
4.952846046099e-03,1.585960438884e+01,5.647320970789e+00,2.777503587395e+05,1.634238917678e+03,2.570676438639e+01,5.226792515019e-04
4.952907224622e-03,1.585442681215e+01,5.645415732685e+00,2.781172064352e+05,1.633883188706e+03,2.571236128583e+01,5.219273226137e-04
4.952968337026e-03,1.584924797768e+01,5.643509296865e+00,2.784846448346e+05,1.633527374643e+03,2.571796196262e+01,5.211761586304e-04
4.953029383428e-03,1.584406787926e+01,5.641601660436e+00,2.788526754145e+05,1.633171475076e+03,2.572356642661e+01,5.204257583291e-04
4.953090363755e-03,1.583888652684e+01,5.639692826438e+00,2.792212985086e+05,1.632815490698e+03,2.572917467022e+01,5.196761228203e-04
4.953151278214e-03,1.583370390656e+01,5.637782789137e+00,2.795905161471e+05,1.632459420565e+03,2.573478671168e+01,5.189272497673e-04
4.953212126842e-03,1.582852001897e+01,5.635871548111e+00,2.799603293363e+05,1.632103264727e+03,2.574040255358e+01,5.181791389252e-04
4.953272909684e-03,1.582333486388e+01,5.633959102663e+00,2.803307391387e+05,1.631747023182e+03,2.574602219935e+01,5.174317899387e-04
4.953333626805e-03,1.581814843962e+01,5.632045451544e+00,2.807017467254e+05,1.631390695821e+03,2.575164565405e+01,5.166852022390e-04
4.953394278324e-03,1.581296073964e+01,5.630130591709e+00,2.810733536183e+05,1.631034282208e+03,2.575727292796e+01,5.159393745580e-04
4.953454864229e-03,1.580777176863e+01,5.628214524254e+00,2.814455605383e+05,1.630677782673e+03,2.576290401927e+01,5.151943072431e-04
4.953515384678e-03,1.580258151693e+01,5.626297244984e+00,2.818183692366e+05,1.630321196562e+03,2.576853894170e+01,5.144499985848e-04
4.953575839693e-03,1.579738998612e+01,5.624378753843e+00,2.821917806621e+05,1.629964523997e+03,2.577417769676e+01,5.137064484843e-04
4.953636229364e-03,1.579219717242e+01,5.622459048799e+00,2.825657961510e+05,1.629607764725e+03,2.577982029183e+01,5.129636560780e-04
4.953696553702e-03,1.578700307842e+01,5.620538130169e+00,2.829404165842e+05,1.629250918934e+03,2.578546672738e+01,5.122216214110e-04
4.953756812889e-03,1.578180769220e+01,5.618615992911e+00,2.833156438899e+05,1.628893985818e+03,2.579111701960e+01,5.114803424609e-04
4.953817006921e-03,1.577661101782e+01,5.616692637883e+00,2.836914788483e+05,1.628536965663e+03,2.579677116738e+01,5.107398194869e-04
4.953877135841e-03,1.577141305517e+01,5.614768064404e+00,2.840679225416e+05,1.628179858474e+03,2.580242917411e+01,5.100000521518e-04
4.953937199836e-03,1.576621379185e+01,5.612842267240e+00,2.844449769457e+05,1.627822663409e+03,2.580809105657e+01,5.092610383722e-04
4.953997198769e-03,1.576101324341e+01,5.610915251503e+00,2.848226420135e+05,1.627465381546e+03,2.581375680116e+01,5.085227800371e-04
4.954057132936e-03,1.575581138794e+01,5.608987008429e+00,2.852009204187e+05,1.627108011390e+03,2.581942643502e+01,5.077852737169e-04
4.954117002249e-03,1.575060823656e+01,5.607057541497e+00,2.855798124377e+05,1.626750553716e+03,2.582509994933e+01,5.070485206738e-04
4.954176806888e-03,1.574540377748e+01,5.605126845680e+00,2.859593200190e+05,1.626393007723e+03,2.583077736032e+01,5.063125189188e-04
4.954236546826e-03,1.574019801671e+01,5.603194922562e+00,2.863394438141e+05,1.626035373836e+03,2.583645866470e+01,5.055772689879e-04
4.954296222191e-03,1.573499094665e+01,5.601261768669e+00,2.867201854721e+05,1.625677651543e+03,2.584214387412e+01,5.048427694905e-04
4.954355833021e-03,1.572978256777e+01,5.599327383522e+00,2.871015460555e+05,1.625319840885e+03,2.584783299143e+01,5.041090201780e-04
4.954415379438e-03,1.572457287306e+01,5.597391763864e+00,2.874835271767e+05,1.624961941393e+03,2.585352602759e+01,5.033760197493e-04
4.954474861428e-03,1.571936186740e+01,5.595454910853e+00,2.878661295795e+05,1.624603953412e+03,2.585922298065e+01,5.026437685782e-04
4.954534279138e-03,1.571414954153e+01,5.593516820387e+00,2.882493550494e+05,1.624245876315e+03,2.586492386410e+01,5.019122650494e-04
4.954593632567e-03,1.570893589933e+01,5.591577493256e+00,2.886332044072e+05,1.623887710383e+03,2.587062867702e+01,5.011815093968e-04
4.954652921837e-03,1.570372093357e+01,5.589636926105e+00,2.890176792965e+05,1.623529455125e+03,2.587633743075e+01,5.004515002933e-04
4.954712146990e-03,1.569850464429e+01,5.587695118291e+00,2.894027808269e+05,1.623171110558e+03,2.588205012859e+01,4.997222374355e-04
4.954771308110e-03,1.569328702784e+01,5.585752067791e+00,2.897885103839e+05,1.622812676441e+03,2.588776677794e+01,4.989937200022e-04
4.954830405321e-03,1.568806807675e+01,5.583807771156e+00,2.901748696393e+05,1.622454152270e+03,2.589348739039e+01,4.982659466429e-04
4.954889438528e-03,1.568284780320e+01,5.581862232263e+00,2.905618588116e+05,1.622095538895e+03,2.589921195597e+01,4.975389187476e-04
4.954948407964e-03,1.567762619017e+01,5.579915444099e+00,2.909494802871e+05,1.621736835156e+03,2.590494049677e+01,4.968126336356e-04
4.955007313551e-03,1.567240324821e+01,5.577967409930e+00,2.913377344096e+05,1.621378041788e+03,2.591067300464e+01,4.960870924670e-04
4.955066155606e-03,1.566717895293e+01,5.576018119988e+00,2.917266241222e+05,1.621019157128e+03,2.591640950974e+01,4.953622915500e-04
4.955124933842e-03,1.566195333330e+01,5.574067584412e+00,2.921161484014e+05,1.620660183176e+03,2.592214998371e+01,4.946382345969e-04
4.955183648651e-03,1.565672635815e+01,5.572115790898e+00,2.925063107050e+05,1.620301117802e+03,2.592789446426e+01,4.939149169835e-04
4.955242299940e-03,1.565149803952e+01,5.570162743263e+00,2.928971112742e+05,1.619941961844e+03,2.593364294156e+01,4.931923400736e-04
4.955300887743e-03,1.564626837788e+01,5.568208441005e+00,2.932885512150e+05,1.619582715344e+03,2.593939541857e+01,4.924705036249e-04
4.955359412272e-03,1.564103735788e+01,5.566252877717e+00,2.936806328195e+05,1.619223377260e+03,2.594515191564e+01,4.917494052188e-04
4.955417873455e-03,1.563580498974e+01,5.564296056535e+00,2.940733564701e+05,1.618863948304e+03,2.595091242498e+01,4.910290459601e-04
4.955476271437e-03,1.563057126404e+01,5.562337973260e+00,2.944667240227e+05,1.618504427841e+03,2.595667696045e+01,4.903094242513e-04
4.955534606208e-03,1.562533618521e+01,5.560378628870e+00,2.948607362966e+05,1.618144816186e+03,2.596244552063e+01,4.895905403998e-04
4.955592877989e-03,1.562009973719e+01,5.558418016669e+00,2.952553956572e+05,1.617785112247e+03,2.596821812672e+01,4.888723919001e-04
4.955651086708e-03,1.561486192990e+01,5.556456139682e+00,2.956507025164e+05,1.617425316715e+03,2.597399477130e+01,4.881549798146e-04
4.955709232453e-03,1.560962275906e+01,5.554492995627e+00,2.960466583575e+05,1.617065429309e+03,2.597977546256e+01,4.874383032573e-04
4.955767315317e-03,1.560438222000e+01,5.552528582069e+00,2.964432646971e+05,1.616705449720e+03,2.598556020917e+01,4.867223612921e-04
4.955825335408e-03,1.559914030653e+01,5.550562895991e+00,2.968405231734e+05,1.616345377532e+03,2.599134902154e+01,4.860071527748e-04
4.955883292691e-03,1.559389702539e+01,5.548595939238e+00,2.972384344438e+05,1.615985213221e+03,2.599714189566e+01,4.852926783307e-04
4.955941187334e-03,1.558865236499e+01,5.546627706765e+00,2.976370005631e+05,1.615624956002e+03,2.600293884794e+01,4.845789360814e-04
4.955999019367e-03,1.558340632610e+01,5.544658198173e+00,2.980362226480e+05,1.615264605937e+03,2.600873988107e+01,4.838659258409e-04
4.956056788794e-03,1.557815891217e+01,5.542687414057e+00,2.984361016161e+05,1.614904163276e+03,2.601454499476e+01,4.831536477794e-04
4.956114495800e-03,1.557291010981e+01,5.540715348699e+00,2.988366396689e+05,1.614543627111e+03,2.602035420738e+01,4.824420997878e-04
4.956172140350e-03,1.556765992589e+01,5.538742003977e+00,2.992378374687e+05,1.614182997924e+03,2.602616751492e+01,4.817312825036e-04
4.956229722559e-03,1.556240835346e+01,5.536767376584e+00,2.996396967339e+05,1.613822275251e+03,2.603198492861e+01,4.810211946933e-04
4.956287242490e-03,1.555715539041e+01,5.534791465025e+00,3.000422188178e+05,1.613461458957e+03,2.603780645441e+01,4.803118357798e-04
4.956344700227e-03,1.555190103261e+01,5.532814267045e+00,3.004454052312e+05,1.613100548770e+03,2.604363210045e+01,4.796032049155e-04
4.956402095783e-03,1.554664528238e+01,5.530835782812e+00,3.008492569939e+05,1.612739544862e+03,2.604946186776e+01,4.788953021219e-04
4.956459429310e-03,1.554138812941e+01,5.528856007747e+00,3.012537760974e+05,1.612378446535e+03,2.605529577140e+01,4.781881257241e-04
4.956516700718e-03,1.553612958562e+01,5.526874945622e+00,3.016589628296e+05,1.612017254621e+03,2.606113380174e+01,4.774816770311e-04
4.956573910290e-03,1.553086962854e+01,5.524892587274e+00,3.020648201268e+05,1.611655967587e+03,2.606697598733e+01,4.767759527394e-04
4.956631057925e-03,1.552560827095e+01,5.522908936810e+00,3.024713482132e+05,1.611294586322e+03,2.607282231763e+01,4.760709542790e-04
4.956688143751e-03,1.552034550463e+01,5.520923990413e+00,3.028785489374e+05,1.610933110275e+03,2.607867280539e+01,4.753666802570e-04
4.956745167819e-03,1.551508132857e+01,5.518937746995e+00,3.032864235929e+05,1.610571539387e+03,2.608452745540e+01,4.746631302539e-04
4.956802130170e-03,1.550981574239e+01,5.516950205695e+00,3.036949734281e+05,1.610209873642e+03,2.609038627172e+01,4.739603039314e-04
4.956859031004e-03,1.550454873125e+01,5.514961360207e+00,3.041042008153e+05,1.609848112037e+03,2.609624927449e+01,4.732581990295e-04
4.956915870196e-03,1.549928031014e+01,5.512971215463e+00,3.045141058174e+05,1.609486255609e+03,2.610211645075e+01,4.725568172594e-04
4.956972647937e-03,1.549401046513e+01,5.510979765489e+00,3.049246907446e+05,1.609124303416e+03,2.610798781964e+01,4.718561564836e-04
4.957029364222e-03,1.548873920001e+01,5.508987010996e+00,3.053359565339e+05,1.608762255729e+03,2.611386338063e+01,4.711562169221e-04
4.957086019195e-03,1.548346650500e+01,5.506992947567e+00,3.057479051825e+05,1.608400111888e+03,2.611974314833e+01,4.704569969965e-04
4.957142612855e-03,1.547819238371e+01,5.504997575846e+00,3.061605376461e+05,1.608037872155e+03,2.612562712237e+01,4.697584969045e-04
4.957199145297e-03,1.547291683092e+01,5.503000893131e+00,3.065738555745e+05,1.607675536181e+03,2.613151531232e+01,4.690607156734e-04
4.957255616601e-03,1.546763984262e+01,5.501002897180e+00,3.069878605260e+05,1.607313103703e+03,2.613740772637e+01,4.683636524948e-04
4.957312026784e-03,1.546236142065e+01,5.499003587964e+00,3.074025536034e+05,1.606950574861e+03,2.614330436616e+01,4.676673073322e-04
4.957368375959e-03,1.545708155818e+01,5.497002962167e+00,3.078179365939e+05,1.606587949197e+03,2.614920524306e+01,4.669716790060e-04
4.957424664132e-03,1.545180025797e+01,5.495001020105e+00,3.082340105337e+05,1.606225226912e+03,2.615511035775e+01,4.662767676024e-04
4.957480891453e-03,1.544651750957e+01,5.492997757088e+00,3.086507775028e+05,1.605862407303e+03,2.616101972561e+01,4.655825714699e-04
4.957537057917e-03,1.544123331700e+01,5.490993173901e+00,3.090682384453e+05,1.605499490655e+03,2.616693334595e+01,4.648890908599e-04
4.957593163665e-03,1.543594767039e+01,5.488987266069e+00,3.094863954046e+05,1.605136476304e+03,2.617285123355e+01,4.641963242031e-04
4.957649208607e-03,1.543066058174e+01,5.486980037409e+00,3.099052486971e+05,1.604773365088e+03,2.617877337875e+01,4.635042727960e-04
4.957705192997e-03,1.542537203067e+01,5.484971479450e+00,3.103248012070e+05,1.604410155616e+03,2.618469980816e+01,4.628129336975e-04
4.957761116847e-03,1.542008201956e+01,5.482961592353e+00,3.107450540200e+05,1.604046848068e+03,2.619063052288e+01,4.621223069483e-04
4.957816980077e-03,1.541479055932e+01,5.480950379525e+00,3.111660075450e+05,1.603683443203e+03,2.619656551450e+01,4.614323936980e-04
4.957872782969e-03,1.540949762689e+01,5.478937831455e+00,3.115876648971e+05,1.603319939450e+03,2.620250481270e+01,4.607431906669e-04
4.957928525424e-03,1.540420323515e+01,5.476923952303e+00,3.120100263325e+05,1.602956337707e+03,2.620844840679e+01,4.600546992642e-04
4.957984207543e-03,1.539890737797e+01,5.474908738988e+00,3.124330936267e+05,1.602592637566e+03,2.621439630750e+01,4.593669184184e-04
4.958039829512e-03,1.539361004104e+01,5.472892185316e+00,3.128568692139e+05,1.602228838053e+03,2.622034853476e+01,4.586798460035e-04
4.958095391191e-03,1.538831124129e+01,5.470874296990e+00,3.132813530314e+05,1.601864940348e+03,2.622630507333e+01,4.579934839476e-04
4.958150892828e-03,1.538301095855e+01,5.468855065577e+00,3.137065479920e+05,1.601500943076e+03,2.623226594976e+01,4.573078293685e-04
4.958206334405e-03,1.537770919797e+01,5.466834492284e+00,3.141324549830e+05,1.601136846604e+03,2.623823116211e+01,4.566228826668e-04
4.958261715951e-03,1.537240596027e+01,5.464812576632e+00,3.145590752502e+05,1.600772650994e+03,2.624420071344e+01,4.559386436661e-04
4.958317037590e-03,1.536710123698e+01,5.462789314644e+00,3.149864107799e+05,1.600408355676e+03,2.625017461714e+01,4.552551110093e-04
4.958372299342e-03,1.536179502981e+01,5.460764706213e+00,3.154144627449e+05,1.600043960783e+03,2.625615287515e+01,4.545722846498e-04
4.958427501361e-03,1.535648732724e+01,5.458738746185e+00,3.158432333885e+05,1.599679465535e+03,2.626213550435e+01,4.538901628417e-04
4.958482643583e-03,1.535117813905e+01,5.456711437537e+00,3.162727232367e+05,1.599314870615e+03,2.626812249763e+01,4.532087465797e-04
4.958537726143e-03,1.534586745560e+01,5.454682775822e+00,3.167029343906e+05,1.598950175377e+03,2.627411386975e+01,4.525280343584e-04
4.958592749142e-03,1.534055527063e+01,5.452652757892e+00,3.171338686800e+05,1.598585379402e+03,2.628010963168e+01,4.518480251174e-04
4.958647712570e-03,1.533524158866e+01,5.450621384706e+00,3.175655270667e+05,1.598220483012e+03,2.628610978227e+01,4.511687191723e-04
4.958702616493e-03,1.532992640652e+01,5.448588654292e+00,3.179979111371e+05,1.597855486006e+03,2.629211432899e+01,4.504901158565e-04
4.958757461049e-03,1.532460971452e+01,5.446554562175e+00,3.184310230144e+05,1.597490387728e+03,2.629812328675e+01,4.498122136724e-04
4.958812246239e-03,1.531929151586e+01,5.444519108809e+00,3.188648637760e+05,1.597125188413e+03,2.630413665588e+01,4.491350127691e-04
4.958866972142e-03,1.531397180631e+01,5.442482291810e+00,3.192994351068e+05,1.596759887785e+03,2.631015444510e+01,4.484585123501e-04
4.958921638804e-03,1.530865058501e+01,5.440444110070e+00,3.197347384231e+05,1.596394485793e+03,2.631617665939e+01,4.477827120451e-04
4.958976246296e-03,1.530332784828e+01,5.438404561415e+00,3.201707753720e+05,1.596028982204e+03,2.632220330683e+01,4.471076111304e-04
4.959030794726e-03,1.529800358915e+01,5.436363642394e+00,3.206075478774e+05,1.595663376548e+03,2.632823439932e+01,4.464332084647e-04
4.959085284092e-03,1.529267781115e+01,5.434321353583e+00,3.210450570052e+05,1.595297669081e+03,2.633426993690e+01,4.457595042393e-04
4.959139714501e-03,1.528735050725e+01,5.432277691516e+00,3.214833046899e+05,1.594931859336e+03,2.634030993146e+01,4.450864973106e-04
4.959194086050e-03,1.528202167135e+01,5.430232653062e+00,3.219222927982e+05,1.594565946905e+03,2.634635439398e+01,4.444141866529e-04
4.959248398681e-03,1.527669131268e+01,5.428186240993e+00,3.223620219334e+05,1.594199932436e+03,2.635240331799e+01,4.437425731787e-04
4.959302652571e-03,1.527135941716e+01,5.426138449113e+00,3.228024946276e+05,1.593833814977e+03,2.635845672350e+01,4.430716548571e-04
4.959356847689e-03,1.526602599125e+01,5.424089279127e+00,3.232437117185e+05,1.593467594983e+03,2.636451460720e+01,4.424014322507e-04
4.959410984233e-03,1.526069101890e+01,5.422038724075e+00,3.236856759121e+05,1.593101271366e+03,2.637057699138e+01,4.417319030895e-04
4.959465062176e-03,1.525535450624e+01,5.419986785530e+00,3.241283880808e+05,1.592734844562e+03,2.637664387312e+01,4.410630678954e-04
4.959519081492e-03,1.525001645908e+01,5.417933464937e+00,3.245718491254e+05,1.592368314981e+03,2.638271524988e+01,4.403949271431e-04
4.959573042445e-03,1.524467685477e+01,5.415878752791e+00,3.250160623156e+05,1.592001681084e+03,2.638879115148e+01,4.397274777466e-04
4.959626944956e-03,1.523933570463e+01,5.413822652659e+00,3.254610281007e+05,1.591634943661e+03,2.639487156913e+01,4.390607208761e-04
4.959680789127e-03,1.523399300176e+01,5.411765161086e+00,3.259067484513e+05,1.591268102249e+03,2.640095651481e+01,4.383946554195e-04
4.959734574997e-03,1.522864874584e+01,5.409706277158e+00,3.263532247914e+05,1.590901156844e+03,2.640704599293e+01,4.377292810894e-04
4.959788302716e-03,1.522330292531e+01,5.407645995627e+00,3.268004594889e+05,1.590534106664e+03,2.641314002079e+01,4.370645962028e-04
4.959841972197e-03,1.521795555207e+01,5.405584320274e+00,3.272484529552e+05,1.590166952540e+03,2.641923858896e+01,4.364006019903e-04
4.959895583642e-03,1.521260660947e+01,5.403521243884e+00,3.276972079939e+05,1.589799693343e+03,2.642534172053e+01,4.357372961397e-04
4.959949137051e-03,1.520725610087e+01,5.401456766952e+00,3.281467257366e+05,1.589432329318e+03,2.643144941582e+01,4.350746788253e-04
4.960002632456e-03,1.520190402645e+01,5.399390888738e+00,3.285970075861e+05,1.589064860490e+03,2.643756167876e+01,4.344127498219e-04
4.960056069981e-03,1.519655037705e+01,5.397323604908e+00,3.290480557323e+05,1.588697286246e+03,2.644367852395e+01,4.337515077556e-04
4.960109449681e-03,1.519119515070e+01,5.395254913894e+00,3.294998717668e+05,1.588329606462e+03,2.644979995785e+01,4.330909521419e-04
4.960162771569e-03,1.518583834934e+01,5.393184815635e+00,3.299524569542e+05,1.587961821289e+03,2.645592598236e+01,4.324310829770e-04
4.960216035767e-03,1.518047996411e+01,5.391113305897e+00,3.304058134756e+05,1.587593930129e+03,2.646205661183e+01,4.317718989288e-04
4.960269242295e-03,1.517511999626e+01,5.389040384353e+00,3.308599426610e+05,1.587225933084e+03,2.646819184904e+01,4.311133999120e-04
4.960322391217e-03,1.516975844280e+01,5.386966049035e+00,3.313148462028e+05,1.586857829963e+03,2.647433170156e+01,4.304555853193e-04
4.960375482606e-03,1.516439529967e+01,5.384890297556e+00,3.317705258896e+05,1.586489620501e+03,2.648047617829e+01,4.297984544129e-04
4.960428516510e-03,1.515903056528e+01,5.382813128485e+00,3.322269833037e+05,1.586121304603e+03,2.648662528526e+01,4.291420067599e-04
4.960481493065e-03,1.515366422920e+01,5.380734536963e+00,3.326842207847e+05,1.585752881568e+03,2.649277903865e+01,4.284862408477e-04
4.960534412182e-03,1.514829630389e+01,5.378654526999e+00,3.331422387253e+05,1.585384352264e+03,2.649893742843e+01,4.278311579624e-04
4.960587274053e-03,1.514292677320e+01,5.376573091513e+00,3.336010399626e+05,1.585015715599e+03,2.650510047734e+01,4.271767558946e-04
4.960640078726e-03,1.513755563542e+01,5.374490229021e+00,3.340606261055e+05,1.584646971469e+03,2.651126819162e+01,4.265230342047e-04
4.960692826215e-03,1.513218289253e+01,5.372405939468e+00,3.345209984516e+05,1.584278120024e+03,2.651744057329e+01,4.258699928998e-04
4.960745516557e-03,1.512680854418e+01,5.370320221887e+00,3.349821585021e+05,1.583909161255e+03,2.652361762699e+01,4.252176316994e-04
4.960798149895e-03,1.512143257887e+01,5.368233070992e+00,3.354441087170e+05,1.583540094387e+03,2.652979937024e+01,4.245659489768e-04
4.960850726307e-03,1.511605499221e+01,5.366144484244e+00,3.359068509545e+05,1.583170919133e+03,2.653598581241e+01,4.239149439691e-04
4.960903245679e-03,1.511067579886e+01,5.364054466509e+00,3.363703854341e+05,1.582801636514e+03,2.654217694090e+01,4.232646182182e-04
4.960955708276e-03,1.510529497525e+01,5.361963007794e+00,3.368347156738e+05,1.582432244926e+03,2.654837278719e+01,4.226149686420e-04
4.961008114077e-03,1.509991252659e+01,5.359870109295e+00,3.372998427141e+05,1.582062744744e+03,2.655457334956e+01,4.219659956440e-04
4.961060463057e-03,1.509452845891e+01,5.357775772515e+00,3.377657675290e+05,1.581693136395e+03,2.656077862544e+01,4.213176997172e-04
4.961112755464e-03,1.508914274998e+01,5.355679987973e+00,3.382324935402e+05,1.581323418366e+03,2.656698864480e+01,4.206700779585e-04
4.961164991217e-03,1.508375541128e+01,5.353582759297e+00,3.387000212555e+05,1.580953591464e+03,2.657320339872e+01,4.200231315231e-04
4.961217170373e-03,1.507836644040e+01,5.351484084703e+00,3.391683523913e+05,1.580583655536e+03,2.657942289437e+01,4.193768598898e-04
4.961269293081e-03,1.507297582506e+01,5.349383958569e+00,3.396374895248e+05,1.580213609752e+03,2.658564715032e+01,4.187312613607e-04
4.961321359362e-03,1.506758356645e+01,5.347282380518e+00,3.401074340667e+05,1.579843454213e+03,2.659187616953e+01,4.180863358558e-04
4.961373369279e-03,1.506218966132e+01,5.345179348426e+00,3.405781878216e+05,1.579473188708e+03,2.659810996021e+01,4.174420827590e-04
4.961425322794e-03,1.505679411679e+01,5.343074864234e+00,3.410497516874e+05,1.579102813742e+03,2.660434851849e+01,4.167985026969e-04
4.961477220133e-03,1.505139691281e+01,5.340968919267e+00,3.415221289446e+05,1.578732327954e+03,2.661059187197e+01,4.161555930524e-04
4.961529061267e-03,1.504599805546e+01,5.338861515046e+00,3.419953205927e+05,1.578361731775e+03,2.661684001807e+01,4.155133543299e-04
4.961580846262e-03,1.504059754123e+01,5.336752649351e+00,3.424693284735e+05,1.577991024983e+03,2.662309296524e+01,4.148717858896e-04
4.961632575216e-03,1.503519536311e+01,5.334642318583e+00,3.429441547436e+05,1.577620207108e+03,2.662935072609e+01,4.142308866761e-04
4.961684248102e-03,1.502979152728e+01,5.332530524308e+00,3.434198004015e+05,1.577249278590e+03,2.663561329792e+01,4.135906572037e-04
4.961735865111e-03,1.502438601673e+01,5.330417259016e+00,3.438962684930e+05,1.576878238279e+03,2.664188070487e+01,4.129510952364e-04
4.961787426129e-03,1.501897884695e+01,5.328302527904e+00,3.443735592043e+05,1.576507087252e+03,2.664815293349e+01,4.123122023873e-04
4.961838931379e-03,1.501356999755e+01,5.326186322140e+00,3.448516758902e+05,1.576135824126e+03,2.665443001189e+01,4.116739760284e-04
4.961890380849e-03,1.500815947318e+01,5.324068642676e+00,3.453306197012e+05,1.575764449235e+03,2.666071193919e+01,4.110364164917e-04
4.961941774637e-03,1.500274726664e+01,5.321949485829e+00,3.458103928393e+05,1.575392962100e+03,2.666699872826e+01,4.103995227131e-04
4.961993112716e-03,1.499733338399e+01,5.319828853108e+00,3.462909963357e+05,1.575021363153e+03,2.667329037655e+01,4.097632951882e-04
4.962044395236e-03,1.499191781278e+01,5.317706738769e+00,3.467724328677e+05,1.574649651557e+03,2.667958690307e+01,4.091277322386e-04
4.962095622201e-03,1.498650055558e+01,5.315583142944e+00,3.472547037857e+05,1.574277827499e+03,2.668588830940e+01,4.084928339502e-04
4.962146793726e-03,1.498108160369e+01,5.313458061357e+00,3.477378114444e+05,1.573905890403e+03,2.669219461017e+01,4.078585990911e-04
4.962197909818e-03,1.497566095931e+01,5.311331493997e+00,3.482217572338e+05,1.573533840434e+03,2.669850580739e+01,4.072250277062e-04
4.962248970533e-03,1.497023861988e+01,5.309203438979e+00,3.487065429735e+05,1.573161677430e+03,2.670482190862e+01,4.065921192806e-04
4.962299975984e-03,1.496481457649e+01,5.307073891935e+00,3.491921710534e+05,1.572789400798e+03,2.671114292881e+01,4.059598725642e-04
4.962350926207e-03,1.495938882860e+01,5.304942851775e+00,3.496786431211e+05,1.572417010515e+03,2.671746887318e+01,4.053282872847e-04
4.962401821237e-03,1.495396137560e+01,5.302810317378e+00,3.501659608344e+05,1.572044506558e+03,2.672379974703e+01,4.046973631601e-04
4.962452661114e-03,1.494853221645e+01,5.300676287451e+00,3.506541258945e+05,1.571671888869e+03,2.673013555620e+01,4.040670998571e-04
4.962503445988e-03,1.494310133819e+01,5.298540756022e+00,3.511431410777e+05,1.571299156575e+03,2.673647632045e+01,4.034374956650e-04
4.962554175859e-03,1.493766874421e+01,5.296403723533e+00,3.516330076966e+05,1.570926309925e+03,2.674282204042e+01,4.028085507686e-04
4.962604850766e-03,1.493223443328e+01,5.294265188617e+00,3.521237274815e+05,1.570553348852e+03,2.674917272221e+01,4.021802648188e-04
4.962655470808e-03,1.492679839805e+01,5.292125147491e+00,3.526153027223e+05,1.570180272865e+03,2.675552837908e+01,4.015526367580e-04
4.962706035975e-03,1.492136064287e+01,5.289983600979e+00,3.531077346540e+05,1.569807082282e+03,2.676188901057e+01,4.009256668814e-04
4.962756546476e-03,1.491592114822e+01,5.287840540497e+00,3.536010266799e+05,1.569433775777e+03,2.676825464424e+01,4.002993527342e-04
4.962807002227e-03,1.491047992638e+01,5.285695969996e+00,3.540951793238e+05,1.569060354211e+03,2.677462527035e+01,3.996736955298e-04
4.962857403298e-03,1.490503697298e+01,5.283549886852e+00,3.545901946263e+05,1.568686817300e+03,2.678100089874e+01,3.990486945570e-04
4.962907749807e-03,1.489959227842e+01,5.281402286384e+00,3.550860751075e+05,1.568313164401e+03,2.678738154539e+01,3.984243485110e-04
4.962958041787e-03,1.489414584223e+01,5.279253167510e+00,3.555828224619e+05,1.567939395499e+03,2.679376721552e+01,3.978006571372e-04
4.963008279294e-03,1.488869766151e+01,5.277102528183e+00,3.560804386111e+05,1.567565510412e+03,2.680015791729e+01,3.971776199015e-04
4.963058462440e-03,1.488324772719e+01,5.274950363917e+00,3.565789260459e+05,1.567191508532e+03,2.680655366609e+01,3.965552355669e-04
4.963108591095e-03,1.487779605651e+01,5.272796680621e+00,3.570782848530e+05,1.566817391061e+03,2.681295444642e+01,3.959335059003e-04
4.963158665626e-03,1.487234261279e+01,5.270641462899e+00,3.575785200626e+05,1.566443155498e+03,2.681936030611e+01,3.953124265212e-04
4.963208685817e-03,1.486688742272e+01,5.268484720386e+00,3.580796309035e+05,1.566068803692e+03,2.682577121859e+01,3.946920002713e-04
4.963258651827e-03,1.486143047179e+01,5.266326446434e+00,3.585816203868e+05,1.565694334662e+03,2.683218720570e+01,3.940722252988e-04
4.963308563769e-03,1.485597175107e+01,5.264166636610e+00,3.590844910170e+05,1.565319747814e+03,2.683860828274e+01,3.934531003968e-04
4.963358421618e-03,1.485051126620e+01,5.262005292221e+00,3.595882439658e+05,1.564945043551e+03,2.684503444787e+01,3.928346260063e-04
4.963408225465e-03,1.484504901043e+01,5.259842409690e+00,3.600928815468e+05,1.564570221428e+03,2.685146571385e+01,3.922168011691e-04
4.963457975325e-03,1.483958498515e+01,5.257677988640e+00,3.605984053319e+05,1.564195281555e+03,2.685790208392e+01,3.915996258432e-04
4.963507671399e-03,1.483411917139e+01,5.255512020648e+00,3.611048187772e+05,1.563820222650e+03,2.686434358520e+01,3.909830976970e-04
4.963557313533e-03,1.482865158907e+01,5.253344512683e+00,3.616121217461e+05,1.563445046095e+03,2.687079019912e+01,3.903672187824e-04
4.963606902002e-03,1.482318221127e+01,5.251175453153e+00,3.621203184474e+05,1.563069750062e+03,2.687724196225e+01,3.897519858752e-04
4.963656436599e-03,1.481771106364e+01,5.249004851304e+00,3.626294082152e+05,1.562694336327e+03,2.688369884922e+01,3.891374016661e-04
4.963705917725e-03,1.481223810498e+01,5.246832689865e+00,3.631393966055e+05,1.562318802079e+03,2.689016091357e+01,3.885234613371e-04
4.963755345113e-03,1.480676336802e+01,5.244658980900e+00,3.636502822948e+05,1.561943149584e+03,2.689662812151e+01,3.879101683718e-04
4.963804719010e-03,1.480128682845e+01,5.242483713829e+00,3.641620692817e+05,1.561567377190e+03,2.690310050669e+01,3.872975198543e-04
4.963854039433e-03,1.479580848740e+01,5.240306888165e+00,3.646747591987e+05,1.561191484991e+03,2.690957807271e+01,3.866855157233e-04
4.963903306416e-03,1.479032834403e+01,5.238128502649e+00,3.651883538638e+05,1.560815472949e+03,2.691606082546e+01,3.860741556984e-04
4.963952519996e-03,1.478484639744e+01,5.235948555982e+00,3.657028551079e+05,1.560439341017e+03,2.692254877098e+01,3.854634394888e-04
4.964001680341e-03,1.477936263200e+01,5.233767041013e+00,3.662182661487e+05,1.560063088143e+03,2.692904193272e+01,3.848533651685e-04
4.964050787304e-03,1.477387706695e+01,5.231583964462e+00,3.667345869325e+05,1.559686715664e+03,2.693554029285e+01,3.842439346909e-04
4.964099841209e-03,1.476838966927e+01,5.229399312247e+00,3.672518223277e+05,1.559310221330e+03,2.694204389549e+01,3.836351442033e-04
4.964148841899e-03,1.476290045960e+01,5.227213091637e+00,3.677699721565e+05,1.558933606578e+03,2.694855272116e+01,3.830269958113e-04
4.964197789509e-03,1.475740942571e+01,5.225025296828e+00,3.682890393402e+05,1.558556870585e+03,2.695506678935e+01,3.824194879770e-04
4.964246684084e-03,1.475191656564e+01,5.222835926086e+00,3.688090258412e+05,1.558180013235e+03,2.696158610743e+01,3.818126202984e-04
4.964295525704e-03,1.474642187347e+01,5.220644976106e+00,3.693299339996e+05,1.557803034139e+03,2.696811068744e+01,3.812063919400e-04
4.964344314458e-03,1.474092534218e+01,5.218452443141e+00,3.698517662667e+05,1.557425932833e+03,2.697464054276e+01,3.806008019487e-04
4.964393050261e-03,1.473542698419e+01,5.216258331193e+00,3.703745232530e+05,1.557048710190e+03,2.698117566367e+01,3.799958515097e-04
4.964441733303e-03,1.472992678131e+01,5.214062632052e+00,3.708982084825e+05,1.556671364977e+03,2.698771607687e+01,3.793915384400e-04
4.964490363633e-03,1.472442473087e+01,5.211865343697e+00,3.714228240102e+05,1.556293897030e+03,2.699426179062e+01,3.787878622703e-04
4.964538941214e-03,1.471892084017e+01,5.209666468088e+00,3.719483709449e+05,1.555916306869e+03,2.700081280129e+01,3.781848236213e-04
4.964587466204e-03,1.471341509413e+01,5.207465998244e+00,3.724748525361e+05,1.555538593476e+03,2.700736913194e+01,3.775824206628e-04
4.964635938634e-03,1.470790749232e+01,5.205263933026e+00,3.730022706424e+05,1.555160756841e+03,2.701393078823e+01,3.769806531716e-04
4.964684358537e-03,1.470239803389e+01,5.203060271140e+00,3.735306271640e+05,1.554782796924e+03,2.702049777625e+01,3.763795208800e-04
4.964732725942e-03,1.469688671864e+01,5.200855011537e+00,3.740599239464e+05,1.554404713728e+03,2.702707010141e+01,3.757790235882e-04
4.964781040978e-03,1.469137353473e+01,5.198648148519e+00,3.745901639561e+05,1.554026506463e+03,2.703364778294e+01,3.751791598322e-04
4.964829303696e-03,1.468585847936e+01,5.196439679990e+00,3.751213493008e+05,1.553648174952e+03,2.704023082937e+01,3.745799291342e-04
4.964877514030e-03,1.468034156305e+01,5.194229609205e+00,3.756534808054e+05,1.553269719936e+03,2.704681923331e+01,3.739813324645e-04
4.964925672215e-03,1.467482276194e+01,5.192017925625e+00,3.761865626191e+05,1.552891139798e+03,2.705341302844e+01,3.733833670588e-04
4.964973778207e-03,1.466930208378e+01,5.189804631390e+00,3.767205958443e+05,1.552512435088e+03,2.706001221069e+01,3.727860335902e-04
4.965021832037e-03,1.466377952817e+01,5.187589725360e+00,3.772555823768e+05,1.552133605796e+03,2.706661678577e+01,3.721893318410e-04
4.965069833816e-03,1.465825508517e+01,5.185373202572e+00,3.777915250410e+05,1.551754651261e+03,2.707322677076e+01,3.715932605662e-04
4.965117783590e-03,1.465272875253e+01,5.183155061147e+00,3.783284259223e+05,1.551375571346e+03,2.707984217362e+01,3.709978193552e-04
4.965165681384e-03,1.464720053020e+01,5.180935300087e+00,3.788662868971e+05,1.550996366068e+03,2.708646299960e+01,3.704030080335e-04
4.965213527323e-03,1.464167040677e+01,5.178713913825e+00,3.794051109544e+05,1.550617034662e+03,2.709308926768e+01,3.698088252055e-04
4.965261321395e-03,1.463613838646e+01,5.176490903071e+00,3.799448995668e+05,1.550237577436e+03,2.709972097809e+01,3.692152711585e-04
4.965309063664e-03,1.463060446482e+01,5.174266265056e+00,3.804856550547e+05,1.549857994106e+03,2.710635814139e+01,3.686223452481e-04
4.965356754189e-03,1.462506863790e+01,5.172039997202e+00,3.810273796988e+05,1.549478284419e+03,2.711300076766e+01,3.680300468837e-04
4.965404393069e-03,1.461953089729e+01,5.169812095135e+00,3.815700762212e+05,1.549098447817e+03,2.711964887229e+01,3.674383750011e-04
4.965451980325e-03,1.461399124313e+01,5.167582557920e+00,3.821137465138e+05,1.548718484329e+03,2.712630246044e+01,3.668473294518e-04
4.965499516025e-03,1.460844967069e+01,5.165351382666e+00,3.826583929490e+05,1.548338393651e+03,2.713296154312e+01,3.662569095702e-04
4.965547000164e-03,1.460290618331e+01,5.163118569714e+00,3.832040171155e+05,1.547958176031e+03,2.713962612167e+01,3.656671155451e-04
4.965594432883e-03,1.459736076731e+01,5.160884112565e+00,3.837506222785e+05,1.547577830550e+03,2.714629621789e+01,3.650779457609e-04
4.965641814207e-03,1.459181342283e+01,5.158648010274e+00,3.842982103516e+05,1.547197357236e+03,2.715297183702e+01,3.644894000727e-04
4.965689144165e-03,1.458626414933e+01,5.156410261621e+00,3.848467833198e+05,1.546816756074e+03,2.715965298505e+01,3.639014782614e-04
4.965736422797e-03,1.458071294494e+01,5.154170864853e+00,3.853963433040e+05,1.546436026954e+03,2.716633966967e+01,3.633141799679e-04
4.965783650281e-03,1.457515979165e+01,5.151929811696e+00,3.859468940313e+05,1.546055168661e+03,2.717303191796e+01,3.627275031288e-04
4.965830826570e-03,1.456960469782e+01,5.149687104517e+00,3.864984366219e+05,1.545674181788e+03,2.717972972530e+01,3.621414484725e-04
4.965877951645e-03,1.456404766852e+01,5.147442744353e+00,3.870509725259e+05,1.545293066701e+03,2.718643309103e+01,3.615560163717e-04
4.965925025755e-03,1.455848867722e+01,5.145196719491e+00,3.876045063377e+05,1.544911821603e+03,2.719314205254e+01,3.609712038783e-04
4.965972048775e-03,1.455292774163e+01,5.142949036061e+00,3.881590382625e+05,1.544530447727e+03,2.719985659398e+01,3.603870126977e-04
4.966019020838e-03,1.454736484886e+01,5.140699687846e+00,3.887145715542e+05,1.544148944209e+03,2.720657673639e+01,3.598034413192e-04
4.966065942096e-03,1.454179998364e+01,5.138448667650e+00,3.892711097159e+05,1.543767310023e+03,2.721330250371e+01,3.592204879899e-04
4.966112812344e-03,1.453623317312e+01,5.136195985444e+00,3.898286520127e+05,1.543385547050e+03,2.722003386862e+01,3.586381553994e-04
4.966159631943e-03,1.453066437721e+01,5.133941623982e+00,3.903872044481e+05,1.543003652562e+03,2.722677088510e+01,3.580564391993e-04
4.966206400673e-03,1.452509362516e+01,5.131685594087e+00,3.909467660807e+05,1.542621628585e+03,2.723351352332e+01,3.574753422955e-04
4.966253118821e-03,1.451952088521e+01,5.129427881869e+00,3.915073421012e+05,1.542239472959e+03,2.724026182729e+01,3.568948612213e-04
4.966299786309e-03,1.451394616978e+01,5.127168491334e+00,3.920689332658e+05,1.541857186558e+03,2.724701578751e+01,3.563149971230e-04
4.966346403164e-03,1.450836947837e+01,5.124907421258e+00,3.926315416331e+05,1.541474769369e+03,2.725377541016e+01,3.557357497971e-04
4.966392969549e-03,1.450279079415e+01,5.122644663783e+00,3.931951709185e+05,1.541092220258e+03,2.726054072122e+01,3.551571173450e-04
4.966439485441e-03,1.449721012276e+01,5.120380220165e+00,3.937598225750e+05,1.540709539631e+03,2.726731171946e+01,3.545791002048e-04
4.966485950928e-03,1.449162745644e+01,5.118114086227e+00,3.943254994149e+05,1.540326726977e+03,2.727408841993e+01,3.540016974256e-04
4.966532366011e-03,1.448604279781e+01,5.115846261995e+00,3.948922032062e+05,1.539943782498e+03,2.728087082504e+01,3.534249091299e-04
4.966578730869e-03,1.448045612815e+01,5.113576738828e+00,3.954599378895e+05,1.539560704930e+03,2.728765896319e+01,3.528487332394e-04
4.966625045392e-03,1.447486746349e+01,5.111305522205e+00,3.960287038806e+05,1.539177495393e+03,2.729445282057e+01,3.522731712634e-04
4.966671309785e-03,1.446927678173e+01,5.109032602097e+00,3.965985054809e+05,1.538794152392e+03,2.730125242970e+01,3.516982207794e-04
4.966717524030e-03,1.446368408795e+01,5.106757979534e+00,3.971693442297e+05,1.538410676297e+03,2.730805779009e+01,3.511238821707e-04
4.966763688116e-03,1.445808938618e+01,5.104481655101e+00,3.977412217804e+05,1.538027067406e+03,2.731486890254e+01,3.505501557027e-04
4.966809802157e-03,1.445249266532e+01,5.102203623248e+00,3.983141413329e+05,1.537643324979e+03,2.732168578625e+01,3.499770400954e-04
4.966855866288e-03,1.444689391174e+01,5.099923877369e+00,3.988881063614e+05,1.537259448100e+03,2.732850846359e+01,3.494045338120e-04
4.966901880504e-03,1.444129312887e+01,5.097642417813e+00,3.994631185957e+05,1.536875437029e+03,2.733533693610e+01,3.488326370668e-04
4.966947844705e-03,1.443569033152e+01,5.095359249558e+00,4.000391786025e+05,1.536491292800e+03,2.734217119149e+01,3.482613512263e-04
4.966993759259e-03,1.443008547758e+01,5.093074354397e+00,4.006162928030e+05,1.536107012549e+03,2.734901128687e+01,3.476906718614e-04
4.967039623952e-03,1.442447859581e+01,5.090787742992e+00,4.011944603385e+05,1.535722598270e+03,2.735585719294e+01,3.471206017635e-04
4.967085438894e-03,1.441886967560e+01,5.088499409961e+00,4.017736844064e+05,1.535338049254e+03,2.736270892847e+01,3.465511397123e-04
4.967131204259e-03,1.441325869842e+01,5.086209346680e+00,4.023539690333e+05,1.534953364255e+03,2.736956652187e+01,3.459822836906e-04
4.967176919957e-03,1.440764567778e+01,5.083917557606e+00,4.029353149396e+05,1.534568544220e+03,2.737642996248e+01,3.454140349344e-04
4.967222586093e-03,1.440203060356e+01,5.081624037539e+00,4.035177252979e+05,1.534183588476e+03,2.738329926853e+01,3.448463922802e-04
4.967268202772e-03,1.439641346567e+01,5.079328781294e+00,4.041012032846e+05,1.533798496354e+03,2.739017445818e+01,3.442793545758e-04
4.967313769956e-03,1.439079427132e+01,5.077031790750e+00,4.046857502878e+05,1.533413268369e+03,2.739705552851e+01,3.437129224152e-04
4.967359287771e-03,1.438517300761e+01,5.074733059566e+00,4.052713697906e+05,1.533027903662e+03,2.740394250115e+01,3.431470943652e-04
4.967404756221e-03,1.437954967700e+01,5.072432587671e+00,4.058580636878e+05,1.532642402421e+03,2.741083537904e+01,3.425818705400e-04
4.967450175455e-03,1.437392426338e+01,5.070130367401e+00,4.064458358164e+05,1.532256763563e+03,2.741773418784e+01,3.420172491911e-04
4.967495545343e-03,1.436829678580e+01,5.067826405479e+00,4.070346863463e+05,1.531870988417e+03,2.742463891009e+01,3.414532320988e-04
4.967540866138e-03,1.436266721527e+01,5.065520688957e+00,4.076246204790e+05,1.531485075017e+03,2.743154958732e+01,3.408898162270e-04
4.967586137719e-03,1.435703556966e+01,5.063213224078e+00,4.082156385154e+05,1.531099024613e+03,2.743846620353e+01,3.403270032363e-04
4.967631360262e-03,1.435140182964e+01,5.060904001840e+00,4.088077446647e+05,1.530712835900e+03,2.744538878843e+01,3.397647910642e-04
4.967676533813e-03,1.434576599216e+01,5.058593019902e+00,4.094009414371e+05,1.530326508691e+03,2.745231735181e+01,3.392031792807e-04
4.967721658318e-03,1.434012806664e+01,5.056280281047e+00,4.099952300328e+05,1.529940043656e+03,2.745925188803e+01,3.386421686970e-04
4.967766733966e-03,1.433448803198e+01,5.053965775535e+00,4.105906148749e+05,1.529553439370e+03,2.746619242907e+01,3.380817570881e-04
4.967811760736e-03,1.432884589331e+01,5.051649504377e+00,4.111870976308e+05,1.529166696207e+03,2.747313897468e+01,3.375219448392e-04
4.967856738653e-03,1.432320165039e+01,5.049331466384e+00,4.117846805372e+05,1.528779814175e+03,2.748009153118e+01,3.369627318007e-04
4.967901667855e-03,1.431755528837e+01,5.047011654360e+00,4.123833673874e+05,1.528392792276e+03,2.748705012296e+01,3.364041163770e-04
4.967946548291e-03,1.431190681625e+01,5.044690070915e+00,4.129831594508e+05,1.528005631154e+03,2.749401474493e+01,3.358460993369e-04
4.967991380133e-03,1.430625621507e+01,5.042366707154e+00,4.135840609747e+05,1.527618329529e+03,2.750098542662e+01,3.352886786844e-04
4.968036163301e-03,1.430060349728e+01,5.040041567100e+00,4.141860728737e+05,1.527230888277e+03,2.750796215879e+01,3.347318555271e-04
4.968080897995e-03,1.429494864047e+01,5.037714640428e+00,4.147891997814e+05,1.526843305887e+03,2.751494497519e+01,3.341756275360e-04
4.968125584081e-03,1.428929166399e+01,5.035385934002e+00,4.153934418854e+05,1.526455583707e+03,2.752193385808e+01,3.336199964942e-04
4.968170221841e-03,1.428363253479e+01,5.033055433113e+00,4.159988049742e+05,1.526067719497e+03,2.752892885443e+01,3.330649590380e-04
4.968214811106e-03,1.427797127677e+01,5.030723146487e+00,4.166052887597e+05,1.525679714917e+03,2.753592994089e+01,3.325105173919e-04
4.968259352107e-03,1.427230786335e+01,5.028389062076e+00,4.172128983591e+05,1.525291568168e+03,2.754293715652e+01,3.319566688374e-04
4.968303844727e-03,1.426664231166e+01,5.026053185820e+00,4.178216342153e+05,1.524903280449e+03,2.754995048630e+01,3.314034149306e-04
4.968348289214e-03,1.426097459298e+01,5.023715504768e+00,4.184315017002e+05,1.524514849814e+03,2.755696997202e+01,3.308507527524e-04
4.968392685391e-03,1.425530473215e+01,5.021376028045e+00,4.190425004343e+05,1.524126277988e+03,2.756399558915e+01,3.302986846085e-04
4.968437033514e-03,1.424963269918e+01,5.019034742168e+00,4.196546359463e+05,1.523737562942e+03,2.757102738108e+01,3.297472074646e-04
4.968481333508e-03,1.424395850627e+01,5.016691651048e+00,4.202679092280e+05,1.523348705534e+03,2.757806533897e+01,3.291963223940e-04
4.968525585461e-03,1.423828214434e+01,5.014346749819e+00,4.208823235722e+05,1.522959705168e+03,2.758510948033e+01,3.286460284007e-04
4.968569789535e-03,1.423260359541e+01,5.012000029923e+00,4.214978832480e+05,1.522570560633e+03,2.759215983379e+01,3.280963236327e-04
4.968613945529e-03,1.422692288769e+01,5.009651501898e+00,4.221145875233e+05,1.522181273886e+03,2.759921637067e+01,3.275472107082e-04
4.968658053719e-03,1.422123998819e+01,5.007301150975e+00,4.227324423125e+05,1.521791842692e+03,2.760627913822e+01,3.269986863245e-04
4.968702114110e-03,1.421555489880e+01,5.004948976808e+00,4.233514497523e+05,1.521402267204e+03,2.761334814048e+01,3.264507505591e-04
4.968746126683e-03,1.420986762444e+01,5.002594980301e+00,4.239716116547e+05,1.521012547785e+03,2.762042337764e+01,3.259034037763e-04
4.968790091515e-03,1.420417815761e+01,5.000239157215e+00,4.245929311922e+05,1.520622683943e+03,2.762750486545e+01,3.253566451436e-04
4.968834008739e-03,1.419848648354e+01,4.997881500297e+00,4.252154123412e+05,1.520232674689e+03,2.763459262871e+01,3.248104731360e-04
4.968877878298e-03,1.419279261208e+01,4.995522012496e+00,4.258390563916e+05,1.519842520727e+03,2.764168666149e+01,3.242648885945e-04
4.968921700300e-03,1.418709653180e+01,4.993160687929e+00,4.264638669736e+05,1.519452221294e+03,2.764878698453e+01,3.237198903151e-04
4.968965474687e-03,1.418139825269e+01,4.990797529601e+00,4.270898453713e+05,1.519061777101e+03,2.765589359175e+01,3.231754791468e-04
4.969009201790e-03,1.417569773392e+01,4.988432519430e+00,4.277169984641e+05,1.518671185376e+03,2.766300654057e+01,3.226316510864e-04
4.969052881320e-03,1.416999501586e+01,4.986065673025e+00,4.283453242067e+05,1.518280448907e+03,2.767012578710e+01,3.220884098849e-04
4.969096513568e-03,1.416429006265e+01,4.983696974355e+00,4.289748289539e+05,1.517889565265e+03,2.767725138256e+01,3.215457520202e-04
4.969140098451e-03,1.415858288778e+01,4.981326427865e+00,4.296055136313e+05,1.517498535398e+03,2.768438331664e+01,3.210036786742e-04
4.969183636100e-03,1.415287347660e+01,4.978954026323e+00,4.302373822762e+05,1.517107358326e+03,2.769152161417e+01,3.204621883538e-04
4.969227126485e-03,1.414716183516e+01,4.976579771091e+00,4.308704366442e+05,1.516716034490e+03,2.769866627409e+01,3.199212815328e-04
4.969270569783e-03,1.414144794291e+01,4.974203652465e+00,4.315046814491e+05,1.516324562506e+03,2.770581732872e+01,3.193809561653e-04
4.969313965929e-03,1.413573181058e+01,4.971825673754e+00,4.321401179401e+05,1.515932943137e+03,2.771297477115e+01,3.188412131696e-04
4.969357314974e-03,1.413001343402e+01,4.969445832069e+00,4.327767490271e+05,1.515541176121e+03,2.772013861320e+01,3.183020520520e-04
4.969400617137e-03,1.412429278670e+01,4.967064115209e+00,4.334145801204e+05,1.515149259666e+03,2.772730889471e+01,3.177634702182e-04
4.969443872167e-03,1.411856990407e+01,4.964680536771e+00,4.340536097295e+05,1.514757196230e+03,2.773448557786e+01,3.172254709080e-04
4.969487080411e-03,1.411284474261e+01,4.962295077457e+00,4.346938451858e+05,1.514364982851e+03,2.774166872390e+01,3.166880499313e-04
4.969530241768e-03,1.410711731808e+01,4.959907742671e+00,4.353352872050e+05,1.513972620640e+03,2.774885831966e+01,3.161512086778e-04
4.969573356260e-03,1.410138762997e+01,4.957518531024e+00,4.359779383308e+05,1.513580109585e+03,2.775605437250e+01,3.156149470008e-04
4.969616424058e-03,1.409565565789e+01,4.955127432851e+00,4.366218033409e+05,1.513187448315e+03,2.776325691472e+01,3.150792629015e-04
4.969659445162e-03,1.408992140427e+01,4.952734447980e+00,4.372668844673e+05,1.512794637022e+03,2.777046594997e+01,3.145441565154e-04
4.969702419540e-03,1.408418487544e+01,4.950339577889e+00,4.379131835027e+05,1.512401676168e+03,2.777768147701e+01,3.140096283418e-04
4.969745347297e-03,1.407844605996e+01,4.947942816612e+00,4.385607042537e+05,1.512008564993e+03,2.778490351697e+01,3.134756772178e-04
4.969788228589e-03,1.407270493926e+01,4.945544155223e+00,4.392094513376e+05,1.511615302252e+03,2.779213209998e+01,3.129423013318e-04
4.969831063324e-03,1.406696152799e+01,4.943143598654e+00,4.398594256336e+05,1.511221888974e+03,2.779936721443e+01,3.124095019555e-04
4.969873851617e-03,1.406121581298e+01,4.940741140214e+00,4.405106311703e+05,1.510828324285e+03,2.780660888365e+01,3.118772777772e-04
4.969916593456e-03,1.405546779808e+01,4.938336780333e+00,4.411630700568e+05,1.510434608473e+03,2.781385710964e+01,3.113456290658e-04
4.969959289008e-03,1.404971746320e+01,4.935930509417e+00,4.418167471282e+05,1.510040740190e+03,2.782111192451e+01,3.108145538772e-04
4.970001938157e-03,1.404396482630e+01,4.933522333788e+00,4.424716629061e+05,1.509646720692e+03,2.782837331250e+01,3.102840537821e-04
4.970044541143e-03,1.403820985729e+01,4.931112239657e+00,4.431278233864e+05,1.509252547944e+03,2.783564131848e+01,3.097541259208e-04
4.970087097883e-03,1.403245256958e+01,4.928700231449e+00,4.437852296179e+05,1.508858222893e+03,2.784291593234e+01,3.092247714465e-04
4.970129608485e-03,1.402669295096e+01,4.926286302847e+00,4.444438855819e+05,1.508463744729e+03,2.785019717647e+01,3.086959891514e-04
4.970172072898e-03,1.402093101040e+01,4.923870456414e+00,4.451037928446e+05,1.508069114092e+03,2.785748504641e+01,3.081677797742e-04
4.970214491339e-03,1.401516672094e+01,4.921452679645e+00,4.457649570958e+05,1.507674329164e+03,2.786477958321e+01,3.076401407615e-04
4.970256863724e-03,1.400940009601e+01,4.919032976971e+00,4.464273794057e+05,1.507279390891e+03,2.787208077686e+01,3.071130732632e-04
4.970299190206e-03,1.400363111710e+01,4.916611339418e+00,4.470910645184e+05,1.506884298033e+03,2.787938865773e+01,3.065865755074e-04
4.970341470758e-03,1.399785979022e+01,4.914187768302e+00,4.477560143692e+05,1.506489051029e+03,2.788670322525e+01,3.060606479643e-04
4.970383705367e-03,1.399208611927e+01,4.911762264054e+00,4.484222311401e+05,1.506093650174e+03,2.789402448144e+01,3.055352909070e-04
4.970425894234e-03,1.398631007906e+01,4.909334814877e+00,4.490897203806e+05,1.505698093769e+03,2.790135246530e+01,3.050105019638e-04
4.970468037308e-03,1.398053167871e+01,4.906905423393e+00,4.497584836869e+05,1.505302382466e+03,2.790868717232e+01,3.044862818885e-04
4.970510134737e-03,1.397475090025e+01,4.904474080830e+00,4.504285257972e+05,1.504906515064e+03,2.791602863235e+01,3.039626289759e-04
4.970552186462e-03,1.396896775372e+01,4.902040790192e+00,4.510998482162e+05,1.504510492276e+03,2.792337683976e+01,3.034395440603e-04
4.970594192528e-03,1.396318223543e+01,4.899605548707e+00,4.517724540445e+05,1.504114313879e+03,2.793073180632e+01,3.029170267300e-04
4.970636153060e-03,1.395739433013e+01,4.897168348739e+00,4.524463477364e+05,1.503717978856e+03,2.793809355853e+01,3.023950755342e-04
4.970678068115e-03,1.395160403224e+01,4.894729186705e+00,4.531215326375e+05,1.503321486851e+03,2.794546211068e+01,3.018736898971e-04
4.970719937636e-03,1.394581135175e+01,4.892288065598e+00,4.537980102776e+05,1.502924838581e+03,2.795283745715e+01,3.013528706474e-04
4.970761761815e-03,1.394001626421e+01,4.889844973877e+00,4.544757862238e+05,1.502528032395e+03,2.796021963631e+01,3.008326155132e-04
4.970803540514e-03,1.393421879096e+01,4.887399919312e+00,4.551548606943e+05,1.502131069784e+03,2.796760862816e+01,3.003129263392e-04
4.970845273974e-03,1.392841890077e+01,4.884952887505e+00,4.558352400699e+05,1.501733948640e+03,2.797500447969e+01,2.997938002556e-04
4.970886962165e-03,1.392261659980e+01,4.882503879812e+00,4.565169263649e+05,1.501336669410e+03,2.798240719033e+01,2.992752377467e-04
4.970928605128e-03,1.391681188445e+01,4.880052893480e+00,4.571999227429e+05,1.500939231879e+03,2.798981677189e+01,2.987572384225e-04
4.970970202855e-03,1.391100475805e+01,4.877599928681e+00,4.578842315598e+05,1.500541636302e+03,2.799723322741e+01,2.982398025109e-04
4.971011755460e-03,1.390519520680e+01,4.875144978340e+00,4.585698572010e+05,1.500143881763e+03,2.800465658181e+01,2.977229287120e-04
4.971053263093e-03,1.389938321177e+01,4.872688033214e+00,4.592568046695e+05,1.499745966996e+03,2.801208686660e+01,2.972066152802e-04
4.971094725627e-03,1.389356879281e+01,4.870229100455e+00,4.599450743945e+05,1.499347893387e+03,2.801952406374e+01,2.966908639162e-04
4.971136143169e-03,1.388775193708e+01,4.867768173381e+00,4.606346706797e+05,1.498949660088e+03,2.802696819698e+01,2.961756734123e-04
4.971177515781e-03,1.388193263809e+01,4.865305248000e+00,4.613255970870e+05,1.498551266683e+03,2.803441928201e+01,2.956610431302e-04
4.971218843513e-03,1.387611089061e+01,4.862840320847e+00,4.620178570394e+05,1.498152712843e+03,2.804187733294e+01,2.951469725449e-04
4.971260126455e-03,1.387028668403e+01,4.860373386178e+00,4.627114546093e+05,1.497753997871e+03,2.804934237074e+01,2.946334606600e-04
4.971301364515e-03,1.386446003359e+01,4.857904449190e+00,4.634063908014e+05,1.497355122839e+03,2.805681438335e+01,2.941205087553e-04
4.971342557913e-03,1.385863091021e+01,4.855433496305e+00,4.641026719105e+05,1.496956085788e+03,2.806429341546e+01,2.936081142102e-04
4.971383706628e-03,1.385279931866e+01,4.852960528285e+00,4.648003002061e+05,1.496556887072e+03,2.807177946845e+01,2.930962773878e-04
4.971424810631e-03,1.384696526536e+01,4.850485546593e+00,4.654992777644e+05,1.496157527162e+03,2.807927254159e+01,2.925849987908e-04
4.971465870088e-03,1.384112872878e+01,4.848008540827e+00,4.661996100200e+05,1.495758004612e+03,2.808677267001e+01,2.920742764727e-04
4.971506884997e-03,1.383528971090e+01,4.845529510567e+00,4.669012995990e+05,1.495358319588e+03,2.809427985872e+01,2.915641105528e-04
4.971547855355e-03,1.382944821453e+01,4.843048455732e+00,4.676043490360e+05,1.494958472314e+03,2.810179411163e+01,2.910545012171e-04
4.971588781379e-03,1.382360421056e+01,4.840565362693e+00,4.683087647170e+05,1.494558460826e+03,2.810931547377e+01,2.905454458739e-04
4.971629662871e-03,1.381775772914e+01,4.838080242987e+00,4.690145458984e+05,1.494158287218e+03,2.811684391396e+01,2.900369470944e-04
4.971670500071e-03,1.381190873807e+01,4.835593081652e+00,4.697216993660e+05,1.493757949316e+03,2.812437948123e+01,2.895290020212e-04
4.971711292955e-03,1.380605724278e+01,4.833103879723e+00,4.704302273727e+05,1.493357447523e+03,2.813192217624e+01,2.890216110759e-04
4.971752041614e-03,1.380020323220e+01,4.830612631210e+00,4.711401341780e+05,1.492956781113e+03,2.813947202090e+01,2.885147732466e-04
4.971792745959e-03,1.379434672104e+01,4.828119341092e+00,4.718514209242e+05,1.492555951121e+03,2.814702900392e+01,2.880084897528e-04
4.971833406268e-03,1.378848767114e+01,4.825623991840e+00,4.725640951832e+05,1.492154954967e+03,2.815459318224e+01,2.875027572462e-04
4.971874022361e-03,1.378262611044e+01,4.823126594076e+00,4.732781565005e+05,1.491753794594e+03,2.816216452749e+01,2.869975780915e-04
4.971914594391e-03,1.377676201881e+01,4.820627137925e+00,4.739936102853e+05,1.491352468654e+03,2.816974307343e+01,2.864929504987e-04
4.971955122498e-03,1.377089537809e+01,4.818125614370e+00,4.747104617157e+05,1.490950975939e+03,2.817732885123e+01,2.859888728637e-04
4.971995606498e-03,1.376502621648e+01,4.815622034131e+00,4.754287103227e+05,1.490549318406e+03,2.818492183227e+01,2.854853475585e-04
4.972036046701e-03,1.375915449132e+01,4.813116377728e+00,4.761483643077e+05,1.490147493169e+03,2.819252207952e+01,2.849823708786e-04
4.972076442903e-03,1.375328023388e+01,4.810608657207e+00,4.768694228310e+05,1.489745502398e+03,2.820012956029e+01,2.844799454570e-04
4.972116795368e-03,1.374740340778e+01,4.808098855739e+00,4.775918933608e+05,1.489343343635e+03,2.820774432958e+01,2.839780681360e-04
4.972157104006e-03,1.374152402792e+01,4.805586978383e+00,4.783157770786e+05,1.488941017933e+03,2.821536637592e+01,2.834767401455e-04
4.972197368842e-03,1.373564209256e+01,4.803073023104e+00,4.790410772155e+05,1.488538525203e+03,2.822299570943e+01,2.829759612914e-04
4.972237590105e-03,1.372975757022e+01,4.800556975139e+00,4.797678006863e+05,1.488135863323e+03,2.823063237888e+01,2.824757288529e-04
4.972277767641e-03,1.372387048500e+01,4.798038843483e+00,4.804959475567e+05,1.487733033973e+03,2.823827636090e+01,2.819760448378e-04
4.972317901586e-03,1.371798081922e+01,4.795518619268e+00,4.812255230617e+05,1.487330035976e+03,2.824592768642e+01,2.814769077021e-04
4.972357992069e-03,1.371208855556e+01,4.792996293775e+00,4.819565324074e+05,1.486926868180e+03,2.825358638587e+01,2.809783159426e-04
4.972398038919e-03,1.370619372097e+01,4.790471877225e+00,4.826889753200e+05,1.486523532460e+03,2.826125243224e+01,2.804802717984e-04
4.972438042388e-03,1.370029628012e+01,4.787945353176e+00,4.834228592674e+05,1.486120026431e+03,2.826892587947e+01,2.799827722443e-04
4.972478002477e-03,1.369439623482e+01,4.785416721087e+00,4.841581871154e+05,1.485716350250e+03,2.827660673325e+01,2.794858174001e-04
4.972517919097e-03,1.368849360003e+01,4.782885986047e+00,4.848949600984e+05,1.485312504971e+03,2.828429498218e+01,2.789894084856e-04
4.972557792484e-03,1.368258834247e+01,4.780353132474e+00,4.856331854763e+05,1.484908488353e+03,2.829199067763e+01,2.784935426665e-04
4.972597622620e-03,1.367668046666e+01,4.777818160978e+00,4.863728658073e+05,1.484504300735e+03,2.829969382185e+01,2.779982202908e-04
4.972637409490e-03,1.367076997680e+01,4.775281072033e+00,4.871140036943e+05,1.484099942439e+03,2.830740441749e+01,2.775034416750e-04
4.972677153117e-03,1.366485687100e+01,4.772741863511e+00,4.878566025088e+05,1.483695413368e+03,2.831512247513e+01,2.770092066245e-04
4.972716853734e-03,1.365894111636e+01,4.770200519950e+00,4.886006695333e+05,1.483290711304e+03,2.832284804590e+01,2.765155123591e-04
4.972756511208e-03,1.365302273462e+01,4.767657049354e+00,4.893462051954e+05,1.482885837768e+03,2.833058110959e+01,2.760223606629e-04
4.972796125676e-03,1.364710170682e+01,4.765111442247e+00,4.900932150505e+05,1.482480791497e+03,2.833832169919e+01,2.755297499252e-04
4.972835697084e-03,1.364117804303e+01,4.762563701625e+00,4.908417010061e+05,1.482075573212e+03,2.834606980975e+01,2.750376809528e-04
4.972875225669e-03,1.363525170932e+01,4.760013811549e+00,4.915916705423e+05,1.481670180626e+03,2.835382549392e+01,2.745461508988e-04
4.972914711226e-03,1.362932273823e+01,4.757461784682e+00,4.923431227409e+05,1.481264615997e+03,2.836158871743e+01,2.740551624340e-04
4.972954154019e-03,1.362339109178e+01,4.754907603339e+00,4.930960656235e+05,1.480858876764e+03,2.836935953825e+01,2.735647123846e-04
4.972993553938e-03,1.361745678830e+01,4.752351274070e+00,4.938505000837e+05,1.480452964212e+03,2.837713794072e+01,2.730748022411e-04
4.973032911170e-03,1.361151980112e+01,4.749792784033e+00,4.946064327458e+05,1.480046876552e+03,2.838492396813e+01,2.725854297743e-04
4.973072225637e-03,1.360558014379e+01,4.747232137724e+00,4.953638651245e+05,1.479640614745e+03,2.839271761110e+01,2.720965960786e-04
4.973111497484e-03,1.359963779608e+01,4.744669325071e+00,4.961228030523e+05,1.479234177439e+03,2.840051890457e+01,2.716082994645e-04
4.973150726606e-03,1.359369277552e+01,4.742104352283e+00,4.968832475506e+05,1.478827565871e+03,2.840832783392e+01,2.711205413472e-04
4.973189913312e-03,1.358774503690e+01,4.739537198493e+00,4.976452076788e+05,1.478420776981e+03,2.841614446701e+01,2.706333179964e-04
4.973229057324e-03,1.358179462413e+01,4.736967881306e+00,4.984086810921e+05,1.478013813808e+03,2.842396875453e+01,2.701466329889e-04
4.973268158955e-03,1.357584149130e+01,4.734396379538e+00,4.991736769748e+05,1.477606673247e+03,2.843180076537e+01,2.696604825461e-04
4.973307218124e-03,1.356988565218e+01,4.731822697768e+00,4.999401968666e+05,1.477199356271e+03,2.843964048997e+01,2.691748677747e-04
4.973346234887e-03,1.356392710000e+01,4.729246831718e+00,5.007082449505e+05,1.476791862457e+03,2.844748794571e+01,2.686897881039e-04
4.973385209358e-03,1.355796581874e+01,4.726668773096e+00,5.014778266197e+05,1.476384190741e+03,2.845534316228e+01,2.682052422128e-04
4.973424141435e-03,1.355200182581e+01,4.724088528054e+00,5.022489429654e+05,1.475976342350e+03,2.846320612531e+01,2.677212314959e-04
4.973463031343e-03,1.354603508835e+01,4.721506081021e+00,5.030216015801e+05,1.475568315073e+03,2.847107688670e+01,2.672377532724e-04
4.973501879003e-03,1.354006561980e+01,4.718921436429e+00,5.037958040880e+05,1.475160109862e+03,2.847895543741e+01,2.667548086153e-04
4.973540684450e-03,1.353409341663e+01,4.716334591387e+00,5.045715543115e+05,1.474751726513e+03,2.848684179070e+01,2.662723972225e-04
4.973579447870e-03,1.352811845148e+01,4.713745532666e+00,5.053488591876e+05,1.474343163190e+03,2.849473599139e+01,2.657905168715e-04
4.973618169175e-03,1.352214073979e+01,4.711154265571e+00,5.061277201028e+05,1.473934420985e+03,2.850263802779e+01,2.653091687951e-04
4.973656848423e-03,1.351616027382e+01,4.708560785379e+00,5.069081414636e+05,1.473525499406e+03,2.851054791883e+01,2.648283523573e-04
4.973695485695e-03,1.351017704279e+01,4.705965086024e+00,5.076901280937e+05,1.473116397748e+03,2.851846568756e+01,2.643480666771e-04
4.973734081105e-03,1.350419103055e+01,4.703367159122e+00,5.084736855291e+05,1.472707114947e+03,2.852639136408e+01,2.638683104524e-04
4.973772634549e-03,1.349820225453e+01,4.700767010844e+00,5.092588149275e+05,1.472297652228e+03,2.853432493417e+01,2.633890850694e-04
4.973811146143e-03,1.349221069838e+01,4.698164632713e+00,5.100455218755e+05,1.471888008512e+03,2.854226642824e+01,2.629103892091e-04
4.973849615982e-03,1.348621634877e+01,4.695560017542e+00,5.108338115859e+05,1.471478182922e+03,2.855021587285e+01,2.624322217994e-04
4.973888044015e-03,1.348021921509e+01,4.692953168022e+00,5.116236862936e+05,1.471068176138e+03,2.855817326441e+01,2.619545835828e-04
4.973926430370e-03,1.347421927889e+01,4.690344074735e+00,5.124151519112e+05,1.470657986935e+03,2.856613863629e+01,2.614774730822e-04
4.973964775039e-03,1.346821654279e+01,4.687732737431e+00,5.132082115855e+05,1.470247615529e+03,2.857411199396e+01,2.610008905026e-04
4.974003078042e-03,1.346221100516e+01,4.685119153996e+00,5.140028690366e+05,1.469837061845e+03,2.858209334849e+01,2.605248357063e-04
4.974041339568e-03,1.345620263772e+01,4.682503310724e+00,5.147991315248e+05,1.469426323987e+03,2.859008274647e+01,2.600493064503e-04
4.974079559508e-03,1.345019145906e+01,4.679885214301e+00,5.155970001160e+05,1.469015403264e+03,2.859808017217e+01,2.595743042047e-04
4.974117737988e-03,1.344417745082e+01,4.677264855337e+00,5.163964807839e+05,1.468604298459e+03,2.860608565902e+01,2.590998275174e-04
4.974155874963e-03,1.343816062158e+01,4.674642236153e+00,5.171975759419e+05,1.468193010192e+03,2.861409920470e+01,2.586258770609e-04
4.974193970565e-03,1.343214095170e+01,4.672017346783e+00,5.180002917658e+05,1.467781537162e+03,2.862212084439e+01,2.581524512869e-04
4.974232024820e-03,1.342611843843e+01,4.669390184621e+00,5.188046321972e+05,1.467369879217e+03,2.863015059087e+01,2.576795499821e-04
4.974270037798e-03,1.342009307223e+01,4.666760744082e+00,5.196106021008e+05,1.466958035745e+03,2.863818846598e+01,2.572071723986e-04
4.974308009455e-03,1.341406486152e+01,4.664129027439e+00,5.204182039449e+05,1.466546007358e+03,2.864623446763e+01,2.567353192000e-04
4.974345939925e-03,1.340803378611e+01,4.661495024448e+00,5.212274440485e+05,1.466133792712e+03,2.865428863198e+01,2.562639888061e-04
4.974383829244e-03,1.340199984168e+01,4.658858731806e+00,5.220383266137e+05,1.465721391554e+03,2.866235097399e+01,2.557931808866e-04
4.974421677388e-03,1.339596303347e+01,4.656220150388e+00,5.228508545695e+05,1.465308804278e+03,2.867042149588e+01,2.553228958555e-04
4.974459484427e-03,1.338992335157e+01,4.653579274430e+00,5.236650328974e+05,1.464896030246e+03,2.867850022014e+01,2.548531329422e-04
4.974497250450e-03,1.338388078323e+01,4.650936096938e+00,5.244808669732e+05,1.464483068626e+03,2.868658717311e+01,2.543838911634e-04
4.974534975489e-03,1.337783532443e+01,4.648290614726e+00,5.252983610126e+05,1.464069919181e+03,2.869468236948e+01,2.539151702157e-04
4.974572659557e-03,1.337178697444e+01,4.645642826038e+00,5.261175187989e+05,1.463656581901e+03,2.870278581957e+01,2.534469700503e-04
4.974610302684e-03,1.336573572971e+01,4.642992727897e+00,5.269383445061e+05,1.463243056582e+03,2.871089753750e+01,2.529792904006e-04
4.974647905038e-03,1.335968156449e+01,4.640340307583e+00,5.277608453382e+05,1.462829341503e+03,2.871901756717e+01,2.525121292879e-04
4.974685466458e-03,1.335362450602e+01,4.637685575606e+00,5.285850213121e+05,1.462415438566e+03,2.872714588145e+01,2.520454888261e-04
4.974722987212e-03,1.334756451233e+01,4.635028512121e+00,5.294108818741e+05,1.462001344943e+03,2.873528254611e+01,2.515793657916e-04
4.974760467134e-03,1.334150161126e+01,4.632369127898e+00,5.302384269758e+05,1.461587062574e+03,2.874342753324e+01,2.511137623397e-04
4.974797906408e-03,1.333543577466e+01,4.629707409155e+00,5.310676642137e+05,1.461172589576e+03,2.875158089016e+01,2.506486763211e-04
4.974835304995e-03,1.332936700972e+01,4.627043357598e+00,5.318985963774e+05,1.460757926480e+03,2.875974261671e+01,2.501841083003e-04
4.974872663050e-03,1.332329529247e+01,4.624376961254e+00,5.327312305338e+05,1.460343071689e+03,2.876791275471e+01,2.497200564588e-04
4.974909980502e-03,1.331722063585e+01,4.621708224367e+00,5.335655687022e+05,1.459928026128e+03,2.877609129627e+01,2.492565218040e-04
4.974947257510e-03,1.331114301510e+01,4.619037134601e+00,5.344016180952e+05,1.459512788144e+03,2.878427828437e+01,2.487935024637e-04
4.974984493895e-03,1.330506246044e+01,4.616363703791e+00,5.352393783737e+05,1.459097359843e+03,2.879247368793e+01,2.483310007555e-04
4.975021689968e-03,1.329897892242e+01,4.613687908738e+00,5.360788601853e+05,1.458681737888e+03,2.880067758323e+01,2.478690129346e-04
4.975058845630e-03,1.329289241828e+01,4.611009755570e+00,5.369200650005e+05,1.458265923495e+03,2.880888995676e+01,2.474075403340e-04
4.975095960950e-03,1.328680293787e+01,4.608329238361e+00,5.377629980814e+05,1.457849916013e+03,2.881711083188e+01,2.469465822034e-04
4.975133036026e-03,1.328071046627e+01,4.605646349082e+00,5.386076653690e+05,1.457433714465e+03,2.882534023852e+01,2.464861374367e-04
4.975170070758e-03,1.327461502097e+01,4.602961093977e+00,5.394540683224e+05,1.457017320086e+03,2.883357816278e+01,2.460262073769e-04
4.975207065325e-03,1.326851657352e+01,4.600273459047e+00,5.403022147908e+05,1.456600730974e+03,2.884182465292e+01,2.455667898987e-04
4.975244019719e-03,1.326241512648e+01,4.597583443954e+00,5.411521083329e+05,1.456183947345e+03,2.885007971535e+01,2.451078852204e-04
4.975280933985e-03,1.325631067336e+01,4.594891044368e+00,5.420037537777e+05,1.455766968797e+03,2.885834336865e+01,2.446494928785e-04
4.975317808158e-03,1.325020320967e+01,4.592196256839e+00,5.428571556910e+05,1.455349795065e+03,2.886661562883e+01,2.441916125607e-04
4.975354642303e-03,1.324409272545e+01,4.589499075499e+00,5.437123194169e+05,1.454932425512e+03,2.887489651924e+01,2.437342435469e-04
4.975391436529e-03,1.323797920385e+01,4.586799491433e+00,5.445692512831e+05,1.454514859028e+03,2.888318607272e+01,2.432773846065e-04
4.975428190672e-03,1.323186267290e+01,4.584097515549e+00,5.454279513370e+05,1.454097097570e+03,2.889148426119e+01,2.428210378613e-04
4.975464904962e-03,1.322574309555e+01,4.581393129997e+00,5.462884287723e+05,1.453679138650e+03,2.889979114491e+01,2.423652005722e-04
4.975501579428e-03,1.321962046804e+01,4.578686331636e+00,5.471506881274e+05,1.453260982053e+03,2.890810673906e+01,2.419098724935e-04
4.975538214048e-03,1.321349479476e+01,4.575977120924e+00,5.480147328042e+05,1.452842628122e+03,2.891643104770e+01,2.414550539836e-04
4.975574808903e-03,1.320736606332e+01,4.573265490900e+00,5.488805685840e+05,1.452424076054e+03,2.892476409776e+01,2.410007441546e-04
4.975611363965e-03,1.320123427941e+01,4.570551442593e+00,5.497481987102e+05,1.452005326281e+03,2.893310589161e+01,2.405469434585e-04
4.975647879399e-03,1.319509941624e+01,4.567834962659e+00,5.506176310348e+05,1.451586377017e+03,2.894145647583e+01,2.400936499475e-04
4.975684355105e-03,1.318896149158e+01,4.565116057474e+00,5.514888671160e+05,1.451167229515e+03,2.894981583646e+01,2.396408649681e-04
4.975720791295e-03,1.318282047084e+01,4.562394710220e+00,5.523619159542e+05,1.450747881459e+03,2.895818403079e+01,2.391885860042e-04
4.975757187840e-03,1.317667637638e+01,4.559670929322e+00,5.532367784721e+05,1.450328334420e+03,2.896656103857e+01,2.387368147410e-04
4.975793544957e-03,1.317052917261e+01,4.556944697499e+00,5.541134638566e+05,1.449908586012e+03,2.897494691859e+01,2.382855485987e-04
4.975829862471e-03,1.316437889030e+01,4.554216026902e+00,5.549919718505e+05,1.449488638378e+03,2.898334163918e+01,2.378347898732e-04
4.975866140670e-03,1.315822548112e+01,4.551484894583e+00,5.558723135046e+05,1.449068488262e+03,2.899174527664e+01,2.373845350604e-04
4.975902379350e-03,1.315206898070e+01,4.548751314865e+00,5.567544878784e+05,1.448648138143e+03,2.900015779264e+01,2.369347868092e-04
4.975938578865e-03,1.314590932987e+01,4.546015259959e+00,5.576385076311e+05,1.448227584023e+03,2.900857927847e+01,2.364855408388e-04
4.975974738881e-03,1.313974658626e+01,4.543276753970e+00,5.585243686768e+05,1.447806829884e+03,2.901700966570e+01,2.360368013955e-04
4.976010859710e-03,1.313358069751e+01,4.540535772115e+00,5.594120827450e+05,1.447385872193e+03,2.902544903644e+01,2.355885647034e-04
4.976046941316e-03,1.312741167063e+01,4.537792316005e+00,5.603016530448e+05,1.446964711475e+03,2.903389739153e+01,2.351408313200e-04
4.976082983695e-03,1.312123950723e+01,4.535046384842e+00,5.611930835767e+05,1.446543347885e+03,2.904235473930e+01,2.346936014043e-04
4.976118986988e-03,1.311506418364e+01,4.532297966586e+00,5.620863820053e+05,1.446121779852e+03,2.905082112273e+01,2.342468732875e-04
4.976154951227e-03,1.310888569535e+01,4.529547057708e+00,5.629815532498e+05,1.445700007113e+03,2.905929655859e+01,2.338006466930e-04
4.976190876261e-03,1.310270406924e+01,4.526793668663e+00,5.638785976879e+05,1.445278031547e+03,2.906778102060e+01,2.333549236053e-04
4.976226762371e-03,1.309651925742e+01,4.524037776606e+00,5.647775265568e+05,1.444855849934e+03,2.907627458506e+01,2.329097006174e-04
4.976262609556e-03,1.309033126099e+01,4.521279380497e+00,5.656783440101e+05,1.444433462392e+03,2.908477726121e+01,2.324649778623e-04
4.976298417765e-03,1.308414008939e+01,4.518518483028e+00,5.665810529925e+05,1.444010869615e+03,2.909328904672e+01,2.320207560690e-04
4.976334187081e-03,1.307794572918e+01,4.515755076676e+00,5.674856598000e+05,1.443588070728e+03,2.910180997082e+01,2.315770343210e-04
4.976369917507e-03,1.307174818031e+01,4.512989159893e+00,5.683921687898e+05,1.443165065773e+03,2.911034004436e+01,2.311338126644e-04
4.976405609220e-03,1.306554741289e+01,4.510220717814e+00,5.693005886998e+05,1.442741852760e+03,2.911887931923e+01,2.306910890169e-04
4.976441262150e-03,1.305934343998e+01,4.507449754738e+00,5.702109220021e+05,1.442318432624e+03,2.912742778831e+01,2.302488643668e-04
4.976476876309e-03,1.305313625967e+01,4.504676268279e+00,5.711231733708e+05,1.441894805284e+03,2.913598546504e+01,2.298071386294e-04
4.976512451779e-03,1.304692585892e+01,4.501900251077e+00,5.720373491332e+05,1.441470969895e+03,2.914455237831e+01,2.293659109291e-04
4.976547988678e-03,1.304071221731e+01,4.499121692468e+00,5.729534567243e+05,1.441046925112e+03,2.915312856720e+01,2.289251798739e-04
4.976583486984e-03,1.303449533963e+01,4.496340593057e+00,5.738714998834e+05,1.440622671308e+03,2.916171403606e+01,2.284849458635e-04
4.976618946715e-03,1.302827522304e+01,4.493556950036e+00,5.747914834868e+05,1.440198208337e+03,2.917030879982e+01,2.280452087546e-04
4.976654367917e-03,1.302205186034e+01,4.490770758636e+00,5.757134130747e+05,1.439773535755e+03,2.917891287943e+01,2.276059680943e-04
4.976689750643e-03,1.301582524278e+01,4.487982013402e+00,5.766372944308e+05,1.439348653013e+03,2.918752629803e+01,2.271672233246e-04
4.976725094993e-03,1.300959535321e+01,4.485190705106e+00,5.775631346072e+05,1.438923558990e+03,2.919614909042e+01,2.267289732997e-04
4.976760400937e-03,1.300336219751e+01,4.482396834831e+00,5.784909372544e+05,1.438498254133e+03,2.920478125962e+01,2.262912184958e-04
4.976795668457e-03,1.299712577957e+01,4.479600402782e+00,5.794207063250e+05,1.438072738757e+03,2.921342281134e+01,2.258539592455e-04
4.976830897777e-03,1.299088606024e+01,4.476801389848e+00,5.803524522111e+05,1.437647010240e+03,2.922207381104e+01,2.254171928681e-04
4.976866088795e-03,1.298464305815e+01,4.473999802831e+00,5.812861767041e+05,1.437221069899e+03,2.923073424415e+01,2.249809207342e-04
4.976901241633e-03,1.297839675198e+01,4.471195630615e+00,5.822218875756e+05,1.436794916332e+03,2.923940415144e+01,2.245451414204e-04
4.976936356171e-03,1.297214716392e+01,4.468388881605e+00,5.831595861018e+05,1.436368551099e+03,2.924808351342e+01,2.241098565373e-04
4.976971432666e-03,1.296589424838e+01,4.465579533768e+00,5.840992837401e+05,1.435941971140e+03,2.925677240469e+01,2.236750629755e-04
4.977006471070e-03,1.295963801448e+01,4.462767589640e+00,5.850409837585e+05,1.435515177127e+03,2.926547082398e+01,2.232407614417e-04
4.977041471386e-03,1.295337846212e+01,4.459953047614e+00,5.859846908222e+05,1.435088169102e+03,2.927417878281e+01,2.228069519966e-04
4.977076433669e-03,1.294711558203e+01,4.457135901967e+00,5.869304109921e+05,1.434660946482e+03,2.928289630547e+01,2.223736340669e-04
4.977111358032e-03,1.294084935425e+01,4.454316142151e+00,5.878781519689e+05,1.434233507956e+03,2.929162343123e+01,2.219408063432e-04
4.977146244421e-03,1.293457978903e+01,4.451493771213e+00,5.888279169025e+05,1.433805854273e+03,2.930036015729e+01,2.215084696062e-04
4.977181092879e-03,1.292830687914e+01,4.448668784332e+00,5.897797116025e+05,1.433377984990e+03,2.930910650525e+01,2.210766234266e-04
4.977215903603e-03,1.292203058923e+01,4.445841164016e+00,5.907335461688e+05,1.432949897748e+03,2.931786253596e+01,2.206452654478e-04
4.977250676414e-03,1.291575095213e+01,4.443010923482e+00,5.916894203651e+05,1.432521594834e+03,2.932662821523e+01,2.202143980008e-04
4.977285411524e-03,1.290946792967e+01,4.440178043961e+00,5.926473447648e+05,1.432093073697e+03,2.933540360796e+01,2.197840185423e-04
4.977320108783e-03,1.290318154978e+01,4.437342536466e+00,5.936073198948e+05,1.431664336293e+03,2.934418868681e+01,2.193541290582e-04
4.977354768503e-03,1.289689175590e+01,4.434504373911e+00,5.945693591939e+05,1.431235378814e+03,2.935298354253e+01,2.189247257598e-04
4.977389390515e-03,1.289059857927e+01,4.431663568815e+00,5.955334627052e+05,1.430806203444e+03,2.936178814318e+01,2.184958108623e-04
4.977423974835e-03,1.288430201712e+01,4.428820118348e+00,5.964996356840e+05,1.430376810045e+03,2.937060250439e+01,2.180673842496e-04
4.977458521738e-03,1.287800201955e+01,4.425973998397e+00,5.974678906413e+05,1.429947195266e+03,2.937942670781e+01,2.176394426100e-04
4.977493031049e-03,1.287169861915e+01,4.423125222093e+00,5.984382274452e+05,1.429517361381e+03,2.938826071969e+01,2.172119882408e-04
4.977527502816e-03,1.286539180692e+01,4.420273783793e+00,5.994106523617e+05,1.429087307829e+03,2.939710456448e+01,2.167850206095e-04
4.977561937224e-03,1.285908154982e+01,4.417419666966e+00,6.003851753944e+05,1.428657032407e+03,2.940595830046e+01,2.163585375623e-04
4.977596334219e-03,1.285276785745e+01,4.414562874374e+00,6.013617999834e+05,1.428226535825e+03,2.941482192611e+01,2.159325398369e-04
4.977630693796e-03,1.284645073133e+01,4.411703405109e+00,6.023405308339e+05,1.427795818238e+03,2.942369545128e+01,2.155070276170e-04
4.977665016085e-03,1.284013014747e+01,4.408841246726e+00,6.033213766201e+05,1.427364878062e+03,2.943257892169e+01,2.150819993722e-04
4.977699301043e-03,1.283380611428e+01,4.405976401437e+00,6.043043410131e+05,1.426933715927e+03,2.944147233757e+01,2.146574557539e-04
4.977733548829e-03,1.282747860230e+01,4.403108854306e+00,6.052894335864e+05,1.426502329875e+03,2.945037575246e+01,2.142333948736e-04
4.977767759340e-03,1.282114763100e+01,4.400238612556e+00,6.062766563231e+05,1.426070721287e+03,2.945928915113e+01,2.138098181240e-04
4.977801932836e-03,1.281481315216e+01,4.397365652730e+00,6.072660217739e+05,1.425638886930e+03,2.946821261364e+01,2.133867223726e-04
4.977836068962e-03,1.280847523198e+01,4.394490003255e+00,6.082575246451e+05,1.425206831369e+03,2.947714605895e+01,2.129641121269e-04
4.977870168192e-03,1.280213378245e+01,4.391611622598e+00,6.092511837688e+05,1.424774548661e+03,2.948608962332e+01,2.125419816072e-04
4.977904230383e-03,1.279578883013e+01,4.388730521216e+00,6.102470000748e+05,1.424342040669e+03,2.949504328163e+01,2.121203326831e-04
4.977938255431e-03,1.278944039471e+01,4.385846706442e+00,6.112449755728e+05,1.423909308792e+03,2.950400701840e+01,2.116991667493e-04
4.977972243652e-03,1.278308841706e+01,4.382960149813e+00,6.122451246791e+05,1.423476349051e+03,2.951298092947e+01,2.112784799779e-04
4.978006194891e-03,1.277673292630e+01,4.380070862954e+00,6.132474479527e+05,1.423043163488e+03,2.952196498613e+01,2.108582743958e-04
4.978040109237e-03,1.277037390604e+01,4.377178836812e+00,6.142519531334e+05,1.422609751040e+03,2.953095922397e+01,2.104385490132e-04
4.978073986742e-03,1.276401134620e+01,4.374284065186e+00,6.152586469942e+05,1.422176111075e+03,2.953996366975e+01,2.100193032606e-04
4.978107827503e-03,1.275764522883e+01,4.371386538303e+00,6.162675375724e+05,1.421742242425e+03,2.954897836139e+01,2.096005360568e-04
4.978141631452e-03,1.275127556655e+01,4.368486260294e+00,6.172786280844e+05,1.421308146006e+03,2.955800329357e+01,2.091822483315e-04
4.978175398690e-03,1.274490234030e+01,4.365583220863e+00,6.182919267906e+05,1.420873820575e+03,2.956703850590e+01,2.087644389309e-04
4.978209129192e-03,1.273852555484e+01,4.362677420572e+00,6.193074381841e+05,1.420439266513e+03,2.957608400424e+01,2.083471082675e-04
4.978242823072e-03,1.273214518857e+01,4.359768847956e+00,6.203251709785e+05,1.420004482404e+03,2.958513983190e+01,2.079302550275e-04
4.978276480393e-03,1.272576122957e+01,4.356857495961e+00,6.213451323706e+05,1.419569467492e+03,2.959420601855e+01,2.075138785380e-04
4.978310101179e-03,1.271937367310e+01,4.353943360809e+00,6.223673284324e+05,1.419134221510e+03,2.960328258369e+01,2.070979785974e-04
4.978343685287e-03,1.271298254628e+01,4.351026453252e+00,6.233917601498e+05,1.418698746363e+03,2.961236950155e+01,2.066825570710e-04
4.978377233044e-03,1.270658778658e+01,4.348106743134e+00,6.244184428948e+05,1.418263037848e+03,2.962146687387e+01,2.062676099999e-04
4.978410744268e-03,1.270018942875e+01,4.345184244691e+00,6.254473764625e+05,1.417827098390e+03,2.963057466408e+01,2.058531397472e-04
4.978444219177e-03,1.269378743120e+01,4.342258937303e+00,6.264785729312e+05,1.417390925213e+03,2.963969294432e+01,2.054391437271e-04
4.978477657609e-03,1.268738182420e+01,4.339330833179e+00,6.275120328335e+05,1.416954520437e+03,2.964882168439e+01,2.050256240053e-04
4.978511059817e-03,1.268097255958e+01,4.336399908673e+00,6.285477693704e+05,1.416517880839e+03,2.965796096596e+01,2.046125775819e-04
4.978544425677e-03,1.267455966091e+01,4.333466172929e+00,6.295857841868e+05,1.416081008081e+03,2.966711076848e+01,2.042000060879e-04
4.978577755269e-03,1.266814311231e+01,4.330529617056e+00,6.306260853192e+05,1.415643901141e+03,2.967627112766e+01,2.037879086100e-04
4.978611048660e-03,1.266172290083e+01,4.327590233498e+00,6.316686803563e+05,1.415206559193e+03,2.968544207511e+01,2.033762844295e-04
4.978644305895e-03,1.265529901774e+01,4.324648016625e+00,6.327135762276e+05,1.414768981705e+03,2.969462363645e+01,2.029651331010e-04
4.978677527023e-03,1.264887145293e+01,4.321702960169e+00,6.337607801113e+05,1.414331168044e+03,2.970381583937e+01,2.025544540935e-04
4.978710712041e-03,1.264244020679e+01,4.318755062680e+00,6.348102974934e+05,1.413893118298e+03,2.971301869651e+01,2.021442475488e-04
4.978743860916e-03,1.263600528563e+01,4.315804325411e+00,6.358621329134e+05,1.413454832956e+03,2.972223221214e+01,2.017345139807e-04
4.978776973880e-03,1.262956664413e+01,4.312850725942e+00,6.369162993726e+05,1.413016308990e+03,2.973145646446e+01,2.013252506214e-04
4.978810050821e-03,1.262312430354e+01,4.309894272390e+00,6.379727990048e+05,1.412577547909e+03,2.974069143640e+01,2.009164589441e-04
4.978843091802e-03,1.261667825128e+01,4.306934957331e+00,6.390316395093e+05,1.412138548913e+03,2.974993715945e+01,2.005081382650e-04
4.978876096976e-03,1.261022845707e+01,4.303972765235e+00,6.400928315128e+05,1.411699310004e+03,2.975919369044e+01,2.001002867917e-04
4.978909066196e-03,1.260377494947e+01,4.301007707565e+00,6.411563759972e+05,1.411259833183e+03,2.976846100194e+01,1.996929064498e-04
4.978941999622e-03,1.259731769653e+01,4.298039768008e+00,6.422222839189e+05,1.410820116340e+03,2.977773915331e+01,1.992859953431e-04
4.978974897275e-03,1.259085669410e+01,4.295068943005e+00,6.432905616859e+05,1.410380159250e+03,2.978702816413e+01,1.988795533342e-04
4.979007759095e-03,1.258439195307e+01,4.292095235931e+00,6.443612132298e+05,1.409939962718e+03,2.979632803230e+01,1.984735812304e-04
4.979040585354e-03,1.257792341971e+01,4.289118620412e+00,6.454342532168e+05,1.409499523146e+03,2.980563884885e+01,1.980680757842e-04
4.979073375848e-03,1.257145113374e+01,4.286139113081e+00,6.465096808422e+05,1.409058843300e+03,2.981496057031e+01,1.976630396144e-04
4.979106130775e-03,1.256497505571e+01,4.283156694132e+00,6.475875084632e+05,1.408617920557e+03,2.982429326725e+01,1.972584703781e-04
4.979138849991e-03,1.255849521343e+01,4.280171374724e+00,6.486677372750e+05,1.408176756871e+03,2.983363691340e+01,1.968543699384e-04
4.979171533816e-03,1.255201154313e+01,4.277183123823e+00,6.497503837592e+05,1.407735347963e+03,2.984299161453e+01,1.964507344491e-04
4.979204182018e-03,1.254552409017e+01,4.274191960681e+00,6.508354462154e+05,1.407293696984e+03,2.985235731914e+01,1.960475668663e-04
4.979236794752e-03,1.253903282311e+01,4.271197869159e+00,6.519229357860e+05,1.406851801857e+03,2.986173408648e+01,1.956448653640e-04
4.979269372037e-03,1.253253773805e+01,4.268200845804e+00,6.530128590398e+05,1.406409662380e+03,2.987112193617e+01,1.952426298320e-04
4.979301914040e-03,1.252603880060e+01,4.265200873086e+00,6.541052276899e+05,1.405967276275e+03,2.988052093196e+01,1.948408582781e-04
4.979334420485e-03,1.251953606568e+01,4.262197974707e+00,6.552000384599e+05,1.405524647345e+03,2.988993100848e+01,1.944395542283e-04
4.979366891817e-03,1.251302944317e+01,4.259192107396e+00,6.562973125041e+05,1.405081769518e+03,2.989935231026e+01,1.940387122571e-04
4.979399327745e-03,1.250651899118e+01,4.256183296328e+00,6.573970460343e+05,1.404638646812e+03,2.990878476736e+01,1.936383360835e-04
4.979431728380e-03,1.250000468670e+01,4.253171529227e+00,6.584992489532e+05,1.404195277728e+03,2.991822842727e+01,1.932384244235e-04
4.979464093900e-03,1.249348649333e+01,4.250156787604e+00,6.596039334702e+05,1.403751659852e+03,2.992768335698e+01,1.928389751828e-04
4.979496424186e-03,1.248696443396e+01,4.247139080379e+00,6.607111017828e+05,1.403307794806e+03,2.993714953763e+01,1.924399899038e-04
4.979528719395e-03,1.248043847665e+01,4.244118391117e+00,6.618207654069e+05,1.402863680483e+03,2.994662702990e+01,1.920414667729e-04
4.979560979514e-03,1.247390862293e+01,4.241094718864e+00,6.629329302037e+05,1.402419317051e+03,2.995611584596e+01,1.916434060275e-04
4.979593204533e-03,1.246737487432e+01,4.238068062660e+00,6.640476020555e+05,1.401974704681e+03,2.996561599804e+01,1.912458079001e-04
4.979625394518e-03,1.246083721665e+01,4.235038414285e+00,6.651647895398e+05,1.401529842472e+03,2.997512752120e+01,1.908486716701e-04
4.979657549554e-03,1.245429563174e+01,4.232005763646e+00,6.662845019555e+05,1.401084729254e+03,2.998465045644e+01,1.904519963771e-04
4.979689669659e-03,1.244775011524e+01,4.228970107067e+00,6.674067462584e+05,1.400639364798e+03,2.999418482464e+01,1.900557819057e-04
4.979721754822e-03,1.244120066868e+01,4.225931443586e+00,6.685315284249e+05,1.400193749273e+03,3.000373063825e+01,1.896600284923e-04
4.979753805189e-03,1.243464726106e+01,4.222889757159e+00,6.696588600375e+05,1.399747880637e+03,3.001328795707e+01,1.892647344134e-04
4.979785820627e-03,1.242808991914e+01,4.219845058538e+00,6.707887427774e+05,1.399301760779e+03,3.002285675683e+01,1.888699014297e-04
4.979817801281e-03,1.242152861211e+01,4.216797331759e+00,6.719211882533e+05,1.398855387669e+03,3.003243709717e+01,1.884755278320e-04
4.979849747248e-03,1.241496331919e+01,4.213746565495e+00,6.730562063902e+05,1.398408759962e+03,3.004202902331e+01,1.880816125245e-04
4.979881658503e-03,1.240839404462e+01,4.210692760044e+00,6.741938028155e+05,1.397961878013e+03,3.005163254393e+01,1.876881559156e-04
4.979913535035e-03,1.240182078969e+01,4.207635914345e+00,6.753339836823e+05,1.397514741980e+03,3.006124767201e+01,1.872951582343e-04
4.979945376841e-03,1.239524355416e+01,4.204576026621e+00,6.764767554311e+05,1.397067351912e+03,3.007087442287e+01,1.869026196138e-04
4.979977184216e-03,1.238866227599e+01,4.201513066330e+00,6.776221352775e+05,1.396619703660e+03,3.008051290232e+01,1.865105365091e-04
4.980008956926e-03,1.238207700263e+01,4.198447053887e+00,6.787701214222e+05,1.396171800517e+03,3.009016305598e+01,1.861189119059e-04
4.980040695104e-03,1.237548770576e+01,4.195377974442e+00,6.799207252735e+05,1.395723640629e+03,3.009982494039e+01,1.857277442730e-04
4.980072398787e-03,1.236889437650e+01,4.192305822189e+00,6.810739548870e+05,1.395275223461e+03,3.010949858374e+01,1.853370332400e-04
4.980104068074e-03,1.236229699305e+01,4.189230585291e+00,6.822298206100e+05,1.394826547599e+03,3.011918403322e+01,1.849467776755e-04
4.980135702822e-03,1.235569558430e+01,4.186152275547e+00,6.833883239320e+05,1.394377615078e+03,3.012888126169e+01,1.845569794456e-04
4.980167303300e-03,1.234909009306e+01,4.183070864621e+00,6.845494814665e+05,1.393928422081e+03,3.013859036840e+01,1.841676353340e-04
4.980198869428e-03,1.234248053474e+01,4.179986358022e+00,6.857132971180e+05,1.393478969723e+03,3.014831134613e+01,1.837787464147e-04
4.980230401187e-03,1.233586691246e+01,4.176898755538e+00,6.868797769637e+05,1.393029258290e+03,3.015804420565e+01,1.833903130310e-04
4.980261898668e-03,1.232924920575e+01,4.173808045939e+00,6.880489312682e+05,1.392579286459e+03,3.016778899255e+01,1.830023341410e-04
4.980293361975e-03,1.232262739169e+01,4.170714216844e+00,6.892207707671e+05,1.392129052742e+03,3.017754575611e+01,1.826148085676e-04
4.980324791098e-03,1.231600147146e+01,4.167617267131e+00,6.903953019625e+05,1.391678557292e+03,3.018731451015e+01,1.822277365492e-04
4.980356186001e-03,1.230937145082e+01,4.164517197823e+00,6.915725305654e+05,1.391227800572e+03,3.019709526178e+01,1.818411185869e-04
4.980387546747e-03,1.230273731582e+01,4.161414000723e+00,6.927524658089e+05,1.390776781707e+03,3.020688804719e+01,1.814549540305e-04
4.980418873522e-03,1.229609902566e+01,4.158307655069e+00,6.939351217419e+05,1.390325497994e+03,3.021669294238e+01,1.810692406774e-04
4.980450166241e-03,1.228945659712e+01,4.155198167032e+00,6.951205021965e+05,1.389873950648e+03,3.022650993833e+01,1.806839796764e-04
4.980481424847e-03,1.228281004082e+01,4.152085539921e+00,6.963086121084e+05,1.389422140462e+03,3.023633903514e+01,1.802991718109e-04
4.980512649538e-03,1.227615931379e+01,4.148969751935e+00,6.974994660251e+05,1.388970064590e+03,3.024618031219e+01,1.799148147625e-04
4.980543840274e-03,1.226950442265e+01,4.145850804498e+00,6.986930696593e+05,1.388517723555e+03,3.025603377566e+01,1.795309090884e-04
4.980574997220e-03,1.226284533122e+01,4.142728678974e+00,6.998894364274e+05,1.388065114970e+03,3.026589949512e+01,1.791474528797e-04
4.980606120101e-03,1.225618209668e+01,4.139603400506e+00,7.010885629974e+05,1.387612242797e+03,3.027577740183e+01,1.787644496007e-04
4.980637209243e-03,1.224951464816e+01,4.136474934179e+00,7.022904690943e+05,1.387159102292e+03,3.028566761693e+01,1.783818953486e-04
4.980668264667e-03,1.224284297953e+01,4.133343275436e+00,7.034951628358e+05,1.386705693115e+03,3.029557016569e+01,1.779997899560e-04
4.980699286198e-03,1.223616712676e+01,4.130208439491e+00,7.047026447532e+05,1.386252017784e+03,3.030548501089e+01,1.776181356588e-04
4.980730274096e-03,1.222948703294e+01,4.127070397942e+00,7.059129321974e+05,1.385798072507e+03,3.031541225329e+01,1.772369293795e-04
4.980761228368e-03,1.222280269467e+01,4.123929147519e+00,7.071260328764e+05,1.385343857129e+03,3.032535191426e+01,1.768561711118e-04
4.980792148857e-03,1.221611414471e+01,4.120784701946e+00,7.083419479549e+05,1.384889373952e+03,3.033530396142e+01,1.764758628993e-04
4.980823035806e-03,1.220942132847e+01,4.117637033883e+00,7.095606944962e+05,1.384434619342e+03,3.034526849239e+01,1.760960018171e-04
4.980853889188e-03,1.220272425093e+01,4.114486143993e+00,7.107822787698e+05,1.383979593714e+03,3.035524551623e+01,1.757165883345e-04
4.980884709035e-03,1.219602290289e+01,4.111332026283e+00,7.120067096506e+05,1.383524296520e+03,3.036523506317e+01,1.753376221161e-04
4.980915495359e-03,1.218931728051e+01,4.108174677268e+00,7.132339950685e+05,1.383068727576e+03,3.037523715552e+01,1.749591031290e-04
4.980946248207e-03,1.218260737217e+01,4.105014089802e+00,7.144641444055e+05,1.382612886169e+03,3.038525182723e+01,1.745810309022e-04
4.980976967719e-03,1.217589314522e+01,4.101850246832e+00,7.156971709371e+05,1.382156770158e+03,3.039527914375e+01,1.742034037875e-04
4.981007653690e-03,1.216917464311e+01,4.098683167160e+00,7.169330739957e+05,1.381700382573e+03,3.040531905690e+01,1.738262244146e-04
4.981038306429e-03,1.216245179658e+01,4.095512816471e+00,7.181718736615e+05,1.381243718787e+03,3.041537168697e+01,1.734494890849e-04
4.981068925820e-03,1.215572462907e+01,4.092339204141e+00,7.194135729958e+05,1.380786780472e+03,3.042543701579e+01,1.730731993064e-04
4.981099511812e-03,1.214899315038e+01,4.089162333129e+00,7.206581775815e+05,1.380329568372e+03,3.043551504558e+01,1.726973558136e-04
4.981130064742e-03,1.214225728467e+01,4.085982165964e+00,7.219057088791e+05,1.379872077415e+03,3.044560590686e+01,1.723219545674e-04
4.981160584353e-03,1.213551708633e+01,4.082798726656e+00,7.231561642811e+05,1.379414311373e+03,3.045570953522e+01,1.719469987971e-04
4.981191070776e-03,1.212877252527e+01,4.079611999333e+00,7.244095568507e+05,1.378956268285e+03,3.046582599276e+01,1.715724870196e-04
4.981221524144e-03,1.212202356987e+01,4.076421967375e+00,7.256658999938e+05,1.378497946081e+03,3.047595534414e+01,1.711984176777e-04
4.981251944329e-03,1.211527024669e+01,4.073228641668e+00,7.269251963186e+05,1.378039346645e+03,3.048609756669e+01,1.708247924411e-04
4.981282331467e-03,1.210851252377e+01,4.070032005440e+00,7.281874593598e+05,1.377580467889e+03,3.049625272562e+01,1.704516097385e-04
4.981312685571e-03,1.210175039654e+01,4.066832054860e+00,7.294526975866e+05,1.377121309581e+03,3.050642084515e+01,1.700788695176e-04
4.981343006635e-03,1.209498386429e+01,4.063628787923e+00,7.307209187727e+05,1.376661871757e+03,3.051660194372e+01,1.697065719377e-04
4.981373294812e-03,1.208821289096e+01,4.060422185894e+00,7.319921373523e+05,1.376202152047e+03,3.052679609302e+01,1.693347152180e-04
4.981403550013e-03,1.208143749427e+01,4.057212255504e+00,7.332663577028e+05,1.375742151739e+03,3.053700328386e+01,1.689633005362e-04
4.981433772351e-03,1.207465764745e+01,4.053998982401e+00,7.345435925960e+05,1.375281869096e+03,3.054722357414e+01,1.685923266270e-04
4.981463961818e-03,1.206787334979e+01,4.050782364584e+00,7.358238499338e+05,1.374821304152e+03,3.055745698255e+01,1.682217936570e-04
4.981494118482e-03,1.206108458440e+01,4.047562392392e+00,7.371071406993e+05,1.374360455845e+03,3.056770355223e+01,1.678517009107e-04
4.981524242363e-03,1.205429134456e+01,4.044339060966e+00,7.383934739973e+05,1.373899323801e+03,3.057796331107e+01,1.674820482287e-04
4.981554333483e-03,1.204749362342e+01,4.041112365401e+00,7.396828589848e+05,1.373437907639e+03,3.058823628722e+01,1.671128354465e-04
4.981584391850e-03,1.204069141691e+01,4.037882302110e+00,7.409753043234e+05,1.372976207166e+03,3.059852250465e+01,1.667440625502e-04
4.981614417540e-03,1.203388470575e+01,4.034648860278e+00,7.422708216013e+05,1.372514221157e+03,3.060882201044e+01,1.663757287030e-04
4.981644410731e-03,1.202707344761e+01,4.031412018134e+00,7.435694268437e+05,1.372051946825e+03,3.061913488669e+01,1.660078318322e-04
4.981674371189e-03,1.202025769332e+01,4.028171798181e+00,7.448711183498e+05,1.371589387703e+03,3.062946107446e+01,1.656403748973e-04
4.981704299051e-03,1.201343740971e+01,4.024928182996e+00,7.461759104699e+05,1.371126541625e+03,3.063980064210e+01,1.652733563163e-04
4.981734194465e-03,1.200661256081e+01,4.021681153821e+00,7.474838181438e+05,1.370663406236e+03,3.065015366229e+01,1.649067743720e-04
4.981764057318e-03,1.199978316987e+01,4.018430720060e+00,7.487948450096e+05,1.370199983199e+03,3.066052011805e+01,1.645406305299e-04
4.981793887699e-03,1.199294921473e+01,4.015176869527e+00,7.501090034352e+05,1.369736271098e+03,3.067090006123e+01,1.641749238170e-04
4.981823685688e-03,1.198611067476e+01,4.011919590735e+00,7.514263055505e+05,1.369272268618e+03,3.068129354160e+01,1.638096533478e-04
4.981853451246e-03,1.197926755641e+01,4.008658885120e+00,7.527467582982e+05,1.368807976285e+03,3.069170056773e+01,1.634448196873e-04
4.981883184519e-03,1.197241982378e+01,4.005394733921e+00,7.540703768336e+05,1.368343391749e+03,3.070212121275e+01,1.630804211433e-04
4.981912885346e-03,1.196556751178e+01,4.002127152144e+00,7.553971626587e+05,1.367878517468e+03,3.071255544202e+01,1.627164597940e-04
4.981942553999e-03,1.195871055539e+01,3.998856107130e+00,7.567271366575e+05,1.367413349116e+03,3.072300337323e+01,1.623529324071e-04
4.981972190323e-03,1.195184898758e+01,3.995581612970e+00,7.580603007605e+05,1.366947889020e+03,3.073346497479e+01,1.619898409571e-04
4.982001794453e-03,1.194498277521e+01,3.992303652204e+00,7.593966697642e+05,1.366482135020e+03,3.074394031598e+01,1.616271839127e-04
4.982031366316e-03,1.193811193258e+01,3.989022230030e+00,7.607362492732e+05,1.366016088175e+03,3.075442939377e+01,1.612649622531e-04
4.982060906155e-03,1.193123640058e+01,3.985737316580e+00,7.620790592419e+05,1.365549744565e+03,3.076493231728e+01,1.609031730921e-04
4.982090413788e-03,1.192435621936e+01,3.982448929390e+00,7.634251002996e+05,1.365083107002e+03,3.077544904418e+01,1.605418187710e-04
4.982119889391e-03,1.191747134511e+01,3.979157045898e+00,7.647743895093e+05,1.364616172604e+03,3.078597966039e+01,1.601808972174e-04
4.982149332976e-03,1.191058177274e+01,3.975861662031e+00,7.661269364088e+05,1.364148941118e+03,3.079652419282e+01,1.598204083986e-04
4.982178744412e-03,1.190368753021e+01,3.972562789544e+00,7.674827440685e+05,1.363681414530e+03,3.080708261776e+01,1.594603540048e-04
4.982208123941e-03,1.189678855830e+01,3.969260398464e+00,7.688418327381e+05,1.363213588914e+03,3.081765504514e+01,1.591007311719e-04
4.982237471630e-03,1.188988483842e+01,3.965954478268e+00,7.702042147292e+05,1.362745463103e+03,3.082824152273e+01,1.587415391737e-04
4.982266787243e-03,1.188297642368e+01,3.962645052768e+00,7.715698882333e+05,1.362277040789e+03,3.083884198843e+01,1.583827810056e-04
4.982296071036e-03,1.187606325087e+01,3.959332090064e+00,7.729388744508e+05,1.361808317778e+03,3.084945655861e+01,1.580244536159e-04
4.982325323104e-03,1.186914529531e+01,3.956015576700e+00,7.743111870313e+05,1.361339292489e+03,3.086008529072e+01,1.576665559701e-04
4.982354543243e-03,1.186222260198e+01,3.952695532633e+00,7.756868258329e+05,1.360869968066e+03,3.087072813515e+01,1.573090906345e-04
4.982383731603e-03,1.185529513302e+01,3.949371938081e+00,7.770658071979e+05,1.360400342033e+03,3.088138516974e+01,1.569520558860e-04
4.982412888259e-03,1.184836286764e+01,3.946044781470e+00,7.784481441194e+05,1.359930413078e+03,3.089205644612e+01,1.565954508967e-04
4.982442013192e-03,1.184142580750e+01,3.942714061977e+00,7.798338451680e+05,1.359460181404e+03,3.090274198152e+01,1.562392759934e-04
4.982471106559e-03,1.183448391251e+01,3.939379758749e+00,7.812229272891e+05,1.358989644390e+03,3.091344185754e+01,1.558835293652e-04
4.982500168155e-03,1.182753722894e+01,3.936041892402e+00,7.826153901938e+05,1.358518805266e+03,3.092415602276e+01,1.555282136256e-04
4.982529198265e-03,1.182058568530e+01,3.932700426984e+00,7.840112572204e+05,1.358047659281e+03,3.093488460740e+01,1.551733253621e-04
4.982558196648e-03,1.181362933678e+01,3.929355387425e+00,7.854105263297e+05,1.357576210272e+03,3.094562754632e+01,1.548188676368e-04
4.982587163720e-03,1.180666808052e+01,3.926006722663e+00,7.868132273023e+05,1.357104451363e+03,3.095638501850e+01,1.544648354587e-04
4.982616099168e-03,1.179970198890e+01,3.922654465920e+00,7.882193546835e+05,1.356632387557e+03,3.096715693230e+01,1.541112327622e-04
4.982645003102e-03,1.179273103212e+01,3.919298601265e+00,7.896289236385e+05,1.356160016929e+03,3.097794335400e+01,1.537580582762e-04
4.982673875639e-03,1.178575517935e+01,3.915939112272e+00,7.910419495999e+05,1.355687337488e+03,3.098874435161e+01,1.534053106894e-04
4.982702716903e-03,1.177877439748e+01,3.912575981403e+00,7.924584485258e+05,1.355214347089e+03,3.099955999686e+01,1.530529885869e-04
4.982731526682e-03,1.177178873468e+01,3.909209230283e+00,7.938784199206e+05,1.354741049093e+03,3.101039023558e+01,1.527010946534e-04
4.982760305154e-03,1.176479814470e+01,3.905838835041e+00,7.953018824979e+05,1.354267440464e+03,3.102123515999e+01,1.523496268087e-04
4.982789052295e-03,1.175780263026e+01,3.902464795406e+00,7.967288450625e+05,1.353793521484e+03,3.103209478650e+01,1.519985854441e-04
4.982817768277e-03,1.175080214632e+01,3.899087088091e+00,7.981593262002e+05,1.353319289204e+03,3.104296920571e+01,1.516479685606e-04
4.982846452973e-03,1.174379672081e+01,3.895705724986e+00,7.995933296498e+05,1.352844745613e+03,3.105385839505e+01,1.512977778160e-04
4.982875106488e-03,1.173678632468e+01,3.892320690511e+00,8.010308708301e+05,1.352369888844e+03,3.106476242047e+01,1.509480120157e-04
4.982903728814e-03,1.172977095687e+01,3.888931982586e+00,8.024719594772e+05,1.351894718925e+03,3.107568130455e+01,1.505986713662e-04
4.982932320007e-03,1.172275060043e+01,3.885539591467e+00,8.039166086278e+05,1.351419234808e+03,3.108661509464e+01,1.502497552838e-04
4.982960880236e-03,1.171572521023e+01,3.882143493782e+00,8.053648371799e+05,1.350943433540e+03,3.109756388213e+01,1.499012617936e-04
4.982989409298e-03,1.170869483322e+01,3.878743710666e+00,8.068166451012e+05,1.350467318399e+03,3.110852761503e+01,1.495531934889e-04
4.983017907276e-03,1.170165944536e+01,3.875340228953e+00,8.082720470236e+05,1.349990887860e+03,3.111950635196e+01,1.492055494373e-04
4.983046374386e-03,1.169461899016e+01,3.871933019763e+00,8.097310643643e+05,1.349514138200e+03,3.113050020242e+01,1.488583271164e-04
4.983074810495e-03,1.168757349704e+01,3.868522095789e+00,8.111937007985e+05,1.349037071514e+03,3.114150914185e+01,1.485115282489e-04
4.983103215623e-03,1.168052295746e+01,3.865107451361e+00,8.126599679000e+05,1.348559687327e+03,3.115253320503e+01,1.481651526784e-04
4.983131589989e-03,1.167346731395e+01,3.861689057102e+00,8.141298874792e+05,1.348081981850e+03,3.116357250337e+01,1.478191978544e-04
4.983159933397e-03,1.166640661145e+01,3.858266933252e+00,8.156034600696e+05,1.347603958230e+03,3.117462698817e+01,1.474736662528e-04
4.983188245951e-03,1.165934082061e+01,3.854841064065e+00,8.170807017210e+05,1.347125614585e+03,3.118569672702e+01,1.471285567039e-04
4.983216527838e-03,1.165226989122e+01,3.851411423664e+00,8.185616329196e+05,1.346646947620e+03,3.119678182038e+01,1.467838670327e-04
4.983244778908e-03,1.164519385725e+01,3.847978027003e+00,8.200462565796e+05,1.346167959740e+03,3.120788223688e+01,1.464395991730e-04
4.983272999209e-03,1.163811270301e+01,3.844540864960e+00,8.215345860485e+05,1.345688649989e+03,3.121899802300e+01,1.460957526326e-04
4.983301188868e-03,1.163102639328e+01,3.841099918922e+00,8.230266388410e+05,1.345209016089e+03,3.123012925603e+01,1.457523259784e-04
4.983329347939e-03,1.162393491041e+01,3.837655178807e+00,8.245224288376e+05,1.344729056952e+03,3.124127598583e+01,1.454093186387e-04
4.983357476259e-03,1.161683829178e+01,3.834206661271e+00,8.260219583476e+05,1.344248775214e+03,3.125243817580e+01,1.450667326984e-04
4.983385573984e-03,1.160973649474e+01,3.830754344094e+00,8.275252466145e+05,1.343768168097e+03,3.126361591519e+01,1.447245663733e-04
4.983413641282e-03,1.160262947265e+01,3.827298203105e+00,8.290323138091e+05,1.343287232551e+03,3.127480929981e+01,1.443828177042e-04
4.983441677983e-03,1.159551726477e+01,3.823838255897e+00,8.305431619466e+05,1.342805971343e+03,3.128601829025e+01,1.440414888645e-04
4.983469684137e-03,1.158839985484e+01,3.820374493088e+00,8.320578048446e+05,1.342324383480e+03,3.129724293458e+01,1.437005793529e-04
4.983497659949e-03,1.158127718707e+01,3.816906886035e+00,8.335762648078e+05,1.341842465297e+03,3.130848334338e+01,1.433600867849e-04
4.983525605250e-03,1.157414930007e+01,3.813435452065e+00,8.350985440739e+05,1.341360219516e+03,3.131973947838e+01,1.430200132953e-04
4.983553520137e-03,1.156701616565e+01,3.809960175976e+00,8.366246591716e+05,1.340877644339e+03,3.133101140681e+01,1.426803578216e-04
4.983581404760e-03,1.155987774131e+01,3.806481035592e+00,8.381546297621e+05,1.340394737002e+03,3.134229921869e+01,1.423411186330e-04
4.983609259025e-03,1.155273404710e+01,3.802998039220e+00,8.396884621618e+05,1.339911498972e+03,3.135360290523e+01,1.420022969758e-04
4.983637082897e-03,1.154558508831e+01,3.799511187990e+00,8.412261658783e+05,1.339427930717e+03,3.136492248103e+01,1.416638933867e-04
4.983664876671e-03,1.153843078463e+01,3.796020441274e+00,8.427677688947e+05,1.338944026919e+03,3.137625809633e+01,1.413259043598e-04
4.983692640082e-03,1.153127120084e+01,3.792525829240e+00,8.443132680007e+05,1.338459792071e+03,3.138760967167e+01,1.409883332519e-04
4.983720373415e-03,1.152410625883e+01,3.789027312314e+00,8.458626908563e+05,1.337975221002e+03,3.139897735415e+01,1.406511766740e-04
4.983748076459e-03,1.151693600918e+01,3.785524913761e+00,8.474160373667e+05,1.337490317246e+03,3.141036108684e+01,1.403144373028e-04
4.983775749455e-03,1.150976038533e+01,3.782018599637e+00,8.489733328421e+05,1.337005076417e+03,3.142176099884e+01,1.399781123079e-04
4.983803392323e-03,1.150257940392e+01,3.778508376652e+00,8.505345846154e+05,1.336519499752e+03,3.143317708724e+01,1.396422027713e-04
4.983831005149e-03,1.149539303812e+01,3.774994230270e+00,8.520998095096e+05,1.336033585554e+03,3.144460941828e+01,1.393067077382e-04
4.983858587885e-03,1.148820129660e+01,3.771476163317e+00,8.536690166736e+05,1.335547334522e+03,3.145605800185e+01,1.389716279129e-04
4.983886140752e-03,1.148100411710e+01,3.767954143924e+00,8.552422307888e+05,1.335060742563e+03,3.146752296088e+01,1.386369607008e-04
4.983913663473e-03,1.147380156781e+01,3.764428204071e+00,8.568194480786e+05,1.334573814403e+03,3.147900421056e+01,1.383027095756e-04
4.983941156360e-03,1.146659356266e+01,3.760898300219e+00,8.584006985769e+05,1.334086544340e+03,3.149050191204e+01,1.379688708436e-04
4.983968619336e-03,1.145938011771e+01,3.757364438846e+00,8.599859900040e+05,1.333598933576e+03,3.150201606377e+01,1.376354455605e-04
4.983996052507e-03,1.145216120037e+01,3.753826602602e+00,8.615753408149e+05,1.333110980028e+03,3.151354674192e+01,1.373024325305e-04
4.984023455666e-03,1.144493686074e+01,3.750284814663e+00,8.631687513111e+05,1.332622687197e+03,3.152509389065e+01,1.369698343682e-04
4.984050829199e-03,1.143770699255e+01,3.746739021564e+00,8.647662563190e+05,1.332134048021e+03,3.153665770413e+01,1.366376464928e-04
4.984078172828e-03,1.143047166503e+01,3.743189255885e+00,8.663678519912e+05,1.331645067297e+03,3.154823809608e+01,1.363058723981e-04
4.984105486858e-03,1.142323079256e+01,3.739635474268e+00,8.679735687707e+05,1.331155739359e+03,3.155983522800e+01,1.359745084725e-04
4.984132771021e-03,1.141598444161e+01,3.736077707981e+00,8.695834034635e+05,1.330666068818e+03,3.157144901805e+01,1.356435580707e-04
4.984160025597e-03,1.140873253348e+01,3.732515917042e+00,8.711973851440e+05,1.330176050475e+03,3.158307961701e+01,1.353130179106e-04
4.984187250449e-03,1.140147509996e+01,3.728950115734e+00,8.728155183843e+05,1.329685686602e+03,3.159472699865e+01,1.349828897592e-04
4.984214445823e-03,1.139421207060e+01,3.725380268106e+00,8.744378306013e+05,1.329194972559e+03,3.160639130095e+01,1.346531707321e-04
4.984241611540e-03,1.138694348845e+01,3.721806393992e+00,8.760643239396e+05,1.328703911376e+03,3.161807247975e+01,1.343238631059e-04
4.984268747624e-03,1.137966934243e+01,3.718228486635e+00,8.776950126722e+05,1.328212502427e+03,3.162977057786e+01,1.339949666915e-04
4.984295854371e-03,1.137238954860e+01,3.714646503434e+00,8.793299274878e+05,1.327720740166e+03,3.164148575545e+01,1.336664780201e-04
4.984322931525e-03,1.136510417069e+01,3.711060474446e+00,8.809690659958e+05,1.327228629019e+03,3.165321793523e+01,1.333384002941e-04
4.984349979205e-03,1.135781317174e+01,3.707470380183e+00,8.826124484729e+05,1.326736166616e+03,3.166496720204e+01,1.330107321669e-04
4.984376997544e-03,1.135051651126e+01,3.703876199421e+00,8.842600960755e+05,1.326243350344e+03,3.167673364658e+01,1.326834721477e-04
4.984403986403e-03,1.134321422164e+01,3.700277946841e+00,8.859120135662e+05,1.325750182518e+03,3.168851724213e+01,1.323566220162e-04
4.984430945978e-03,1.133590624500e+01,3.696675592647e+00,8.875682261757e+05,1.325256659353e+03,3.170031810775e+01,1.320301795085e-04
4.984457876194e-03,1.132859259656e+01,3.693069143074e+00,8.892287426503e+05,1.324762782003e+03,3.171213624460e+01,1.317041456362e-04
4.984484777132e-03,1.132127324966e+01,3.689458583728e+00,8.908935812858e+05,1.324268548795e+03,3.172397172158e+01,1.313785195413e-04
4.984511648771e-03,1.131394820458e+01,3.685843913499e+00,8.925627543205e+05,1.323773959876e+03,3.173582456415e+01,1.310533015673e-04
4.984538491236e-03,1.130661742241e+01,3.682225111943e+00,8.942362829841e+05,1.323279012744e+03,3.174769486133e+01,1.307284903209e-04
4.984565304444e-03,1.129928092056e+01,3.678602186430e+00,8.959141757166e+05,1.322783708705e+03,3.175958261102e+01,1.304040869089e-04
4.984592088532e-03,1.129193865634e+01,3.674975114649e+00,8.975964547581e+05,1.322288045004e+03,3.177148790866e+01,1.300800897784e-04
4.984618843398e-03,1.128459065248e+01,3.671343906619e+00,8.992831274273e+05,1.321792023305e+03,3.178341074369e+01,1.297565002684e-04
4.984645569318e-03,1.127723682795e+01,3.667708521091e+00,9.009742249209e+05,1.321295638268e+03,3.179535127404e+01,1.294333151530e-04
4.984672265962e-03,1.126987726864e+01,3.664068999327e+00,9.026697401322e+05,1.320798895821e+03,3.180730938678e+01,1.291105385443e-04
4.984698933781e-03,1.126251184427e+01,3.660425275716e+00,9.043697157818e+05,1.320301787302e+03,3.181928532022e+01,1.287881650710e-04
4.984725572452e-03,1.125514063923e+01,3.656777390822e+00,9.060741451677e+05,1.319804318538e+03,3.183127896392e+01,1.284661987730e-04
4.984752182186e-03,1.124776358956e+01,3.653125311825e+00,9.077830558947e+05,1.319306485344e+03,3.184329044875e+01,1.281446371958e-04
4.984778762994e-03,1.124038068688e+01,3.649469033418e+00,9.094964627943e+05,1.318808287287e+03,3.185531981532e+01,1.278234803228e-04
4.984805314752e-03,1.123299195987e+01,3.645808568653e+00,9.112143721461e+05,1.318309726436e+03,3.186736704392e+01,1.275027297424e-04
4.984831837841e-03,1.122559729724e+01,3.642143861257e+00,9.129368228368e+05,1.317810795415e+03,3.187943234316e+01,1.271823809759e-04
4.984858331966e-03,1.121819677592e+01,3.638474948214e+00,9.146638100274e+05,1.317311499549e+03,3.189151561486e+01,1.268624377100e-04
4.984884797181e-03,1.121079037493e+01,3.634801818013e+00,9.163953517177e+05,1.316811837557e+03,3.190361692052e+01,1.265428993791e-04
4.984911233720e-03,1.120337802334e+01,3.631124434362e+00,9.181314776841e+05,1.316311804788e+03,3.191573640354e+01,1.262237632761e-04
4.984937641559e-03,1.119595972210e+01,3.627442796622e+00,9.198722009739e+05,1.315811401445e+03,3.192787409001e+01,1.259050298037e-04
4.984964020469e-03,1.118853552996e+01,3.623756932864e+00,9.216175210994e+05,1.315310631625e+03,3.194002991143e+01,1.255867018341e-04
4.984990370875e-03,1.118110532156e+01,3.620066779768e+00,9.233674809076e+05,1.314809487010e+03,3.195220410085e+01,1.252687743477e-04
4.985016692471e-03,1.117366917739e+01,3.616372376243e+00,9.251220748817e+05,1.314307973167e+03,3.196439655429e+01,1.249512511492e-04
4.985042985581e-03,1.116622700009e+01,3.612673672845e+00,9.268813395034e+05,1.313806083668e+03,3.197660745943e+01,1.246341284392e-04
4.985069249949e-03,1.115877885651e+01,3.608970701757e+00,9.286452725341e+05,1.313303823159e+03,3.198883673470e+01,1.243174094278e-04
4.985095485839e-03,1.115132466567e+01,3.605263421677e+00,9.304139067786e+05,1.312801186320e+03,3.200108454125e+01,1.240010910306e-04
4.985121693077e-03,1.114386447131e+01,3.601551853330e+00,9.321872455542e+05,1.312298176240e+03,3.201335083558e+01,1.236851754656e-04
4.985147871940e-03,1.113639818828e+01,3.597835953337e+00,9.339653228621e+05,1.311794787317e+03,3.202563578613e+01,1.233696594930e-04
4.985174022256e-03,1.112892586020e+01,3.594115742391e+00,9.357481421522e+05,1.311291022635e+03,3.203793934975e+01,1.230545453244e-04
4.985200144105e-03,1.112144745762e+01,3.590391204848e+00,9.375357243281e+05,1.310786880350e+03,3.205026160355e+01,1.227398320815e-04
4.985226237491e-03,1.111396297359e+01,3.586662336255e+00,9.393280850068e+05,1.310282360134e+03,3.206260258776e+01,1.224255198363e-04
4.985252302581e-03,1.110647235441e+01,3.582929108891e+00,9.411252510745e+05,1.309777458513e+03,3.207496241983e+01,1.221116067063e-04
4.985278339336e-03,1.109897560456e+01,3.579191524019e+00,9.429272355641e+05,1.309272175930e+03,3.208734112146e+01,1.217980932553e-04
4.985304347690e-03,1.109147273696e+01,3.575449587137e+00,9.447340495207e+05,1.308766513401e+03,3.209973870041e+01,1.214849803940e-04
4.985330327814e-03,1.108396369624e+01,3.571703269697e+00,9.465457205035e+05,1.308260467341e+03,3.211215527740e+01,1.211722661852e-04
4.985356279512e-03,1.107644853289e+01,3.567952595957e+00,9.483622506204e+05,1.307754041294e+03,3.212459079831e+01,1.208599531011e-04
4.985382203166e-03,1.106892712991e+01,3.564197506625e+00,9.501836825129e+05,1.307247227525e+03,3.213704548617e+01,1.205480366587e-04
4.985408098503e-03,1.106139955992e+01,3.560438037048e+00,9.520100130402e+05,1.306740031074e+03,3.214951925041e+01,1.202365202509e-04
4.985433965708e-03,1.105386576299e+01,3.556674156410e+00,9.538412712373e+05,1.306232448048e+03,3.216201221999e+01,1.199254017732e-04
4.985459804783e-03,1.104632573219e+01,3.552905860377e+00,9.556774733659e+05,1.305724478130e+03,3.217452443628e+01,1.196146813233e-04
4.985485615770e-03,1.103877944849e+01,3.549133138570e+00,9.575186387103e+05,1.305216120186e+03,3.218705596082e+01,1.193043585005e-04
4.985511398555e-03,1.103122693892e+01,3.545356003659e+00,9.593647753783e+05,1.304707376186e+03,3.219960677876e+01,1.189944347952e-04
4.985537153422e-03,1.102366811396e+01,3.541574410041e+00,9.612159200381e+05,1.304198240249e+03,3.221217706905e+01,1.186849069197e-04
4.985562880222e-03,1.101610301007e+01,3.537788375137e+00,9.630720786255e+05,1.303688714984e+03,3.222476680139e+01,1.183757767582e-04
4.985588578975e-03,1.100853161540e+01,3.533997892200e+00,9.649332689716e+05,1.303178799740e+03,3.223737602592e+01,1.180670442082e-04
4.985614249828e-03,1.100095387975e+01,3.530202935316e+00,9.667995184138e+05,1.302668491290e+03,3.225000485677e+01,1.177587076131e-04
4.985639892751e-03,1.099336980493e+01,3.526403504603e+00,9.686708415919e+05,1.302157789909e+03,3.226265332165e+01,1.174507674395e-04
4.985665507801e-03,1.098577936786e+01,3.522599587734e+00,9.705472593515e+05,1.301646694195e+03,3.227532148985e+01,1.171432231441e-04
4.985691094820e-03,1.097818260831e+01,3.518791203891e+00,9.724287770693e+05,1.301135206980e+03,3.228800932585e+01,1.168360767247e-04
4.985716654237e-03,1.097057939213e+01,3.514978285083e+00,9.743154432769e+05,1.300623319385e+03,3.230071708481e+01,1.165293231562e-04
4.985742185576e-03,1.096296985394e+01,3.511160898105e+00,9.762072399360e+05,1.300111040631e+03,3.231344457284e+01,1.162229682651e-04
4.985767689408e-03,1.095535381694e+01,3.507338953545e+00,9.781042264536e+05,1.299598358968e+03,3.232619211701e+01,1.159170053307e-04
4.985793165321e-03,1.094773139661e+01,3.503512508662e+00,9.800063896016e+05,1.299085282328e+03,3.233895955548e+01,1.156114393966e-04
4.985818613662e-03,1.094010248248e+01,3.499681507324e+00,9.819137725445e+05,1.298571803431e+03,3.235174710482e+01,1.153062664341e-04
4.985844034074e-03,1.093246717432e+01,3.495845998973e+00,9.838263660049e+05,1.298057929152e+03,3.236455462944e+01,1.150014908315e-04
4.985869427060e-03,1.092482531439e+01,3.492005903724e+00,9.857442252492e+05,1.297543649031e+03,3.237738242573e+01,1.146971066954e-04
4.985894792187e-03,1.091717702539e+01,3.488161282610e+00,9.876673353141e+05,1.297028971487e+03,3.239023031964e+01,1.143931193187e-04
4.985920129962e-03,1.090952214742e+01,3.484312054623e+00,9.895957523248e+05,1.296513885916e+03,3.240309861190e+01,1.140895227525e-04
4.985945440042e-03,1.090186077696e+01,3.480458267682e+00,9.915294679790e+05,1.295998398974e+03,3.241598717255e+01,1.137863212374e-04
4.985970722616e-03,1.089419284939e+01,3.476599888697e+00,9.934685146475e+05,1.295482506471e+03,3.242889614260e+01,1.134835126204e-04
4.985995977574e-03,1.088651839080e+01,3.472736930243e+00,9.954129018682e+05,1.294966210327e+03,3.244182551052e+01,1.131810983396e-04
4.986021205205e-03,1.087883730622e+01,3.468869343958e+00,9.973626699419e+05,1.294449504313e+03,3.245477546894e+01,1.128790750668e-04
4.986046405341e-03,1.087114963871e+01,3.464997150979e+00,9.993178242674e+05,1.293932391490e+03,3.246774597807e+01,1.125774449137e-04
4.986071577959e-03,1.086345538879e+01,3.461120351070e+00,1.001278381081e+06,1.293414872058e+03,3.248073706977e+01,1.122762083094e-04
4.986096723310e-03,1.085575447160e+01,3.457238900964e+00,1.003244378488e+06,1.292896940471e+03,3.249374892037e+01,1.119753623489e-04
4.986121841241e-03,1.084804692651e+01,3.453352820029e+00,1.005215823000e+06,1.292378599545e+03,3.250678149646e+01,1.116749089920e-04
4.986146931771e-03,1.084033274030e+01,3.449462101130e+00,1.007192734628e+06,1.291859848555e+03,3.251983485364e+01,1.113748481358e-04
4.986171995188e-03,1.083261181655e+01,3.445566695194e+00,1.009175154817e+06,1.291340681186e+03,3.253290918849e+01,1.110751764573e-04
4.986197031145e-03,1.082488425485e+01,3.441666652037e+00,1.011163074807e+06,1.290821104300e+03,3.254600436592e+01,1.107758982443e-04
4.986222039942e-03,1.081714995452e+01,3.437761920436e+00,1.013156537380e+06,1.290301111297e+03,3.255912059017e+01,1.104770100159e-04
4.986247021592e-03,1.080940890394e+01,3.433852494137e+00,1.015155562523e+06,1.289780701566e+03,3.257225791481e+01,1.101785117568e-04
4.986271975887e-03,1.080166115986e+01,3.429938401420e+00,1.017160152640e+06,1.289259879089e+03,3.258541627745e+01,1.098804060759e-04
4.986296903220e-03,1.079390659196e+01,3.426019576096e+00,1.019170358601e+06,1.288738635277e+03,3.259859593354e+01,1.095826883887e-04
4.986321803263e-03,1.078614529490e+01,3.422096065672e+00,1.021186173106e+06,1.288216976666e+03,3.261179675640e+01,1.092853627612e-04
4.986346676254e-03,1.077837718599e+01,3.418167828031e+00,1.023207634945e+06,1.287694897867e+03,3.262501892101e+01,1.089884264505e-04
4.986371522287e-03,1.077060222859e+01,3.414234844342e+00,1.025234771086e+06,1.287172396592e+03,3.263826252433e+01,1.086918784966e-04
4.986396341181e-03,1.076282047039e+01,3.410297138454e+00,1.027267586600e+06,1.286649476220e+03,3.265152751980e+01,1.083957211533e-04
4.986421133032e-03,1.075503187413e+01,3.406354691261e+00,1.029306108793e+06,1.286126134419e+03,3.266481400565e+01,1.080999534315e-04
4.986445897933e-03,1.074723640164e+01,3.402407483208e+00,1.031350365336e+06,1.285602368801e+03,3.267812208194e+01,1.078045743189e-04
4.986470635960e-03,1.073943402150e+01,3.398455498161e+00,1.033400382259e+06,1.285078177431e+03,3.269145183746e+01,1.075095830689e-04
4.986495347068e-03,1.073162473904e+01,3.394498738626e+00,1.035456176034e+06,1.284553560842e+03,3.270480329841e+01,1.072149803274e-04
4.986520031198e-03,1.072380856499e+01,3.390537209862e+00,1.037517761784e+06,1.284028519932e+03,3.271817648176e+01,1.069207669366e-04
4.986544688471e-03,1.071598545247e+01,3.386570887966e+00,1.039585169906e+06,1.283503051732e+03,3.273157150322e+01,1.066269415715e-04
4.986569318924e-03,1.070815538179e+01,3.382599762823e+00,1.041658423749e+06,1.282977155096e+03,3.274498843219e+01,1.063335039386e-04
4.986593922710e-03,1.070031829544e+01,3.378623805143e+00,1.043737556798e+06,1.282450826342e+03,3.275842740315e+01,1.060404523364e-04
4.986618499443e-03,1.069247430806e+01,3.374643073003e+00,1.045822556952e+06,1.281924073348e+03,3.277188825543e+01,1.057477914922e-04
4.986643049748e-03,1.068462321154e+01,3.370657460728e+00,1.047913497953e+06,1.281396882321e+03,3.278537138229e+01,1.054555140938e-04
4.986667573078e-03,1.067676517212e+01,3.366667052656e+00,1.050010354062e+06,1.280869264605e+03,3.279887653461e+01,1.051636267833e-04
4.986692069892e-03,1.066890003441e+01,3.362671769865e+00,1.052113185341e+06,1.280341209950e+03,3.281240401577e+01,1.048721242377e-04
4.986716539882e-03,1.066102788847e+01,3.358671658103e+00,1.054221986431e+06,1.279812724585e+03,3.282595370752e+01,1.045810102490e-04
4.986740983414e-03,1.065314860821e+01,3.354666653318e+00,1.056336809918e+06,1.279283800230e+03,3.283952586363e+01,1.042902806104e-04
4.986765400285e-03,1.064526224951e+01,3.350656783966e+00,1.058457659729e+06,1.278754440821e+03,3.285312042479e+01,1.039999378473e-04
4.986789790438e-03,1.063736882246e+01,3.346642055252e+00,1.060584552128e+06,1.278224647222e+03,3.286673741056e+01,1.037099827792e-04
4.986814154262e-03,1.062946819225e+01,3.342622398698e+00,1.062717542560e+06,1.277694410569e+03,3.288037709076e+01,1.034204109179e-04
4.986838491516e-03,1.062156042778e+01,3.338597849480e+00,1.064856631649e+06,1.277163735678e+03,3.289403938389e+01,1.031312252595e-04
4.986862802212e-03,1.061364551655e+01,3.334568401375e+00,1.067001842074e+06,1.276632621894e+03,3.290772434903e+01,1.028424258033e-04
4.986887086534e-03,1.060572338967e+01,3.330534019485e+00,1.069153211912e+06,1.276101064787e+03,3.292143214296e+01,1.025540105016e-04
4.986911344348e-03,1.059779408157e+01,3.326494721539e+00,1.071310751327e+06,1.275569066856e+03,3.293516274395e+01,1.022659810751e-04
4.986935575797e-03,1.058985753644e+01,3.322450479320e+00,1.073474495116e+06,1.275036624546e+03,3.294891628666e+01,1.019783359621e-04
4.986959780814e-03,1.058191376677e+01,3.318401299444e+00,1.075644459586e+06,1.274503738889e+03,3.296269278756e+01,1.016910760843e-04
4.986983959651e-03,1.057396268114e+01,3.314347135574e+00,1.077820689551e+06,1.273970403943e+03,3.297649244363e+01,1.014041986125e-04
4.987008112035e-03,1.056600435986e+01,3.310288028951e+00,1.080003182964e+06,1.273436625288e+03,3.299031515401e+01,1.011177069181e-04
4.987032238189e-03,1.055803871965e+01,3.306223937424e+00,1.082191982687e+06,1.272902397533e+03,3.300416110196e+01,1.008315984739e-04
4.987056338034e-03,1.055006577766e+01,3.302154870095e+00,1.084387104146e+06,1.272367722024e+03,3.301803029647e+01,1.005458743724e-04
4.987080411704e-03,1.054208548014e+01,3.298080799906e+00,1.086588582390e+06,1.271832595351e+03,3.303192287008e+01,1.002605331653e-04
4.987104459156e-03,1.053409783157e+01,3.294001729548e+00,1.088796436544e+06,1.271297018012e+03,3.304583885413e+01,9.997557549448e-05
4.987128480421e-03,1.052610281244e+01,3.289917649482e+00,1.091010692467e+06,1.270760988896e+03,3.305977832196e+01,9.969100114266e-05
4.987152475617e-03,1.051810037372e+01,3.285828535121e+00,1.093231384319e+06,1.270224504915e+03,3.307374139858e+01,9.940680885079e-05
4.987176444559e-03,1.051009056718e+01,3.281734413410e+00,1.095458518410e+06,1.269687569739e+03,3.308772803328e+01,9.912300093839e-05
4.987200387573e-03,1.050207327448e+01,3.277635224374e+00,1.097692148444e+06,1.269150175635e+03,3.310173847254e+01,9.883957369966e-05
4.987224304353e-03,1.049404858842e+01,3.273531016002e+00,1.099932269476e+06,1.268612329025e+03,3.311577259424e+01,9.855653090146e-05
4.987248195277e-03,1.048601637220e+01,3.269421718904e+00,1.102178940712e+06,1.268074020942e+03,3.312983067775e+01,9.827386820827e-05
4.987272060125e-03,1.047797668958e+01,3.265307366291e+00,1.104432165476e+06,1.267535255862e+03,3.314391265195e+01,9.799158835931e-05
4.987295898917e-03,1.046992952453e+01,3.261187950602e+00,1.106691969481e+06,1.266996032914e+03,3.315801858532e+01,9.770969127665e-05
4.987319711927e-03,1.046187477405e+01,3.257063419771e+00,1.108958403028e+06,1.266456345403e+03,3.317214869918e+01,9.742817385060e-05
4.987343498813e-03,1.045381254398e+01,3.252933828680e+00,1.111231457817e+06,1.265916200622e+03,3.318630284876e+01,9.714704027333e-05
4.987367260004e-03,1.044574267904e+01,3.248799098519e+00,1.113511199221e+06,1.265375588377e+03,3.320048134770e+01,9.686628562719e-05
4.987390995258e-03,1.043766525128e+01,3.244659266953e+00,1.115797628620e+06,1.264834513702e+03,3.321468411074e+01,9.658591292410e-05
4.987414704598e-03,1.042958024196e+01,3.240514325168e+00,1.118090773128e+06,1.264292975549e+03,3.322891121213e+01,9.630592200616e-05
4.987438388314e-03,1.042148754303e+01,3.236364218581e+00,1.120390685361e+06,1.263750966891e+03,3.324316288371e+01,9.602630963912e-05
4.987462046063e-03,1.041338726054e+01,3.232209002424e+00,1.122697357254e+06,1.263208495041e+03,3.325743898046e+01,9.574707999054e-05
4.987485678260e-03,1.040527924199e+01,3.228048599350e+00,1.125010854431e+06,1.262665549997e+03,3.327173981315e+01,9.546822830981e-05
4.987509284487e-03,1.039716362125e+01,3.223883078966e+00,1.127331161000e+06,1.262122140936e+03,3.328606518776e+01,9.518975970560e-05
4.987532865222e-03,1.038904022261e+01,3.219712352035e+00,1.129658349629e+06,1.261578256305e+03,3.330041545675e+01,9.491166865560e-05
4.987556420231e-03,1.038090911641e+01,3.215536455644e+00,1.131992422756e+06,1.261033901029e+03,3.331479053848e+01,9.463395808584e-05
4.987579949578e-03,1.037277027016e+01,3.211355374118e+00,1.134333412385e+06,1.260489073145e+03,3.332919053305e+01,9.435662739427e-05
4.987603453359e-03,1.036462363991e+01,3.207169085927e+00,1.136681353974e+06,1.259943769929e+03,3.334361556116e+01,9.407967559855e-05
4.987626931514e-03,1.035646923583e+01,3.202977597388e+00,1.139036267527e+06,1.259397992278e+03,3.335806564783e+01,9.380310356066e-05
4.987650384136e-03,1.034830701457e+01,3.198780887326e+00,1.141398188633e+06,1.258851737507e+03,3.337254091320e+01,9.352691032605e-05
4.987673811212e-03,1.034013696982e+01,3.194578953649e+00,1.143767142314e+06,1.258305005413e+03,3.338704141189e+01,9.325109620065e-05
4.987697212735e-03,1.033195909364e+01,3.190371793466e+00,1.146143154184e+06,1.257757795685e+03,3.340156720164e+01,9.297566143343e-05
4.987720588900e-03,1.032377330673e+01,3.186159367205e+00,1.148526270746e+06,1.257210103237e+03,3.341611846713e+01,9.270060387957e-05
4.987743939601e-03,1.031557963488e+01,3.181941689388e+00,1.150916508099e+06,1.256661930017e+03,3.343069520669e+01,9.242592493446e-05
4.987767264926e-03,1.030737803658e+01,3.177718739940e+00,1.153313902076e+06,1.256113273470e+03,3.344529753840e+01,9.215162373339e-05
4.987790564679e-03,1.029916856901e+01,3.173490549656e+00,1.155718459784e+06,1.255564137645e+03,3.345992540476e+01,9.187770270974e-05
4.987813839146e-03,1.029095112139e+01,3.169257062839e+00,1.158130237642e+06,1.255014515356e+03,3.347457904775e+01,9.160415869000e-05
4.987837088401e-03,1.028272565511e+01,3.165018261007e+00,1.160549271136e+06,1.254464404247e+03,3.348925858118e+01,9.133099093094e-05
4.987860312262e-03,1.027449222416e+01,3.160774173430e+00,1.162975568653e+06,1.253913808154e+03,3.350396395379e+01,9.105820176024e-05
4.987883510865e-03,1.026625076857e+01,3.156524770680e+00,1.165409172249e+06,1.253362723296e+03,3.351869531786e+01,9.078578972183e-05
4.987906684143e-03,1.025800130050e+01,3.152270060550e+00,1.167850102858e+06,1.252811150712e+03,3.353345269708e+01,9.051375575102e-05
4.987929832264e-03,1.024974374924e+01,3.148010008145e+00,1.170298406066e+06,1.252259085906e+03,3.354823626351e+01,9.024209805442e-05
4.987952955108e-03,1.024147814583e+01,3.143744631078e+00,1.172754097485e+06,1.251706531183e+03,3.356304600748e+01,8.997081819193e-05
4.987976052926e-03,1.023320438903e+01,3.139473878750e+00,1.175217232154e+06,1.251153480008e+03,3.357788215642e+01,8.969991338586e-05
4.987999125526e-03,1.022492253589e+01,3.135197782286e+00,1.177687818203e+06,1.250599936426e+03,3.359274465439e+01,8.942938605077e-05
4.988022172976e-03,1.021663255002e+01,3.130916324634e+00,1.180165891701e+06,1.250045898239e+03,3.360763361303e+01,8.915923553737e-05
4.988045195431e-03,1.020833436407e+01,3.126629472778e+00,1.182651498174e+06,1.249491361182e+03,3.362254920003e+01,8.888946020112e-05
4.988068192658e-03,1.020002805064e+01,3.122337266034e+00,1.185144641393e+06,1.248936330341e+03,3.363749133174e+01,8.862006294654e-05
4.988091164970e-03,1.019171348435e+01,3.118039641469e+00,1.187645384655e+06,1.248380797574e+03,3.365246028075e+01,8.835104025497e-05
4.988114112299e-03,1.018339067786e+01,3.113736607510e+00,1.190153750010e+06,1.247824763964e+03,3.366745607173e+01,8.808239309536e-05
4.988137034685e-03,1.017505960490e+01,3.109428152525e+00,1.192669771349e+06,1.247268227999e+03,3.368247879951e+01,8.781412117758e-05
4.988159931849e-03,1.016672035438e+01,3.105114324483e+00,1.195193447901e+06,1.246711195855e+03,3.369752835136e+01,8.754622790750e-05
4.988182804444e-03,1.015837267682e+01,3.100794996346e+00,1.197724881457e+06,1.246153651110e+03,3.371260522552e+01,8.727870583257e-05
4.988205651928e-03,1.015001675730e+01,3.096470265958e+00,1.200264042344e+06,1.245595606369e+03,3.372770913598e+01,8.701156145152e-05
4.988228474552e-03,1.014165249208e+01,3.092140081744e+00,1.202810988626e+06,1.245037054945e+03,3.374284031849e+01,8.674479199752e-05
4.988251272427e-03,1.013327982833e+01,3.087804418524e+00,1.205365763141e+06,1.244477993557e+03,3.375799891730e+01,8.647839635479e-05
4.988274045352e-03,1.012489882717e+01,3.083463310150e+00,1.207928374126e+06,1.243918426528e+03,3.377318487060e+01,8.621237702999e-05
4.988296793665e-03,1.011650935191e+01,3.079116688079e+00,1.210498890430e+06,1.243358344982e+03,3.378839847512e+01,8.594673025367e-05
4.988319517027e-03,1.010811151495e+01,3.074764612851e+00,1.213077304818e+06,1.242797756667e+03,3.380363957633e+01,8.568146015265e-05
4.988342215783e-03,1.009970517618e+01,3.070407014206e+00,1.215663687661e+06,1.242236652481e+03,3.381890847795e+01,8.541656286803e-05
4.988364889796e-03,1.009129037381e+01,3.066043914353e+00,1.218258054747e+06,1.241675035224e+03,3.383420516039e+01,8.515204018126e-05
4.988387539068e-03,1.008286709420e+01,3.061675308671e+00,1.220860437948e+06,1.241112904238e+03,3.384952969829e+01,8.488789223246e-05
4.988410163735e-03,1.007443527423e+01,3.057301166916e+00,1.223470884617e+06,1.240550255560e+03,3.386488225671e+01,8.462411761708e-05
4.988432763791e-03,1.006599490324e+01,3.052921486109e+00,1.226089426080e+06,1.239987088735e+03,3.388026290549e+01,8.436071658318e-05
4.988455339207e-03,1.005754597917e+01,3.048536267776e+00,1.228716091157e+06,1.239423403878e+03,3.389567169905e+01,8.409768964437e-05
4.988477890064e-03,1.004908845845e+01,3.044145491958e+00,1.231350921733e+06,1.238859198337e+03,3.391110876772e+01,8.383503602471e-05
4.988500416299e-03,1.004062235206e+01,3.039749167049e+00,1.233993942897e+06,1.238294473102e+03,3.392657414252e+01,8.357275664456e-05
4.988522918113e-03,1.003214757166e+01,3.035347249933e+00,1.236645210913e+06,1.237729222538e+03,3.394206803621e+01,8.331084935400e-05
4.988545395320e-03,1.002366417335e+01,3.030939772549e+00,1.239304737090e+06,1.237163450647e+03,3.395759039777e+01,8.304931647256e-05
4.988567848207e-03,1.001517203568e+01,3.026526674655e+00,1.241972588539e+06,1.236597149587e+03,3.397314150132e+01,8.278815484687e-05
4.988590276543e-03,1.000667123354e+01,3.022107998080e+00,1.244648770943e+06,1.236030324616e+03,3.398872126177e+01,8.252736737279e-05
4.988612680591e-03,9.998161652856e+00,3.017683686495e+00,1.247333349597e+06,1.235462968390e+03,3.400432994054e+01,8.226695114415e-05
4.988635059937e-03,9.989643437892e+00,3.013253817928e+00,1.250026308507e+06,1.234895090789e+03,3.401996732544e+01,8.200691115982e-05
4.988657415320e-03,9.981116294196e+00,3.008818242320e+00,1.252727770511e+06,1.234326672448e+03,3.403563400985e+01,8.174723903184e-05
4.988679746166e-03,9.972580426268e+00,3.004377069172e+00,1.255437700781e+06,1.233757727266e+03,3.405132967130e+01,8.148794159647e-05
4.988702052586e-03,9.964035779107e+00,2.999930273062e+00,1.258156146799e+06,1.233188251844e+03,3.406705446390e+01,8.122901776568e-05
4.988724334881e-03,9.955482223118e+00,2.995477789790e+00,1.260883180080e+06,1.232618237812e+03,3.408280867974e+01,8.097046421648e-05
4.988746592928e-03,9.946919791842e+00,2.991019640110e+00,1.263618820427e+06,1.232047687678e+03,3.409859231095e+01,8.071228257562e-05
4.988768826640e-03,9.938348505041e+00,2.986555837672e+00,1.266363092150e+06,1.231476603027e+03,3.411440537508e+01,8.045447403926e-05
4.988791036281e-03,9.929768246924e+00,2.982086325590e+00,1.269116063161e+06,1.230904976416e+03,3.413024814009e+01,8.019703573375e-05
4.988813221578e-03,9.921179108860e+00,2.977611154937e+00,1.271877735154e+06,1.230332814207e+03,3.414612049177e+01,7.993997100816e-05
4.988835382864e-03,9.912580948050e+00,2.973130254847e+00,1.274648185250e+06,1.229760107159e+03,3.416202274883e+01,7.968327619861e-05
4.988857519883e-03,9.903973849908e+00,2.968643673432e+00,1.277427417324e+06,1.229186861240e+03,3.417795480830e+01,7.942695446841e-05
4.988879632985e-03,9.895357663715e+00,2.964151335780e+00,1.280215511648e+06,1.228613066687e+03,3.419391700457e+01,7.917100194650e-05
4.988901721801e-03,9.886732519099e+00,2.959653313202e+00,1.283012458055e+06,1.228038732412e+03,3.420990915299e+01,7.891542309924e-05
4.988923786714e-03,9.878098252743e+00,2.955149524309e+00,1.285818341473e+06,1.227463847819e+03,3.422593161221e+01,7.866021370250e-05
4.988945827604e-03,9.869454896367e+00,2.950639989488e+00,1.288633183810e+06,1.226888415299e+03,3.424198437960e+01,7.840537532265e-05
4.988967844445e-03,9.860802446581e+00,2.946124710881e+00,1.291457018538e+06,1.226312434911e+03,3.425806751777e+01,7.815090847963e-05
4.988989837318e-03,9.852140856245e+00,2.941603667861e+00,1.294289893609e+06,1.225735903797e+03,3.427418117096e+01,7.789681240908e-05
4.989011806244e-03,9.843470103194e+00,2.937076852897e+00,1.297131849054e+06,1.225158820768e+03,3.429032543727e+01,7.764308708752e-05
4.989033751235e-03,9.834790167351e+00,2.932544259612e+00,1.299982924438e+06,1.224581184773e+03,3.430650041127e+01,7.738973255511e-05
4.989055672397e-03,9.826100992763e+00,2.928005862957e+00,1.302843171340e+06,1.224002992376e+03,3.432270625468e+01,7.713674781197e-05
4.989077569736e-03,9.817402561346e+00,2.923461657717e+00,1.305712629144e+06,1.223424242663e+03,3.433894305907e+01,7.688413297001e-05
4.989099443056e-03,9.808694936983e+00,2.918911681577e+00,1.308591310355e+06,1.222844940170e+03,3.435521076313e+01,7.663189051160e-05
4.989121292654e-03,9.799977986361e+00,2.914355869250e+00,1.311479292840e+06,1.222265076322e+03,3.437150967405e+01,7.638001720687e-05
4.989143118504e-03,9.791251704259e+00,2.909794222446e+00,1.314376612398e+06,1.221684651062e+03,3.438783986030e+01,7.612851355086e-05
4.989164920549e-03,9.782516098891e+00,2.905226749970e+00,1.317283300548e+06,1.221103665232e+03,3.440420136529e+01,7.587738042094e-05
4.989186698800e-03,9.773771150405e+00,2.900653446028e+00,1.320199398336e+06,1.220522117805e+03,3.442059428527e+01,7.562661788344e-05
4.989208453490e-03,9.765016749823e+00,2.896074258278e+00,1.323124976809e+06,1.219940001830e+03,3.443701888399e+01,7.537622346327e-05
4.989230184309e-03,9.756253007249e+00,2.891489249038e+00,1.326060034065e+06,1.219357324926e+03,3.445347501454e+01,7.512620095425e-05
4.989251891697e-03,9.747479729466e+00,2.886898322017e+00,1.329004669952e+06,1.218774074544e+03,3.446996309978e+01,7.487654549499e-05
4.989273575162e-03,9.738697099820e+00,2.882301578030e+00,1.331958858263e+06,1.218190263175e+03,3.448648285529e+01,7.462726295022e-05
4.989295235245e-03,9.729904883720e+00,2.877698899240e+00,1.334922713467e+06,1.217605875524e+03,3.450303478285e+01,7.437834731062e-05
4.989316871554e-03,9.721103225078e+00,2.873090366006e+00,1.337896222857e+06,1.217020921462e+03,3.451961867235e+01,7.412980330716e-05
4.989338484531e-03,9.712291927484e+00,2.868475880580e+00,1.340879488830e+06,1.216435388238e+03,3.453623495509e+01,7.388162605216e-05
4.989360073836e-03,9.703471114579e+00,2.863855512882e+00,1.343872505813e+06,1.215849284374e+03,3.455288345946e+01,7.363381969148e-05
4.989381639723e-03,9.694640666433e+00,2.859229205345e+00,1.346875350977e+06,1.215262602207e+03,3.456956447342e+01,7.338638151391e-05
4.989403182014e-03,9.685800640232e+00,2.854596993253e+00,1.349888041604e+06,1.214675345846e+03,3.458627795102e+01,7.313931378302e-05
4.989424700831e-03,9.676950970024e+00,2.849958847461e+00,1.352910637097e+06,1.214087511219e+03,3.460302407907e+01,7.289261531317e-05
4.989446196380e-03,9.668091554773e+00,2.845314720493e+00,1.355943209216e+06,1.213499091925e+03,3.461980311159e+01,7.264628396266e-05
4.989467668342e-03,9.659222509865e+00,2.840664678402e+00,1.358985755908e+06,1.212910095940e+03,3.463661489295e+01,7.240032360758e-05
4.989489117148e-03,9.650343641456e+00,2.836008625201e+00,1.362038381374e+06,1.212320510706e+03,3.465345985388e+01,7.215472954551e-05
4.989510542309e-03,9.641455134819e+00,2.831346663778e+00,1.365101059840e+06,1.211730348839e+03,3.467033770641e+01,7.190950757051e-05
4.989531944355e-03,9.632556755064e+00,2.826678676747e+00,1.368173910401e+06,1.211139595060e+03,3.468724896027e+01,7.166465187327e-05
4.989553323004e-03,9.623648601939e+00,2.822004722327e+00,1.371256937085e+06,1.210548256310e+03,3.470419349024e+01,7.142016588242e-05
4.989574678493e-03,9.614730560667e+00,2.817324746276e+00,1.374350218307e+06,1.209956325290e+03,3.472117157912e+01,7.117604712871e-05
4.989596010586e-03,9.605802712748e+00,2.812638797428e+00,1.377453764737e+06,1.209363807729e+03,3.473818313656e+01,7.093229852309e-05
4.989617319460e-03,9.596864968545e+00,2.807946834890e+00,1.380567646699e+06,1.208770697999e+03,3.475522839838e+01,7.068891829422e-05
4.989638605181e-03,9.587917282374e+00,2.803248840917e+00,1.383691919579e+06,1.208176993394e+03,3.477230751715e+01,7.044590588717e-05
4.989659867877e-03,9.578959584419e+00,2.798544785171e+00,1.386826647536e+06,1.207582689606e+03,3.478942069216e+01,7.020326010476e-05
4.989681107093e-03,9.569992049358e+00,2.793834765807e+00,1.389971809370e+06,1.206987798552e+03,3.480656765555e+01,6.996098635880e-05
4.989702323412e-03,9.561014414007e+00,2.789118651094e+00,1.393127537611e+06,1.206392303100e+03,3.482374897690e+01,6.971907822530e-05
4.989723516513e-03,9.552026797202e+00,2.784396510053e+00,1.396293831039e+06,1.205796211459e+03,3.484096449572e+01,6.947753960682e-05
4.989744686619e-03,9.543029087018e+00,2.779668290567e+00,1.399470769857e+06,1.205199516540e+03,3.485821449335e+01,6.923636818999e-05
4.989765833671e-03,9.534021291842e+00,2.774934003818e+00,1.402658392192e+06,1.204602219230e+03,3.487549902128e+01,6.899556490232e-05
4.989786957635e-03,9.525003408576e+00,2.770193655056e+00,1.405856740451e+06,1.204004319660e+03,3.489281815303e+01,6.875513035812e-05
4.989808058716e-03,9.515975332165e+00,2.765447196020e+00,1.409065893528e+06,1.203405811199e+03,3.491017215858e+01,6.851506246228e-05
4.989829136548e-03,9.506937202700e+00,2.760694707429e+00,1.412285843477e+06,1.202806703467e+03,3.492756083693e+01,6.827536563600e-05
4.989850191737e-03,9.497888741883e+00,2.755936050102e+00,1.415516731626e+06,1.202206978359e+03,3.494498479225e+01,6.803603320788e-05
4.989871223921e-03,9.488830088052e+00,2.751171304046e+00,1.418758551116e+06,1.201606645383e+03,3.496244382754e+01,6.779706955913e-05
4.989892233061e-03,9.479761240335e+00,2.746400476159e+00,1.422011344936e+06,1.201005704824e+03,3.497993801363e+01,6.755847536570e-05
4.989913219438e-03,9.470682059745e+00,2.741623500778e+00,1.425275205973e+06,1.200404147813e+03,3.499746768844e+01,6.732024768285e-05
4.989934182952e-03,9.461592571587e+00,2.736840398767e+00,1.428550168499e+06,1.199801976369e+03,3.501503287343e+01,6.708238789601e-05
4.989955123636e-03,9.452492743823e+00,2.732051160923e+00,1.431836287676e+06,1.199199188719e+03,3.503263370091e+01,6.684489588411e-05
4.989976041439e-03,9.443382580680e+00,2.727255797228e+00,1.435133605884e+06,1.198595785488e+03,3.505027023354e+01,6.660777247281e-05
4.989996936611e-03,9.434261955693e+00,2.722454248972e+00,1.438442213140e+06,1.197991758652e+03,3.506794278733e+01,6.637101509670e-05
4.990017808906e-03,9.425130957272e+00,2.717646570662e+00,1.441762121916e+06,1.197387114414e+03,3.508565126264e+01,6.613462677644e-05
4.990038658482e-03,9.415989498264e+00,2.712832724480e+00,1.445093408707e+06,1.196781847353e+03,3.510339590032e+01,6.589860597592e-05
4.990059485464e-03,9.406837505983e+00,2.708012680324e+00,1.448436145181e+06,1.196175953013e+03,3.512117691383e+01,6.566295155433e-05
4.990080289589e-03,9.397675077230e+00,2.703186497459e+00,1.451790341426e+06,1.195569438157e+03,3.513899418772e+01,6.542766673128e-05
4.990101071174e-03,9.388502054826e+00,2.698354101485e+00,1.455156100733e+06,1.194962292737e+03,3.515684810053e+01,6.519274820039e-05
4.990121830112e-03,9.379318466494e+00,2.693515515507e+00,1.458533459059e+06,1.194354518946e+03,3.517473867184e+01,6.495819741266e-05
4.990142566528e-03,9.370124238153e+00,2.688670709101e+00,1.461922490089e+06,1.193746112241e+03,3.519266611987e+01,6.472401321762e-05
4.990163280223e-03,9.360919440334e+00,2.683819728158e+00,1.465323214542e+06,1.193137077652e+03,3.521063038108e+01,6.449019814866e-05
4.990183971350e-03,9.351703985892e+00,2.678962535591e+00,1.468735711632e+06,1.192527409773e+03,3.522863169994e+01,6.425675072569e-05
4.990204640019e-03,9.342477807315e+00,2.674099104762e+00,1.472160053776e+06,1.191917104505e+03,3.524667028327e+01,6.402366998655e-05
4.990225286213e-03,9.333240892352e+00,2.669229438280e+00,1.475596293286e+06,1.191306161404e+03,3.526474623041e+01,6.379095637471e-05
4.990245909915e-03,9.323993230112e+00,2.664353539579e+00,1.479044482293e+06,1.190694580116e+03,3.528285963844e+01,6.355861036609e-05
4.990266511082e-03,9.314734821281e+00,2.659471418325e+00,1.482504668911e+06,1.190082361057e+03,3.530101058187e+01,6.332663272448e-05
4.990287089758e-03,9.305465626031e+00,2.654583062931e+00,1.485976916735e+06,1.189469501963e+03,3.531919921511e+01,6.309502319776e-05
4.990307646107e-03,9.296185552425e+00,2.649688434446e+00,1.489461309307e+06,1.188855997127e+03,3.533742579544e+01,6.286378024608e-05
4.990328180236e-03,9.286894531762e+00,2.644787506294e+00,1.492957921948e+06,1.188241842386e+03,3.535569053528e+01,6.263290293010e-05
4.990348691680e-03,9.277592755494e+00,2.639880389241e+00,1.496466732355e+06,1.187627050766e+03,3.537399313575e+01,6.240239675843e-05
4.990369180999e-03,9.268279949878e+00,2.634966948780e+00,1.499987893895e+06,1.187011604556e+03,3.539233421327e+01,6.217225570402e-05
4.990389648000e-03,9.258956183889e+00,2.630047231329e+00,1.503521431076e+06,1.186395508693e+03,3.541071371073e+01,6.194248224826e-05
4.990410092664e-03,9.249621445339e+00,2.625121240607e+00,1.507067399377e+06,1.185778762749e+03,3.542913173097e+01,6.171307685486e-05
4.990430514944e-03,9.240275736862e+00,2.620188988287e+00,1.510625848973e+06,1.185161367284e+03,3.544758834773e+01,6.148404034869e-05
4.990450915294e-03,9.230918830611e+00,2.615250364525e+00,1.514196918300e+06,1.184543307628e+03,3.546608409093e+01,6.125536792878e-05
4.990471293106e-03,9.221550985321e+00,2.610305516425e+00,1.517780560588e+06,1.183924601260e+03,3.548461852911e+01,6.102706669198e-05
4.990491648762e-03,9.212172005608e+00,2.605354351521e+00,1.521376902837e+06,1.183305235661e+03,3.550319212897e+01,6.079913263676e-05
4.990511982533e-03,9.202781747247e+00,2.600396804471e+00,1.524986053212e+06,1.182685201695e+03,3.552180525748e+01,6.057156305530e-05
4.990532293858e-03,9.193380447615e+00,2.595433011538e+00,1.528607973587e+06,1.182064515431e+03,3.554045752530e+01,6.034436448074e-05
4.990552583233e-03,9.183967858205e+00,2.590462852576e+00,1.532242813171e+06,1.181443160851e+03,3.555914950710e+01,6.011753168333e-05
4.990572850307e-03,9.174544121574e+00,2.585486414066e+00,1.535890570803e+06,1.180821147760e+03,3.557788100190e+01,5.989106888232e-05
4.990593095567e-03,9.165108990215e+00,2.580503576647e+00,1.539551396605e+06,1.180198460220e+03,3.559665258428e+01,5.966497092139e-05
4.990613318615e-03,9.155662629102e+00,2.575514438925e+00,1.543225281305e+06,1.179575109513e+03,3.561546400921e+01,5.943924254995e-05
4.990633519676e-03,9.146204913221e+00,2.570518946494e+00,1.546912328574e+06,1.178951087793e+03,3.563431560886e+01,5.921388156649e-05
4.990653698756e-03,9.136735818985e+00,2.565517098656e+00,1.550612603139e+06,1.178326393902e+03,3.565320751425e+01,5.898888820751e-05
4.990673855890e-03,9.127255308803e+00,2.560508887458e+00,1.554326175634e+06,1.177701025763e+03,3.567213988482e+01,5.876426238042e-05
4.990693990902e-03,9.117763445075e+00,2.555494357915e+00,1.558053077890e+06,1.177074987898e+03,3.569111268044e+01,5.854000635593e-05
4.990714104201e-03,9.108260013681e+00,2.550473409100e+00,1.561793450759e+06,1.176448266590e+03,3.571012641446e+01,5.831611588039e-05
4.990734195444e-03,9.098745156143e+00,2.545446128126e+00,1.565547295744e+06,1.175820871580e+03,3.572918088949e+01,5.809259509662e-05
4.990754264863e-03,9.089218742049e+00,2.540412458577e+00,1.569314721860e+06,1.175192794679e+03,3.574827645264e+01,5.786944174289e-05
4.990774312523e-03,9.079680718202e+00,2.535372384985e+00,1.573095808250e+06,1.174564032791e+03,3.576741329737e+01,5.764665539181e-05
4.990794338150e-03,9.070131194202e+00,2.530325978056e+00,1.576890569896e+06,1.173934593555e+03,3.578659129063e+01,5.742423940978e-05
4.990814342022e-03,9.060570016879e+00,2.525273169791e+00,1.580699126522e+06,1.173304467290e+03,3.580581082732e+01,5.720219103543e-05
4.990834324236e-03,9.050997117801e+00,2.520213937122e+00,1.584521564826e+06,1.172673649900e+03,3.582507213329e+01,5.698050950706e-05
4.990854284513e-03,9.041412608851e+00,2.515148352437e+00,1.588357899916e+06,1.172042149182e+03,3.584437507166e+01,5.675919823261e-05
4.990874223197e-03,9.031816304376e+00,2.510076331025e+00,1.592208266358e+06,1.171409953320e+03,3.586372010526e+01,5.653825374529e-05
4.990894140001e-03,9.022208320109e+00,2.504997947624e+00,1.596072678435e+06,1.170777070359e+03,3.588310709014e+01,5.631767953278e-05
4.990914035362e-03,9.012588423989e+00,2.499913093309e+00,1.599951290696e+06,1.170143485442e+03,3.590253658444e+01,5.609747109950e-05
4.990933908812e-03,9.002956819853e+00,2.494821889716e+00,1.603844082619e+06,1.169509212416e+03,3.592200826685e+01,5.587763394079e-05
4.990953760659e-03,8.993313337220e+00,2.489724260786e+00,1.607751185147e+06,1.168874240483e+03,3.594152257252e+01,5.565816498542e-05
4.990973591000e-03,8.983657906738e+00,2.484620184081e+00,1.611672689044e+06,1.168238565507e+03,3.596107973328e+01,5.543906349846e-05
4.990993399777e-03,8.973990534562e+00,2.479509677243e+00,1.615608654967e+06,1.167602188322e+03,3.598067982872e+01,5.522033046479e-05
4.991013186622e-03,8.964311378570e+00,2.474392838289e+00,1.619559082066e+06,1.166965119756e+03,3.600032263045e+01,5.500197027652e-05
4.991032952343e-03,8.954620020563e+00,2.469269460864e+00,1.623524205121e+06,1.166327332717e+03,3.602000908008e+01,5.478397434479e-05
4.991052696262e-03,8.944916771393e+00,2.464139724203e+00,1.627503961585e+06,1.165688848097e+03,3.603973863970e+01,5.456635051474e-05
4.991072418873e-03,8.935201365953e+00,2.459003503226e+00,1.631498525213e+06,1.165049648895e+03,3.605951194189e+01,5.434909368256e-05
4.991092119860e-03,8.925473936846e+00,2.453860883283e+00,1.635507907086e+06,1.164409744271e+03,3.607932881118e+01,5.413220766547e-05
4.991111799435e-03,8.915734357075e+00,2.448711812654e+00,1.639532225596e+06,1.163769126314e+03,3.609918960097e+01,5.391569047752e-05
4.991131457646e-03,8.905982580069e+00,2.443556282326e+00,1.643571566634e+06,1.163127792407e+03,3.611909450159e+01,5.369954194453e-05
4.991151094250e-03,8.896218704452e+00,2.438394360215e+00,1.647625956428e+06,1.162485749478e+03,3.613904340742e+01,5.348376510122e-05
4.991170709576e-03,8.886442543593e+00,2.433225963618e+00,1.651695540091e+06,1.161842985703e+03,3.615903679597e+01,5.326835667699e-05
4.991190303647e-03,8.876654062762e+00,2.428051090326e+00,1.655780400369e+06,1.161199499250e+03,3.617907483538e+01,5.305331678128e-05
4.991209876162e-03,8.866853389202e+00,2.422869823938e+00,1.659880552854e+06,1.160555298934e+03,3.619915736246e+01,5.283864906705e-05
4.991229427519e-03,8.857040301780e+00,2.417682064068e+00,1.663996159306e+06,1.159910370673e+03,3.621928492811e+01,5.262434955412e-05
4.991248957578e-03,8.847214846345e+00,2.412487851668e+00,1.668127270399e+06,1.159264717936e+03,3.623945753695e+01,5.241042012222e-05
4.991268466213e-03,8.837377063820e+00,2.407287225266e+00,1.672273939251e+06,1.158618343867e+03,3.625967520377e+01,5.219686252448e-05
4.991287953739e-03,8.827526772086e+00,2.402080105681e+00,1.676436313560e+06,1.157971236961e+03,3.627993840224e+01,5.198367368116e-05
4.991307420072e-03,8.817663990168e+00,2.396866520259e+00,1.680614456895e+06,1.157323398929e+03,3.630024719360e+01,5.177085489089e-05
4.991326864971e-03,8.807788816542e+00,2.391646538534e+00,1.684808399550e+06,1.156674836697e+03,3.632060147543e+01,5.155840914574e-05
4.991346288974e-03,8.797900954980e+00,2.386420021603e+00,1.689018340020e+06,1.156025531280e+03,3.634100195941e+01,5.134633095816e-05
4.991365691670e-03,8.788000590308e+00,2.381187085048e+00,1.693244272951e+06,1.155375495279e+03,3.636144836621e+01,5.113462518458e-05
4.991385073234e-03,8.778087610289e+00,2.375947687620e+00,1.697486320045e+06,1.154724721790e+03,3.638194102972e+01,5.092329030280e-05
4.991404433691e-03,8.768161977633e+00,2.370701827899e+00,1.701744571713e+06,1.154073208840e+03,3.640248012974e+01,5.071232640795e-05
4.991423773105e-03,8.758223636983e+00,2.365449495121e+00,1.706019126802e+06,1.153420953263e+03,3.642306588439e+01,5.050173321825e-05
4.991443091421e-03,8.748272591463e+00,2.360190709638e+00,1.710310059659e+06,1.152767955740e+03,3.644369839119e+01,5.029151169517e-05
4.991462388606e-03,8.738308834660e+00,2.354925486968e+00,1.714617449283e+06,1.152114216325e+03,3.646437776771e+01,5.008166259331e-05
4.991481664986e-03,8.728332173964e+00,2.349653744453e+00,1.718941455940e+06,1.151459722858e+03,3.648510451911e+01,4.987218276331e-05
4.991500920150e-03,8.718342798004e+00,2.344375601101e+00,1.723282075436e+06,1.150804488193e+03,3.650587835919e+01,4.966307706786e-05
4.991520154345e-03,8.708340555193e+00,2.339090996363e+00,1.727639451727e+06,1.150148502869e+03,3.652669970907e+01,4.945434322593e-05
4.991539367790e-03,8.698325305963e+00,2.333799876273e+00,1.732013724577e+06,1.149491758214e+03,3.654756896659e+01,4.924597924483e-05
4.991558560210e-03,8.688297170235e+00,2.328502324180e+00,1.736404921169e+06,1.148834262579e+03,3.656848598947e+01,4.903798853605e-05
4.991577731717e-03,8.678256064202e+00,2.323198316020e+00,1.740813158310e+06,1.148176010957e+03,3.658945106039e+01,4.883037026794e-05
4.991596882177e-03,8.668202034516e+00,2.317887896861e+00,1.745238496277e+06,1.147517006891e+03,3.661046419040e+01,4.862312630991e-05
4.991616012051e-03,8.658134814213e+00,2.312570946361e+00,1.749681134140e+06,1.146857233376e+03,3.663152604690e+01,4.841625208387e-05
4.991635120989e-03,8.648054562508e+00,2.307247569508e+00,1.754141083928e+06,1.146196701341e+03,3.665263640694e+01,4.820975179294e-05
4.991654208986e-03,8.637961257113e+00,2.301917775639e+00,1.758618438281e+06,1.145535409817e+03,3.667379542741e+01,4.800362588999e-05
4.991673276260e-03,8.627854758793e+00,2.296581512579e+00,1.763113342517e+06,1.144873350179e+03,3.669500351118e+01,4.779787245412e-05
4.991692322901e-03,8.617734994526e+00,2.291238763371e+00,1.767625913517e+06,1.144210518144e+03,3.671626092355e+01,4.759249093983e-05
4.991711348572e-03,8.607602117579e+00,2.285889630751e+00,1.772156167912e+06,1.143546924248e+03,3.673756745490e+01,4.738748538347e-05
4.991730353613e-03,8.597455923099e+00,2.280534028632e+00,1.776704282946e+06,1.142882555579e+03,3.675892364869e+01,4.718285256663e-05
4.991749338103e-03,8.587296342915e+00,2.275171943350e+00,1.781270375776e+06,1.142217408180e+03,3.678032976247e+01,4.697859206594e-05
4.991768301617e-03,8.577123579354e+00,2.269803504228e+00,1.785854442606e+06,1.141551495799e+03,3.680178548407e+01,4.677470887925e-05
4.991787244698e-03,8.566937316474e+00,2.264428567325e+00,1.790456713709e+06,1.140884798265e+03,3.682329159459e+01,4.657119761193e-05
4.991806167025e-03,8.556737700627e+00,2.259047232914e+00,1.795077211730e+06,1.140217325667e+03,3.684484790080e+01,4.636806213879e-05
4.991825068874e-03,8.546524557770e+00,2.253659432461e+00,1.799716105004e+06,1.139549067126e+03,3.686645488687e+01,4.616529994158e-05
4.991843949985e-03,8.536298003740e+00,2.248265250621e+00,1.804373431150e+06,1.138880030737e+03,3.688811242455e+01,4.596291426893e-05
4.991862810558e-03,8.526057903577e+00,2.242864639998e+00,1.809049342592e+06,1.138210208186e+03,3.690982091699e+01,4.576090339514e-05
4.991881650614e-03,8.515804220662e+00,2.237457605339e+00,1.813743947914e+06,1.137539597593e+03,3.693158056023e+01,4.555926755633e-05
4.991900470197e-03,8.505536905538e+00,2.232044144888e+00,1.818457362420e+06,1.136868196245e+03,3.695339157822e+01,4.535800674268e-05
4.991919269202e-03,8.495255989612e+00,2.226624299783e+00,1.823189665106e+06,1.136196006719e+03,3.697525402374e+01,4.515712252851e-05
4.991938047743e-03,8.484961384488e+00,2.221198048262e+00,1.827940990882e+06,1.135523023756e+03,3.699716820500e+01,4.495661414570e-05
4.991956805790e-03,8.474653080770e+00,2.215765410482e+00,1.832711439143e+06,1.134849247267e+03,3.701913426286e+01,4.475648237566e-05
4.991975543486e-03,8.464330973698e+00,2.210326356620e+00,1.837501154308e+06,1.134174670935e+03,3.704115254224e+01,4.455672615594e-05
4.991994260814e-03,8.453995046503e+00,2.204880903497e+00,1.842310241008e+06,1.133499294190e+03,3.706322320158e+01,4.435734614084e-05
4.992012957485e-03,8.443645433256e+00,2.199429147663e+00,1.847138734344e+06,1.132823126325e+03,3.708534607717e+01,4.415834587663e-05
4.992031634112e-03,8.433281768154e+00,2.193970922635e+00,1.851986903491e+06,1.132146143975e+03,3.710752207474e+01,4.395971930986e-05
4.992050290205e-03,8.422904296359e+00,2.188506384026e+00,1.856854733222e+06,1.131468363688e+03,3.712975079449e+01,4.376147212660e-05
4.992068925965e-03,8.412512880588e+00,2.183035486297e+00,1.861742388057e+06,1.130789777034e+03,3.715203265526e+01,4.356360267392e-05
4.992087541502e-03,8.402107432694e+00,2.177558210097e+00,1.866650010642e+06,1.130110378797e+03,3.717436797203e+01,4.336611026232e-05
4.992106136736e-03,8.391687970325e+00,2.172074592057e+00,1.871577694758e+06,1.129430170670e+03,3.719675683373e+01,4.316899621734e-05
4.992124711732e-03,8.381254431305e+00,2.166584627082e+00,1.876525572785e+06,1.128749149135e+03,3.721919950129e+01,4.297226035249e-05
4.992143266379e-03,8.370806851455e+00,2.161088361935e+00,1.881493731572e+06,1.128067317076e+03,3.724169602550e+01,4.277590433012e-05
4.992161801035e-03,8.360345002122e+00,2.155585704548e+00,1.886482384778e+06,1.127384660117e+03,3.726424702782e+01,4.257992485488e-05
4.992180315307e-03,8.349869077867e+00,2.150076785771e+00,1.891491545455e+06,1.126701191500e+03,3.728685221855e+01,4.238432657138e-05
4.992198809449e-03,8.339378909820e+00,2.144561545603e+00,1.896521400999e+06,1.126016900760e+03,3.730951209199e+01,4.218910731804e-05
4.992217283361e-03,8.328874526713e+00,2.139040028263e+00,1.901572045353e+06,1.125331790320e+03,3.733222671717e+01,4.199426863019e-05
4.992235737381e-03,8.318355709500e+00,2.133512148044e+00,1.906643692673e+06,1.124645846448e+03,3.735499669996e+01,4.179980746050e-05
4.992254171144e-03,8.307822639080e+00,2.127978029756e+00,1.911736365501e+06,1.123959081500e+03,3.737782178144e+01,4.160572816756e-05
4.992272584741e-03,8.297275237397e+00,2.122437662408e+00,1.916850212158e+06,1.123271490941e+03,3.740070226373e+01,4.141203030970e-05
4.992290978450e-03,8.286713317048e+00,2.116890977921e+00,1.921985435332e+06,1.122583063112e+03,3.742363868779e+01,4.121871146513e-05
4.992309352096e-03,8.276136952420e+00,2.111338046052e+00,1.927142111737e+06,1.121893803427e+03,3.744663102725e+01,4.102577402194e-05
4.992327705576e-03,8.265546174552e+00,2.105778914074e+00,1.932320339961e+06,1.121203714470e+03,3.746967935005e+01,4.083321955511e-05
4.992346039184e-03,8.254940787314e+00,2.100213510347e+00,1.937520330791e+06,1.120512784023e+03,3.749278421959e+01,4.064104551943e-05
4.992364352740e-03,8.244320867846e+00,2.094641907001e+00,1.942742162399e+06,1.119821017682e+03,3.751594560520e+01,4.044925434077e-05
4.992382646468e-03,8.233686257690e+00,2.089064052878e+00,1.947986029784e+06,1.119128405695e+03,3.753916399069e+01,4.025784418831e-05
4.992400920218e-03,8.223037017766e+00,2.083480012238e+00,1.953252021130e+06,1.118434952597e+03,3.756243938227e+01,4.006681719370e-05
4.992419173949e-03,8.212373143895e+00,2.077889815506e+00,1.958540257658e+06,1.117740658688e+03,3.758577192852e+01,3.987617430524e-05
4.992437407833e-03,8.201694509049e+00,2.072293429060e+00,1.963850922695e+06,1.117045516274e+03,3.760916204777e+01,3.968591428370e-05
4.992455621907e-03,8.191001063188e+00,2.066690859995e+00,1.969184162741e+06,1.116349522672e+03,3.763260999135e+01,3.949603728206e-05
4.992473816206e-03,8.180292757971e+00,2.061082116651e+00,1.974540124694e+06,1.115652675312e+03,3.765611600786e+01,3.930654349117e-05
4.992491990555e-03,8.169569669598e+00,2.055467272939e+00,1.979918894241e+06,1.114954979736e+03,3.767968007293e+01,3.911743529999e-05
4.992510145129e-03,8.158831666312e+00,2.049846294203e+00,1.985320662443e+06,1.114256427949e+03,3.770330261989e+01,3.892871142513e-05
4.992528279899e-03,8.148078737721e+00,2.044219209704e+00,1.990745560780e+06,1.113557019857e+03,3.772698381655e+01,3.874037273340e-05
4.992546395011e-03,8.137310769913e+00,2.038585994898e+00,1.996193774214e+06,1.112856748638e+03,3.775072405953e+01,3.855241828679e-05
4.992564490331e-03,8.126527814931e+00,2.032946712433e+00,2.001665405126e+06,1.112155618263e+03,3.777452338074e+01,3.836485005134e-05
4.992582565922e-03,8.115729806349e+00,2.027301363334e+00,2.007160617099e+06,1.111453625000e+03,3.779838207417e+01,3.817766792453e-05
4.992600621789e-03,8.104916714017e+00,2.021649967973e+00,2.012679556620e+06,1.110750767478e+03,3.782230035463e+01,3.799087244124e-05
4.992618658075e-03,8.094088424393e+00,2.015992503528e+00,2.018222414129e+06,1.110047038910e+03,3.784627862255e+01,3.780446270706e-05
4.992636674532e-03,8.083245058700e+00,2.010329070197e+00,2.023789261259e+06,1.109342447767e+03,3.787031675946e+01,3.761844186867e-05
4.992654671536e-03,8.072386361997e+00,2.004659572076e+00,2.029380363949e+06,1.108636978075e+03,3.789441548158e+01,3.743280662061e-05
4.992672648929e-03,8.061512401487e+00,1.998984081909e+00,2.034995824092e+06,1.107930634802e+03,3.791857479195e+01,3.724755919419e-05
4.992690606771e-03,8.050623113231e+00,1.993302604337e+00,2.040635812451e+06,1.107223414392e+03,3.794279498556e+01,3.706269957583e-05
4.992708544792e-03,8.039718632897e+00,1.987615248504e+00,2.046300397662e+06,1.106515326252e+03,3.796707591398e+01,3.687823113066e-05
4.992726463458e-03,8.028798649282e+00,1.981921890868e+00,2.051989881763e+06,1.105806350777e+03,3.799141842461e+01,3.669414966910e-05
4.992744362596e-03,8.017863239992e+00,1.976222611089e+00,2.057704366298e+06,1.105096493612e+03,3.801582250042e+01,3.651045759291e-05
4.992762242272e-03,8.006912334676e+00,1.970517412063e+00,2.063444031316e+06,1.104385750793e+03,3.804028845512e+01,3.632715480676e-05
4.992780102319e-03,7.995946009686e+00,1.964806373511e+00,2.069208981381e+06,1.103674127880e+03,3.806481627537e+01,3.614424366865e-05
4.992797943014e-03,7.984964065328e+00,1.959089431790e+00,2.074999467534e+06,1.102961612525e+03,3.808940656606e+01,3.596172193500e-05
4.992815764259e-03,7.973966534278e+00,1.953366644685e+00,2.080815620218e+06,1.102248207457e+03,3.811405941370e+01,3.577959124724e-05
4.992833566078e-03,7.962953373207e+00,1.947638030807e+00,2.086657611403e+06,1.101533910475e+03,3.813877507581e+01,3.559785198115e-05
4.992851348545e-03,7.951924507576e+00,1.941903592970e+00,2.092525631212e+06,1.100818717359e+03,3.816355388102e+01,3.541650400676e-05
4.992869111575e-03,7.940879962937e+00,1.936163386447e+00,2.098419818118e+06,1.100102630380e+03,3.818839593417e+01,3.523554884323e-05
4.992886855171e-03,7.929819708403e+00,1.930417437565e+00,2.104340342115e+06,1.099385648150e+03,3.821330146776e+01,3.505498707788e-05
4.992904579621e-03,7.918743536134e+00,1.924665681188e+00,2.110287469746e+06,1.098667757811e+03,3.823827111441e+01,3.487481642997e-05
4.992922284569e-03,7.907651640564e+00,1.918908261538e+00,2.116261253367e+06,1.097948972587e+03,3.826330460098e+01,3.469504117024e-05
4.992939970474e-03,7.896543705343e+00,1.913145058089e+00,2.122262021786e+06,1.097229272598e+03,3.828840280795e+01,3.451565728558e-05
4.992957636864e-03,7.885419999073e+00,1.907376254308e+00,2.128289789910e+06,1.096508675866e+03,3.831356529584e+01,3.433667022678e-05
4.992975284056e-03,7.874280293402e+00,1.901601776274e+00,2.134344842932e+06,1.095787168220e+03,3.833879274903e+01,3.415807742277e-05
4.992992912129e-03,7.863124510405e+00,1.895821628600e+00,2.140427386652e+06,1.095064745242e+03,3.836408551371e+01,3.397987875314e-05
4.993010520914e-03,7.851952728325e+00,1.890035897245e+00,2.146537543448e+06,1.094341412621e+03,3.838944358307e+01,3.380207659015e-05
4.993028110505e-03,7.840764858726e+00,1.884244582250e+00,2.152675528314e+06,1.093617165256e+03,3.841486732915e+01,3.362467064393e-05
4.993045680916e-03,7.829560866019e+00,1.878447711501e+00,2.158841529179e+06,1.092892001476e+03,3.844035700521e+01,3.344766147479e-05
4.993063232253e-03,7.818340652545e+00,1.872645281236e+00,2.165035770038e+06,1.092165915587e+03,3.846591300718e+01,3.327104867191e-05
4.993080764421e-03,7.807104251635e+00,1.866837355909e+00,2.171258404503e+06,1.091438910376e+03,3.849153543395e+01,3.309483389235e-05
4.993098277456e-03,7.795851611168e+00,1.861023956237e+00,2.177509635139e+06,1.090710983104e+03,3.851722457991e+01,3.291901744737e-05
4.993115771430e-03,7.784582656634e+00,1.855205091859e+00,2.183789678922e+06,1.089982129585e+03,3.854298079189e+01,3.274359930844e-05
4.993133246472e-03,7.773297277500e+00,1.849380754326e+00,2.190098775069e+06,1.089252343304e+03,3.856880450091e+01,3.256857890308e-05
4.993150702205e-03,7.761995687589e+00,1.843551103030e+00,2.196436983250e+06,1.088521638722e+03,3.859469539643e+01,3.239396067896e-05
4.993168139041e-03,7.750677593541e+00,1.837716036158e+00,2.202804649064e+06,1.087789997507e+03,3.862065433022e+01,3.221974123748e-05
4.993185557052e-03,7.739342918351e+00,1.831875564090e+00,2.209201999293e+06,1.087057415325e+03,3.864668166087e+01,3.204592055881e-05
4.993202955809e-03,7.727991913863e+00,1.826029867068e+00,2.215629076826e+06,1.086323909088e+03,3.867277699229e+01,3.187250364648e-05
4.993220335802e-03,7.716624233118e+00,1.820178817369e+00,2.222086265133e+06,1.085589457015e+03,3.869894130548e+01,3.169948634492e-05
4.993237696840e-03,7.705239970578e+00,1.814322515120e+00,2.228573699833e+06,1.084854065853e+03,3.872517456806e+01,3.152687125675e-05
4.993255038724e-03,7.693839230718e+00,1.808461065970e+00,2.235091512260e+06,1.084117742990e+03,3.875147672444e+01,3.135466110473e-05
4.993272361914e-03,7.682421682342e+00,1.802594352078e+00,2.241640084933e+06,1.083380467677e+03,3.877784872565e+01,3.118285204143e-05
4.993289666385e-03,7.670987313325e+00,1.796722420245e+00,2.248219620485e+06,1.082642239779e+03,3.880429078884e+01,3.101144506825e-05
4.993306951696e-03,7.659536386674e+00,1.790845458957e+00,2.254830164817e+06,1.081903076921e+03,3.883080249464e+01,3.084044528064e-05
4.993324218206e-03,7.648068638227e+00,1.784963386528e+00,2.261472069690e+06,1.081162962694e+03,3.885738464445e+01,3.066984988062e-05
4.993341466071e-03,7.636583934774e+00,1.779076189143e+00,2.268145614227e+06,1.080421889147e+03,3.888403773939e+01,3.049965806692e-05
4.993358695125e-03,7.625082358792e+00,1.773183964097e+00,2.274850954616e+06,1.079679862253e+03,3.891076178137e+01,3.032987224131e-05
4.993375905155e-03,7.613564025707e+00,1.767286825956e+00,2.281588229430e+06,1.078936890104e+03,3.893755669551e+01,3.016049526172e-05
4.993393096782e-03,7.602028491606e+00,1.761384603484e+00,2.288357906887e+06,1.078192944717e+03,3.896442371014e+01,2.999152178081e-05
4.993410269376e-03,7.590476150699e+00,1.755477554931e+00,2.295159966468e+06,1.077448052162e+03,3.899136210391e+01,2.982295875217e-05
4.993427423475e-03,7.578906613637e+00,1.749565538258e+00,2.301994850402e+06,1.076702187986e+03,3.901837298227e+01,2.965480166768e-05
4.993444558781e-03,7.567320054648e+00,1.743648700129e+00,2.308862671329e+06,1.075955364073e+03,3.904545613780e+01,2.948705424798e-05
4.993461675358e-03,7.555716401500e+00,1.737727061747e+00,2.315763689733e+06,1.075207576417e+03,3.907261193926e+01,2.931971661920e-05
4.993478773356e-03,7.544095526121e+00,1.731800616430e+00,2.322698202088e+06,1.074458817415e+03,3.909984088807e+01,2.915278812004e-05
4.993495852785e-03,7.532457393079e+00,1.725869405359e+00,2.329666452432e+06,1.073709085439e+03,3.912714327048e+01,2.898626943747e-05
4.993512913419e-03,7.520802129836e+00,1.719933553229e+00,2.336668589529e+06,1.072958389354e+03,3.915451899121e+01,2.882016357618e-05
4.993529955697e-03,7.509129408363e+00,1.713992953302e+00,2.343705038296e+06,1.072206708684e+03,3.918196902637e+01,2.865446705552e-05
4.993546979203e-03,7.497439486561e+00,1.708047797707e+00,2.350775873674e+06,1.071454060689e+03,3.920949297641e+01,2.848918473155e-05
4.993563984356e-03,7.485732049709e+00,1.702097987809e+00,2.357881518965e+06,1.070700425763e+03,3.923709179035e+01,2.832431334935e-05
4.993580970669e-03,7.474007405529e+00,1.696143741953e+00,2.365022022849e+06,1.069945824369e+03,3.926476495178e+01,2.815985843210e-05
4.993597938772e-03,7.462265093271e+00,1.690184888697e+00,2.372197904204e+06,1.069190227506e+03,3.929251375893e+01,2.799581471537e-05
4.993614888203e-03,7.450505404013e+00,1.684221638907e+00,2.379409226317e+06,1.068433654559e+03,3.932033773645e+01,2.783218747427e-05
4.993631819268e-03,7.438728099892e+00,1.678253935634e+00,2.386656378701e+06,1.067676090880e+03,3.934823766028e+01,2.766897459683e-05
4.993648731919e-03,7.426933186863e+00,1.672281846210e+00,2.393939604420e+06,1.066917537511e+03,3.937621373149e+01,2.750617737977e-05
4.993665625860e-03,7.415120845001e+00,1.666305526587e+00,2.401259041358e+06,1.066158006684e+03,3.940426573840e+01,2.734379949856e-05
4.993682501759e-03,7.403290580491e+00,1.660324792379e+00,2.408615247908e+06,1.065397467301e+03,3.943239507163e+01,2.718183537914e-05
4.993699359095e-03,7.391442732006e+00,1.654339880886e+00,2.416008268934e+06,1.064635941794e+03,3.946060114542e+01,2.702029088146e-05
4.993716198061e-03,7.379577138256e+00,1.648350777191e+00,2.423438462988e+06,1.063873420450e+03,3.948888456353e+01,2.685916500659e-05
4.993733018615e-03,7.367693802195e+00,1.642357549972e+00,2.430906089294e+06,1.063109904113e+03,3.951724554047e+01,2.669845900396e-05
4.993749820955e-03,7.355792557241e+00,1.636360183035e+00,2.438411516835e+06,1.062345382733e+03,3.954568469725e+01,2.653817183960e-05
4.993766604870e-03,7.343873527482e+00,1.630358807319e+00,2.445954934663e+06,1.061579864937e+03,3.957420196199e+01,2.637830640173e-05
4.993783370613e-03,7.331936507757e+00,1.624353388539e+00,2.453536743049e+06,1.060813338203e+03,3.960279805159e+01,2.621886115746e-05
4.993800118019e-03,7.319981588989e+00,1.618344042081e+00,2.461157157936e+06,1.060045809026e+03,3.963147297591e+01,2.605983854490e-05
4.993816847202e-03,7.308008664661e+00,1.612330784622e+00,2.468816524032e+06,1.059277271218e+03,3.966022721937e+01,2.590123836600e-05
4.993833558011e-03,7.296017817639e+00,1.606313728591e+00,2.476515068292e+06,1.058507730748e+03,3.968906081311e+01,2.574306293357e-05
4.993850250784e-03,7.284008779495e+00,1.600292810774e+00,2.484253246544e+06,1.057737171044e+03,3.971797463462e+01,2.558530993357e-05
4.993866925350e-03,7.271981648529e+00,1.594268152615e+00,2.492031282496e+06,1.056965599069e+03,3.974696868118e+01,2.542798189431e-05
4.993883581762e-03,7.259936361629e+00,1.588239795220e+00,2.499849507229e+06,1.056193011424e+03,3.977604333997e+01,2.527107921746e-05
4.993900219930e-03,7.247872957742e+00,1.582207831408e+00,2.507708189088e+06,1.055419411255e+03,3.980519875328e+01,2.511460363381e-05
4.993916840002e-03,7.235791306265e+00,1.576172269846e+00,2.515607710306e+06,1.054644790837e+03,3.983443547460e+01,2.495855467560e-05
4.993933441912e-03,7.223691430583e+00,1.570133196840e+00,2.523548356381e+06,1.053869152319e+03,3.986375368682e+01,2.480293387526e-05
4.993950025825e-03,7.211573186015e+00,1.564090615466e+00,2.531530526784e+06,1.053092487074e+03,3.989315398181e+01,2.464774060755e-05
4.993966591511e-03,7.199436715733e+00,1.558044673004e+00,2.539554435269e+06,1.052314804925e+03,3.992263625477e+01,2.449297793550e-05
4.993983139425e-03,7.187281662798e+00,1.551995268251e+00,2.547620629904e+06,1.051536083646e+03,3.995220161755e+01,2.433864255094e-05
4.993999668974e-03,7.175108439293e+00,1.545942683492e+00,2.555729152803e+06,1.050756350282e+03,3.998184931346e+01,2.418474091859e-05
4.994016180702e-03,7.162916621234e+00,1.539886785735e+00,2.563880605657e+06,1.049975578320e+03,4.001158062209e+01,2.403126890558e-05
4.994032674393e-03,7.150706343618e+00,1.533827720623e+00,2.572075221895e+06,1.049193777048e+03,4.004139546388e+01,2.387822945929e-05
4.994049150219e-03,7.138477455492e+00,1.527765492462e+00,2.580313430349e+06,1.048410937441e+03,4.007129445846e+01,2.372562193100e-05
4.994065607796e-03,7.126230220985e+00,1.521700311969e+00,2.588595384185e+06,1.047627077045e+03,4.010127721173e+01,2.357345084375e-05
4.994082047693e-03,7.113964192298e+00,1.515632037886e+00,2.596921721641e+06,1.046842167839e+03,4.013134507380e+01,2.342171187157e-05
4.994098469619e-03,7.101679563783e+00,1.509560847645e+00,2.605292650789e+06,1.046056222898e+03,4.016149782462e+01,2.327040867384e-05
4.994114873677e-03,7.089376237010e+00,1.503486774453e+00,2.613708582534e+06,1.045269236560e+03,4.019173596311e+01,2.311954127811e-05
4.994131259619e-03,7.077054375337e+00,1.497409981412e+00,2.622169752912e+06,1.044481219903e+03,4.022205934607e+01,2.296911291532e-05
4.994147627987e-03,7.064713548727e+00,1.491330339685e+00,2.630676809762e+06,1.043692146058e+03,4.025246929268e+01,2.281911958194e-05
4.994163978469e-03,7.052353971489e+00,1.485248038865e+00,2.639229962652e+06,1.042902029362e+03,4.028296553811e+01,2.266956514280e-05
4.994180311114e-03,7.039975584738e+00,1.479163134541e+00,2.647829613571e+06,1.042110866676e+03,4.031354849161e+01,2.252045012477e-05
4.994196625898e-03,7.027578384464e+00,1.473075709988e+00,2.656476131074e+06,1.041318658369e+03,4.034421842873e+01,2.237177571845e-05
4.994212922820e-03,7.015162352520e+00,1.466985842206e+00,2.665169898058e+06,1.040525403900e+03,4.037497566150e+01,2.222354294110e-05
4.994229202200e-03,7.002727223052e+00,1.460893487531e+00,2.673911476099e+06,1.039731086911e+03,4.040582111841e+01,2.207574987349e-05
4.994245463593e-03,6.990273316032e+00,1.454798890089e+00,2.682701020145e+06,1.038935728457e+03,4.043675427680e+01,2.192840156207e-05
4.994261707521e-03,6.977800211575e+00,1.448701932473e+00,2.691539211321e+06,1.038139302341e+03,4.046777645265e+01,2.178149428522e-05
4.994277933618e-03,6.965308169659e+00,1.442602830594e+00,2.700426255347e+06,1.037341825777e+03,4.049888727467e+01,2.163503235930e-05
4.994294141987e-03,6.952797092240e+00,1.436501625980e+00,2.709362616265e+06,1.036543293115e+03,4.053008726296e+01,2.148901586846e-05
4.994310332634e-03,6.940266955732e+00,1.430398397265e+00,2.718348710391e+06,1.035743703458e+03,4.056137675433e+01,2.134344577592e-05
4.994326505909e-03,6.927717470352e+00,1.424293094306e+00,2.727385150779e+06,1.034943038924e+03,4.059275675348e+01,2.119831997557e-05
4.994342661212e-03,6.915149081468e+00,1.418186025350e+00,2.736472026620e+06,1.034141328529e+03,4.062422642860e+01,2.105364485777e-05
4.994358799149e-03,6.902561300535e+00,1.412077045275e+00,2.745610106242e+06,1.033338541708e+03,4.065578728655e+01,2.090941603631e-05
4.994374919436e-03,6.889954329919e+00,1.405966345427e+00,2.754799663789e+06,1.032534691967e+03,4.068743910651e+01,2.076563708690e-05
4.994391022146e-03,6.877328095803e+00,1.399853983755e+00,2.764041179046e+06,1.031729775193e+03,4.071918236122e+01,2.062230840688e-05
4.994407107323e-03,6.864682545140e+00,1.393740029069e+00,2.773335122526e+06,1.030923788595e+03,4.075101747373e+01,2.047943063826e-05
4.994423174811e-03,6.852017783898e+00,1.387624627739e+00,2.782681853353e+06,1.030116739513e+03,4.078294446825e+01,2.033700621135e-05
4.994439224983e-03,6.839333502254e+00,1.381507726108e+00,2.792082043292e+06,1.029308608788e+03,4.081496441951e+01,2.019503288661e-05
4.994455257686e-03,6.826629802235e+00,1.375389470161e+00,2.801536066035e+06,1.028499403503e+03,4.084707736630e+01,2.005351306291e-05
4.994471272673e-03,6.813906865007e+00,1.369270044423e+00,2.811044240989e+06,1.027689135772e+03,4.087928314714e+01,1.991244998377e-05
4.994487270401e-03,6.801164312403e+00,1.363149365102e+00,2.820607311350e+06,1.026877782085e+03,4.091158301846e+01,1.977184069279e-05
4.994503250741e-03,6.788402230059e+00,1.357027572323e+00,2.830225680192e+06,1.026065348468e+03,4.094397706555e+01,1.963168739066e-05
4.994519213622e-03,6.775620660284e+00,1.350904785975e+00,2.839899788629e+06,1.025251838177e+03,4.097646548445e+01,1.949199177975e-05
4.994535158896e-03,6.762819706485e+00,1.344781155774e+00,2.849630037066e+06,1.024437258352e+03,4.100904831665e+01,1.935275620874e-05
4.994551086973e-03,6.749999027096e+00,1.338656619368e+00,2.859417170671e+06,1.023621587815e+03,4.104172673883e+01,1.921397819554e-05
4.994566997646e-03,6.737158772771e+00,1.332531350612e+00,2.869261566848e+06,1.022804836704e+03,4.107450067699e+01,1.907566061430e-05
4.994582891028e-03,6.724298839101e+00,1.326405402245e+00,2.879163804332e+06,1.021986998928e+03,4.110737070918e+01,1.893780357294e-05
4.994598767054e-03,6.711419266623e+00,1.320278896867e+00,2.889124357326e+06,1.021168077607e+03,4.114033704546e+01,1.880040873747e-05
4.994614625772e-03,6.698520002519e+00,1.314151913350e+00,2.899143778752e+06,1.020348069921e+03,4.117340013654e+01,1.866347677032e-05
4.994630467260e-03,6.685600971500e+00,1.308024520728e+00,2.909222646263e+06,1.019526971619e+03,4.120656049340e+01,1.852700810283e-05
4.994646291260e-03,6.672662372077e+00,1.301896918564e+00,2.919361330618e+06,1.018704795844e+03,4.123981792562e+01,1.839100604520e-05
4.994662098284e-03,6.659703775062e+00,1.295769009879e+00,2.929560701428e+06,1.017881515850e+03,4.127317385862e+01,1.825546731265e-05
4.994677887903e-03,6.646725520205e+00,1.289641062393e+00,2.939821031948e+06,1.017057153741e+03,4.130662774243e+01,1.812039668630e-05
4.994693660479e-03,6.633727299296e+00,1.283513038310e+00,2.950143113614e+06,1.016231690452e+03,4.134018069785e+01,1.798579217629e-05
4.994709415813e-03,6.620709266614e+00,1.277385118924e+00,2.960527379476e+06,1.015405136293e+03,4.137383265565e+01,1.785165660468e-05
4.994725153763e-03,6.607671529757e+00,1.271257463946e+00,2.970974305833e+06,1.014577498592e+03,4.140758366715e+01,1.771799227530e-05
4.994740874839e-03,6.594613656636e+00,1.265129980319e+00,2.981484809640e+06,1.013748750419e+03,4.144143518411e+01,1.758479597459e-05
4.994756578557e-03,6.581536042413e+00,1.259002964234e+00,2.992059151368e+06,1.012918917347e+03,4.147538651746e+01,1.745207294594e-05
4.994772265319e-03,6.568438342739e+00,1.252876365782e+00,3.002698195642e+06,1.012087978008e+03,4.150943889822e+01,1.731982089574e-05
4.994787934995e-03,6.555320658099e+00,1.246750344291e+00,3.013402455805e+06,1.011255939259e+03,4.154359240557e+01,1.718804205357e-05
4.994803587371e-03,6.542183161188e+00,1.240625093219e+00,3.024172393036e+06,1.010422812523e+03,4.157784693074e+01,1.705673933902e-05
4.994819222922e-03,6.529025446230e+00,1.234500537082e+00,3.035008951066e+06,1.009588572534e+03,4.161220387594e+01,1.692590989426e-05
4.994834841251e-03,6.515847841769e+00,1.228376943290e+00,3.045912479015e+06,1.008753240585e+03,4.164666272996e+01,1.679555818327e-05
4.994850442738e-03,6.502650021898e+00,1.222254275574e+00,3.056883874730e+06,1.007916796469e+03,4.168122469379e+01,1.666568217206e-05
4.994866027053e-03,6.489432259476e+00,1.216132776450e+00,3.067923548401e+06,1.007079257926e+03,4.171588940399e+01,1.653628573287e-05
4.994881594455e-03,6.476194331122e+00,1.210012459052e+00,3.079032332227e+06,1.006240611240e+03,4.175065779936e+01,1.640736785453e-05
4.994897145042e-03,6.462936149176e+00,1.203893400412e+00,3.090210955430e+06,1.005400851293e+03,4.178553046701e+01,1.627892887815e-05
4.994912678442e-03,6.449658026888e+00,1.197775863177e+00,3.101459817816e+06,1.004559998350e+03,4.182050694070e+01,1.615097300685e-05
4.994928194957e-03,6.436359704246e+00,1.191659846279e+00,3.112779812600e+06,1.003718036360e+03,4.185558826490e+01,1.602349889181e-05
4.994943694534e-03,6.423041224336e+00,1.185545489149e+00,3.124171586242e+06,1.002874968463e+03,4.189077468896e+01,1.589650811376e-05
4.994959177348e-03,6.409702434467e+00,1.179432842099e+00,3.135635962448e+06,1.002030785398e+03,4.192606698214e+01,1.577000038620e-05
4.994974643180e-03,6.396343522819e+00,1.173322112438e+00,3.147173482191e+06,1.001185499469e+03,4.196146501446e+01,1.564397865270e-05
4.994990092210e-03,6.382964332937e+00,1.167213350340e+00,3.158784993057e+06,1.000339101140e+03,4.199696957139e+01,1.551844258641e-05
4.995005524401e-03,6.369564897746e+00,1.161106693389e+00,3.170471189438e+06,9.994915928440e+02,4.203258093976e+01,1.539339364829e-05
4.995020939694e-03,6.356145267605e+00,1.155002287701e+00,3.182232760282e+06,9.986429781071e+02,4.206829936173e+01,1.526883344580e-05
4.995036338210e-03,6.342705340469e+00,1.148900210762e+00,3.194070538486e+06,9.977932507677e+02,4.210412548926e+01,1.514476216655e-05
4.995051719897e-03,6.329245163512e+00,1.142800608630e+00,3.205985236761e+06,9.969424140697e+02,4.214005958055e+01,1.502118137794e-05
4.995067085044e-03,6.315764486047e+00,1.136703493218e+00,3.217977842862e+06,9.960904524188e+02,4.217610269264e+01,1.489808991923e-05
4.995082433200e-03,6.302263705984e+00,1.130609170555e+00,3.230048779029e+06,9.952373912001e+02,4.221225415100e+01,1.477549254451e-05
4.995097764669e-03,6.288742561092e+00,1.124517648882e+00,3.242199066492e+06,9.943832140774e+02,4.224851504849e+01,1.465338797425e-05
4.995113079497e-03,6.275201015327e+00,1.118429039529e+00,3.254429536969e+06,9.935279190081e+02,4.228488587647e+01,1.453177700122e-05
4.995128377594e-03,6.261639153808e+00,1.112343508973e+00,3.266740924233e+06,9.926715115938e+02,4.232136680315e+01,1.441066149603e-05
4.995143659005e-03,6.248056941902e+00,1.106261170495e+00,3.279134081892e+06,9.918139898633e+02,4.235795832066e+01,1.429004224328e-05
4.995158923719e-03,6.234454397580e+00,1.100182161653e+00,3.291609827708e+06,9.909553551588e+02,4.239466078210e+01,1.416992048972e-05
4.995174171931e-03,6.220831353365e+00,1.094106537914e+00,3.304169162247e+06,9.900955971049e+02,4.243147504452e+01,1.405029584743e-05
4.995189403494e-03,6.207187947753e+00,1.088034492049e+00,3.316812817286e+06,9.892347246279e+02,4.246840114163e+01,1.393117061761e-05
4.995204618175e-03,6.193524400772e+00,1.081966253293e+00,3.329541459335e+06,9.883727517870e+02,4.250543888591e+01,1.381254776901e-05
4.995219816591e-03,6.179840166278e+00,1.075901711372e+00,3.342356481798e+06,9.875096443037e+02,4.254259017029e+01,1.369442362587e-05
4.995234998292e-03,6.166135661002e+00,1.069841184036e+00,3.355258392653e+06,9.866454286315e+02,4.257985427924e+01,1.357680285308e-05
4.995250163600e-03,6.152410603718e+00,1.063784680488e+00,3.368248367519e+06,9.857800871927e+02,4.261723239511e+01,1.345968408503e-05
4.995265312225e-03,6.138665269923e+00,1.057732456515e+00,3.381327070022e+06,9.849136375044e+02,4.265472418789e+01,1.334307071245e-05
4.995280444287e-03,6.124899563932e+00,1.051684604651e+00,3.394495528442e+06,9.840460736670e+02,4.269233034049e+01,1.322696294031e-05
4.995295559976e-03,6.111113325981e+00,1.045641190256e+00,3.407754848002e+06,9.831773857348e+02,4.273005171575e+01,1.311136044952e-05
4.995310659160e-03,6.097306689753e+00,1.039602408137e+00,3.421105866843e+06,9.823075822474e+02,4.276788837702e+01,1.299626538266e-05
4.995325741952e-03,6.083479567656e+00,1.033568356759e+00,3.434549650596e+06,9.814366577962e+02,4.280584099573e+01,1.288167801853e-05
4.995340808055e-03,6.069632248172e+00,1.027539299196e+00,3.448086913430e+06,9.805646306479e+02,4.284390921288e+01,1.276760173184e-05
4.995355857938e-03,6.055764316882e+00,1.021515192927e+00,3.461719070700e+06,9.796914747923e+02,4.288209460419e+01,1.265403409349e-05
4.995370891422e-03,6.041875955323e+00,1.015496255577e+00,3.475446970577e+06,9.788172017411e+02,4.292039711053e+01,1.254097758436e-05
4.995385908468e-03,6.027967218820e+00,1.009482650232e+00,3.489271599313e+06,9.779418150437e+02,4.295881702135e+01,1.242843362095e-05
4.995400909054e-03,6.014038146411e+00,1.003474533363e+00,3.503193974344e+06,9.770653172085e+02,4.299735467318e+01,1.231640346853e-05
4.995415893566e-03,6.000088400945e+00,9.974719000389e-01,3.517215506492e+06,9.761876870640e+02,4.303601144812e+01,1.220488537879e-05
4.995430861428e-03,5.986118537193e+00,9.914751298141e-01,3.531336727191e+06,9.753089595445e+02,4.307478625949e+01,1.209388472345e-05
4.995445813117e-03,5.972128133473e+00,9.854841829305e-01,3.545559167646e+06,9.744291081465e+02,4.311368073026e+01,1.198339906870e-05
4.995460748378e-03,5.958117451684e+00,9.794993135275e-01,3.559883684360e+06,9.735481493530e+02,4.315269458893e+01,1.187343140238e-05
4.995475667673e-03,5.944086079986e+00,9.735204883884e-01,3.574311839191e+06,9.726660572722e+02,4.319182944290e+01,1.176397941349e-05
4.995490570324e-03,5.930034681495e+00,9.675481330465e-01,3.588844107267e+06,9.717828735789e+02,4.323108390457e+01,1.165504916660e-05
4.995505457055e-03,5.915962599587e+00,9.615821119114e-01,3.603482342487e+06,9.708985569773e+02,4.327046027321e+01,1.154663645283e-05
4.995520327322e-03,5.901870374533e+00,9.556227981996e-01,3.618227176501e+06,9.700131413844e+02,4.330995750581e+01,1.143874631488e-05
4.995535181464e-03,5.887757711719e+00,9.496702117219e-01,3.633080128361e+06,9.691266082352e+02,4.334957689843e+01,1.133137734833e-05
4.995550019391e-03,5.873624725321e+00,9.437245457492e-01,3.648042308566e+06,9.682389646394e+02,4.338931860519e+01,1.122453127665e-05
4.995564841267e-03,5.859471287630e+00,9.377858921868e-01,3.663115102242e+06,9.673502025050e+02,4.342918346295e+01,1.111820797982e-05
4.995579646778e-03,5.845297729427e+00,9.318545357190e-01,3.678299425405e+06,9.664603425161e+02,4.346917101953e+01,1.101241076208e-05
4.995594436231e-03,5.831103786958e+00,9.259305122616e-01,3.693596848380e+06,9.655693680123e+02,4.350928250127e+01,1.090713845833e-05
4.995609209613e-03,5.816889505862e+00,9.200139878825e-01,3.709008631305e+06,9.646772817486e+02,4.354951826621e+01,1.080239221669e-05
4.995623966813e-03,5.802655024940e+00,9.141051676244e-01,3.724535952525e+06,9.637840923100e+02,4.358987841037e+01,1.069817384472e-05
4.995638708017e-03,5.788400198877e+00,9.082041388924e-01,3.740180320431e+06,9.628897904394e+02,4.363036383807e+01,1.059448305277e-05
4.995653433020e-03,5.774125261025e+00,9.023111463514e-01,3.755942849642e+06,9.619943906227e+02,4.367097438152e+01,1.049132229481e-05
4.995668142106e-03,5.759829973668e+00,8.964262403640e-01,3.771825195175e+06,9.610978777796e+02,4.371171121547e+01,1.038869059862e-05
4.995682835102e-03,5.745514538999e+00,8.905496531272e-01,3.787828547329e+06,9.602002644083e+02,4.375257426579e+01,1.028659015290e-05
4.995697512067e-03,5.731178939288e+00,8.846815265094e-01,3.803954362236e+06,9.593015492005e+02,4.379356408714e+01,1.018502154298e-05
4.995712173001e-03,5.716823212424e+00,8.788220255404e-01,3.820204056437e+06,9.584017343215e+02,4.383468107847e+01,1.008398573615e-05
4.995726818114e-03,5.702447193963e+00,8.729712331588e-01,3.836579299493e+06,9.575008092417e+02,4.387592622246e+01,9.983482271687e-06
4.995741446965e-03,5.688051358750e+00,8.671294926732e-01,3.853081055728e+06,9.565988034778e+02,4.391729866967e+01,9.883515130936e-06
4.995756060089e-03,5.673635221115e+00,8.612967574236e-01,3.869711411399e+06,9.556956863433e+02,4.395880033237e+01,9.784081591971e-06
4.995770657283e-03,5.659199025163e+00,8.554732772511e-01,3.886471640851e+06,9.547914728650e+02,4.400043102965e+01,9.685183995105e-06
4.995785238383e-03,5.644742977162e+00,8.496592862124e-01,3.903363082639e+06,9.538861756749e+02,4.404219068873e+01,9.586824364420e-06
4.995799803891e-03,5.630266623939e+00,8.438547535269e-01,3.920387871687e+06,9.529797660950e+02,4.408408114623e+01,9.489000233565e-06
4.995814353176e-03,5.615770641029e+00,8.380601015736e-01,3.937546843539e+06,9.520722861052e+02,4.412610097685e+01,9.391716755670e-06
4.995828886852e-03,5.601254463325e+00,8.322752561146e-01,3.954842322921e+06,9.511636999938e+02,4.416825235108e+01,9.294970705805e-06
4.995843404641e-03,5.586718417095e+00,8.265004994234e-01,3.972275605763e+06,9.502540278378e+02,4.421053485932e+01,9.198764830919e-06
4.995857906483e-03,5.572162611273e+00,8.207360267382e-01,3.989848270499e+06,9.493432760882e+02,4.425294872293e+01,9.103100379745e-06
4.995872392655e-03,5.557586820548e+00,8.149819011929e-01,4.007562327212e+06,9.484314302677e+02,4.429549514129e+01,9.007976394880e-06
4.995886862834e-03,5.542991420841e+00,8.092384235991e-01,4.025419084646e+06,9.475185134958e+02,4.433817356260e+01,8.913395829001e-06
4.995901317371e-03,5.528376111759e+00,8.035056282802e-01,4.043420704519e+06,9.466045065693e+02,4.438098541394e+01,8.819357216247e-06
4.995915756262e-03,5.513740951419e+00,7.977836910931e-01,4.061568941105e+06,9.456894126966e+02,4.442393107954e+01,8.725861415482e-06
4.995930179149e-03,5.499086357743e+00,7.920729280628e-01,4.079865128604e+06,9.447732575595e+02,4.446700988766e+01,8.632911533516e-06
4.995944586606e-03,5.484411805262e+00,7.863732873642e-01,4.098311807211e+06,9.438560078437e+02,4.451022394234e+01,8.540504668598e-06
4.995958978202e-03,5.469717788639e+00,7.806851142806e-01,4.116910271001e+06,9.429376939895e+02,4.455357235046e+01,8.448644355216e-06
4.995973353986e-03,5.455004318662e+00,7.750085656097e-01,4.135662450120e+06,9.420183161676e+02,4.459705564372e+01,8.357331030207e-06
4.995987714254e-03,5.440271151175e+00,7.693437002149e-01,4.154570634115e+06,9.410978586053e+02,4.464067511309e+01,8.266563550413e-06
4.996002058881e-03,5.425518476294e+00,7.636907444455e-01,4.173636591122e+06,9.401763326483e+02,4.468443076956e+01,8.176343448808e-06
4.996016387813e-03,5.410746411774e+00,7.580498963544e-01,4.192862212377e+06,9.392537450996e+02,4.472832283929e+01,8.086671770978e-06
4.996030701008e-03,5.395955064395e+00,7.524213494171e-01,4.212249434931e+06,9.383301020556e+02,4.477235158276e+01,7.997549460179e-06
4.996044998877e-03,5.381144074195e+00,7.468051197678e-01,4.231800844014e+06,9.374053804528e+02,4.481651865530e+01,7.908974645932e-06
4.996059280874e-03,5.366314071472e+00,7.412015991980e-01,4.251517754551e+06,9.364796190373e+02,4.486082276318e+01,7.820951362090e-06
4.996073547477e-03,5.351464628598e+00,7.356107786564e-01,4.271402916763e+06,9.355527904881e+02,4.490526577232e+01,7.733477305760e-06
4.996087798416e-03,5.336596094555e+00,7.300329421834e-01,4.291458082986e+06,9.346249159442e+02,4.494984723146e+01,7.646554758435e-06
4.996102033957e-03,5.321708261114e+00,7.244681641061e-01,4.311685790434e+06,9.336959817497e+02,4.499456836129e+01,7.560182703426e-06
4.996116253840e-03,5.306801470885e+00,7.189167247118e-01,4.332087867432e+06,9.327660086007e+02,4.503942873212e+01,7.474363304220e-06
4.996130458377e-03,5.291875467924e+00,7.133786807410e-01,4.352666996722e+06,9.318349798305e+02,4.508442971729e+01,7.389095241585e-06
4.996144647108e-03,5.276930810008e+00,7.078543907129e-01,4.373424779030e+06,9.309029295098e+02,4.512957024002e+01,7.304381819611e-06
4.996158820735e-03,5.261966831387e+00,7.023437601625e-01,4.394364550822e+06,9.299698153806e+02,4.517485292136e+01,7.220219373844e-06
4.996172978614e-03,5.246984287185e+00,6.968472185731e-01,4.415487708120e+06,9.290356837742e+02,4.522027609004e+01,7.136612238441e-06
4.996187121358e-03,5.231982605358e+00,6.913647070945e-01,4.436797550875e+06,9.281004982488e+02,4.526584209702e+01,7.053557279534e-06
4.996201248504e-03,5.216962355569e+00,6.858965847915e-01,4.458295806798e+06,9.271642935223e+02,4.531154983315e+01,6.971057693116e-06
4.996215360054e-03,5.201923613731e+00,6.804430290743e-01,4.479984941739e+06,9.262270735054e+02,4.535739968757e+01,6.889113877771e-06
4.996229456606e-03,5.186865824803e+00,6.750039889504e-01,4.501868380746e+06,9.252888027754e+02,4.540339398123e+01,6.807722806890e-06
4.996243537609e-03,5.171789656239e+00,6.695798554348e-01,4.523947823253e+06,9.243495220703e+02,4.544953130774e+01,6.726888061395e-06
4.996257603249e-03,5.156694993801e+00,6.641707363109e-01,4.546226146990e+06,9.234092233952e+02,4.549581264883e+01,6.646608947521e-06
4.996271653451e-03,5.141582001130e+00,6.587768387841e-01,4.568705868085e+06,9.224679160477e+02,4.554223813909e+01,6.566886234022e-06
4.996285688599e-03,5.126450350358e+00,6.533981943767e-01,4.591390282421e+06,9.215255786943e+02,4.558880942807e+01,6.487718083590e-06
4.996299708201e-03,5.111300658022e+00,6.480351700700e-01,4.614281320454e+06,9.205822487959e+02,4.563552526275e+01,6.409107577336e-06
4.996313712637e-03,5.096132602496e+00,6.426877990827e-01,4.637382370210e+06,9.196379053691e+02,4.568238728154e+01,6.331052864525e-06
4.996327701798e-03,5.080946390049e+00,6.373563010546e-01,4.660696072589e+06,9.186925602825e+02,4.572939549953e+01,6.253554814796e-06
4.996341675559e-03,5.065742246514e+00,6.320409011882e-01,4.684225083623e+06,9.177462265970e+02,4.577654987093e+01,6.176614342224e-06
4.996355634195e-03,5.050519963600e+00,6.267416721807e-01,4.707972781866e+06,9.167988903319e+02,4.582385169965e+01,6.100230135276e-06
4.996369577735e-03,5.035279601794e+00,6.214587804354e-01,4.731942185788e+06,9.158505542189e+02,4.587130146177e+01,6.024402231505e-06
4.996383505904e-03,5.020021557172e+00,6.161925074848e-01,4.756135835690e+06,9.149012418471e+02,4.591889858891e+01,5.949132287206e-06
4.996397418987e-03,5.004745610146e+00,6.109429210639e-01,4.780557297799e+06,9.139509384766e+02,4.596664443411e+01,5.874418874764e-06
4.996411316755e-03,4.989452109674e+00,6.057102839577e-01,4.805209288800e+06,9.129996647181e+02,4.601453857846e+01,5.800263329529e-06
4.996425199578e-03,4.974140746521e+00,6.004946326802e-01,4.830095640518e+06,9.120474002210e+02,4.606258266663e+01,5.726663759340e-06
4.996439067011e-03,4.958812108050e+00,5.952963086931e-01,4.855218788590e+06,9.110941803776e+02,4.611077553427e+01,5.653622557863e-06
4.996452919522e-03,4.943465778534e+00,5.901153115984e-01,4.880582864104e+06,9.101399781765e+02,4.615911917053e+01,5.581137284394e-06
4.996466756906e-03,4.928102084135e+00,5.849518916844e-01,4.906190841886e+06,9.091848127210e+02,4.620761323589e+01,5.509209006261e-06
4.996480579168e-03,4.912721122470e+00,5.798062206964e-01,4.932046131689e+06,9.082286888797e+02,4.625625811127e+01,5.437837660668e-06
4.996494386205e-03,4.897323111815e+00,5.746785095023e-01,4.958152000212e+06,9.072716189991e+02,4.630505379746e+01,5.367023701091e-06
4.996508178437e-03,4.881907688042e+00,5.695687742926e-01,4.984512767248e+06,9.063135792072e+02,4.635400214599e+01,5.296764883286e-06
4.996521955582e-03,4.866475271171e+00,5.644772910129e-01,5.011131484494e+06,9.053545943489e+02,4.640310252536e+01,5.227062528524e-06
4.996535717548e-03,4.851026071757e+00,5.594042641855e-01,5.038011619332e+06,9.043946762245e+02,4.645235496702e+01,5.157916934986e-06
4.996549464655e-03,4.835559839099e+00,5.543497459148e-01,5.065157510033e+06,9.034338079550e+02,4.650176097708e+01,5.089326310421e-06
4.996563196732e-03,4.820076872652e+00,5.493139677021e-01,5.092572604860e+06,9.024720068236e+02,4.655132031059e+01,5.021291289431e-06
4.996576913812e-03,4.804577246780e+00,5.442970860367e-01,5.120260814377e+06,9.015092761064e+02,4.660103344276e+01,4.953811461707e-06
4.996590615970e-03,4.789060988894e+00,5.392992411692e-01,5.148226205763e+06,9.005456161433e+02,4.665090100316e+01,4.886886182799e-06
4.996604303164e-03,4.773528257521e+00,5.343206144584e-01,5.176472683609e+06,8.995810353970e+02,4.670092320328e+01,4.820515340641e-06
4.996617975465e-03,4.757979087224e+00,5.293613461603e-01,5.205004450971e+06,8.986155346105e+02,4.675110065616e+01,4.754698254524e-06
4.996631632847e-03,4.742413620567e+00,5.244216098055e-01,5.233825589597e+06,8.976491212130e+02,4.680143362970e+01,4.689434667842e-06
4.996645275251e-03,4.726832041223e+00,5.195015903621e-01,5.262940179367e+06,8.966818051637e+02,4.685192226003e+01,4.624724449848e-06
4.996658902918e-03,4.711234191746e+00,5.146013638722e-01,5.292353017593e+06,8.957135752256e+02,4.690256779248e+01,4.560566023258e-06
4.996672515659e-03,4.695620405287e+00,5.097211595715e-01,5.322068061638e+06,8.947444505963e+02,4.695336988416e+01,4.496959803211e-06
4.996686113310e-03,4.679990990772e+00,5.048611966154e-01,5.352089385414e+06,8.937744489443e+02,4.700432826766e+01,4.433906033032e-06
4.996699696769e-03,4.664345033910e+00,5.000213133456e-01,5.382423506216e+06,8.928035120076e+02,4.705544667330e+01,4.371400024259e-06
4.996713264780e-03,4.648684103464e+00,4.952021156427e-01,5.413072223291e+06,8.918317355964e+02,4.710672072378e+01,4.309446983367e-06
4.996726818368e-03,4.633007139605e+00,4.904033961400e-01,5.444042535106e+06,8.908590523830e+02,4.715815463745e+01,4.248041605253e-06
4.996740356852e-03,4.617315051447e+00,4.856255511175e-01,5.475337667375e+06,8.898855171934e+02,4.720974618710e+01,4.187186325847e-06
4.996753880817e-03,4.601607287077e+00,4.808685288983e-01,5.506963832641e+06,8.889110941860e+02,4.726149794462e+01,4.126877837014e-06
4.996767390164e-03,4.585884085923e+00,4.761325178178e-01,5.538925765296e+06,8.879357965981e+02,4.731340988732e+01,4.067115886864e-06
4.996780884476e-03,4.570146057567e+00,4.714178148209e-01,5.571227527650e+06,8.869596606020e+02,4.736548076547e+01,4.007901549450e-06
4.996794364132e-03,4.554392889975e+00,4.667244381553e-01,5.603875158752e+06,8.859826651851e+02,4.741771237680e+01,3.949232368803e-06
4.996807829352e-03,4.538624453864e+00,4.620524606350e-01,5.636874438904e+06,8.850048006573e+02,4.747010592554e+01,3.891106585260e-06
4.996821279536e-03,4.522841578512e+00,4.574022369758e-01,5.670229238809e+06,8.840261167516e+02,4.752265943005e+01,3.833525914890e-06
4.996834715227e-03,4.507043760165e+00,4.527737260400e-01,5.703946332378e+06,8.830465805182e+02,4.757537534370e+01,3.776487138360e-06
4.996848136346e-03,4.491231220136e+00,4.481670992354e-01,5.738031074466e+06,8.820662039513e+02,4.762825371268e+01,3.719989667370e-06
4.996861542668e-03,4.475404356396e+00,4.435825768090e-01,5.772488536289e+06,8.810850099767e+02,4.768129398990e+01,3.664033478917e-06
4.996874934456e-03,4.459562990556e+00,4.390202097822e-01,5.807325147666e+06,8.801029857689e+02,4.773449756026e+01,3.608616462809e-06
4.996888311506e-03,4.443707497932e+00,4.344802073487e-01,5.842546240041e+06,8.791201528109e+02,4.778786395391e+01,3.553738419244e-06
4.996901674222e-03,4.427837535523e+00,4.299625710564e-01,5.878158853680e+06,8.781364880418e+02,4.784139512137e+01,3.499396624239e-06
4.996915022160e-03,4.411953762796e+00,4.254675865569e-01,5.914167905077e+06,8.771520305201e+02,4.789508963652e+01,3.445591759085e-06
4.996928355694e-03,4.396055874214e+00,4.209952633818e-01,5.950580602953e+06,8.761667594747e+02,4.794894933245e+01,3.392321169984e-06
4.996941674634e-03,4.380144230305e+00,4.165457975111e-01,5.987402766850e+06,8.751806953991e+02,4.800297379314e+01,3.339584420857e-06
4.996954978849e-03,4.364219126330e+00,4.121193635846e-01,6.024640476907e+06,8.741938547225e+02,4.805716281998e+01,3.287380787777e-06
4.996968268811e-03,4.348280137575e+00,4.077159344574e-01,6.062301628896e+06,8.732062092433e+02,4.811151866932e+01,3.235707160945e-06
4.996981544139e-03,4.332327858518e+00,4.033357635771e-01,6.100391856205e+06,8.722177938996e+02,4.816604012893e+01,3.184563718498e-06
4.996994804994e-03,4.316362234544e+00,3.989789228094e-01,6.138918456616e+06,8.712286033921e+02,4.822072820030e+01,3.133948484640e-06
4.997008051707e-03,4.300383009056e+00,3.946454280811e-01,6.177889370114e+06,8.702386198945e+02,4.827558458660e+01,3.083858839754e-06
4.997021283481e-03,4.284391285506e+00,3.903356616790e-01,6.217309354128e+06,8.692479098246e+02,4.833060632015e+01,3.034296368862e-06
4.997034501065e-03,4.268386298866e+00,3.860494983942e-01,6.257187886451e+06,8.682564238266e+02,4.838579685554e+01,2.985256786988e-06
4.997047704209e-03,4.252368496865e+00,3.817871381410e-01,6.297531607456e+06,8.672641876635e+02,4.844115548084e+01,2.936739546869e-06
4.997060893204e-03,4.236337666318e+00,3.775486022795e-01,6.338348963359e+06,8.662711861418e+02,4.849668376803e+01,2.888742049018e-06
4.997074067311e-03,4.220294851503e+00,3.733342420360e-01,6.379645345152e+06,8.652774819438e+02,4.855237893129e+01,2.841265400612e-06
4.997087227522e-03,4.204238990033e+00,3.691438519201e-01,6.421431704401e+06,8.642830072484e+02,4.860824549644e+01,2.794304417398e-06
4.997100373024e-03,4.188171216455e+00,3.649777999342e-01,6.463713473782e+06,8.632878302985e+02,4.866428035841e+01,2.747860351892e-06
4.997113504333e-03,4.172091046217e+00,3.608360296274e-01,6.506500469759e+06,8.622919190396e+02,4.872048604796e+01,2.701929682288e-06
4.997126621429e-03,4.155998651587e+00,3.567186534904e-01,6.549800962777e+06,8.612952820868e+02,4.877686281349e+01,2.656510773869e-06
4.997139724089e-03,4.139894449822e+00,3.526258437612e-01,6.593622724451e+06,8.602979432142e+02,4.883341004272e+01,2.611602625700e-06
4.997152812439e-03,4.123778434602e+00,3.485576619612e-01,6.637974840863e+06,8.592998999502e+02,4.889012860836e+01,2.567202999295e-06
4.997165886803e-03,4.107650354706e+00,3.445141065970e-01,6.682867271342e+06,8.583011346469e+02,4.894702025418e+01,2.523308973345e-06
4.997178946383e-03,4.091511342853e+00,3.404955203864e-01,6.728306299600e+06,8.573017153468e+02,4.900408183941e+01,2.479921335918e-06
4.997191992119e-03,4.075360384769e+00,3.365017076132e-01,6.774304414271e+06,8.563015771265e+02,4.906131780961e+01,2.437035038742e-06
4.997205023673e-03,4.059198047138e+00,3.325328643281e-01,6.820869853983e+06,8.553007529544e+02,4.911872702749e+01,2.394649266187e-06
4.997218040694e-03,4.043024915433e+00,3.285891865108e-01,6.868010957246e+06,8.542992769495e+02,4.917630827617e+01,2.352763155542e-06
4.997231043725e-03,4.026840464212e+00,3.246705964172e-01,6.915739493611e+06,8.532971144306e+02,4.923406429440e+01,2.311372924511e-06
4.997244032721e-03,4.010644899073e+00,3.207771930294e-01,6.964065325816e+06,8.522942759750e+02,4.929199522650e+01,2.270476672435e-06
4.997257007193e-03,3.994438978508e+00,3.169092044679e-01,7.012996852287e+06,8.512908063853e+02,4.935009923133e+01,2.230073821110e-06
4.997269967694e-03,3.978222164750e+00,3.130665460132e-01,7.062546581285e+06,8.502866701906e+02,4.940837911218e+01,2.190160505808e-06
4.997282914172e-03,3.961994671114e+00,3.092493106389e-01,7.112724993645e+06,8.492818784187e+02,4.946683498778e+01,2.150734723067e-06
4.997295846253e-03,3.945757117698e+00,3.054576834090e-01,7.163541516850e+06,8.482764672767e+02,4.952546550512e+01,2.111795391618e-06
4.997308764409e-03,3.929509062197e+00,3.016915981338e-01,7.215009121471e+06,8.472704071809e+02,4.958427314582e+01,2.073338835171e-06
4.997321668651e-03,3.913250643511e+00,2.979511228270e-01,7.267139219693e+06,8.462637045280e+02,4.964325830160e+01,2.035362761686e-06
4.997334558560e-03,3.896982538602e+00,2.942364458221e-01,7.319941722883e+06,8.452563990238e+02,4.970241940645e+01,1.997866074425e-06
4.997347434408e-03,3.880704557538e+00,2.905475536686e-01,7.373429577285e+06,8.442484766907e+02,4.976175804078e+01,1.960845616474e-06
4.997360296505e-03,3.864416457163e+00,2.868844201045e-01,7.427616202380e+06,8.432399202487e+02,4.982127599235e+01,1.924298116985e-06
4.997373144242e-03,3.848119162321e+00,2.832472789444e-01,7.482511395315e+06,8.422307847347e+02,4.988097078018e+01,1.888222883755e-06
4.997385978139e-03,3.831812163487e+00,2.796360397269e-01,7.538130016567e+06,8.412210363643e+02,4.994084516966e+01,1.852615984755e-06
4.997398797744e-03,3.815496188809e+00,2.760508847236e-01,7.594483012263e+06,8.402107179856e+02,5.000089738939e+01,1.817476178303e-06
4.997411603839e-03,3.799170393515e+00,2.724916476722e-01,7.651587036959e+06,8.391997750442e+02,5.006113145840e+01,1.782798801025e-06
4.997424395827e-03,3.782835686627e+00,2.689585441373e-01,7.709452955681e+06,8.381882615803e+02,5.012154493780e+01,1.748582919421e-06
4.997437173698e-03,3.766492236626e+00,2.654516242075e-01,7.768094486624e+06,8.371761857754e+02,5.018213811101e+01,1.714825957731e-06
4.997449937573e-03,3.750140039491e+00,2.619708985061e-01,7.827526277333e+06,8.361635451257e+02,5.024291190319e+01,1.681524955458e-06
4.997462687750e-03,3.733778863100e+00,2.585163276371e-01,7.887764149717e+06,8.351503229975e+02,5.030386809658e+01,1.648676481628e-06
4.997475423998e-03,3.717409155660e+00,2.550880139913e-01,7.948821765343e+06,8.341365448861e+02,5.036500594392e+01,1.616278452350e-06
4.997488146278e-03,3.701031117007e+00,2.516860041675e-01,8.010714012016e+06,8.331222209043e+02,5.042632561862e+01,1.584328236005e-06
4.997500854741e-03,3.684644704630e+00,2.483102919183e-01,8.073457037080e+06,8.321073461548e+02,5.048782820345e+01,1.552822700603e-06
4.997513549227e-03,3.668250274827e+00,2.449609507927e-01,8.137065818189e+06,8.310919404384e+02,5.054951328637e+01,1.521759454011e-06
4.997526230126e-03,3.651847473864e+00,2.416379067705e-01,8.201558450227e+06,8.300759795786e+02,5.061138312958e+01,1.491134734015e-06
4.997538896762e-03,3.635437328034e+00,2.383413629625e-01,8.266947976674e+06,8.290595248755e+02,5.067343478982e+01,1.460947322745e-06
4.997551549970e-03,3.619018902499e+00,2.350711247111e-01,8.333255597208e+06,8.280425161572e+02,5.073567273452e+01,1.431192348963e-06
4.997564189280e-03,3.602592957819e+00,2.318273350428e-01,8.400496136322e+06,8.270249982665e+02,5.079809502161e+01,1.401868032912e-06
4.997576814703e-03,3.586159627457e+00,2.286100084199e-01,8.468687318348e+06,8.260069772053e+02,5.086070207819e+01,1.372971405515e-06
4.997589426546e-03,3.569718661788e+00,2.254190823768e-01,8.537848890416e+06,8.249884352448e+02,5.092349579716e+01,1.344498812447e-06
4.997602024491e-03,3.553270622988e+00,2.222546499974e-01,8.607997627745e+06,8.239694049500e+02,5.098647497472e+01,1.316447987112e-06
4.997614608512e-03,3.536815692692e+00,2.191167270379e-01,8.679152310992e+06,8.229498953147e+02,5.104963985400e+01,1.288815958110e-06
4.997627179090e-03,3.520353390181e+00,2.160052012522e-01,8.751335062350e+06,8.219298742947e+02,5.111299322926e+01,1.261598637285e-06
4.997639736105e-03,3.503884018461e+00,2.129201077473e-01,8.824565092134e+06,8.209093584053e+02,5.117653489197e+01,1.234793240184e-06
4.997652279025e-03,3.487408419868e+00,2.098615783174e-01,8.898859621794e+06,8.198883975895e+02,5.124026253894e+01,1.208397797790e-06
4.997664808496e-03,3.470925895112e+00,2.068294550247e-01,8.974243273213e+06,8.188669462650e+02,5.130417982558e+01,1.182407834373e-06
4.997677324229e-03,3.454436968198e+00,2.038238045604e-01,9.050735655153e+06,8.178450346585e+02,5.136828567892e+01,1.156820817638e-06
4.997689826323e-03,3.437941651978e+00,2.008445967799e-01,9.128359219224e+06,8.168226613251e+02,5.143258100604e+01,1.131633379606e-06
4.997702314744e-03,3.421440138769e+00,1.978918317154e-01,9.207136113743e+06,8.157998359482e+02,5.149706601719e+01,1.106842409650e-06
4.997714789660e-03,3.404932347635e+00,1.949654581293e-01,9.287090342648e+06,8.147765512787e+02,5.156174199280e+01,1.082444369407e-06
4.997727250803e-03,3.388418775840e+00,1.920655248614e-01,9.368243674491e+06,8.137528359153e+02,5.162660794839e+01,1.058436554060e-06
4.997739698554e-03,3.371899062914e+00,1.891919272165e-01,9.450622653063e+06,8.127286652910e+02,5.169166626753e+01,1.034814987457e-06
4.997752132808e-03,3.355373485696e+00,1.863446702507e-01,9.534251299253e+06,8.117040543525e+02,5.175691683477e+01,1.011576609222e-06
4.997764553096e-03,3.338842813244e+00,1.835238397902e-01,9.619151686681e+06,8.106790485781e+02,5.182235757815e+01,9.887190013744e-07
4.997776960069e-03,3.322306316306e+00,1.807292628213e-01,9.705354181500e+06,8.096536005509e+02,5.188799235451e+01,9.662376490477e-07
4.997789353478e-03,3.305764467472e+00,1.779609692407e-01,9.792883639319e+06,8.086277373820e+02,5.195382026782e+01,9.441296916360e-07
4.997801733409e-03,3.289217290663e+00,1.752189104492e-01,9.881767913369e+06,8.076014583694e+02,5.201984220082e+01,9.223916359979e-07
4.997814099811e-03,3.272664991329e+00,1.725030657085e-01,9.972034581339e+06,8.065747740782e+02,5.208605831396e+01,9.010202147355e-07
4.997826452867e-03,3.256107460837e+00,1.698133604578e-01,1.006371365051e+07,8.055476756003e+02,5.215247002638e+01,8.800117430713e-07
4.997838792132e-03,3.239545431943e+00,1.671498541887e-01,1.015683119014e+07,8.045202062320e+02,5.221907537952e+01,8.593635822194e-07
4.997851118329e-03,3.222978071214e+00,1.645123517180e-01,1.025142280738e+07,8.034923121174e+02,5.228587871307e+01,8.390711250871e-07
4.997863430846e-03,3.206406334084e+00,1.619009420387e-01,1.034751476906e+07,8.024640503917e+02,5.235287716637e+01,8.191319675156e-07
4.997875729811e-03,3.189830183302e+00,1.593155529297e-01,1.044513976675e+07,8.014354166160e+02,5.242007187298e+01,7.995424591297e-07
4.997888015638e-03,3.173249192524e+00,1.567560505555e-01,1.054433368923e+07,8.004063822104e+02,5.248746555743e+01,7.802985041014e-07
4.997900287893e-03,3.156664079020e+00,1.542224761022e-01,1.064512648495e+07,7.993769895769e+02,5.255505630170e+01,7.613973329487e-07
4.997912546774e-03,3.140074707388e+00,1.517147367020e-01,1.074755407651e+07,7.983472282133e+02,5.262284565133e+01,7.428351712088e-07
4.997924792375e-03,3.123481078801e+00,1.492327588635e-01,1.085165251313e+07,7.973170961017e+02,5.269083460322e+01,7.246084045860e-07
4.997937024607e-03,3.106883443586e+00,1.467765042708e-01,1.095745723033e+07,7.962866067036e+02,5.275902313510e+01,7.067136856422e-07
4.997949243432e-03,3.090281980666e+00,1.443459212877e-01,1.106500505487e+07,7.952557690623e+02,5.282741151398e+01,6.891475734910e-07
4.997961449033e-03,3.073676569780e+00,1.419409124402e-01,1.117433576350e+07,7.942245736556e+02,5.289600124215e+01,6.719063074221e-07
4.997973641140e-03,3.057067701577e+00,1.395614666941e-01,1.128548615423e+07,7.931930489116e+02,5.296479129945e+01,6.549867551899e-07
4.997985820146e-03,3.040454969117e+00,1.372074418919e-01,1.139850007384e+07,7.921611675268e+02,5.303378438221e+01,6.383848613230e-07
4.997997985670e-03,3.023839011584e+00,1.348788427697e-01,1.151341541219e+07,7.911289671866e+02,5.310297884858e+01,6.220976207580e-07
4.998010138014e-03,3.007219543550e+00,1.325755413387e-01,1.163027751853e+07,7.900964281574e+02,5.317237689968e+01,6.061211042047e-07
4.998022277134e-03,2.990596743766e+00,1.302974729667e-01,1.174912973945e+07,7.890635595524e+02,5.324197880919e+01,5.904518418326e-07
4.998034403116e-03,2.973970614646e+00,1.280445467293e-01,1.187001789690e+07,7.880303595425e+02,5.331178558975e+01,5.750861945162e-07
4.998046515611e-03,2.957341757201e+00,1.258167503284e-01,1.199298468542e+07,7.869968635158e+02,5.338179573608e+01,5.600210658465e-07
4.998058615128e-03,2.940709587059e+00,1.236139101778e-01,1.211808282914e+07,7.859630332077e+02,5.345201273184e+01,5.452522807291e-07
4.998070701336e-03,2.924074678917e+00,1.214360055929e-01,1.224535779641e+07,7.849289024065e+02,5.352243518012e+01,5.307767111372e-07
4.998082774444e-03,2.907436860651e+00,1.192829151237e-01,1.237486207679e+07,7.838944584918e+02,5.359306483785e+01,5.165905659879e-07
4.998094834246e-03,2.890796530109e+00,1.171545895156e-01,1.250664519818e+07,7.828597242946e+02,5.366390104614e+01,5.026905456450e-07
4.998106880999e-03,2.874153445685e+00,1.150508954264e-01,1.264076321006e+07,7.818246829008e+02,5.373494586650e+01,4.890728142673e-07
4.998118914623e-03,2.857507833047e+00,1.129717575163e-01,1.277727001833e+07,7.807893464670e+02,5.380619937469e+01,4.757339322023e-07
4.998130934904e-03,2.840860096546e+00,1.109171200554e-01,1.291621958269e+07,7.797537382862e+02,5.387766087341e+01,4.626705934456e-07
4.998142942567e-03,2.824209343151e+00,1.088867659074e-01,1.305767840174e+07,7.787178009554e+02,5.394933524416e+01,4.498784896408e-07
4.998154936601e-03,2.807557084627e+00,1.068807701831e-01,1.320169434427e+07,7.776816267012e+02,5.402121702216e+01,4.373551705552e-07
4.998166917599e-03,2.790902603552e+00,1.048989346855e-01,1.334833602351e+07,7.766451690776e+02,5.409331033832e+01,4.250964778015e-07
4.998178885906e-03,2.774245528284e+00,1.029411036639e-01,1.349767117454e+07,7.756084031504e+02,5.416561786101e+01,4.130985568655e-07
4.998190841027e-03,2.757586650861e+00,1.010072567302e-01,1.364975904835e+07,7.745713764313e+02,5.423813720980e+01,4.013583998308e-07
4.998202782946e-03,2.740926098880e+00,9.909729256041e-02,1.380466670393e+07,7.735340951033e+02,5.431086887587e+01,3.898725103353e-07
4.998214712001e-03,2.724263503162e+00,9.721105175104e-02,1.396246793279e+07,7.724965344322e+02,5.438381552770e+01,3.786370669662e-07
4.998226627850e-03,2.707599442160e+00,9.534848112643e-02,1.412322975242e+07,7.714587287058e+02,5.445697569161e+01,3.676489025495e-07
4.998238530911e-03,2.690933432694e+00,9.350940662855e-02,1.428703155567e+07,7.704206461162e+02,5.453035255161e+01,3.569041539859e-07
4.998250420823e-03,2.674266077062e+00,9.169377326132e-02,1.445394446947e+07,7.693823224791e+02,5.460394452217e+01,3.463996778710e-07
4.998262297802e-03,2.657597170655e+00,8.990143549618e-02,1.462404993854e+07,7.683437433682e+02,5.467775357127e+01,3.361318209677e-07
4.998274161965e-03,2.640926646441e+00,8.813226207135e-02,1.479743060876e+07,7.673049029382e+02,5.475178107122e+01,3.260970398053e-07
4.998286013105e-03,2.624254887872e+00,8.638616800395e-02,1.497416700321e+07,7.662658234348e+02,5.482602639455e+01,3.162920732816e-07
4.998297851160e-03,2.607582077794e+00,8.466304482245e-02,1.515434428869e+07,7.652265146280e+02,5.490048979726e+01,3.067135429903e-07
4.998309676569e-03,2.590907689745e+00,8.296270983707e-02,1.533805814132e+07,7.641869420842e+02,5.497517471328e+01,2.973576854357e-07
4.998321488768e-03,2.574232610724e+00,8.128512360457e-02,1.552539162060e+07,7.631471595084e+02,5.505007825126e+01,2.882215485732e-07
4.998333288489e-03,2.557555894939e+00,7.963006006473e-02,1.571645123124e+07,7.621071063441e+02,5.512520574820e+01,2.793011844866e-07
4.998345074928e-03,2.540878767198e+00,7.799750840818e-02,1.591132191216e+07,7.610668574153e+02,5.520055277536e+01,2.705938326809e-07
4.998356848935e-03,2.524200113619e+00,7.638722602553e-02,1.611011890173e+07,7.600263416985e+02,5.527612545789e+01,2.620955136907e-07
4.998368609703e-03,2.507521160699e+00,7.479919657767e-02,1.631293318485e+07,7.589856341842e+02,5.535191933457e+01,2.538034728851e-07
4.998380357808e-03,2.490841178371e+00,7.323321412407e-02,1.651988266461e+07,7.579446878197e+02,5.542793881505e+01,2.457139795789e-07
4.998392092976e-03,2.474160636163e+00,7.168918567287e-02,1.673107428897e+07,7.569035304175e+02,5.550418286257e+01,2.378239198590e-07
4.998403815714e-03,2.457478896815e+00,7.016691440981e-02,1.694663277952e+07,7.558621207221e+02,5.558065550265e+01,2.301296752125e-07
4.998415525146e-03,2.440797286518e+00,6.866638167308e-02,1.716666146565e+07,7.548205400723e+02,5.565735176051e+01,2.226285504929e-07
4.998427222284e-03,2.424114442445e+00,6.718732431167e-02,1.739130295175e+07,7.537787019374e+02,5.573427901343e+01,2.153166493472e-07
4.998438906241e-03,2.407431707842e+00,6.572971996840e-02,1.762066811206e+07,7.527366887804e+02,5.581143218529e+01,2.081913004232e-07
4.998450577782e-03,2.390748065341e+00,6.429333699932e-02,1.785490431029e+07,7.516944356551e+02,5.588881709830e+01,2.012488271988e-07
4.998462236444e-03,2.374064254995e+00,6.287809585116e-02,1.809413931097e+07,7.506519874039e+02,5.596643144867e+01,1.944863240299e-07
4.998473882394e-03,2.357380107955e+00,6.148383735955e-02,1.833851841505e+07,7.496093321122e+02,5.604427714499e+01,1.879005240733e-07
4.998485515639e-03,2.340695688783e+00,6.011042138458e-02,1.858818869108e+07,7.485664724644e+02,5.612235501734e+01,1.814882808246e-07
4.998497136325e-03,2.324010858148e+00,5.875769020755e-02,1.884330558681e+07,7.475233984157e+02,5.620066685666e+01,1.752463949283e-07
4.998508744259e-03,2.307325963955e+00,5.742552473843e-02,1.910402263369e+07,7.464801303993e+02,5.627921217070e+01,1.691718729996e-07
4.998520339276e-03,2.290641310917e+00,5.611380044247e-02,1.937049949445e+07,7.454366861790e+02,5.635799065806e+01,1.632617187818e-07
4.998531921895e-03,2.273956220582e+00,5.482231483329e-02,1.964291760320e+07,7.443930220445e+02,5.643700666917e+01,1.575126165250e-07
4.998543491898e-03,2.257271072281e+00,5.355094776158e-02,1.992144779311e+07,7.433491604540e+02,5.651625956715e+01,1.519216522409e-07
4.998555049330e-03,2.240585865877e+00,5.229954853907e-02,2.020627355956e+07,7.423051001517e+02,5.659575051038e+01,1.464858026493e-07
4.998566593897e-03,2.223901087750e+00,5.106800170178e-02,2.049757680409e+07,7.412608703494e+02,5.667547833515e+01,1.412022236449e-07
4.998578126079e-03,2.207216107572e+00,4.985610829007e-02,2.079556599659e+07,7.402164303877e+02,5.675544721630e+01,1.360677426588e-07
4.998589645823e-03,2.190531061463e+00,4.866372569261e-02,2.110044391213e+07,7.391717875847e+02,5.683565768118e+01,1.310794629001e-07
4.998601152592e-03,2.173846788631e+00,4.749075961691e-02,2.141240790738e+07,7.381269933129e+02,5.691610686036e+01,1.262347121784e-07
4.998612647019e-03,2.157162427844e+00,4.633699467545e-02,2.173169502821e+07,7.370819924861e+02,5.699680007827e+01,1.215303462669e-07
4.998624128997e-03,2.140478192078e+00,4.520229091664e-02,2.205853106477e+07,7.360367972927e+02,5.707773749709e+01,1.169635678655e-07
4.998635598227e-03,2.123794570985e+00,4.408652559171e-02,2.239314502095e+07,7.349914372859e+02,5.715891792456e+01,1.125316741136e-07
4.998647055414e-03,2.107110592767e+00,4.298947765621e-02,2.273580468502e+07,7.339458504651e+02,5.724034728918e+01,1.082316049470e-07
4.998658499279e-03,2.090428174240e+00,4.191111550974e-02,2.308672845795e+07,7.329001558789e+02,5.732201742085e+01,1.040610711800e-07
4.998669931540e-03,2.073744861441e+00,4.085112297952e-02,2.344623639665e+07,7.318541986294e+02,5.740394153737e+01,1.000167120889e-07
4.998681350682e-03,2.057062916834e+00,3.980948598650e-02,2.381455920523e+07,7.308081194949e+02,5.748610974382e+01,9.609636107654e-08
4.998692757938e-03,2.040380587029e+00,3.878593618832e-02,2.419202624039e+07,7.297618074837e+02,5.756853188687e+01,9.229691560485e-08
4.998704152218e-03,2.023699516278e+00,3.778041527765e-02,2.457890302027e+07,7.287153646943e+02,5.765120106199e+01,8.861609143343e-08
4.998715534373e-03,2.007018504249e+00,3.679269079873e-02,2.497553246949e+07,7.276687148217e+02,5.773412443368e+01,8.505099106172e-08
4.998726903913e-03,1.990338317138e+00,3.582264806951e-02,2.538222496281e+07,7.266219049421e+02,5.781729942543e+01,8.159918102852e-08
4.998738261281e-03,1.973658345830e+00,3.487009105120e-02,2.579933778374e+07,7.255748958481e+02,5.790073031011e+01,7.825796750167e-08
4.998749606105e-03,1.956979183689e+00,3.393489265023e-02,2.622721318514e+07,7.245277238188e+02,5.798441536247e+01,7.502493295120e-08
4.998760938544e-03,1.940300637467e+00,3.301688027662e-02,2.666622835691e+07,7.234803757772e+02,5.806835679233e+01,7.189753115482e-08
4.998772258658e-03,1.923622658634e+00,3.211588941183e-02,2.711677317328e+07,7.224328477411e+02,5.815255609664e+01,6.887327812497e-08
4.998783566624e-03,1.906945029652e+00,3.123174639845e-02,2.757925936212e+07,7.213851251220e+02,5.823701563957e+01,6.594969355689e-08
4.998794861920e-03,1.890268555540e+00,3.036433110539e-02,2.805408800215e+07,7.203372575931e+02,5.832173260335e+01,6.312450432439e-08
4.998806145115e-03,1.873592435733e+00,2.951343879108e-02,2.854172420909e+07,7.192891939652e+02,5.840671232084e+01,6.039519254132e-08
4.998817415890e-03,1.856917178231e+00,2.867893229157e-02,2.904261563074e+07,7.182409652882e+02,5.849195348325e+01,5.775949366531e-08
4.998828674370e-03,1.840242633880e+00,2.786064044884e-02,2.955725001086e+07,7.171925613297e+02,5.857745813157e+01,5.521506563741e-08
4.998839920660e-03,1.823568678793e+00,2.705839351464e-02,3.008613686822e+07,7.161439734526e+02,5.866322819331e+01,5.275960553681e-08
4.998851154461e-03,1.806895792900e+00,2.627205034632e-02,3.062978981237e+07,7.150952310113e+02,5.874926249058e+01,5.039092959556e-08
4.998862376269e-03,1.790223271496e+00,2.550141348134e-02,3.118878560988e+07,7.140462888612e+02,5.883556596338e+01,4.810671738901e-08
4.998873585669e-03,1.773551760512e+00,2.474634841209e-02,3.176368261922e+07,7.129971868350e+02,5.892213658046e+01,4.590486998891e-08
4.998884782945e-03,1.756880867327e+00,2.400667258051e-02,3.235510181893e+07,7.119478994459e+02,5.900897769358e+01,4.378317876198e-08
4.998895967998e-03,1.740210769521e+00,2.328222912851e-02,3.296367382896e+07,7.108984370994e+02,5.909608970343e+01,4.173954360226e-08
4.998907140859e-03,1.723541445712e+00,2.257285210182e-02,3.359006716932e+07,7.098487976869e+02,5.918347405178e+01,3.977187065177e-08
4.998918301513e-03,1.706872948983e+00,2.187837857790e-02,3.423498035242e+07,7.087989838020e+02,5.927113179714e+01,3.787810732910e-08
4.998929449864e-03,1.690205445790e+00,2.119865000386e-02,3.489914194758e+07,7.077490051967e+02,5.935906340305e+01,3.605624492224e-08
4.998940586206e-03,1.673538522677e+00,2.053348415210e-02,3.558334056571e+07,7.066988351007e+02,5.944727240359e+01,3.430424480609e-08
4.998951710427e-03,1.656872369953e+00,1.988272336092e-02,3.628837990318e+07,7.056484847890e+02,5.953575915782e+01,3.262016746341e-08
4.998962822446e-03,1.640207131493e+00,1.924620763304e-02,3.701510646648e+07,7.045979626317e+02,5.962452426750e+01,3.100209843008e-08
4.998973922228e-03,1.623542883811e+00,1.862377403767e-02,3.776441327501e+07,7.035472727712e+02,5.971356869300e+01,2.944814744565e-08
4.998985010073e-03,1.606879194908e+00,1.801524084853e-02,3.853726341385e+07,7.024963872940e+02,5.980289612767e+01,2.795641106141e-08
4.998996085660e-03,1.590216568521e+00,1.742046078597e-02,3.933462688705e+07,7.014453373052e+02,5.989250526234e+01,2.652510324535e-08
4.999007149233e-03,1.573554655715e+00,1.683925558261e-02,4.015756651693e+07,7.003941001468e+02,5.998239936884e+01,2.515239445609e-08
4.999018200828e-03,1.556893420691e+00,1.627145849349e-02,4.100718722197e+07,6.993426729159e+02,6.007258005382e+01,2.383651645385e-08
4.999029240339e-03,1.540233039687e+00,1.571690992991e-02,4.188464308784e+07,6.982910661042e+02,6.016304778150e+01,2.257574932911e-08
4.999040267680e-03,1.523573658924e+00,1.517544894066e-02,4.279115304388e+07,6.972392883293e+02,6.025380317591e+01,2.136840090845e-08
4.999051283226e-03,1.506914727335e+00,1.464689215939e-02,4.372804280902e+07,6.961873041904e+02,6.034485067621e+01,2.021276195894e-08
4.999062286365e-03,1.490257184480e+00,1.413110369929e-02,4.469662759602e+07,6.951351724290e+02,6.043618658261e+01,1.910725854996e-08
4.999073277974e-03,1.473599716893e+00,1.362787755004e-02,4.569843057364e+07,6.940828094957e+02,6.052781955094e+01,1.805019784830e-08
4.999084257435e-03,1.456943273297e+00,1.313707738698e-02,4.673492571140e+07,6.930302747430e+02,6.061974583457e+01,1.704006757442e-08
4.999095224448e-03,1.440288320035e+00,1.265855101384e-02,4.780770131974e+07,6.919775970991e+02,6.071196430237e+01,1.607534928592e-08
4.999106180293e-03,1.423632924737e+00,1.219207816334e-02,4.891859798928e+07,6.909246538726e+02,6.080448714448e+01,1.515442163959e-08
4.999117123513e-03,1.406979312319e+00,1.173755630741e-02,5.006928535724e+07,6.898715851777e+02,6.089730349310e+01,1.427592831853e-08
4.999128055240e-03,1.390325768561e+00,1.129477358906e-02,5.126180862059e+07,6.888182820905e+02,6.099042438963e+01,1.343832871134e-08
4.999138974880e-03,1.373673207363e+00,1.086358994686e-02,5.249814916624e+07,6.877648018783e+02,6.108384624234e+01,1.264025243733e-08
4.999149882411e-03,1.357021669601e+00,1.044384157590e-02,5.378047510590e+07,6.867111466223e+02,6.117757032321e+01,1.188031253343e-08
4.999160778409e-03,1.340370283864e+00,1.003534239014e-02,5.511116337178e+07,6.856572606693e+02,6.127160307065e+01,1.115711369507e-08
4.999171662096e-03,1.323720245791e+00,9.637957565209e-03,5.649257416924e+07,6.846032191957e+02,6.136593926661e+01,1.046938163641e-08
4.999182534255e-03,1.307070361538e+00,9.251494647598e-03,5.792742047477e+07,6.835489461369e+02,6.146058721854e+01,9.815770994641e-09
4.999193394510e-03,1.290421211982e+00,8.875803766435e-03,5.941843880310e+07,6.824944777820e+02,6.155554519458e+01,9.195040308844e-09
4.999204242873e-03,1.273772781815e+00,8.510721072918e-03,6.096859942548e+07,6.814398126907e+02,6.165081484590e+01,8.605952802195e-09
4.999215079332e-03,1.257125094933e+00,8.156083815702e-03,6.258106794563e+07,6.803849519147e+02,6.174639760910e+01,8.047302654775e-09
4.999225903989e-03,1.240477994073e+00,7.811725697528e-03,6.425924313556e+07,6.793298850331e+02,6.184229597408e+01,7.517907604914e-09
4.999236717043e-03,1.223831178359e+00,7.477478080877e-03,6.600677381293e+07,6.782745925187e+02,6.193851328422e+01,7.016611306552e-09
4.999247517806e-03,1.207185705163e+00,7.153199589626e-03,6.782741692984e+07,6.772191409685e+02,6.203504502628e+01,6.542325783738e-09
4.999258307398e-03,1.190539850970e+00,6.838694716509e-03,6.972550596410e+07,6.761634206583e+02,6.213190282324e+01,6.093912259062e-09
4.999269084635e-03,1.173895441458e+00,6.533836250992e-03,7.170527510610e+07,6.751075469476e+02,6.222907768702e+01,5.670358325181e-09
4.999279850547e-03,1.157250886396e+00,6.238433525553e-03,7.377167856899e+07,6.740514185399e+02,6.232658054042e+01,5.270589433760e-09
4.999290604583e-03,1.140607032796e+00,5.952340762265e-03,7.592973291659e+07,6.729950887553e+02,6.242440809257e+01,4.893621175486e-09
4.999301346739e-03,1.123963887658e+00,5.675397114085e-03,7.818493881064e+07,6.719385576496e+02,6.252256195759e+01,4.538474712613e-09
4.999312077457e-03,1.107320762944e+00,5.407430872604e-03,8.054331474439e+07,6.708817811483e+02,6.262104787951e+01,4.204184899182e-09
4.999322796462e-03,1.090678079473e+00,5.148289035184e-03,8.301118710244e+07,6.698247855663e+02,6.271986507422e+01,3.889837080047e-09
4.999333503393e-03,1.074036394808e+00,4.897820342382e-03,8.559535494821e+07,6.687676059384e+02,6.281901191870e+01,3.594543590010e-09
4.999344198866e-03,1.057394749073e+00,4.655850988416e-03,8.830340199569e+07,6.677101809088e+02,6.291849584232e+01,3.317416253922e-09
4.999354882717e-03,1.040753388959e+00,4.422225940341e-03,9.114333235669e+07,6.666525257646e+02,6.301831711389e+01,3.057615180966e-09
4.999365554951e-03,1.024112304492e+00,4.196786701647e-03,9.412385454573e+07,6.655946394957e+02,6.311847754094e+01,2.814321496399e-09
4.999376215337e-03,1.007471847447e+00,3.979379912799e-03,9.725434058526e+07,6.645365441025e+02,6.321897675476e+01,2.586746511176e-09
4.999386864309e-03,9.908313341900e-01,3.769839088835e-03,1.005451631702e+08,6.634781957525e+02,6.331982065448e+01,2.374112562701e-09
4.999397501572e-03,9.741912188299e-01,3.568012922231e-03,1.040073693251e+08,6.624196229651e+02,6.342100827728e+01,2.175682151589e-09
4.999408127168e-03,9.575514268169e-01,3.373743739527e-03,1.076530924506e+08,6.613608206499e+02,6.352254186560e+01,1.990734990138e-09
4.999418741427e-03,9.409114337352e-01,3.186869363841e-03,1.114956635685e+08,6.603017550827e+02,6.362442643920e+01,1.818570596573e-09
4.999429343667e-03,9.242723001281e-01,3.007245867860e-03,1.155492593984e+08,6.592424934251e+02,6.372665731945e+01,1.658528387757e-09
4.999439934683e-03,9.076327679330e-01,2.834704389416e-03,1.198299579825e+08,6.581829552511e+02,6.382924406928e+01,1.509948274894e-09
4.999450514014e-03,8.909935529622e-01,2.669097778227e-03,1.243548563003e+08,6.571231857976e+02,6.393218413850e+01,1.372212197562e-09
4.999461081797e-03,8.743544293822e-01,2.510269498984e-03,1.291429669269e+08,6.560631703542e+02,6.403548078401e+01,1.244715977107e-09
4.999471638183e-03,8.577151476955e-01,2.358063579081e-03,1.342151968640e+08,6.550028926939e+02,6.413913744239e+01,1.126878084826e-09
4.999482183009e-03,8.410759523534e-01,2.212329177541e-03,1.395944115305e+08,6.539423680782e+02,6.424315449020e+01,1.018142514287e-09
4.999492716114e-03,8.244370894352e-01,2.072915711722e-03,1.453058265807e+08,6.528816118931e+02,6.434753228531e+01,9.179742741471e-10
4.999503237962e-03,8.077978087131e-01,1.939664893178e-03,1.513776678652e+08,6.518205759931e+02,6.445227746081e+01,8.258537843735e-10
4.999513748407e-03,7.911583320479e-01,1.812427241130e-03,1.578408428066e+08,6.507592742007e+02,6.455739057759e+01,7.412883206815e-10
4.999524247090e-03,7.745192136524e-01,1.691056020893e-03,1.647295111920e+08,6.496977415622e+02,6.466287007978e+01,6.638065941275e-10
4.999534734400e-03,7.578798251165e-01,1.575396289030e-03,1.720821727277e+08,6.486359376868e+02,6.476872191204e+01,5.929516261220e-10
4.999545210389e-03,7.412400684197e-01,1.465297849534e-03,1.799415280134e+08,6.475738560072e+02,6.487494869680e+01,5.282889606618e-10
4.999555674968e-03,7.246000690641e-01,1.360612613554e-03,1.883551946379e+08,6.465115042269e+02,6.498155164466e+01,4.694041966085e-10
4.999566127807e-03,7.079603409546e-01,1.261195313314e-03,1.973763127612e+08,6.454489148667e+02,6.508852946739e+01,4.159027350666e-10
4.999576569864e-03,6.913193422041e-01,1.166889201019e-03,2.070657530450e+08,6.443859891559e+02,6.519589413099e+01,3.674020628399e-10
4.999586999841e-03,6.746791270056e-01,1.077558877461e-03,2.174899352344e+08,6.433228580115e+02,6.530363443199e+01,3.235483560966e-10
4.999597418988e-03,6.580376835679e-01,9.930471641740e-04,2.287265178733e+08,6.422593926141e+02,6.541176545895e+01,2.839940414281e-10
4.999607826248e-03,6.413966835995e-01,9.132169621446e-04,2.408609789881e+08,6.411956995019e+02,6.552027843858e+01,2.484181119163e-10
4.999618222756e-03,6.247542991121e-01,8.379146629230e-04,2.539931374518e+08,6.401316615384e+02,6.562918740013e+01,2.165084418815e-10
4.999628607438e-03,6.081122298509e-01,7.670038762033e-04,2.682340254974e+08,6.390673871065e+02,6.573848334890e+01,1.879764189156e-10
4.999638980865e-03,5.914695449606e-01,7.003371001619e-04,2.837130516535e+08,6.380028164074e+02,6.584817451491e+01,1.625442302424e-10
4.999649343051e-03,5.748262030038e-01,6.377716506651e-04,3.005781492235e+08,6.369379465161e+02,6.595826333583e+01,1.399513257746e-10
4.999659694100e-03,5.581820193248e-01,5.791651522448e-04,3.190001888058e+08,6.358727653427e+02,6.606875322109e+01,1.199520278065e-10
4.999670033569e-03,5.415376875143e-01,5.243790511601e-04,3.391761441402e+08,6.348073170003e+02,6.617964175328e+01,1.023162104654e-10
4.999680361753e-03,5.248927164244e-01,4.732715255201e-04,3.613367608371e+08,6.337415697816e+02,6.629093439995e+01,8.682651490797e-11
4.999690679035e-03,5.082464663273e-01,4.257015118637e-04,3.857522182667e+08,6.326754824354e+02,6.640263769062e+01,7.327943150566e-11
4.999700984686e-03,4.916000971432e-01,3.815339923805e-04,4.127373469377e+08,6.316091289714e+02,6.651474609114e+01,6.148616503113e-11
4.999711279309e-03,4.749526138645e-01,3.406288724074e-04,4.426678428320e+08,6.305424453815e+02,6.662726856237e+01,5.126907619219e-11
4.999721562619e-03,4.583044591214e-01,3.028508325995e-04,4.759877150104e+08,6.294754597481e+02,6.674020440892e+01,4.246396668591e-11
4.999731834706e-03,4.416554654892e-01,2.680640032153e-04,5.132292961306e+08,6.284081610711e+02,6.685355706954e+01,3.491817842893e-11
4.999742095401e-03,4.250058886563e-01,2.361344190902e-04,5.550325903930e+08,6.273405654767e+02,6.696732711991e+01,2.849074299634e-11
4.999752345318e-03,4.083547096242e-01,2.069267954695e-04,6.021772897083e+08,6.262726073451e+02,6.708152388510e+01,2.305129238514e-11
4.999762583688e-03,3.917031560337e-01,1.803109929018e-04,6.556097030303e+08,6.252043651410e+02,6.719614131724e+01,1.848081702281e-11
4.999772811025e-03,3.750503738459e-01,1.561544133778e-04,7.165030601069e+08,6.241357838142e+02,6.731118766983e+01,1.466977548258e-11
4.999783027297e-03,3.583963919641e-01,1.343271481702e-04,7.863135716907e+08,6.230668649412e+02,6.742666516700e+01,1.151860017249e-11
4.999793232182e-03,3.417417138669e-01,1.147010379151e-04,8.668683552566e+08,6.219976405746e+02,6.754257273898e+01,8.937000814064e-12
4.999803426195e-03,3.250854764146e-01,9.714755417222e-05,9.604950483080e+08,6.209280550501e+02,6.765891884404e+01,6.843240363616e-12
4.999813608840e-03,3.084284658959e-01,8.154133818300e-05,1.070175813893e+09,6.198581586084e+02,6.777570046232e+01,5.164124660866e-12
4.999823780496e-03,2.917700422471e-01,6.775696315918e-05,1.199804768627e+09,6.187879098756e+02,6.789292456845e+01,3.834139110831e-12
4.999833941271e-03,2.751100042811e-01,5.567096908871e-05,1.354526512133e+09,6.177172956463e+02,6.801059511686e+01,2.795231916497e-12
4.999844090571e-03,2.584493029679e-01,4.516219143715e-05,1.541242007217e+09,6.166463767727e+02,6.812870791903e+01,1.996339144013e-12
4.999854228844e-03,2.417871795751e-01,3.610988655894e-05,1.769417804433e+09,6.155751042319e+02,6.824727089356e+01,1.392775185007e-12
4.999864356340e-03,2.251232010650e-01,2.839535440663e-05,2.052284660147e+09,6.145034499039e+02,6.836628972807e+01,9.459141141540e-13
4.999874472546e-03,2.084581846917e-01,2.190227310613e-05,2.408762559241e+09,6.134314660785e+02,6.848576119608e+01,6.227238296458e-13
4.999884577886e-03,1.917914095240e-01,1.651557437044e-05,2.866735090055e+09,6.123591061190e+02,6.860569309258e+01,3.952449008757e-13
4.999894672015e-03,1.751234192178e-01,1.212271705741e-05,3.468550235799e+09,6.112864047400e+02,6.872608415917e+01,2.402003188901e-13
4.999904755177e-03,1.584537892054e-01,8.613085687788e-06,4.281111552595e+09,6.102133343581e+02,6.884694013160e+01,1.385118297924e-13
4.999914827585e-03,1.417821371728e-01,5.878546643770e-06,5.414986805837e+09,6.091398700863e+02,6.896826650425e+01,7.487242095367e-14
4.999924888770e-03,1.251092178006e-01,3.813786329782e-06,7.063230417175e+09,6.080660602519e+02,6.909006051315e+01,3.730512991168e-14
4.999934938834e-03,1.084348359101e-01,2.316242154585e-06,9.587294602659e+09,6.069918920371e+02,6.921232630973e+01,1.672134991773e-14
4.999944978077e-03,9.175846640138e-02,1.286633339694e-06,1.372629373047e+10,6.059173313711e+02,6.933507051881e+01,6.499118778258e-15
4.999955006416e-03,7.508022393304e-02,6.294911295820e-07,2.117807874304e+10,6.048423853894e+02,6.945829510980e+01,2.064558413348e-15
4.999965023932e-03,5.839994246830e-02,2.537428918471e-07,3.652207857093e+10,6.037670431201e+02,6.958200414890e+01,4.834319306051e-16
4.999975030259e-03,4.171820782780e-02,7.377734161647e-08,7.535415723063e+10,6.026913420719e+02,6.970619613507e+01,6.824756634597e-17
4.999985025904e-03,2.503414776951e-02,1.135414084911e-08,2.142576822344e+11,6.016152257370e+02,6.983088044009e+01,3.700542467677e-18
4.999995010435e-03,8.348454917234e-03,4.110003003762e-10,1.162809397234e+12,6.005387385253e+02,6.995605479599e+01,2.472628756070e-20
