r_m,u_m_s,k_m2_s2,omega_1_s,T_K,rho_kg_m3,mu_t_Pa_s
1.826244088655e-06,8.835711401400e+01,1.287335919756e+01,6.085368925538e+03,3.024022092222e+02,1.122970463093e+01,2.375599954012e-02
4.261235235878e-06,8.835710760437e+01,1.287337225136e+01,6.085377641122e+03,3.024022092126e+02,1.122970463020e+01,2.375598960375e-02
6.939723167463e-06,8.835709350320e+01,1.287340096999e+01,6.085396816188e+03,3.024022091914e+02,1.122970462859e+01,2.375596774130e-02
9.652992608741e-06,8.835707207675e+01,1.287344460779e+01,6.085425953570e+03,3.024022091592e+02,1.122970462615e+01,2.375593451790e-02
1.237785151718e-05,8.835704338610e+01,1.287350304065e+01,6.085464971096e+03,3.024022091161e+02,1.122970462287e+01,2.375589002562e-02
1.510797359863e-05,8.835700745347e+01,1.287357622352e+01,6.085513839394e+03,3.024022090622e+02,1.122970461878e+01,2.375583429645e-02
1.784092465475e-05,8.835696428958e+01,1.287366413478e+01,6.085572544745e+03,3.024022089973e+02,1.122970461385e+01,2.375576734457e-02
2.057556785247e-05,8.835691390043e+01,1.287376676231e+01,6.085641079798e+03,3.024022089216e+02,1.122970460810e+01,2.375568917697e-02
2.331130056797e-05,8.835685628977e+01,1.287388409860e+01,6.085719440291e+03,3.024022088351e+02,1.122970460153e+01,2.375559979719e-02
2.604777322393e-05,8.835679146010e+01,1.287401613862e+01,6.085807623640e+03,3.024022087377e+02,1.122970459413e+01,2.375549920692e-02
2.878476879124e-05,8.835671941318e+01,1.287416287883e+01,6.085905628254e+03,3.024022086295e+02,1.122970458591e+01,2.375538740676e-02
3.152214515932e-05,8.835664015032e+01,1.287432431655e+01,6.086013453161e+03,3.024022085104e+02,1.122970457687e+01,2.375526439669e-02
3.425980516876e-05,8.835655367252e+01,1.287450044972e+01,6.086131097795e+03,3.024022083805e+02,1.122970456700e+01,2.375513017629e-02
3.699767996275e-05,8.835645998056e+01,1.287469127664e+01,6.086258561862e+03,3.024022082398e+02,1.122970455631e+01,2.375498474487e-02
3.973571922757e-05,8.835635907510e+01,1.287489679588e+01,6.086395845262e+03,3.024022080882e+02,1.122970454480e+01,2.375482810159e-02
4.247388521097e-05,8.835625095668e+01,1.287511700618e+01,6.086542948027e+03,3.024022079258e+02,1.122970453246e+01,2.375466024554e-02
4.521214891571e-05,8.835613562577e+01,1.287535190641e+01,6.086699870290e+03,3.024022077525e+02,1.122970451930e+01,2.375448117572e-02
4.795048759811e-05,8.835601308276e+01,1.287560149552e+01,6.086866612251e+03,3.024022075684e+02,1.122970450532e+01,2.375429089114e-02
5.068888307796e-05,8.835588332804e+01,1.287586577249e+01,6.087043174165e+03,3.024022073735e+02,1.122970449052e+01,2.375408939078e-02
5.342732056837e-05,8.835574636193e+01,1.287614473636e+01,6.087229556323e+03,3.024022071677e+02,1.122970447489e+01,2.375387667368e-02
5.616578784820e-05,8.835560218475e+01,1.287643838616e+01,6.087425759041e+03,3.024022069511e+02,1.122970445845e+01,2.375365273887e-02
5.890427466538e-05,8.835545079679e+01,1.287674672092e+01,6.087631782659e+03,3.024022067236e+02,1.122970444117e+01,2.375341758543e-02
6.164277229932e-05,8.835529219832e+01,1.287706973969e+01,6.087847627526e+03,3.024022064853e+02,1.122970442308e+01,2.375317121247e-02
6.438127323516e-05,8.835512638961e+01,1.287740744146e+01,6.088073294001e+03,3.024022062362e+02,1.122970440417e+01,2.375291361918e-02
6.711977091765e-05,8.835495337094e+01,1.287775982525e+01,6.088308782447e+03,3.024022059762e+02,1.122970438443e+01,2.375264480477e-02
6.985825956307e-05,8.835477314254e+01,1.287812689001e+01,6.088554093231e+03,3.024022057053e+02,1.122970436387e+01,2.375236476852e-02
7.259673401364e-05,8.835458570468e+01,1.287850863469e+01,6.088809226716e+03,3.024022054237e+02,1.122970434249e+01,2.375207350975e-02
7.533518962374e-05,8.835439105762e+01,1.287890505820e+01,6.089074183266e+03,3.024022051312e+02,1.122970432029e+01,2.375177102787e-02
7.807362217011e-05,8.835418920159e+01,1.287931615940e+01,6.089348963239e+03,3.024022048278e+02,1.122970429726e+01,2.375145732232e-02
8.081202778024e-05,8.835398013685e+01,1.287974193714e+01,6.089633566988e+03,3.024022045136e+02,1.122970427342e+01,2.375113239261e-02
8.355040287492e-05,8.835376386365e+01,1.288018239021e+01,6.089927994862e+03,3.024022041885e+02,1.122970424875e+01,2.375079623832e-02
8.628874412171e-05,8.835354038226e+01,1.288063751737e+01,6.090232247202e+03,3.024022038526e+02,1.122970422327e+01,2.375044885909e-02
8.902704839698e-05,8.835330969293e+01,1.288110731733e+01,6.090546324340e+03,3.024022035059e+02,1.122970419696e+01,2.375009025461e-02
9.176531275477e-05,8.835307179592e+01,1.288159178879e+01,6.090870226603e+03,3.024022031483e+02,1.122970416983e+01,2.374972042464e-02
9.450353440107e-05,8.835282669150e+01,1.288209093036e+01,6.091203954307e+03,3.024022027798e+02,1.122970414188e+01,2.374933936901e-02
9.724171067242e-05,8.835257437994e+01,1.288260474064e+01,6.091547507761e+03,3.024022024005e+02,1.122970411311e+01,2.374894708761e-02
9.997983901810e-05,8.835231486151e+01,1.288313321817e+01,6.091900887265e+03,3.024022020104e+02,1.122970408352e+01,2.374854358039e-02
1.027179169850e-04,8.835204813649e+01,1.288367636147e+01,6.092264093109e+03,3.024022016094e+02,1.122970405311e+01,2.374812884736e-02
1.054559422052e-04,8.835177420517e+01,1.288423416898e+01,6.092637125574e+03,3.024022011975e+02,1.122970402188e+01,2.374770288860e-02
1.081939123850e-04,8.835149306783e+01,1.288480663911e+01,6.093019984931e+03,3.024022007748e+02,1.122970398983e+01,2.374726570424e-02
1.109318252956e-04,8.835120472477e+01,1.288539377025e+01,6.093412671443e+03,3.024022003412e+02,1.122970395696e+01,2.374681729450e-02
1.136696787660e-04,8.835090917629e+01,1.288599556070e+01,6.093815185361e+03,3.024021998967e+02,1.122970392327e+01,2.374635765963e-02
1.164074706753e-04,8.835060642270e+01,1.288661200875e+01,6.094227526929e+03,3.024021994414e+02,1.122970388876e+01,2.374588679996e-02
1.191451989478e-04,8.835029646430e+01,1.288724311263e+01,6.094649696379e+03,3.024021989753e+02,1.122970385343e+01,2.374540471587e-02
1.218828615473e-04,8.834997930142e+01,1.288788887051e+01,6.095081693935e+03,3.024021984982e+02,1.122970381728e+01,2.374491140782e-02
1.246204564731e-04,8.834965493437e+01,1.288854928055e+01,6.095523519811e+03,3.024021980103e+02,1.122970378032e+01,2.374440687632e-02
1.273579817564e-04,8.834932336350e+01,1.288922434082e+01,6.095975174210e+03,3.024021975116e+02,1.122970374254e+01,2.374389112194e-02
1.300954354563e-04,8.834898458912e+01,1.288991404937e+01,6.096436657327e+03,3.024021970020e+02,1.122970370393e+01,2.374336414530e-02
1.328328156577e-04,8.834863861159e+01,1.289061840422e+01,6.096907969348e+03,3.024021964815e+02,1.122970366451e+01,2.374282594709e-02
1.355701204684e-04,8.834828543126e+01,1.289133740329e+01,6.097389110447e+03,3.024021959501e+02,1.122970362428e+01,2.374227652808e-02
1.383073480165e-04,8.834792504847e+01,1.289207104451e+01,6.097880080791e+03,3.024021954078e+02,1.122970358322e+01,2.374171588906e-02
1.410444964491e-04,8.834755746359e+01,1.289281932573e+01,6.098380880536e+03,3.024021948547e+02,1.122970354135e+01,2.374114403090e-02
1.437815639300e-04,8.834718267698e+01,1.289358224476e+01,6.098891509829e+03,3.024021942907e+02,1.122970349866e+01,2.374056095454e-02
1.465185486387e-04,8.834680068903e+01,1.289435979937e+01,6.099411968810e+03,3.024021937158e+02,1.122970345515e+01,2.373996666096e-02
1.492554487681e-04,8.834641150010e+01,1.289515198728e+01,6.099942257606e+03,3.024021931301e+02,1.122970341083e+01,2.373936115119e-02
1.519922625245e-04,8.834601511060e+01,1.289595880615e+01,6.100482376339e+03,3.024021925334e+02,1.122970336569e+01,2.373874442634e-02
1.547289881252e-04,8.834561152090e+01,1.289678025362e+01,6.101032325119e+03,3.024021919259e+02,1.122970331974e+01,2.373811648756e-02
1.574656237985e-04,8.834520073141e+01,1.289761632727e+01,6.101592104047e+03,3.024021913075e+02,1.122970327297e+01,2.373747733608e-02
1.602021677824e-04,8.834478274254e+01,1.289846702462e+01,6.102161713219e+03,3.024021906782e+02,1.122970322538e+01,2.373682697315e-02
1.629386183238e-04,8.834435755470e+01,1.289933234316e+01,6.102741152718e+03,3.024021900380e+02,1.122970317698e+01,2.373616540010e-02
1.656749736779e-04,8.834392516830e+01,1.290021228033e+01,6.103330422621e+03,3.024021893870e+02,1.122970312777e+01,2.373549261832e-02
1.684112321074e-04,8.834348558379e+01,1.290110683353e+01,6.103929522996e+03,3.024021887250e+02,1.122970307774e+01,2.373480862924e-02
1.711473918821e-04,8.834303880158e+01,1.290201600009e+01,6.104538453901e+03,3.024021880521e+02,1.122970302689e+01,2.373411343435e-02
1.738834512782e-04,8.834258482213e+01,1.290293977732e+01,6.105157215387e+03,3.024021873684e+02,1.122970297523e+01,2.373340703519e-02
1.766194085779e-04,8.834212364587e+01,1.290387816247e+01,6.105785807498e+03,3.024021866737e+02,1.122970292276e+01,2.373268943337e-02
1.793552620691e-04,8.834165527326e+01,1.290483115274e+01,6.106424230268e+03,3.024021859681e+02,1.122970286948e+01,2.373196063053e-02
1.820910100447e-04,8.834117970477e+01,1.290579874530e+01,6.107072483723e+03,3.024021852517e+02,1.122970281538e+01,2.373122062839e-02
1.848266508024e-04,8.834069694085e+01,1.290678093725e+01,6.107730567882e+03,3.024021845243e+02,1.122970276047e+01,2.373046942869e-02
1.875621826445e-04,8.834020698199e+01,1.290777772567e+01,6.108398482757e+03,3.024021837860e+02,1.122970270474e+01,2.372970703326e-02
1.902976038774e-04,8.833970982865e+01,1.290878910758e+01,6.109076228349e+03,3.024021830368e+02,1.122970264821e+01,2.372893344395e-02
1.930329128114e-04,8.833920548134e+01,1.290981507994e+01,6.109763804655e+03,3.024021822767e+02,1.122970259086e+01,2.372814866268e-02
1.957681077605e-04,8.833869394054e+01,1.291085563969e+01,6.110461211663e+03,3.024021815056e+02,1.122970253270e+01,2.372735269142e-02
1.985031870421e-04,8.833817520676e+01,1.291191078370e+01,6.111168449352e+03,3.024021807237e+02,1.122970247373e+01,2.372654553218e-02
2.012381489768e-04,8.833764928051e+01,1.291298050882e+01,6.111885517695e+03,3.024021799308e+02,1.122970241395e+01,2.372572718704e-02
2.039729918883e-04,8.833711616229e+01,1.291406481183e+01,6.112612416659e+03,3.024021791270e+02,1.122970235336e+01,2.372489765810e-02
2.067077141029e-04,8.833657585263e+01,1.291516368947e+01,6.113349146202e+03,3.024021783123e+02,1.122970229196e+01,2.372405694755e-02
2.094423139499e-04,8.833602835207e+01,1.291627713845e+01,6.114095706275e+03,3.024021774867e+02,1.122970222975e+01,2.372320505759e-02
2.121767897610e-04,8.833547366113e+01,1.291740515540e+01,6.114852096823e+03,3.024021766501e+02,1.122970216674e+01,2.372234199051e-02
2.149111398702e-04,8.833491178035e+01,1.291854773694e+01,6.115618317784e+03,3.024021758026e+02,1.122970210291e+01,2.372146774860e-02
2.176453626139e-04,8.833434271030e+01,1.291970487963e+01,6.116394369086e+03,3.024021749441e+02,1.122970203827e+01,2.372058233425e-02
2.203794563305e-04,8.833376645151e+01,1.292087657997e+01,6.117180250656e+03,3.024021740747e+02,1.122970197283e+01,2.371968574986e-02
2.231134193606e-04,8.833318300456e+01,1.292206283444e+01,6.117975962409e+03,3.024021731944e+02,1.122970190658e+01,2.371877799790e-02
2.258472500466e-04,8.833259237002e+01,1.292326363946e+01,6.118781504257e+03,3.024021723031e+02,1.122970183952e+01,2.371785908088e-02
2.285809467329e-04,8.833199454846e+01,1.292447899140e+01,6.119596876103e+03,3.024021714009e+02,1.122970177165e+01,2.371692900135e-02
2.313145077655e-04,8.833138954047e+01,1.292570888659e+01,6.120422077845e+03,3.024021704877e+02,1.122970170298e+01,2.371598776192e-02
2.340479314921e-04,8.833077734663e+01,1.292695332132e+01,6.121257109374e+03,3.024021695636e+02,1.122970163350e+01,2.371503536525e-02
2.367812162621e-04,8.833015796755e+01,1.292821229182e+01,6.122101970576e+03,3.024021686285e+02,1.122970156322e+01,2.371407181403e-02
2.395143604263e-04,8.832953140383e+01,1.292948579428e+01,6.122956661329e+03,3.024021676825e+02,1.122970149213e+01,2.371309711101e-02
2.422473623371e-04,8.832889765608e+01,1.293077382487e+01,6.123821181506e+03,3.024021667255e+02,1.122970142024e+01,2.371211125897e-02
2.449802203481e-04,8.832825672491e+01,1.293207637967e+01,6.124695530974e+03,3.024021657575e+02,1.122970134754e+01,2.371111426076e-02
2.477129328147e-04,8.832760861096e+01,1.293339345474e+01,6.125579709593e+03,3.024021647786e+02,1.122970127404e+01,2.371010611925e-02
2.504454980930e-04,8.832695331486e+01,1.293472504610e+01,6.126473717218e+03,3.024021637887e+02,1.122970119974e+01,2.370908683738e-02
2.531779145408e-04,8.832629083724e+01,1.293607114971e+01,6.127377553698e+03,3.024021627878e+02,1.122970112463e+01,2.370805641812e-02
2.559101805170e-04,8.832562117875e+01,1.293743176149e+01,6.128291218878e+03,3.024021617759e+02,1.122970104872e+01,2.370701486448e-02
2.586422943815e-04,8.832494434005e+01,1.293880687732e+01,6.129214712593e+03,3.024021607531e+02,1.122970097201e+01,2.370596217952e-02
2.613742544956e-04,8.832426032179e+01,1.294019649303e+01,6.130148034677e+03,3.024021597192e+02,1.122970089449e+01,2.370489836635e-02
2.641060592216e-04,8.832356912463e+01,1.294160060440e+01,6.131091184956e+03,3.024021586744e+02,1.122970081618e+01,2.370382342811e-02
2.668377069227e-04,8.832287074926e+01,1.294301920717e+01,6.132044163250e+03,3.024021576186e+02,1.122970073706e+01,2.370273736801e-02
2.695691959633e-04,8.832216519636e+01,1.294445229703e+01,6.133006969377e+03,3.024021565518e+02,1.122970065715e+01,2.370164018927e-02
2.723005247088e-04,8.832145246661e+01,1.294589986965e+01,6.133979603146e+03,3.024021554740e+02,1.122970057644e+01,2.370053189517e-02
2.750316915255e-04,8.832073256070e+01,1.294736192062e+01,6.134962064362e+03,3.024021543852e+02,1.122970049492e+01,2.369941248903e-02
2.777626947807e-04,8.832000547934e+01,1.294883844550e+01,6.135954352826e+03,3.024021532854e+02,1.122970041261e+01,2.369828197422e-02
2.804935328426e-04,8.831927122324e+01,1.295032943981e+01,6.136956468332e+03,3.024021521746e+02,1.122970032950e+01,2.369714035415e-02
2.832242040804e-04,8.831852979311e+01,1.295183489902e+01,6.137968410670e+03,3.024021510528e+02,1.122970024559e+01,2.369598763224e-02
2.859547068639e-04,8.831778118967e+01,1.295335481855e+01,6.138990179625e+03,3.024021499200e+02,1.122970016089e+01,2.369482381201e-02
2.886850395641e-04,8.831702541365e+01,1.295488919379e+01,6.140021774977e+03,3.024021487761e+02,1.122970007538e+01,2.369364889697e-02
2.914152005526e-04,8.831626246579e+01,1.295643802007e+01,6.141063196502e+03,3.024021476213e+02,1.122969998909e+01,2.369246289070e-02
2.941451882021e-04,8.831549234684e+01,1.295800129269e+01,6.142114443969e+03,3.024021464554e+02,1.122969990199e+01,2.369126579682e-02
2.968750008858e-04,8.831471505753e+01,1.295957900689e+01,6.143175517143e+03,3.024021452785e+02,1.122969981411e+01,2.369005761896e-02
2.996046369779e-04,8.831393059864e+01,1.296117115787e+01,6.144246415787e+03,3.024021440905e+02,1.122969972542e+01,2.368883836083e-02
3.023340948533e-04,8.831313897091e+01,1.296277774080e+01,6.145327139656e+03,3.024021428915e+02,1.122969963595e+01,2.368760802616e-02
3.050633728877e-04,8.831234017513e+01,1.296439875078e+01,6.146417688501e+03,3.024021416815e+02,1.122969954568e+01,2.368636661872e-02
3.077924694577e-04,8.831153421207e+01,1.296603418289e+01,6.147518062071e+03,3.024021404604e+02,1.122969945461e+01,2.368511414232e-02
3.105213829403e-04,8.831072108251e+01,1.296768403216e+01,6.148628260107e+03,3.024021392283e+02,1.122969936276e+01,2.368385060082e-02
3.132501117136e-04,8.830990078725e+01,1.296934829356e+01,6.149748282348e+03,3.024021379851e+02,1.122969927011e+01,2.368257599811e-02
3.159786541562e-04,8.830907332709e+01,1.297102696203e+01,6.150878128528e+03,3.024021367309e+02,1.122969917668e+01,2.368129033812e-02
3.187070086477e-04,8.830823870283e+01,1.297272003246e+01,6.152017798377e+03,3.024021354656e+02,1.122969908245e+01,2.367999362482e-02
3.214351735679e-04,8.830739691528e+01,1.297442749971e+01,6.153167291621e+03,3.024021341892e+02,1.122969898743e+01,2.367868586221e-02
3.241631472980e-04,8.830654796527e+01,1.297614935857e+01,6.154326607980e+03,3.024021329018e+02,1.122969889162e+01,2.367736705434e-02
3.268909282192e-04,8.830569185362e+01,1.297788560381e+01,6.155495747171e+03,3.024021316033e+02,1.122969879502e+01,2.367603720530e-02
3.296185147139e-04,8.830482858115e+01,1.297963623015e+01,6.156674708909e+03,3.024021302937e+02,1.122969869764e+01,2.367469631920e-02
3.323459051651e-04,8.830395814873e+01,1.298140123225e+01,6.157863492902e+03,3.024021289731e+02,1.122969859947e+01,2.367334440021e-02
3.350730979562e-04,8.830308055718e+01,1.298318060475e+01,6.159062098855e+03,3.024021276414e+02,1.122969850051e+01,2.367198145252e-02
3.378000914715e-04,8.830219580737e+01,1.298497434223e+01,6.160270526468e+03,3.024021262985e+02,1.122969840076e+01,2.367060748037e-02
3.405268840960e-04,8.830130390015e+01,1.298678243924e+01,6.161488775441e+03,3.024021249446e+02,1.122969830023e+01,2.366922248803e-02
3.432534742154e-04,8.830040483640e+01,1.298860489026e+01,6.162716845465e+03,3.024021235796e+02,1.122969819892e+01,2.366782647980e-02
3.459798602158e-04,8.829949861699e+01,1.299044168977e+01,6.163954736232e+03,3.024021222035e+02,1.122969809681e+01,2.366641946004e-02
3.487060404843e-04,8.829858524280e+01,1.299229283215e+01,6.165202447425e+03,3.024021208163e+02,1.122969799393e+01,2.366500143311e-02
3.514320134084e-04,8.829766471472e+01,1.299415831179e+01,6.166459978729e+03,3.024021194180e+02,1.122969789026e+01,2.366357240344e-02
3.541577773764e-04,8.829673703365e+01,1.299603812300e+01,6.167727329821e+03,3.024021180086e+02,1.122969778581e+01,2.366213237549e-02
3.568833307771e-04,8.829580220048e+01,1.299793226007e+01,6.169004500376e+03,3.024021165880e+02,1.122969768058e+01,2.366068135374e-02
3.596086720002e-04,8.829486021614e+01,1.299984071723e+01,6.170291490066e+03,3.024021151563e+02,1.122969757456e+01,2.365921934271e-02
3.623337994359e-04,8.829391108153e+01,1.300176348867e+01,6.171588298559e+03,3.024021137135e+02,1.122969746777e+01,2.365774634696e-02
3.650587114750e-04,8.829295479759e+01,1.300370056854e+01,6.172894925519e+03,3.024021122596e+02,1.122969736019e+01,2.365626237110e-02
3.677834065090e-04,8.829199136523e+01,1.300565195096e+01,6.174211370607e+03,3.024021107945e+02,1.122969725184e+01,2.365476741974e-02
3.705078829300e-04,8.829102078540e+01,1.300761762998e+01,6.175537633481e+03,3.024021093183e+02,1.122969714270e+01,2.365326149756e-02
3.732321391309e-04,8.829004305905e+01,1.300959759962e+01,6.176873713794e+03,3.024021078310e+02,1.122969703279e+01,2.365174460925e-02
3.759561735051e-04,8.828905818712e+01,1.301159185386e+01,6.178219611199e+03,3.024021063325e+02,1.122969692210e+01,2.365021675956e-02
3.786799844466e-04,8.828806617058e+01,1.301360038664e+01,6.179575325341e+03,3.024021048228e+02,1.122969681064e+01,2.364867795323e-02
3.814035703502e-04,8.828706701038e+01,1.301562319184e+01,6.180940855867e+03,3.024021033020e+02,1.122969669840e+01,2.364712819509e-02
3.841269296112e-04,8.828606070751e+01,1.301766026331e+01,6.182316202417e+03,3.024021017700e+02,1.122969658538e+01,2.364556748996e-02
3.868500606257e-04,8.828504726294e+01,1.301971159486e+01,6.183701364628e+03,3.024021002269e+02,1.122969647159e+01,2.364399584271e-02
3.895729617902e-04,8.828402667766e+01,1.302177718024e+01,6.185096342137e+03,3.024020986726e+02,1.122969635702e+01,2.364241325825e-02
3.922956315021e-04,8.828299895266e+01,1.302385701319e+01,6.186501134575e+03,3.024020971071e+02,1.122969624168e+01,2.364081974152e-02
3.950180681592e-04,8.828196408894e+01,1.302595108736e+01,6.187915741571e+03,3.024020955304e+02,1.122969612557e+01,2.363921529748e-02
3.977402701602e-04,8.828092208751e+01,1.302805939641e+01,6.189340162750e+03,3.024020939425e+02,1.122969600869e+01,2.363759993114e-02
4.004622359043e-04,8.827987294938e+01,1.303018193391e+01,6.190774397735e+03,3.024020923435e+02,1.122969589103e+01,2.363597364753e-02
4.031839637913e-04,8.827881667558e+01,1.303231869342e+01,6.192218446146e+03,3.024020907332e+02,1.122969577261e+01,2.363433645172e-02
4.059054522217e-04,8.827775326714e+01,1.303446966843e+01,6.193672307601e+03,3.024020891117e+02,1.122969565341e+01,2.363268834881e-02
4.086266995967e-04,8.827668272508e+01,1.303663485243e+01,6.195135981713e+03,3.024020874791e+02,1.122969553345e+01,2.363102934393e-02
4.113477043181e-04,8.827560505045e+01,1.303881423881e+01,6.196609468093e+03,3.024020858352e+02,1.122969541272e+01,2.362935944226e-02
4.140684647883e-04,8.827452024431e+01,1.304100782097e+01,6.198092766350e+03,3.024020841801e+02,1.122969529122e+01,2.362767864898e-02
4.167889794103e-04,8.827342830770e+01,1.304321559223e+01,6.199585876090e+03,3.024020825138e+02,1.122969516895e+01,2.362598696933e-02
4.195092465880e-04,8.827232924169e+01,1.304543754590e+01,6.201088796916e+03,3.024020808362e+02,1.122969504592e+01,2.362428440856e-02
4.222292647258e-04,8.827122304734e+01,1.304767367522e+01,6.202601528427e+03,3.024020791474e+02,1.122969492213e+01,2.362257097198e-02
4.249490322287e-04,8.827010972575e+01,1.304992397340e+01,6.204124070221e+03,3.024020774474e+02,1.122969479756e+01,2.362084666489e-02
4.276685475024e-04,8.826898927799e+01,1.305218843360e+01,6.205656421894e+03,3.024020757361e+02,1.122969467224e+01,2.361911149266e-02
4.303878089532e-04,8.826786170514e+01,1.305446704896e+01,6.207198583038e+03,3.024020740136e+02,1.122969454615e+01,2.361736546067e-02
4.331068149883e-04,8.826672700832e+01,1.305675981254e+01,6.208750553241e+03,3.024020722799e+02,1.122969441930e+01,2.361560857434e-02
4.358255640152e-04,8.826558518862e+01,1.305906671741e+01,6.210312332093e+03,3.024020705348e+02,1.122969429169e+01,2.361384083912e-02
4.385440544424e-04,8.826443624716e+01,1.306138775654e+01,6.211883919176e+03,3.024020687785e+02,1.122969416332e+01,2.361206226048e-02
4.412622846788e-04,8.826328018505e+01,1.306372292290e+01,6.213465314073e+03,3.024020670110e+02,1.122969403419e+01,2.361027284392e-02
4.439802531341e-04,8.826211700342e+01,1.306607220939e+01,6.215056516364e+03,3.024020652321e+02,1.122969390430e+01,2.360847259500e-02
4.466979582187e-04,8.826094670341e+01,1.306843560891e+01,6.216657525627e+03,3.024020634420e+02,1.122969377365e+01,2.360666151926e-02
4.494153983437e-04,8.825976928615e+01,1.307081311426e+01,6.218268341435e+03,3.024020616406e+02,1.122969364224e+01,2.360483962233e-02
4.521325719206e-04,8.825858475279e+01,1.307320471825e+01,6.219888963362e+03,3.024020598279e+02,1.122969351008e+01,2.360300690981e-02
4.548494773618e-04,8.825739310448e+01,1.307561041362e+01,6.221519390977e+03,3.024020580039e+02,1.122969337716e+01,2.360116338737e-02
4.575661130805e-04,8.825619434238e+01,1.307803019307e+01,6.223159623848e+03,3.024020561686e+02,1.122969324349e+01,2.359930906070e-02
4.602824774904e-04,8.825498846767e+01,1.308046404927e+01,6.224809661542e+03,3.024020543219e+02,1.122969310906e+01,2.359744393551e-02
4.629985690057e-04,8.825377548152e+01,1.308291197485e+01,6.226469503620e+03,3.024020524640e+02,1.122969297388e+01,2.359556801754e-02
4.657143860418e-04,8.825255538510e+01,1.308537396237e+01,6.228139149644e+03,3.024020505947e+02,1.122969283794e+01,2.359368131257e-02
4.684299270142e-04,8.825132817961e+01,1.308785000438e+01,6.229818599172e+03,3.024020487142e+02,1.122969270126e+01,2.359178382640e-02
4.711451903396e-04,8.825009386624e+01,1.309034009338e+01,6.231507851762e+03,3.024020468222e+02,1.122969256382e+01,2.358987556487e-02
4.738601744351e-04,8.824885244619e+01,1.309284422183e+01,6.233206906968e+03,3.024020449190e+02,1.122969242564e+01,2.358795653382e-02
4.765748777185e-04,8.824760392067e+01,1.309536238213e+01,6.234915764341e+03,3.024020430044e+02,1.122969228670e+01,2.358602673916e-02
4.792892986084e-04,8.824634829091e+01,1.309789456667e+01,6.236634423433e+03,3.024020410784e+02,1.122969214702e+01,2.358408618680e-02
4.820034355241e-04,8.824508555812e+01,1.310044076777e+01,6.238362883790e+03,3.024020391411e+02,1.122969200659e+01,2.358213488268e-02
4.847172868855e-04,8.824381572353e+01,1.310300097773e+01,6.240101144959e+03,3.024020371925e+02,1.122969186541e+01,2.358017283278e-02
4.874308511133e-04,8.824253878838e+01,1.310557518880e+01,6.241849206484e+03,3.024020352324e+02,1.122969172349e+01,2.357820004309e-02
4.901441266289e-04,8.824125475391e+01,1.310816339319e+01,6.243607067907e+03,3.024020332610e+02,1.122969158082e+01,2.357621651964e-02
4.928571118543e-04,8.823996362138e+01,1.311076558306e+01,6.245374728767e+03,3.024020312782e+02,1.122969143741e+01,2.357422226849e-02
4.955698052124e-04,8.823866539204e+01,1.311338175054e+01,6.247152188603e+03,3.024020292840e+02,1.122969129326e+01,2.357221729573e-02
4.982822051268e-04,8.823736006716e+01,1.311601188773e+01,6.248939446951e+03,3.024020272785e+02,1.122969114836e+01,2.357020160745e-02
5.009943100215e-04,8.823604764801e+01,1.311865598665e+01,6.250736503344e+03,3.024020252615e+02,1.122969100272e+01,2.356817520981e-02
5.037061183217e-04,8.823472813587e+01,1.312131403933e+01,6.252543357315e+03,3.024020232331e+02,1.122969085635e+01,2.356613810896e-02
5.064176284530e-04,8.823340153202e+01,1.312398603772e+01,6.254360008395e+03,3.024020211933e+02,1.122969070923e+01,2.356409031109e-02
5.091288388417e-04,8.823206783776e+01,1.312667197375e+01,6.256186456110e+03,3.024020191421e+02,1.122969056137e+01,2.356203182243e-02
5.118397479152e-04,8.823072705439e+01,1.312937183930e+01,6.258022699989e+03,3.024020170795e+02,1.122969041278e+01,2.355996264921e-02
5.145503541011e-04,8.822937918321e+01,1.313208562621e+01,6.259868739556e+03,3.024020150054e+02,1.122969026345e+01,2.355788279771e-02
5.172606558283e-04,8.822802422554e+01,1.313481332629e+01,6.261724574334e+03,3.024020129199e+02,1.122969011339e+01,2.355579227422e-02
5.199706515259e-04,8.822666218269e+01,1.313755493129e+01,6.263590203844e+03,3.024020108230e+02,1.122968996259e+01,2.355369108507e-02
5.226803396242e-04,8.822529305600e+01,1.314031043294e+01,6.265465627605e+03,3.024020087146e+02,1.122968981105e+01,2.355157923661e-02
5.253897185540e-04,8.822391684681e+01,1.314307982291e+01,6.267350845136e+03,3.024020065948e+02,1.122968965878e+01,2.354945673521e-02
5.280987867468e-04,8.822253355644e+01,1.314586309285e+01,6.269245855952e+03,3.024020044634e+02,1.122968950578e+01,2.354732358728e-02
5.308075426351e-04,8.822114318625e+01,1.314866023436e+01,6.271150659568e+03,3.024020023207e+02,1.122968935205e+01,2.354517979923e-02
5.335159846519e-04,8.821974573760e+01,1.315147123900e+01,6.273065255496e+03,3.024020001664e+02,1.122968919759e+01,2.354302537753e-02
5.362241112311e-04,8.821834121185e+01,1.315429609828e+01,6.274989643248e+03,3.024019980007e+02,1.122968904240e+01,2.354086032864e-02
5.389319208073e-04,8.821692961036e+01,1.315713480368e+01,6.276923822332e+03,3.024019958235e+02,1.122968888649e+01,2.353868465907e-02
5.416394118160e-04,8.821551093451e+01,1.315998734665e+01,6.278867792258e+03,3.024019936347e+02,1.122968872984e+01,2.353649837536e-02
5.443465826932e-04,8.821408518569e+01,1.316285371859e+01,6.280821552530e+03,3.024019914345e+02,1.122968857247e+01,2.353430148404e-02
5.470534318759e-04,8.821265236529e+01,1.316573391085e+01,6.282785102655e+03,3.024019892228e+02,1.122968841437e+01,2.353209399171e-02
5.497599578018e-04,8.821121247470e+01,1.316862791475e+01,6.284758442134e+03,3.024019869995e+02,1.122968825555e+01,2.352987590495e-02
5.524661589094e-04,8.820976551532e+01,1.317153572158e+01,6.286741570470e+03,3.024019847648e+02,1.122968809601e+01,2.352764723041e-02
5.551720336380e-04,8.820831148858e+01,1.317445732257e+01,6.288734487162e+03,3.024019825185e+02,1.122968793574e+01,2.352540797472e-02
5.578775804274e-04,8.820685039588e+01,1.317739270892e+01,6.290737191710e+03,3.024019802606e+02,1.122968777475e+01,2.352315814457e-02
5.605827977188e-04,8.820538223865e+01,1.318034187180e+01,6.292749683610e+03,3.024019779912e+02,1.122968761304e+01,2.352089774665e-02
5.632876839535e-04,8.820390701832e+01,1.318330480233e+01,6.294771962359e+03,3.024019757103e+02,1.122968745061e+01,2.351862678769e-02
5.659922375740e-04,8.820242473633e+01,1.318628149158e+01,6.296804027450e+03,3.024019734178e+02,1.122968728747e+01,2.351634527443e-02
5.686964570236e-04,8.820093539413e+01,1.318927193060e+01,6.298845878377e+03,3.024019711138e+02,1.122968712360e+01,2.351405321366e-02
5.714003407462e-04,8.819943899317e+01,1.319227611040e+01,6.300897514631e+03,3.024019687982e+02,1.122968695902e+01,2.351175061215e-02
5.741038871866e-04,8.819793553491e+01,1.319529402193e+01,6.302958935703e+03,3.024019664710e+02,1.122968679373e+01,2.350943747674e-02
5.768070947905e-04,8.819642502081e+01,1.319832565612e+01,6.305030141081e+03,3.024019641322e+02,1.122968662772e+01,2.350711381427e-02
5.795099620042e-04,8.819490745235e+01,1.320137100385e+01,6.307111130252e+03,3.024019617818e+02,1.122968646099e+01,2.350477963159e-02
5.822124872750e-04,8.819338283100e+01,1.320443005598e+01,6.309201902703e+03,3.024019594198e+02,1.122968629356e+01,2.350243493560e-02
5.849146690510e-04,8.819185115827e+01,1.320750280330e+01,6.311302457919e+03,3.024019570462e+02,1.122968612541e+01,2.350007973321e-02
5.876165057809e-04,8.819031243563e+01,1.321058923658e+01,6.313412795384e+03,3.024019546610e+02,1.122968595655e+01,2.349771403136e-02
5.903179959145e-04,8.818876666459e+01,1.321368934656e+01,6.315532914579e+03,3.024019522642e+02,1.122968578699e+01,2.349533783700e-02
5.930191379022e-04,8.818721384666e+01,1.321680312392e+01,6.317662814986e+03,3.024019498558e+02,1.122968561671e+01,2.349295115712e-02
5.957199301955e-04,8.818565398335e+01,1.321993055931e+01,6.319802496086e+03,3.024019474357e+02,1.122968544573e+01,2.349055399871e-02
5.984203712465e-04,8.818408707619e+01,1.322307164335e+01,6.321951957356e+03,3.024019450040e+02,1.122968527404e+01,2.348814636880e-02
6.011204595080e-04,8.818251312671e+01,1.322622636660e+01,6.324111198274e+03,3.024019425606e+02,1.122968510165e+01,2.348572827445e-02
6.038201934341e-04,8.818093213643e+01,1.322939471960e+01,6.326280218317e+03,3.024019401056e+02,1.122968492855e+01,2.348329972271e-02
6.065195714794e-04,8.817934410690e+01,1.323257669285e+01,6.328459016961e+03,3.024019376388e+02,1.122968475475e+01,2.348086072069e-02
6.092185920993e-04,8.817774903968e+01,1.323577227680e+01,6.330647593678e+03,3.024019351605e+02,1.122968458025e+01,2.347841127549e-02
6.119172537503e-04,8.817614693631e+01,1.323898146188e+01,6.332845947942e+03,3.024019326704e+02,1.122968440505e+01,2.347595139426e-02
6.146155548895e-04,8.817453779837e+01,1.324220423845e+01,6.335054079226e+03,3.024019301687e+02,1.122968422915e+01,2.347348108414e-02
6.173134939751e-04,8.817292162741e+01,1.324544059687e+01,6.337271986999e+03,3.024019276552e+02,1.122968405255e+01,2.347100035233e-02
6.200110694659e-04,8.817129842503e+01,1.324869052743e+01,6.339499670733e+03,3.024019251301e+02,1.122968387525e+01,2.346850920602e-02
6.227082798218e-04,8.816966819279e+01,1.325195402040e+01,6.341737129895e+03,3.024019225933e+02,1.122968369726e+01,2.346600765242e-02
6.254051235033e-04,8.816803093231e+01,1.325523106601e+01,6.343984363953e+03,3.024019200447e+02,1.122968351857e+01,2.346349569880e-02
6.281015989720e-04,8.816638664516e+01,1.325852165445e+01,6.346241372374e+03,3.024019174844e+02,1.122968333919e+01,2.346097335241e-02
6.307977046902e-04,8.816473533296e+01,1.326182577586e+01,6.348508154625e+03,3.024019149124e+02,1.122968315911e+01,2.345844062053e-02
6.334934391213e-04,8.816307699731e+01,1.326514342036e+01,6.350784710169e+03,3.024019123286e+02,1.122968297834e+01,2.345589751048e-02
6.361888007293e-04,8.816141163985e+01,1.326847457801e+01,6.353071038471e+03,3.024019097331e+02,1.122968279688e+01,2.345334402958e-02
6.388837879792e-04,8.815973926218e+01,1.327181923887e+01,6.355367138993e+03,3.024019071258e+02,1.122968261474e+01,2.345078018518e-02
6.415783993369e-04,8.815805986595e+01,1.327517739292e+01,6.357673011198e+03,3.024019045067e+02,1.122968243190e+01,2.344820598465e-02
6.442726332693e-04,8.815637345280e+01,1.327854903012e+01,6.359988654547e+03,3.024019018759e+02,1.122968224838e+01,2.344562143537e-02
6.469664882439e-04,8.815468002436e+01,1.328193414041e+01,6.362314068500e+03,3.024018992333e+02,1.122968206416e+01,2.344302654476e-02
6.496599627293e-04,8.815297958230e+01,1.328533271365e+01,6.364649252516e+03,3.024018965789e+02,1.122968187927e+01,2.344042132025e-02
6.523530551950e-04,8.815127212827e+01,1.328874473971e+01,6.366994206054e+03,3.024018939128e+02,1.122968169369e+01,2.343780576929e-02
6.550457641113e-04,8.814955766394e+01,1.329217020839e+01,6.369348928572e+03,3.024018912348e+02,1.122968150743e+01,2.343517989934e-02
6.577380879495e-04,8.814783619099e+01,1.329560910946e+01,6.371713419527e+03,3.024018885450e+02,1.122968132048e+01,2.343254371789e-02
6.604300251816e-04,8.814610771109e+01,1.329906143266e+01,6.374087678374e+03,3.024018858433e+02,1.122968113286e+01,2.342989723247e-02
6.631215742808e-04,8.814437222593e+01,1.330252716768e+01,6.376471704570e+03,3.024018831299e+02,1.122968094455e+01,2.342724045059e-02
6.658127337210e-04,8.814262973721e+01,1.330600630419e+01,6.378865497568e+03,3.024018804046e+02,1.122968075557e+01,2.342457337980e-02
6.685035019772e-04,8.814088024662e+01,1.330949883180e+01,6.381269056823e+03,3.024018776675e+02,1.122968056591e+01,2.342189602767e-02
6.711938775251e-04,8.813912375589e+01,1.331300474011e+01,6.383682381788e+03,3.024018749185e+02,1.122968037558e+01,2.341920840179e-02
6.738838588414e-04,8.813736026671e+01,1.331652401865e+01,6.386105471915e+03,3.024018721576e+02,1.122968018457e+01,2.341651050977e-02
6.765734444038e-04,8.813558978082e+01,1.332005665695e+01,6.388538326656e+03,3.024018693849e+02,1.122967999288e+01,2.341380235923e-02
6.792626326909e-04,8.813381229994e+01,1.332360264448e+01,6.390980945462e+03,3.024018666003e+02,1.122967980053e+01,2.341108395781e-02
6.819514221821e-04,8.813202782580e+01,1.332716197067e+01,6.393433327784e+03,3.024018638038e+02,1.122967960750e+01,2.340835531319e-02
6.846398113579e-04,8.813023636016e+01,1.333073462493e+01,6.395895473071e+03,3.024018609954e+02,1.122967941381e+01,2.340561643303e-02
6.873277986997e-04,8.812843790476e+01,1.333432059661e+01,6.398367380773e+03,3.024018581751e+02,1.122967921944e+01,2.340286732505e-02
6.900153826898e-04,8.812663246135e+01,1.333791987505e+01,6.400849050337e+03,3.024018553429e+02,1.122967902441e+01,2.340010799696e-02
6.927025618115e-04,8.812482003171e+01,1.334153244954e+01,6.403340481213e+03,3.024018524988e+02,1.122967882871e+01,2.339733845649e-02
6.953893345488e-04,8.812300061759e+01,1.334515830933e+01,6.405841672848e+03,3.024018496428e+02,1.122967863234e+01,2.339455871142e-02
6.980756993872e-04,8.812117422078e+01,1.334879744363e+01,6.408352624688e+03,3.024018467748e+02,1.122967843532e+01,2.339176876950e-02
7.007616548125e-04,8.811934084306e+01,1.335244984163e+01,6.410873336180e+03,3.024018438948e+02,1.122967823763e+01,2.338896863853e-02
7.034471993119e-04,8.811750048622e+01,1.335611549247e+01,6.413403806770e+03,3.024018410029e+02,1.122967803927e+01,2.338615832633e-02
7.061323313734e-04,8.811565315206e+01,1.335979438526e+01,6.415944035902e+03,3.024018380991e+02,1.122967784026e+01,2.338333784072e-02
7.088170494859e-04,8.811379884239e+01,1.336348650908e+01,6.418494023023e+03,3.024018351833e+02,1.122967764059e+01,2.338050718954e-02
7.115013521395e-04,8.811193755901e+01,1.336719185295e+01,6.421053767576e+03,3.024018322555e+02,1.122967744026e+01,2.337766638066e-02
7.141852378251e-04,8.811006930374e+01,1.337091040587e+01,6.423623269006e+03,3.024018293157e+02,1.122967723927e+01,2.337481542196e-02
7.168687050345e-04,8.810819407840e+01,1.337464215682e+01,6.426202526755e+03,3.024018263639e+02,1.122967703763e+01,2.337195432134e-02
7.195517522606e-04,8.810631188484e+01,1.337838709471e+01,6.428791540268e+03,3.024018234001e+02,1.122967683534e+01,2.336908308671e-02
7.222343779972e-04,8.810442272489e+01,1.338214520844e+01,6.431390308986e+03,3.024018204242e+02,1.122967663239e+01,2.336620172601e-02
7.249165807392e-04,8.810252660039e+01,1.338591648686e+01,6.433998832353e+03,3.024018174364e+02,1.122967642879e+01,2.336331024718e-02
7.275983589824e-04,8.810062351319e+01,1.338970091880e+01,6.436617109810e+03,3.024018144365e+02,1.122967622454e+01,2.336040865820e-02
7.302797112236e-04,8.809871346516e+01,1.339349849303e+01,6.439245140799e+03,3.024018114246e+02,1.122967601964e+01,2.335749696705e-02
7.329606359605e-04,8.809679645816e+01,1.339730919830e+01,6.441882924762e+03,3.024018084006e+02,1.122967581410e+01,2.335457518172e-02
7.356411316920e-04,8.809487249407e+01,1.340113302333e+01,6.444530461139e+03,3.024018053646e+02,1.122967560791e+01,2.335164331023e-02
7.383211969179e-04,8.809294157475e+01,1.340496995680e+01,6.447187749371e+03,3.024018023165e+02,1.122967540107e+01,2.334870136063e-02
7.410008301388e-04,8.809100370211e+01,1.340881998734e+01,6.449854788898e+03,3.024017992563e+02,1.122967519359e+01,2.334574934095e-02
7.436800298567e-04,8.808905887803e+01,1.341268310356e+01,6.452531579162e+03,3.024017961840e+02,1.122967498546e+01,2.334278725926e-02
7.463587945742e-04,8.808710710442e+01,1.341655929404e+01,6.455218119602e+03,3.024017930997e+02,1.122967477670e+01,2.333981512365e-02
7.490371227952e-04,8.808514838317e+01,1.342044854730e+01,6.457914409658e+03,3.024017900032e+02,1.122967456729e+01,2.333683294222e-02
7.517150130246e-04,8.808318271621e+01,1.342435085185e+01,6.460620448770e+03,3.024017868946e+02,1.122967435725e+01,2.333384072307e-02
7.543924637681e-04,8.808121010546e+01,1.342826619616e+01,6.463336236376e+03,3.024017837739e+02,1.122967414657e+01,2.333083847434e-02
7.570694735326e-04,8.807923055283e+01,1.343219456865e+01,6.466061771917e+03,3.024017806410e+02,1.122967393525e+01,2.332782620418e-02
7.597460408259e-04,8.807724406028e+01,1.343613595771e+01,6.468797054832e+03,3.024017774960e+02,1.122967372330e+01,2.332480392074e-02
7.624221641570e-04,8.807525062973e+01,1.344009035172e+01,6.471542084559e+03,3.024017743389e+02,1.122967351071e+01,2.332177163221e-02
7.650978420358e-04,8.807325026314e+01,1.344405773899e+01,6.474296860537e+03,3.024017711696e+02,1.122967329750e+01,2.331872934678e-02
7.677730729732e-04,8.807124296245e+01,1.344803810781e+01,6.477061382206e+03,3.024017679881e+02,1.122967308365e+01,2.331567707265e-02
7.704478554813e-04,8.806922872964e+01,1.345203144645e+01,6.479835649004e+03,3.024017647944e+02,1.122967286917e+01,2.331261481804e-02
7.731221880730e-04,8.806720756667e+01,1.345603774312e+01,6.482619660370e+03,3.024017615886e+02,1.122967265407e+01,2.330954259121e-02
7.757960692625e-04,8.806517947551e+01,1.346005698601e+01,6.485413415742e+03,3.024017583706e+02,1.122967243833e+01,2.330646040040e-02
7.784694975649e-04,8.806314445815e+01,1.346408916327e+01,6.488216914560e+03,3.024017551403e+02,1.122967222198e+01,2.330336825387e-02
7.811424714963e-04,8.806110251657e+01,1.346813426302e+01,6.491030156262e+03,3.024017518978e+02,1.122967200499e+01,2.330026615991e-02
7.838149895739e-04,8.805905365278e+01,1.347219227334e+01,6.493853140286e+03,3.024017486431e+02,1.122967178739e+01,2.329715412683e-02
7.864870503161e-04,8.805699786877e+01,1.347626318229e+01,6.496685866072e+03,3.024017453762e+02,1.122967156916e+01,2.329403216293e-02
7.891586522421e-04,8.805493516655e+01,1.348034697787e+01,6.499528333058e+03,3.024017420970e+02,1.122967135032e+01,2.329090027653e-02
7.918297938724e-04,8.805286554814e+01,1.348444364808e+01,6.502380540683e+03,3.024017388055e+02,1.122967113085e+01,2.328775847599e-02
7.945004737283e-04,8.805078901555e+01,1.348855318085e+01,6.505242488387e+03,3.024017355018e+02,1.122967091077e+01,2.328460676965e-02
7.971706903325e-04,8.804870557083e+01,1.349267556409e+01,6.508114175607e+03,3.024017321859e+02,1.122967069007e+01,2.328144516588e-02
7.998404422084e-04,8.804661521600e+01,1.349681078570e+01,6.510995601785e+03,3.024017288576e+02,1.122967046876e+01,2.327827367308e-02
8.025097278808e-04,8.804451795312e+01,1.350095883351e+01,6.513886766358e+03,3.024017255170e+02,1.122967024683e+01,2.327509229963e-02
8.051785458753e-04,8.804241378421e+01,1.350511969533e+01,6.516787668767e+03,3.024017221641e+02,1.122967002429e+01,2.327190105395e-02
8.078468947189e-04,8.804030271136e+01,1.350929335895e+01,6.519698308451e+03,3.024017187989e+02,1.122966980115e+01,2.326869994447e-02
8.105147729393e-04,8.803818473661e+01,1.351347981210e+01,6.522618684850e+03,3.024017154214e+02,1.122966957739e+01,2.326548897961e-02
8.131821790655e-04,8.803605986204e+01,1.351767904250e+01,6.525548797405e+03,3.024017120316e+02,1.122966935302e+01,2.326226816784e-02
8.158491116277e-04,8.803392808972e+01,1.352189103783e+01,6.528488645556e+03,3.024017086294e+02,1.122966912805e+01,2.325903751763e-02
8.185155691570e-04,8.803178942174e+01,1.352611578573e+01,6.531438228744e+03,3.024017052148e+02,1.122966890248e+01,2.325579703744e-02
8.211815501856e-04,8.802964386019e+01,1.353035327380e+01,6.534397546409e+03,3.024017017879e+02,1.122966867630e+01,2.325254673578e-02
8.238470532469e-04,8.802749140716e+01,1.353460348963e+01,6.537366597993e+03,3.024016983486e+02,1.122966844951e+01,2.324928662114e-02
8.265120768752e-04,8.802533206476e+01,1.353886642077e+01,6.540345382938e+03,3.024016948970e+02,1.122966822213e+01,2.324601670206e-02
8.291766196063e-04,8.802316583510e+01,1.354314205472e+01,6.543333900686e+03,3.024016914329e+02,1.122966799415e+01,2.324273698705e-02
8.318406799766e-04,8.802099272029e+01,1.354743037895e+01,6.546332150678e+03,3.024016879564e+02,1.122966776557e+01,2.323944748467e-02
8.345042565240e-04,8.801881272246e+01,1.355173138093e+01,6.549340132359e+03,3.024016844675e+02,1.122966753640e+01,2.323614820346e-02
8.371673477874e-04,8.801662584374e+01,1.355604504805e+01,6.552357845170e+03,3.024016809662e+02,1.122966730663e+01,2.323283915201e-02
8.398299523067e-04,8.801443208627e+01,1.356037136770e+01,6.555385288556e+03,3.024016774525e+02,1.122966707626e+01,2.322952033889e-02
8.424920686231e-04,8.801223145219e+01,1.356471032723e+01,6.558422461960e+03,3.024016739263e+02,1.122966684531e+01,2.322619177270e-02
8.451536952787e-04,8.801002394365e+01,1.356906191395e+01,6.561469364827e+03,3.024016703876e+02,1.122966661376e+01,2.322285346204e-02
8.478148308170e-04,8.800780956281e+01,1.357342611513e+01,6.564525996602e+03,3.024016668365e+02,1.122966638162e+01,2.321950541554e-02
8.504754737824e-04,8.800558831183e+01,1.357780291804e+01,6.567592356731e+03,3.024016632729e+02,1.122966614890e+01,2.321614764182e-02
8.531356227204e-04,8.800336019288e+01,1.358219230989e+01,6.570668444659e+03,3.024016596968e+02,1.122966591559e+01,2.321278014953e-02
8.557952761780e-04,8.800112520815e+01,1.358659427786e+01,6.573754259833e+03,3.024016561082e+02,1.122966568169e+01,2.320940294733e-02
8.584544327028e-04,8.799888335981e+01,1.359100880910e+01,6.576849801699e+03,3.024016525072e+02,1.122966544722e+01,2.320601604388e-02
8.611130908440e-04,8.799663465005e+01,1.359543589074e+01,6.579955069707e+03,3.024016488936e+02,1.122966521216e+01,2.320261944785e-02
8.637712491517e-04,8.799437908108e+01,1.359987550987e+01,6.583070063303e+03,3.024016452674e+02,1.122966497651e+01,2.319921316795e-02
8.664289061771e-04,8.799211665510e+01,1.360432765353e+01,6.586194781937e+03,3.024016416287e+02,1.122966474029e+01,2.319579721287e-02
8.690860604729e-04,8.798984737432e+01,1.360879230876e+01,6.589329225058e+03,3.024016379775e+02,1.122966450350e+01,2.319237159133e-02
8.717427105924e-04,8.798757124095e+01,1.361326946255e+01,6.592473392117e+03,3.024016343137e+02,1.122966426612e+01,2.318893631205e-02
8.743988550906e-04,8.798528825722e+01,1.361775910185e+01,6.595627282564e+03,3.024016306374e+02,1.122966402818e+01,2.318549138377e-02
8.770544925232e-04,8.798299842536e+01,1.362226121360e+01,6.598790895851e+03,3.024016269485e+02,1.122966378966e+01,2.318203681523e-02
8.797096214475e-04,8.798070174762e+01,1.362677578469e+01,6.601964231430e+03,3.024016232469e+02,1.122966355056e+01,2.317857261519e-02
8.823642404215e-04,8.797839822622e+01,1.363130280200e+01,6.605147288754e+03,3.024016195328e+02,1.122966331090e+01,2.317509879242e-02
8.850183480048e-04,8.797608786343e+01,1.363584225235e+01,6.608340067278e+03,3.024016158060e+02,1.122966307067e+01,2.317161535570e-02
8.876719427578e-04,8.797377066150e+01,1.364039412254e+01,6.611542566455e+03,3.024016120667e+02,1.122966282987e+01,2.316812231383e-02
8.903250232422e-04,8.797144662270e+01,1.364495839936e+01,6.614754785742e+03,3.024016083147e+02,1.122966258851e+01,2.316461967559e-02
8.929775880212e-04,8.796911574929e+01,1.364953506954e+01,6.617976724593e+03,3.024016045500e+02,1.122966234658e+01,2.316110744982e-02
8.956296356585e-04,8.796677804355e+01,1.365412411978e+01,6.621208382468e+03,3.024016007727e+02,1.122966210409e+01,2.315758564531e-02
8.982811647197e-04,8.796443350778e+01,1.365872553678e+01,6.624449758822e+03,3.024015969827e+02,1.122966186104e+01,2.315405427092e-02
9.009321737711e-04,8.796208214425e+01,1.366333930717e+01,6.627700853116e+03,3.024015931801e+02,1.122966161743e+01,2.315051333548e-02
9.035826613802e-04,8.795972395527e+01,1.366796541758e+01,6.630961664808e+03,3.024015893648e+02,1.122966137326e+01,2.314696284784e-02
9.062326261161e-04,8.795735894314e+01,1.367260385458e+01,6.634232193361e+03,3.024015855367e+02,1.122966112853e+01,2.314340281688e-02
9.088820665486e-04,8.795498711017e+01,1.367725460474e+01,6.637512438234e+03,3.024015816960e+02,1.122966088325e+01,2.313983325145e-02
9.115309812490e-04,8.795260845868e+01,1.368191765458e+01,6.640802398892e+03,3.024015778425e+02,1.122966063742e+01,2.313625416044e-02
9.141793687897e-04,8.795022299099e+01,1.368659299059e+01,6.644102074796e+03,3.024015739763e+02,1.122966039103e+01,2.313266555275e-02
9.168272277443e-04,8.794783070943e+01,1.369128059924e+01,6.647411465413e+03,3.024015700973e+02,1.122966014409e+01,2.312906743728e-02
9.194745566876e-04,8.794543161634e+01,1.369598046696e+01,6.650730570208e+03,3.024015662056e+02,1.122965989661e+01,2.312545982294e-02
9.221213541955e-04,8.794302571407e+01,1.370069258015e+01,6.654059388647e+03,3.024015623011e+02,1.122965964858e+01,2.312184271865e-02
9.247676188454e-04,8.794061300495e+01,1.370541692519e+01,6.657397920199e+03,3.024015583839e+02,1.122965940000e+01,2.311821613334e-02
9.274133492157e-04,8.793819349136e+01,1.371015348841e+01,6.660746164332e+03,3.024015544538e+02,1.122965915088e+01,2.311458007596e-02
9.300585438860e-04,8.793576717565e+01,1.371490225614e+01,6.664104120516e+03,3.024015505110e+02,1.122965890121e+01,2.311093455544e-02
9.327032014372e-04,8.793333406020e+01,1.371966321465e+01,6.667471788222e+03,3.024015465553e+02,1.122965865100e+01,2.310727958075e-02
9.353473204513e-04,8.793089414737e+01,1.372443635019e+01,6.670849166924e+03,3.024015425869e+02,1.122965840026e+01,2.310361516086e-02
9.379908995116e-04,8.792844743956e+01,1.372922164900e+01,6.674236256093e+03,3.024015386056e+02,1.122965814898e+01,2.309994130474e-02
9.406339372028e-04,8.792599393915e+01,1.373401909725e+01,6.677633055206e+03,3.024015346114e+02,1.122965789716e+01,2.309625802138e-02
9.432764321105e-04,8.792353364853e+01,1.373882868113e+01,6.681039563738e+03,3.024015306044e+02,1.122965764480e+01,2.309256531977e-02
9.459183828218e-04,8.792106657012e+01,1.374365038675e+01,6.684455781167e+03,3.024015265845e+02,1.122965739191e+01,2.308886320892e-02
9.485597879248e-04,8.791859270633e+01,1.374848420022e+01,6.687881706970e+03,3.024015225517e+02,1.122965713849e+01,2.308515169783e-02
9.512006460091e-04,8.791611205955e+01,1.375333010763e+01,6.691317340628e+03,3.024015185061e+02,1.122965688454e+01,2.308143079552e-02
9.538409556653e-04,8.791362463223e+01,1.375818809501e+01,6.694762681622e+03,3.024015144475e+02,1.122965663007e+01,2.307770051102e-02
9.564807154854e-04,8.791113042679e+01,1.376305814838e+01,6.698217729434e+03,3.024015103761e+02,1.122965637506e+01,2.307396085337e-02
9.591199240625e-04,8.790862944566e+01,1.376794025373e+01,6.701682483549e+03,3.024015062917e+02,1.122965611953e+01,2.307021183162e-02
9.617585799912e-04,8.790612169128e+01,1.377283439702e+01,6.705156943451e+03,3.024015021944e+02,1.122965586348e+01,2.306645345480e-02
9.643966818670e-04,8.790360716611e+01,1.377774056418e+01,6.708641108628e+03,3.024014980841e+02,1.122965560690e+01,2.306268573199e-02
9.670342282869e-04,8.790108587260e+01,1.378265874111e+01,6.712134978567e+03,3.024014939608e+02,1.122965534981e+01,2.305890867226e-02
9.696712178492e-04,8.789855781321e+01,1.378758891367e+01,6.715638552758e+03,3.024014898246e+02,1.122965509219e+01,2.305512228467e-02
9.723076491533e-04,8.789602299041e+01,1.379253106772e+01,6.719151830692e+03,3.024014856754e+02,1.122965483406e+01,2.305132657831e-02
9.749435207998e-04,8.789348140668e+01,1.379748518906e+01,6.722674811861e+03,3.024014815132e+02,1.122965457541e+01,2.304752156228e-02
9.775788313908e-04,8.789093306449e+01,1.380245126349e+01,6.726207495761e+03,3.024014773380e+02,1.122965431625e+01,2.304370724567e-02
9.802135795295e-04,8.788837796633e+01,1.380742927677e+01,6.729749881885e+03,3.024014731498e+02,1.122965405658e+01,2.303988363759e-02
9.828477638205e-04,8.788581611470e+01,1.381241921461e+01,6.733301969733e+03,3.024014689486e+02,1.122965379639e+01,2.303605074715e-02
9.854813828695e-04,8.788324751209e+01,1.381742106272e+01,6.736863758802e+03,3.024014647343e+02,1.122965353570e+01,2.303220858348e-02
9.881144352836e-04,8.788067216102e+01,1.382243480678e+01,6.740435248592e+03,3.024014605069e+02,1.122965327450e+01,2.302835715570e-02
9.907469196712e-04,8.787809006400e+01,1.382746043242e+01,6.744016438607e+03,3.024014562665e+02,1.122965301279e+01,2.302449647295e-02
9.933788346417e-04,8.787550122354e+01,1.383249792527e+01,6.747607328350e+03,3.024014520130e+02,1.122965275058e+01,2.302062654437e-02
9.960101788063e-04,8.787290564218e+01,1.383754727092e+01,6.751207917326e+03,3.024014477465e+02,1.122965248787e+01,2.301674737910e-02
9.986409507769e-04,8.787030332245e+01,1.384260845492e+01,6.754818205042e+03,3.024014434668e+02,1.122965222465e+01,2.301285898632e-02
1.001271149167e-03,8.786769426688e+01,1.384768146281e+01,6.758438191007e+03,3.024014391740e+02,1.122965196094e+01,2.300896137517e-02
1.003900772592e-03,8.786507847802e+01,1.385276628010e+01,6.762067874733e+03,3.024014348681e+02,1.122965169673e+01,2.300505455483e-02
1.006529819667e-03,8.786245595843e+01,1.385786289225e+01,6.765707255731e+03,3.024014305490e+02,1.122965143202e+01,2.300113853447e-02
1.009158289010e-03,8.785982671066e+01,1.386297128473e+01,6.769356333516e+03,3.024014262168e+02,1.122965116682e+01,2.299721332329e-02
1.011786179240e-03,8.785719073728e+01,1.386809144296e+01,6.773015107603e+03,3.024014218714e+02,1.122965090113e+01,2.299327893045e-02
1.014413488976e-03,8.785454804086e+01,1.387322335232e+01,6.776683577511e+03,3.024014175129e+02,1.122965063494e+01,2.298933536518e-02
1.017040216840e-03,8.785189862398e+01,1.387836699820e+01,6.780361742760e+03,3.024014131411e+02,1.122965036827e+01,2.298538263665e-02
1.019666361454e-03,8.784924248922e+01,1.388352236592e+01,6.784049602872e+03,3.024014087562e+02,1.122965010111e+01,2.298142075409e-02
1.022291921442e-03,8.784657963917e+01,1.388868944082e+01,6.787747157369e+03,3.024014043581e+02,1.122964983346e+01,2.297744972671e-02
1.024916895430e-03,8.784391007643e+01,1.389386820816e+01,6.791454405778e+03,3.024013999467e+02,1.122964956533e+01,2.297346956372e-02
1.027541282043e-03,8.784123380360e+01,1.389905865322e+01,6.795171347627e+03,3.024013955221e+02,1.122964929671e+01,2.296948027435e-02
1.030165079911e-03,8.783855082330e+01,1.390426076123e+01,6.798897982444e+03,3.024013910842e+02,1.122964902762e+01,2.296548186784e-02
1.032788287661e-03,8.783586113813e+01,1.390947451739e+01,6.802634309762e+03,3.024013866331e+02,1.122964875805e+01,2.296147435342e-02
1.035410903924e-03,8.783316475073e+01,1.391469990689e+01,6.806380329114e+03,3.024013821687e+02,1.122964848799e+01,2.295745774034e-02
1.038032927333e-03,8.783046166372e+01,1.391993691488e+01,6.810136040036e+03,3.024013776911e+02,1.122964821747e+01,2.295343203784e-02
1.040654356520e-03,8.782775187974e+01,1.392518552648e+01,6.813901442066e+03,3.024013732001e+02,1.122964794647e+01,2.294939725517e-02
1.043275190120e-03,8.782503540142e+01,1.393044572680e+01,6.817676534744e+03,3.024013686958e+02,1.122964767499e+01,2.294535340161e-02
1.045895426769e-03,8.782231223142e+01,1.393571750091e+01,6.821461317612e+03,3.024013641782e+02,1.122964740305e+01,2.294130048641e-02
1.048515065103e-03,8.781958237239e+01,1.394100083387e+01,6.825255790214e+03,3.024013596473e+02,1.122964713064e+01,2.293723851884e-02
1.051134103761e-03,8.781684582699e+01,1.394629571069e+01,6.829059952097e+03,3.024013551030e+02,1.122964685776e+01,2.293316750819e-02
1.053752541383e-03,8.781410259789e+01,1.395160211637e+01,6.832873802810e+03,3.024013505454e+02,1.122964658441e+01,2.292908746372e-02
1.056370376610e-03,8.781135268777e+01,1.395692003589e+01,6.836697341903e+03,3.024013459744e+02,1.122964631060e+01,2.292499839473e-02
1.058987608085e-03,8.780859609929e+01,1.396224945418e+01,6.840530568930e+03,3.024013413899e+02,1.122964603633e+01,2.292090031051e-02
1.061604234452e-03,8.780583283515e+01,1.396759035617e+01,6.844373483447e+03,3.024013367921e+02,1.122964576160e+01,2.291679322034e-02
1.064220254355e-03,8.780306289805e+01,1.397294272676e+01,6.848226085010e+03,3.024013321809e+02,1.122964548641e+01,2.291267713354e-02
1.066835666441e-03,8.780028629067e+01,1.397830655080e+01,6.852088373181e+03,3.024013275563e+02,1.122964521076e+01,2.290855205941e-02
1.069450469358e-03,8.779750301573e+01,1.398368181314e+01,6.855960347522e+03,3.024013229182e+02,1.122964493466e+01,2.290441800726e-02
1.072064661756e-03,8.779471307593e+01,1.398906849861e+01,6.859842007599e+03,3.024013182667e+02,1.122964465810e+01,2.290027498639e-02
1.074678242285e-03,8.779191647400e+01,1.399446659198e+01,6.863733352977e+03,3.024013136017e+02,1.122964438110e+01,2.289612300614e-02
1.077291209597e-03,8.778911321265e+01,1.399987607804e+01,6.867634383229e+03,3.024013089233e+02,1.122964410364e+01,2.289196207582e-02
1.079903562345e-03,8.778630329462e+01,1.400529694152e+01,6.871545097925e+03,3.024013042313e+02,1.122964382574e+01,2.288779220476e-02
1.082515299184e-03,8.778348672264e+01,1.401072916714e+01,6.875465496640e+03,3.024012995259e+02,1.122964354738e+01,2.288361340229e-02
1.085126418770e-03,8.778066349946e+01,1.401617273959e+01,6.879395578953e+03,3.024012948069e+02,1.122964326859e+01,2.287942567776e-02
1.087736919762e-03,8.777783362783e+01,1.402162764354e+01,6.883335344442e+03,3.024012900744e+02,1.122964298935e+01,2.287522904049e-02
1.090346800816e-03,8.777499711049e+01,1.402709386364e+01,6.887284792691e+03,3.024012853284e+02,1.122964270967e+01,2.287102349983e-02
1.092956060595e-03,8.777215395022e+01,1.403257138449e+01,6.891243923284e+03,3.024012805688e+02,1.122964242955e+01,2.286680906513e-02
1.095564697758e-03,8.776930414977e+01,1.403806019070e+01,6.895212735810e+03,3.024012757957e+02,1.122964214899e+01,2.286258574574e-02
1.098172710971e-03,8.776644771193e+01,1.404356026683e+01,6.899191229858e+03,3.024012710090e+02,1.122964186800e+01,2.285835355102e-02
1.100780098895e-03,8.776358463948e+01,1.404907159743e+01,6.903179405022e+03,3.024012662087e+02,1.122964158658e+01,2.285411249033e-02
1.103386860199e-03,8.776071493519e+01,1.405459416702e+01,6.907177260898e+03,3.024012613948e+02,1.122964130472e+01,2.284986257302e-02
1.105992993548e-03,8.775783860187e+01,1.406012796010e+01,6.911184797084e+03,3.024012565672e+02,1.122964102243e+01,2.284560380848e-02
1.108598497611e-03,8.775495564230e+01,1.406567296114e+01,6.915202013181e+03,3.024012517261e+02,1.122964073971e+01,2.284133620605e-02
1.111203371059e-03,8.775206605930e+01,1.407122915458e+01,6.919228908793e+03,3.024012468713e+02,1.122964045657e+01,2.283705977513e-02
1.113807612562e-03,8.774916985568e+01,1.407679652486e+01,6.923265483528e+03,3.024012420028e+02,1.122964017300e+01,2.283277452508e-02
1.116411220793e-03,8.774626703425e+01,1.408237505638e+01,6.927311736995e+03,3.024012371207e+02,1.122963988900e+01,2.282848046529e-02
1.119014194427e-03,8.774335759784e+01,1.408796473350e+01,6.931367668807e+03,3.024012322248e+02,1.122963960459e+01,2.282417760514e-02
1.121616532138e-03,8.774044154928e+01,1.409356554059e+01,6.935433278578e+03,3.024012273153e+02,1.122963931976e+01,2.281986595402e-02
1.124218232605e-03,8.773751889140e+01,1.409917746198e+01,6.939508565929e+03,3.024012223921e+02,1.122963903450e+01,2.281554552130e-02
1.126819294505e-03,8.773458962705e+01,1.410480048197e+01,6.943593530478e+03,3.024012174551e+02,1.122963874884e+01,2.281121631640e-02
1.129419716518e-03,8.773165375907e+01,1.411043458484e+01,6.947688171853e+03,3.024012125045e+02,1.122963846275e+01,2.280687834870e-02
1.132019497325e-03,8.772871129031e+01,1.411607975487e+01,6.951792489678e+03,3.024012075400e+02,1.122963817626e+01,2.280253162760e-02
1.134618635610e-03,8.772576222364e+01,1.412173597628e+01,6.955906483585e+03,3.024012025618e+02,1.122963788935e+01,2.279817616250e-02
1.137217130055e-03,8.772280656193e+01,1.412740323329e+01,6.960030153208e+03,3.024011975698e+02,1.122963760204e+01,2.279381196281e-02
1.139814979347e-03,8.771984430804e+01,1.413308151009e+01,6.964163498182e+03,3.024011925641e+02,1.122963731432e+01,2.278943903793e-02
1.142412182172e-03,8.771687546486e+01,1.413877079085e+01,6.968306518147e+03,3.024011875445e+02,1.122963702619e+01,2.278505739727e-02
1.145008737218e-03,8.771390003527e+01,1.414447105971e+01,6.972459212746e+03,3.024011825111e+02,1.122963673766e+01,2.278066705024e-02
1.147604643177e-03,8.771091802216e+01,1.415018230081e+01,6.976621581625e+03,3.024011774639e+02,1.122963644873e+01,2.277626800626e-02
1.150199898737e-03,8.770792942843e+01,1.415590449823e+01,6.980793624433e+03,3.024011724028e+02,1.122963615940e+01,2.277186027474e-02
1.152794502593e-03,8.770493425698e+01,1.416163763607e+01,6.984975340822e+03,3.024011673279e+02,1.122963586967e+01,2.276744386510e-02
1.155388453438e-03,8.770193251071e+01,1.416738169836e+01,6.989166730447e+03,3.024011622391e+02,1.122963557955e+01,2.276301878676e-02
1.157981749968e-03,8.769892419256e+01,1.417313666916e+01,6.993367792967e+03,3.024011571364e+02,1.122963528903e+01,2.275858504915e-02
1.160574390880e-03,8.769590930543e+01,1.417890253247e+01,6.997578528045e+03,3.024011520198e+02,1.122963499812e+01,2.275414266169e-02
1.163166374871e-03,8.769288785225e+01,1.418467927228e+01,7.001798935345e+03,3.024011468893e+02,1.122963470681e+01,2.274969163380e-02
1.165757700643e-03,8.768985983596e+01,1.419046687255e+01,7.006029014537e+03,3.024011417449e+02,1.122963441512e+01,2.274523197492e-02
1.168348366895e-03,8.768682525950e+01,1.419626531724e+01,7.010268765293e+03,3.024011365865e+02,1.122963412305e+01,2.274076369447e-02
1.170938372332e-03,8.768378412581e+01,1.420207459026e+01,7.014518187287e+03,3.024011314142e+02,1.122963383058e+01,2.273628680190e-02
1.173527715656e-03,8.768073643784e+01,1.420789467553e+01,7.018777280199e+03,3.024011262279e+02,1.122963353774e+01,2.273180130663e-02
1.176116395574e-03,8.767768219855e+01,1.421372555691e+01,7.023046043712e+03,3.024011210276e+02,1.122963324451e+01,2.272730721810e-02
1.178704410792e-03,8.767462141091e+01,1.421956721828e+01,7.027324477511e+03,3.024011158134e+02,1.122963295091e+01,2.272280454574e-02
1.181291760020e-03,8.767155407787e+01,1.422541964346e+01,7.031612581285e+03,3.024011105851e+02,1.122963265692e+01,2.271829329901e-02
1.183878441967e-03,8.766848020243e+01,1.423128281628e+01,7.035910354728e+03,3.024011053428e+02,1.122963236256e+01,2.271377348733e-02
1.186464455345e-03,8.766539978756e+01,1.423715672053e+01,7.040217797536e+03,3.024011000864e+02,1.122963206783e+01,2.270924512016e-02
1.189049798866e-03,8.766231283625e+01,1.424304133998e+01,7.044534909410e+03,3.024010948160e+02,1.122963177273e+01,2.270470820693e-02
1.191634471246e-03,8.765921935149e+01,1.424893665839e+01,7.048861690052e+03,3.024010895316e+02,1.122963147725e+01,2.270016275708e-02
1.194218471199e-03,8.765611933627e+01,1.425484265948e+01,7.053198139170e+03,3.024010842330e+02,1.122963118141e+01,2.269560878008e-02
1.196801797443e-03,8.765301279362e+01,1.426075932698e+01,7.057544256476e+03,3.024010789204e+02,1.122963088520e+01,2.269104628536e-02
1.199384448698e-03,8.764989972653e+01,1.426668664458e+01,7.061900041684e+03,3.024010735937e+02,1.122963058862e+01,2.268647528237e-02
1.201966423682e-03,8.764678013802e+01,1.427262459593e+01,7.066265494512e+03,3.024010682528e+02,1.122963029169e+01,2.268189578057e-02
1.204547721119e-03,8.764365403112e+01,1.427857316470e+01,7.070640614683e+03,3.024010628978e+02,1.122962999439e+01,2.267730778940e-02
1.207128339731e-03,8.764052140886e+01,1.428453233451e+01,7.075025401924e+03,3.024010575286e+02,1.122962969674e+01,2.267271131832e-02
1.209708278244e-03,8.763738227427e+01,1.429050208897e+01,7.079419855963e+03,3.024010521453e+02,1.122962939872e+01,2.266810637678e-02
1.212287535382e-03,8.763423663038e+01,1.429648241167e+01,7.083823976534e+03,3.024010467478e+02,1.122962910036e+01,2.266349297422e-02
1.214866109875e-03,8.763108448026e+01,1.430247328618e+01,7.088237763376e+03,3.024010413361e+02,1.122962880164e+01,2.265887112012e-02
1.217444000450e-03,8.762792582695e+01,1.430847469604e+01,7.092661216229e+03,3.024010359102e+02,1.122962850256e+01,2.265424082392e-02
1.220021205840e-03,8.762476067351e+01,1.431448662479e+01,7.097094334840e+03,3.024010304701e+02,1.122962820314e+01,2.264960209507e-02
1.222597724776e-03,8.762158902300e+01,1.432050905594e+01,7.101537118957e+03,3.024010250158e+02,1.122962790338e+01,2.264495494304e-02
1.225173555991e-03,8.761841087849e+01,1.432654197297e+01,7.105989568334e+03,3.024010195471e+02,1.122962760326e+01,2.264029937728e-02
1.227748698222e-03,8.761522624307e+01,1.433258535935e+01,7.110451682728e+03,3.024010140643e+02,1.122962730281e+01,2.263563540726e-02
1.230323150204e-03,8.761203511980e+01,1.433863919853e+01,7.114923461902e+03,3.024010085671e+02,1.122962700201e+01,2.263096304241e-02
1.232896910676e-03,8.760883751179e+01,1.434470347395e+01,7.119404905619e+03,3.024010030557e+02,1.122962670087e+01,2.262628229222e-02
1.235469978377e-03,8.760563342211e+01,1.435077816902e+01,7.123896013651e+03,3.024009975299e+02,1.122962639939e+01,2.262159316613e-02
1.238042352049e-03,8.760242285388e+01,1.435686326711e+01,7.128396785771e+03,3.024009919898e+02,1.122962609758e+01,2.261689567360e-02
1.240614030435e-03,8.759920581020e+01,1.436295875162e+01,7.132907221756e+03,3.024009864354e+02,1.122962579544e+01,2.261218982409e-02
1.243185012278e-03,8.759598229418e+01,1.436906460589e+01,7.137427321390e+03,3.024009808666e+02,1.122962549296e+01,2.260747562707e-02
1.245755296324e-03,8.759275230893e+01,1.437518081326e+01,7.141957084458e+03,3.024009752835e+02,1.122962519015e+01,2.260275309199e-02
1.248324881321e-03,8.758951585757e+01,1.438130735704e+01,7.146496510751e+03,3.024009696860e+02,1.122962488702e+01,2.259802222831e-02
1.250893766017e-03,8.758627294325e+01,1.438744422054e+01,7.151045600063e+03,3.024009640741e+02,1.122962458355e+01,2.259328304549e-02
1.253461949164e-03,8.758302356908e+01,1.439359138702e+01,7.155604352195e+03,3.024009584478e+02,1.122962427977e+01,2.258853555299e-02
1.256029429511e-03,8.757976773822e+01,1.439974883975e+01,7.160172766949e+03,3.024009528070e+02,1.122962397566e+01,2.258377976027e-02
1.258596205813e-03,8.757650545380e+01,1.440591656196e+01,7.164750844135e+03,3.024009471518e+02,1.122962367123e+01,2.257901567679e-02
1.261162276825e-03,8.757323671897e+01,1.441209453690e+01,7.169338583562e+03,3.024009414822e+02,1.122962336648e+01,2.257424331201e-02
1.263727641303e-03,8.756996153690e+01,1.441828274775e+01,7.173935985050e+03,3.024009357981e+02,1.122962306142e+01,2.256946267538e-02
1.266292298005e-03,8.756667991075e+01,1.442448117770e+01,7.178543048418e+03,3.024009300995e+02,1.122962275604e+01,2.256467377637e-02
1.268856245690e-03,8.756339184368e+01,1.443068980992e+01,7.183159773493e+03,3.024009243864e+02,1.122962245035e+01,2.255987662444e-02
1.271419483120e-03,8.756009733887e+01,1.443690862757e+01,7.187786160104e+03,3.024009186588e+02,1.122962214435e+01,2.255507122903e-02
1.273982009056e-03,8.755679639950e+01,1.444313761378e+01,7.192422208086e+03,3.024009129166e+02,1.122962183804e+01,2.255025759962e-02
1.276543822264e-03,8.755348902876e+01,1.444937675165e+01,7.197067917280e+03,3.024009071599e+02,1.122962153143e+01,2.254543574564e-02
1.279104921508e-03,8.755017522983e+01,1.445562602430e+01,7.201723287527e+03,3.024009013887e+02,1.122962122451e+01,2.254060567657e-02
1.281665305555e-03,8.754685500591e+01,1.446188541479e+01,7.206388318678e+03,3.024008956029e+02,1.122962091728e+01,2.253576740186e-02
1.284224973175e-03,8.754352836021e+01,1.446815490618e+01,7.211063010585e+03,3.024008898025e+02,1.122962060976e+01,2.253092093096e-02
1.286783923138e-03,8.754019529594e+01,1.447443448154e+01,7.215747363106e+03,3.024008839875e+02,1.122962030193e+01,2.252606627332e-02
1.289342154215e-03,8.753685581630e+01,1.448072412387e+01,7.220441376104e+03,3.024008781579e+02,1.122961999381e+01,2.252120343841e-02
1.291899665179e-03,8.753350992452e+01,1.448702381620e+01,7.225145049445e+03,3.024008723136e+02,1.122961968540e+01,2.251633243567e-02
1.294456454806e-03,8.753015762382e+01,1.449333354151e+01,7.229858383003e+03,3.024008664547e+02,1.122961937669e+01,2.251145327455e-02
1.297012521872e-03,8.752679891744e+01,1.449965328278e+01,7.234581376653e+03,3.024008605811e+02,1.122961906769e+01,2.250656596450e-02
1.299567865155e-03,8.752343380861e+01,1.450598302297e+01,7.239314030279e+03,3.024008546929e+02,1.122961875841e+01,2.250167051498e-02
1.302122483434e-03,8.752006230057e+01,1.451232274502e+01,7.244056343765e+03,3.024008487900e+02,1.122961844883e+01,2.249676693544e-02
1.304676375491e-03,8.751668439656e+01,1.451867243186e+01,7.248808317005e+03,3.024008428723e+02,1.122961813897e+01,2.249185523531e-02
1.307229540108e-03,8.751330009985e+01,1.452503206640e+01,7.253569949893e+03,3.024008369400e+02,1.122961782883e+01,2.248693542406e-02
1.309781976070e-03,8.750990941370e+01,1.453140163152e+01,7.258341242333e+03,3.024008309928e+02,1.122961751841e+01,2.248200751111e-02
1.312333682162e-03,8.750651234135e+01,1.453778111012e+01,7.263122194229e+03,3.024008250310e+02,1.122961720770e+01,2.247707150593e-02
1.314884657172e-03,8.750310888610e+01,1.454417048504e+01,7.267912805494e+03,3.024008190543e+02,1.122961689672e+01,2.247212741795e-02
1.317434899888e-03,8.749969905120e+01,1.455056973912e+01,7.272713076044e+03,3.024008130629e+02,1.122961658547e+01,2.246717525661e-02
1.319984409101e-03,8.749628283995e+01,1.455697885521e+01,7.277523005800e+03,3.024008070567e+02,1.122961627394e+01,2.246221503136e-02
1.322533183604e-03,8.749286025563e+01,1.456339781611e+01,7.282342594688e+03,3.024008010357e+02,1.122961596214e+01,2.245724675163e-02
1.325081222189e-03,8.748943130152e+01,1.456982660460e+01,7.287171842642e+03,3.024007949998e+02,1.122961565008e+01,2.245227042686e-02
1.327628523652e-03,8.748599598093e+01,1.457626520349e+01,7.292010749597e+03,3.024007889491e+02,1.122961533774e+01,2.244728606649e-02
1.330175086790e-03,8.748255429717e+01,1.458271359552e+01,7.296859315496e+03,3.024007828835e+02,1.122961502514e+01,2.244229367995e-02
1.332720910401e-03,8.747910625353e+01,1.458917176345e+01,7.301717540286e+03,3.024007768031e+02,1.122961471228e+01,2.243729327668e-02
1.335265993286e-03,8.747565185334e+01,1.459563969001e+01,7.306585423919e+03,3.024007707078e+02,1.122961439916e+01,2.243228486611e-02
1.337810334245e-03,8.747219109991e+01,1.460211735792e+01,7.311462966354e+03,3.024007645975e+02,1.122961408578e+01,2.242726845767e-02
1.340353932082e-03,8.746872399657e+01,1.460860474988e+01,7.316350167554e+03,3.024007584723e+02,1.122961377214e+01,2.242224406078e-02
1.342896785601e-03,8.746525054664e+01,1.461510184858e+01,7.321247027487e+03,3.024007523322e+02,1.122961345824e+01,2.241721168488e-02
1.345438893610e-03,8.746177075347e+01,1.462160863669e+01,7.326153546126e+03,3.024007461772e+02,1.122961314410e+01,2.241217133939e-02
1.347980254915e-03,8.745828462040e+01,1.462812509687e+01,7.331069723453e+03,3.024007400071e+02,1.122961282970e+01,2.240712303373e-02
1.350520868327e-03,8.745479215076e+01,1.463465121175e+01,7.335995559450e+03,3.024007338221e+02,1.122961251505e+01,2.240206677732e-02
1.353060732656e-03,8.745129334792e+01,1.464118696397e+01,7.340931054108e+03,3.024007276221e+02,1.122961220016e+01,2.239700257959e-02
1.355599846715e-03,8.744778821523e+01,1.464773233615e+01,7.345876207424e+03,3.024007214071e+02,1.122961188502e+01,2.239193044996e-02
1.358138209318e-03,8.744427675605e+01,1.465428731086e+01,7.350831019398e+03,3.024007151770e+02,1.122961156964e+01,2.238685039783e-02
1.360675819282e-03,8.744075897376e+01,1.466085187071e+01,7.355795490036e+03,3.024007089319e+02,1.122961125402e+01,2.238176243262e-02
1.363212675424e-03,8.743723487172e+01,1.466742599826e+01,7.360769619353e+03,3.024007026717e+02,1.122961093816e+01,2.237666656375e-02
1.365748776562e-03,8.743370445331e+01,1.467400967607e+01,7.365753407364e+03,3.024006963964e+02,1.122961062207e+01,2.237156280062e-02
1.368284121518e-03,8.743016772193e+01,1.468060288667e+01,7.370746854095e+03,3.024006901061e+02,1.122961030574e+01,2.236645115264e-02
1.370818709114e-03,8.742662468095e+01,1.468720561260e+01,7.375749959574e+03,3.024006838006e+02,1.122960998917e+01,2.236133162922e-02
1.373352538174e-03,8.742307533377e+01,1.469381783635e+01,7.380762723837e+03,3.024006774800e+02,1.122960967238e+01,2.235620423976e-02
1.375885607523e-03,8.741951968380e+01,1.470043954045e+01,7.385785146923e+03,3.024006711443e+02,1.122960935536e+01,2.235106899366e-02
1.378417915988e-03,8.741595773443e+01,1.470707070736e+01,7.390817228881e+03,3.024006647934e+02,1.122960903811e+01,2.234592590033e-02
1.380949462399e-03,8.741238948909e+01,1.471371131956e+01,7.395858969761e+03,3.024006584274e+02,1.122960872063e+01,2.234077496915e-02
1.383480245585e-03,8.740881495118e+01,1.472036135950e+01,7.400910369623e+03,3.024006520461e+02,1.122960840294e+01,2.233561620952e-02
1.386010264380e-03,8.740523412413e+01,1.472702080964e+01,7.405971428530e+03,3.024006456496e+02,1.122960808502e+01,2.233044963084e-02
1.388539517615e-03,8.740164701136e+01,1.473368965240e+01,7.411042146552e+03,3.024006392380e+02,1.122960776689e+01,2.232527524250e-02
1.391068004126e-03,8.739805361631e+01,1.474036787020e+01,7.416122523765e+03,3.024006328110e+02,1.122960744854e+01,2.232009305388e-02
1.393595722752e-03,8.739445394241e+01,1.474705544544e+01,7.421212560251e+03,3.024006263689e+02,1.122960712998e+01,2.231490307436e-02
1.396122672328e-03,8.739084799310e+01,1.475375236051e+01,7.426312256098e+03,3.024006199114e+02,1.122960681120e+01,2.230970531333e-02
1.398648851697e-03,8.738723577184e+01,1.476045859779e+01,7.431421611400e+03,3.024006134387e+02,1.122960649222e+01,2.230449978018e-02
1.401174259700e-03,8.738361728207e+01,1.476717413966e+01,7.436540626255e+03,3.024006069507e+02,1.122960617302e+01,2.229928648427e-02
1.403698895179e-03,8.737999252726e+01,1.477389896845e+01,7.441669300772e+03,3.024006004473e+02,1.122960585362e+01,2.229406543498e-02
1.406222756981e-03,8.737636151087e+01,1.478063306650e+01,7.446807635060e+03,3.024005939286e+02,1.122960553402e+01,2.228883664169e-02
1.408745843951e-03,8.737272423636e+01,1.478737641616e+01,7.451955629239e+03,3.024005873946e+02,1.122960521421e+01,2.228360011376e-02
1.411268154938e-03,8.736908070721e+01,1.479412899972e+01,7.457113283433e+03,3.024005808452e+02,1.122960489421e+01,2.227835586056e-02
1.413789688792e-03,8.736543092689e+01,1.480089079949e+01,7.462280597773e+03,3.024005742804e+02,1.122960457401e+01,2.227310389146e-02
1.416310444364e-03,8.736177489890e+01,1.480766179777e+01,7.467457572395e+03,3.024005677003e+02,1.122960425361e+01,2.226784421581e-02
1.418830420508e-03,8.735811262672e+01,1.481444197682e+01,7.472644207442e+03,3.024005611047e+02,1.122960393302e+01,2.226257684298e-02
1.421349616078e-03,8.735444411385e+01,1.482123131892e+01,7.477840503064e+03,3.024005544936e+02,1.122960361224e+01,2.225730178232e-02
1.423868029931e-03,8.735076936378e+01,1.482802980631e+01,7.483046459417e+03,3.024005478672e+02,1.122960329127e+01,2.225201904318e-02
1.426385660925e-03,8.734708838002e+01,1.483483742124e+01,7.488262076662e+03,3.024005412252e+02,1.122960297011e+01,2.224672863492e-02
1.428902507920e-03,8.734340116607e+01,1.484165414594e+01,7.493487354968e+03,3.024005345678e+02,1.122960264877e+01,2.224143056688e-02
1.431418569777e-03,8.733970772546e+01,1.484847996262e+01,7.498722294510e+03,3.024005278949e+02,1.122960232724e+01,2.223612484840e-02
1.433933845359e-03,8.733600806170e+01,1.485531485349e+01,7.503966895469e+03,3.024005212065e+02,1.122960200554e+01,2.223081148884e-02
1.436448333531e-03,8.733230217832e+01,1.486215880076e+01,7.509221158033e+03,3.024005145025e+02,1.122960168365e+01,2.222549049752e-02
1.438962033159e-03,8.732859007885e+01,1.486901178659e+01,7.514485082396e+03,3.024005077830e+02,1.122960136159e+01,2.222016188378e-02
1.441474943111e-03,8.732487176682e+01,1.487587379316e+01,7.519758668759e+03,3.024005010480e+02,1.122960103935e+01,2.221482565696e-02
1.443987062258e-03,8.732114724577e+01,1.488274480263e+01,7.525041917329e+03,3.024004942973e+02,1.122960071694e+01,2.220948182638e-02
1.446498389469e-03,8.731741651925e+01,1.488962479716e+01,7.530334828321e+03,3.024004875311e+02,1.122960039436e+01,2.220413040138e-02
1.449008923619e-03,8.731367959081e+01,1.489651375887e+01,7.535637401955e+03,3.024004807493e+02,1.122960007162e+01,2.219877139126e-02
1.451518663582e-03,8.730993646400e+01,1.490341166991e+01,7.540949638458e+03,3.024004739518e+02,1.122959974870e+01,2.219340480536e-02
1.454027608233e-03,8.730618714237e+01,1.491031851237e+01,7.546271538065e+03,3.024004671387e+02,1.122959942562e+01,2.218803065300e-02
1.456535756452e-03,8.730243162951e+01,1.491723426838e+01,7.551603101016e+03,3.024004603099e+02,1.122959910238e+01,2.218264894347e-02
1.459043107118e-03,8.729866992897e+01,1.492415892003e+01,7.556944327559e+03,3.024004534655e+02,1.122959877898e+01,2.217725968610e-02
1.461549659112e-03,8.729490204434e+01,1.493109244939e+01,7.562295217948e+03,3.024004466053e+02,1.122959845543e+01,2.217186289020e-02
1.464055411317e-03,8.729112797919e+01,1.493803483855e+01,7.567655772444e+03,3.024004397295e+02,1.122959813172e+01,2.216645856506e-02
1.466560362617e-03,8.728734773710e+01,1.494498606957e+01,7.573025991315e+03,3.024004328379e+02,1.122959780785e+01,2.216104671999e-02
1.469064511900e-03,8.728356132167e+01,1.495194612451e+01,7.578405874837e+03,3.024004259306e+02,1.122959748383e+01,2.215562736428e-02
1.471567858052e-03,8.727976873649e+01,1.495891498540e+01,7.583795423290e+03,3.024004190075e+02,1.122959715966e+01,2.215020050723e-02
1.474070399964e-03,8.727596998516e+01,1.496589263429e+01,7.589194636964e+03,3.024004120686e+02,1.122959683535e+01,2.214476615814e-02
1.476572136527e-03,8.727216507128e+01,1.497287905319e+01,7.594603516155e+03,3.024004051140e+02,1.122959651089e+01,2.213932432628e-02
1.479073066634e-03,8.726835399847e+01,1.497987422411e+01,7.600022061164e+03,3.024003981435e+02,1.122959618629e+01,2.213387502094e-02
1.481573189179e-03,8.726453677033e+01,1.498687812908e+01,7.605450272303e+03,3.024003911572e+02,1.122959586155e+01,2.212841825140e-02
1.484072503060e-03,8.726071339049e+01,1.499389075007e+01,7.610888149887e+03,3.024003841551e+02,1.122959553667e+01,2.212295402695e-02
1.486571007174e-03,8.725688386257e+01,1.500091206907e+01,7.616335694241e+03,3.024003771371e+02,1.122959521165e+01,2.211748235684e-02
1.489068700420e-03,8.725304819021e+01,1.500794206806e+01,7.621792905696e+03,3.024003701032e+02,1.122959488650e+01,2.211200325036e-02
1.491565581700e-03,8.724920637702e+01,1.501498072901e+01,7.627259784590e+03,3.024003630534e+02,1.122959456121e+01,2.210651671677e-02
1.494061649918e-03,8.724535842665e+01,1.502202803387e+01,7.632736331269e+03,3.024003559878e+02,1.122959423580e+01,2.210102276533e-02
1.496556903978e-03,8.724150434275e+01,1.502908396459e+01,7.638222546085e+03,3.024003489062e+02,1.122959391026e+01,2.209552140530e-02
1.499051342786e-03,8.723764412897e+01,1.503614850311e+01,7.643718429399e+03,3.024003418086e+02,1.122959358459e+01,2.209001264594e-02
1.501544965251e-03,8.723377778894e+01,1.504322163136e+01,7.649223981576e+03,3.024003346951e+02,1.122959325879e+01,2.208449649650e-02
1.504037770283e-03,8.722990532634e+01,1.505030333126e+01,7.654739202994e+03,3.024003275656e+02,1.122959293288e+01,2.207897296623e-02
1.506529756793e-03,8.722602674483e+01,1.505739358473e+01,7.660264094032e+03,3.024003204201e+02,1.122959260685e+01,2.207344206438e-02
1.509020923694e-03,8.722214204806e+01,1.506449237366e+01,7.665798655081e+03,3.024003132586e+02,1.122959228070e+01,2.206790380017e-02
1.511511269901e-03,8.721825123972e+01,1.507159967995e+01,7.671342886537e+03,3.024003060811e+02,1.122959195443e+01,2.206235818287e-02
1.514000794331e-03,8.721435432348e+01,1.507871548549e+01,7.676896788805e+03,3.024002988875e+02,1.122959162805e+01,2.205680522169e-02
1.516489495902e-03,8.721045130302e+01,1.508583977216e+01,7.682460362296e+03,3.024002916779e+02,1.122959130156e+01,2.205124492586e-02
1.518977373535e-03,8.720654218202e+01,1.509297252182e+01,7.688033607429e+03,3.024002844521e+02,1.122959097497e+01,2.204567730462e-02
1.521464426150e-03,8.720262696418e+01,1.510011371635e+01,7.693616524632e+03,3.024002772103e+02,1.122959064826e+01,2.204010236719e-02
1.523950652672e-03,8.719870565320e+01,1.510726333759e+01,7.699209114338e+03,3.024002699524e+02,1.122959032145e+01,2.203452012279e-02
1.526436052025e-03,8.719477825276e+01,1.511442136739e+01,7.704811376989e+03,3.024002626783e+02,1.122958999454e+01,2.202893058062e-02
1.528920623137e-03,8.719084476659e+01,1.512158778758e+01,7.710423313036e+03,3.024002553881e+02,1.122958966753e+01,2.202333374991e-02
1.531404364936e-03,8.718690519838e+01,1.512876258001e+01,7.716044922935e+03,3.024002480817e+02,1.122958934042e+01,2.201772963986e-02
1.533887276351e-03,8.718295955185e+01,1.513594572648e+01,7.721676207152e+03,3.024002407592e+02,1.122958901321e+01,2.201211825967e-02
1.536369356316e-03,8.717900783072e+01,1.514313720882e+01,7.727317166158e+03,3.024002334204e+02,1.122958868592e+01,2.200649961854e-02
1.538850603764e-03,8.717505003870e+01,1.515033700883e+01,7.732967800435e+03,3.024002260654e+02,1.122958835852e+01,2.200087372568e-02
1.541331017629e-03,8.717108617954e+01,1.515754510832e+01,7.738628110472e+03,3.024002186942e+02,1.122958803105e+01,2.199524059027e-02
1.543810596850e-03,8.716711625696e+01,1.516476148907e+01,7.744298096763e+03,3.024002113067e+02,1.122958770348e+01,2.198960022149e-02
1.546289340365e-03,8.716314027470e+01,1.517198613288e+01,7.749977759813e+03,3.024002039030e+02,1.122958737583e+01,2.198395262854e-02
1.548767247114e-03,8.715915823649e+01,1.517921902152e+01,7.755667100133e+03,3.024001964829e+02,1.122958704809e+01,2.197829782060e-02
1.551244316041e-03,8.715517014609e+01,1.518646013676e+01,7.761366118245e+03,3.024001890466e+02,1.122958672028e+01,2.197263580684e-02
1.553720546087e-03,8.715117600725e+01,1.519370946037e+01,7.767074814675e+03,3.024001815939e+02,1.122958639238e+01,2.196696659643e-02
1.556195936201e-03,8.714717582371e+01,1.520096697410e+01,7.772793189959e+03,3.024001741249e+02,1.122958606441e+01,2.196129019854e-02
1.558670485328e-03,8.714316959925e+01,1.520823265971e+01,7.778521244640e+03,3.024001666396e+02,1.122958573637e+01,2.195560662234e-02
1.561144192418e-03,8.713915733762e+01,1.521550649895e+01,7.784258979272e+03,3.024001591378e+02,1.122958540825e+01,2.194991587699e-02
1.563617056421e-03,8.713513904259e+01,1.522278847355e+01,7.790006394413e+03,3.024001516197e+02,1.122958508006e+01,2.194421797164e-02
1.566089076291e-03,8.713111471793e+01,1.523007856524e+01,7.795763490632e+03,3.024001440852e+02,1.122958475181e+01,2.193851291545e-02
1.568560250981e-03,8.712708436743e+01,1.523737675574e+01,7.801530268504e+03,3.024001365342e+02,1.122958442349e+01,2.193280071756e-02
1.571030579448e-03,8.712304799486e+01,1.524468302679e+01,7.807306728615e+03,3.024001289668e+02,1.122958409511e+01,2.192708138712e-02
1.573500060649e-03,8.711900560401e+01,1.525199736008e+01,7.813092871556e+03,3.024001213830e+02,1.122958376666e+01,2.192135493327e-02
1.575968693544e-03,8.711495719868e+01,1.525931973734e+01,7.818888697928e+03,3.024001137826e+02,1.122958343816e+01,2.191562136514e-02
1.578436477094e-03,8.711090278265e+01,1.526665014026e+01,7.824694208342e+03,3.024001061658e+02,1.122958310960e+01,2.190988069187e-02
1.580903410262e-03,8.710684235972e+01,1.527398855053e+01,7.830509403413e+03,3.024000985324e+02,1.122958278098e+01,2.190413292259e-02
1.583369492012e-03,8.710277593371e+01,1.528133494984e+01,7.836334283767e+03,3.024000908825e+02,1.122958245232e+01,2.189837806641e-02
1.585834721311e-03,8.709870350841e+01,1.528868931989e+01,7.842168850040e+03,3.024000832161e+02,1.122958212360e+01,2.189261613246e-02
1.588299097127e-03,8.709462508764e+01,1.529605164234e+01,7.848013102872e+03,3.024000755331e+02,1.122958179483e+01,2.188684712986e-02
1.590762618430e-03,8.709054067523e+01,1.530342189888e+01,7.853867042915e+03,3.024000678335e+02,1.122958146602e+01,2.188107106771e-02
1.593225284191e-03,8.708645027498e+01,1.531080007117e+01,7.859730670829e+03,3.024000601173e+02,1.122958113717e+01,2.187528795512e-02
1.595687093384e-03,8.708235389072e+01,1.531818614087e+01,7.865603987281e+03,3.024000523845e+02,1.122958080827e+01,2.186949780120e-02
1.598148044984e-03,8.707825152629e+01,1.532558008964e+01,7.871486992948e+03,3.024000446351e+02,1.122958047933e+01,2.186370061505e-02
1.600608137968e-03,8.707414318552e+01,1.533298189913e+01,7.877379688514e+03,3.024000368690e+02,1.122958015036e+01,2.185789640575e-02
1.603067371313e-03,8.707002887224e+01,1.534039155099e+01,7.883282074673e+03,3.024000290862e+02,1.122957982135e+01,2.185208518240e-02
1.605525744001e-03,8.706590859031e+01,1.534780902687e+01,7.889194152128e+03,3.024000212867e+02,1.122957949231e+01,2.184626695409e-02
1.607983255014e-03,8.706178234356e+01,1.535523430840e+01,7.895115921588e+03,3.024000134705e+02,1.122957916324e+01,2.184044172990e-02
1.610439903335e-03,8.705765013585e+01,1.536266737721e+01,7.901047383774e+03,3.024000056376e+02,1.122957883414e+01,2.183460951890e-02
1.612895687949e-03,8.705351197104e+01,1.537010821493e+01,7.906988539414e+03,3.023999977880e+02,1.122957850501e+01,2.182877033017e-02
1.615350607845e-03,8.704936785298e+01,1.537755680319e+01,7.912939389244e+03,3.023999899216e+02,1.122957817586e+01,2.182292417278e-02
1.617804662011e-03,8.704521778553e+01,1.538501312361e+01,7.918899934011e+03,3.023999820384e+02,1.122957784669e+01,2.181707105579e-02
1.620257849437e-03,8.704106177258e+01,1.539247715781e+01,7.924870174468e+03,3.023999741384e+02,1.122957751750e+01,2.181121098827e-02
1.622710169117e-03,8.703689981798e+01,1.539994888738e+01,7.930850111380e+03,3.023999662216e+02,1.122957718829e+01,2.180534397927e-02
1.625161620045e-03,8.703273192562e+01,1.540742829395e+01,7.936839745518e+03,3.023999582879e+02,1.122957685907e+01,2.179947003784e-02
1.627612201216e-03,8.702855809938e+01,1.541491535912e+01,7.942839077664e+03,3.023999503374e+02,1.122957652983e+01,2.179358917303e-02
1.630061911628e-03,8.702437834314e+01,1.542241006448e+01,7.948848108607e+03,3.023999423701e+02,1.122957620058e+01,2.178770139389e-02
1.632510750281e-03,8.702019266079e+01,1.542991239163e+01,7.954866839148e+03,3.023999343858e+02,1.122957587133e+01,2.178180670945e-02
1.634958716177e-03,8.701600105622e+01,1.543742232216e+01,7.960895270093e+03,3.023999263846e+02,1.122957554206e+01,2.177590512875e-02
1.637405808317e-03,8.701180353334e+01,1.544493983766e+01,7.966933402260e+03,3.023999183666e+02,1.122957521280e+01,2.176999666082e-02
1.639852025708e-03,8.700760009604e+01,1.545246491972e+01,7.972981236475e+03,3.023999103315e+02,1.122957488353e+01,2.176408131468e-02
1.642297367355e-03,8.700339074823e+01,1.545999754991e+01,7.979038773573e+03,3.023999022795e+02,1.122957455426e+01,2.175815909937e-02
1.644741832267e-03,8.699917549381e+01,1.546753770982e+01,7.985106014399e+03,3.023998942106e+02,1.122957422499e+01,2.175223002389e-02
1.647185419453e-03,8.699495433671e+01,1.547508538102e+01,7.991182959805e+03,3.023998861246e+02,1.122957389573e+01,2.174629409726e-02
1.649628127927e-03,8.699072728084e+01,1.548264054508e+01,7.997269610656e+03,3.023998780216e+02,1.122957356648e+01,2.174035132849e-02
1.652069956700e-03,8.698649433012e+01,1.549020318357e+01,8.003365967822e+03,3.023998699016e+02,1.122957323723e+01,2.173440172659e-02
1.654510904789e-03,8.698225548847e+01,1.549777327806e+01,8.009472032185e+03,3.023998617646e+02,1.122957290800e+01,2.172844530055e-02
1.656950971211e-03,8.697801075984e+01,1.550535081010e+01,8.015587804635e+03,3.023998536105e+02,1.122957257878e+01,2.172248205936e-02
1.659390154985e-03,8.697376014814e+01,1.551293576127e+01,8.021713286072e+03,3.023998454392e+02,1.122957224957e+01,2.171651201204e-02
1.661828455131e-03,8.696950365733e+01,1.552052811310e+01,8.027848477405e+03,3.023998372509e+02,1.122957192038e+01,2.171053516755e-02
1.664265870671e-03,8.696524129134e+01,1.552812784717e+01,8.033993379553e+03,3.023998290455e+02,1.122957159122e+01,2.170455153488e-02
1.666702400630e-03,8.696097305411e+01,1.553573494502e+01,8.040147993443e+03,3.023998208229e+02,1.122957126207e+01,2.169856112301e-02
1.669138044034e-03,8.695669894960e+01,1.554334938821e+01,8.046312320013e+03,3.023998125831e+02,1.122957093295e+01,2.169256394093e-02
1.671572799910e-03,8.695241898177e+01,1.555097115827e+01,8.052486360209e+03,3.023998043262e+02,1.122957060386e+01,2.168655999758e-02
1.674006667288e-03,8.694813315456e+01,1.555860023676e+01,8.058670114988e+03,3.023997960521e+02,1.122957027479e+01,2.168054930195e-02
1.676439645200e-03,8.694384147194e+01,1.556623660522e+01,8.064863585315e+03,3.023997877608e+02,1.122956994576e+01,2.167453186299e-02
1.678871732677e-03,8.693954393787e+01,1.557388024519e+01,8.071066772167e+03,3.023997794522e+02,1.122956961676e+01,2.166850768966e-02
1.681302928756e-03,8.693524055634e+01,1.558153113820e+01,8.077279676527e+03,3.023997711264e+02,1.122956928780e+01,2.166247679091e-02
1.683733232472e-03,8.693093133130e+01,1.558918926581e+01,8.083502299390e+03,3.023997627833e+02,1.122956895887e+01,2.165643917569e-02
1.686162642864e-03,8.692661626673e+01,1.559685460953e+01,8.089734641761e+03,3.023997544229e+02,1.122956862998e+01,2.165039485294e-02
1.688591158972e-03,8.692229536662e+01,1.560452715092e+01,8.095976704654e+03,3.023997460452e+02,1.122956830114e+01,2.164434383160e-02
1.691018779838e-03,8.691796863496e+01,1.561220687149e+01,8.102228489092e+03,3.023997376502e+02,1.122956797234e+01,2.163828612062e-02
1.693445504505e-03,8.691363607572e+01,1.561989375278e+01,8.108489996109e+03,3.023997292378e+02,1.122956764359e+01,2.163222172891e-02
1.695871332019e-03,8.690929769290e+01,1.562758777632e+01,8.114761226747e+03,3.023997208081e+02,1.122956731488e+01,2.162615066540e-02
1.698296261428e-03,8.690495349051e+01,1.563528892363e+01,8.121042182061e+03,3.023997123610e+02,1.122956698623e+01,2.162007293902e-02
1.700720291780e-03,8.690060347253e+01,1.564299717626e+01,8.127332863111e+03,3.023997038965e+02,1.122956665763e+01,2.161398855869e-02
1.703143422125e-03,8.689624764298e+01,1.565071251571e+01,8.133633270972e+03,3.023996954146e+02,1.122956632909e+01,2.160789753330e-02
1.705565651518e-03,8.689188600585e+01,1.565843492352e+01,8.139943406727e+03,3.023996869153e+02,1.122956600060e+01,2.160179987179e-02
1.707986979011e-03,8.688751856517e+01,1.566616438120e+01,8.146263271466e+03,3.023996783985e+02,1.122956567218e+01,2.159569558304e-02
1.710407403661e-03,8.688314532494e+01,1.567390087030e+01,8.152592866293e+03,3.023996698642e+02,1.122956534382e+01,2.158958467596e-02
1.712826924527e-03,8.687876628919e+01,1.568164437231e+01,8.158932192321e+03,3.023996613124e+02,1.122956501552e+01,2.158346715945e-02
1.715245540667e-03,8.687438146194e+01,1.568939486878e+01,8.165281250672e+03,3.023996527431e+02,1.122956468729e+01,2.157734304239e-02
1.717663251143e-03,8.686999084721e+01,1.569715234121e+01,8.171640042478e+03,3.023996441563e+02,1.122956435912e+01,2.157121233367e-02
1.720080055018e-03,8.686559444904e+01,1.570491677113e+01,8.178008568882e+03,3.023996355520e+02,1.122956403103e+01,2.156507504217e-02
1.722495951358e-03,8.686119227146e+01,1.571268814007e+01,8.184386831038e+03,3.023996269300e+02,1.122956370302e+01,2.155893117678e-02
1.724910939229e-03,8.685678431849e+01,1.572046642953e+01,8.190774830107e+03,3.023996182905e+02,1.122956337507e+01,2.155278074636e-02
1.727325017700e-03,8.685237059420e+01,1.572825162104e+01,8.197172567264e+03,3.023996096334e+02,1.122956304721e+01,2.154662375979e-02
1.729738185842e-03,8.684795110262e+01,1.573604369613e+01,8.203580043691e+03,3.023996009587e+02,1.122956271943e+01,2.154046022592e-02
1.732150442726e-03,8.684352584779e+01,1.574384263630e+01,8.209997260582e+03,3.023995922663e+02,1.122956239173e+01,2.153429015362e-02
1.734561787426e-03,8.683909483378e+01,1.575164842308e+01,8.216424219141e+03,3.023995835563e+02,1.122956206411e+01,2.152811355175e-02
1.736972219019e-03,8.683465806463e+01,1.575946103799e+01,8.222860920582e+03,3.023995748286e+02,1.122956173658e+01,2.152193042915e-02
1.739381736582e-03,8.683021554440e+01,1.576728046256e+01,8.229307366130e+03,3.023995660832e+02,1.122956140914e+01,2.151574079468e-02
1.741790339194e-03,8.682576727716e+01,1.577510667829e+01,8.235763557019e+03,3.023995573200e+02,1.122956108179e+01,2.150954465717e-02
1.744198025937e-03,8.682131326698e+01,1.578293966672e+01,8.242229494496e+03,3.023995485392e+02,1.122956075454e+01,2.150334202547e-02
1.746604795893e-03,8.681685351792e+01,1.579077940936e+01,8.248705179814e+03,3.023995397405e+02,1.122956042738e+01,2.149713290841e-02
1.749010648147e-03,8.681238803405e+01,1.579862588773e+01,8.255190614242e+03,3.023995309242e+02,1.122956010032e+01,2.149091731481e-02
1.751415581786e-03,8.680791681946e+01,1.580647908336e+01,8.261685799054e+03,3.023995220900e+02,1.122955977335e+01,2.148469525351e-02
1.753819595898e-03,8.680343987822e+01,1.581433897778e+01,8.268190735540e+03,3.023995132380e+02,1.122955944650e+01,2.147846673332e-02
1.756222689573e-03,8.679895721442e+01,1.582220555251e+01,8.274705424995e+03,3.023995043682e+02,1.122955911974e+01,2.147223176306e-02
1.758624861904e-03,8.679446883214e+01,1.583007878906e+01,8.281229868730e+03,3.023994954805e+02,1.122955879310e+01,2.146599035155e-02
1.761026111983e-03,8.678997473547e+01,1.583795866898e+01,8.287764068061e+03,3.023994865750e+02,1.122955846656e+01,2.145974250759e-02
1.763426438907e-03,8.678547492851e+01,1.584584517378e+01,8.294308024320e+03,3.023994776516e+02,1.122955814014e+01,2.145348823998e-02
1.765825841772e-03,8.678096941536e+01,1.585373828500e+01,8.300861738847e+03,3.023994687102e+02,1.122955781382e+01,2.144722755753e-02
1.768224319679e-03,8.677645820011e+01,1.586163798416e+01,8.307425212992e+03,3.023994597510e+02,1.122955748763e+01,2.144096046902e-02
1.770621871727e-03,8.677194128687e+01,1.586954425281e+01,8.313998448116e+03,3.023994507738e+02,1.122955716155e+01,2.143468698326e-02
1.773018497020e-03,8.676741867976e+01,1.587745707246e+01,8.320581445594e+03,3.023994417787e+02,1.122955683560e+01,2.142840710902e-02
1.775414194662e-03,8.676289038287e+01,1.588537642466e+01,8.327174206807e+03,3.023994327655e+02,1.122955650976e+01,2.142212085509e-02
1.777808963759e-03,8.675835640032e+01,1.589330229095e+01,8.333776733150e+03,3.023994237344e+02,1.122955618405e+01,2.141582823024e-02
1.780202803420e-03,8.675381673624e+01,1.590123465285e+01,8.340389026028e+03,3.023994146853e+02,1.122955585847e+01,2.140952924325e-02
1.782595712755e-03,8.674927139474e+01,1.590917349192e+01,8.347011086857e+03,3.023994056181e+02,1.122955553302e+01,2.140322390289e-02
1.784987690875e-03,8.674472037994e+01,1.591711878968e+01,8.353642917063e+03,3.023993965328e+02,1.122955520770e+01,2.139691221792e-02
1.787378736893e-03,8.674016369599e+01,1.592507052770e+01,8.360284518084e+03,3.023993874295e+02,1.122955488251e+01,2.139059419711e-02
1.789768849926e-03,8.673560134699e+01,1.593302868750e+01,8.366935891369e+03,3.023993783081e+02,1.122955455746e+01,2.138426984920e-02
1.792158029091e-03,8.673103333710e+01,1.594099325065e+01,8.373597038378e+03,3.023993691686e+02,1.122955423255e+01,2.137793918295e-02
1.794546273506e-03,8.672645967044e+01,1.594896419869e+01,8.380267960581e+03,3.023993600109e+02,1.122955390778e+01,2.137160220711e-02
1.796933582291e-03,8.672188035117e+01,1.595694151318e+01,8.386948659460e+03,3.023993508351e+02,1.122955358316e+01,2.136525893042e-02
1.799319954571e-03,8.671729538341e+01,1.596492517566e+01,8.393639136508e+03,3.023993416411e+02,1.122955325867e+01,2.135890936162e-02
1.801705389469e-03,8.671270477133e+01,1.597291516770e+01,8.400339393229e+03,3.023993324289e+02,1.122955293434e+01,2.135255350944e-02
1.804089886111e-03,8.670810851907e+01,1.598091147086e+01,8.407049431139e+03,3.023993231986e+02,1.122955261016e+01,2.134619138262e-02
1.806473443626e-03,8.670350663078e+01,1.598891406670e+01,8.413769251763e+03,3.023993139499e+02,1.122955228612e+01,2.133982298989e-02
1.808856061143e-03,8.669889911062e+01,1.599692293679e+01,8.420498856639e+03,3.023993046831e+02,1.122955196224e+01,2.133344833995e-02
1.811237737793e-03,8.669428596276e+01,1.600493806270e+01,8.427238247317e+03,3.023992953980e+02,1.122955163852e+01,2.132706744154e-02
1.813618472711e-03,8.668966719135e+01,1.601295942599e+01,8.433987425355e+03,3.023992860945e+02,1.122955131496e+01,2.132068030335e-02
1.815998265032e-03,8.668504280056e+01,1.602098700824e+01,8.440746392327e+03,3.023992767728e+02,1.122955099156e+01,2.131428693412e-02
1.818377113892e-03,8.668041279456e+01,1.602902079104e+01,8.447515149814e+03,3.023992674328e+02,1.122955066832e+01,2.130788734253e-02
1.820755018430e-03,8.667577717753e+01,1.603706075596e+01,8.454293699410e+03,3.023992580744e+02,1.122955034525e+01,2.130148153729e-02
1.823131977788e-03,8.667113595364e+01,1.604510688459e+01,8.461082042722e+03,3.023992486976e+02,1.122955002234e+01,2.129506952710e-02
1.825507991108e-03,8.666648912706e+01,1.605315915851e+01,8.467880181367e+03,3.023992393025e+02,1.122954969961e+01,2.128865132065e-02
1.827883057533e-03,8.666183670199e+01,1.606121755931e+01,8.474688116972e+03,3.023992298890e+02,1.122954937704e+01,2.128222692662e-02
1.830257176211e-03,8.665717868261e+01,1.606928206860e+01,8.481505851177e+03,3.023992204570e+02,1.122954905465e+01,2.127579635371e-02
1.832630346289e-03,8.665251507309e+01,1.607735266797e+01,8.488333385635e+03,3.023992110066e+02,1.122954873244e+01,2.126935961058e-02
1.835002566916e-03,8.664784587765e+01,1.608542933901e+01,8.495170722008e+03,3.023992015377e+02,1.122954841041e+01,2.126291670593e-02
1.837373837245e-03,8.664317110046e+01,1.609351206335e+01,8.502017861971e+03,3.023991920504e+02,1.122954808856e+01,2.125646764841e-02
1.839744156429e-03,8.663849074573e+01,1.610160082258e+01,8.508874807210e+03,3.023991825446e+02,1.122954776689e+01,2.125001244670e-02
1.842113523623e-03,8.663380481766e+01,1.610969559833e+01,8.515741559423e+03,3.023991730202e+02,1.122954744541e+01,2.124355110946e-02
1.844481937984e-03,8.662911332045e+01,1.611779637220e+01,8.522618120319e+03,3.023991634773e+02,1.122954712412e+01,2.123708364534e-02
1.846849398672e-03,8.662441625830e+01,1.612590312582e+01,8.529504491620e+03,3.023991539159e+02,1.122954680301e+01,2.123061006301e-02
1.849215904845e-03,8.661971363543e+01,1.613401584083e+01,8.536400675059e+03,3.023991443358e+02,1.122954648210e+01,2.122413037112e-02
1.851581455668e-03,8.661500545605e+01,1.614213449884e+01,8.543306672380e+03,3.023991347372e+02,1.122954616139e+01,2.121764457830e-02
1.853946050305e-03,8.661029172438e+01,1.615025908149e+01,8.550222485339e+03,3.023991251199e+02,1.122954584087e+01,2.121115269322e-02
1.856309687920e-03,8.660557244462e+01,1.615838957043e+01,8.557148115706e+03,3.023991154841e+02,1.122954552055e+01,2.120465472449e-02
1.858672367684e-03,8.660084762101e+01,1.616652594729e+01,8.564083565260e+03,3.023991058295e+02,1.122954520043e+01,2.119815068076e-02
1.861034088764e-03,8.659611725777e+01,1.617466819373e+01,8.571028835794e+03,3.023990961563e+02,1.122954488052e+01,2.119164057067e-02
1.863394850334e-03,8.659138135912e+01,1.618281629140e+01,8.577983929111e+03,3.023990864644e+02,1.122954456081e+01,2.118512440282e-02
1.865754651565e-03,8.658663992929e+01,1.619097022195e+01,8.584948847027e+03,3.023990767538e+02,1.122954424131e+01,2.117860218586e-02
1.868113491634e-03,8.658189297252e+01,1.619912996705e+01,8.591923591369e+03,3.023990670245e+02,1.122954392202e+01,2.117207392839e-02
1.870471369718e-03,8.657714049304e+01,1.620729550837e+01,8.598908163980e+03,3.023990572764e+02,1.122954360295e+01,2.116553963903e-02
1.872828284995e-03,8.657238249508e+01,1.621546682758e+01,8.605902566709e+03,3.023990475095e+02,1.122954328408e+01,2.115899932639e-02
1.875184236645e-03,8.656761898290e+01,1.622364390636e+01,8.612906801420e+03,3.023990377238e+02,1.122954296544e+01,2.115245299908e-02
1.877539223853e-03,8.656284996073e+01,1.623182672639e+01,8.619920869990e+03,3.023990279193e+02,1.122954264702e+01,2.114590066570e-02
1.879893245801e-03,8.655807543282e+01,1.624001526936e+01,8.626944774307e+03,3.023990180960e+02,1.122954232882e+01,2.113934233485e-02
1.882246301677e-03,8.655329540343e+01,1.624820951697e+01,8.633978516271e+03,3.023990082539e+02,1.122954201084e+01,2.113277801513e-02
1.884598390667e-03,8.654850987679e+01,1.625640945091e+01,8.641022097794e+03,3.023989983928e+02,1.122954169309e+01,2.112620771511e-02
1.886949511962e-03,8.654371885717e+01,1.626461505288e+01,8.648075520802e+03,3.023989885129e+02,1.122954137557e+01,2.111963144340e-02
1.889299664754e-03,8.653892234882e+01,1.627282630461e+01,8.655138787231e+03,3.023989786141e+02,1.122954105827e+01,2.111304920856e-02
1.891648848235e-03,8.653412035601e+01,1.628104318780e+01,8.662211899029e+03,3.023989686963e+02,1.122954074122e+01,2.110646101919e-02
1.893997061602e-03,8.652931288300e+01,1.628926568417e+01,8.669294858159e+03,3.023989587596e+02,1.122954042439e+01,2.109986688386e-02
1.896344304051e-03,8.652449993405e+01,1.629749377546e+01,8.676387666594e+03,3.023989488039e+02,1.122954010781e+01,2.109326681113e-02
1.898690574781e-03,8.651968151343e+01,1.630572744340e+01,8.683490326321e+03,3.023989388293e+02,1.122953979146e+01,2.108666080958e-02
1.901035872993e-03,8.651485762542e+01,1.631396666972e+01,8.690602839336e+03,3.023989288356e+02,1.122953947536e+01,2.108004888776e-02
1.903380197890e-03,8.651002827428e+01,1.632221143618e+01,8.697725207653e+03,3.023989188229e+02,1.122953915950e+01,2.107343105424e-02
1.905723548675e-03,8.650519346429e+01,1.633046172452e+01,8.704857433293e+03,3.023989087911e+02,1.122953884389e+01,2.106680731758e-02
1.908065924556e-03,8.650035319974e+01,1.633871751650e+01,8.711999518292e+03,3.023988987403e+02,1.122953852853e+01,2.106017768631e-02
1.910407324739e-03,8.649550748490e+01,1.634697879389e+01,8.719151464700e+03,3.023988886704e+02,1.122953821342e+01,2.105354216900e-02
1.912747748436e-03,8.649065632406e+01,1.635524553846e+01,8.726313274575e+03,3.023988785814e+02,1.122953789856e+01,2.104690077418e-02
1.915087194858e-03,8.648579972150e+01,1.636351773198e+01,8.733484949992e+03,3.023988684733e+02,1.122953758396e+01,2.104025351039e-02
1.917425663218e-03,8.648093768152e+01,1.637179535624e+01,8.740666493037e+03,3.023988583460e+02,1.122953726961e+01,2.103360038618e-02
1.919763152731e-03,8.647607020840e+01,1.638007839303e+01,8.747857905807e+03,3.023988481995e+02,1.122953695553e+01,2.102694141006e-02
1.922099662615e-03,8.647119730645e+01,1.638836682414e+01,8.755059190415e+03,3.023988380339e+02,1.122953664171e+01,2.102027659058e-02
1.924435192089e-03,8.646631897995e+01,1.639666063138e+01,8.762270348982e+03,3.023988278490e+02,1.122953632815e+01,2.101360593626e-02
1.926769740374e-03,8.646143523321e+01,1.640495979657e+01,8.769491383647e+03,3.023988176449e+02,1.122953601486e+01,2.100692945561e-02
1.929103306692e-03,8.645654607052e+01,1.641326430150e+01,8.776722296559e+03,3.023988074216e+02,1.122953570184e+01,2.100024715716e-02
1.931435890268e-03,8.645165149620e+01,1.642157412802e+01,8.783963089878e+03,3.023987971790e+02,1.122953538909e+01,2.099355904942e-02
1.933767490328e-03,8.644675151456e+01,1.642988925796e+01,8.791213765780e+03,3.023987869172e+02,1.122953507662e+01,2.098686514089e-02
1.936098106101e-03,8.644184612989e+01,1.643820967314e+01,8.798474326452e+03,3.023987766360e+02,1.122953476442e+01,2.098016544009e-02
1.938427736816e-03,8.643693534651e+01,1.644653535542e+01,8.805744774094e+03,3.023987663355e+02,1.122953445250e+01,2.097345995551e-02
1.940756381705e-03,8.643201916874e+01,1.645486628665e+01,8.813025110921e+03,3.023987560156e+02,1.122953414086e+01,2.096674869566e-02
1.943084040001e-03,8.642709760089e+01,1.646320244870e+01,8.820315339156e+03,3.023987456764e+02,1.122953382950e+01,2.096003166903e-02
1.945410710941e-03,8.642217064729e+01,1.647154382342e+01,8.827615461041e+03,3.023987353178e+02,1.122953351843e+01,2.095330888411e-02
1.947736393761e-03,8.641723831224e+01,1.647989039270e+01,8.834925478825e+03,3.023987249398e+02,1.122953320764e+01,2.094658034939e-02
1.950061087701e-03,8.641230060009e+01,1.648824213841e+01,8.842245394775e+03,3.023987145423e+02,1.122953289715e+01,2.093984607336e-02
1.952384792002e-03,8.640735751515e+01,1.649659904245e+01,8.849575211169e+03,3.023987041254e+02,1.122953258695e+01,2.093310606448e-02
1.954707505906e-03,8.640240906175e+01,1.650496108673e+01,8.856914930296e+03,3.023986936891e+02,1.122953227704e+01,2.092636033125e-02
1.957029228657e-03,8.639745524423e+01,1.651332825313e+01,8.864264554460e+03,3.023986832332e+02,1.122953196742e+01,2.091960888214e-02
1.959349959504e-03,8.639249606691e+01,1.652170052358e+01,8.871624085981e+03,3.023986727579e+02,1.122953165811e+01,2.091285172560e-02
1.961669697693e-03,8.638753153414e+01,1.653007788000e+01,8.878993527186e+03,3.023986622630e+02,1.122953134910e+01,2.090608887012e-02
1.963988442475e-03,8.638256165024e+01,1.653846030433e+01,8.886372880419e+03,3.023986517486e+02,1.122953104039e+01,2.089932032414e-02
1.966306193101e-03,8.637758641957e+01,1.654684777849e+01,8.893762148037e+03,3.023986412146e+02,1.122953073198e+01,2.089254609614e-02
1.968622948826e-03,8.637260584646e+01,1.655524028444e+01,8.901161332410e+03,3.023986306610e+02,1.122953042389e+01,2.088576619456e-02
1.970938708905e-03,8.636761993526e+01,1.656363780412e+01,8.908570435920e+03,3.023986200879e+02,1.122953011610e+01,2.087898062786e-02
1.973253472596e-03,8.636262869031e+01,1.657204031951e+01,8.915989460963e+03,3.023986094950e+02,1.122952980862e+01,2.087218940449e-02
1.975567239158e-03,8.635763211597e+01,1.658044781258e+01,8.923418409948e+03,3.023985988826e+02,1.122952950146e+01,2.086539253289e-02
1.977880007851e-03,8.635263021658e+01,1.658886026530e+01,8.930857285301e+03,3.023985882505e+02,1.122952919462e+01,2.085859002150e-02
1.980191777939e-03,8.634762299651e+01,1.659727765966e+01,8.938306089452e+03,3.023985775987e+02,1.122952888809e+01,2.085178187876e-02
1.982502548687e-03,8.634261046010e+01,1.660569997767e+01,8.945764824856e+03,3.023985669271e+02,1.122952858189e+01,2.084496811311e-02
1.984812319361e-03,8.633759261171e+01,1.661412720132e+01,8.953233493972e+03,3.023985562359e+02,1.122952827601e+01,2.083814873297e-02
1.987121089229e-03,8.633256945570e+01,1.662255931263e+01,8.960712099279e+03,3.023985455249e+02,1.122952797045e+01,2.083132374678e-02
1.989428857562e-03,8.632754099645e+01,1.663099629363e+01,8.968200643265e+03,3.023985347941e+02,1.122952766523e+01,2.082449316295e-02
1.991735623632e-03,8.632250723830e+01,1.663943812635e+01,8.975699128433e+03,3.023985240436e+02,1.122952736033e+01,2.081765698991e-02
1.994041386712e-03,8.631746818563e+01,1.664788479282e+01,8.983207557300e+03,3.023985132732e+02,1.122952705577e+01,2.081081523607e-02
1.996346146079e-03,8.631242384280e+01,1.665633627511e+01,8.990725932396e+03,3.023985024830e+02,1.122952675154e+01,2.080396790986e-02
1.998649901011e-03,8.630737421420e+01,1.666479255527e+01,8.998254256266e+03,3.023984916730e+02,1.122952644764e+01,2.079711501967e-02
2.000952650785e-03,8.630231930418e+01,1.667325361536e+01,9.005792531464e+03,3.023984808431e+02,1.122952614409e+01,2.079025657392e-02
2.003254394684e-03,8.629725911712e+01,1.668171943747e+01,9.013340760565e+03,3.023984699933e+02,1.122952584088e+01,2.078339258102e-02
2.005555131991e-03,8.629219365741e+01,1.669019000368e+01,9.020898946149e+03,3.023984591236e+02,1.122952553801e+01,2.077652304935e-02
2.007854861990e-03,8.628712292942e+01,1.669866529610e+01,9.028467090818e+03,3.023984482339e+02,1.122952523548e+01,2.076964798732e-02
2.010153583969e-03,8.628204693753e+01,1.670714529682e+01,9.036045197182e+03,3.023984373243e+02,1.122952493331e+01,2.076276740332e-02
2.012451297215e-03,8.627696568612e+01,1.671562998796e+01,9.043633267866e+03,3.023984263948e+02,1.122952463148e+01,2.075588130575e-02
2.014748001020e-03,8.627187917958e+01,1.672411935165e+01,9.051231305511e+03,3.023984154452e+02,1.122952433001e+01,2.074898970299e-02
2.017043694675e-03,8.626678742230e+01,1.673261337003e+01,9.058839312769e+03,3.023984044757e+02,1.122952402889e+01,2.074209260342e-02
2.019338377474e-03,8.626169041867e+01,1.674111202523e+01,9.066457292307e+03,3.023983934861e+02,1.122952372813e+01,2.073519001543e-02
2.021632048714e-03,8.625658817307e+01,1.674961529942e+01,9.074085246806e+03,3.023983824764e+02,1.122952342773e+01,2.072828194738e-02
2.023924707691e-03,8.625148068991e+01,1.675812317476e+01,9.081723178960e+03,3.023983714467e+02,1.122952312769e+01,2.072136840767e-02
2.026216353706e-03,8.624636797356e+01,1.676663563342e+01,9.089371091477e+03,3.023983603969e+02,1.122952282802e+01,2.071444940466e-02
2.028506986061e-03,8.624125002844e+01,1.677515265758e+01,9.097028987081e+03,3.023983493269e+02,1.122952252871e+01,2.070752494671e-02
2.030796604057e-03,8.623612685894e+01,1.678367422945e+01,9.104696868506e+03,3.023983382369e+02,1.122952222977e+01,2.070059504219e-02
2.033085207000e-03,8.623099846946e+01,1.679220033122e+01,9.112374738504e+03,3.023983271267e+02,1.122952193120e+01,2.069365969946e-02
2.035372794197e-03,8.622586486441e+01,1.680073094512e+01,9.120062599838e+03,3.023983159963e+02,1.122952163300e+01,2.068671892689e-02
2.037659364957e-03,8.622072604818e+01,1.680926605336e+01,9.127760455287e+03,3.023983048457e+02,1.122952133518e+01,2.067977273282e-02
2.039944918590e-03,8.621558202519e+01,1.681780563819e+01,9.135468307643e+03,3.023982936749e+02,1.122952103773e+01,2.067282112561e-02
2.042229454408e-03,8.621043279983e+01,1.682634968185e+01,9.143186159712e+03,3.023982824838e+02,1.122952074067e+01,2.066586411361e-02
2.044512971726e-03,8.620527837653e+01,1.683489816659e+01,9.150914014314e+03,3.023982712725e+02,1.122952044398e+01,2.065890170516e-02
2.046795469859e-03,8.620011875970e+01,1.684345107469e+01,9.158651874284e+03,3.023982600409e+02,1.122952014768e+01,2.065193390861e-02
2.049076948127e-03,8.619495395374e+01,1.685200838841e+01,9.166399742472e+03,3.023982487891e+02,1.122951985177e+01,2.064496073230e-02
2.051357405847e-03,8.618978396307e+01,1.686057009006e+01,9.174157621739e+03,3.023982375169e+02,1.122951955624e+01,2.063798218456e-02
2.053636842341e-03,8.618460879211e+01,1.686913616193e+01,9.181925514961e+03,3.023982262243e+02,1.122951926111e+01,2.063099827373e-02
2.055915256933e-03,8.617942844528e+01,1.687770658632e+01,9.189703425032e+03,3.023982149115e+02,1.122951896637e+01,2.062400900813e-02
2.058192648949e-03,8.617424292700e+01,1.688628134557e+01,9.197491354856e+03,3.023982035782e+02,1.122951867202e+01,2.061701439610e-02
2.060469017714e-03,8.616905224169e+01,1.689486042200e+01,9.205289307352e+03,3.023981922245e+02,1.122951837807e+01,2.061001444597e-02
2.062744362558e-03,8.616385639377e+01,1.690344379796e+01,9.213097285456e+03,3.023981808504e+02,1.122951808452e+01,2.060300916604e-02
2.065018682812e-03,8.615865538768e+01,1.691203145580e+01,9.220915292115e+03,3.023981694559e+02,1.122951779138e+01,2.059599856465e-02
2.067291977807e-03,8.615344922783e+01,1.692062337788e+01,9.228743330290e+03,3.023981580409e+02,1.122951749863e+01,2.058898265011e-02
2.069564246879e-03,8.614823791866e+01,1.692921954658e+01,9.236581402962e+03,3.023981466054e+02,1.122951720630e+01,2.058196143072e-02
2.071835489363e-03,8.614302146460e+01,1.693781994429e+01,9.244429513119e+03,3.023981351494e+02,1.122951691437e+01,2.057493491481e-02
2.074105704596e-03,8.613779987007e+01,1.694642455342e+01,9.252287663769e+03,3.023981236729e+02,1.122951662285e+01,2.056790311067e-02
2.076374891920e-03,8.613257313952e+01,1.695503335636e+01,9.260155857932e+03,3.023981121759e+02,1.122951633174e+01,2.056086602662e-02
2.078643050676e-03,8.612734127738e+01,1.696364633555e+01,9.268034098642e+03,3.023981006583e+02,1.122951604106e+01,2.055382367095e-02
2.080910180206e-03,8.612210428809e+01,1.697226347341e+01,9.275922388949e+03,3.023980891201e+02,1.122951575078e+01,2.054677605196e-02
2.083176279856e-03,8.611686217608e+01,1.698088475239e+01,9.283820731918e+03,3.023980775613e+02,1.122951546093e+01,2.053972317794e-02
2.085441348974e-03,8.611161494580e+01,1.698951015495e+01,9.291729130625e+03,3.023980659819e+02,1.122951517150e+01,2.053266505720e-02
2.087705386907e-03,8.610636260169e+01,1.699813966355e+01,9.299647588164e+03,3.023980543818e+02,1.122951488250e+01,2.052560169802e-02
2.089968393008e-03,8.610110514819e+01,1.700677326068e+01,9.307576107643e+03,3.023980427610e+02,1.122951459392e+01,2.051853310869e-02
2.092230366628e-03,8.609584258974e+01,1.701541092884e+01,9.315514692185e+03,3.023980311196e+02,1.122951430577e+01,2.051145929748e-02
2.094491307122e-03,8.609057493080e+01,1.702405265051e+01,9.323463344925e+03,3.023980194575e+02,1.122951401805e+01,2.050438027269e-02
2.096751213845e-03,8.608530217580e+01,1.703269840823e+01,9.331422069017e+03,3.023980077746e+02,1.122951373076e+01,2.049729604260e-02
2.099010086157e-03,8.608002432921e+01,1.704134818451e+01,9.339390867624e+03,3.023979960710e+02,1.122951344391e+01,2.049020661547e-02
2.101267923416e-03,8.607474139547e+01,1.705000196190e+01,9.347369743930e+03,3.023979843466e+02,1.122951315749e+01,2.048311199958e-02
2.103524724985e-03,8.606945337904e+01,1.705865972295e+01,9.355358701131e+03,3.023979726014e+02,1.122951287152e+01,2.047601220321e-02
2.105780490227e-03,8.606416028436e+01,1.706732145022e+01,9.363357742435e+03,3.023979608354e+02,1.122951258599e+01,2.046890723461e-02
2.108035218507e-03,8.605886211590e+01,1.707598712630e+01,9.371366871070e+03,3.023979490485e+02,1.122951230090e+01,2.046179710206e-02
2.110288909192e-03,8.605355887811e+01,1.708465673377e+01,9.379386090273e+03,3.023979372408e+02,1.122951201626e+01,2.045468181382e-02
2.112541561652e-03,8.604825057544e+01,1.709333025524e+01,9.387415403304e+03,3.023979254123e+02,1.122951173207e+01,2.044756137815e-02
2.114793175257e-03,8.604293721237e+01,1.710200767331e+01,9.395454813428e+03,3.023979135628e+02,1.122951144832e+01,2.044043580330e-02
2.117043749380e-03,8.603761879334e+01,1.711068897061e+01,9.403504323933e+03,3.023979016924e+02,1.122951116504e+01,2.043330509754e-02
2.119293283395e-03,8.603229532283e+01,1.711937412979e+01,9.411563938118e+03,3.023978898011e+02,1.122951088220e+01,2.042616926910e-02
2.121541776679e-03,8.602696680529e+01,1.712806313350e+01,9.419633659298e+03,3.023978778889e+02,1.122951059983e+01,2.041902832625e-02
2.123789228608e-03,8.602163324520e+01,1.713675596439e+01,9.427713490802e+03,3.023978659556e+02,1.122951031791e+01,2.041188227722e-02
2.126035638565e-03,8.601629464701e+01,1.714545260515e+01,9.435803435976e+03,3.023978540014e+02,1.122951003646e+01,2.040473113027e-02
2.128281005929e-03,8.601095101520e+01,1.715415303848e+01,9.443903498179e+03,3.023978420261e+02,1.122950975547e+01,2.039757489363e-02
2.130525330085e-03,8.600560235423e+01,1.716285724706e+01,9.452013680785e+03,3.023978300298e+02,1.122950947494e+01,2.039041357554e-02
2.132768610419e-03,8.600024866858e+01,1.717156521362e+01,9.460133987187e+03,3.023978180124e+02,1.122950919489e+01,2.038324718425e-02
2.135010846316e-03,8.599488996272e+01,1.718027692088e+01,9.468264420788e+03,3.023978059740e+02,1.122950891530e+01,2.037607572797e-02
2.137252037166e-03,8.598952624111e+01,1.718899235160e+01,9.476404985007e+03,3.023977939144e+02,1.122950863619e+01,2.036889921495e-02
2.139492182361e-03,8.598415750824e+01,1.719771148852e+01,9.484555683282e+03,3.023977818337e+02,1.122950835756e+01,2.036171765342e-02
2.141731281292e-03,8.597878376859e+01,1.720643431441e+01,9.492716519062e+03,3.023977697319e+02,1.122950807940e+01,2.035453105160e-02
2.143969333354e-03,8.597340502662e+01,1.721516081205e+01,9.500887495813e+03,3.023977576089e+02,1.122950780172e+01,2.034733941771e-02
2.146206337944e-03,8.596802128681e+01,1.722389096425e+01,9.509068617018e+03,3.023977454647e+02,1.122950752452e+01,2.034014275998e-02
2.148442294459e-03,8.596263255365e+01,1.723262475380e+01,9.517259886169e+03,3.023977332993e+02,1.122950724781e+01,2.033294108662e-02
2.150677202299e-03,8.595723883161e+01,1.724136216353e+01,9.525461306782e+03,3.023977211127e+02,1.122950697158e+01,2.032573440586e-02
2.152911060867e-03,8.595184012518e+01,1.725010317628e+01,9.533672882381e+03,3.023977089049e+02,1.122950669585e+01,2.031852272591e-02
2.155143869564e-03,8.594643643884e+01,1.725884777488e+01,9.541894616508e+03,3.023976966757e+02,1.122950642060e+01,2.031130605497e-02
2.157375627798e-03,8.594102777707e+01,1.726759594222e+01,9.550126512725e+03,3.023976844253e+02,1.122950614584e+01,2.030408440126e-02
2.159606334975e-03,8.593561414436e+01,1.727634766115e+01,9.558368574599e+03,3.023976721535e+02,1.122950587159e+01,2.029685777299e-02
2.161835990504e-03,8.593019554520e+01,1.728510291458e+01,9.566620805721e+03,3.023976598605e+02,1.122950559782e+01,2.028962617836e-02
2.164064593796e-03,8.592477198406e+01,1.729386168540e+01,9.574883209696e+03,3.023976475460e+02,1.122950532456e+01,2.028238962557e-02
2.166292144264e-03,8.591934346545e+01,1.730262395653e+01,9.583155790140e+03,3.023976352102e+02,1.122950505180e+01,2.027514812283e-02
2.168518641321e-03,8.591390999385e+01,1.731138971090e+01,9.591438550692e+03,3.023976228530e+02,1.122950477954e+01,2.026790167833e-02
2.170744084384e-03,8.590847157374e+01,1.732015893146e+01,9.599731494998e+03,3.023976104744e+02,1.122950450779e+01,2.026065030026e-02
2.172968472872e-03,8.590302820963e+01,1.732893160117e+01,9.608034626726e+03,3.023975980744e+02,1.122950423655e+01,2.025339399683e-02
2.175191806204e-03,8.589757990601e+01,1.733770770300e+01,9.616347949557e+03,3.023975856529e+02,1.122950396582e+01,2.024613277622e-02
2.177414083801e-03,8.589212666736e+01,1.734648721993e+01,9.624671467186e+03,3.023975732099e+02,1.122950369560e+01,2.023886664662e-02
2.179635305088e-03,8.588666849818e+01,1.735527013496e+01,9.633005183330e+03,3.023975607454e+02,1.122950342590e+01,2.023159561621e-02
2.181855469489e-03,8.588120540298e+01,1.736405643113e+01,9.641349101712e+03,3.023975482594e+02,1.122950315671e+01,2.022431969319e-02
2.184074576432e-03,8.587573738624e+01,1.737284609144e+01,9.649703226077e+03,3.023975357518e+02,1.122950288804e+01,2.021703888573e-02
2.186292625345e-03,8.587026445246e+01,1.738163909894e+01,9.658067560186e+03,3.023975232227e+02,1.122950261990e+01,2.020975320201e-02
2.188509615660e-03,8.586478660615e+01,1.739043543671e+01,9.666442107813e+03,3.023975106720e+02,1.122950235228e+01,2.020246265022e-02
2.190725546808e-03,8.585930385180e+01,1.739923508779e+01,9.674826872748e+03,3.023974980997e+02,1.122950208518e+01,2.019516723852e-02
2.192940418225e-03,8.585381619391e+01,1.740803803529e+01,9.683221858800e+03,3.023974855058e+02,1.122950181861e+01,2.018786697509e-02
2.195154229346e-03,8.584832363698e+01,1.741684426231e+01,9.691627069788e+03,3.023974728902e+02,1.122950155257e+01,2.018056186811e-02
2.197366979609e-03,8.584282618552e+01,1.742565375195e+01,9.700042509552e+03,3.023974602529e+02,1.122950128707e+01,2.017325192574e-02
2.199578668454e-03,8.583732384404e+01,1.743446648736e+01,9.708468181946e+03,3.023974475940e+02,1.122950102210e+01,2.016593715614e-02
2.201789295323e-03,8.583181661702e+01,1.744328245167e+01,9.716904090838e+03,3.023974349133e+02,1.122950075766e+01,2.015861756749e-02
2.203998859658e-03,8.582630450899e+01,1.745210162805e+01,9.725350240114e+03,3.023974222110e+02,1.122950049377e+01,2.015129316794e-02
2.206207360906e-03,8.582078752444e+01,1.746092399967e+01,9.733806633677e+03,3.023974094868e+02,1.122950023041e+01,2.014396396566e-02
2.208414798513e-03,8.581526566789e+01,1.746974954972e+01,9.742273275443e+03,3.023973967409e+02,1.122949996760e+01,2.013662996880e-02
2.210621171928e-03,8.580973894383e+01,1.747857826140e+01,9.750750169345e+03,3.023973839732e+02,1.122949970534e+01,2.012929118553e-02
2.212826480602e-03,8.580420735679e+01,1.748741011794e+01,9.759237319332e+03,3.023973711837e+02,1.122949944362e+01,2.012194762400e-02
2.215030723986e-03,8.579867091126e+01,1.749624510256e+01,9.767734729370e+03,3.023973583724e+02,1.122949918245e+01,2.011459929235e-02
2.217233901536e-03,8.579312961176e+01,1.750508319853e+01,9.776242403440e+03,3.023973455391e+02,1.122949892184e+01,2.010724619874e-02
2.219436012707e-03,8.578758346280e+01,1.751392438910e+01,9.784760345539e+03,3.023973326841e+02,1.122949866178e+01,2.009988835133e-02
2.221637056957e-03,8.578203246890e+01,1.752276865754e+01,9.793288559679e+03,3.023973198071e+02,1.122949840227e+01,2.009252575824e-02
2.223837033745e-03,8.577647663455e+01,1.753161598717e+01,9.801827049891e+03,3.023973069082e+02,1.122949814333e+01,2.008515842764e-02
2.226035942533e-03,8.577091596429e+01,1.754046636127e+01,9.810375820218e+03,3.023972939873e+02,1.122949788494e+01,2.007778636766e-02
2.228233782785e-03,8.576535046261e+01,1.754931976319e+01,9.818934874725e+03,3.023972810445e+02,1.122949762712e+01,2.007040958644e-02
2.230430553965e-03,8.575978013405e+01,1.755817617626e+01,9.827504217486e+03,3.023972680797e+02,1.122949736986e+01,2.006302809213e-02
2.232626255539e-03,8.575420498310e+01,1.756703558384e+01,9.836083852596e+03,3.023972550929e+02,1.122949711317e+01,2.005564189286e-02
2.234820886978e-03,8.574862501429e+01,1.757589796930e+01,9.844673784166e+03,3.023972420840e+02,1.122949685705e+01,2.004825099675e-02
2.237014447750e-03,8.574304023214e+01,1.758476331602e+01,9.853274016319e+03,3.023972290532e+02,1.122949660150e+01,2.004085541196e-02
2.239206937329e-03,8.573745064116e+01,1.759363160741e+01,9.861884553201e+03,3.023972160002e+02,1.122949634653e+01,2.003345514661e-02
2.241398355188e-03,8.573185624587e+01,1.760250282688e+01,9.870505398968e+03,3.023972029252e+02,1.122949609213e+01,2.002605020882e-02
2.243588700803e-03,8.572625705079e+01,1.761137695787e+01,9.879136557795e+03,3.023971898280e+02,1.122949583831e+01,2.001864060673e-02
2.245777973651e-03,8.572065306043e+01,1.762025398383e+01,9.887778033873e+03,3.023971767088e+02,1.122949558507e+01,2.001122634846e-02
2.247966173212e-03,8.571504427933e+01,1.762913388822e+01,9.896429831412e+03,3.023971635673e+02,1.122949533241e+01,2.000380744214e-02
2.250153298968e-03,8.570943071200e+01,1.763801665452e+01,9.905091954632e+03,3.023971504037e+02,1.122949508034e+01,1.999638389588e-02
2.252339350400e-03,8.570381236295e+01,1.764690226622e+01,9.913764407774e+03,3.023971372179e+02,1.122949482885e+01,1.998895571781e-02
2.254524326995e-03,8.569818923672e+01,1.765579070685e+01,9.922447195096e+03,3.023971240099e+02,1.122949457796e+01,1.998152291605e-02
2.256708228238e-03,8.569256133783e+01,1.766468195993e+01,9.931140320870e+03,3.023971107796e+02,1.122949432765e+01,1.997408549871e-02
2.258891053618e-03,8.568692867080e+01,1.767357600899e+01,9.939843789385e+03,3.023970975271e+02,1.122949407794e+01,1.996664347391e-02
2.261072802624e-03,8.568129124014e+01,1.768247283761e+01,9.948557604946e+03,3.023970842523e+02,1.122949382882e+01,1.995919684976e-02
2.263253474750e-03,8.567564905040e+01,1.769137242936e+01,9.957281771875e+03,3.023970709552e+02,1.122949358030e+01,1.995174563437e-02
2.265433069488e-03,8.567000210608e+01,1.770027476782e+01,9.966016294514e+03,3.023970576358e+02,1.122949333238e+01,1.994428983585e-02
2.267611586333e-03,8.566435041173e+01,1.770917983662e+01,9.974761177212e+03,3.023970442940e+02,1.122949308506e+01,1.993682946232e-02
2.269789024785e-03,8.565869397185e+01,1.771808761936e+01,9.983516424348e+03,3.023970309299e+02,1.122949283835e+01,1.992936452186e-02
2.271965384341e-03,8.565303279098e+01,1.772699809969e+01,9.992282040303e+03,3.023970175434e+02,1.122949259224e+01,1.992189502261e-02
2.274140664502e-03,8.564736687365e+01,1.773591126128e+01,1.000105802949e+04,3.023970041345e+02,1.122949234674e+01,1.991442097264e-02
2.276314864770e-03,8.564169622438e+01,1.774482708778e+01,1.000984439632e+04,3.023969907031e+02,1.122949210185e+01,1.990694238007e-02
2.278487984652e-03,8.563602084770e+01,1.775374556290e+01,1.001864114524e+04,3.023969772493e+02,1.122949185758e+01,1.989945925300e-02
2.280660023651e-03,8.563034074814e+01,1.776266667033e+01,1.002744828070e+04,3.023969637730e+02,1.122949161392e+01,1.989197159952e-02
2.282830981278e-03,8.562465593022e+01,1.777159039380e+01,1.003626580717e+04,3.023969502743e+02,1.122949137087e+01,1.988447942773e-02
2.285000857040e-03,8.561896639848e+01,1.778051671705e+01,1.004509372914e+04,3.023969367530e+02,1.122949112845e+01,1.987698274572e-02
2.287169650450e-03,8.561327215744e+01,1.778944562383e+01,1.005393205112e+04,3.023969232092e+02,1.122949088664e+01,1.986948156159e-02
2.289337361022e-03,8.560757321164e+01,1.779837709791e+01,1.006278077762e+04,3.023969096428e+02,1.122949064546e+01,1.986197588343e-02
2.291503988271e-03,8.560186956560e+01,1.780731112308e+01,1.007163991319e+04,3.023968960539e+02,1.122949040491e+01,1.985446571933e-02
2.293669531712e-03,8.559616122385e+01,1.781624768315e+01,1.008050946238e+04,3.023968824423e+02,1.122949016498e+01,1.984695107738e-02
2.295833990865e-03,8.559044819093e+01,1.782518676194e+01,1.008938942975e+04,3.023968688082e+02,1.122948992568e+01,1.983943196566e-02
2.297997365251e-03,8.558473047137e+01,1.783412834329e+01,1.009827981991e+04,3.023968551514e+02,1.122948968702e+01,1.983190839226e-02
2.300159654391e-03,8.557900806970e+01,1.784307241105e+01,1.010718063745e+04,3.023968414719e+02,1.122948944898e+01,1.982438036526e-02
2.302320857810e-03,8.557328099044e+01,1.785201894909e+01,1.011609188700e+04,3.023968277697e+02,1.122948921159e+01,1.981684789275e-02
2.304480975034e-03,8.556754923813e+01,1.786096794130e+01,1.012501357320e+04,3.023968140449e+02,1.122948897483e+01,1.980931098281e-02
2.306640005589e-03,8.556181281731e+01,1.786991937159e+01,1.013394570069e+04,3.023968002973e+02,1.122948873872e+01,1.980176964351e-02
2.308797949006e-03,8.555607173251e+01,1.787887322388e+01,1.014288827417e+04,3.023967865270e+02,1.122948850324e+01,1.979422388294e-02
2.310954804815e-03,8.555032598825e+01,1.788782948211e+01,1.015184129830e+04,3.023967727339e+02,1.122948826841e+01,1.978667370917e-02
2.313110572550e-03,8.554457558908e+01,1.789678813024e+01,1.016080477781e+04,3.023967589180e+02,1.122948803423e+01,1.977911913027e-02
2.315265251745e-03,8.553882053952e+01,1.790574915224e+01,1.016977871741e+04,3.023967450793e+02,1.122948780070e+01,1.977156015432e-02
2.317418841937e-03,8.553306084412e+01,1.791471253210e+01,1.017876312185e+04,3.023967312178e+02,1.122948756781e+01,1.976399678939e-02
2.319571342663e-03,8.552729650739e+01,1.792367825383e+01,1.018775799588e+04,3.023967173334e+02,1.122948733559e+01,1.975642904355e-02
2.321722753463e-03,8.552152753388e+01,1.793264630145e+01,1.019676334428e+04,3.023967034261e+02,1.122948710401e+01,1.974885692487e-02
2.323873073880e-03,8.551575392813e+01,1.794161665900e+01,1.020577917184e+04,3.023966894960e+02,1.122948687310e+01,1.974128044142e-02
2.326022303457e-03,8.550997569466e+01,1.795058931056e+01,1.021480548337e+04,3.023966755429e+02,1.122948664284e+01,1.973369960126e-02
2.328170441740e-03,8.550419283800e+01,1.795956424019e+01,1.022384228369e+04,3.023966615669e+02,1.122948641324e+01,1.972611441246e-02
2.330317488274e-03,8.549840536271e+01,1.796854143198e+01,1.023288957765e+04,3.023966475679e+02,1.122948618431e+01,1.971852488308e-02
2.332463442610e-03,8.549261327330e+01,1.797752087006e+01,1.024194737011e+04,3.023966335460e+02,1.122948595605e+01,1.971093102119e-02
2.334608304297e-03,8.548681657432e+01,1.798650253854e+01,1.025101566594e+04,3.023966195011e+02,1.122948572845e+01,1.970333283485e-02
2.336752072888e-03,8.548101527030e+01,1.799548642157e+01,1.026009447005e+04,3.023966054331e+02,1.122948550152e+01,1.969573033211e-02
2.338894747937e-03,8.547520936577e+01,1.800447250333e+01,1.026918378733e+04,3.023965913421e+02,1.122948527527e+01,1.968812352103e-02
2.341036329000e-03,8.546939886528e+01,1.801346076798e+01,1.027828362273e+04,3.023965772280e+02,1.122948504969e+01,1.968051240967e-02
2.343176815635e-03,8.546358377335e+01,1.802245119974e+01,1.028739398118e+04,3.023965630908e+02,1.122948482479e+01,1.967289700609e-02
2.345316207400e-03,8.545776409452e+01,1.803144378280e+01,1.029651486766e+04,3.023965489305e+02,1.122948460056e+01,1.966527731834e-02
2.347454503858e-03,8.545193983332e+01,1.804043850142e+01,1.030564628714e+04,3.023965347471e+02,1.122948437702e+01,1.965765335447e-02
2.349591704571e-03,8.544611099430e+01,1.804943533985e+01,1.031478824461e+04,3.023965205405e+02,1.122948415416e+01,1.965002512253e-02
2.351727809103e-03,8.544027758199e+01,1.805843428234e+01,1.032394074511e+04,3.023965063108e+02,1.122948393198e+01,1.964239263058e-02
2.353862817022e-03,8.543443960092e+01,1.806743531320e+01,1.033310379365e+04,3.023964920579e+02,1.122948371049e+01,1.963475588667e-02
2.355996727894e-03,8.542859705563e+01,1.807643841671e+01,1.034227739529e+04,3.023964777817e+02,1.122948348969e+01,1.962711489883e-02
2.358129541291e-03,8.542274995066e+01,1.808544357722e+01,1.035146155509e+04,3.023964634823e+02,1.122948326958e+01,1.961946967513e-02
2.360261256784e-03,8.541689829053e+01,1.809445077906e+01,1.036065627815e+04,3.023964491597e+02,1.122948305017e+01,1.961182022360e-02
2.362391873946e-03,8.541104207979e+01,1.810346000659e+01,1.036986156956e+04,3.023964348138e+02,1.122948283145e+01,1.960416655229e-02
2.364521392353e-03,8.540518132297e+01,1.811247124418e+01,1.037907743444e+04,3.023964204445e+02,1.122948261342e+01,1.959650866923e-02
2.366649811581e-03,8.539931602461e+01,1.812148447623e+01,1.038830387793e+04,3.023964060520e+02,1.122948239610e+01,1.958884658249e-02
2.368777131209e-03,8.539344618925e+01,1.813049968716e+01,1.039754090519e+04,3.023963916361e+02,1.122948217948e+01,1.958118030008e-02
2.370903350818e-03,8.538757182141e+01,1.813951686139e+01,1.040678852138e+04,3.023963771968e+02,1.122948196356e+01,1.957350983006e-02
2.373028469989e-03,8.538169292563e+01,1.814853598337e+01,1.041604673171e+04,3.023963627342e+02,1.122948174835e+01,1.956583518046e-02
2.375152488308e-03,8.537580950645e+01,1.815755703758e+01,1.042531554137e+04,3.023963482481e+02,1.122948153385e+01,1.955815635932e-02
2.377275405358e-03,8.536992156841e+01,1.816658000849e+01,1.043459495558e+04,3.023963337387e+02,1.122948132005e+01,1.955047337467e-02
2.379397220729e-03,8.536402911603e+01,1.817560488061e+01,1.044388497960e+04,3.023963192057e+02,1.122948110697e+01,1.954278623456e-02
2.381517934009e-03,8.535813215386e+01,1.818463163846e+01,1.045318561868e+04,3.023963046493e+02,1.122948089461e+01,1.953509494700e-02
2.383637544788e-03,8.535223068642e+01,1.819366026659e+01,1.046249687810e+04,3.023962900694e+02,1.122948068296e+01,1.952739952004e-02
2.385756052661e-03,8.534632471826e+01,1.820269074955e+01,1.047181876316e+04,3.023962754660e+02,1.122948047202e+01,1.951969996171e-02
2.387873457220e-03,8.534041425390e+01,1.821172307191e+01,1.048115127916e+04,3.023962608391e+02,1.122948026181e+01,1.951199628004e-02
2.389989758063e-03,8.533449929789e+01,1.822075721828e+01,1.049049443145e+04,3.023962461885e+02,1.122948005232e+01,1.950428848305e-02
2.392104954787e-03,8.532857985475e+01,1.822979317326e+01,1.049984822536e+04,3.023962315145e+02,1.122947984356e+01,1.949657657878e-02
2.394219046991e-03,8.532265592902e+01,1.823883092149e+01,1.050921266627e+04,3.023962168168e+02,1.122947963552e+01,1.948886057525e-02
2.396332034277e-03,8.531672752523e+01,1.824787044761e+01,1.051858775955e+04,3.023962020955e+02,1.122947942821e+01,1.948114048049e-02
2.398443916249e-03,8.531079464792e+01,1.825691173631e+01,1.052797351061e+04,3.023961873505e+02,1.122947922163e+01,1.947341630252e-02
2.400554692511e-03,8.530485730162e+01,1.826595477226e+01,1.053736992487e+04,3.023961725819e+02,1.122947901579e+01,1.946568804937e-02
2.402664362670e-03,8.529891549086e+01,1.827499954017e+01,1.054677700777e+04,3.023961577896e+02,1.122947881068e+01,1.945795572905e-02
2.404772926333e-03,8.529296922018e+01,1.828404602476e+01,1.055619476476e+04,3.023961429736e+02,1.122947860630e+01,1.945021934961e-02
2.406880383112e-03,8.528701849410e+01,1.829309421078e+01,1.056562320131e+04,3.023961281339e+02,1.122947840267e+01,1.944247891904e-02
2.408986732617e-03,8.528106331717e+01,1.830214408300e+01,1.057506232292e+04,3.023961132704e+02,1.122947819978e+01,1.943473444537e-02
2.411091974462e-03,8.527510369390e+01,1.831119562618e+01,1.058451213509e+04,3.023960983831e+02,1.122947799763e+01,1.942698593663e-02
2.413196108263e-03,8.526913962884e+01,1.832024882513e+01,1.059397264335e+04,3.023960834721e+02,1.122947779622e+01,1.941923340082e-02
2.415299133637e-03,8.526317112651e+01,1.832930366468e+01,1.060344385324e+04,3.023960685372e+02,1.122947759557e+01,1.941147684598e-02
2.417401050202e-03,8.525719819145e+01,1.833836012964e+01,1.061292577033e+04,3.023960535785e+02,1.122947739566e+01,1.940371628010e-02
2.419501857579e-03,8.525122082818e+01,1.834741820489e+01,1.062241840020e+04,3.023960385959e+02,1.122947719650e+01,1.939595171121e-02
2.421601555389e-03,8.524523904124e+01,1.835647787529e+01,1.063192174844e+04,3.023960235895e+02,1.122947699810e+01,1.938818314732e-02
2.423700143257e-03,8.523925283516e+01,1.836553912574e+01,1.064143582068e+04,3.023960085592e+02,1.122947680046e+01,1.938041059644e-02
2.425797620809e-03,8.523326221445e+01,1.837460194116e+01,1.065096062254e+04,3.023959935049e+02,1.122947660357e+01,1.937263406659e-02
2.427893987671e-03,8.522726718367e+01,1.838366630646e+01,1.066049615967e+04,3.023959784267e+02,1.122947640744e+01,1.936485356578e-02
2.429989243473e-03,8.522126774733e+01,1.839273220661e+01,1.067004243776e+04,3.023959633245e+02,1.122947621207e+01,1.935706910201e-02
2.432083387846e-03,8.521526390995e+01,1.840179962656e+01,1.067959946248e+04,3.023959481984e+02,1.122947601747e+01,1.934928068330e-02
2.434176420421e-03,8.520925567608e+01,1.841086855132e+01,1.068916723954e+04,3.023959330482e+02,1.122947582363e+01,1.934148831766e-02
2.436268340834e-03,8.520324305023e+01,1.841993896588e+01,1.069874577468e+04,3.023959178740e+02,1.122947563056e+01,1.933369201308e-02
2.438359148720e-03,8.519722603694e+01,1.842901085528e+01,1.070833507362e+04,3.023959026758e+02,1.122947543826e+01,1.932589177758e-02
2.440448843716e-03,8.519120464073e+01,1.843808420456e+01,1.071793514213e+04,3.023958874535e+02,1.122947524673e+01,1.931808761917e-02
2.442537425463e-03,8.518517886613e+01,1.844715899878e+01,1.072754598599e+04,3.023958722071e+02,1.122947505598e+01,1.931027954585e-02
2.444624893601e-03,8.517914871765e+01,1.845623522302e+01,1.073716761100e+04,3.023958569366e+02,1.122947486600e+01,1.930246756561e-02
2.446711247773e-03,8.517311419984e+01,1.846531286240e+01,1.074680002298e+04,3.023958416419e+02,1.122947467680e+01,1.929465168648e-02
2.448796487624e-03,8.516707531720e+01,1.847439190203e+01,1.075644322774e+04,3.023958263231e+02,1.122947448838e+01,1.928683191644e-02
2.450880612799e-03,8.516103207427e+01,1.848347232705e+01,1.076609723116e+04,3.023958109801e+02,1.122947430075e+01,1.927900826350e-02
2.452963622948e-03,8.515498447558e+01,1.849255412263e+01,1.077576203910e+04,3.023957956129e+02,1.122947411389e+01,1.927118073565e-02
2.455045517718e-03,8.514893252563e+01,1.850163727394e+01,1.078543765744e+04,3.023957802215e+02,1.122947392783e+01,1.926334934091e-02
2.457126296762e-03,8.514287622896e+01,1.851072176618e+01,1.079512409209e+04,3.023957648059e+02,1.122947374255e+01,1.925551408727e-02
2.459205959734e-03,8.513681559009e+01,1.851980758458e+01,1.080482134898e+04,3.023957493660e+02,1.122947355806e+01,1.924767498271e-02
2.461284506286e-03,8.513075061354e+01,1.852889471436e+01,1.081452943405e+04,3.023957339018e+02,1.122947337437e+01,1.923983203526e-02
2.463361936077e-03,8.512468130382e+01,1.853798314080e+01,1.082424835326e+04,3.023957184133e+02,1.122947319147e+01,1.923198525288e-02
2.465438248764e-03,8.511860766547e+01,1.854707284916e+01,1.083397811260e+04,3.023957029004e+02,1.122947300936e+01,1.922413464360e-02
2.467513444007e-03,8.511252970300e+01,1.855616382475e+01,1.084371871805e+04,3.023956873632e+02,1.122947282805e+01,1.921628021539e-02
2.469587521467e-03,8.510644742092e+01,1.856525605287e+01,1.085347017564e+04,3.023956718017e+02,1.122947264755e+01,1.920842197625e-02
2.471660480809e-03,8.510036082377e+01,1.857434951886e+01,1.086323249141e+04,3.023956562157e+02,1.122947246785e+01,1.920055993418e-02
2.473732321697e-03,8.509426991605e+01,1.858344420808e+01,1.087300567139e+04,3.023956406054e+02,1.122947228895e+01,1.919269409717e-02
2.475803043797e-03,8.508817470228e+01,1.859254010591e+01,1.088278972168e+04,3.023956249706e+02,1.122947211085e+01,1.918482447320e-02
2.477872646778e-03,8.508207518698e+01,1.860163719773e+01,1.089258464835e+04,3.023956093113e+02,1.122947193357e+01,1.917695107028e-02
2.479941130310e-03,8.507597137467e+01,1.861073546896e+01,1.090239045752e+04,3.023955936276e+02,1.122947175710e+01,1.916907389639e-02
2.482008494066e-03,8.506986326986e+01,1.861983490504e+01,1.091220715532e+04,3.023955779194e+02,1.122947158144e+01,1.916119295951e-02
2.484074737717e-03,8.506375087707e+01,1.862893549141e+01,1.092203474788e+04,3.023955621866e+02,1.122947140659e+01,1.915330826764e-02
2.486139860940e-03,8.505763420080e+01,1.863803721356e+01,1.093187324138e+04,3.023955464293e+02,1.122947123256e+01,1.914541982877e-02
2.488203863411e-03,8.505151324557e+01,1.864714005696e+01,1.094172264199e+04,3.023955306475e+02,1.122947105935e+01,1.913752765087e-02
2.490266744809e-03,8.504538801591e+01,1.865624400714e+01,1.095158295592e+04,3.023955148410e+02,1.122947088696e+01,1.912963174195e-02
2.492328504814e-03,8.503925851631e+01,1.866534904963e+01,1.096145418939e+04,3.023954990100e+02,1.122947071539e+01,1.912173210998e-02
2.494389143108e-03,8.503312475128e+01,1.867445516998e+01,1.097133634864e+04,3.023954831543e+02,1.122947054465e+01,1.911382876295e-02
2.496448659375e-03,8.502698672535e+01,1.868356235376e+01,1.098122943992e+04,3.023954672739e+02,1.122947037473e+01,1.910592170884e-02
2.498507053300e-03,8.502084444301e+01,1.869267058656e+01,1.099113346951e+04,3.023954513689e+02,1.122947020564e+01,1.909801095563e-02
2.500564324569e-03,8.501469790878e+01,1.870177985399e+01,1.100104844371e+04,3.023954354392e+02,1.122947003738e+01,1.909009651132e-02
2.502620472872e-03,8.500854712716e+01,1.871089014169e+01,1.101097436883e+04,3.023954194848e+02,1.122946986996e+01,1.908217838387e-02
2.504675497899e-03,8.500239210267e+01,1.872000143530e+01,1.102091125119e+04,3.023954035057e+02,1.122946970337e+01,1.907425658128e-02
2.506729399342e-03,8.499623283981e+01,1.872911372050e+01,1.103085909716e+04,3.023953875018e+02,1.122946953761e+01,1.906633111152e-02
2.508782176895e-03,8.499006934308e+01,1.873822698298e+01,1.104081791309e+04,3.023953714731e+02,1.122946937270e+01,1.905840198257e-02
2.510833830252e-03,8.498390161699e+01,1.874734120845e+01,1.105078770539e+04,3.023953554196e+02,1.122946920862e+01,1.905046920241e-02
2.512884359112e-03,8.497772966604e+01,1.875645638264e+01,1.106076848045e+04,3.023953393413e+02,1.122946904539e+01,1.904253277902e-02
2.514933763172e-03,8.497155349473e+01,1.876557249130e+01,1.107076024470e+04,3.023953232382e+02,1.122946888300e+01,1.903459272038e-02
2.516982042133e-03,8.496537310758e+01,1.877468952020e+01,1.108076300458e+04,3.023953071102e+02,1.122946872146e+01,1.902664903446e-02
2.519029195698e-03,8.495918850908e+01,1.878380745513e+01,1.109077676657e+04,3.023952909573e+02,1.122946856077e+01,1.901870172924e-02
2.521075223570e-03,8.495299970373e+01,1.879292628192e+01,1.110080153713e+04,3.023952747795e+02,1.122946840092e+01,1.901075081270e-02
2.523120125455e-03,8.494680669602e+01,1.880204598637e+01,1.111083732278e+04,3.023952585768e+02,1.122946824193e+01,1.900279629281e-02
2.525163901058e-03,8.494060949047e+01,1.881116655435e+01,1.112088413002e+04,3.023952423491e+02,1.122946808380e+01,1.899483817755e-02
2.527206550091e-03,8.493440809157e+01,1.882028797173e+01,1.113094196541e+04,3.023952260964e+02,1.122946792652e+01,1.898687647489e-02
2.529248072262e-03,8.492820250381e+01,1.882941022441e+01,1.114101083550e+04,3.023952098188e+02,1.122946777009e+01,1.897891119280e-02
2.531288467284e-03,8.492199273168e+01,1.883853329828e+01,1.115109074685e+04,3.023951935161e+02,1.122946761453e+01,1.897094233926e-02
2.533327734870e-03,8.491577877970e+01,1.884765717929e+01,1.116118170608e+04,3.023951771884e+02,1.122946745983e+01,1.896296992223e-02
2.535365874737e-03,8.490956065234e+01,1.885678185339e+01,1.117128371979e+04,3.023951608357e+02,1.122946730600e+01,1.895499394970e-02
2.537402886601e-03,8.490333835411e+01,1.886590730655e+01,1.118139679462e+04,3.023951444579e+02,1.122946715303e+01,1.894701442962e-02
2.539438770181e-03,8.489711188950e+01,1.887503352476e+01,1.119152093722e+04,3.023951280549e+02,1.122946700093e+01,1.893903136998e-02
2.541473525197e-03,8.489088126299e+01,1.888416049403e+01,1.120165615425e+04,3.023951116269e+02,1.122946684970e+01,1.893104477874e-02
2.543507151372e-03,8.488464647907e+01,1.889328820041e+01,1.121180245242e+04,3.023950951737e+02,1.122946669934e+01,1.892305466386e-02
2.545539648429e-03,8.487840754225e+01,1.890241662994e+01,1.122195983843e+04,3.023950786953e+02,1.122946654986e+01,1.891506103332e-02
2.547571016094e-03,8.487216445699e+01,1.891154576869e+01,1.123212831900e+04,3.023950621918e+02,1.122946640125e+01,1.890706389509e-02
2.549601254093e-03,8.486591722781e+01,1.892067560277e+01,1.124230790090e+04,3.023950456631e+02,1.122946625352e+01,1.889906325713e-02
2.551630362155e-03,8.485966585917e+01,1.892980611829e+01,1.125249859087e+04,3.023950291091e+02,1.122946610667e+01,1.889105912740e-02
2.553658340012e-03,8.485341035556e+01,1.893893730138e+01,1.126270039571e+04,3.023950125298e+02,1.122946596070e+01,1.888305151388e-02
2.555685187394e-03,8.484715072147e+01,1.894806913819e+01,1.127291332222e+04,3.023949959254e+02,1.122946581562e+01,1.887504042454e-02
2.557710904035e-03,8.484088696139e+01,1.895720161491e+01,1.128313737723e+04,3.023949792956e+02,1.122946567142e+01,1.886702586732e-02
2.559735489671e-03,8.483461907978e+01,1.896633471773e+01,1.129337256758e+04,3.023949626405e+02,1.122946552811e+01,1.885900785020e-02
2.561758944039e-03,8.482834708115e+01,1.897546843287e+01,1.130361890013e+04,3.023949459600e+02,1.122946538568e+01,1.885098638115e-02
2.563781266876e-03,8.482207096996e+01,1.898460274656e+01,1.131387638176e+04,3.023949292542e+02,1.122946524415e+01,1.884296146812e-02
2.565802457925e-03,8.481579075069e+01,1.899373764507e+01,1.132414501937e+04,3.023949125231e+02,1.122946510352e+01,1.883493311908e-02
2.567822516926e-03,8.480950642782e+01,1.900287311467e+01,1.133442481989e+04,3.023948957665e+02,1.122946496378e+01,1.882690134198e-02
2.569841443622e-03,8.480321800583e+01,1.901200914166e+01,1.134471579025e+04,3.023948789845e+02,1.122946482493e+01,1.881886614480e-02
2.571859237759e-03,8.479692548920e+01,1.902114571236e+01,1.135501793741e+04,3.023948621771e+02,1.122946468699e+01,1.881082753549e-02
2.573875899085e-03,8.479062888239e+01,1.903028281311e+01,1.136533126834e+04,3.023948453442e+02,1.122946454994e+01,1.880278552201e-02
2.575891427347e-03,8.478432818989e+01,1.903942043027e+01,1.137565579005e+04,3.023948284858e+02,1.122946441380e+01,1.879474011232e-02
2.577905822295e-03,8.477802341616e+01,1.904855855023e+01,1.138599150955e+04,3.023948116019e+02,1.122946427857e+01,1.878669131438e-02
2.579919083682e-03,8.477171456568e+01,1.905769715938e+01,1.139633843387e+04,3.023947946925e+02,1.122946414424e+01,1.877863913615e-02
2.581931211260e-03,8.476540164291e+01,1.906683624415e+01,1.140669657007e+04,3.023947777575e+02,1.122946401082e+01,1.877058358559e-02
2.583942204784e-03,8.475908465232e+01,1.907597579098e+01,1.141706592523e+04,3.023947607970e+02,1.122946387831e+01,1.876252467065e-02
2.585952064012e-03,8.475276359839e+01,1.908511578634e+01,1.142744650643e+04,3.023947438108e+02,1.122946374672e+01,1.875446239929e-02
2.587960788701e-03,8.474643848557e+01,1.909425621671e+01,1.143783832079e+04,3.023947267991e+02,1.122946361604e+01,1.874639677946e-02
2.589968378611e-03,8.474010931834e+01,1.910339706859e+01,1.144824137544e+04,3.023947097617e+02,1.122946348628e+01,1.873832781914e-02
2.591974833504e-03,8.473377610115e+01,1.911253832852e+01,1.145865567753e+04,3.023946926987e+02,1.122946335743e+01,1.873025552625e-02
2.593980153143e-03,8.472743883847e+01,1.912167998303e+01,1.146908123424e+04,3.023946756099e+02,1.122946322951e+01,1.872217990878e-02
2.595984337293e-03,8.472109753476e+01,1.913082201870e+01,1.147951805275e+04,3.023946584955e+02,1.122946310250e+01,1.871410097465e-02
2.597987385720e-03,8.471475219449e+01,1.913996442211e+01,1.148996614028e+04,3.023946413554e+02,1.122946297643e+01,1.870601873184e-02
2.599989298192e-03,8.470840282210e+01,1.914910717988e+01,1.150042550404e+04,3.023946241895e+02,1.122946285127e+01,1.869793318830e-02
2.601990074479e-03,8.470204942206e+01,1.915825027863e+01,1.151089615130e+04,3.023946069979e+02,1.122946272705e+01,1.868984435196e-02
2.603989714351e-03,8.469569199882e+01,1.916739370502e+01,1.152137808931e+04,3.023945897805e+02,1.122946260376e+01,1.868175223080e-02
2.605988217583e-03,8.468933055684e+01,1.917653744571e+01,1.153187132538e+04,3.023945725372e+02,1.122946248140e+01,1.867365683276e-02
2.607985583948e-03,8.468296510058e+01,1.918568148740e+01,1.154237586680e+04,3.023945552682e+02,1.122946235997e+01,1.866555816579e-02
2.609981813222e-03,8.467659563448e+01,1.919482581680e+01,1.155289172089e+04,3.023945379733e+02,1.122946223948e+01,1.865745623784e-02
2.611976905183e-03,8.467022216299e+01,1.920397042064e+01,1.156341889502e+04,3.023945206525e+02,1.122946211992e+01,1.864935105686e-02
2.613970859612e-03,8.466384469057e+01,1.921311528569e+01,1.157395739654e+04,3.023945033058e+02,1.122946200131e+01,1.864124263080e-02
2.615963676287e-03,8.465746322167e+01,1.922226039871e+01,1.158450723283e+04,3.023944859333e+02,1.122946188364e+01,1.863313096761e-02
2.617955354993e-03,8.465107776073e+01,1.923140574650e+01,1.159506841131e+04,3.023944685347e+02,1.122946176691e+01,1.862501607524e-02
2.619945895512e-03,8.464468831219e+01,1.924055131588e+01,1.160564093940e+04,3.023944511103e+02,1.122946165112e+01,1.861689796163e-02
2.621935297632e-03,8.463829488051e+01,1.924969709369e+01,1.161622482454e+04,3.023944336598e+02,1.122946153628e+01,1.860877663474e-02
2.623923561138e-03,8.463189747012e+01,1.925884306679e+01,1.162682007419e+04,3.023944161834e+02,1.122946142239e+01,1.860065210251e-02
2.625910685822e-03,8.462549608547e+01,1.926798922206e+01,1.163742669585e+04,3.023943986809e+02,1.122946130946e+01,1.859252437288e-02
2.627896671472e-03,8.461909073100e+01,1.927713554640e+01,1.164804469701e+04,3.023943811524e+02,1.122946119747e+01,1.858439345381e-02
2.629881517881e-03,8.461268141114e+01,1.928628202673e+01,1.165867408519e+04,3.023943635978e+02,1.122946108644e+01,1.857625935323e-02
2.631865224842e-03,8.460626813034e+01,1.929542864999e+01,1.166931486794e+04,3.023943460172e+02,1.122946097637e+01,1.856812207910e-02
2.633847792153e-03,8.459985089302e+01,1.930457540315e+01,1.167996705283e+04,3.023943284104e+02,1.122946086725e+01,1.855998163935e-02
2.635829219608e-03,8.459342970364e+01,1.931372227320e+01,1.169063064742e+04,3.023943107776e+02,1.122946075910e+01,1.855183804193e-02
2.637809507008e-03,8.458700456661e+01,1.932286924714e+01,1.170130565934e+04,3.023942931185e+02,1.122946065191e+01,1.854369129479e-02
2.639788654151e-03,8.458057548637e+01,1.933201631199e+01,1.171199209619e+04,3.023942754333e+02,1.122946054568e+01,1.853554140586e-02
2.641766660840e-03,8.457414246735e+01,1.934116345481e+01,1.172268996561e+04,3.023942577220e+02,1.122946044042e+01,1.852738838309e-02
2.643743526878e-03,8.456770551397e+01,1.935031066267e+01,1.173339927528e+04,3.023942399844e+02,1.122946033612e+01,1.851923223442e-02
2.645719252070e-03,8.456126463068e+01,1.935945792265e+01,1.174412003287e+04,3.023942222205e+02,1.122946023280e+01,1.851107296779e-02
2.647693836223e-03,8.455481982189e+01,1.936860522187e+01,1.175485224608e+04,3.023942044304e+02,1.122946013044e+01,1.850291059115e-02
2.649667279144e-03,8.454837109202e+01,1.937775254746e+01,1.176559592263e+04,3.023941866141e+02,1.122946002906e+01,1.849474511243e-02
2.651639580644e-03,8.454191844550e+01,1.938689988658e+01,1.177635107026e+04,3.023941687714e+02,1.122945992866e+01,1.848657653957e-02
2.653610740533e-03,8.453546188676e+01,1.939604722639e+01,1.178711769674e+04,3.023941509024e+02,1.122945982923e+01,1.847840488051e-02
2.655580758626e-03,8.452900142021e+01,1.940519455409e+01,1.179789580984e+04,3.023941330071e+02,1.122945973078e+01,1.847023014319e-02
2.657549634735e-03,8.452253705027e+01,1.941434185691e+01,1.180868541737e+04,3.023941150855e+02,1.122945963331e+01,1.846205233555e-02
2.659517368677e-03,8.451606878135e+01,1.942348912207e+01,1.181948652714e+04,3.023940971374e+02,1.122945953683e+01,1.845387146552e-02
2.661483960270e-03,8.450959661788e+01,1.943263633684e+01,1.183029914700e+04,3.023940791629e+02,1.122945944133e+01,1.844568754105e-02
2.663449409333e-03,8.450312056426e+01,1.944178348850e+01,1.184112328480e+04,3.023940611620e+02,1.122945934681e+01,1.843750057006e-02
2.665413715687e-03,8.449664062491e+01,1.945093056434e+01,1.185195894842e+04,3.023940431347e+02,1.122945925329e+01,1.842931056051e-02
2.667376879153e-03,8.449015680424e+01,1.946007755170e+01,1.186280614577e+04,3.023940250809e+02,1.122945916075e+01,1.842111752031e-02
2.669338899557e-03,8.448366910666e+01,1.946922443792e+01,1.187366488477e+04,3.023940070006e+02,1.122945906921e+01,1.841292145741e-02
2.671299776723e-03,8.447717753657e+01,1.947837121035e+01,1.188453517335e+04,3.023939888938e+02,1.122945897866e+01,1.840472237974e-02
2.673259510479e-03,8.447068209839e+01,1.948751785639e+01,1.189541701947e+04,3.023939707605e+02,1.122945888910e+01,1.839652029524e-02
2.675218100653e-03,8.446418279651e+01,1.949666436345e+01,1.190631043112e+04,3.023939526006e+02,1.122945880055e+01,1.838831521183e-02
2.677175547075e-03,8.445767963535e+01,1.950581071894e+01,1.191721541630e+04,3.023939344142e+02,1.122945871299e+01,1.838010713746e-02
2.679131849578e-03,8.445117261929e+01,1.951495691033e+01,1.192813198302e+04,3.023939162011e+02,1.122945862643e+01,1.837189608005e-02
2.681087007994e-03,8.444466175274e+01,1.952410292508e+01,1.193906013933e+04,3.023938979615e+02,1.122945854088e+01,1.836368204754e-02
2.683041022158e-03,8.443814704010e+01,1.953324875069e+01,1.194999989328e+04,3.023938796952e+02,1.122945845633e+01,1.835546504786e-02
2.684993891908e-03,8.443162848576e+01,1.954239437466e+01,1.196095125297e+04,3.023938614022e+02,1.122945837279e+01,1.834724508893e-02
2.686945617079e-03,8.442510609412e+01,1.955153978453e+01,1.197191422647e+04,3.023938430826e+02,1.122945829025e+01,1.833902217869e-02
2.688896197514e-03,8.441857986957e+01,1.956068496787e+01,1.198288882193e+04,3.023938247362e+02,1.122945820873e+01,1.833079632507e-02
2.690845633052e-03,8.441204981651e+01,1.956982991224e+01,1.199387504748e+04,3.023938063632e+02,1.122945812822e+01,1.832256753600e-02
2.692793923536e-03,8.440551593931e+01,1.957897460524e+01,1.200487291128e+04,3.023937879633e+02,1.122945804872e+01,1.831433581941e-02
2.694741068810e-03,8.439897824238e+01,1.958811903449e+01,1.201588242151e+04,3.023937695368e+02,1.122945797024e+01,1.830610118322e-02
2.696687068721e-03,8.439243673009e+01,1.959726318764e+01,1.202690358638e+04,3.023937510834e+02,1.122945789278e+01,1.829786363537e-02
2.698631923116e-03,8.438589140684e+01,1.960640705235e+01,1.203793641410e+04,3.023937326033e+02,1.122945781633e+01,1.828962318377e-02
2.700575631843e-03,8.437934227699e+01,1.961555061629e+01,1.204898091292e+04,3.023937140963e+02,1.122945774091e+01,1.828137983637e-02
2.702518194752e-03,8.437278934494e+01,1.962469386718e+01,1.206003709110e+04,3.023936955624e+02,1.122945766651e+01,1.827313360107e-02
2.704459611697e-03,8.436623261507e+01,1.963383679273e+01,1.207110495693e+04,3.023936770017e+02,1.122945759313e+01,1.826488448582e-02
2.706399882530e-03,8.435967209175e+01,1.964297938070e+01,1.208218451870e+04,3.023936584141e+02,1.122945752079e+01,1.825663249853e-02
2.708339007107e-03,8.435310777935e+01,1.965212161886e+01,1.209327578473e+04,3.023936397996e+02,1.122945744947e+01,1.824837764713e-02
2.710276985284e-03,8.434653968226e+01,1.966126349499e+01,1.210437876338e+04,3.023936211581e+02,1.122945737918e+01,1.824011993954e-02
2.712213816919e-03,8.433996780484e+01,1.967040499691e+01,1.211549346301e+04,3.023936024897e+02,1.122945730992e+01,1.823185938369e-02
2.714149501872e-03,8.433339215146e+01,1.967954611245e+01,1.212661989199e+04,3.023935837943e+02,1.122945724169e+01,1.822359598750e-02
2.716084040004e-03,8.432681272649e+01,1.968868682946e+01,1.213775805874e+04,3.023935650719e+02,1.122945717451e+01,1.821532975889e-02
2.718017431178e-03,8.432022953431e+01,1.969782713581e+01,1.214890797168e+04,3.023935463225e+02,1.122945710835e+01,1.820706070579e-02
2.719949675259e-03,8.431364257927e+01,1.970696701941e+01,1.216006963925e+04,3.023935275461e+02,1.122945704324e+01,1.819878883611e-02
2.721880772112e-03,8.430705186574e+01,1.971610646817e+01,1.217124306992e+04,3.023935087426e+02,1.122945697917e+01,1.819051415777e-02
2.723810721604e-03,8.430045739808e+01,1.972524547003e+01,1.218242827218e+04,3.023934899120e+02,1.122945691614e+01,1.818223667870e-02
2.725739523604e-03,8.429385918065e+01,1.973438401295e+01,1.219362525453e+04,3.023934710543e+02,1.122945685416e+01,1.817395640682e-02
2.727667177983e-03,8.428725721781e+01,1.974352208491e+01,1.220483402549e+04,3.023934521695e+02,1.122945679322e+01,1.816567335004e-02
2.729593684613e-03,8.428065151391e+01,1.975265967392e+01,1.221605459363e+04,3.023934332575e+02,1.122945673334e+01,1.815738751628e-02
2.731519043367e-03,8.427404207332e+01,1.976179676799e+01,1.222728696750e+04,3.023934143184e+02,1.122945667450e+01,1.814909891347e-02
2.733443254120e-03,8.426742890037e+01,1.977093335518e+01,1.223853115568e+04,3.023933953521e+02,1.122945661671e+01,1.814080754951e-02
2.735366316750e-03,8.426081199942e+01,1.978006942356e+01,1.224978716680e+04,3.023933763585e+02,1.122945655998e+01,1.813251343233e-02
2.737288231132e-03,8.425419137482e+01,1.978920496121e+01,1.226105500948e+04,3.023933573378e+02,1.122945650430e+01,1.812421656984e-02
2.739208997148e-03,8.424756703092e+01,1.979833995623e+01,1.227233469237e+04,3.023933382898e+02,1.122945644968e+01,1.811591696995e-02
2.741128614678e-03,8.424093897207e+01,1.980747439677e+01,1.228362622414e+04,3.023933192145e+02,1.122945639612e+01,1.810761464059e-02
2.743047083606e-03,8.423430720259e+01,1.981660827097e+01,1.229492961348e+04,3.023933001119e+02,1.122945634362e+01,1.809930958966e-02
2.744964403814e-03,8.422767172684e+01,1.982574156701e+01,1.230624486910e+04,3.023932809820e+02,1.122945629218e+01,1.809100182508e-02
2.746880575189e-03,8.422103254916e+01,1.983487427309e+01,1.231757199973e+04,3.023932618248e+02,1.122945624180e+01,1.808269135477e-02
2.748795597618e-03,8.421438967388e+01,1.984400637741e+01,1.232891101413e+04,3.023932426402e+02,1.122945619250e+01,1.807437818663e-02
2.750709470989e-03,8.420774310534e+01,1.985313786823e+01,1.234026192107e+04,3.023932234282e+02,1.122945614426e+01,1.806606232858e-02
2.752622195193e-03,8.420109284787e+01,1.986226873379e+01,1.235162472934e+04,3.023932041888e+02,1.122945609708e+01,1.805774378853e-02
2.754533770121e-03,8.419443890580e+01,1.987139896238e+01,1.236299944776e+04,3.023931849220e+02,1.122945605098e+01,1.804942257439e-02
2.756444195666e-03,8.418778128347e+01,1.988052854230e+01,1.237438608516e+04,3.023931656278e+02,1.122945600596e+01,1.804109869407e-02
2.758353471723e-03,8.418111998519e+01,1.988965746187e+01,1.238578465040e+04,3.023931463061e+02,1.122945596201e+01,1.803277215548e-02
2.760261598188e-03,8.417445501530e+01,1.989878570944e+01,1.239719515235e+04,3.023931269569e+02,1.122945591913e+01,1.802444296652e-02
2.762168574959e-03,8.416778637812e+01,1.990791327338e+01,1.240861759991e+04,3.023931075802e+02,1.122945587733e+01,1.801611113512e-02
2.764074401936e-03,8.416111407798e+01,1.991704014208e+01,1.242005200201e+04,3.023930881760e+02,1.122945583662e+01,1.800777666917e-02
2.765979079017e-03,8.415443811918e+01,1.992616630393e+01,1.243149836757e+04,3.023930687442e+02,1.122945579698e+01,1.799943957658e-02
2.767882606107e-03,8.414775850605e+01,1.993529174738e+01,1.244295670555e+04,3.023930492849e+02,1.122945575843e+01,1.799109986525e-02
2.769784983107e-03,8.414107524291e+01,1.994441646087e+01,1.245442702494e+04,3.023930297980e+02,1.122945572096e+01,1.798275754311e-02
2.771686209925e-03,8.413438833406e+01,1.995354043289e+01,1.246590933474e+04,3.023930102835e+02,1.122945568458e+01,1.797441261804e-02
2.773586286465e-03,8.412769778383e+01,1.996266365191e+01,1.247740364397e+04,3.023929907413e+02,1.122945564929e+01,1.796606509795e-02
2.775485212637e-03,8.412100359651e+01,1.997178610646e+01,1.248890996166e+04,3.023929711715e+02,1.122945561509e+01,1.795771499075e-02
2.777382988349e-03,8.411430577642e+01,1.998090778508e+01,1.250042829689e+04,3.023929515740e+02,1.122945558198e+01,1.794936230434e-02
2.779279613513e-03,8.410760432787e+01,1.999002867633e+01,1.251195865874e+04,3.023929319488e+02,1.122945554997e+01,1.794100704662e-02
2.781175088042e-03,8.410089925515e+01,1.999914876878e+01,1.252350105630e+04,3.023929122959e+02,1.122945551905e+01,1.793264922550e-02
2.783069411849e-03,8.409419056257e+01,2.000826805104e+01,1.253505549872e+04,3.023928926153e+02,1.122945548923e+01,1.792428884888e-02
2.784962584850e-03,8.408747825443e+01,2.001738651173e+01,1.254662199513e+04,3.023928729069e+02,1.122945546051e+01,1.791592592465e-02
2.786854606962e-03,8.408076233502e+01,2.002650413949e+01,1.255820055470e+04,3.023928531707e+02,1.122945543289e+01,1.790756046071e-02
2.788745478104e-03,8.407404280865e+01,2.003562092299e+01,1.256979118661e+04,3.023928334067e+02,1.122945540637e+01,1.789919246497e-02
2.790635198195e-03,8.406731967959e+01,2.004473685093e+01,1.258139390009e+04,3.023928136149e+02,1.122945538096e+01,1.789082194532e-02
2.792523767156e-03,8.406059295216e+01,2.005385191199e+01,1.259300870435e+04,3.023927937953e+02,1.122945535665e+01,1.788244890967e-02
2.794411184912e-03,8.405386263063e+01,2.006296609493e+01,1.260463560865e+04,3.023927739478e+02,1.122945533345e+01,1.787407336590e-02
2.796297451386e-03,8.404712871928e+01,2.007207938848e+01,1.261627462226e+04,3.023927540724e+02,1.122945531136e+01,1.786569532192e-02
2.798182566503e-03,8.404039122242e+01,2.008119178142e+01,1.262792575447e+04,3.023927341691e+02,1.122945529038e+01,1.785731478562e-02
2.800066530192e-03,8.403365014431e+01,2.009030326255e+01,1.263958901460e+04,3.023927142379e+02,1.122945527051e+01,1.784893176489e-02
2.801949342381e-03,8.402690548924e+01,2.009941382067e+01,1.265126441198e+04,3.023926942787e+02,1.122945525176e+01,1.784054626763e-02
2.803831003000e-03,8.402015726150e+01,2.010852344464e+01,1.266295195596e+04,3.023926742916e+02,1.122945523413e+01,1.783215830173e-02
2.805711511981e-03,8.401340546534e+01,2.011763212329e+01,1.267465165593e+04,3.023926542764e+02,1.122945521761e+01,1.782376787509e-02
2.807590869257e-03,8.400665010506e+01,2.012673984553e+01,1.268636352127e+04,3.023926342333e+02,1.122945520221e+01,1.781537499559e-02
2.809469074763e-03,8.399989118491e+01,2.013584660024e+01,1.269808756142e+04,3.023926141621e+02,1.122945518793e+01,1.780697967113e-02
2.811346128434e-03,8.399312870917e+01,2.014495237634e+01,1.270982378581e+04,3.023925940629e+02,1.122945517478e+01,1.779858190960e-02
2.813222030209e-03,8.398636268212e+01,2.015405716279e+01,1.272157220389e+04,3.023925739356e+02,1.122945516275e+01,1.779018171889e-02
2.815096780026e-03,8.397959310801e+01,2.016316094855e+01,1.273333282516e+04,3.023925537802e+02,1.122945515185e+01,1.778177910688e-02
2.816970377825e-03,8.397281999110e+01,2.017226372260e+01,1.274510565910e+04,3.023925335967e+02,1.122945514208e+01,1.777337408147e-02
2.818842823550e-03,8.396604333566e+01,2.018136547395e+01,1.275689071526e+04,3.023925133851e+02,1.122945513344e+01,1.776496665054e-02
2.820714117141e-03,8.395926314596e+01,2.019046619163e+01,1.276868800317e+04,3.023924931453e+02,1.122945512593e+01,1.775655682198e-02
2.822584258547e-03,8.395247942623e+01,2.019956586469e+01,1.278049753240e+04,3.023924728774e+02,1.122945511955e+01,1.774814460368e-02
2.824453247710e-03,8.394569218075e+01,2.020866448221e+01,1.279231931253e+04,3.023924525812e+02,1.122945511431e+01,1.773973000351e-02
2.826321084580e-03,8.393890141375e+01,2.021776203327e+01,1.280415335318e+04,3.023924322568e+02,1.122945511020e+01,1.773131302937e-02
2.828187769107e-03,8.393210712950e+01,2.022685850699e+01,1.281599966397e+04,3.023924119042e+02,1.122945510723e+01,1.772289368913e-02
2.830053301239e-03,8.392530933224e+01,2.023595389251e+01,1.282785825456e+04,3.023923915233e+02,1.122945510540e+01,1.771447199069e-02
2.831917680929e-03,8.391850802621e+01,2.024504817899e+01,1.283972913462e+04,3.023923711141e+02,1.122945510472e+01,1.770604794192e-02
2.833780908131e-03,8.391170321566e+01,2.025414135560e+01,1.285161231384e+04,3.023923506766e+02,1.122945510518e+01,1.769762155070e-02
2.835642982800e-03,8.390489490483e+01,2.026323341154e+01,1.286350780192e+04,3.023923302108e+02,1.122945510678e+01,1.768919282491e-02
2.837503904891e-03,8.389808309796e+01,2.027232433603e+01,1.287541560863e+04,3.023923097167e+02,1.122945510953e+01,1.768076177243e-02
2.839363674362e-03,8.389126779929e+01,2.028141411832e+01,1.288733574369e+04,3.023922891942e+02,1.122945511343e+01,1.767232840115e-02
2.841222291175e-03,8.388444901304e+01,2.029050274767e+01,1.289926821691e+04,3.023922686433e+02,1.122945511847e+01,1.766389271893e-02
2.843079755286e-03,8.387762674346e+01,2.029959021337e+01,1.291121303807e+04,3.023922480640e+02,1.122945512467e+01,1.765545473366e-02
2.844936066660e-03,8.387080099477e+01,2.030867650472e+01,1.292317021700e+04,3.023922274562e+02,1.122945513203e+01,1.764701445321e-02
2.846791225260e-03,8.386397177120e+01,2.031776161105e+01,1.293513976353e+04,3.023922068201e+02,1.122945514053e+01,1.763857188545e-02
2.848645231050e-03,8.385713907697e+01,2.032684552171e+01,1.294712168753e+04,3.023921861554e+02,1.122945515020e+01,1.763012703827e-02
2.850498083997e-03,8.385030291631e+01,2.033592822607e+01,1.295911599889e+04,3.023921654623e+02,1.122945516102e+01,1.762167991952e-02
2.852349784069e-03,8.384346329344e+01,2.034500971352e+01,1.297112270752e+04,3.023921447406e+02,1.122945517301e+01,1.761323053710e-02
2.854200331235e-03,8.383662021257e+01,2.035408997348e+01,1.298314182333e+04,3.023921239904e+02,1.122945518615e+01,1.760477889886e-02
2.856049725464e-03,8.382977367794e+01,2.036316899537e+01,1.299517335627e+04,3.023921032117e+02,1.122945520046e+01,1.759632501267e-02
2.857897966730e-03,8.382292369373e+01,2.037224676867e+01,1.300721731633e+04,3.023920824044e+02,1.122945521594e+01,1.758786888642e-02
2.859745055005e-03,8.381607026417e+01,2.038132328283e+01,1.301927371348e+04,3.023920615685e+02,1.122945523258e+01,1.757941052796e-02
2.861590990265e-03,8.380921339347e+01,2.039039852736e+01,1.303134255775e+04,3.023920407039e+02,1.122945525039e+01,1.757094994516e-02
2.863435772485e-03,8.380235308584e+01,2.039947249178e+01,1.304342385917e+04,3.023920198108e+02,1.122945526937e+01,1.756248714590e-02
2.865279401643e-03,8.379548934547e+01,2.040854516563e+01,1.305551762779e+04,3.023919988890e+02,1.122945528952e+01,1.755402213803e-02
2.867121877718e-03,8.378862217657e+01,2.041761653847e+01,1.306762387368e+04,3.023919779385e+02,1.122945531084e+01,1.754555492943e-02
2.868963200692e-03,8.378175158334e+01,2.042668659989e+01,1.307974260696e+04,3.023919569593e+02,1.122945533334e+01,1.753708552794e-02
2.870803370543e-03,8.377487756998e+01,2.043575533949e+01,1.309187383772e+04,3.023919359514e+02,1.122945535702e+01,1.752861394145e-02
2.872642387259e-03,8.376800014068e+01,2.044482274689e+01,1.310401757614e+04,3.023919149147e+02,1.122945538187e+01,1.752014017781e-02
2.874480250820e-03,8.376111929963e+01,2.045388881174e+01,1.311617383235e+04,3.023918938493e+02,1.122945540791e+01,1.751166424488e-02
2.876316961215e-03,8.375423505103e+01,2.046295352371e+01,1.312834261655e+04,3.023918727551e+02,1.122945543512e+01,1.750318615053e-02
2.878152518431e-03,8.374734739906e+01,2.047201687250e+01,1.314052393895e+04,3.023918516321e+02,1.122945546352e+01,1.749470590261e-02
2.879986922456e-03,8.374045634790e+01,2.048107884780e+01,1.315271780977e+04,3.023918304803e+02,1.122945549310e+01,1.748622350897e-02
2.881820173280e-03,8.373356190175e+01,2.049013943935e+01,1.316492423925e+04,3.023918092996e+02,1.122945552387e+01,1.747773897749e-02
2.883652270896e-03,8.372666406477e+01,2.049919863691e+01,1.317714323769e+04,3.023917880901e+02,1.122945555583e+01,1.746925231600e-02
2.885483215296e-03,8.371976284115e+01,2.050825643024e+01,1.318937481535e+04,3.023917668517e+02,1.122945558898e+01,1.746076353238e-02
2.887313006474e-03,8.371285823507e+01,2.051731280915e+01,1.320161898256e+04,3.023917455843e+02,1.122945562332e+01,1.745227263447e-02
2.889141644427e-03,8.370595025069e+01,2.052636776344e+01,1.321387574965e+04,3.023917242881e+02,1.122945565885e+01,1.744377963013e-02
2.890969129150e-03,8.369903889219e+01,2.053542128297e+01,1.322614512698e+04,3.023917029629e+02,1.122945569557e+01,1.743528452720e-02
2.892795460644e-03,8.369212416374e+01,2.054447335758e+01,1.323842712494e+04,3.023916816087e+02,1.122945573350e+01,1.742678733354e-02
2.894620638908e-03,8.368520606950e+01,2.055352397715e+01,1.325072175391e+04,3.023916602256e+02,1.122945577262e+01,1.741828805700e-02
2.896444663941e-03,8.367828461363e+01,2.056257313159e+01,1.326302902432e+04,3.023916388134e+02,1.122945581293e+01,1.740978670544e-02
2.898267535750e-03,8.367135980030e+01,2.057162081083e+01,1.327534894663e+04,3.023916173722e+02,1.122945585445e+01,1.740128328668e-02
2.900089254335e-03,8.366443163366e+01,2.058066700479e+01,1.328768153127e+04,3.023915959020e+02,1.122945589718e+01,1.739277780859e-02
2.901909819705e-03,8.365750011787e+01,2.058971170345e+01,1.330002678876e+04,3.023915744026e+02,1.122945594110e+01,1.738427027901e-02
2.903729231864e-03,8.365056525708e+01,2.059875489679e+01,1.331238472960e+04,3.023915528742e+02,1.122945598624e+01,1.737576070578e-02
2.905547490821e-03,8.364362705545e+01,2.060779657482e+01,1.332475536431e+04,3.023915313167e+02,1.122945603258e+01,1.736724909675e-02
2.907364596586e-03,8.363668551712e+01,2.061683672756e+01,1.333713870346e+04,3.023915097300e+02,1.122945608012e+01,1.735873545975e-02
2.909180549168e-03,8.362974064624e+01,2.062587534507e+01,1.334953475760e+04,3.023914881142e+02,1.122945612888e+01,1.735021980264e-02
2.910995348581e-03,8.362279244696e+01,2.063491241742e+01,1.336194353734e+04,3.023914664692e+02,1.122945617886e+01,1.734170213325e-02
2.912808994840e-03,8.361584092340e+01,2.064394793469e+01,1.337436505331e+04,3.023914447951e+02,1.122945623004e+01,1.733318245941e-02
2.914621487956e-03,8.360888607972e+01,2.065298188700e+01,1.338679931613e+04,3.023914230917e+02,1.122945628244e+01,1.732466078898e-02
2.916432827949e-03,8.360192792004e+01,2.066201426447e+01,1.339924633647e+04,3.023914013590e+02,1.122945633606e+01,1.731613712977e-02
2.918243014835e-03,8.359496644850e+01,2.067104505728e+01,1.341170612501e+04,3.023913795971e+02,1.122945639089e+01,1.730761148964e-02
2.920052048632e-03,8.358800166923e+01,2.068007425558e+01,1.342417869245e+04,3.023913578060e+02,1.122945644695e+01,1.729908387641e-02
2.921859929363e-03,8.358103358636e+01,2.068910184958e+01,1.343666404954e+04,3.023913359855e+02,1.122945650423e+01,1.729055429792e-02
2.923666657048e-03,8.357406220402e+01,2.069812782949e+01,1.344916220699e+04,3.023913141357e+02,1.122945656273e+01,1.728202276200e-02
2.925472231711e-03,8.356708752633e+01,2.070715218555e+01,1.346167317561e+04,3.023912922566e+02,1.122945662245e+01,1.727348927647e-02
2.927276653376e-03,8.356010955740e+01,2.071617490802e+01,1.347419696616e+04,3.023912703481e+02,1.122945668340e+01,1.726495384917e-02
2.929079922068e-03,8.355312830136e+01,2.072519598718e+01,1.348673358947e+04,3.023912484102e+02,1.122945674558e+01,1.725641648794e-02
2.930882037815e-03,8.354614376233e+01,2.073421541334e+01,1.349928305638e+04,3.023912264430e+02,1.122945680899e+01,1.724787720059e-02
2.932683000646e-03,8.353915594440e+01,2.074323317680e+01,1.351184537774e+04,3.023912044463e+02,1.122945687363e+01,1.723933599494e-02
2.934482810589e-03,8.353216485171e+01,2.075224926792e+01,1.352442056443e+04,3.023911824202e+02,1.122945693951e+01,1.723079287884e-02
2.936281467677e-03,8.352517048834e+01,2.076126367707e+01,1.353700862736e+04,3.023911603646e+02,1.122945700661e+01,1.722224786009e-02
2.938078971943e-03,8.351817285842e+01,2.077027639461e+01,1.354960957745e+04,3.023911382795e+02,1.122945707496e+01,1.721370094652e-02
2.939875323417e-03,8.351117196603e+01,2.077928741097e+01,1.356222342563e+04,3.023911161649e+02,1.122945714454e+01,1.720515214596e-02
2.941670522140e-03,8.350416781528e+01,2.078829671656e+01,1.357485018290e+04,3.023910940208e+02,1.122945721536e+01,1.719660146621e-02
2.943464568144e-03,8.349716041028e+01,2.079730430184e+01,1.358748986022e+04,3.023910718472e+02,1.122945728742e+01,1.718804891510e-02
2.945257461467e-03,8.349014975510e+01,2.080631015728e+01,1.360014246862e+04,3.023910496439e+02,1.122945736072e+01,1.717949450046e-02
2.947049202150e-03,8.348313585385e+01,2.081531427335e+01,1.361280801912e+04,3.023910274111e+02,1.122945743526e+01,1.717093823008e-02
2.948839790234e-03,8.347611871061e+01,2.082431664058e+01,1.362548652279e+04,3.023910051487e+02,1.122945751106e+01,1.716238011179e-02
2.950629225759e-03,8.346909832947e+01,2.083331724949e+01,1.363817799070e+04,3.023909828567e+02,1.122945758809e+01,1.715382015340e-02
2.952417508769e-03,8.346207471452e+01,2.084231609064e+01,1.365088243395e+04,3.023909605350e+02,1.122945766638e+01,1.714525836272e-02
2.954204639308e-03,8.345504786983e+01,2.085131315460e+01,1.366359986366e+04,3.023909381837e+02,1.122945774591e+01,1.713669474756e-02
2.955990617422e-03,8.344801779949e+01,2.086030843196e+01,1.367633029098e+04,3.023909158026e+02,1.122945782670e+01,1.712812931573e-02
2.957775443159e-03,8.344098450757e+01,2.086930191334e+01,1.368907372708e+04,3.023908933919e+02,1.122945790874e+01,1.711956207505e-02
2.959559116566e-03,8.343394799814e+01,2.087829358937e+01,1.370183018313e+04,3.023908709514e+02,1.122945799203e+01,1.711099303330e-02
2.961341637694e-03,8.342690827528e+01,2.088728345071e+01,1.371459967037e+04,3.023908484812e+02,1.122945807658e+01,1.710242219831e-02
2.963123006592e-03,8.341986534305e+01,2.089627148803e+01,1.372738220001e+04,3.023908259812e+02,1.122945816239e+01,1.709384957787e-02
2.964903223315e-03,8.341281920552e+01,2.090525769204e+01,1.374017778330e+04,3.023908034514e+02,1.122945824946e+01,1.708527517978e-02
2.966682287915e-03,8.340576986675e+01,2.091424205344e+01,1.375298643154e+04,3.023907808918e+02,1.122945833778e+01,1.707669901185e-02
2.968460200447e-03,8.339871733081e+01,2.092322456299e+01,1.376580815601e+04,3.023907583024e+02,1.122945842737e+01,1.706812108187e-02
2.970236960969e-03,8.339166160174e+01,2.093220521144e+01,1.377864296804e+04,3.023907356831e+02,1.122945851822e+01,1.705954139765e-02
2.972012569537e-03,8.338460268361e+01,2.094118398957e+01,1.379149087898e+04,3.023907130340e+02,1.122945861034e+01,1.705095996698e-02
2.973787026209e-03,8.337754058047e+01,2.095016088818e+01,1.380435190018e+04,3.023906903549e+02,1.122945870373e+01,1.704237679765e-02
2.975560331047e-03,8.337047529635e+01,2.095913589810e+01,1.381722604304e+04,3.023906676460e+02,1.122945879838e+01,1.703379189746e-02
2.977332484112e-03,8.336340683533e+01,2.096810901016e+01,1.383011331896e+04,3.023906449071e+02,1.122945889430e+01,1.702520527420e-02
2.979103485467e-03,8.335633520143e+01,2.097708021523e+01,1.384301373939e+04,3.023906221382e+02,1.122945899149e+01,1.701661693566e-02
2.980873335176e-03,8.334926039869e+01,2.098604950420e+01,1.385592731577e+04,3.023905993394e+02,1.122945908996e+01,1.700802688962e-02
2.982642033303e-03,8.334218243116e+01,2.099501686797e+01,1.386885405958e+04,3.023905765106e+02,1.122945918970e+01,1.699943514389e-02
2.984409579917e-03,8.333510130288e+01,2.100398229746e+01,1.388179398233e+04,3.023905536518e+02,1.122945929072e+01,1.699084170623e-02
2.986175975084e-03,8.332801701787e+01,2.101294578362e+01,1.389474709552e+04,3.023905307629e+02,1.122945939301e+01,1.698224658445e-02
2.987941218874e-03,8.332092958016e+01,2.102190731742e+01,1.390771341071e+04,3.023905078440e+02,1.122945949658e+01,1.697364978631e-02
2.989705311358e-03,8.331383899378e+01,2.103086688985e+01,1.392069293947e+04,3.023904848950e+02,1.122945960143e+01,1.696505131961e-02
2.991468252607e-03,8.330674526277e+01,2.103982449190e+01,1.393368569338e+04,3.023904619160e+02,1.122945970757e+01,1.695645119212e-02
2.993230042695e-03,8.329964839112e+01,2.104878011462e+01,1.394669168405e+04,3.023904389068e+02,1.122945981498e+01,1.694784941162e-02
2.994990681696e-03,8.329254838289e+01,2.105773374905e+01,1.395971092312e+04,3.023904158674e+02,1.122945992369e+01,1.693924598588e-02
2.996750169685e-03,8.328544524206e+01,2.106668538625e+01,1.397274342225e+04,3.023903927980e+02,1.122946003367e+01,1.693064092269e-02
2.998508506740e-03,8.327833897266e+01,2.107563501733e+01,1.398578919311e+04,3.023903696983e+02,1.122946014495e+01,1.692203422981e-02
3.000265692938e-03,8.327122957871e+01,2.108458263338e+01,1.399884824739e+04,3.023903465684e+02,1.122946025752e+01,1.691342591502e-02
3.002021728360e-03,8.326411706419e+01,2.109352822555e+01,1.401192059684e+04,3.023903234083e+02,1.122946037137e+01,1.690481598608e-02
3.003776613085e-03,8.325700143314e+01,2.110247178497e+01,1.402500625319e+04,3.023903002180e+02,1.122946048652e+01,1.689620445078e-02
3.005530347196e-03,8.324988268954e+01,2.111141330284e+01,1.403810522821e+04,3.023902769975e+02,1.122946060296e+01,1.688759131686e-02
3.007282930777e-03,8.324276083739e+01,2.112035277033e+01,1.405121753369e+04,3.023902537466e+02,1.122946072070e+01,1.687897659211e-02
3.009034363911e-03,8.323563588070e+01,2.112929017866e+01,1.406434318144e+04,3.023902304655e+02,1.122946083973e+01,1.687036028427e-02
3.010784646686e-03,8.322850782345e+01,2.113822551906e+01,1.407748218331e+04,3.023902071540e+02,1.122946096007e+01,1.686174240113e-02
3.012533779187e-03,8.322137666964e+01,2.114715878279e+01,1.409063455114e+04,3.023901838122e+02,1.122946108170e+01,1.685312295042e-02
3.014281761503e-03,8.321424242326e+01,2.115608996112e+01,1.410380029682e+04,3.023901604400e+02,1.122946120463e+01,1.684450193993e-02
3.016028593724e-03,8.320710508829e+01,2.116501904536e+01,1.411697943226e+04,3.023901370375e+02,1.122946132887e+01,1.683587937739e-02
3.017774275940e-03,8.319996466871e+01,2.117394602680e+01,1.413017196937e+04,3.023901136045e+02,1.122946145441e+01,1.682725527057e-02
3.019518808244e-03,8.319282116851e+01,2.118287089678e+01,1.414337792011e+04,3.023900901412e+02,1.122946158125e+01,1.681862962721e-02
3.021262190729e-03,8.318567459166e+01,2.119179364668e+01,1.415659729645e+04,3.023900666474e+02,1.122946170940e+01,1.681000245508e-02
3.023004423489e-03,8.317852494214e+01,2.120071426785e+01,1.416983011038e+04,3.023900431231e+02,1.122946183886e+01,1.680137376193e-02
3.024745506622e-03,8.317137222392e+01,2.120963275169e+01,1.418307637392e+04,3.023900195684e+02,1.122946196963e+01,1.679274355549e-02
3.026485440223e-03,8.316421644096e+01,2.121854908963e+01,1.419633609910e+04,3.023899959831e+02,1.122946210172e+01,1.678411184352e-02
3.028224224391e-03,8.315705759724e+01,2.122746327310e+01,1.420960929799e+04,3.023899723674e+02,1.122946223511e+01,1.677547863376e-02
3.029961859226e-03,8.314989569671e+01,2.123637529356e+01,1.422289598268e+04,3.023899487211e+02,1.122946236982e+01,1.676684393395e-02
3.031698344829e-03,8.314273074334e+01,2.124528514248e+01,1.423619616526e+04,3.023899250442e+02,1.122946250585e+01,1.675820775184e-02
3.033433681301e-03,8.313556274109e+01,2.125419281137e+01,1.424950985788e+04,3.023899013368e+02,1.122946264319e+01,1.674957009517e-02
3.035167868746e-03,8.312839169390e+01,2.126309829173e+01,1.426283707267e+04,3.023898775987e+02,1.122946278185e+01,1.674093097167e-02
3.036900907268e-03,8.312121760573e+01,2.127200157512e+01,1.427617782182e+04,3.023898538301e+02,1.122946292183e+01,1.673229038908e-02
3.038632796974e-03,8.311404048053e+01,2.128090265308e+01,1.428953211753e+04,3.023898300308e+02,1.122946306313e+01,1.672364835513e-02
3.040363537970e-03,8.310686032224e+01,2.128980151720e+01,1.430289997201e+04,3.023898062008e+02,1.122946320576e+01,1.671500487756e-02
3.042093130366e-03,8.309967713481e+01,2.129869815909e+01,1.431628139751e+04,3.023897823402e+02,1.122946334971e+01,1.670635996409e-02
3.043821574269e-03,8.309249092217e+01,2.130759257034e+01,1.432967640629e+04,3.023897584488e+02,1.122946349499e+01,1.669771362246e-02
3.045548869791e-03,8.308530168828e+01,2.131648474261e+01,1.434308501063e+04,3.023897345268e+02,1.122946364159e+01,1.668906586038e-02
3.047275017045e-03,8.307810943704e+01,2.132537466755e+01,1.435650722288e+04,3.023897105740e+02,1.122946378952e+01,1.668041668559e-02
3.049000016142e-03,8.307091417241e+01,2.133426233685e+01,1.436994305533e+04,3.023896865904e+02,1.122946393878e+01,1.667176610581e-02
3.050723867197e-03,8.306371589831e+01,2.134314774220e+01,1.438339252035e+04,3.023896625761e+02,1.122946408938e+01,1.666311412876e-02
3.052446570327e-03,8.305651461866e+01,2.135203087533e+01,1.439685563034e+04,3.023896385309e+02,1.122946424131e+01,1.665446076215e-02
3.054168125648e-03,8.304931033738e+01,2.136091172797e+01,1.441033239768e+04,3.023896144550e+02,1.122946439457e+01,1.664580601370e-02
3.055888533277e-03,8.304210305840e+01,2.136979029189e+01,1.442382283481e+04,3.023895903482e+02,1.122946454917e+01,1.663714989114e-02
3.057607793335e-03,8.303489278564e+01,2.137866655886e+01,1.443732695416e+04,3.023895662105e+02,1.122946470510e+01,1.662849240217e-02
3.059325905942e-03,8.302767952300e+01,2.138754052068e+01,1.445084476822e+04,3.023895420419e+02,1.122946486238e+01,1.661983355449e-02
3.061042871219e-03,8.302046327440e+01,2.139641216918e+01,1.446437628948e+04,3.023895178425e+02,1.122946502099e+01,1.661117335583e-02
3.062758689290e-03,8.301324404374e+01,2.140528149620e+01,1.447792153045e+04,3.023894936121e+02,1.122946518095e+01,1.660251181389e-02
3.064473360277e-03,8.300602183493e+01,2.141414849358e+01,1.449148050368e+04,3.023894693508e+02,1.122946534225e+01,1.659384893637e-02
3.066186884308e-03,8.299879665188e+01,2.142301315323e+01,1.450505322172e+04,3.023894450585e+02,1.122946550489e+01,1.658518473098e-02
3.067899261508e-03,8.299156849848e+01,2.143187546702e+01,1.451863969717e+04,3.023894207353e+02,1.122946566888e+01,1.657651920542e-02
3.069610492005e-03,8.298433737862e+01,2.144073542690e+01,1.453223994264e+04,3.023893963810e+02,1.122946583422e+01,1.656785236738e-02
3.071320575928e-03,8.297710329621e+01,2.144959302479e+01,1.454585397074e+04,3.023893719958e+02,1.122946600091e+01,1.655918422457e-02
3.073029513407e-03,8.296986625513e+01,2.145844825265e+01,1.455948179415e+04,3.023893475795e+02,1.122946616894e+01,1.655051478467e-02
3.074737304573e-03,8.296262625926e+01,2.146730110247e+01,1.457312342553e+04,3.023893231321e+02,1.122946633833e+01,1.654184405538e-02
3.076443949559e-03,8.295538331250e+01,2.147615156624e+01,1.458677887760e+04,3.023892986536e+02,1.122946650907e+01,1.653317204439e-02
3.078149448499e-03,8.294813741872e+01,2.148499963598e+01,1.460044816306e+04,3.023892741441e+02,1.122946668117e+01,1.652449875940e-02
3.079853801528e-03,8.294088858181e+01,2.149384530374e+01,1.461413129468e+04,3.023892496034e+02,1.122946685462e+01,1.651582420808e-02
3.081557008780e-03,8.293363680563e+01,2.150268856157e+01,1.462782828522e+04,3.023892250316e+02,1.122946702943e+01,1.650714839812e-02
3.083259070395e-03,8.292638209406e+01,2.151152940155e+01,1.464153914747e+04,3.023892004286e+02,1.122946720560e+01,1.649847133719e-02
3.084959986511e-03,8.291912445097e+01,2.152036781578e+01,1.465526389425e+04,3.023891757945e+02,1.122946738312e+01,1.648979303299e-02
3.086659757265e-03,8.291186388023e+01,2.152920379638e+01,1.466900253840e+04,3.023891511291e+02,1.122946756201e+01,1.648111349320e-02
3.088358382801e-03,8.290460038570e+01,2.153803733548e+01,1.468275509278e+04,3.023891264325e+02,1.122946774226e+01,1.647243272547e-02
3.090055863259e-03,8.289733397124e+01,2.154686842524e+01,1.469652157028e+04,3.023891017047e+02,1.122946792388e+01,1.646375073750e-02
3.091752198785e-03,8.289006464071e+01,2.155569705786e+01,1.471030198381e+04,3.023890769457e+02,1.122946810686e+01,1.645506753694e-02
3.093447389519e-03,8.288279239796e+01,2.156452322550e+01,1.472409634629e+04,3.023890521553e+02,1.122946829121e+01,1.644638313147e-02
3.095141435610e-03,8.287551724684e+01,2.157334692041e+01,1.473790467069e+04,3.023890273337e+02,1.122946847692e+01,1.643769752876e-02
3.096834337202e-03,8.286823919120e+01,2.158216813480e+01,1.475172696997e+04,3.023890024807e+02,1.122946866401e+01,1.642901073647e-02
3.098526094446e-03,8.286095823489e+01,2.159098686095e+01,1.476556325716e+04,3.023889775964e+02,1.122946885247e+01,1.642032276226e-02
3.100216707489e-03,8.285367438175e+01,2.159980309112e+01,1.477941354526e+04,3.023889526807e+02,1.122946904230e+01,1.641163361379e-02
3.101906176482e-03,8.284638763562e+01,2.160861681761e+01,1.479327784733e+04,3.023889277337e+02,1.122946923350e+01,1.640294329871e-02
3.103594501575e-03,8.283909800033e+01,2.161742803273e+01,1.480715617643e+04,3.023889027553e+02,1.122946942608e+01,1.639425182470e-02
3.105281682922e-03,8.283180547973e+01,2.162623672883e+01,1.482104854567e+04,3.023888777454e+02,1.122946962003e+01,1.638555919939e-02
3.106967720677e-03,8.282451007763e+01,2.163504289826e+01,1.483495496815e+04,3.023888527041e+02,1.122946981537e+01,1.637686543044e-02
3.108652614993e-03,8.281721179786e+01,2.164384653338e+01,1.484887545703e+04,3.023888276314e+02,1.122947001208e+01,1.636817052550e-02
3.110336366028e-03,8.280991064426e+01,2.165264762659e+01,1.486281002547e+04,3.023888025272e+02,1.122947021017e+01,1.635947449222e-02
3.112018973936e-03,8.280260662064e+01,2.166144617031e+01,1.487675868664e+04,3.023887773914e+02,1.122947040965e+01,1.635077733823e-02
3.113700438880e-03,8.279529973081e+01,2.167024215697e+01,1.489072145377e+04,3.023887522242e+02,1.122947061051e+01,1.634207907117e-02
3.115380761016e-03,8.278798997861e+01,2.167903557902e+01,1.490469834009e+04,3.023887270254e+02,1.122947081275e+01,1.633337969870e-02
3.117059940505e-03,8.278067736783e+01,2.168782642892e+01,1.491868935885e+04,3.023887017951e+02,1.122947101638e+01,1.632467922844e-02
3.118737977511e-03,8.277336190228e+01,2.169661469919e+01,1.493269452334e+04,3.023886765332e+02,1.122947122140e+01,1.631597766803e-02
3.120414872195e-03,8.276604358577e+01,2.170540038231e+01,1.494671384687e+04,3.023886512397e+02,1.122947142781e+01,1.630727502510e-02
3.122090624720e-03,8.275872242211e+01,2.171418347083e+01,1.496074734275e+04,3.023886259146e+02,1.122947163560e+01,1.629857130728e-02
3.123765235254e-03,8.275139841509e+01,2.172296395728e+01,1.497479502434e+04,3.023886005579e+02,1.122947184479e+01,1.628986652219e-02
3.125438703961e-03,8.274407156852e+01,2.173174183425e+01,1.498885690502e+04,3.023885751695e+02,1.122947205537e+01,1.628116067747e-02
3.127111031010e-03,8.273674188617e+01,2.174051709431e+01,1.500293299819e+04,3.023885497494e+02,1.122947226735e+01,1.627245378073e-02
3.128782216568e-03,8.272940937185e+01,2.174928973008e+01,1.501702331725e+04,3.023885242976e+02,1.122947248072e+01,1.626374583960e-02
3.130452260806e-03,8.272207402934e+01,2.175805973417e+01,1.503112787567e+04,3.023884988142e+02,1.122947269549e+01,1.625503686168e-02
3.132121163895e-03,8.271473586243e+01,2.176682709925e+01,1.504524668691e+04,3.023884732990e+02,1.122947291165e+01,1.624632685460e-02
3.133788926007e-03,8.270739487489e+01,2.177559181796e+01,1.505937976446e+04,3.023884477520e+02,1.122947312922e+01,1.623761582597e-02
3.135455547314e-03,8.270005107051e+01,2.178435388300e+01,1.507352712183e+04,3.023884221733e+02,1.122947334819e+01,1.622890378339e-02
3.137121027991e-03,8.269270445306e+01,2.179311328707e+01,1.508768877258e+04,3.023883965628e+02,1.122947356856e+01,1.622019073448e-02
3.138785368214e-03,8.268535502631e+01,2.180187002289e+01,1.510186473025e+04,3.023883709204e+02,1.122947379033e+01,1.621147668684e-02
3.140448568158e-03,8.267800279403e+01,2.181062408320e+01,1.511605500843e+04,3.023883452463e+02,1.122947401351e+01,1.620276164806e-02
3.142110628002e-03,8.267064775999e+01,2.181937546077e+01,1.513025962075e+04,3.023883195403e+02,1.122947423809e+01,1.619404562576e-02
3.143771547924e-03,8.266328992795e+01,2.182812414837e+01,1.514447858081e+04,3.023882938024e+02,1.122947446408e+01,1.618532862752e-02
3.145431328105e-03,8.265592930166e+01,2.183687013880e+01,1.515871190230e+04,3.023882680326e+02,1.122947469149e+01,1.617661066095e-02
3.147089968724e-03,8.264856588490e+01,2.184561342489e+01,1.517295959888e+04,3.023882422309e+02,1.122947492030e+01,1.616789173362e-02
3.148747469965e-03,8.264119968139e+01,2.185435399947e+01,1.518722168426e+04,3.023882163973e+02,1.122947515052e+01,1.615917185314e-02
3.150403832010e-03,8.263383069491e+01,2.186309185539e+01,1.520149817217e+04,3.023881905318e+02,1.122947538216e+01,1.615045102709e-02
3.152059055044e-03,8.262645892920e+01,2.187182698554e+01,1.521578907635e+04,3.023881646343e+02,1.122947561521e+01,1.614172926305e-02
3.153713139252e-03,8.261908438799e+01,2.188055938280e+01,1.523009441060e+04,3.023881387048e+02,1.122947584967e+01,1.613300656860e-02
3.155366084822e-03,8.261170707503e+01,2.188928904010e+01,1.524441418869e+04,3.023881127432e+02,1.122947608555e+01,1.612428295132e-02
3.157017891938e-03,8.260432699406e+01,2.189801595035e+01,1.525874842446e+04,3.023880867497e+02,1.122947632285e+01,1.611555841879e-02
3.158668560793e-03,8.259694414881e+01,2.190674010653e+01,1.527309713176e+04,3.023880607241e+02,1.122947656158e+01,1.610683297858e-02
3.160318091574e-03,8.258955854302e+01,2.191546150159e+01,1.528746032445e+04,3.023880346665e+02,1.122947680172e+01,1.609810663825e-02
3.161966484474e-03,8.258217018040e+01,2.192418012852e+01,1.530183801642e+04,3.023880085768e+02,1.122947704328e+01,1.608937940539e-02
3.163613739683e-03,8.257477906470e+01,2.193289598034e+01,1.531623022160e+04,3.023879824549e+02,1.122947728627e+01,1.608065128755e-02
3.165259857395e-03,8.256738519962e+01,2.194160905007e+01,1.533063695392e+04,3.023879563010e+02,1.122947753068e+01,1.607192229229e-02
3.166904837805e-03,8.255998858889e+01,2.195031933077e+01,1.534505822736e+04,3.023879301149e+02,1.122947777652e+01,1.606319242718e-02
3.168548681107e-03,8.255258923622e+01,2.195902681548e+01,1.535949405589e+04,3.023879038966e+02,1.122947802378e+01,1.605446169976e-02
3.170191387499e-03,8.254518714533e+01,2.196773149730e+01,1.537394445353e+04,3.023878776462e+02,1.122947827247e+01,1.604573011761e-02
3.171832957177e-03,8.253778231992e+01,2.197643336934e+01,1.538840943433e+04,3.023878513635e+02,1.122947852260e+01,1.603699768825e-02
3.173473390340e-03,8.253037476370e+01,2.198513242470e+01,1.540288901234e+04,3.023878250487e+02,1.122947877415e+01,1.602826441925e-02
3.175112687187e-03,8.252296448037e+01,2.199382865654e+01,1.541738320163e+04,3.023877987016e+02,1.122947902714e+01,1.601953031815e-02
3.176750847921e-03,8.251555147364e+01,2.200252205802e+01,1.543189201634e+04,3.023877723222e+02,1.122947928156e+01,1.601079539249e-02
3.178387872741e-03,8.250813574720e+01,2.201121262230e+01,1.544641547056e+04,3.023877459106e+02,1.122947953742e+01,1.600205964982e-02
3.180023761853e-03,8.250071730474e+01,2.201990034259e+01,1.546095357849e+04,3.023877194667e+02,1.122947979471e+01,1.599332309766e-02
3.181658515458e-03,8.249329614995e+01,2.202858521211e+01,1.547550635429e+04,3.023876929904e+02,1.122948005344e+01,1.598458574354e-02
3.183292133762e-03,8.248587228653e+01,2.203726722408e+01,1.549007381215e+04,3.023876664818e+02,1.122948031361e+01,1.597584759502e-02
3.184924616972e-03,8.247844571815e+01,2.204594637177e+01,1.550465596633e+04,3.023876399409e+02,1.122948057522e+01,1.596710865960e-02
3.186555965295e-03,8.247101644849e+01,2.205462264844e+01,1.551925283105e+04,3.023876133676e+02,1.122948083827e+01,1.595836894482e-02
3.188186178939e-03,8.246358448124e+01,2.206329604738e+01,1.553386442061e+04,3.023875867619e+02,1.122948110276e+01,1.594962845820e-02
3.189815258112e-03,8.245614982006e+01,2.207196656189e+01,1.554849074928e+04,3.023875601238e+02,1.122948136870e+01,1.594088720726e-02
3.191443203027e-03,8.244871246863e+01,2.208063418533e+01,1.556313183142e+04,3.023875334532e+02,1.122948163609e+01,1.593214519950e-02
3.193070013894e-03,8.244127243062e+01,2.208929891101e+01,1.557778768136e+04,3.023875067502e+02,1.122948190492e+01,1.592340244246e-02
3.194695690925e-03,8.243382970969e+01,2.209796073231e+01,1.559245831347e+04,3.023874800147e+02,1.122948217519e+01,1.591465894363e-02
3.196320234335e-03,8.242638430950e+01,2.210661964262e+01,1.560714374215e+04,3.023874532468e+02,1.122948244692e+01,1.590591471053e-02
3.197943644337e-03,8.241893623370e+01,2.211527563534e+01,1.562184398182e+04,3.023874264463e+02,1.122948272010e+01,1.589716975066e-02
3.199565921148e-03,8.241148548597e+01,2.212392870387e+01,1.563655904691e+04,3.023873996133e+02,1.122948299473e+01,1.588842407152e-02
3.201187064984e-03,8.240403206994e+01,2.213257884167e+01,1.565128895191e+04,3.023873727477e+02,1.122948327081e+01,1.587967768060e-02
3.202807076063e-03,8.239657598927e+01,2.214122604219e+01,1.566603371131e+04,3.023873458496e+02,1.122948354834e+01,1.587093058542e-02
3.204425954605e-03,8.238911724760e+01,2.214987029891e+01,1.568079333961e+04,3.023873189189e+02,1.122948382734e+01,1.586218279345e-02
3.206043700828e-03,8.238165584857e+01,2.215851160531e+01,1.569556785137e+04,3.023872919556e+02,1.122948410778e+01,1.585343431218e-02
3.207660314954e-03,8.237419179582e+01,2.216714995492e+01,1.571035726114e+04,3.023872649597e+02,1.122948438969e+01,1.584468514911e-02
3.209275797205e-03,8.236672509300e+01,2.217578534126e+01,1.572516158351e+04,3.023872379311e+02,1.122948467306e+01,1.583593531171e-02
3.210890147804e-03,8.235925574372e+01,2.218441775788e+01,1.573998083311e+04,3.023872108699e+02,1.122948495788e+01,1.582718480746e-02
3.212503366974e-03,8.235178375163e+01,2.219304719835e+01,1.575481502455e+04,3.023871837759e+02,1.122948524417e+01,1.581843364385e-02
3.214115454942e-03,8.234430912034e+01,2.220167365625e+01,1.576966417251e+04,3.023871566493e+02,1.122948553192e+01,1.580968182834e-02
3.215726411933e-03,8.233683185347e+01,2.221029712520e+01,1.578452829169e+04,3.023871294900e+02,1.122948582114e+01,1.580092936841e-02
3.217336238173e-03,8.232935195467e+01,2.221891759879e+01,1.579940739676e+04,3.023871022979e+02,1.122948611182e+01,1.579217627153e-02
3.218944933894e-03,8.232186942751e+01,2.222753507070e+01,1.581430150249e+04,3.023870750730e+02,1.122948640396e+01,1.578342254514e-02
3.220552499321e-03,8.231438427565e+01,2.223614953456e+01,1.582921062361e+04,3.023870478154e+02,1.122948669758e+01,1.577466819673e-02
3.222158934686e-03,8.230689650267e+01,2.224476098406e+01,1.584413477494e+04,3.023870205250e+02,1.122948699266e+01,1.576591323374e-02
3.223764240222e-03,8.229940611218e+01,2.225336941289e+01,1.585907397126e+04,3.023869932018e+02,1.122948728922e+01,1.575715766363e-02
3.225368416158e-03,8.229191310780e+01,2.226197481476e+01,1.587402822740e+04,3.023869658457e+02,1.122948758724e+01,1.574840149386e-02
3.226971462730e-03,8.228441749311e+01,2.227057718341e+01,1.588899755823e+04,3.023869384568e+02,1.122948788674e+01,1.573964473186e-02
3.228573380171e-03,8.227691927172e+01,2.227917651259e+01,1.590398197861e+04,3.023869110350e+02,1.122948818772e+01,1.573088738509e-02
3.230174168718e-03,8.226941844721e+01,2.228777279606e+01,1.591898150348e+04,3.023868835803e+02,1.122948849016e+01,1.572212946099e-02
3.231773828605e-03,8.226191502319e+01,2.229636602760e+01,1.593399614773e+04,3.023868560927e+02,1.122948879409e+01,1.571337096699e-02
3.233372360072e-03,8.225440900323e+01,2.230495620103e+01,1.594902592635e+04,3.023868285721e+02,1.122948909949e+01,1.570461191052e-02
3.234969763354e-03,8.224690039093e+01,2.231354331016e+01,1.596407085428e+04,3.023868010186e+02,1.122948940638e+01,1.569585229904e-02
3.236566038695e-03,8.223938918985e+01,2.232212734884e+01,1.597913094656e+04,3.023867734322e+02,1.122948971474e+01,1.568709213994e-02
3.238161186332e-03,8.223187540358e+01,2.233070831091e+01,1.599420621819e+04,3.023867458128e+02,1.122949002458e+01,1.567833144067e-02
3.239755206507e-03,8.222435903570e+01,2.233928619026e+01,1.600929668423e+04,3.023867181603e+02,1.122949033591e+01,1.566957020865e-02
3.241348099464e-03,8.221684008977e+01,2.234786098079e+01,1.602440235976e+04,3.023866904748e+02,1.122949064872e+01,1.566080845129e-02
3.242939865445e-03,8.220931856936e+01,2.235643267639e+01,1.603952325987e+04,3.023866627563e+02,1.122949096301e+01,1.565204617601e-02
3.244530504696e-03,8.220179447803e+01,2.236500127101e+01,1.605465939970e+04,3.023866350047e+02,1.122949127879e+01,1.564328339022e-02
3.246120017460e-03,8.219426781935e+01,2.237356675858e+01,1.606981079438e+04,3.023866072201e+02,1.122949159606e+01,1.563452010133e-02
3.247708403985e-03,8.218673859688e+01,2.238212913308e+01,1.608497745911e+04,3.023865794023e+02,1.122949191482e+01,1.562575631675e-02
3.249295664520e-03,8.217920681416e+01,2.239068838848e+01,1.610015940907e+04,3.023865515514e+02,1.122949223507e+01,1.561699204386e-02
3.250881799310e-03,8.217167247476e+01,2.239924451879e+01,1.611535665948e+04,3.023865236674e+02,1.122949255681e+01,1.560822729009e-02
3.252466808608e-03,8.216413558221e+01,2.240779751803e+01,1.613056922560e+04,3.023864957502e+02,1.122949288004e+01,1.559946206280e-02
3.254050692662e-03,8.215659614007e+01,2.241634738023e+01,1.614579712269e+04,3.023864677998e+02,1.122949320476e+01,1.559069636941e-02
3.255633451725e-03,8.214905415186e+01,2.242489409945e+01,1.616104036607e+04,3.023864398163e+02,1.122949353098e+01,1.558193021728e-02
3.257215086047e-03,8.214150962114e+01,2.243343766975e+01,1.617629897103e+04,3.023864117995e+02,1.122949385870e+01,1.557316361382e-02
3.258795595886e-03,8.213396255143e+01,2.244197808523e+01,1.619157295295e+04,3.023863837495e+02,1.122949418791e+01,1.556439656640e-02
3.260374981491e-03,8.212641294628e+01,2.245051533999e+01,1.620686232716e+04,3.023863556662e+02,1.122949451862e+01,1.555562908239e-02
3.261953243121e-03,8.211886080920e+01,2.245904942817e+01,1.622216710910e+04,3.023863275497e+02,1.122949485083e+01,1.554686116918e-02
3.263530381032e-03,8.211130614372e+01,2.246758034390e+01,1.623748731416e+04,3.023862993998e+02,1.122949518455e+01,1.553809283412e-02
3.265106395480e-03,8.210374895336e+01,2.247610808135e+01,1.625282295780e+04,3.023862712167e+02,1.122949551976e+01,1.552932408459e-02
3.266681286724e-03,8.209618924165e+01,2.248463263468e+01,1.626817405548e+04,3.023862430002e+02,1.122949585647e+01,1.552055492795e-02
3.268255055024e-03,8.208862701208e+01,2.249315399810e+01,1.628354062270e+04,3.023862147504e+02,1.122949619470e+01,1.551178537155e-02
3.269827700639e-03,8.208106226819e+01,2.250167216581e+01,1.629892267499e+04,3.023861864672e+02,1.122949653442e+01,1.550301542276e-02
3.271399223832e-03,8.207349501347e+01,2.251018713206e+01,1.631432022787e+04,3.023861581507e+02,1.122949687565e+01,1.549424508892e-02
3.272969624863e-03,8.206592525143e+01,2.251869889108e+01,1.632973329693e+04,3.023861298007e+02,1.122949721839e+01,1.548547437739e-02
3.274538903997e-03,8.205835298557e+01,2.252720743715e+01,1.634516189777e+04,3.023861014173e+02,1.122949756264e+01,1.547670329550e-02
3.276107061496e-03,8.205077821940e+01,2.253571276454e+01,1.636060604597e+04,3.023860730005e+02,1.122949790840e+01,1.546793185061e-02
3.277674097629e-03,8.204320095640e+01,2.254421486756e+01,1.637606575722e+04,3.023860445502e+02,1.122949825567e+01,1.545916005004e-02
3.279240012658e-03,8.203562120007e+01,2.255271374052e+01,1.639154104716e+04,3.023860160664e+02,1.122949860446e+01,1.545038790113e-02
3.280804806852e-03,8.202803895389e+01,2.256120937776e+01,1.640703193149e+04,3.023859875491e+02,1.122949895475e+01,1.544161541121e-02
3.282368480478e-03,8.202045422136e+01,2.256970177363e+01,1.642253842594e+04,3.023859589983e+02,1.122949930657e+01,1.543284258760e-02
3.283931033807e-03,8.201286700594e+01,2.257819092250e+01,1.643806054624e+04,3.023859304140e+02,1.122949965989e+01,1.542406943764e-02
3.285492467106e-03,8.200527731113e+01,2.258667681876e+01,1.645359830816e+04,3.023859017961e+02,1.122950001474e+01,1.541529596863e-02
3.287052780649e-03,8.199768514040e+01,2.259515945682e+01,1.646915172750e+04,3.023858731447e+02,1.122950037110e+01,1.540652218789e-02
3.288611974705e-03,8.199009049721e+01,2.260363883108e+01,1.648472082006e+04,3.023858444596e+02,1.122950072899e+01,1.539774810274e-02
3.290170049548e-03,8.198249338504e+01,2.261211493601e+01,1.650030560171e+04,3.023858157410e+02,1.122950108839e+01,1.538897372048e-02
3.291727005452e-03,8.197489380736e+01,2.262058776604e+01,1.651590608830e+04,3.023857869887e+02,1.122950144931e+01,1.538019904842e-02
3.293282842691e-03,8.196729176761e+01,2.262905731565e+01,1.653152229573e+04,3.023857582027e+02,1.122950181176e+01,1.537142409385e-02
3.294837561540e-03,8.195968726927e+01,2.263752357934e+01,1.654715423992e+04,3.023857293831e+02,1.122950217574e+01,1.536264886407e-02
3.296391162279e-03,8.195208031579e+01,2.264598655162e+01,1.656280193681e+04,3.023857005298e+02,1.122950254123e+01,1.535387336637e-02
3.297943645180e-03,8.194447091062e+01,2.265444622700e+01,1.657846540236e+04,3.023856716429e+02,1.122950290826e+01,1.534509760806e-02
3.299495010526e-03,8.193685905720e+01,2.266290260003e+01,1.659414465259e+04,3.023856427221e+02,1.122950327681e+01,1.533632159639e-02
3.301045258594e-03,8.192924475899e+01,2.267135566527e+01,1.660983970348e+04,3.023856137677e+02,1.122950364689e+01,1.532754533866e-02
3.302594389665e-03,8.192162801942e+01,2.267980541730e+01,1.662555057112e+04,3.023855847795e+02,1.122950401850e+01,1.531876884214e-02
3.304142404019e-03,8.191400884194e+01,2.268825185069e+01,1.664127727153e+04,3.023855557575e+02,1.122950439164e+01,1.530999211412e-02
3.305689301941e-03,8.190638722997e+01,2.269669496009e+01,1.665701982085e+04,3.023855267017e+02,1.122950476632e+01,1.530121516185e-02
3.307235083711e-03,8.189876318696e+01,2.270513474010e+01,1.667277823516e+04,3.023854976121e+02,1.122950514252e+01,1.529243799260e-02
3.308779749615e-03,8.189113671632e+01,2.271357118537e+01,1.668855253063e+04,3.023854684886e+02,1.122950552026e+01,1.528366061363e-02
3.310323299937e-03,8.188350782149e+01,2.272200429057e+01,1.670434272343e+04,3.023854393313e+02,1.122950589954e+01,1.527488303221e-02
3.311865734962e-03,8.187587650589e+01,2.273043405036e+01,1.672014882974e+04,3.023854101402e+02,1.122950628035e+01,1.526610525558e-02
3.313407054979e-03,8.186824277292e+01,2.273886045945e+01,1.673597086579e+04,3.023853809151e+02,1.122950666270e+01,1.525732729099e-02
3.314947260274e-03,8.186060662602e+01,2.274728351256e+01,1.675180884783e+04,3.023853516561e+02,1.122950704660e+01,1.524854914568e-02
3.316486351136e-03,8.185296806859e+01,2.275570320440e+01,1.676766279211e+04,3.023853223633e+02,1.122950743203e+01,1.523977082692e-02
3.318024327854e-03,8.184532710404e+01,2.276411952972e+01,1.678353271495e+04,3.023852930364e+02,1.122950781900e+01,1.523099234191e-02
3.319561190720e-03,8.183768373577e+01,2.277253248329e+01,1.679941863266e+04,3.023852636756e+02,1.122950820751e+01,1.522221369791e-02
3.321096940023e-03,8.183003796719e+01,2.278094205989e+01,1.681532056159e+04,3.023852342808e+02,1.122950859757e+01,1.521343490214e-02
3.322631576058e-03,8.182238980169e+01,2.278934825431e+01,1.683123851811e+04,3.023852048520e+02,1.122950898917e+01,1.520465596182e-02
3.324165099115e-03,8.181473924267e+01,2.279775106137e+01,1.684717251862e+04,3.023851753892e+02,1.122950938232e+01,1.519587688418e-02
3.325697509491e-03,8.180708629353e+01,2.280615047590e+01,1.686312257954e+04,3.023851458924e+02,1.122950977701e+01,1.518709767643e-02
3.327228807479e-03,8.179943095764e+01,2.281454649273e+01,1.687908871732e+04,3.023851163615e+02,1.122951017326e+01,1.517831834579e-02
3.328758993376e-03,8.179177323839e+01,2.282293910675e+01,1.689507094844e+04,3.023850867965e+02,1.122951057105e+01,1.516953889946e-02
3.330288067478e-03,8.178411313917e+01,2.283132831282e+01,1.691106928940e+04,3.023850571974e+02,1.122951097039e+01,1.516075934466e-02
3.331816030082e-03,8.177645066336e+01,2.283971410584e+01,1.692708375670e+04,3.023850275642e+02,1.122951137128e+01,1.515197968858e-02
3.333342881489e-03,8.176878581432e+01,2.284809648074e+01,1.694311436692e+04,3.023849978969e+02,1.122951177373e+01,1.514319993841e-02
3.334868621996e-03,8.176111859543e+01,2.285647543242e+01,1.695916113663e+04,3.023849681954e+02,1.122951217773e+01,1.513442010136e-02
3.336393251904e-03,8.175344901006e+01,2.286485095586e+01,1.697522408242e+04,3.023849384598e+02,1.122951258328e+01,1.512564018460e-02
3.337916771515e-03,8.174577706157e+01,2.287322304599e+01,1.699130322092e+04,3.023849086900e+02,1.122951299039e+01,1.511686019533e-02
3.339439181130e-03,8.173810275332e+01,2.288159169781e+01,1.700739856878e+04,3.023848788860e+02,1.122951339906e+01,1.510808014072e-02
3.340960481053e-03,8.173042608868e+01,2.288995690632e+01,1.702351014270e+04,3.023848490477e+02,1.122951380928e+01,1.509930002795e-02
3.342480671587e-03,8.172274707099e+01,2.289831866652e+01,1.703963795935e+04,3.023848191752e+02,1.122951422106e+01,1.509051986419e-02
3.343999753038e-03,8.171506570360e+01,2.290667697345e+01,1.705578203549e+04,3.023847892685e+02,1.122951463441e+01,1.508173965660e-02
3.345517725711e-03,8.170738198987e+01,2.291503182214e+01,1.707194238785e+04,3.023847593274e+02,1.122951504931e+01,1.507295941236e-02
3.347034589911e-03,8.169969593315e+01,2.292338320766e+01,1.708811903322e+04,3.023847293521e+02,1.122951546578e+01,1.506417913861e-02
3.348550345948e-03,8.169200753675e+01,2.293173112510e+01,1.710431198842e+04,3.023846993425e+02,1.122951588381e+01,1.505539884252e-02
3.350064994128e-03,8.168431680405e+01,2.294007556954e+01,1.712052127025e+04,3.023846692985e+02,1.122951630340e+01,1.504661853124e-02
3.351578534763e-03,8.167662373834e+01,2.294841653610e+01,1.713674689561e+04,3.023846392202e+02,1.122951672456e+01,1.503783821189e-02
3.353090968160e-03,8.166892834298e+01,2.295675401989e+01,1.715298888134e+04,3.023846091075e+02,1.122951714729e+01,1.502905789165e-02
3.354602294631e-03,8.166123062130e+01,2.296508801607e+01,1.716924724437e+04,3.023845789604e+02,1.122951757158e+01,1.502027757763e-02
3.356112514490e-03,8.165353057660e+01,2.297341851981e+01,1.718552200165e+04,3.023845487789e+02,1.122951799745e+01,1.501149727697e-02
3.357621628046e-03,8.164582821222e+01,2.298174552627e+01,1.720181317011e+04,3.023845185630e+02,1.122951842488e+01,1.500271699681e-02
3.359129635613e-03,8.163812353147e+01,2.299006903063e+01,1.721812076674e+04,3.023844883126e+02,1.122951885389e+01,1.499393674426e-02
3.360636537508e-03,8.163041653766e+01,2.299838902813e+01,1.723444480859e+04,3.023844580278e+02,1.122951928446e+01,1.498515652644e-02
3.362142334045e-03,8.162270723412e+01,2.300670551398e+01,1.725078531265e+04,3.023844277085e+02,1.122951971661e+01,1.497637635047e-02
3.363647025538e-03,8.161499562414e+01,2.301501848341e+01,1.726714229601e+04,3.023843973547e+02,1.122952015034e+01,1.496759622347e-02
3.365150612307e-03,8.160728171102e+01,2.302332793169e+01,1.728351577575e+04,3.023843669664e+02,1.122952058563e+01,1.495881615253e-02
3.366653094669e-03,8.159956549807e+01,2.303163385410e+01,1.729990576900e+04,3.023843365435e+02,1.122952102251e+01,1.495003614476e-02
3.368154472940e-03,8.159184698859e+01,2.303993624591e+01,1.731631229287e+04,3.023843060861e+02,1.122952146096e+01,1.494125620726e-02
3.369654747444e-03,8.158412618586e+01,2.304823510244e+01,1.733273536456e+04,3.023842755941e+02,1.122952190099e+01,1.493247634712e-02
3.371153918498e-03,8.157640309318e+01,2.305653041902e+01,1.734917500125e+04,3.023842450676e+02,1.122952234261e+01,1.492369657143e-02
3.372651986424e-03,8.156867771384e+01,2.306482219096e+01,1.736563122016e+04,3.023842145064e+02,1.122952278580e+01,1.491491688728e-02
3.374148951544e-03,8.156095005111e+01,2.307311041363e+01,1.738210403853e+04,3.023841839106e+02,1.122952323057e+01,1.490613730174e-02
3.375644814182e-03,8.155322010828e+01,2.308139508241e+01,1.739859347364e+04,3.023841532802e+02,1.122952367693e+01,1.489735782188e-02
3.377139574660e-03,8.154548788863e+01,2.308967619266e+01,1.741509954279e+04,3.023841226150e+02,1.122952412487e+01,1.488857845479e-02
3.378633233304e-03,8.153775339543e+01,2.309795373980e+01,1.743162226329e+04,3.023840919153e+02,1.122952457439e+01,1.487979920753e-02
3.380125790438e-03,8.153001663194e+01,2.310622771925e+01,1.744816165249e+04,3.023840611808e+02,1.122952502550e+01,1.487102008716e-02
3.381617246390e-03,8.152227760144e+01,2.311449812643e+01,1.746471772778e+04,3.023840304116e+02,1.122952547820e+01,1.486224110073e-02
3.383107601486e-03,8.151453630718e+01,2.312276495680e+01,1.748129050656e+04,3.023839996076e+02,1.122952593249e+01,1.485346225530e-02
3.384596856054e-03,8.150679275243e+01,2.313102820581e+01,1.749788000624e+04,3.023839687689e+02,1.122952638836e+01,1.484468355792e-02
3.386085010422e-03,8.149904694045e+01,2.313928786896e+01,1.751448624429e+04,3.023839378955e+02,1.122952684583e+01,1.483590501563e-02
3.387572064922e-03,8.149129887448e+01,2.314754394174e+01,1.753110923818e+04,3.023839069872e+02,1.122952730488e+01,1.482712663547e-02
3.389058019881e-03,8.148354855777e+01,2.315579641965e+01,1.754774900542e+04,3.023838760442e+02,1.122952776553e+01,1.481834842448e-02
3.390542875634e-03,8.147579599357e+01,2.316404529824e+01,1.756440556355e+04,3.023838450663e+02,1.122952822778e+01,1.480957038967e-02
3.392026632509e-03,8.146804118513e+01,2.317229057304e+01,1.758107893011e+04,3.023838140536e+02,1.122952869161e+01,1.480079253809e-02
3.393509290843e-03,8.146028413568e+01,2.318053223961e+01,1.759776912270e+04,3.023837830060e+02,1.122952915704e+01,1.479201487675e-02
3.394990850966e-03,8.145252484846e+01,2.318877029352e+01,1.761447615892e+04,3.023837519235e+02,1.122952962407e+01,1.478323741266e-02
3.396471313214e-03,8.144476332670e+01,2.319700473037e+01,1.763120005641e+04,3.023837208062e+02,1.122953009270e+01,1.477446015284e-02
3.397950677924e-03,8.143699957363e+01,2.320523554577e+01,1.764794083285e+04,3.023836896539e+02,1.122953056292e+01,1.476568310429e-02
3.399428945430e-03,8.142923359247e+01,2.321346273534e+01,1.766469850591e+04,3.023836584667e+02,1.122953103475e+01,1.475690627401e-02
3.400906116069e-03,8.142146538646e+01,2.322168629471e+01,1.768147309331e+04,3.023836272445e+02,1.122953150817e+01,1.474812966901e-02
3.402382190180e-03,8.141369495879e+01,2.322990621953e+01,1.769826461280e+04,3.023835959874e+02,1.122953198320e+01,1.473935329627e-02
3.403857168101e-03,8.140592231270e+01,2.323812250549e+01,1.771507308214e+04,3.023835646952e+02,1.122953245983e+01,1.473057716278e-02
3.405331050172e-03,8.139814745139e+01,2.324633514825e+01,1.773189851914e+04,3.023835333681e+02,1.122953293806e+01,1.472180127552e-02
3.406803836731e-03,8.139037037807e+01,2.325454414352e+01,1.774874094159e+04,3.023835020059e+02,1.122953341790e+01,1.471302564148e-02
3.408275528122e-03,8.138259109595e+01,2.326274948702e+01,1.776560036737e+04,3.023834706087e+02,1.122953389934e+01,1.470425026762e-02
3.409746124685e-03,8.137480960822e+01,2.327095117447e+01,1.778247681434e+04,3.023834391765e+02,1.122953438239e+01,1.469547516091e-02
3.411215626762e-03,8.136702591809e+01,2.327914920163e+01,1.779937030040e+04,3.023834077092e+02,1.122953486704e+01,1.468670032832e-02
3.412684034698e-03,8.135924002876e+01,2.328734356425e+01,1.781628084348e+04,3.023833762067e+02,1.122953535331e+01,1.467792577681e-02
3.414151348837e-03,8.135145194340e+01,2.329553425811e+01,1.783320846154e+04,3.023833446692e+02,1.122953584119e+01,1.466915151332e-02
3.415617569523e-03,8.134366166522e+01,2.330372127900e+01,1.785015317254e+04,3.023833130965e+02,1.122953633067e+01,1.466037754482e-02
3.417082697103e-03,8.133586919738e+01,2.331190462273e+01,1.786711499452e+04,3.023832814887e+02,1.122953682177e+01,1.465160387824e-02
3.418546731922e-03,8.132807454309e+01,2.332008428513e+01,1.788409394549e+04,3.023832498457e+02,1.122953731448e+01,1.464283052052e-02
3.420009674328e-03,8.132027770551e+01,2.332826026202e+01,1.790109004350e+04,3.023832181675e+02,1.122953780881e+01,1.463405747860e-02
3.421471524671e-03,8.131247868781e+01,2.333643254928e+01,1.791810330667e+04,3.023831864541e+02,1.122953830475e+01,1.462528475939e-02
3.422932283297e-03,8.130467749318e+01,2.334460114275e+01,1.793513375308e+04,3.023831547055e+02,1.122953880231e+01,1.461651236985e-02
3.424391950558e-03,8.129687412477e+01,2.335276603833e+01,1.795218140089e+04,3.023831229217e+02,1.122953930148e+01,1.460774031688e-02
3.425850526803e-03,8.128906858575e+01,2.336092723192e+01,1.796924626826e+04,3.023830911026e+02,1.122953980227e+01,1.459896860739e-02
3.427308012384e-03,8.128126087929e+01,2.336908471942e+01,1.798632837338e+04,3.023830592482e+02,1.122954030468e+01,1.459019724829e-02
3.428764407653e-03,8.127345100853e+01,2.337723849678e+01,1.800342773448e+04,3.023830273585e+02,1.122954080871e+01,1.458142624650e-02
3.430219712962e-03,8.126563897663e+01,2.338538855992e+01,1.802054436979e+04,3.023829954336e+02,1.122954131436e+01,1.457265560891e-02
3.431673928666e-03,8.125782478674e+01,2.339353490482e+01,1.803767829760e+04,3.023829634733e+02,1.122954182163e+01,1.456388534241e-02
3.433127055119e-03,8.125000844202e+01,2.340167752745e+01,1.805482953620e+04,3.023829314776e+02,1.122954233053e+01,1.455511545390e-02
3.434579092677e-03,8.124218994559e+01,2.340981642380e+01,1.807199810393e+04,3.023828994466e+02,1.122954284105e+01,1.454634595025e-02
3.436030041693e-03,8.123436930061e+01,2.341795158986e+01,1.808918401912e+04,3.023828673802e+02,1.122954335319e+01,1.453757683836e-02
3.437479902527e-03,8.122654651021e+01,2.342608302167e+01,1.810638730017e+04,3.023828352784e+02,1.122954386696e+01,1.452880812510e-02
3.438928675534e-03,8.121872157752e+01,2.343421071525e+01,1.812360796549e+04,3.023828031412e+02,1.122954438236e+01,1.452003981732e-02
3.440376361074e-03,8.121089450567e+01,2.344233466665e+01,1.814084603349e+04,3.023827709685e+02,1.122954489938e+01,1.451127192192e-02
3.441822959505e-03,8.120306529779e+01,2.345045487195e+01,1.815810152265e+04,3.023827387604e+02,1.122954541804e+01,1.450250444572e-02
3.443268471187e-03,8.119523395700e+01,2.345857132721e+01,1.817537445146e+04,3.023827065168e+02,1.122954593832e+01,1.449373739561e-02
3.444712896480e-03,8.118740048643e+01,2.346668402854e+01,1.819266483842e+04,3.023826742378e+02,1.122954646024e+01,1.448497077842e-02
3.446156235747e-03,8.117956488918e+01,2.347479297203e+01,1.820997270210e+04,3.023826419232e+02,1.122954698378e+01,1.447620460099e-02
3.447598489348e-03,8.117172716837e+01,2.348289815382e+01,1.822729806103e+04,3.023826095731e+02,1.122954750896e+01,1.446743887018e-02
3.449039657646e-03,8.116388732711e+01,2.349099957005e+01,1.824464093383e+04,3.023825771875e+02,1.122954803578e+01,1.445867359281e-02
3.450479741007e-03,8.115604536851e+01,2.349909721686e+01,1.826200133912e+04,3.023825447663e+02,1.122954856422e+01,1.444990877571e-02
3.451918739792e-03,8.114820129566e+01,2.350719109043e+01,1.827937929555e+04,3.023825123095e+02,1.122954909431e+01,1.444114442570e-02
3.453356654367e-03,8.114035511167e+01,2.351528118693e+01,1.829677482179e+04,3.023824798171e+02,1.122954962603e+01,1.443238054961e-02
3.454793485100e-03,8.113250681963e+01,2.352336750258e+01,1.831418793656e+04,3.023824472891e+02,1.122955015938e+01,1.442361715424e-02
3.456229232354e-03,8.112465642264e+01,2.353145003356e+01,1.833161865857e+04,3.023824147255e+02,1.122955069438e+01,1.441485424642e-02
3.457663896499e-03,8.111680392378e+01,2.353952877613e+01,1.834906700658e+04,3.023823821263e+02,1.122955123102e+01,1.440609183293e-02
3.459097477902e-03,8.110894932613e+01,2.354760372651e+01,1.836653299940e+04,3.023823494913e+02,1.122955176929e+01,1.439732992058e-02
3.460529976931e-03,8.110109263279e+01,2.355567488096e+01,1.838401665582e+04,3.023823168207e+02,1.122955230921e+01,1.438856851617e-02
3.461961393956e-03,8.109323384683e+01,2.356374223575e+01,1.840151799467e+04,3.023822841144e+02,1.122955285077e+01,1.437980762647e-02
3.463391729348e-03,8.108537297132e+01,2.357180578717e+01,1.841903703485e+04,3.023822513724e+02,1.122955339398e+01,1.437104725827e-02
3.464820983478e-03,8.107751000933e+01,2.357986553153e+01,1.843657379523e+04,3.023822185946e+02,1.122955393883e+01,1.436228741835e-02
3.466249156716e-03,8.106964496394e+01,2.358792146512e+01,1.845412829473e+04,3.023821857811e+02,1.122955448532e+01,1.435352811347e-02
3.467676249435e-03,8.106177783821e+01,2.359597358428e+01,1.847170055230e+04,3.023821529318e+02,1.122955503346e+01,1.434476935042e-02
3.469102262009e-03,8.105390863520e+01,2.360402188536e+01,1.848929058693e+04,3.023821200467e+02,1.122955558325e+01,1.433601113595e-02
3.470527194813e-03,8.104603735796e+01,2.361206636471e+01,1.850689841762e+04,3.023820871259e+02,1.122955613469e+01,1.432725347680e-02
3.471951048218e-03,8.103816400956e+01,2.362010701870e+01,1.852452406337e+04,3.023820541691e+02,1.122955668777e+01,1.431849637974e-02
3.473373822602e-03,8.103028859303e+01,2.362814384373e+01,1.854216754328e+04,3.023820211766e+02,1.122955724251e+01,1.430973985151e-02
3.474795518341e-03,8.102241111144e+01,2.363617683619e+01,1.855982887642e+04,3.023819881482e+02,1.122955779890e+01,1.430098389884e-02
3.476216135810e-03,8.101453156783e+01,2.364420599249e+01,1.857750808189e+04,3.023819550839e+02,1.122955835694e+01,1.429222852849e-02
3.477635675388e-03,8.100664996523e+01,2.365223130907e+01,1.859520517883e+04,3.023819219837e+02,1.122955891663e+01,1.428347374716e-02
3.479054137453e-03,8.099876630667e+01,2.366025278238e+01,1.861292018643e+04,3.023818888476e+02,1.122955947797e+01,1.427471956159e-02
3.480471522384e-03,8.099088059521e+01,2.366827040886e+01,1.863065312387e+04,3.023818556756e+02,1.122956004098e+01,1.426596597850e-02
3.481887830560e-03,8.098299283387e+01,2.367628418499e+01,1.864840401037e+04,3.023818224676e+02,1.122956060563e+01,1.425721300459e-02
3.483303062360e-03,8.097510302567e+01,2.368429410725e+01,1.866617286517e+04,3.023817892237e+02,1.122956117195e+01,1.424846064659e-02
3.484717218169e-03,8.096721117363e+01,2.369230017217e+01,1.868395970758e+04,3.023817559438e+02,1.122956173992e+01,1.423970891118e-02
3.486130298365e-03,8.095931728079e+01,2.370030237622e+01,1.870176455686e+04,3.023817226278e+02,1.122956230955e+01,1.423095780507e-02
3.487542303332e-03,8.095142135014e+01,2.370830071597e+01,1.871958743239e+04,3.023816892759e+02,1.122956288084e+01,1.422220733493e-02
3.488953233453e-03,8.094352338472e+01,2.371629518794e+01,1.873742835350e+04,3.023816558879e+02,1.122956345379e+01,1.421345750748e-02
3.490363089112e-03,8.093562338753e+01,2.372428578869e+01,1.875528733957e+04,3.023816224639e+02,1.122956402840e+01,1.420470832938e-02
3.491771870693e-03,8.092772136157e+01,2.373227251480e+01,1.877316441004e+04,3.023815890038e+02,1.122956460468e+01,1.419595980730e-02
3.493179578582e-03,8.091981730984e+01,2.374025536285e+01,1.879105958435e+04,3.023815555076e+02,1.122956518262e+01,1.418721194792e-02
3.494586213164e-03,8.091191123536e+01,2.374823432944e+01,1.880897288194e+04,3.023815219754e+02,1.122956576222e+01,1.417846475791e-02
3.495991774827e-03,8.090400314110e+01,2.375620941118e+01,1.882690432234e+04,3.023814884070e+02,1.122956634349e+01,1.416971824391e-02
3.497396263957e-03,8.089609303007e+01,2.376418060471e+01,1.884485392508e+04,3.023814548024e+02,1.122956692642e+01,1.416097241259e-02
3.498799680943e-03,8.088818090526e+01,2.377214790666e+01,1.886282170968e+04,3.023814211617e+02,1.122956751103e+01,1.415222727058e-02
3.500202026172e-03,8.088026676965e+01,2.378011131369e+01,1.888080769574e+04,3.023813874848e+02,1.122956809730e+01,1.414348282455e-02
3.501603300035e-03,8.087235062622e+01,2.378807082247e+01,1.889881190288e+04,3.023813537718e+02,1.122956868523e+01,1.413473908110e-02
3.503003502922e-03,8.086443247796e+01,2.379602642967e+01,1.891683435072e+04,3.023813200225e+02,1.122956927484e+01,1.412599604689e-02
3.504402635224e-03,8.085651232783e+01,2.380397813201e+01,1.893487505895e+04,3.023812862370e+02,1.122956986612e+01,1.411725372852e-02
3.505800697331e-03,8.084859017882e+01,2.381192592618e+01,1.895293404722e+04,3.023812524152e+02,1.122957045907e+01,1.410851213264e-02
3.507197689637e-03,8.084066603388e+01,2.381986980893e+01,1.897101133529e+04,3.023812185572e+02,1.122957105370e+01,1.409977126584e-02
3.508593612533e-03,8.083273989600e+01,2.382780977697e+01,1.898910694287e+04,3.023811846630e+02,1.122957164999e+01,1.409103113474e-02
3.509988466413e-03,8.082481176811e+01,2.383574582707e+01,1.900722088978e+04,3.023811507324e+02,1.122957224797e+01,1.408229174593e-02
3.511382251672e-03,8.081688165320e+01,2.384367795599e+01,1.902535319579e+04,3.023811167655e+02,1.122957284761e+01,1.407355310602e-02
3.512774968706e-03,8.080894955419e+01,2.385160616053e+01,1.904350388077e+04,3.023810827623e+02,1.122957344894e+01,1.406481522159e-02
3.514166617907e-03,8.080101547407e+01,2.385953043745e+01,1.906167296453e+04,3.023810487227e+02,1.122957405194e+01,1.405607809925e-02
3.515557199673e-03,8.079307941577e+01,2.386745078357e+01,1.907986046699e+04,3.023810146468e+02,1.122957465662e+01,1.404734174555e-02
3.516946714401e-03,8.078514138223e+01,2.387536719572e+01,1.909806640806e+04,3.023809805344e+02,1.122957526297e+01,1.403860616708e-02
3.518335162489e-03,8.077720137639e+01,2.388327967073e+01,1.911629080769e+04,3.023809463857e+02,1.122957587101e+01,1.402987137040e-02
3.519722544335e-03,8.076925940120e+01,2.389118820545e+01,1.913453368584e+04,3.023809122006e+02,1.122957648073e+01,1.402113736208e-02
3.521108860337e-03,8.076131545959e+01,2.389909279674e+01,1.915279506253e+04,3.023808779790e+02,1.122957709213e+01,1.401240414868e-02
3.522494110893e-03,8.075336955450e+01,2.390699344146e+01,1.917107495775e+04,3.023808437210e+02,1.122957770522e+01,1.400367173675e-02
3.523878296407e-03,8.074542168883e+01,2.391489013653e+01,1.918937339160e+04,3.023808094265e+02,1.122957831998e+01,1.399494013283e-02
3.525261417278e-03,8.073747186554e+01,2.392278287883e+01,1.920769038414e+04,3.023807750956e+02,1.122957893643e+01,1.398620934346e-02
3.526643473907e-03,8.072952008752e+01,2.393067166528e+01,1.922602595550e+04,3.023807407281e+02,1.122957955457e+01,1.397747937518e-02
3.528024466697e-03,8.072156635770e+01,2.393855649282e+01,1.924438012580e+04,3.023807063241e+02,1.122958017439e+01,1.396875023451e-02
3.529404396049e-03,8.071361067901e+01,2.394643735838e+01,1.926275291522e+04,3.023806718836e+02,1.122958079590e+01,1.396002192799e-02
3.530783262369e-03,8.070565305433e+01,2.395431425892e+01,1.928114434397e+04,3.023806374065e+02,1.122958141910e+01,1.395129446212e-02
3.532161066059e-03,8.069769348659e+01,2.396218719141e+01,1.929955443225e+04,3.023806028928e+02,1.122958204399e+01,1.394256784342e-02
3.533537807526e-03,8.068973197868e+01,2.397005615284e+01,1.931798320035e+04,3.023805683426e+02,1.122958267057e+01,1.393384207838e-02
3.534913487172e-03,8.068176853351e+01,2.397792114020e+01,1.933643066851e+04,3.023805337557e+02,1.122958329883e+01,1.392511717352e-02
3.536288105406e-03,8.067380315398e+01,2.398578215049e+01,1.935489685708e+04,3.023804991322e+02,1.122958392879e+01,1.391639313533e-02
3.537661662634e-03,8.066583584297e+01,2.399363918076e+01,1.937338178637e+04,3.023804644721e+02,1.122958456045e+01,1.390766997028e-02
3.539034159262e-03,8.065786660338e+01,2.400149222801e+01,1.939188547676e+04,3.023804297754e+02,1.122958519379e+01,1.389894768488e-02
3.540405595699e-03,8.064989543809e+01,2.400934128932e+01,1.941040794866e+04,3.023803950419e+02,1.122958582883e+01,1.389022628557e-02
3.541775972354e-03,8.064192235000e+01,2.401718636174e+01,1.942894922246e+04,3.023803602718e+02,1.122958646556e+01,1.388150577886e-02
3.543145289636e-03,8.063394734196e+01,2.402502744236e+01,1.944750931866e+04,3.023803254649e+02,1.122958710400e+01,1.387278617118e-02
3.544513547954e-03,8.062597041687e+01,2.403286452825e+01,1.946608825770e+04,3.023802906213e+02,1.122958774412e+01,1.386406746901e-02
3.545880747718e-03,8.061799157760e+01,2.404069761651e+01,1.948468606011e+04,3.023802557410e+02,1.122958838595e+01,1.385534967881e-02
3.547246889342e-03,8.061001082701e+01,2.404852670428e+01,1.950330274643e+04,3.023802208239e+02,1.122958902947e+01,1.384663280699e-02
3.548611973234e-03,8.060202816798e+01,2.405635178867e+01,1.952193833721e+04,3.023801858701e+02,1.122958967470e+01,1.383791686003e-02
3.549975999810e-03,8.059404360336e+01,2.406417286683e+01,1.954059285307e+04,3.023801508794e+02,1.122959032162e+01,1.382920184434e-02
3.551338969480e-03,8.058605713602e+01,2.407198993591e+01,1.955926631463e+04,3.023801158520e+02,1.122959097025e+01,1.382048776635e-02
3.552700882659e-03,8.057806876881e+01,2.407980299307e+01,1.957795874251e+04,3.023800807877e+02,1.122959162057e+01,1.381177463250e-02
3.554061739763e-03,8.057007850457e+01,2.408761203551e+01,1.959667015746e+04,3.023800456865e+02,1.122959227260e+01,1.380306244919e-02
3.555421541202e-03,8.056208634618e+01,2.409541706041e+01,1.961540058010e+04,3.023800105485e+02,1.122959292634e+01,1.379435122284e-02
3.556780287396e-03,8.055409229645e+01,2.410321806498e+01,1.963415003126e+04,3.023799753737e+02,1.122959358178e+01,1.378564095985e-02
3.558137978760e-03,8.054609635825e+01,2.411101504645e+01,1.965291853165e+04,3.023799401619e+02,1.122959423892e+01,1.377693166662e-02
3.559494615709e-03,8.053809853441e+01,2.411880800204e+01,1.967170610208e+04,3.023799049132e+02,1.122959489777e+01,1.376822334954e-02
3.560850198662e-03,8.053009882777e+01,2.412659692899e+01,1.969051276339e+04,3.023798696276e+02,1.122959555833e+01,1.375951601500e-02
3.562204728036e-03,8.052209724115e+01,2.413438182458e+01,1.970933853641e+04,3.023798343050e+02,1.122959622060e+01,1.375080966939e-02
3.563558204252e-03,8.051409377738e+01,2.414216268607e+01,1.972818344205e+04,3.023797989455e+02,1.122959688457e+01,1.374210431907e-02
3.564910627726e-03,8.050608843930e+01,2.414993951074e+01,1.974704750121e+04,3.023797635490e+02,1.122959755026e+01,1.373339997041e-02
3.566261998878e-03,8.049808122972e+01,2.415771229588e+01,1.976593073481e+04,3.023797281155e+02,1.122959821766e+01,1.372469662978e-02
3.567612318131e-03,8.049007215146e+01,2.416548103883e+01,1.978483316386e+04,3.023796926449e+02,1.122959888676e+01,1.371599430353e-02
3.568961585903e-03,8.048206120734e+01,2.417324573688e+01,1.980375480933e+04,3.023796571374e+02,1.122959955758e+01,1.370729299801e-02
3.570309802618e-03,8.047404840016e+01,2.418100638739e+01,1.982269569227e+04,3.023796215928e+02,1.122960023012e+01,1.369859271957e-02
3.571656968697e-03,8.046603373274e+01,2.418876298769e+01,1.984165583371e+04,3.023795860111e+02,1.122960090437e+01,1.368989347454e-02
3.573003084562e-03,8.045801720788e+01,2.419651553516e+01,1.986063525476e+04,3.023795503923e+02,1.122960158033e+01,1.368119526927e-02
3.574348150638e-03,8.044999882838e+01,2.420426402715e+01,1.987963397651e+04,3.023795147365e+02,1.122960225801e+01,1.367249811007e-02
3.575692167348e-03,8.044197859704e+01,2.421200846106e+01,1.989865202014e+04,3.023794790435e+02,1.122960293741e+01,1.366380200325e-02
3.577035135116e-03,8.043395651666e+01,2.421974883429e+01,1.991768940679e+04,3.023794433134e+02,1.122960361852e+01,1.365510695515e-02
3.578377054369e-03,8.042593259003e+01,2.422748514425e+01,1.993674615767e+04,3.023794075461e+02,1.122960430135e+01,1.364641297206e-02
3.579717925530e-03,8.041790681993e+01,2.423521738836e+01,1.995582229402e+04,3.023793717417e+02,1.122960498590e+01,1.363772006028e-02
3.581057749028e-03,8.040987920914e+01,2.424294556405e+01,1.997491783710e+04,3.023793359001e+02,1.122960567217e+01,1.362902822612e-02
3.582396525289e-03,8.040184976046e+01,2.425066966879e+01,1.999403280820e+04,3.023793000213e+02,1.122960636016e+01,1.362033747585e-02
3.583734254740e-03,8.039381847665e+01,2.425838970003e+01,2.001316722863e+04,3.023792641052e+02,1.122960704988e+01,1.361164781577e-02
3.585070937809e-03,8.038578536050e+01,2.426610565524e+01,2.003232111974e+04,3.023792281519e+02,1.122960774131e+01,1.360295925214e-02
3.586406574926e-03,8.037775041477e+01,2.427381753191e+01,2.005149450291e+04,3.023791921614e+02,1.122960843447e+01,1.359427179125e-02
3.587741166519e-03,8.036971364222e+01,2.428152532754e+01,2.007068739956e+04,3.023791561336e+02,1.122960912936e+01,1.358558543934e-02
3.589074713018e-03,8.036167504563e+01,2.428922903964e+01,2.008989983110e+04,3.023791200686e+02,1.122960982597e+01,1.357690020268e-02
3.590407214853e-03,8.035363462776e+01,2.429692866573e+01,2.010913181901e+04,3.023790839662e+02,1.122961052430e+01,1.356821608753e-02
3.591738672456e-03,8.034559239136e+01,2.430462420335e+01,2.012838338478e+04,3.023790478265e+02,1.122961122437e+01,1.355953310013e-02
3.593069086258e-03,8.033754833917e+01,2.431231565006e+01,2.014765454995e+04,3.023790116494e+02,1.122961192616e+01,1.355085124670e-02
3.594398456691e-03,8.032950247398e+01,2.432000300340e+01,2.016694533605e+04,3.023789754350e+02,1.122961262967e+01,1.354217053351e-02
3.595726784188e-03,8.032145479849e+01,2.432768626096e+01,2.018625576468e+04,3.023789391833e+02,1.122961333492e+01,1.353349096675e-02
3.597054069181e-03,8.031340531548e+01,2.433536542032e+01,2.020558585745e+04,3.023789028941e+02,1.122961404190e+01,1.352481255266e-02
3.598380312107e-03,8.030535402768e+01,2.434304047907e+01,2.022493563601e+04,3.023788665676e+02,1.122961475061e+01,1.351613529745e-02
3.599705513396e-03,8.029730093782e+01,2.435071143483e+01,2.024430512199e+04,3.023788302036e+02,1.122961546105e+01,1.350745920733e-02
3.601029673487e-03,8.028924604863e+01,2.435837828522e+01,2.026369433715e+04,3.023787938022e+02,1.122961617322e+01,1.349878428849e-02
3.602352792813e-03,8.028118936286e+01,2.436604102787e+01,2.028310330318e+04,3.023787573633e+02,1.122961688713e+01,1.349011054714e-02
3.603674871810e-03,8.027313088322e+01,2.437369966043e+01,2.030253204185e+04,3.023787208870e+02,1.122961760277e+01,1.348143798946e-02
3.604995910917e-03,8.026507061243e+01,2.438135418056e+01,2.032198057497e+04,3.023786843732e+02,1.122961832014e+01,1.347276662163e-02
3.606315910568e-03,8.025700855323e+01,2.438900458592e+01,2.034144892433e+04,3.023786478219e+02,1.122961903925e+01,1.346409644983e-02
3.607634871203e-03,8.024894470832e+01,2.439665087421e+01,2.036093711178e+04,3.023786112330e+02,1.122961976010e+01,1.345542748024e-02
3.608952793260e-03,8.024087908041e+01,2.440429304312e+01,2.038044515924e+04,3.023785746067e+02,1.122962048269e+01,1.344675971900e-02
3.610269677177e-03,8.023281167223e+01,2.441193109034e+01,2.039997308857e+04,3.023785379427e+02,1.122962120701e+01,1.343809317228e-02
3.611585523394e-03,8.022474248647e+01,2.441956501361e+01,2.041952092173e+04,3.023785012412e+02,1.122962193307e+01,1.342942784623e-02
3.612900332350e-03,8.021667152584e+01,2.442719481066e+01,2.043908868069e+04,3.023784645021e+02,1.122962266087e+01,1.342076374699e-02
3.614214104487e-03,8.020859879303e+01,2.443482047921e+01,2.045867638744e+04,3.023784277254e+02,1.122962339042e+01,1.341210088071e-02
3.615526840245e-03,8.020052429075e+01,2.444244201705e+01,2.047828406402e+04,3.023783909111e+02,1.122962412170e+01,1.340343925350e-02
3.616838540067e-03,8.019244802168e+01,2.445005942192e+01,2.049791173248e+04,3.023783540592e+02,1.122962485473e+01,1.339477887150e-02
3.618149204392e-03,8.018436998852e+01,2.445767269160e+01,2.051755941490e+04,3.023783171695e+02,1.122962558950e+01,1.338611974082e-02
3.619458833666e-03,8.017629019395e+01,2.446528182390e+01,2.053722713341e+04,3.023782802423e+02,1.122962632601e+01,1.337746186758e-02
3.620767428331e-03,8.016820864065e+01,2.447288681661e+01,2.055691491016e+04,3.023782432773e+02,1.122962706427e+01,1.336880525787e-02
3.622074988829e-03,8.016012533131e+01,2.448048766753e+01,2.057662276731e+04,3.023782062746e+02,1.122962780428e+01,1.336014991782e-02
3.623381515607e-03,8.015204026860e+01,2.448808437451e+01,2.059635072708e+04,3.023781692342e+02,1.122962854603e+01,1.335149585348e-02
3.624687009108e-03,8.014395345519e+01,2.449567693538e+01,2.061609881172e+04,3.023781321561e+02,1.122962928953e+01,1.334284307097e-02
3.625991469778e-03,8.013586489376e+01,2.450326534799e+01,2.063586704347e+04,3.023780950402e+02,1.122963003477e+01,1.333419157635e-02
3.627294898064e-03,8.012777458696e+01,2.451084961020e+01,2.065565544465e+04,3.023780578866e+02,1.122963078177e+01,1.332554137570e-02
3.628597294410e-03,8.011968253747e+01,2.451842971988e+01,2.067546403757e+04,3.023780206951e+02,1.122963153051e+01,1.331689247509e-02
3.629898659264e-03,8.011158874793e+01,2.452600567492e+01,2.069529284461e+04,3.023779834659e+02,1.122963228100e+01,1.330824488057e-02
3.631198993074e-03,8.010349322101e+01,2.453357747321e+01,2.071514188814e+04,3.023779461988e+02,1.122963303325e+01,1.329959859820e-02
3.632498296287e-03,8.009539595937e+01,2.454114511267e+01,2.073501119058e+04,3.023779088939e+02,1.122963378725e+01,1.329095363402e-02
3.633796569353e-03,8.008729696563e+01,2.454870859122e+01,2.075490077440e+04,3.023778715512e+02,1.122963454299e+01,1.328230999408e-02
3.635093812719e-03,8.007919624246e+01,2.455626790677e+01,2.077481066204e+04,3.023778341706e+02,1.122963530050e+01,1.327366768440e-02
3.636390026836e-03,8.007109379250e+01,2.456382305728e+01,2.079474087604e+04,3.023777967521e+02,1.122963605976e+01,1.326502671103e-02
3.637685212153e-03,8.006298961838e+01,2.457137404071e+01,2.081469143894e+04,3.023777592957e+02,1.122963682077e+01,1.325638707996e-02
3.638979369122e-03,8.005488372274e+01,2.457892085502e+01,2.083466237330e+04,3.023777218013e+02,1.122963758354e+01,1.324774879722e-02
3.640272498193e-03,8.004677610822e+01,2.458646349818e+01,2.085465370171e+04,3.023776842691e+02,1.122963834806e+01,1.323911186882e-02
3.641564599817e-03,8.003866677744e+01,2.459400196819e+01,2.087466544680e+04,3.023776466988e+02,1.122963911434e+01,1.323047630076e-02
3.642855674448e-03,8.003055573302e+01,2.460153626305e+01,2.089469763127e+04,3.023776090907e+02,1.122963988238e+01,1.322184209902e-02
3.644145722537e-03,8.002244297760e+01,2.460906638077e+01,2.091475027777e+04,3.023775714445e+02,1.122964065218e+01,1.321320926960e-02
3.645434744536e-03,8.001432851379e+01,2.461659231936e+01,2.093482340903e+04,3.023775337603e+02,1.122964142374e+01,1.320457781849e-02
3.646722740902e-03,8.000621234419e+01,2.462411407689e+01,2.095491704782e+04,3.023774960381e+02,1.122964219706e+01,1.319594775164e-02
3.648009712087e-03,7.999809447144e+01,2.463163165137e+01,2.097503121691e+04,3.023774582779e+02,1.122964297214e+01,1.318731907503e-02
3.649295658546e-03,7.998997489813e+01,2.463914504087e+01,2.099516593911e+04,3.023774204796e+02,1.122964374898e+01,1.317869179463e-02
3.650580580734e-03,7.998185362687e+01,2.464665424347e+01,2.101532123727e+04,3.023773826433e+02,1.122964452759e+01,1.317006591637e-02
3.651864479106e-03,7.997373066027e+01,2.465415925723e+01,2.103549713425e+04,3.023773447689e+02,1.122964530796e+01,1.316144144622e-02
3.653147354120e-03,7.996560600091e+01,2.466166008027e+01,2.105569365299e+04,3.023773068563e+02,1.122964609009e+01,1.315281839011e-02
3.654429206232e-03,7.995747965141e+01,2.466915671067e+01,2.107591081640e+04,3.023772689057e+02,1.122964687399e+01,1.314419675397e-02
3.655710035896e-03,7.994935161435e+01,2.467664914655e+01,2.109614864743e+04,3.023772309169e+02,1.122964765965e+01,1.313557654375e-02
3.656989843575e-03,7.994122189231e+01,2.468413738604e+01,2.111640716913e+04,3.023771928900e+02,1.122964844709e+01,1.312695776533e-02
3.658268629723e-03,7.993309048788e+01,2.469162142727e+01,2.113668640449e+04,3.023771548249e+02,1.122964923628e+01,1.311834042466e-02
3.659546394799e-03,7.992495740366e+01,2.469910126839e+01,2.115698637655e+04,3.023771167216e+02,1.122965002725e+01,1.310972452764e-02
3.660823139265e-03,7.991682264220e+01,2.470657690757e+01,2.117730710847e+04,3.023770785802e+02,1.122965081999e+01,1.310111008015e-02
3.662098863576e-03,7.990868620610e+01,2.471404834296e+01,2.119764862329e+04,3.023770404005e+02,1.122965161449e+01,1.309249708811e-02
3.663373568197e-03,7.990054809792e+01,2.472151557277e+01,2.121801094422e+04,3.023770021826e+02,1.122965241077e+01,1.308388555738e-02
3.664647253584e-03,7.989240832024e+01,2.472897859516e+01,2.123839409440e+04,3.023769639264e+02,1.122965320881e+01,1.307527549387e-02
3.665919920201e-03,7.988426687560e+01,2.473643740835e+01,2.125879809708e+04,3.023769256320e+02,1.122965400863e+01,1.306666690344e-02
3.667191568510e-03,7.987612376659e+01,2.474389201056e+01,2.127922297549e+04,3.023768872993e+02,1.122965481022e+01,1.305805979194e-02
3.668462198969e-03,7.986797899575e+01,2.475134240000e+01,2.129966875289e+04,3.023768489282e+02,1.122965561359e+01,1.304945416526e-02
3.669731812046e-03,7.985983256564e+01,2.475878857493e+01,2.132013545262e+04,3.023768105189e+02,1.122965641873e+01,1.304085002922e-02
3.671000408198e-03,7.985168447883e+01,2.476623053357e+01,2.134062309797e+04,3.023767720713e+02,1.122965722564e+01,1.303224738970e-02
3.672267987893e-03,7.984353473784e+01,2.477366827420e+01,2.136113171236e+04,3.023767335853e+02,1.122965803433e+01,1.302364625252e-02
3.673534551593e-03,7.983538334523e+01,2.478110179508e+01,2.138166131916e+04,3.023766950609e+02,1.122965884480e+01,1.301504662351e-02
3.674800099763e-03,7.982723030354e+01,2.478853109449e+01,2.140221194179e+04,3.023766564982e+02,1.122965965704e+01,1.300644850851e-02
3.676064632867e-03,7.981907561532e+01,2.479595617072e+01,2.142278360375e+04,3.023766178971e+02,1.122966047106e+01,1.299785191332e-02
3.677328151371e-03,7.981091928309e+01,2.480337702208e+01,2.144337632849e+04,3.023765792575e+02,1.122966128686e+01,1.298925684377e-02
3.678590655740e-03,7.980276130938e+01,2.481079364688e+01,2.146399013957e+04,3.023765405796e+02,1.122966210444e+01,1.298066330565e-02
3.679852146441e-03,7.979460169673e+01,2.481820604345e+01,2.148462506054e+04,3.023765018631e+02,1.122966292380e+01,1.297207130476e-02
3.681112623941e-03,7.978644044766e+01,2.482561421011e+01,2.150528111496e+04,3.023764631083e+02,1.122966374494e+01,1.296348084691e-02
3.682372088706e-03,7.977827756470e+01,2.483301814522e+01,2.152595832648e+04,3.023764243149e+02,1.122966456787e+01,1.295489193786e-02
3.683630541203e-03,7.977011305036e+01,2.484041784712e+01,2.154665671871e+04,3.023763854831e+02,1.122966539257e+01,1.294630458342e-02
3.684887981903e-03,7.976194690715e+01,2.484781331419e+01,2.156737631539e+04,3.023763466128e+02,1.122966621906e+01,1.293771878932e-02
3.686144411271e-03,7.975377913760e+01,2.485520454481e+01,2.158811714017e+04,3.023763077039e+02,1.122966704733e+01,1.292913456135e-02
3.687399829778e-03,7.974560974421e+01,2.486259153736e+01,2.160887921683e+04,3.023762687565e+02,1.122966787739e+01,1.292055190526e-02
3.688654237894e-03,7.973743872947e+01,2.486997429024e+01,2.162966256915e+04,3.023762297705e+02,1.122966870923e+01,1.291197082680e-02
3.689907636088e-03,7.972926609591e+01,2.487735280187e+01,2.165046722092e+04,3.023761907460e+02,1.122966954286e+01,1.290339133172e-02
3.691160024829e-03,7.972109184602e+01,2.488472707065e+01,2.167129319597e+04,3.023761516828e+02,1.122967037827e+01,1.289481342575e-02
3.692411404590e-03,7.971291598228e+01,2.489209709503e+01,2.169214051819e+04,3.023761125811e+02,1.122967121548e+01,1.288623711461e-02
3.693661775842e-03,7.970473850720e+01,2.489946287345e+01,2.171300921147e+04,3.023760734407e+02,1.122967205447e+01,1.287766240404e-02
3.694911139055e-03,7.969655942326e+01,2.490682440435e+01,2.173389929975e+04,3.023760342618e+02,1.122967289525e+01,1.286908929975e-02
3.696159494702e-03,7.968837873295e+01,2.491418168621e+01,2.175481080699e+04,3.023759950441e+02,1.122967373782e+01,1.286051780744e-02
3.697406843256e-03,7.968019643875e+01,2.492153471749e+01,2.177574375718e+04,3.023759557878e+02,1.122967458218e+01,1.285194793283e-02
3.698653185190e-03,7.967201254314e+01,2.492888349668e+01,2.179669817437e+04,3.023759164928e+02,1.122967542833e+01,1.284337968159e-02
3.699898520976e-03,7.966382704860e+01,2.493622802226e+01,2.181767408258e+04,3.023758771591e+02,1.122967627627e+01,1.283481305942e-02
3.701142851091e-03,7.965563995759e+01,2.494356829276e+01,2.183867150595e+04,3.023758377867e+02,1.122967712601e+01,1.282624807200e-02
3.702386176005e-03,7.964745127260e+01,2.495090430668e+01,2.185969046857e+04,3.023757983755e+02,1.122967797754e+01,1.281768472501e-02
3.703628496197e-03,7.963926099607e+01,2.495823606254e+01,2.188073099460e+04,3.023757589256e+02,1.122967883086e+01,1.280912302411e-02
3.704869812139e-03,7.963106913049e+01,2.496556355890e+01,2.190179310824e+04,3.023757194369e+02,1.122967968598e+01,1.280056297495e-02
3.706110124308e-03,7.962287567830e+01,2.497288679427e+01,2.192287683368e+04,3.023756799095e+02,1.122968054290e+01,1.279200458321e-02
3.707349433181e-03,7.961468064195e+01,2.498020576724e+01,2.194398219521e+04,3.023756403432e+02,1.122968140161e+01,1.278344785450e-02
3.708587739232e-03,7.960648402393e+01,2.498752047636e+01,2.196510921707e+04,3.023756007381e+02,1.122968226211e+01,1.277489279450e-02
3.709825042940e-03,7.959828582664e+01,2.499483092021e+01,2.198625792363e+04,3.023755610942e+02,1.122968312442e+01,1.276633940880e-02
3.711061344782e-03,7.959008605256e+01,2.500213709738e+01,2.200742833919e+04,3.023755214115e+02,1.122968398852e+01,1.275778770305e-02
3.712296645235e-03,7.958188470412e+01,2.500943900647e+01,2.202862048814e+04,3.023754816899e+02,1.122968485443e+01,1.274923768285e-02
3.713530944777e-03,7.957368178377e+01,2.501673664608e+01,2.204983439489e+04,3.023754419294e+02,1.122968572213e+01,1.274068935383e-02
3.714764243889e-03,7.956547729393e+01,2.502403001484e+01,2.207107008390e+04,3.023754021300e+02,1.122968659163e+01,1.273214272158e-02
3.715996543047e-03,7.955727123704e+01,2.503131911137e+01,2.209232757962e+04,3.023753622917e+02,1.122968746294e+01,1.272359779171e-02
3.717227842732e-03,7.954906361554e+01,2.503860393431e+01,2.211360690658e+04,3.023753224144e+02,1.122968833604e+01,1.271505456979e-02
3.718458143423e-03,7.954085443184e+01,2.504588448231e+01,2.213490808929e+04,3.023752824983e+02,1.122968921095e+01,1.270651306141e-02
3.719687445601e-03,7.953264368838e+01,2.505316075402e+01,2.215623115235e+04,3.023752425431e+02,1.122969008766e+01,1.269797327215e-02
3.720915749747e-03,7.952443138757e+01,2.506043274813e+01,2.217757612034e+04,3.023752025490e+02,1.122969096618e+01,1.268943520758e-02
3.722143056342e-03,7.951621753182e+01,2.506770046331e+01,2.219894301794e+04,3.023751625159e+02,1.122969184650e+01,1.268089887324e-02
3.723369365866e-03,7.950800212356e+01,2.507496389823e+01,2.222033186976e+04,3.023751224438e+02,1.122969272863e+01,1.267236427472e-02
3.724594678803e-03,7.949978516519e+01,2.508222305163e+01,2.224174270055e+04,3.023750823327e+02,1.122969361256e+01,1.266383141752e-02
3.725818995634e-03,7.949156665911e+01,2.508947792218e+01,2.226317553502e+04,3.023750421825e+02,1.122969449830e+01,1.265530030722e-02
3.727042316842e-03,7.948334660775e+01,2.509672850861e+01,2.228463039791e+04,3.023750019933e+02,1.122969538585e+01,1.264677094934e-02
3.728264642911e-03,7.947512501347e+01,2.510397480967e+01,2.230610731408e+04,3.023749617650e+02,1.122969627521e+01,1.263824334939e-02
3.729485974323e-03,7.946690187870e+01,2.511121682408e+01,2.232760630832e+04,3.023749214977e+02,1.122969716637e+01,1.262971751291e-02
3.730706311563e-03,7.945867720582e+01,2.511845455058e+01,2.234912740549e+04,3.023748811912e+02,1.122969805935e+01,1.262119344540e-02
3.731925655115e-03,7.945045099723e+01,2.512568798796e+01,2.237067063049e+04,3.023748408456e+02,1.122969895413e+01,1.261267115236e-02
3.733144005465e-03,7.944222325530e+01,2.513291713496e+01,2.239223600827e+04,3.023748004608e+02,1.122969985073e+01,1.260415063930e-02
3.734361363096e-03,7.943399398244e+01,2.514014199037e+01,2.241382356376e+04,3.023747600369e+02,1.122970074914e+01,1.259563191170e-02
3.735577728495e-03,7.942576318100e+01,2.514736255299e+01,2.243543332198e+04,3.023747195739e+02,1.122970164936e+01,1.258711497503e-02
3.736793102147e-03,7.941753085339e+01,2.515457882160e+01,2.245706530793e+04,3.023746790716e+02,1.122970255139e+01,1.257859983479e-02
3.738007484540e-03,7.940929700195e+01,2.516179079503e+01,2.247871954671e+04,3.023746385302e+02,1.122970345524e+01,1.257008649642e-02
3.739220876158e-03,7.940106162908e+01,2.516899847207e+01,2.250039606335e+04,3.023745979496e+02,1.122970436090e+01,1.256157496542e-02
3.740433277491e-03,7.939282473713e+01,2.517620185157e+01,2.252209488303e+04,3.023745573297e+02,1.122970526838e+01,1.255306524721e-02
3.741644689025e-03,7.938458632847e+01,2.518340093237e+01,2.254381603089e+04,3.023745166705e+02,1.122970617768e+01,1.254455734724e-02
3.742855111248e-03,7.937634640546e+01,2.519059571329e+01,2.256555953211e+04,3.023744759722e+02,1.122970708879e+01,1.253605127096e-02
3.744064544648e-03,7.936810497047e+01,2.519778619322e+01,2.258732541191e+04,3.023744352345e+02,1.122970800171e+01,1.252754702380e-02
3.745272989715e-03,7.935986202582e+01,2.520497237101e+01,2.260911369558e+04,3.023743944575e+02,1.122970891646e+01,1.251904461117e-02
3.746480446936e-03,7.935161757391e+01,2.521215424554e+01,2.263092440835e+04,3.023743536412e+02,1.122970983302e+01,1.251054403851e-02
3.747686916802e-03,7.934337161706e+01,2.521933181570e+01,2.265275757560e+04,3.023743127857e+02,1.122971075141e+01,1.250204531122e-02
3.748892399803e-03,7.933512415761e+01,2.522650508038e+01,2.267461322265e+04,3.023742718907e+02,1.122971167161e+01,1.249354843469e-02
3.750096896428e-03,7.932687519791e+01,2.523367403849e+01,2.269649137491e+04,3.023742309564e+02,1.122971259364e+01,1.248505341434e-02
3.751300407168e-03,7.931862474031e+01,2.524083868894e+01,2.271839205777e+04,3.023741899827e+02,1.122971351748e+01,1.247656025554e-02
3.752502932514e-03,7.931037278713e+01,2.524799903066e+01,2.274031529672e+04,3.023741489697e+02,1.122971444315e+01,1.246806896368e-02
3.753704472958e-03,7.930211934070e+01,2.525515506258e+01,2.276226111723e+04,3.023741079172e+02,1.122971537064e+01,1.245957954412e-02
3.754905028990e-03,7.929386440337e+01,2.526230678364e+01,2.278422954480e+04,3.023740668253e+02,1.122971629996e+01,1.245109200225e-02
3.756104601104e-03,7.928560797743e+01,2.526945419281e+01,2.280622060503e+04,3.023740256940e+02,1.122971723110e+01,1.244260634341e-02
3.757303189792e-03,7.927735006524e+01,2.527659728904e+01,2.282823432347e+04,3.023739845232e+02,1.122971816406e+01,1.243412257296e-02
3.758500795545e-03,7.926909066910e+01,2.528373607130e+01,2.285027072574e+04,3.023739433130e+02,1.122971909885e+01,1.242564069625e-02
3.759697418859e-03,7.926082979132e+01,2.529087053859e+01,2.287232983753e+04,3.023739020633e+02,1.122972003546e+01,1.241716071860e-02
3.760893060223e-03,7.925256743423e+01,2.529800068987e+01,2.289441168446e+04,3.023738607740e+02,1.122972097390e+01,1.240868264537e-02
3.762087720138e-03,7.924430360012e+01,2.530512652417e+01,2.291651629234e+04,3.023738194453e+02,1.122972191417e+01,1.240020648184e-02
3.763281399092e-03,7.923603829131e+01,2.531224804048e+01,2.293864368685e+04,3.023737780770e+02,1.122972285627e+01,1.239173223336e-02
3.764474097582e-03,7.922777151011e+01,2.531936523783e+01,2.296079389379e+04,3.023737366692e+02,1.122972380020e+01,1.238325990523e-02
3.765665816102e-03,7.921950325880e+01,2.532647811524e+01,2.298296693900e+04,3.023736952218e+02,1.122972474595e+01,1.237478950274e-02
3.766856555150e-03,7.921123353969e+01,2.533358667177e+01,2.300516284834e+04,3.023736537349e+02,1.122972569354e+01,1.236632103119e-02
3.768046315218e-03,7.920296235507e+01,2.534069090643e+01,2.302738164766e+04,3.023736122083e+02,1.122972664295e+01,1.235785449588e-02
3.769235096805e-03,7.919468970723e+01,2.534779081831e+01,2.304962336292e+04,3.023735706422e+02,1.122972759420e+01,1.234938990207e-02
3.770422900406e-03,7.918641559845e+01,2.535488640646e+01,2.307188802005e+04,3.023735290364e+02,1.122972854728e+01,1.234092725503e-02
3.771609726517e-03,7.917814003103e+01,2.536197766995e+01,2.309417564504e+04,3.023734873910e+02,1.122972950220e+01,1.233246656004e-02
3.772795575638e-03,7.916986300723e+01,2.536906460788e+01,2.311648626393e+04,3.023734457059e+02,1.122973045894e+01,1.232400782235e-02
3.773980448263e-03,7.916158452934e+01,2.537614721934e+01,2.313881990277e+04,3.023734039811e+02,1.122973141752e+01,1.231555104721e-02
3.775164344892e-03,7.915330459964e+01,2.538322550342e+01,2.316117658762e+04,3.023733622167e+02,1.122973237794e+01,1.230709623986e-02
3.776347266023e-03,7.914502322039e+01,2.539029945924e+01,2.318355634465e+04,3.023733204125e+02,1.122973334019e+01,1.229864340553e-02
3.777529212152e-03,7.913674039386e+01,2.539736908592e+01,2.320595919997e+04,3.023732785686e+02,1.122973430428e+01,1.229019254946e-02
3.778710183783e-03,7.912845612231e+01,2.540443438260e+01,2.322838517983e+04,3.023732366850e+02,1.122973527020e+01,1.228174367685e-02
3.779890181410e-03,7.912017040802e+01,2.541149534840e+01,2.325083431038e+04,3.023731947617e+02,1.122973623796e+01,1.227329679293e-02
3.781069205535e-03,7.911188325323e+01,2.541855198247e+01,2.327330661793e+04,3.023731527986e+02,1.122973720756e+01,1.226485190291e-02
3.782247256657e-03,7.910359466019e+01,2.542560428399e+01,2.329580212877e+04,3.023731107957e+02,1.122973817900e+01,1.225640901196e-02
3.783424335277e-03,7.909530463117e+01,2.543265225210e+01,2.331832086921e+04,3.023730687530e+02,1.122973915227e+01,1.224796812530e-02
3.784600441895e-03,7.908701316841e+01,2.543969588599e+01,2.334086286561e+04,3.023730266704e+02,1.122974012739e+01,1.223952924810e-02
3.785775577013e-03,7.907872027415e+01,2.544673518484e+01,2.336342814439e+04,3.023729845481e+02,1.122974110435e+01,1.223109238553e-02
3.786949741130e-03,7.907042595064e+01,2.545377014785e+01,2.338601673195e+04,3.023729423859e+02,1.122974208315e+01,1.222265754277e-02
3.788122934750e-03,7.906213020012e+01,2.546080077421e+01,2.340862865478e+04,3.023729001839e+02,1.122974306379e+01,1.221422472497e-02
3.789295158372e-03,7.905383302482e+01,2.546782706313e+01,2.343126393932e+04,3.023728579419e+02,1.122974404627e+01,1.220579393729e-02
3.790466412502e-03,7.904553442697e+01,2.547484901385e+01,2.345392261218e+04,3.023728156601e+02,1.122974503060e+01,1.219736518487e-02
3.791636697638e-03,7.903723440882e+01,2.548186662557e+01,2.347660469986e+04,3.023727733384e+02,1.122974601677e+01,1.218893847286e-02
3.792806014288e-03,7.902893297256e+01,2.548887989756e+01,2.349931022903e+04,3.023727309767e+02,1.122974700479e+01,1.218051380637e-02
3.793974362950e-03,7.902063012045e+01,2.549588882903e+01,2.352203922624e+04,3.023726885751e+02,1.122974799465e+01,1.217209119055e-02
3.795141744131e-03,7.901232585469e+01,2.550289341927e+01,2.354479171822e+04,3.023726461336e+02,1.122974898635e+01,1.216367063050e-02
3.796308158334e-03,7.900402017750e+01,2.550989366752e+01,2.356756773163e+04,3.023726036521e+02,1.122974997991e+01,1.215525213133e-02
3.797473606062e-03,7.899571309109e+01,2.551688957306e+01,2.359036729325e+04,3.023725611306e+02,1.122975097531e+01,1.214683569814e-02
3.798638087822e-03,7.898740459767e+01,2.552388113519e+01,2.361319042984e+04,3.023725185691e+02,1.122975197255e+01,1.213842133602e-02
3.799801604115e-03,7.897909469947e+01,2.553086835316e+01,2.363603716817e+04,3.023724759676e+02,1.122975297165e+01,1.213000905007e-02
3.800964155451e-03,7.897078339866e+01,2.553785122632e+01,2.365890753513e+04,3.023724333261e+02,1.122975397260e+01,1.212159884536e-02
3.802125742331e-03,7.896247069746e+01,2.554482975393e+01,2.368180155757e+04,3.023723906445e+02,1.122975497539e+01,1.211319072696e-02
3.803286365263e-03,7.895415659807e+01,2.555180393534e+01,2.370471926240e+04,3.023723479228e+02,1.122975598003e+01,1.210478469993e-02
3.804446024752e-03,7.894584110267e+01,2.555877376986e+01,2.372766067657e+04,3.023723051611e+02,1.122975698653e+01,1.209638076933e-02
3.805604721305e-03,7.893752421347e+01,2.556573925683e+01,2.375062582705e+04,3.023722623593e+02,1.122975799488e+01,1.208797894021e-02
3.806762455429e-03,7.892920593264e+01,2.557270039559e+01,2.377361474088e+04,3.023722195173e+02,1.122975900508e+01,1.207957921762e-02
3.807919227630e-03,7.892088626238e+01,2.557965718548e+01,2.379662744506e+04,3.023721766353e+02,1.122976001713e+01,1.207118160658e-02
3.809075038417e-03,7.891256520486e+01,2.558660962588e+01,2.381966396673e+04,3.023721337131e+02,1.122976103104e+01,1.206278611211e-02
3.810229888295e-03,7.890424276228e+01,2.559355771615e+01,2.384272433297e+04,3.023720907507e+02,1.122976204680e+01,1.205439273925e-02
3.811383777774e-03,7.889591893678e+01,2.560050145566e+01,2.386580857095e+04,3.023720477482e+02,1.122976306441e+01,1.204600149300e-02
3.812536707361e-03,7.888759373057e+01,2.560744084381e+01,2.388891670784e+04,3.023720047055e+02,1.122976408388e+01,1.203761237836e-02
3.813688677566e-03,7.887926714579e+01,2.561437587998e+01,2.391204877088e+04,3.023719616226e+02,1.122976510521e+01,1.202922540033e-02
3.814839688896e-03,7.887093918462e+01,2.562130656358e+01,2.393520478733e+04,3.023719184994e+02,1.122976612839e+01,1.202084056390e-02
3.815989741861e-03,7.886260984923e+01,2.562823289401e+01,2.395838478446e+04,3.023718753361e+02,1.122976715343e+01,1.201245787405e-02
3.817138836972e-03,7.885427914176e+01,2.563515487071e+01,2.398158878964e+04,3.023718321324e+02,1.122976818033e+01,1.200407733574e-02
3.818286974734e-03,7.884594706439e+01,2.564207249309e+01,2.400481683017e+04,3.023717888886e+02,1.122976920908e+01,1.199569895397e-02
3.819434155663e-03,7.883761361925e+01,2.564898576060e+01,2.402806893352e+04,3.023717456044e+02,1.122977023970e+01,1.198732273366e-02
3.820580380264e-03,7.882927880851e+01,2.565589467266e+01,2.405134512706e+04,3.023717022800e+02,1.122977127217e+01,1.197894867979e-02
3.821725649052e-03,7.882094263430e+01,2.566279922875e+01,2.407464543831e+04,3.023716589152e+02,1.122977230651e+01,1.197057679728e-02
3.822869962535e-03,7.881260509879e+01,2.566969942832e+01,2.409796989473e+04,3.023716155101e+02,1.122977334270e+01,1.196220709108e-02
3.824013321225e-03,7.880426620409e+01,2.567659527085e+01,2.412131852389e+04,3.023715720647e+02,1.122977438076e+01,1.195383956611e-02
3.825155725633e-03,7.879592595237e+01,2.568348675579e+01,2.414469135334e+04,3.023715285789e+02,1.122977542068e+01,1.194547422730e-02
3.826297176272e-03,7.878758434573e+01,2.569037388266e+01,2.416808841072e+04,3.023714850527e+02,1.122977646246e+01,1.193711107956e-02
3.827437673653e-03,7.877924138633e+01,2.569725665093e+01,2.419150972365e+04,3.023714414862e+02,1.122977750611e+01,1.192875012779e-02
3.828577218288e-03,7.877089707629e+01,2.570413506012e+01,2.421495531981e+04,3.023713978792e+02,1.122977855162e+01,1.192039137689e-02
3.829715810690e-03,7.876255141774e+01,2.571100910972e+01,2.423842522692e+04,3.023713542319e+02,1.122977959899e+01,1.191203483175e-02
3.830853451374e-03,7.875420441278e+01,2.571787879928e+01,2.426191947276e+04,3.023713105441e+02,1.122978064823e+01,1.190368049725e-02
3.831990140848e-03,7.874585606356e+01,2.572474412830e+01,2.428543808505e+04,3.023712668158e+02,1.122978169934e+01,1.189532837828e-02
3.833125879630e-03,7.873750637218e+01,2.573160509632e+01,2.430898109166e+04,3.023712230471e+02,1.122978275231e+01,1.188697847969e-02
3.834260668233e-03,7.872915534075e+01,2.573846170290e+01,2.433254852047e+04,3.023711792379e+02,1.122978380715e+01,1.187863080634e-02
3.835394507171e-03,7.872080297138e+01,2.574531394758e+01,2.435614039933e+04,3.023711353882e+02,1.122978486385e+01,1.187028536310e-02
3.836527396956e-03,7.871244926619e+01,2.575216182991e+01,2.437975675617e+04,3.023710914980e+02,1.122978592243e+01,1.186194215479e-02
3.837659338105e-03,7.870409422728e+01,2.575900534948e+01,2.440339761898e+04,3.023710475673e+02,1.122978698287e+01,1.185360118627e-02
3.838790331130e-03,7.869573785674e+01,2.576584450585e+01,2.442706301573e+04,3.023710035960e+02,1.122978804518e+01,1.184526246236e-02
3.839920376550e-03,7.868738015668e+01,2.577267929862e+01,2.445075297449e+04,3.023709595842e+02,1.122978910937e+01,1.183692598787e-02
3.841049474879e-03,7.867902112918e+01,2.577950972737e+01,2.447446752334e+04,3.023709155318e+02,1.122979017542e+01,1.182859176762e-02
3.842177626629e-03,7.867066077635e+01,2.578633579169e+01,2.449820669032e+04,3.023708714388e+02,1.122979124335e+01,1.182025980645e-02
3.843304832322e-03,7.866229910025e+01,2.579315749122e+01,2.452197050366e+04,3.023708273053e+02,1.122979231314e+01,1.181193010910e-02
3.844431092469e-03,7.865393610300e+01,2.579997482554e+01,2.454575899146e+04,3.023707831311e+02,1.122979338481e+01,1.180360268041e-02
3.845556407590e-03,7.864557178666e+01,2.580678779430e+01,2.456957218200e+04,3.023707389162e+02,1.122979445836e+01,1.179527752513e-02
3.846680778199e-03,7.863720615332e+01,2.581359639713e+01,2.459341010350e+04,3.023706946607e+02,1.122979553377e+01,1.178695464806e-02
3.847804204814e-03,7.862883920505e+01,2.582040063365e+01,2.461727278425e+04,3.023706503646e+02,1.122979661106e+01,1.177863405396e-02
3.848926687953e-03,7.862047094391e+01,2.582720050354e+01,2.464116025259e+04,3.023706060278e+02,1.122979769023e+01,1.177031574758e-02
3.850048228133e-03,7.861210137199e+01,2.583399600643e+01,2.466507253686e+04,3.023705616503e+02,1.122979877127e+01,1.176199973369e-02
3.851168825871e-03,7.860373049135e+01,2.584078714199e+01,2.468900966547e+04,3.023705172320e+02,1.122979985419e+01,1.175368601702e-02
3.852288481685e-03,7.859535830406e+01,2.584757390990e+01,2.471297166685e+04,3.023704727731e+02,1.122980093898e+01,1.174537460232e-02
3.853407196094e-03,7.858698481217e+01,2.585435630983e+01,2.473695856945e+04,3.023704282734e+02,1.122980202565e+01,1.173706549432e-02
3.854524969616e-03,7.857861001773e+01,2.586113434147e+01,2.476097040181e+04,3.023703837329e+02,1.122980311420e+01,1.172875869774e-02
3.855641802771e-03,7.857023392281e+01,2.586790800452e+01,2.478500719245e+04,3.023703391517e+02,1.122980420463e+01,1.172045421728e-02
3.856757696076e-03,7.856185652947e+01,2.587467729868e+01,2.480906896994e+04,3.023702945297e+02,1.122980529694e+01,1.171215205767e-02
3.857872650051e-03,7.855347783973e+01,2.588144222366e+01,2.483315576291e+04,3.023702498669e+02,1.122980639112e+01,1.170385222360e-02
3.858986665217e-03,7.854509785565e+01,2.588820277918e+01,2.485726760002e+04,3.023702051633e+02,1.122980748719e+01,1.169555471975e-02
3.860099742091e-03,7.853671657928e+01,2.589495896496e+01,2.488140450991e+04,3.023701604189e+02,1.122980858514e+01,1.168725955083e-02
3.861211881194e-03,7.852833401265e+01,2.590171078075e+01,2.490556652136e+04,3.023701156336e+02,1.122980968497e+01,1.167896672149e-02
3.862323083048e-03,7.851995015779e+01,2.590845822627e+01,2.492975366311e+04,3.023700708074e+02,1.122981078668e+01,1.167067623641e-02
3.863433348172e-03,7.851156501674e+01,2.591520130129e+01,2.495396596394e+04,3.023700259404e+02,1.122981189027e+01,1.166238810025e-02
3.864542677087e-03,7.850317859153e+01,2.592194000556e+01,2.497820345273e+04,3.023699810324e+02,1.122981299575e+01,1.165410231766e-02
3.865651070312e-03,7.849479088420e+01,2.592867433882e+01,2.500246615825e+04,3.023699360836e+02,1.122981410311e+01,1.164581889330e-02
3.866758528372e-03,7.848640189674e+01,2.593540430089e+01,2.502675410954e+04,3.023698910938e+02,1.122981521235e+01,1.163753783179e-02
3.867865051785e-03,7.847801163120e+01,2.594212989151e+01,2.505106733545e+04,3.023698460631e+02,1.122981632348e+01,1.162925913776e-02
3.868970641075e-03,7.846962008959e+01,2.594885111049e+01,2.507540586500e+04,3.023698009915e+02,1.122981743650e+01,1.162098281585e-02
3.870075296763e-03,7.846122727392e+01,2.595556795760e+01,2.509976972718e+04,3.023697558789e+02,1.122981855140e+01,1.161270887066e-02
3.871179019371e-03,7.845283318620e+01,2.596228043268e+01,2.512415895108e+04,3.023697107253e+02,1.122981966818e+01,1.160443730680e-02
3.872281809420e-03,7.844443782846e+01,2.596898853550e+01,2.514857356573e+04,3.023696655307e+02,1.122982078686e+01,1.159616812888e-02
3.873383667437e-03,7.843604120266e+01,2.597569226591e+01,2.517301360035e+04,3.023696202951e+02,1.122982190742e+01,1.158790134146e-02
3.874484593941e-03,7.842764331085e+01,2.598239162371e+01,2.519747908404e+04,3.023695750184e+02,1.122982302987e+01,1.157963694916e-02
3.875584589454e-03,7.841924415501e+01,2.598908660875e+01,2.522197004598e+04,3.023695297007e+02,1.122982415422e+01,1.157137495655e-02
3.876683654505e-03,7.841084373712e+01,2.599577722087e+01,2.524648651550e+04,3.023694843420e+02,1.122982528045e+01,1.156311536817e-02
3.877781789611e-03,7.840244205921e+01,2.600246345990e+01,2.527102852179e+04,3.023694389422e+02,1.122982640857e+01,1.155485818862e-02
3.878878995301e-03,7.839403912323e+01,2.600914532571e+01,2.529559609421e+04,3.023693935013e+02,1.122982753858e+01,1.154660342242e-02
3.879975272094e-03,7.838563493120e+01,2.601582281816e+01,2.532018926208e+04,3.023693480193e+02,1.122982867048e+01,1.153835107414e-02
3.881070620518e-03,7.837722948510e+01,2.602249593711e+01,2.534480805481e+04,3.023693024961e+02,1.122982980427e+01,1.153010114830e-02
3.882165041098e-03,7.836882278688e+01,2.602916468246e+01,2.536945250184e+04,3.023692569319e+02,1.122983093996e+01,1.152185364943e-02
3.883258534354e-03,7.836041483856e+01,2.603582905406e+01,2.539412263258e+04,3.023692113264e+02,1.122983207754e+01,1.151360858207e-02
3.884351100817e-03,7.835200564207e+01,2.604248905184e+01,2.541881847661e+04,3.023691656799e+02,1.122983321701e+01,1.150536595071e-02
3.885442741006e-03,7.834359519943e+01,2.604914467566e+01,2.544354006336e+04,3.023691199921e+02,1.122983435838e+01,1.149712575988e-02
3.886533455450e-03,7.833518351258e+01,2.605579592545e+01,2.546828742250e+04,3.023690742631e+02,1.122983550164e+01,1.148888801407e-02
3.887623244675e-03,7.832677058349e+01,2.606244280113e+01,2.549306058361e+04,3.023690284930e+02,1.122983664680e+01,1.148065271776e-02
3.888712109204e-03,7.831835641413e+01,2.606908530260e+01,2.551785957632e+04,3.023689826816e+02,1.122983779385e+01,1.147241987545e-02
3.889800049565e-03,7.830994100645e+01,2.607572342980e+01,2.554268443036e+04,3.023689368289e+02,1.122983894280e+01,1.146418949160e-02
3.890887066283e-03,7.830152436242e+01,2.608235718266e+01,2.556753517541e+04,3.023688909351e+02,1.122984009365e+01,1.145596157069e-02
3.891973159886e-03,7.829310648398e+01,2.608898656113e+01,2.559241184126e+04,3.023688449999e+02,1.122984124639e+01,1.144773611717e-02
3.893058330898e-03,7.828468737309e+01,2.609561156514e+01,2.561731445769e+04,3.023687990235e+02,1.122984240103e+01,1.143951313551e-02
3.894142579848e-03,7.827626703170e+01,2.610223219468e+01,2.564224305458e+04,3.023687530057e+02,1.122984355757e+01,1.143129263013e-02
3.895225907262e-03,7.826784546174e+01,2.610884844968e+01,2.566719766176e+04,3.023687069467e+02,1.122984471601e+01,1.142307460548e-02
3.896308313668e-03,7.825942266518e+01,2.611546033013e+01,2.569217830915e+04,3.023686608463e+02,1.122984587635e+01,1.141485906599e-02
3.897389799594e-03,7.825099864392e+01,2.612206783601e+01,2.571718502676e+04,3.023686147045e+02,1.122984703860e+01,1.140664601608e-02
3.898470365565e-03,7.824257339993e+01,2.612867096729e+01,2.574221784450e+04,3.023685685214e+02,1.122984820274e+01,1.139843546016e-02
3.899550012110e-03,7.823414693513e+01,2.613526972397e+01,2.576727679242e+04,3.023685222970e+02,1.122984936878e+01,1.139022740265e-02
3.900628739757e-03,7.822571925146e+01,2.614186410604e+01,2.579236190060e+04,3.023684760311e+02,1.122985053672e+01,1.138202184793e-02
3.901706549037e-03,7.821729035081e+01,2.614845411354e+01,2.581747319918e+04,3.023684297238e+02,1.122985170657e+01,1.137381880038e-02
3.902783440473e-03,7.820886023516e+01,2.615503974645e+01,2.584261071822e+04,3.023683833751e+02,1.122985287832e+01,1.136561826442e-02
3.903859414598e-03,7.820042890639e+01,2.616162100479e+01,2.586777448796e+04,3.023683369850e+02,1.122985405198e+01,1.135742024439e-02
3.904934471939e-03,7.819199636643e+01,2.616819788861e+01,2.589296453860e+04,3.023682905534e+02,1.122985522754e+01,1.134922474468e-02
3.906008613027e-03,7.818356261720e+01,2.617477039792e+01,2.591818090041e+04,3.023682440804e+02,1.122985640500e+01,1.134103176963e-02
3.907081838388e-03,7.817512766061e+01,2.618133853278e+01,2.594342360365e+04,3.023681975659e+02,1.122985758437e+01,1.133284132360e-02
3.908154148553e-03,7.816669149856e+01,2.618790229323e+01,2.596869267869e+04,3.023681510098e+02,1.122985876564e+01,1.132465341094e-02
3.909225544050e-03,7.815825413298e+01,2.619446167931e+01,2.599398815585e+04,3.023681044123e+02,1.122985994882e+01,1.131646803599e-02
3.910296025413e-03,7.814981556573e+01,2.620101669112e+01,2.601931006564e+04,3.023680577732e+02,1.122986113391e+01,1.130828520304e-02
3.911365593168e-03,7.814137579876e+01,2.620756732869e+01,2.604465843839e+04,3.023680110926e+02,1.122986232091e+01,1.130010491646e-02
3.912434247847e-03,7.813293483393e+01,2.621411359213e+01,2.607003330468e+04,3.023679643705e+02,1.122986350981e+01,1.129192718053e-02
3.913501989979e-03,7.812449267316e+01,2.622065548148e+01,2.609543469496e+04,3.023679176068e+02,1.122986470063e+01,1.128375199957e-02
3.914568820096e-03,7.811604931831e+01,2.622719299687e+01,2.612086263987e+04,3.023678708015e+02,1.122986589335e+01,1.127557937785e-02
3.915634738727e-03,7.810760477131e+01,2.623372613837e+01,2.614631716992e+04,3.023678239545e+02,1.122986708798e+01,1.126740931971e-02
3.916699746406e-03,7.809915903400e+01,2.624025490611e+01,2.617179831588e+04,3.023677770660e+02,1.122986828452e+01,1.125924182937e-02
3.917763843659e-03,7.809071210832e+01,2.624677930016e+01,2.619730610826e+04,3.023677301359e+02,1.122986948298e+01,1.125107691116e-02
3.918827031020e-03,7.808226399610e+01,2.625329932066e+01,2.622284057790e+04,3.023676831641e+02,1.122987068334e+01,1.124291456931e-02
3.919889309023e-03,7.807381469922e+01,2.625981496775e+01,2.624840175556e+04,3.023676361506e+02,1.122987188562e+01,1.123475480808e-02
3.920950678197e-03,7.806536421957e+01,2.626632624153e+01,2.627398967200e+04,3.023675890954e+02,1.122987308981e+01,1.122659763173e-02
3.922011139073e-03,7.805691255903e+01,2.627283314215e+01,2.629960435804e+04,3.023675419986e+02,1.122987429591e+01,1.121844304451e-02
3.923070692184e-03,7.804845971944e+01,2.627933566975e+01,2.632524584458e+04,3.023674948601e+02,1.122987550392e+01,1.121029105063e-02
3.924129338062e-03,7.804000570269e+01,2.628583382447e+01,2.635091416250e+04,3.023674476798e+02,1.122987671385e+01,1.120214165434e-02
3.925187077240e-03,7.803155051061e+01,2.629232760650e+01,2.637660934283e+04,3.023674004578e+02,1.122987792570e+01,1.119399485983e-02
3.926243910249e-03,7.802309414510e+01,2.629881701596e+01,2.640233141646e+04,3.023673531941e+02,1.122987913946e+01,1.118585067135e-02
3.927299837622e-03,7.801463660799e+01,2.630530205305e+01,2.642808041447e+04,3.023673058886e+02,1.122988035514e+01,1.117770909308e-02
3.928354859894e-03,7.800617790114e+01,2.631178271794e+01,2.645385636795e+04,3.023672585413e+02,1.122988157273e+01,1.116957012921e-02
3.929408977596e-03,7.799771802639e+01,2.631825901081e+01,2.647965930799e+04,3.023672111522e+02,1.122988279224e+01,1.116143378393e-02
3.930462191261e-03,7.798925698560e+01,2.632473093185e+01,2.650548926572e+04,3.023671637213e+02,1.122988401366e+01,1.115330006143e-02
3.931514501421e-03,7.798079478062e+01,2.633119848125e+01,2.653134627231e+04,3.023671162486e+02,1.122988523701e+01,1.114516896589e-02
3.932565908614e-03,7.797233141327e+01,2.633766165922e+01,2.655723035905e+04,3.023670687341e+02,1.122988646227e+01,1.113704050144e-02
3.933616413370e-03,7.796386688540e+01,2.634412046598e+01,2.658314155718e+04,3.023670211777e+02,1.122988768945e+01,1.112891467226e-02
3.934666016224e-03,7.795540119884e+01,2.635057490172e+01,2.660907989798e+04,3.023669735794e+02,1.122988891855e+01,1.112079148249e-02
3.935714717710e-03,7.794693435543e+01,2.635702496668e+01,2.663504541280e+04,3.023669259392e+02,1.122989014958e+01,1.111267093628e-02
3.936762518360e-03,7.793846635701e+01,2.636347066108e+01,2.666103813303e+04,3.023668782572e+02,1.122989138252e+01,1.110455303777e-02
3.937809418711e-03,7.792999720539e+01,2.636991198516e+01,2.668705809009e+04,3.023668305332e+02,1.122989261738e+01,1.109643779106e-02
3.938855419298e-03,7.792152690238e+01,2.637634893917e+01,2.671310531548e+04,3.023667827673e+02,1.122989385417e+01,1.108832520028e-02
3.939900520653e-03,7.791305544983e+01,2.638278152334e+01,2.673917984066e+04,3.023667349594e+02,1.122989509287e+01,1.108021526954e-02
3.940944723311e-03,7.790458284956e+01,2.638920973793e+01,2.676528169714e+04,3.023666871096e+02,1.122989633350e+01,1.107210800295e-02
3.941988027810e-03,7.789610910334e+01,2.639563358322e+01,2.679141091661e+04,3.023666392179e+02,1.122989757606e+01,1.106400340457e-02
3.943030434683e-03,7.788763421303e+01,2.640205305945e+01,2.681756753062e+04,3.023665912841e+02,1.122989882053e+01,1.105590147852e-02
3.944071944463e-03,7.787915818043e+01,2.640846816690e+01,2.684375157078e+04,3.023665433083e+02,1.122990006694e+01,1.104780222888e-02
3.945112557689e-03,7.787068100733e+01,2.641487890586e+01,2.686996306889e+04,3.023664952905e+02,1.122990131526e+01,1.103970565970e-02
3.946152274895e-03,7.786220269554e+01,2.642128527661e+01,2.689620205665e+04,3.023664472307e+02,1.122990256551e+01,1.103161177504e-02
3.947191096617e-03,7.785372324687e+01,2.642768727944e+01,2.692246856583e+04,3.023663991288e+02,1.122990381769e+01,1.102352057897e-02
3.948229023391e-03,7.784524266310e+01,2.643408491466e+01,2.694876262830e+04,3.023663509849e+02,1.122990507180e+01,1.101543207552e-02
3.949266055750e-03,7.783676094606e+01,2.644047818255e+01,2.697508427579e+04,3.023663027989e+02,1.122990632783e+01,1.100734626877e-02
3.950302194237e-03,7.782827809748e+01,2.644686708345e+01,2.700143354040e+04,3.023662545708e+02,1.122990758579e+01,1.099926316269e-02
3.951337439381e-03,7.781979411921e+01,2.645325161766e+01,2.702781045392e+04,3.023662063006e+02,1.122990884567e+01,1.099118276134e-02
3.952371791723e-03,7.781130901300e+01,2.645963178551e+01,2.705421504839e+04,3.023661579883e+02,1.122991010749e+01,1.098310506873e-02
3.953405251796e-03,7.780282278066e+01,2.646600758732e+01,2.708064735579e+04,3.023661096338e+02,1.122991137123e+01,1.097503008887e-02
3.954437820138e-03,7.779433542396e+01,2.647237902343e+01,2.710710740819e+04,3.023660612372e+02,1.122991263691e+01,1.096695782577e-02
3.955469497291e-03,7.778584694464e+01,2.647874609421e+01,2.713359523782e+04,3.023660127984e+02,1.122991390451e+01,1.095888828337e-02
3.956500283785e-03,7.777735734452e+01,2.648510879997e+01,2.716011087666e+04,3.023659643175e+02,1.122991517404e+01,1.095082146571e-02
3.957530180156e-03,7.776886662539e+01,2.649146714106e+01,2.718665435686e+04,3.023659157943e+02,1.122991644551e+01,1.094275737677e-02
3.958559186952e-03,7.776037478894e+01,2.649782111790e+01,2.721322571090e+04,3.023658672290e+02,1.122991771891e+01,1.093469602044e-02
3.959587304696e-03,7.775188183703e+01,2.650417073077e+01,2.723982497071e+04,3.023658186214e+02,1.122991899424e+01,1.092663740079e-02
3.960614533939e-03,7.774338777133e+01,2.651051598013e+01,2.726645216891e+04,3.023657699715e+02,1.122992027150e+01,1.091858152168e-02
3.961640875207e-03,7.773489259369e+01,2.651685686629e+01,2.729310733758e+04,3.023657212795e+02,1.122992155070e+01,1.091052838712e-02
3.962666329047e-03,7.772639630580e+01,2.652319338968e+01,2.731979050930e+04,3.023656725451e+02,1.122992283182e+01,1.090247800100e-02
3.963690895991e-03,7.771789890945e+01,2.652952555065e+01,2.734650171637e+04,3.023656237685e+02,1.122992411489e+01,1.089443036729e-02
3.964714576580e-03,7.770940040637e+01,2.653585334964e+01,2.737324099134e+04,3.023655749495e+02,1.122992539989e+01,1.088638548987e-02
3.965737371351e-03,7.770090079832e+01,2.654217678703e+01,2.740000836668e+04,3.023655260883e+02,1.122992668682e+01,1.087834337268e-02
3.966759280841e-03,7.769240008707e+01,2.654849586321e+01,2.742680387489e+04,3.023654771847e+02,1.122992797569e+01,1.087030401963e-02
3.967780305593e-03,7.768389827430e+01,2.655481057864e+01,2.745362754869e+04,3.023654282388e+02,1.122992926650e+01,1.086226743458e-02
3.968800446141e-03,7.767539536181e+01,2.656112093371e+01,2.748047942060e+04,3.023653792505e+02,1.122993055924e+01,1.085423362147e-02
3.969819703024e-03,7.766689135132e+01,2.656742692885e+01,2.750735952331e+04,3.023653302199e+02,1.122993185392e+01,1.084620258415e-02
3.970838076785e-03,7.765838624454e+01,2.657372856451e+01,2.753426788959e+04,3.023652811468e+02,1.122993315054e+01,1.083817432650e-02
3.971855567957e-03,7.764988004324e+01,2.658002584110e+01,2.756120455211e+04,3.023652320314e+02,1.122993444909e+01,1.083014885240e-02
3.972872177083e-03,7.764137274913e+01,2.658631875908e+01,2.758816954371e+04,3.023651828736e+02,1.122993574959e+01,1.082212616569e-02
3.973887904703e-03,7.763286436391e+01,2.659260731892e+01,2.761516289729e+04,3.023651336733e+02,1.122993705202e+01,1.081410627021e-02
3.974902751351e-03,7.762435488937e+01,2.659889152102e+01,2.764218464555e+04,3.023650844305e+02,1.122993835640e+01,1.080608916986e-02
3.975916717571e-03,7.761584432717e+01,2.660517136590e+01,2.766923482158e+04,3.023650351454e+02,1.122993966271e+01,1.079807486842e-02
3.976929803903e-03,7.760733267904e+01,2.661144685401e+01,2.769631345830e+04,3.023649858177e+02,1.122994097097e+01,1.079006336972e-02
3.977942010885e-03,7.759881994670e+01,2.661771798581e+01,2.772342058867e+04,3.023649364475e+02,1.122994228117e+01,1.078205467760e-02
3.978953339055e-03,7.759030613188e+01,2.662398476179e+01,2.775055624574e+04,3.023648870349e+02,1.122994359331e+01,1.077404879587e-02
3.979963788953e-03,7.758179123628e+01,2.663024718243e+01,2.777772046256e+04,3.023648375797e+02,1.122994490739e+01,1.076604572833e-02
3.980973361126e-03,7.757327526156e+01,2.663650524824e+01,2.780491327243e+04,3.023647880820e+02,1.122994622341e+01,1.075804547875e-02
3.981982056103e-03,7.756475820950e+01,2.664275895969e+01,2.783213470827e+04,3.023647385417e+02,1.122994754138e+01,1.075004805097e-02
3.982989874434e-03,7.755624008174e+01,2.664900831730e+01,2.785938480348e+04,3.023646889589e+02,1.122994886129e+01,1.074205344872e-02
3.983996816652e-03,7.754772088003e+01,2.665525332156e+01,2.788666359116e+04,3.023646393335e+02,1.122995018315e+01,1.073406167582e-02
3.985002883304e-03,7.753920060600e+01,2.666149397302e+01,2.791397110479e+04,3.023645896655e+02,1.122995150695e+01,1.072607273597e-02
3.986008074923e-03,7.753067926141e+01,2.666773027214e+01,2.794130737748e+04,3.023645399549e+02,1.122995283270e+01,1.071808663301e-02
3.987012392058e-03,7.752215684788e+01,2.667396221952e+01,2.796867244284e+04,3.023644902017e+02,1.122995416039e+01,1.071010337060e-02
3.988015835242e-03,7.751363336716e+01,2.668018981563e+01,2.799606633407e+04,3.023644404058e+02,1.122995549003e+01,1.070212295256e-02
3.989018405020e-03,7.750510882090e+01,2.668641306103e+01,2.802348908475e+04,3.023643905673e+02,1.122995682162e+01,1.069414538257e-02
3.990020101933e-03,7.749658321078e+01,2.669263195626e+01,2.805094072839e+04,3.023643406861e+02,1.122995815515e+01,1.068617066437e-02
3.991020926520e-03,7.748805653850e+01,2.669884650187e+01,2.807842129844e+04,3.023642907622e+02,1.122995949063e+01,1.067819880170e-02
3.992020879325e-03,7.747952880571e+01,2.670505669841e+01,2.810593082861e+04,3.023642407957e+02,1.122996082807e+01,1.067022979823e-02
3.993019960888e-03,7.747100001408e+01,2.671126254646e+01,2.813346935248e+04,3.023641907864e+02,1.122996216744e+01,1.066226365768e-02
3.994018171748e-03,7.746247016532e+01,2.671746404653e+01,2.816103690362e+04,3.023641407344e+02,1.122996350877e+01,1.065430038377e-02
3.995015512449e-03,7.745393926106e+01,2.672366119925e+01,2.818863351588e+04,3.023640906397e+02,1.122996485205e+01,1.064633998014e-02
3.996011983534e-03,7.744540730296e+01,2.672985400517e+01,2.821625922298e+04,3.023640405022e+02,1.122996619728e+01,1.063838245049e-02
3.997007585539e-03,7.743687429272e+01,2.673604246485e+01,2.824391405863e+04,3.023639903220e+02,1.122996754446e+01,1.063042779852e-02
3.998002319010e-03,7.742834023197e+01,2.674222657891e+01,2.827159805675e+04,3.023639400989e+02,1.122996889359e+01,1.062247602784e-02
3.998996184493e-03,7.741980512232e+01,2.674840634796e+01,2.829931125133e+04,3.023638898331e+02,1.122997024468e+01,1.061452714211e-02
3.999989182517e-03,7.741126896555e+01,2.675458177251e+01,2.832705367594e+04,3.023638395244e+02,1.122997159771e+01,1.060658114505e-02
4.000981313640e-03,7.740273176316e+01,2.676075285328e+01,2.835482536502e+04,3.023637891730e+02,1.122997295270e+01,1.059863804018e-02
4.001972578390e-03,7.739419351692e+01,2.676691959078e+01,2.838262635216e+04,3.023637387787e+02,1.122997430965e+01,1.059069783124e-02
4.002962977317e-03,7.738565422841e+01,2.677308198567e+01,2.841045667161e+04,3.023636883415e+02,1.122997566854e+01,1.058276052181e-02
4.003952510963e-03,7.737711389927e+01,2.677924003857e+01,2.843831635752e+04,3.023636378615e+02,1.122997702939e+01,1.057482611548e-02
4.004941179868e-03,7.736857253117e+01,2.678539375009e+01,2.846620544390e+04,3.023635873385e+02,1.122997839220e+01,1.056689461590e-02
4.005928984577e-03,7.736003012572e+01,2.679154312088e+01,2.849412396500e+04,3.023635367727e+02,1.122997975696e+01,1.055896602664e-02
4.006915925629e-03,7.735148668457e+01,2.679768815155e+01,2.852207195498e+04,3.023634861640e+02,1.122998112368e+01,1.055104035131e-02
4.007902003567e-03,7.734294220936e+01,2.680382884274e+01,2.855004944811e+04,3.023634355123e+02,1.122998249235e+01,1.054311759351e-02
4.008887218936e-03,7.733439670169e+01,2.680996519513e+01,2.857805647877e+04,3.023633848177e+02,1.122998386298e+01,1.053519775678e-02
4.009871572281e-03,7.732585016319e+01,2.681609720935e+01,2.860609308131e+04,3.023633340801e+02,1.122998523557e+01,1.052728084470e-02
4.010855064139e-03,7.731730259550e+01,2.682222488604e+01,2.863415929005e+04,3.023632832996e+02,1.122998661011e+01,1.051936686084e-02
4.011837695057e-03,7.730875400022e+01,2.682834822589e+01,2.866225513947e+04,3.023632324760e+02,1.122998798662e+01,1.051145580875e-02
4.012819465575e-03,7.730020437899e+01,2.683446722956e+01,2.869038066402e+04,3.023631816095e+02,1.122998936508e+01,1.050354769198e-02
4.013800376238e-03,7.729165373342e+01,2.684058189770e+01,2.871853589823e+04,3.023631306999e+02,1.122999074550e+01,1.049564251406e-02
4.014780427591e-03,7.728310206509e+01,2.684669223103e+01,2.874672087674e+04,3.023630797474e+02,1.122999212789e+01,1.048774027851e-02
4.015759620174e-03,7.727454937565e+01,2.685279823019e+01,2.877493563405e+04,3.023630287517e+02,1.122999351223e+01,1.047984098888e-02
4.016737954533e-03,7.726599566667e+01,2.685889989590e+01,2.880318020492e+04,3.023629777130e+02,1.122999489853e+01,1.047194464865e-02
4.017715431207e-03,7.725744093979e+01,2.686499722883e+01,2.883145462391e+04,3.023629266313e+02,1.122999628679e+01,1.046405126137e-02
4.018692050745e-03,7.724888519657e+01,2.687109022970e+01,2.885975892590e+04,3.023628755064e+02,1.122999767702e+01,1.045616083049e-02
4.019667813686e-03,7.724032843865e+01,2.687717889919e+01,2.888809314557e+04,3.023628243385e+02,1.122999906921e+01,1.044827335954e-02
4.020642720578e-03,7.723177066759e+01,2.688326323803e+01,2.891645731785e+04,3.023627731274e+02,1.123000046336e+01,1.044038885197e-02
4.021616771961e-03,7.722321188500e+01,2.688934324692e+01,2.894485147750e+04,3.023627218732e+02,1.123000185947e+01,1.043250731128e-02
4.022589968380e-03,7.721465209246e+01,2.689541892659e+01,2.897327565950e+04,3.023626705758e+02,1.123000325755e+01,1.042462874093e-02
4.023562310378e-03,7.720609129157e+01,2.690149027775e+01,2.900172989878e+04,3.023626192353e+02,1.123000465759e+01,1.041675314437e-02
4.024533798500e-03,7.719752948392e+01,2.690755730114e+01,2.903021423033e+04,3.023625678516e+02,1.123000605960e+01,1.040888052507e-02
4.025504433289e-03,7.718896667106e+01,2.691361999750e+01,2.905872868924e+04,3.023625164247e+02,1.123000746357e+01,1.040101088646e-02
4.026474215293e-03,7.718040285457e+01,2.691967836756e+01,2.908727331064e+04,3.023624649547e+02,1.123000886951e+01,1.039314423196e-02
4.027443145048e-03,7.717183803608e+01,2.692573241205e+01,2.911584812948e+04,3.023624134413e+02,1.123001027741e+01,1.038528056506e-02
4.028411223106e-03,7.716327221711e+01,2.693178213175e+01,2.914445318113e+04,3.023623618848e+02,1.123001168728e+01,1.037741988910e-02
4.029378450007e-03,7.715470539925e+01,2.693782752740e+01,2.917308850070e+04,3.023623102850e+02,1.123001309912e+01,1.036956220755e-02
4.030344826298e-03,7.714613758404e+01,2.694386859976e+01,2.920175412355e+04,3.023622586420e+02,1.123001451292e+01,1.036170752378e-02
4.031310352519e-03,7.713756877310e+01,2.694990534959e+01,2.923045008487e+04,3.023622069556e+02,1.123001592869e+01,1.035385584122e-02
4.032275029219e-03,7.712899896794e+01,2.695593777767e+01,2.925917642011e+04,3.023621552260e+02,1.123001734643e+01,1.034600716323e-02
4.033238856939e-03,7.712042817015e+01,2.696196588476e+01,2.928793316458e+04,3.023621034530e+02,1.123001876614e+01,1.033816149321e-02
4.034201836226e-03,7.711185638128e+01,2.696798967165e+01,2.931672035382e+04,3.023620516368e+02,1.123002018782e+01,1.033031883453e-02
4.035163967624e-03,7.710328360287e+01,2.697400913912e+01,2.934553802326e+04,3.023619997772e+02,1.123002161147e+01,1.032247919054e-02
4.036125251676e-03,7.709470983649e+01,2.698002428797e+01,2.937438620845e+04,3.023619478743e+02,1.123002303709e+01,1.031464256462e-02
4.037085688929e-03,7.708613508368e+01,2.698603511898e+01,2.940326494494e+04,3.023618959279e+02,1.123002446468e+01,1.030680896011e-02
4.038045279924e-03,7.707755934600e+01,2.699204163294e+01,2.943217426831e+04,3.023618439382e+02,1.123002589424e+01,1.029897838036e-02
4.039004025211e-03,7.706898262497e+01,2.699804383069e+01,2.946111421435e+04,3.023617919052e+02,1.123002732578e+01,1.029115082869e-02
4.039961925330e-03,7.706040492216e+01,2.700404171300e+01,2.949008481863e+04,3.023617398287e+02,1.123002875928e+01,1.028332630845e-02
4.040918980829e-03,7.705182623907e+01,2.701003528071e+01,2.951908611701e+04,3.023616877088e+02,1.123003019476e+01,1.027550482293e-02
4.041875192251e-03,7.704324657727e+01,2.701602453462e+01,2.954811814520e+04,3.023616355454e+02,1.123003163221e+01,1.026768637547e-02
4.042830560145e-03,7.703466593825e+01,2.702200947559e+01,2.957718093918e+04,3.023615833386e+02,1.123003307163e+01,1.025987096934e-02
4.043785085048e-03,7.702608432361e+01,2.702799010438e+01,2.960627453461e+04,3.023615310883e+02,1.123003451303e+01,1.025205860789e-02
4.044738767513e-03,7.701750173482e+01,2.703396642189e+01,2.963539896764e+04,3.023614787946e+02,1.123003595641e+01,1.024424929435e-02
4.045691608082e-03,7.700891817341e+01,2.703993842893e+01,2.966455427417e+04,3.023614264573e+02,1.123003740176e+01,1.023644303203e-02
4.046643607298e-03,7.700033364093e+01,2.704590612633e+01,2.969374049015e+04,3.023613740766e+02,1.123003884908e+01,1.022863982421e-02
4.047594765708e-03,7.699174813888e+01,2.705186951494e+01,2.972295765170e+04,3.023613216523e+02,1.123004029838e+01,1.022083967414e-02
4.048545083860e-03,7.698316166876e+01,2.705782859565e+01,2.975220579502e+04,3.023612691844e+02,1.123004174966e+01,1.021304258507e-02
4.049494562297e-03,7.697457423211e+01,2.706378336928e+01,2.978148495618e+04,3.023612166731e+02,1.123004320291e+01,1.020524856025e-02
4.050443201564e-03,7.696598583043e+01,2.706973383671e+01,2.981079517141e+04,3.023611641181e+02,1.123004465814e+01,1.019745760294e-02
4.051391002203e-03,7.695739646527e+01,2.707567999876e+01,2.984013647679e+04,3.023611115196e+02,1.123004611535e+01,1.018966971639e-02
4.052337964767e-03,7.694880613805e+01,2.708162185638e+01,2.986950890892e+04,3.023610588775e+02,1.123004757454e+01,1.018188490377e-02
4.053284089795e-03,7.694021485035e+01,2.708755941037e+01,2.989891250389e+04,3.023610061917e+02,1.123004903570e+01,1.017410316835e-02
4.054229377836e-03,7.693162260362e+01,2.709349266167e+01,2.992834729823e+04,3.023609534624e+02,1.123005049885e+01,1.016632451330e-02
4.055173829432e-03,7.692302939941e+01,2.709942161111e+01,2.995781332823e+04,3.023609006894e+02,1.123005196397e+01,1.015854894187e-02
4.056117445134e-03,7.691443523915e+01,2.710534625963e+01,2.998731063056e+04,3.023608478727e+02,1.123005343108e+01,1.015077645720e-02
4.057060225482e-03,7.690584012440e+01,2.711126660808e+01,3.001683924153e+04,3.023607950124e+02,1.123005490016e+01,1.014300706253e-02
4.058002171025e-03,7.689724405661e+01,2.711718265738e+01,3.004639919784e+04,3.023607421084e+02,1.123005637123e+01,1.013524076100e-02
4.058943282308e-03,7.688864703728e+01,2.712309440844e+01,3.007599053605e+04,3.023606891607e+02,1.123005784428e+01,1.012747755581e-02
4.059883559875e-03,7.688004906788e+01,2.712900186215e+01,3.010561329283e+04,3.023606361693e+02,1.123005931931e+01,1.011971745011e-02
4.060823004272e-03,7.687145014992e+01,2.713490501943e+01,3.013526750485e+04,3.023605831341e+02,1.123006079632e+01,1.011196044706e-02
4.061761616049e-03,7.686285028484e+01,2.714080388122e+01,3.016495320897e+04,3.023605300552e+02,1.123006227532e+01,1.010420654979e-02
4.062699395747e-03,7.685424947415e+01,2.714669844840e+01,3.019467044185e+04,3.023604769326e+02,1.123006375630e+01,1.009645576147e-02
4.063636343912e-03,7.684564771932e+01,2.715258872191e+01,3.022441924039e+04,3.023604237662e+02,1.123006523926e+01,1.008870808523e-02
4.064572461093e-03,7.683704502180e+01,2.715847470270e+01,3.025419964151e+04,3.023603705560e+02,1.123006672421e+01,1.008096352417e-02
4.065507747833e-03,7.682844138309e+01,2.716435639168e+01,3.028401168207e+04,3.023603173020e+02,1.123006821114e+01,1.007322208144e-02
4.066442204677e-03,7.681983680465e+01,2.717023378979e+01,3.031385539902e+04,3.023602640042e+02,1.123006970006e+01,1.006548376015e-02
4.067375832176e-03,7.681123128790e+01,2.717610689801e+01,3.034373082958e+04,3.023602106625e+02,1.123007119096e+01,1.005774856335e-02
4.068308630870e-03,7.680262483436e+01,2.718197571724e+01,3.037363801060e+04,3.023601572771e+02,1.123007268385e+01,1.005001649419e-02
4.069240601308e-03,7.679401744545e+01,2.718784024846e+01,3.040357697932e+04,3.023601038477e+02,1.123007417873e+01,1.004228755574e-02
4.070171744033e-03,7.678540912268e+01,2.719370049259e+01,3.043354777277e+04,3.023600503745e+02,1.123007567559e+01,1.003456175111e-02
4.071102059599e-03,7.677679986740e+01,2.719955645067e+01,3.046355042846e+04,3.023599968574e+02,1.123007717444e+01,1.002683908328e-02
4.072031548542e-03,7.676818968117e+01,2.720540812358e+01,3.049358498328e+04,3.023599432964e+02,1.123007867528e+01,1.001911955542e-02
4.072960211414e-03,7.675957856537e+01,2.721125551235e+01,3.052365147479e+04,3.023598896915e+02,1.123008017810e+01,1.001140317052e-02
4.073888048758e-03,7.675096652148e+01,2.721709861791e+01,3.055374994018e+04,3.023598360427e+02,1.123008168292e+01,1.000368993167e-02
4.074815061122e-03,7.674235355092e+01,2.722293744128e+01,3.058388041696e+04,3.023597823499e+02,1.123008318973e+01,9.995979841876e-03
4.075741249053e-03,7.673373965513e+01,2.722877198342e+01,3.061404294256e+04,3.023597286132e+02,1.123008469852e+01,9.988272904179e-03
4.076666613095e-03,7.672512483557e+01,2.723460224532e+01,3.064423755441e+04,3.023596748325e+02,1.123008620931e+01,9.980569121617e-03
4.077591153792e-03,7.671650909368e+01,2.724042822795e+01,3.067446429002e+04,3.023596210078e+02,1.123008772208e+01,9.972868497219e-03
4.078514871694e-03,7.670789243085e+01,2.724624993235e+01,3.070472318710e+04,3.023595671391e+02,1.123008923685e+01,9.965171033961e-03
4.079437767346e-03,7.669927484855e+01,2.725206735950e+01,3.073501428318e+04,3.023595132264e+02,1.123009075361e+01,9.957476734868e-03
4.080359841295e-03,7.669065634818e+01,2.725788051040e+01,3.076533761599e+04,3.023594592696e+02,1.123009227236e+01,9.949785602925e-03
4.081281094085e-03,7.668203693118e+01,2.726368938606e+01,3.079569322322e+04,3.023594052689e+02,1.123009379310e+01,9.942097641126e-03
4.082201526261e-03,7.667341659900e+01,2.726949398748e+01,3.082608114258e+04,3.023593512240e+02,1.123009531584e+01,9.934412852469e-03
4.083121138377e-03,7.666479535297e+01,2.727529431572e+01,3.085650141214e+04,3.023592971351e+02,1.123009684057e+01,9.926731239858e-03
4.084039930968e-03,7.665617319461e+01,2.728109037176e+01,3.088695406944e+04,3.023592430021e+02,1.123009836729e+01,9.919052806343e-03
4.084957904588e-03,7.664755012527e+01,2.728688215664e+01,3.091743915259e+04,3.023591888250e+02,1.123009989601e+01,9.911377554827e-03
4.085875059780e-03,7.663892614639e+01,2.729266967139e+01,3.094795669949e+04,3.023591346038e+02,1.123010142672e+01,9.903705488279e-03
4.086791397092e-03,7.663030125936e+01,2.729845291705e+01,3.097850674820e+04,3.023590803385e+02,1.123010295943e+01,9.896036609625e-03
4.087706917069e-03,7.662167546559e+01,2.730423189465e+01,3.100908933674e+04,3.023590260290e+02,1.123010449414e+01,9.888370921804e-03
4.088621620256e-03,7.661304876651e+01,2.731000660523e+01,3.103970450316e+04,3.023589716753e+02,1.123010603084e+01,9.880708427761e-03
4.089535507200e-03,7.660442116350e+01,2.731577704983e+01,3.107035228564e+04,3.023589172775e+02,1.123010756953e+01,9.873049130401e-03
4.090448578448e-03,7.659579265796e+01,2.732154322952e+01,3.110103272241e+04,3.023588628355e+02,1.123010911023e+01,9.865393032633e-03
4.091360834548e-03,7.658716325128e+01,2.732730514536e+01,3.113174585177e+04,3.023588083493e+02,1.123011065292e+01,9.857740137340e-03
4.092272276044e-03,7.657853294485e+01,2.733306279839e+01,3.116249171194e+04,3.023587538189e+02,1.123011219761e+01,9.850090447439e-03
4.093182903480e-03,7.656990174009e+01,2.733881618968e+01,3.119327034124e+04,3.023586992442e+02,1.123011374429e+01,9.842443965823e-03
4.094092717404e-03,7.656126963838e+01,2.734456532028e+01,3.122408177803e+04,3.023586446253e+02,1.123011529298e+01,9.834800695380e-03
4.095001718365e-03,7.655263664106e+01,2.735031019130e+01,3.125492606093e+04,3.023585899622e+02,1.123011684367e+01,9.827160638934e-03
4.095909906905e-03,7.654400274958e+01,2.735605080377e+01,3.128580322822e+04,3.023585352547e+02,1.123011839635e+01,9.819523799403e-03
4.096817283573e-03,7.653536796528e+01,2.736178715880e+01,3.131671331854e+04,3.023584805030e+02,1.123011995104e+01,9.811890179618e-03
4.097723848912e-03,7.652673228956e+01,2.736751925746e+01,3.134765637041e+04,3.023584257070e+02,1.123012150772e+01,9.804259782442e-03
4.098629603472e-03,7.651809572378e+01,2.737324710085e+01,3.137863242253e+04,3.023583708666e+02,1.123012306641e+01,9.796632610699e-03
4.099534547797e-03,7.650945826931e+01,2.737897069005e+01,3.140964151357e+04,3.023583159820e+02,1.123012462710e+01,9.789008667229e-03
4.100438682431e-03,7.650081992756e+01,2.738469002614e+01,3.144068368213e+04,3.023582610530e+02,1.123012618979e+01,9.781387954888e-03
4.101342007927e-03,7.649218069982e+01,2.739040511027e+01,3.147175896722e+04,3.023582060796e+02,1.123012775448e+01,9.773770476433e-03
4.102244524823e-03,7.648354058755e+01,2.739611594348e+01,3.150286740739e+04,3.023581510618e+02,1.123012932117e+01,9.766156234749e-03
4.103146233671e-03,7.647489959203e+01,2.740182252693e+01,3.153400904178e+04,3.023580959997e+02,1.123013088987e+01,9.758545232571e-03
4.104047135014e-03,7.646625771467e+01,2.740752486169e+01,3.156518390908e+04,3.023580408932e+02,1.123013246058e+01,9.750937472749e-03
4.104947229398e-03,7.645761495682e+01,2.741322294890e+01,3.159639204838e+04,3.023579857422e+02,1.123013403328e+01,9.743332958046e-03
4.105846517372e-03,7.644897131982e+01,2.741891678967e+01,3.162763349873e+04,3.023579305468e+02,1.123013560799e+01,9.735731691235e-03
4.106744999478e-03,7.644032680505e+01,2.742460638512e+01,3.165890829905e+04,3.023578753070e+02,1.123013718471e+01,9.728133675122e-03
4.107642676266e-03,7.643168141383e+01,2.743029173640e+01,3.169021648863e+04,3.023578200227e+02,1.123013876343e+01,9.720538912433e-03
4.108539548281e-03,7.642303514751e+01,2.743597284461e+01,3.172155810656e+04,3.023577646939e+02,1.123014034416e+01,9.712947405942e-03
4.109435616065e-03,7.641438800748e+01,2.744164971089e+01,3.175293319193e+04,3.023577093207e+02,1.123014192689e+01,9.705359158430e-03
4.110330880169e-03,7.640573999502e+01,2.744732233639e+01,3.178434178419e+04,3.023576539029e+02,1.123014351163e+01,9.697774172595e-03
4.111225341136e-03,7.639709111152e+01,2.745299072224e+01,3.181578392254e+04,3.023575984406e+02,1.123014509838e+01,9.690192451200e-03
4.112118999515e-03,7.638844135829e+01,2.745865486960e+01,3.184725964640e+04,3.023575429338e+02,1.123014668713e+01,9.682613996958e-03
4.113011855848e-03,7.637979073668e+01,2.746431477960e+01,3.187876899511e+04,3.023574873825e+02,1.123014827790e+01,9.675038812606e-03
4.113903910684e-03,7.637113924800e+01,2.746997045342e+01,3.191031200824e+04,3.023574317866e+02,1.123014987067e+01,9.667466900830e-03
4.114795164567e-03,7.636248689362e+01,2.747562189219e+01,3.194188872516e+04,3.023573761461e+02,1.123015146545e+01,9.659898264368e-03
4.115685618045e-03,7.635383367483e+01,2.748126909710e+01,3.197349918554e+04,3.023573204610e+02,1.123015306224e+01,9.652332905889e-03
4.116575271661e-03,7.634517959298e+01,2.748691206928e+01,3.200514342888e+04,3.023572647313e+02,1.123015466104e+01,9.644770828112e-03
4.117464125964e-03,7.633652464937e+01,2.749255080992e+01,3.203682149495e+04,3.023572089570e+02,1.123015626185e+01,9.637212033691e-03
4.118352181494e-03,7.632786884536e+01,2.749818532018e+01,3.206853342329e+04,3.023571531381e+02,1.123015786467e+01,9.629656525337e-03
4.119239438807e-03,7.631921218220e+01,2.750381560127e+01,3.210027925395e+04,3.023570972745e+02,1.123015946950e+01,9.622104305652e-03
4.120125898439e-03,7.631055466127e+01,2.750944165433e+01,3.213205902642e+04,3.023570413663e+02,1.123016107635e+01,9.614555377372e-03
4.121011560939e-03,7.630189628388e+01,2.751506348055e+01,3.216387278065e+04,3.023569854134e+02,1.123016268520e+01,9.607009743121e-03
4.121896426853e-03,7.629323705130e+01,2.752068108112e+01,3.219572055661e+04,3.023569294158e+02,1.123016429607e+01,9.599467405532e-03
4.122780496730e-03,7.628457696484e+01,2.752629445726e+01,3.222760239429e+04,3.023568733735e+02,1.123016590895e+01,9.591928367232e-03
4.123663771110e-03,7.627591602583e+01,2.753190361013e+01,3.225951833357e+04,3.023568172864e+02,1.123016752385e+01,9.584392630882e-03
4.124546250538e-03,7.626725423560e+01,2.753750854091e+01,3.229146841445e+04,3.023567611547e+02,1.123016914075e+01,9.576860199116e-03
4.125427935566e-03,7.625859159539e+01,2.754310925086e+01,3.232345267725e+04,3.023567049782e+02,1.123017075968e+01,9.569331074499e-03
4.126308826737e-03,7.624992810650e+01,2.754870574116e+01,3.235547116207e+04,3.023566487569e+02,1.123017238061e+01,9.561805259650e-03
4.127188924591e-03,7.624126377031e+01,2.755429801298e+01,3.238752390887e+04,3.023565924909e+02,1.123017400356e+01,9.554282757228e-03
4.128068229682e-03,7.623259858800e+01,2.755988606759e+01,3.241961095823e+04,3.023565361801e+02,1.123017562853e+01,9.546763569744e-03
4.128946742550e-03,7.622393256093e+01,2.756546990618e+01,3.245173235028e+04,3.023564798245e+02,1.123017725551e+01,9.539247699829e-03
4.129824463742e-03,7.621526569038e+01,2.757104952996e+01,3.248388812537e+04,3.023564234240e+02,1.123017888451e+01,9.531735150060e-03
4.130701393801e-03,7.620659797764e+01,2.757662494016e+01,3.251607832391e+04,3.023563669787e+02,1.123018051553e+01,9.524225923005e-03
4.131577533278e-03,7.619792942395e+01,2.758219613803e+01,3.254830298647e+04,3.023563104886e+02,1.123018214856e+01,9.516720021199e-03
4.132452882712e-03,7.618926003064e+01,2.758776312477e+01,3.258056215342e+04,3.023562539536e+02,1.123018378361e+01,9.509217447233e-03
4.133327442652e-03,7.618058979896e+01,2.759332590163e+01,3.261285586537e+04,3.023561973738e+02,1.123018542068e+01,9.501718203637e-03
4.134201213644e-03,7.617191873018e+01,2.759888446985e+01,3.264518416299e+04,3.023561407490e+02,1.123018705977e+01,9.494222292938e-03
4.135074196228e-03,7.616324682563e+01,2.760443883064e+01,3.267754708674e+04,3.023560840794e+02,1.123018870088e+01,9.486729717716e-03
4.135946390953e-03,7.615457408652e+01,2.760998898528e+01,3.270994467751e+04,3.023560273648e+02,1.123019034400e+01,9.479240480453e-03
4.136817798364e-03,7.614590051413e+01,2.761553493500e+01,3.274237697601e+04,3.023559706053e+02,1.123019198915e+01,9.471754583678e-03
4.137688419007e-03,7.613722610974e+01,2.762107668106e+01,3.277484402307e+04,3.023559138009e+02,1.123019363631e+01,9.464272029897e-03
4.138558253425e-03,7.612855087459e+01,2.762661422472e+01,3.280734585954e+04,3.023558569515e+02,1.123019528550e+01,9.456792821614e-03
4.139427302163e-03,7.611987480998e+01,2.763214756722e+01,3.283988252629e+04,3.023558000571e+02,1.123019693671e+01,9.449316961336e-03
4.140295565765e-03,7.611119791715e+01,2.763767670982e+01,3.287245406427e+04,3.023557431177e+02,1.123019858993e+01,9.441844451555e-03
4.141163044781e-03,7.610252019733e+01,2.764320165382e+01,3.290506051465e+04,3.023556861334e+02,1.123020024519e+01,9.434375294714e-03
4.142029739750e-03,7.609384165181e+01,2.764872240046e+01,3.293770191832e+04,3.023556291040e+02,1.123020190246e+01,9.426909493326e-03
4.142895651219e-03,7.608516228182e+01,2.765423895101e+01,3.297037831648e+04,3.023555720295e+02,1.123020356175e+01,9.419447049837e-03
4.143760779731e-03,7.607648208864e+01,2.765975130674e+01,3.300308975021e+04,3.023555149101e+02,1.123020522307e+01,9.411987966728e-03
4.144625125835e-03,7.606780107347e+01,2.766525946896e+01,3.303583626090e+04,3.023554577456e+02,1.123020688641e+01,9.404532246410e-03
4.145488690071e-03,7.605911923759e+01,2.767076343891e+01,3.306861788965e+04,3.023554005359e+02,1.123020855178e+01,9.397079891364e-03
4.146351472986e-03,7.605043658222e+01,2.767626321791e+01,3.310143467787e+04,3.023553432813e+02,1.123021021917e+01,9.389630904008e-03
4.147213475125e-03,7.604175310861e+01,2.768175880724e+01,3.313428666694e+04,3.023552859815e+02,1.123021188859e+01,9.382185286768e-03
4.148074697030e-03,7.603306881800e+01,2.768725020818e+01,3.316717389822e+04,3.023552286365e+02,1.123021356003e+01,9.374743042080e-03
4.148935139246e-03,7.602438371163e+01,2.769273742203e+01,3.320009641322e+04,3.023551712465e+02,1.123021523350e+01,9.367304172351e-03
4.149794802322e-03,7.601569779068e+01,2.769822045011e+01,3.323305425360e+04,3.023551138113e+02,1.123021690899e+01,9.359868679960e-03
4.150653686794e-03,7.600701105647e+01,2.770369929367e+01,3.326604746067e+04,3.023550563310e+02,1.123021858651e+01,9.352436567364e-03
4.151511793214e-03,7.599832351015e+01,2.770917395408e+01,3.329907607631e+04,3.023549988054e+02,1.123022026605e+01,9.345007836900e-03
4.152369122123e-03,7.598963515296e+01,2.771464443261e+01,3.333214014214e+04,3.023549412347e+02,1.123022194763e+01,9.337582490970e-03
4.153225674062e-03,7.598094598617e+01,2.772011073056e+01,3.336523969977e+04,3.023548836188e+02,1.123022363123e+01,9.330160531975e-03
4.154081449579e-03,7.597225601096e+01,2.772557284927e+01,3.339837479108e+04,3.023548259577e+02,1.123022531686e+01,9.322741962267e-03
4.154936449220e-03,7.596356522852e+01,2.773103079007e+01,3.343154545805e+04,3.023547682513e+02,1.123022700452e+01,9.315326784177e-03
4.155790673525e-03,7.595487364012e+01,2.773648455425e+01,3.346475174238e+04,3.023547104997e+02,1.123022869421e+01,9.307915000102e-03
4.156644123037e-03,7.594618124696e+01,2.774193414314e+01,3.349799368602e+04,3.023546527028e+02,1.123023038592e+01,9.300506612389e-03
4.157496798306e-03,7.593748805020e+01,2.774737955810e+01,3.353127133117e+04,3.023545948606e+02,1.123023207967e+01,9.293101623333e-03
4.158348699867e-03,7.592879405114e+01,2.775282080040e+01,3.356458471957e+04,3.023545369732e+02,1.123023377545e+01,9.285700035338e-03
4.159199828272e-03,7.592009925088e+01,2.775825787144e+01,3.359793389367e+04,3.023544790405e+02,1.123023547326e+01,9.278301850651e-03
4.160050184061e-03,7.591140365070e+01,2.776369077253e+01,3.363131889540e+04,3.023544210624e+02,1.123023717310e+01,9.270907071642e-03
4.160899767774e-03,7.590270725180e+01,2.776911950498e+01,3.366473976690e+04,3.023543630390e+02,1.123023887497e+01,9.263515700632e-03
4.161748579962e-03,7.589401005532e+01,2.777454407018e+01,3.369819655073e+04,3.023543049703e+02,1.123024057887e+01,9.256127739865e-03
4.162596621163e-03,7.588531206251e+01,2.777996446946e+01,3.373168928894e+04,3.023542468562e+02,1.123024228481e+01,9.248743191692e-03
4.163443891923e-03,7.587661327453e+01,2.778538070417e+01,3.376521802404e+04,3.023541886967e+02,1.123024399277e+01,9.241362058371e-03
4.164290392783e-03,7.586791369262e+01,2.779079277564e+01,3.379878279829e+04,3.023541304918e+02,1.123024570278e+01,9.233984342218e-03
4.165136124291e-03,7.585921331788e+01,2.779620068528e+01,3.383238365446e+04,3.023540722416e+02,1.123024741481e+01,9.226610045442e-03
4.165981086982e-03,7.585051215160e+01,2.780160443439e+01,3.386602063469e+04,3.023540139459e+02,1.123024912888e+01,9.219239170397e-03
4.166825281409e-03,7.584181019488e+01,2.780700402438e+01,3.389969378196e+04,3.023539556048e+02,1.123025084499e+01,9.211871719254e-03
4.167668708107e-03,7.583310744896e+01,2.781239945658e+01,3.393340313856e+04,3.023538972182e+02,1.123025256313e+01,9.204507694338e-03
4.168511367623e-03,7.582440391499e+01,2.781779073238e+01,3.396714874736e+04,3.023538387862e+02,1.123025428330e+01,9.197147097856e-03
4.169353260499e-03,7.581569959415e+01,2.782317785314e+01,3.400093065107e+04,3.023537803087e+02,1.123025600551e+01,9.189789932052e-03
4.170194387279e-03,7.580699448761e+01,2.782856082025e+01,3.403474889252e+04,3.023537217857e+02,1.123025772976e+01,9.182436199148e-03
4.171034748503e-03,7.579828859656e+01,2.783393963506e+01,3.406860351446e+04,3.023536632172e+02,1.123025945604e+01,9.175085901387e-03
4.171874344715e-03,7.578958192216e+01,2.783931429897e+01,3.410249455985e+04,3.023536046032e+02,1.123026118436e+01,9.167739040974e-03
4.172713176461e-03,7.578087446556e+01,2.784468481337e+01,3.413642207172e+04,3.023535459437e+02,1.123026291472e+01,9.160395620101e-03
4.173551244276e-03,7.577216622798e+01,2.785005117962e+01,3.417038609283e+04,3.023534872386e+02,1.123026464711e+01,9.153055641020e-03
4.174388548712e-03,7.576345721051e+01,2.785541339915e+01,3.420438666658e+04,3.023534284880e+02,1.123026638155e+01,9.145719105855e-03
4.175225090305e-03,7.575474741433e+01,2.786077147332e+01,3.423842383592e+04,3.023533696918e+02,1.123026811802e+01,9.138386016828e-03
4.176060869596e-03,7.574603684066e+01,2.786612540352e+01,3.427249764386e+04,3.023533108500e+02,1.123026985653e+01,9.131056376151e-03
4.176895887133e-03,7.573732549058e+01,2.787147519118e+01,3.430660813389e+04,3.023532519626e+02,1.123027159709e+01,9.123730185939e-03
4.177730143454e-03,7.572861336529e+01,2.787682083767e+01,3.434075534911e+04,3.023531930295e+02,1.123027333968e+01,9.116407448397e-03
4.178563639103e-03,7.571990046591e+01,2.788216234442e+01,3.437493933299e+04,3.023531340509e+02,1.123027508431e+01,9.109088165653e-03
4.179396374622e-03,7.571118679360e+01,2.788749971282e+01,3.440916012886e+04,3.023530750266e+02,1.123027683098e+01,9.101772339868e-03
4.180228350551e-03,7.570247234952e+01,2.789283294428e+01,3.444341778007e+04,3.023530159566e+02,1.123027857969e+01,9.094459973204e-03
4.181059567434e-03,7.569375713479e+01,2.789816204023e+01,3.447771233023e+04,3.023529568410e+02,1.123028033045e+01,9.087151067774e-03
4.181890025813e-03,7.568504115056e+01,2.790348700208e+01,3.451204382291e+04,3.023528976797e+02,1.123028208325e+01,9.079845625705e-03
4.182719726226e-03,7.567632439799e+01,2.790880783122e+01,3.454641230155e+04,3.023528384726e+02,1.123028383809e+01,9.072543649146e-03
4.183548669219e-03,7.566760687819e+01,2.791412452911e+01,3.458081780998e+04,3.023527792199e+02,1.123028559497e+01,9.065245140183e-03
4.184376855332e-03,7.565888859231e+01,2.791943709715e+01,3.461526039182e+04,3.023527199214e+02,1.123028735390e+01,9.057950100937e-03
4.185204285107e-03,7.565016954145e+01,2.792474553679e+01,3.464974009094e+04,3.023526605772e+02,1.123028911487e+01,9.050658533490e-03
4.186030959084e-03,7.564144972680e+01,2.793004984944e+01,3.468425695102e+04,3.023526011872e+02,1.123029087788e+01,9.043370439963e-03
4.186856877806e-03,7.563272914943e+01,2.793535003654e+01,3.471881101606e+04,3.023525417515e+02,1.123029264294e+01,9.036085822415e-03
4.187682041809e-03,7.562400781054e+01,2.794064609951e+01,3.475340232975e+04,3.023524822699e+02,1.123029441004e+01,9.028804682976e-03
4.188506451643e-03,7.561528571114e+01,2.794593803982e+01,3.478803093649e+04,3.023524227426e+02,1.123029617919e+01,9.021527023632e-03
4.189330107842e-03,7.560656285245e+01,2.795122585889e+01,3.482269688000e+04,3.023523631694e+02,1.123029795038e+01,9.014252846515e-03
4.190153010950e-03,7.559783923554e+01,2.795650955817e+01,3.485740020449e+04,3.023523035504e+02,1.123029972363e+01,9.006982153655e-03
4.190975161506e-03,7.558911486156e+01,2.796178913910e+01,3.489214095407e+04,3.023522438856e+02,1.123030149891e+01,8.999714947115e-03
4.191796560053e-03,7.558038973158e+01,2.796706460314e+01,3.492691917301e+04,3.023521841749e+02,1.123030327625e+01,8.992451228920e-03
4.192617207131e-03,7.557166384673e+01,2.797233595175e+01,3.496173490557e+04,3.023521244183e+02,1.123030505563e+01,8.985191001109e-03
4.193437103277e-03,7.556293720816e+01,2.797760318634e+01,3.499658819589e+04,3.023520646159e+02,1.123030683706e+01,8.977934265746e-03
4.194256249040e-03,7.555420981688e+01,2.798286630845e+01,3.503147908875e+04,3.023520047675e+02,1.123030862054e+01,8.970681024770e-03
4.195074644950e-03,7.554548167411e+01,2.798812531945e+01,3.506640762807e+04,3.023519448732e+02,1.123031040606e+01,8.963431280297e-03
4.195892291556e-03,7.553675278086e+01,2.799338022087e+01,3.510137385877e+04,3.023518849330e+02,1.123031219364e+01,8.956185034249e-03
4.196709189391e-03,7.552802313830e+01,2.799863101413e+01,3.513637782507e+04,3.023518249469e+02,1.123031398326e+01,8.948942288688e-03
4.197525339001e-03,7.551929274747e+01,2.800387770073e+01,3.517141957179e+04,3.023517649148e+02,1.123031577494e+01,8.941703045563e-03
4.198340740922e-03,7.551056160951e+01,2.800912028212e+01,3.520649914344e+04,3.023517048367e+02,1.123031756866e+01,8.934467306886e-03
4.199155395696e-03,7.550182972548e+01,2.801435875979e+01,3.524161658484e+04,3.023516447126e+02,1.123031936444e+01,8.927235074617e-03
4.199969303865e-03,7.549309709646e+01,2.801959313523e+01,3.527677194078e+04,3.023515845425e+02,1.123032116226e+01,8.920006350718e-03
4.200782465961e-03,7.548436372363e+01,2.802482340986e+01,3.531196525576e+04,3.023515243264e+02,1.123032296214e+01,8.912781137220e-03
4.201594882533e-03,7.547562960795e+01,2.803004958524e+01,3.534719657513e+04,3.023514640643e+02,1.123032476407e+01,8.905559435983e-03
4.202406554114e-03,7.546689475059e+01,2.803527166280e+01,3.538246594348e+04,3.023514037561e+02,1.123032656805e+01,8.898341249029e-03
4.203217481248e-03,7.545815915258e+01,2.804048964405e+01,3.541777340601e+04,3.023513434019e+02,1.123032837409e+01,8.891126578257e-03
4.204027664469e-03,7.544942281506e+01,2.804570353047e+01,3.545311900757e+04,3.023512830016e+02,1.123033018218e+01,8.883915425644e-03
4.204837104322e-03,7.544068573904e+01,2.805091332356e+01,3.548850279343e+04,3.023512225552e+02,1.123033199232e+01,8.876707793082e-03
4.205645801343e-03,7.543194792564e+01,2.805611902481e+01,3.552392480869e+04,3.023511620627e+02,1.123033380451e+01,8.869503682506e-03
4.206453756069e-03,7.542320937593e+01,2.806132063571e+01,3.555938509847e+04,3.023511015241e+02,1.123033561876e+01,8.862303095850e-03
4.207260969042e-03,7.541447009097e+01,2.806651815777e+01,3.559488370815e+04,3.023510409394e+02,1.123033743507e+01,8.855106034999e-03
4.208067440802e-03,7.540573007181e+01,2.807171159249e+01,3.563042068309e+04,3.023509803085e+02,1.123033925343e+01,8.847912501848e-03
4.208873171885e-03,7.539698931954e+01,2.807690094139e+01,3.566599606861e+04,3.023509196314e+02,1.123034107384e+01,8.840722498305e-03
4.209678162833e-03,7.538824783519e+01,2.808208620597e+01,3.570160991025e+04,3.023508589082e+02,1.123034289631e+01,8.833536026234e-03
4.210482414178e-03,7.537950561991e+01,2.808726738770e+01,3.573726225323e+04,3.023507981388e+02,1.123034472084e+01,8.826353087574e-03
4.211285926463e-03,7.537076267467e+01,2.809244448814e+01,3.577295314337e+04,3.023507373232e+02,1.123034654742e+01,8.819173684143e-03
4.212088700230e-03,7.536201900053e+01,2.809761750881e+01,3.580868262637e+04,3.023506764614e+02,1.123034837607e+01,8.811997817788e-03
4.212890736008e-03,7.535327459861e+01,2.810278645119e+01,3.584445074754e+04,3.023506155533e+02,1.123035020677e+01,8.804825490440e-03
4.213692034344e-03,7.534452946988e+01,2.810795131684e+01,3.588025755300e+04,3.023505545990e+02,1.123035203952e+01,8.797656703873e-03
4.214492595768e-03,7.533578361547e+01,2.811311210724e+01,3.591610308819e+04,3.023504935985e+02,1.123035387434e+01,8.790491460000e-03
4.215292420826e-03,7.532703703635e+01,2.811826882396e+01,3.595198739925e+04,3.023504325516e+02,1.123035571121e+01,8.783329760600e-03
4.216091510050e-03,7.531828973363e+01,2.812342146849e+01,3.598791053188e+04,3.023503714585e+02,1.123035755015e+01,8.776171607542e-03
4.216889863979e-03,7.530954170833e+01,2.812857004238e+01,3.602387253212e+04,3.023503103191e+02,1.123035939114e+01,8.769017002633e-03
4.217687483150e-03,7.530079296150e+01,2.813371454715e+01,3.605987344589e+04,3.023502491333e+02,1.123036123419e+01,8.761865947707e-03
4.218484368104e-03,7.529204349414e+01,2.813885498436e+01,3.609591331945e+04,3.023501879013e+02,1.123036307931e+01,8.754718444541e-03
4.219280519374e-03,7.528329330733e+01,2.814399135552e+01,3.613199219877e+04,3.023501266229e+02,1.123036492648e+01,8.747574494964e-03
4.220075937502e-03,7.527454240206e+01,2.814912366220e+01,3.616811013023e+04,3.023500652981e+02,1.123036677572e+01,8.740434100737e-03
4.220870623017e-03,7.526579077945e+01,2.815425190589e+01,3.620426715972e+04,3.023500039269e+02,1.123036862701e+01,8.733297263718e-03
4.221664576463e-03,7.525703844044e+01,2.815937608817e+01,3.624046333384e+04,3.023499425094e+02,1.123037048037e+01,8.726163985631e-03
4.222457798375e-03,7.524828538610e+01,2.816449621060e+01,3.627669869890e+04,3.023498810455e+02,1.123037233579e+01,8.719034268260e-03
4.223250289291e-03,7.523953161743e+01,2.816961227470e+01,3.631297330132e+04,3.023498195351e+02,1.123037419328e+01,8.711908113375e-03
4.224042049746e-03,7.523077713546e+01,2.817472428205e+01,3.634928718761e+04,3.023497579783e+02,1.123037605283e+01,8.704785522727e-03
4.224833080275e-03,7.522202194125e+01,2.817983223417e+01,3.638564040411e+04,3.023496963751e+02,1.123037791444e+01,8.697666498114e-03
4.225623381418e-03,7.521326603576e+01,2.818493613265e+01,3.642203299769e+04,3.023496347254e+02,1.123037977811e+01,8.690551041223e-03
4.226412953708e-03,7.520450942005e+01,2.819003597902e+01,3.645846501481e+04,3.023495730293e+02,1.123038164385e+01,8.683439153838e-03
4.227201797686e-03,7.519575209510e+01,2.819513177487e+01,3.649493650236e+04,3.023495112866e+02,1.123038351166e+01,8.676330837654e-03
4.227989913882e-03,7.518699406196e+01,2.820022352174e+01,3.653144750692e+04,3.023494494975e+02,1.123038538153e+01,8.669226094435e-03
4.228777302835e-03,7.517823532163e+01,2.820531122120e+01,3.656799807539e+04,3.023493876618e+02,1.123038725347e+01,8.662124925887e-03
4.229563965080e-03,7.516947587509e+01,2.821039487482e+01,3.660458825469e+04,3.023493257796e+02,1.123038912747e+01,8.655027333717e-03
4.230349901153e-03,7.516071572339e+01,2.821547448417e+01,3.664121809170e+04,3.023492638508e+02,1.123039100354e+01,8.647933319641e-03
4.231135111593e-03,7.515195486746e+01,2.822055005084e+01,3.667788763366e+04,3.023492018755e+02,1.123039288167e+01,8.640842885317e-03
4.231919596930e-03,7.514319330839e+01,2.822562157637e+01,3.671459692732e+04,3.023491398537e+02,1.123039476187e+01,8.633756032496e-03
4.232703357703e-03,7.513443104711e+01,2.823068906236e+01,3.675134602003e+04,3.023490777852e+02,1.123039664414e+01,8.626672762818e-03
4.233486394443e-03,7.512566808468e+01,2.823575251038e+01,3.678813495877e+04,3.023490156701e+02,1.123039852848e+01,8.619593078001e-03
4.234268707689e-03,7.511690442205e+01,2.824081192202e+01,3.682496379094e+04,3.023489535085e+02,1.123040041489e+01,8.612516979686e-03
4.235050297976e-03,7.510814006021e+01,2.824586729886e+01,3.686183256385e+04,3.023488913001e+02,1.123040230337e+01,8.605444469538e-03
4.235831165838e-03,7.509937500016e+01,2.825091864248e+01,3.689874132482e+04,3.023488290452e+02,1.123040419391e+01,8.598375549220e-03
4.236611311810e-03,7.509060924289e+01,2.825596595448e+01,3.693569012129e+04,3.023487667436e+02,1.123040608653e+01,8.591310220382e-03
4.237390736423e-03,7.508184278941e+01,2.826100923643e+01,3.697267900059e+04,3.023487043953e+02,1.123040798121e+01,8.584248484692e-03
4.238169440218e-03,7.507307564064e+01,2.826604848995e+01,3.700970801059e+04,3.023486420003e+02,1.123040987797e+01,8.577190343729e-03
4.238947423723e-03,7.506430779764e+01,2.827108371661e+01,3.704677719852e+04,3.023485795586e+02,1.123041177679e+01,8.570135799190e-03
4.239724687480e-03,7.505553926130e+01,2.827611491804e+01,3.708388661245e+04,3.023485170702e+02,1.123041367769e+01,8.563084852623e-03
4.240501232012e-03,7.504677003271e+01,2.828114209578e+01,3.712103629962e+04,3.023484545351e+02,1.123041558066e+01,8.556037505734e-03
4.241277057863e-03,7.503800011274e+01,2.828616525149e+01,3.715822630818e+04,3.023483919532e+02,1.123041748570e+01,8.548993760064e-03
4.242052165560e-03,7.502922950244e+01,2.829118438673e+01,3.719545668576e+04,3.023483293246e+02,1.123041939281e+01,8.541953617255e-03
4.242826555645e-03,7.502045820269e+01,2.829619950316e+01,3.723272748059e+04,3.023482666492e+02,1.123042130200e+01,8.534917078843e-03
4.243600228641e-03,7.501168621457e+01,2.830121060232e+01,3.727003874013e+04,3.023482039270e+02,1.123042321326e+01,8.527884146506e-03
4.244373185087e-03,7.500291353898e+01,2.830621768586e+01,3.730739051273e+04,3.023481411580e+02,1.123042512659e+01,8.520854821772e-03
4.245145425519e-03,7.499414017687e+01,2.831122075540e+01,3.734478284649e+04,3.023480783421e+02,1.123042704200e+01,8.513829106208e-03
4.245916950465e-03,7.498536612925e+01,2.831621981252e+01,3.738221578939e+04,3.023480154795e+02,1.123042895948e+01,8.506807001415e-03
4.246687760462e-03,7.497659139704e+01,2.832121485886e+01,3.741968938978e+04,3.023479525700e+02,1.123043087904e+01,8.499788508927e-03
4.247457856041e-03,7.496781598121e+01,2.832620589604e+01,3.745720369589e+04,3.023478896136e+02,1.123043280067e+01,8.492773630307e-03
4.248227237734e-03,7.495903988274e+01,2.833119292566e+01,3.749475875593e+04,3.023478266104e+02,1.123043472438e+01,8.485762367123e-03
4.248995906075e-03,7.495026310254e+01,2.833617594936e+01,3.753235461841e+04,3.023477635603e+02,1.123043665016e+01,8.478754720896e-03
4.249763861595e-03,7.494148564161e+01,2.834115496875e+01,3.756999133169e+04,3.023477004633e+02,1.123043857802e+01,8.471750693177e-03
4.250531104830e-03,7.493270750084e+01,2.834612998548e+01,3.760766894443e+04,3.023476373193e+02,1.123044050796e+01,8.464750285462e-03
4.251297636305e-03,7.492392868126e+01,2.835110100113e+01,3.764538750485e+04,3.023475741285e+02,1.123044243998e+01,8.457753499340e-03
4.252063456564e-03,7.491514918369e+01,2.835606801742e+01,3.768314706220e+04,3.023475108907e+02,1.123044437407e+01,8.450760336213e-03
4.252828566123e-03,7.490636900923e+01,2.836103103586e+01,3.772094766436e+04,3.023474476059e+02,1.123044631024e+01,8.443770797735e-03
4.253592965528e-03,7.489758815868e+01,2.836599005818e+01,3.775878936079e+04,3.023473842741e+02,1.123044824849e+01,8.436784885279e-03
4.254356655308e-03,7.488880663302e+01,2.837094508600e+01,3.779667220009e+04,3.023473208954e+02,1.123045018882e+01,8.429802600379e-03
4.255119635984e-03,7.488002443328e+01,2.837589612091e+01,3.783459623076e+04,3.023472574697e+02,1.123045213122e+01,8.422823944592e-03
4.255881908103e-03,7.487124156023e+01,2.838084316462e+01,3.787256150237e+04,3.023471939969e+02,1.123045407571e+01,8.415848919281e-03
4.256643472182e-03,7.486245801496e+01,2.838578621869e+01,3.791056806333e+04,3.023471304771e+02,1.123045602228e+01,8.408877526032e-03
4.257404328762e-03,7.485367379829e+01,2.839072528484e+01,3.794861596309e+04,3.023470669103e+02,1.123045797092e+01,8.401909766237e-03
4.258164478372e-03,7.484488891117e+01,2.839566036469e+01,3.798670525067e+04,3.023470032964e+02,1.123045992165e+01,8.394945641379e-03
4.258923921539e-03,7.483610335456e+01,2.840059145987e+01,3.802483597518e+04,3.023469396354e+02,1.123046187446e+01,8.387985152926e-03
4.259682658799e-03,7.482731712935e+01,2.840551857206e+01,3.806300818598e+04,3.023468759273e+02,1.123046382935e+01,8.381028302303e-03
4.260440690676e-03,7.481853023651e+01,2.841044170287e+01,3.810122193217e+04,3.023468121722e+02,1.123046578633e+01,8.374075090992e-03
4.261198017705e-03,7.480974267690e+01,2.841536085399e+01,3.813947726330e+04,3.023467483699e+02,1.123046774538e+01,8.367125520391e-03
4.261954640418e-03,7.480095445145e+01,2.842027602708e+01,3.817777422885e+04,3.023466845205e+02,1.123046970652e+01,8.360179591923e-03
4.262710559342e-03,7.479216556108e+01,2.842518722378e+01,3.821611287824e+04,3.023466206239e+02,1.123047166974e+01,8.353237307019e-03
4.263465775006e-03,7.478337600673e+01,2.843009444574e+01,3.825449326090e+04,3.023465566802e+02,1.123047363505e+01,8.346298667120e-03
4.264220287941e-03,7.477458578930e+01,2.843499769463e+01,3.829291542653e+04,3.023464926893e+02,1.123047560244e+01,8.339363673618e-03
4.264974098680e-03,7.476579490966e+01,2.843989697214e+01,3.833137942496e+04,3.023464286512e+02,1.123047757191e+01,8.332432327886e-03
4.265727207747e-03,7.475700336876e+01,2.844479227989e+01,3.836988530572e+04,3.023463645659e+02,1.123047954347e+01,8.325504631359e-03
4.266479615675e-03,7.474821116748e+01,2.844968361958e+01,3.840843311875e+04,3.023463004334e+02,1.123048151711e+01,8.318580585402e-03
4.267231322993e-03,7.473941830673e+01,2.845457099286e+01,3.844702291385e+04,3.023462362537e+02,1.123048349284e+01,8.311660191408e-03
4.267982330228e-03,7.473062478742e+01,2.845945440141e+01,3.848565474095e+04,3.023461720267e+02,1.123048547066e+01,8.304743450754e-03
4.268732637913e-03,7.472183061041e+01,2.846433384692e+01,3.852432865022e+04,3.023461077524e+02,1.123048745056e+01,8.297830364775e-03
4.269482246572e-03,7.471303577666e+01,2.846920933102e+01,3.856304469141e+04,3.023460434309e+02,1.123048943255e+01,8.290920934888e-03
4.270231156737e-03,7.470424028700e+01,2.847408085543e+01,3.860180291490e+04,3.023459790621e+02,1.123049141662e+01,8.284015162404e-03
4.270979368934e-03,7.469544414237e+01,2.847894842179e+01,3.864060337067e+04,3.023459146459e+02,1.123049340279e+01,8.277113048707e-03
4.271726883693e-03,7.468664734365e+01,2.848381203181e+01,3.867944610907e+04,3.023458501825e+02,1.123049539104e+01,8.270214595121e-03
4.272473701545e-03,7.467784989167e+01,2.848867168717e+01,3.871833118058e+04,3.023457856717e+02,1.123049738138e+01,8.263319802952e-03
4.273219823012e-03,7.466905178740e+01,2.849352738953e+01,3.875725863526e+04,3.023457211136e+02,1.123049937381e+01,8.256428673586e-03
4.273965248625e-03,7.466025303169e+01,2.849837914059e+01,3.879622852369e+04,3.023456565081e+02,1.123050136833e+01,8.249541208319e-03
4.274709978915e-03,7.465145362537e+01,2.850322694206e+01,3.883524089654e+04,3.023455918552e+02,1.123050336493e+01,8.242657408436e-03
4.275454014404e-03,7.464265356940e+01,2.850807079559e+01,3.887429580409e+04,3.023455271550e+02,1.123050536363e+01,8.235777275299e-03
4.276197355619e-03,7.463385286465e+01,2.851291070286e+01,3.891339329698e+04,3.023454624073e+02,1.123050736442e+01,8.228900810210e-03
4.276940003091e-03,7.462505151196e+01,2.851774666560e+01,3.895253342603e+04,3.023453976122e+02,1.123050936730e+01,8.222028014440e-03
4.277681957351e-03,7.461624951215e+01,2.852257868552e+01,3.899171624222e+04,3.023453327697e+02,1.123051137227e+01,8.215158889243e-03
4.278423218921e-03,7.460744686617e+01,2.852740676428e+01,3.903094179610e+04,3.023452678797e+02,1.123051337933e+01,8.208293435947e-03
4.279163788322e-03,7.459864357492e+01,2.853223090355e+01,3.907021013831e+04,3.023452029423e+02,1.123051538848e+01,8.201431655874e-03
4.279903666088e-03,7.458983963922e+01,2.853705110506e+01,3.910952132010e+04,3.023451379574e+02,1.123051739973e+01,8.194573550243e-03
4.280642852749e-03,7.458103505987e+01,2.854186737055e+01,3.914887539272e+04,3.023450729250e+02,1.123051941307e+01,8.187719120275e-03
4.281381348824e-03,7.457222983782e+01,2.854667970168e+01,3.918827240687e+04,3.023450078451e+02,1.123052142850e+01,8.180868367292e-03
4.282119154842e-03,7.456342397391e+01,2.855148810015e+01,3.922771241378e+04,3.023449427177e+02,1.123052344602e+01,8.174021292532e-03
4.282856271329e-03,7.455461746899e+01,2.855629256767e+01,3.926719546469e+04,3.023448775427e+02,1.123052546564e+01,8.167177897235e-03
4.283592698807e-03,7.454581032395e+01,2.856109310595e+01,3.930672161073e+04,3.023448123202e+02,1.123052748736e+01,8.160338182662e-03
4.284328437811e-03,7.453700253956e+01,2.856588971672e+01,3.934629090359e+04,3.023447470501e+02,1.123052951117e+01,8.153502149984e-03
4.285063488861e-03,7.452819411673e+01,2.857068240167e+01,3.938590339447e+04,3.023446817325e+02,1.123053153707e+01,8.146669800460e-03
4.285797852476e-03,7.451938505637e+01,2.857547116248e+01,3.942555913451e+04,3.023446163672e+02,1.123053356507e+01,8.139841135367e-03
4.286531529194e-03,7.451057535920e+01,2.858025600094e+01,3.946525817587e+04,3.023445509544e+02,1.123053559516e+01,8.133016155808e-03
4.287264519532e-03,7.450176502615e+01,2.858503691871e+01,3.950500056970e+04,3.023444854939e+02,1.123053762735e+01,8.126194863066e-03
4.287996824014e-03,7.449295405807e+01,2.858981391751e+01,3.954478636768e+04,3.023444199858e+02,1.123053966164e+01,8.119377258338e-03
4.288728443171e-03,7.448414245575e+01,2.859458699909e+01,3.958461562177e+04,3.023443544300e+02,1.123054169803e+01,8.112563342777e-03
4.289459377525e-03,7.447533022003e+01,2.859935616515e+01,3.962448838375e+04,3.023442888266e+02,1.123054373651e+01,8.105753117572e-03
4.290189627596e-03,7.446651735182e+01,2.860412141740e+01,3.966440470516e+04,3.023442231755e+02,1.123054577709e+01,8.098946583956e-03
4.290919193913e-03,7.445770385190e+01,2.860888275758e+01,3.970436463817e+04,3.023441574767e+02,1.123054781977e+01,8.092143743065e-03
4.291648076999e-03,7.444888972110e+01,2.861364018741e+01,3.974436823477e+04,3.023440917302e+02,1.123054986455e+01,8.085344596061e-03
4.292376277377e-03,7.444007496028e+01,2.861839370861e+01,3.978441554690e+04,3.023440259359e+02,1.123055191142e+01,8.078549144129e-03
4.293103795573e-03,7.443125957025e+01,2.862314332293e+01,3.982450662682e+04,3.023439600940e+02,1.123055396040e+01,8.071757388400e-03
4.293830632109e-03,7.442244355183e+01,2.862788903209e+01,3.986464152664e+04,3.023438942043e+02,1.123055601147e+01,8.064969330034e-03
4.294556787509e-03,7.441362690587e+01,2.863263083781e+01,3.990482029861e+04,3.023438282668e+02,1.123055806465e+01,8.058184970172e-03
4.295282262294e-03,7.440480963319e+01,2.863736874182e+01,3.994504299499e+04,3.023437622815e+02,1.123056011993e+01,8.051404309964e-03
4.296007056990e-03,7.439599173461e+01,2.864210274587e+01,3.998530966821e+04,3.023436962484e+02,1.123056217730e+01,8.044627350528e-03
4.296731172120e-03,7.438717321092e+01,2.864683285170e+01,4.002562037086e+04,3.023436301676e+02,1.123056423678e+01,8.037854092966e-03
4.297454608206e-03,7.437835406296e+01,2.865155906103e+01,4.006597515533e+04,3.023435640389e+02,1.123056629837e+01,8.031084538414e-03
4.298177365769e-03,7.436953429157e+01,2.865628137561e+01,4.010637407411e+04,3.023434978623e+02,1.123056836205e+01,8.024318688001e-03
4.298899445334e-03,7.436071389752e+01,2.866099979718e+01,4.014681718004e+04,3.023434316379e+02,1.123057042783e+01,8.017556542798e-03
4.299620847421e-03,7.435189288165e+01,2.866571432747e+01,4.018730452568e+04,3.023433653657e+02,1.123057249572e+01,8.010798103930e-03
4.300341572553e-03,7.434307124476e+01,2.867042496824e+01,4.022783616392e+04,3.023432990455e+02,1.123057456572e+01,8.004043372470e-03
4.301061621252e-03,7.433424898767e+01,2.867513172122e+01,4.026841214750e+04,3.023432326775e+02,1.123057663781e+01,7.997292349520e-03
4.301780994040e-03,7.432542611117e+01,2.867983458817e+01,4.030903252942e+04,3.023431662615e+02,1.123057871201e+01,7.990545036149e-03
4.302499691442e-03,7.431660261603e+01,2.868453357084e+01,4.034969736283e+04,3.023430997977e+02,1.123058078832e+01,7.983801433399e-03
4.303217713971e-03,7.430777850315e+01,2.868922867095e+01,4.039040670034e+04,3.023430332859e+02,1.123058286673e+01,7.977061542411e-03
4.303935062153e-03,7.429895377326e+01,2.869391989027e+01,4.043116059534e+04,3.023429667261e+02,1.123058494724e+01,7.970325364201e-03
4.304651736515e-03,7.429012842711e+01,2.869860723059e+01,4.047195910127e+04,3.023429001184e+02,1.123058702986e+01,7.963592899780e-03
4.305367737567e-03,7.428130246559e+01,2.870329069360e+01,4.051280227089e+04,3.023428334626e+02,1.123058911459e+01,7.956864150276e-03
4.306083065837e-03,7.427247588945e+01,2.870797028109e+01,4.055369015785e+04,3.023427667589e+02,1.123059120143e+01,7.950139116680e-03
4.306797721840e-03,7.426364869952e+01,2.871264599479e+01,4.059462281523e+04,3.023427000072e+02,1.123059329037e+01,7.943417800072e-03
4.307511706106e-03,7.425482089648e+01,2.871731783651e+01,4.063560029705e+04,3.023426332074e+02,1.123059538142e+01,7.936700201395e-03
4.308225019145e-03,7.424599248123e+01,2.872198580796e+01,4.067662265626e+04,3.023425663596e+02,1.123059747457e+01,7.929986321761e-03
4.308937661480e-03,7.423716345454e+01,2.872664991091e+01,4.071768994660e+04,3.023424994638e+02,1.123059956984e+01,7.923276162162e-03
4.309649633633e-03,7.422833381716e+01,2.873131014713e+01,4.075880222187e+04,3.023424325198e+02,1.123060166721e+01,7.916569723589e-03
4.310360936122e-03,7.421950356989e+01,2.873596651838e+01,4.079995953566e+04,3.023423655278e+02,1.123060376669e+01,7.909867007067e-03
4.311071569470e-03,7.421067271346e+01,2.874061902644e+01,4.084116194201e+04,3.023422984877e+02,1.123060586828e+01,7.903168013553e-03
4.311781534191e-03,7.420184124872e+01,2.874526767306e+01,4.088240949449e+04,3.023422313995e+02,1.123060797198e+01,7.896472744085e-03
4.312490830803e-03,7.419300917646e+01,2.874991245998e+01,4.092370224691e+04,3.023421642631e+02,1.123061007779e+01,7.889781199673e-03
4.313199459834e-03,7.418417649734e+01,2.875455338903e+01,4.096504025381e+04,3.023420970787e+02,1.123061218571e+01,7.883093381205e-03
4.313907421796e-03,7.417534321222e+01,2.875919046194e+01,4.100642356888e+04,3.023420298460e+02,1.123061429575e+01,7.876409289718e-03
4.314614717209e-03,7.416650932185e+01,2.876382368050e+01,4.104785224632e+04,3.023419625652e+02,1.123061640789e+01,7.869728926166e-03
4.315321346589e-03,7.415767482701e+01,2.876845304646e+01,4.108932634028e+04,3.023418952362e+02,1.123061852215e+01,7.863052291523e-03
4.316027310457e-03,7.414883972846e+01,2.877307856160e+01,4.113084590506e+04,3.023418278589e+02,1.123062063851e+01,7.856379386736e-03
4.316732609333e-03,7.414000402693e+01,2.877770022772e+01,4.117241099518e+04,3.023417604335e+02,1.123062275699e+01,7.849710212725e-03
4.317437243732e-03,7.413116772322e+01,2.878231804657e+01,4.121402166485e+04,3.023416929598e+02,1.123062487759e+01,7.843044770468e-03
4.318141214167e-03,7.412233081812e+01,2.878693201992e+01,4.125567796839e+04,3.023416254379e+02,1.123062700029e+01,7.836383060926e-03
4.318844521169e-03,7.411349331226e+01,2.879154214961e+01,4.129737996099e+04,3.023415578678e+02,1.123062912511e+01,7.829725084928e-03
4.319547165239e-03,7.410465520658e+01,2.879614843732e+01,4.133912769636e+04,3.023414902493e+02,1.123063125205e+01,7.823070843539e-03
4.320249146909e-03,7.409581650165e+01,2.880075088494e+01,4.138092123014e+04,3.023414225826e+02,1.123063338110e+01,7.816420337531e-03
4.320950466683e-03,7.408697719837e+01,2.880534949416e+01,4.142276061627e+04,3.023413548676e+02,1.123063551226e+01,7.809773567944e-03
4.321651125091e-03,7.407813729736e+01,2.880994426685e+01,4.146464591029e+04,3.023412871042e+02,1.123063764554e+01,7.803130535569e-03
4.322351122636e-03,7.406929679951e+01,2.881453520471e+01,4.150657716635e+04,3.023412192925e+02,1.123063978093e+01,7.796491241427e-03
4.323050459844e-03,7.406045570545e+01,2.881912230958e+01,4.154855444003e+04,3.023411514325e+02,1.123064191844e+01,7.789855686312e-03
4.323749137230e-03,7.405161401595e+01,2.882370558326e+01,4.159057778621e+04,3.023410835241e+02,1.123064405807e+01,7.783223871139e-03
4.324447155304e-03,7.404277173182e+01,2.882828502748e+01,4.163264725972e+04,3.023410155674e+02,1.123064619981e+01,7.776595796834e-03
4.325144514589e-03,7.403392885371e+01,2.883286064408e+01,4.167476291607e+04,3.023409475622e+02,1.123064834367e+01,7.769971464215e-03
4.325841215597e-03,7.402508538241e+01,2.883743243483e+01,4.171692481032e+04,3.023408795086e+02,1.123065048965e+01,7.763350874186e-03
4.326537258846e-03,7.401624131861e+01,2.884200040155e+01,4.175913299802e+04,3.023408114066e+02,1.123065263775e+01,7.756734027571e-03
4.327232644845e-03,7.400739666315e+01,2.884656454598e+01,4.180138753405e+04,3.023407432562e+02,1.123065478796e+01,7.750120925309e-03
4.327927374120e-03,7.399855141660e+01,2.885112486999e+01,4.184368847458e+04,3.023406750574e+02,1.123065694030e+01,7.743511568140e-03
4.328621447176e-03,7.398970557983e+01,2.885568137531e+01,4.188603587457e+04,3.023406068100e+02,1.123065909475e+01,7.736905956996e-03
4.329314864532e-03,7.398085915350e+01,2.886023406377e+01,4.192842978984e+04,3.023405385142e+02,1.123066125132e+01,7.730304092682e-03
4.330007626703e-03,7.397201213836e+01,2.886478293717e+01,4.197087027607e+04,3.023404701699e+02,1.123066341002e+01,7.723705976031e-03
4.330699734200e-03,7.396316453514e+01,2.886932799729e+01,4.201335738886e+04,3.023404017771e+02,1.123066557083e+01,7.717111607892e-03
4.331391187542e-03,7.395431634454e+01,2.887386924594e+01,4.205589118418e+04,3.023403333358e+02,1.123066773376e+01,7.710520989061e-03
4.332081987240e-03,7.394546756728e+01,2.887840668494e+01,4.209847171789e+04,3.023402648459e+02,1.123066989882e+01,7.703934120358e-03
4.332772133810e-03,7.393661820408e+01,2.888294031608e+01,4.214109904599e+04,3.023401963075e+02,1.123067206599e+01,7.697351002583e-03
4.333461627760e-03,7.392776825571e+01,2.888747014115e+01,4.218377322420e+04,3.023401277205e+02,1.123067423529e+01,7.690771636588e-03
4.334150469610e-03,7.391891772282e+01,2.889199616198e+01,4.222649430897e+04,3.023400590849e+02,1.123067640671e+01,7.684196023116e-03
4.334838659869e-03,7.391006660616e+01,2.889651838035e+01,4.226926235624e+04,3.023399904008e+02,1.123067858026e+01,7.677624162993e-03
4.335526199055e-03,7.390121490638e+01,2.890103679811e+01,4.231207742255e+04,3.023399216680e+02,1.123068075592e+01,7.671056056958e-03
4.336213087673e-03,7.389236262430e+01,2.890555141701e+01,4.235493956374e+04,3.023398528866e+02,1.123068293371e+01,7.664491705863e-03
4.336899326243e-03,7.388350976053e+01,2.891006223891e+01,4.239784883657e+04,3.023397840566e+02,1.123068511363e+01,7.657931110422e-03
4.337584915275e-03,7.387465631579e+01,2.891456926561e+01,4.244080529748e+04,3.023397151779e+02,1.123068729567e+01,7.651374271408e-03
4.338269855278e-03,7.386580229085e+01,2.891907249890e+01,4.248380900266e+04,3.023396462505e+02,1.123068947983e+01,7.644821189632e-03
4.338954146771e-03,7.385694768631e+01,2.892357194063e+01,4.252686000916e+04,3.023395772745e+02,1.123069166612e+01,7.638271865781e-03
4.339637790259e-03,7.384809250295e+01,2.892806759258e+01,4.256995837333e+04,3.023395082497e+02,1.123069385453e+01,7.631726300654e-03
4.340320786258e-03,7.383923674143e+01,2.893255945658e+01,4.261310415204e+04,3.023394391763e+02,1.123069604507e+01,7.625184494975e-03
4.341003135276e-03,7.383038040248e+01,2.893704753444e+01,4.265629740196e+04,3.023393700541e+02,1.123069823774e+01,7.618646449503e-03
4.341684837827e-03,7.382152348677e+01,2.894153182799e+01,4.269953818010e+04,3.023393008832e+02,1.123070043253e+01,7.612112164955e-03
4.342365894425e-03,7.381266599493e+01,2.894601233906e+01,4.274282654367e+04,3.023392316635e+02,1.123070262945e+01,7.605581642016e-03
4.343046305572e-03,7.380380792779e+01,2.895048906942e+01,4.278616254909e+04,3.023391623950e+02,1.123070482850e+01,7.599054881501e-03
4.343726071788e-03,7.379494928590e+01,2.895496202095e+01,4.282954625408e+04,3.023390930778e+02,1.123070702968e+01,7.592531884030e-03
4.344405193575e-03,7.378609007007e+01,2.895943119541e+01,4.287297771526e+04,3.023390237118e+02,1.123070923298e+01,7.586012650396e-03
4.345083671453e-03,7.377723028085e+01,2.896389659469e+01,4.291645699048e+04,3.023389542969e+02,1.123071143841e+01,7.579497181213e-03
4.345761505923e-03,7.376836991906e+01,2.896835822056e+01,4.295998413645e+04,3.023388848332e+02,1.123071364597e+01,7.572985477270e-03
4.346438697502e-03,7.375950898525e+01,2.897281607488e+01,4.300355921113e+04,3.023388153207e+02,1.123071585567e+01,7.566477539171e-03
4.347115246694e-03,7.375064748021e+01,2.897727015945e+01,4.304718227151e+04,3.023387457593e+02,1.123071806749e+01,7.559973367676e-03
4.347791154012e-03,7.374178540456e+01,2.898172047611e+01,4.309085337543e+04,3.023386761490e+02,1.123072028144e+01,7.553472963419e-03
4.348466419965e-03,7.373292275897e+01,2.898616702669e+01,4.313457258045e+04,3.023386064899e+02,1.123072249752e+01,7.546976327082e-03
4.349141045059e-03,7.372405954416e+01,2.899060981299e+01,4.317833994405e+04,3.023385367818e+02,1.123072471573e+01,7.540483459365e-03
4.349815029809e-03,7.371519576072e+01,2.899504883690e+01,4.322215552443e+04,3.023384670248e+02,1.123072693608e+01,7.533994360864e-03
4.350488374717e-03,7.370633140941e+01,2.899948410018e+01,4.326601937891e+04,3.023383972189e+02,1.123072915855e+01,7.527509032313e-03
4.351161080299e-03,7.369746649081e+01,2.900391560473e+01,4.330993156592e+04,3.023383273641e+02,1.123073138316e+01,7.521027474285e-03
4.351833147055e-03,7.368860100567e+01,2.900834335233e+01,4.335389214297e+04,3.023382574603e+02,1.123073360990e+01,7.514549687494e-03
4.352504575497e-03,7.367973495462e+01,2.901276734482e+01,4.339790116827e+04,3.023381875075e+02,1.123073583878e+01,7.508075672558e-03
4.353175366136e-03,7.367086833828e+01,2.901718758406e+01,4.344195870021e+04,3.023381175057e+02,1.123073806979e+01,7.501605430073e-03
4.353845519476e-03,7.366200115735e+01,2.902160407188e+01,4.348606479674e+04,3.023380474549e+02,1.123074030293e+01,7.495138960702e-03
4.354515036022e-03,7.365313341254e+01,2.902601681008e+01,4.353021951594e+04,3.023379773551e+02,1.123074253821e+01,7.488676265099e-03
4.355183916287e-03,7.364426510440e+01,2.903042580054e+01,4.357442291663e+04,3.023379072062e+02,1.123074477562e+01,7.482217343810e-03
4.355852160776e-03,7.363539623364e+01,2.903483104508e+01,4.361867505700e+04,3.023378370083e+02,1.123074701516e+01,7.475762197480e-03
4.356519769996e-03,7.362652680090e+01,2.903923254555e+01,4.366297599560e+04,3.023377667613e+02,1.123074925684e+01,7.469310826708e-03
4.357186744450e-03,7.361765680687e+01,2.904363030377e+01,4.370732579084e+04,3.023376964653e+02,1.123075150066e+01,7.462863232118e-03
4.357853084652e-03,7.360878625212e+01,2.904802432160e+01,4.375172450172e+04,3.023376261201e+02,1.123075374661e+01,7.456419414252e-03
4.358518791100e-03,7.359991513739e+01,2.905241460086e+01,4.379617218652e+04,3.023375557259e+02,1.123075599470e+01,7.449979373761e-03
4.359183864308e-03,7.359104346323e+01,2.905680114343e+01,4.384066890454e+04,3.023374852825e+02,1.123075824493e+01,7.443543111157e-03
4.359848304776e-03,7.358217123036e+01,2.906118395111e+01,4.388521471427e+04,3.023374147900e+02,1.123076049730e+01,7.437110627073e-03
4.360512113012e-03,7.357329843939e+01,2.906556302577e+01,4.392980967477e+04,3.023373442483e+02,1.123076275180e+01,7.430681922060e-03
4.361175289522e-03,7.356442509094e+01,2.906993836926e+01,4.397445384520e+04,3.023372736575e+02,1.123076500844e+01,7.424256996669e-03
4.361837834808e-03,7.355555118571e+01,2.907430998339e+01,4.401914728439e+04,3.023372030174e+02,1.123076726722e+01,7.417835851496e-03
4.362499749376e-03,7.354667672430e+01,2.907867787003e+01,4.406389005164e+04,3.023371323282e+02,1.123076952814e+01,7.411418487077e-03
4.363161033738e-03,7.353780170728e+01,2.908304203106e+01,4.410868220655e+04,3.023370615898e+02,1.123077179120e+01,7.405004903912e-03
4.363821688387e-03,7.352892613540e+01,2.908740246826e+01,4.415352380780e+04,3.023369908021e+02,1.123077405639e+01,7.398595102635e-03
4.364481713840e-03,7.352005000915e+01,2.909175918357e+01,4.419841491561e+04,3.023369199652e+02,1.123077632373e+01,7.392189083666e-03
4.365141110588e-03,7.351117332933e+01,2.909611217874e+01,4.424335558853e+04,3.023368490790e+02,1.123077859321e+01,7.385786847670e-03
4.365799879144e-03,7.350229609644e+01,2.910046145568e+01,4.428834588676e+04,3.023367781435e+02,1.123078086483e+01,7.379388395080e-03
4.366458020009e-03,7.349341831114e+01,2.910480701623e+01,4.433338586980e+04,3.023367071588e+02,1.123078313859e+01,7.372993726437e-03
4.367115533687e-03,7.348453997406e+01,2.910914886224e+01,4.437847559728e+04,3.023366361248e+02,1.123078541449e+01,7.366602842266e-03
4.367772420683e-03,7.347566108579e+01,2.911348699557e+01,4.442361512910e+04,3.023365650414e+02,1.123078769254e+01,7.360215743057e-03
4.368428681498e-03,7.346678164698e+01,2.911782141808e+01,4.446880452509e+04,3.023364939087e+02,1.123078997273e+01,7.353832429321e-03
4.369084316632e-03,7.345790165829e+01,2.912215213158e+01,4.451404384488e+04,3.023364227267e+02,1.123079225506e+01,7.347452901597e-03
4.369739326595e-03,7.344902112022e+01,2.912647913799e+01,4.455933314909e+04,3.023363514953e+02,1.123079453953e+01,7.341077160294e-03
4.370393711882e-03,7.344014003351e+01,2.913080243911e+01,4.460467249717e+04,3.023362802145e+02,1.123079682615e+01,7.334705205987e-03
4.371047473006e-03,7.343125839863e+01,2.913512203687e+01,4.465006195005e+04,3.023362088843e+02,1.123079911491e+01,7.328337039051e-03
4.371700610456e-03,7.342237621634e+01,2.913943793304e+01,4.469550156716e+04,3.023361375048e+02,1.123080140582e+01,7.321972660075e-03
4.372353124740e-03,7.341349348717e+01,2.914375012952e+01,4.474099140925e+04,3.023360660758e+02,1.123080369887e+01,7.315612069471e-03
4.373005016363e-03,7.340461021171e+01,2.914805862819e+01,4.478653153685e+04,3.023359945973e+02,1.123080599407e+01,7.309255267682e-03
4.373656285823e-03,7.339572639059e+01,2.915236343089e+01,4.483212201023e+04,3.023359230695e+02,1.123080829141e+01,7.302902255198e-03
4.374306933618e-03,7.338684202446e+01,2.915666453946e+01,4.487776288974e+04,3.023358514921e+02,1.123081059090e+01,7.296553032502e-03
4.374956960254e-03,7.337795711385e+01,2.916096195579e+01,4.492345423639e+04,3.023357798653e+02,1.123081289253e+01,7.290207599986e-03
4.375606366233e-03,7.336907165935e+01,2.916525568175e+01,4.496919611092e+04,3.023357081889e+02,1.123081519632e+01,7.283865958091e-03
4.376255152051e-03,7.336018566162e+01,2.916954571917e+01,4.501498857382e+04,3.023356364631e+02,1.123081750225e+01,7.277528107294e-03
4.376903318210e-03,7.335129912123e+01,2.917383206993e+01,4.506083168610e+04,3.023355646877e+02,1.123081981033e+01,7.271194048006e-03
4.377550865209e-03,7.334241203880e+01,2.917811473589e+01,4.510672550850e+04,3.023354928628e+02,1.123082212055e+01,7.264863780681e-03
4.378197793556e-03,7.333352441479e+01,2.918239371896e+01,4.515267010278e+04,3.023354209884e+02,1.123082443293e+01,7.258537305638e-03
4.378844103737e-03,7.332463624999e+01,2.918666902092e+01,4.519866552901e+04,3.023353490643e+02,1.123082674745e+01,7.252214623434e-03
4.379489796264e-03,7.331574754484e+01,2.919094064371e+01,4.524471184916e+04,3.023352770907e+02,1.123082906413e+01,7.245895734369e-03
4.380134871625e-03,7.330685830003e+01,2.919520858914e+01,4.529080912385e+04,3.023352050675e+02,1.123083138295e+01,7.239580638935e-03
4.380779330333e-03,7.329796851601e+01,2.919947285915e+01,4.533695741524e+04,3.023351329947e+02,1.123083370392e+01,7.233269337415e-03
4.381423172876e-03,7.328907819348e+01,2.920373345555e+01,4.538315678406e+04,3.023350608722e+02,1.123083602705e+01,7.226961830300e-03
4.382066399754e-03,7.328018733302e+01,2.920799038021e+01,4.542940729185e+04,3.023349887001e+02,1.123083835232e+01,7.220658117968e-03
4.382709011468e-03,7.327129593515e+01,2.921224363503e+01,4.547570900049e+04,3.023349164783e+02,1.123084067975e+01,7.214358200759e-03
4.383351008520e-03,7.326240400042e+01,2.921649322188e+01,4.552206197175e+04,3.023348442069e+02,1.123084300933e+01,7.208062079036e-03
4.383992391399e-03,7.325351152952e+01,2.922073914260e+01,4.556846626680e+04,3.023347718857e+02,1.123084534106e+01,7.201769753244e-03
4.384633160606e-03,7.324461852299e+01,2.922498139906e+01,4.561492194761e+04,3.023346995149e+02,1.123084767494e+01,7.195481223728e-03
4.385273316646e-03,7.323572498128e+01,2.922921999319e+01,4.566142907670e+04,3.023346270943e+02,1.123085001098e+01,7.189196490764e-03
4.385912860006e-03,7.322683090510e+01,2.923345492680e+01,4.570798771528e+04,3.023345546240e+02,1.123085234917e+01,7.182915554808e-03
4.386551791190e-03,7.321793629496e+01,2.923768620181e+01,4.575459792581e+04,3.023344821040e+02,1.123085468951e+01,7.176638416156e-03
4.387190110690e-03,7.320904115145e+01,2.924191382005e+01,4.580125977016e+04,3.023344095342e+02,1.123085703201e+01,7.170365075184e-03
4.387827819005e-03,7.320014547515e+01,2.924613778341e+01,4.584797331058e+04,3.023343369146e+02,1.123085937667e+01,7.164095532229e-03
4.388464916635e-03,7.319124926654e+01,2.925035809381e+01,4.589473860979e+04,3.023342642452e+02,1.123086172347e+01,7.157829787564e-03
4.389101404069e-03,7.318235252629e+01,2.925457475305e+01,4.594155572949e+04,3.023341915260e+02,1.123086407244e+01,7.151567841608e-03
4.389737281814e-03,7.317345525482e+01,2.925878776309e+01,4.598842473294e+04,3.023341187569e+02,1.123086642356e+01,7.145309694575e-03
4.390372550349e-03,7.316455745289e+01,2.926299712571e+01,4.603534568155e+04,3.023340459381e+02,1.123086877683e+01,7.139055346930e-03
4.391007210186e-03,7.315565912088e+01,2.926720284287e+01,4.608231863897e+04,3.023339730693e+02,1.123087113226e+01,7.132804798848e-03
4.391641261814e-03,7.314676025939e+01,2.927140491642e+01,4.612934366753e+04,3.023339001508e+02,1.123087348985e+01,7.126558050684e-03
4.392274705724e-03,7.313786086904e+01,2.927560334822e+01,4.617642082970e+04,3.023338271823e+02,1.123087584960e+01,7.120315102780e-03
4.392907542417e-03,7.312896095030e+01,2.927979814018e+01,4.622355018875e+04,3.023337541639e+02,1.123087821151e+01,7.114075955375e-03
4.393539772388e-03,7.312006050371e+01,2.928398929418e+01,4.627073180765e+04,3.023336810956e+02,1.123088057557e+01,7.107840608754e-03
4.394171396124e-03,7.311115952993e+01,2.928817681206e+01,4.631796574881e+04,3.023336079774e+02,1.123088294179e+01,7.101609063286e-03
4.394802414130e-03,7.310225802936e+01,2.929236069576e+01,4.636525207614e+04,3.023335348092e+02,1.123088531017e+01,7.095381319138e-03
4.395432826891e-03,7.309335600264e+01,2.929654094711e+01,4.641259085225e+04,3.023334615911e+02,1.123088768071e+01,7.089157376665e-03
4.396062634905e-03,7.308445345030e+01,2.930071756801e+01,4.645998214052e+04,3.023333883230e+02,1.123089005341e+01,7.082937236118e-03
4.396691838666e-03,7.307555037284e+01,2.930489056036e+01,4.650742600445e+04,3.023333150049e+02,1.123089242827e+01,7.076720897740e-03
4.397320438663e-03,7.306664677087e+01,2.930905992601e+01,4.655492250713e+04,3.023332416368e+02,1.123089480529e+01,7.070508361833e-03
4.397948435398e-03,7.305774264480e+01,2.931322566690e+01,4.660247171265e+04,3.023331682186e+02,1.123089718448e+01,7.064299628574e-03
4.398575829354e-03,7.304883799531e+01,2.931738778484e+01,4.665007368389e+04,3.023330947505e+02,1.123089956582e+01,7.058094698304e-03
4.399202621028e-03,7.303993282286e+01,2.932154628176e+01,4.669772848491e+04,3.023330212323e+02,1.123090194933e+01,7.051893571216e-03
4.399828810915e-03,7.303102712797e+01,2.932570115955e+01,4.674543617951e+04,3.023329476640e+02,1.123090433500e+01,7.045696247539e-03
4.400454399503e-03,7.302212091121e+01,2.932985242006e+01,4.679319683129e+04,3.023328740456e+02,1.123090672283e+01,7.039502727538e-03
4.401079387286e-03,7.301321417308e+01,2.933400006522e+01,4.684101050429e+04,3.023328003772e+02,1.123090911282e+01,7.033313011421e-03
4.401703774756e-03,7.300430691411e+01,2.933814409688e+01,4.688887726249e+04,3.023327266586e+02,1.123091150498e+01,7.027127099416e-03
4.402327562405e-03,7.299539913482e+01,2.934228451696e+01,4.693679717007e+04,3.023326528899e+02,1.123091389930e+01,7.020944991724e-03
4.402950750720e-03,7.298649083579e+01,2.934642132730e+01,4.698477029078e+04,3.023325790711e+02,1.123091629579e+01,7.014766688612e-03
4.403573340201e-03,7.297758201740e+01,2.935055452986e+01,4.703279668961e+04,3.023325052021e+02,1.123091869444e+01,7.008592190189e-03
4.404195331332e-03,7.296867268029e+01,2.935468412648e+01,4.708087643034e+04,3.023324312829e+02,1.123092109526e+01,7.002421496729e-03
4.404816724599e-03,7.295976282503e+01,2.935881011901e+01,4.712900957702e+04,3.023323573135e+02,1.123092349824e+01,6.996254608472e-03
4.405437520507e-03,7.295085245194e+01,2.936293250945e+01,4.717719619522e+04,3.023322832940e+02,1.123092590339e+01,6.990091525472e-03
4.406057719534e-03,7.294194156171e+01,2.936705129959e+01,4.722543634856e+04,3.023322092242e+02,1.123092831070e+01,6.983932248037e-03
4.406677322170e-03,7.293303015483e+01,2.937116649134e+01,4.727373010181e+04,3.023321351042e+02,1.123093072018e+01,6.977776776335e-03
4.407296328916e-03,7.292411823166e+01,2.937527808665e+01,4.732207752052e+04,3.023320609339e+02,1.123093313183e+01,6.971625110437e-03
4.407914740250e-03,7.291520579290e+01,2.937938608734e+01,4.737047866851e+04,3.023319867134e+02,1.123093554565e+01,6.965477250644e-03
4.408532556664e-03,7.290629283897e+01,2.938349049533e+01,4.741893361110e+04,3.023319124426e+02,1.123093796163e+01,6.959333197066e-03
4.409149778650e-03,7.289737937036e+01,2.938759131252e+01,4.746744241342e+04,3.023318381215e+02,1.123094037978e+01,6.953192949850e-03
4.409766406699e-03,7.288846538755e+01,2.939168854081e+01,4.751600514060e+04,3.023317637501e+02,1.123094280011e+01,6.947056509140e-03
4.410382441290e-03,7.287955089116e+01,2.939578218205e+01,4.756462185729e+04,3.023316893284e+02,1.123094522260e+01,6.940923875156e-03
4.410997882917e-03,7.287063588163e+01,2.939987223815e+01,4.761329262891e+04,3.023316148563e+02,1.123094764726e+01,6.934795048016e-03
4.411612732074e-03,7.286172035935e+01,2.940395871106e+01,4.766201752150e+04,3.023315403339e+02,1.123095007409e+01,6.928670027776e-03
4.412226989238e-03,7.285280432499e+01,2.940804160259e+01,4.771079659943e+04,3.023314657611e+02,1.123095250309e+01,6.922548814697e-03
4.412840654901e-03,7.284388777897e+01,2.941212091468e+01,4.775962992865e+04,3.023313911380e+02,1.123095493426e+01,6.916431408855e-03
4.413453729557e-03,7.283497072171e+01,2.941619664924e+01,4.780851757516e+04,3.023313164644e+02,1.123095736761e+01,6.910317810322e-03
4.414066213682e-03,7.282605315385e+01,2.942026880811e+01,4.785745960381e+04,3.023312417404e+02,1.123095980312e+01,6.904208019321e-03
4.414678107772e-03,7.281713507575e+01,2.942433739324e+01,4.790645608101e+04,3.023311669660e+02,1.123096224081e+01,6.898102035882e-03
4.415289412309e-03,7.280821648796e+01,2.942840240650e+01,4.795550707232e+04,3.023310921411e+02,1.123096468067e+01,6.891999860152e-03
4.415900127782e-03,7.279929739094e+01,2.943246384979e+01,4.800461264375e+04,3.023310172658e+02,1.123096712270e+01,6.885901492223e-03
4.416510254671e-03,7.279037778525e+01,2.943652172499e+01,4.805377286090e+04,3.023309423400e+02,1.123096956691e+01,6.879806932247e-03
4.417119793472e-03,7.278145767126e+01,2.944057603403e+01,4.810298779052e+04,3.023308673637e+02,1.123097201329e+01,6.873716180235e-03
4.417728744668e-03,7.277253704946e+01,2.944462677882e+01,4.815225749875e+04,3.023307923369e+02,1.123097446184e+01,6.867629236283e-03
4.418337108734e-03,7.276361592050e+01,2.944867396117e+01,4.820158205083e+04,3.023307172596e+02,1.123097691257e+01,6.861546100603e-03
4.418944886170e-03,7.275469428465e+01,2.945271758307e+01,4.825096151437e+04,3.023306421317e+02,1.123097936548e+01,6.855466773117e-03
4.419552077453e-03,7.274577214248e+01,2.945675764638e+01,4.830039595518e+04,3.023305669533e+02,1.123098182056e+01,6.849391253977e-03
4.420158683071e-03,7.273684949443e+01,2.946079415301e+01,4.834988543998e+04,3.023304917243e+02,1.123098427781e+01,6.843319543231e-03
4.420764703506e-03,7.272792634103e+01,2.946482710484e+01,4.839943003511e+04,3.023304164448e+02,1.123098673725e+01,6.837251640973e-03
4.421370139246e-03,7.271900268268e+01,2.946885650380e+01,4.844902980767e+04,3.023303411146e+02,1.123098919885e+01,6.831187547215e-03
4.421974990769e-03,7.271007851994e+01,2.947288235175e+01,4.849868482389e+04,3.023302657338e+02,1.123099166264e+01,6.825127262078e-03
4.422579258566e-03,7.270115385317e+01,2.947690465063e+01,4.854839515121e+04,3.023301903024e+02,1.123099412860e+01,6.819070785542e-03
4.423182943115e-03,7.269222868294e+01,2.948092340230e+01,4.859816085606e+04,3.023301148204e+02,1.123099659675e+01,6.813018117717e-03
4.423786044905e-03,7.268330300961e+01,2.948493860870e+01,4.864798200603e+04,3.023300392877e+02,1.123099906706e+01,6.806969258576e-03
4.424388564415e-03,7.267437683371e+01,2.948895027172e+01,4.869785866791e+04,3.023299637043e+02,1.123100153956e+01,6.800924208192e-03
4.424990502128e-03,7.266545015571e+01,2.949295839323e+01,4.874779090877e+04,3.023298880702e+02,1.123100401424e+01,6.794882966616e-03
4.425591858528e-03,7.265652297605e+01,2.949696297516e+01,4.879777879610e+04,3.023298123854e+02,1.123100649110e+01,6.788845533849e-03
4.426192634098e-03,7.264759529517e+01,2.950096401940e+01,4.884782239733e+04,3.023297366499e+02,1.123100897014e+01,6.782811909905e-03
4.426792829322e-03,7.263866711350e+01,2.950496152789e+01,4.889792178008e+04,3.023296608637e+02,1.123101145135e+01,6.776782094784e-03
4.427392444677e-03,7.262973843157e+01,2.950895550247e+01,4.894807701153e+04,3.023295850267e+02,1.123101393475e+01,6.770756088543e-03
4.427991480647e-03,7.262080924982e+01,2.951294594508e+01,4.899828815939e+04,3.023295091389e+02,1.123101642033e+01,6.764733891177e-03
4.428589937714e-03,7.261187956868e+01,2.951693285760e+01,4.904855529151e+04,3.023294332004e+02,1.123101890809e+01,6.758715502676e-03
4.429187816365e-03,7.260294938850e+01,2.952091624199e+01,4.909887847624e+04,3.023293572110e+02,1.123102139804e+01,6.752700922974e-03
4.429785117067e-03,7.259401870996e+01,2.952489610005e+01,4.914925778016e+04,3.023292811709e+02,1.123102389016e+01,6.746690152219e-03
4.430381840318e-03,7.258508753324e+01,2.952887243381e+01,4.919969327285e+04,3.023292050799e+02,1.123102638447e+01,6.740683190211e-03
4.430977986584e-03,7.257615585900e+01,2.953284524506e+01,4.925018502113e+04,3.023291289381e+02,1.123102888096e+01,6.734680037080e-03
4.431573556351e-03,7.256722368759e+01,2.953681453576e+01,4.930073309370e+04,3.023290527454e+02,1.123103137964e+01,6.728680692744e-03
4.432168550103e-03,7.255829101941e+01,2.954078030782e+01,4.935133755904e+04,3.023289765018e+02,1.123103388050e+01,6.722685157147e-03
4.432762968316e-03,7.254935785497e+01,2.954474256313e+01,4.940199848519e+04,3.023289002074e+02,1.123103638354e+01,6.716693430295e-03
4.433356811466e-03,7.254042419472e+01,2.954870130356e+01,4.945271594037e+04,3.023288238620e+02,1.123103888877e+01,6.710705512175e-03
4.433950080041e-03,7.253149003900e+01,2.955265653108e+01,4.950348999379e+04,3.023287474657e+02,1.123104139619e+01,6.704721402665e-03
4.434542774512e-03,7.252255538834e+01,2.955660824755e+01,4.955432071343e+04,3.023286710185e+02,1.123104390579e+01,6.698741101793e-03
4.435134895363e-03,7.251362024313e+01,2.956055645489e+01,4.960520816831e+04,3.023285945203e+02,1.123104641758e+01,6.692764609471e-03
4.435726443073e-03,7.250468460378e+01,2.956450115501e+01,4.965615242735e+04,3.023285179712e+02,1.123104893155e+01,6.686791925627e-03
4.436317418115e-03,7.249574847079e+01,2.956844234979e+01,4.970715355892e+04,3.023284413711e+02,1.123105144771e+01,6.680823050260e-03
4.436907820973e-03,7.248681184452e+01,2.957238004117e+01,4.975821163254e+04,3.023283647200e+02,1.123105396606e+01,6.674857983241e-03
4.437497652124e-03,7.247787472539e+01,2.957631423104e+01,4.980932671719e+04,3.023282880178e+02,1.123105648660e+01,6.668896724509e-03
4.438086912038e-03,7.246893711395e+01,2.958024492127e+01,4.986049888137e+04,3.023282112647e+02,1.123105900932e+01,6.662939274064e-03
4.438675601209e-03,7.245999901037e+01,2.958417211387e+01,4.991172819570e+04,3.023281344605e+02,1.123106153424e+01,6.656985631665e-03
4.439263720094e-03,7.245106041538e+01,2.958809581061e+01,4.996301472781e+04,3.023280576052e+02,1.123106406134e+01,6.651035797425e-03
4.439851269186e-03,7.244212132917e+01,2.959201601349e+01,5.001435854845e+04,3.023279806988e+02,1.123106659063e+01,6.645089771102e-03
4.440438248956e-03,7.243318175222e+01,2.959593272440e+01,5.006575972672e+04,3.023279037414e+02,1.123106912212e+01,6.639147552650e-03
4.441024659878e-03,7.242424168501e+01,2.959984594521e+01,5.011721833192e+04,3.023278267328e+02,1.123107165579e+01,6.633209142002e-03
4.441610502435e-03,7.241530112783e+01,2.960375567789e+01,5.016873443443e+04,3.023277496732e+02,1.123107419165e+01,6.627274538976e-03
4.442195777092e-03,7.240636008126e+01,2.960766192427e+01,5.022030810307e+04,3.023276725624e+02,1.123107672971e+01,6.621343743576e-03
4.442780484335e-03,7.239741854556e+01,2.961156468632e+01,5.027193940856e+04,3.023275954004e+02,1.123107926995e+01,6.615416755590e-03
4.443364624635e-03,7.238847652122e+01,2.961546396591e+01,5.032362842048e+04,3.023275181873e+02,1.123108181239e+01,6.609493574946e-03
4.443948198472e-03,7.237953400858e+01,2.961935976498e+01,5.037537520925e+04,3.023274409229e+02,1.123108435703e+01,6.603574201479e-03
4.444531206312e-03,7.237059100816e+01,2.962325208540e+01,5.042717984433e+04,3.023273636074e+02,1.123108690385e+01,6.597658635141e-03
4.445113648638e-03,7.236164752023e+01,2.962714092911e+01,5.047904239674e+04,3.023272862407e+02,1.123108945287e+01,6.591746875710e-03
4.445695525920e-03,7.235270354530e+01,2.963102629799e+01,5.053096293624e+04,3.023272088227e+02,1.123109200408e+01,6.585838923117e-03
4.446276838636e-03,7.234375908370e+01,2.963490819398e+01,5.058294153363e+04,3.023271313535e+02,1.123109455749e+01,6.579934777176e-03
4.446857587254e-03,7.233481413591e+01,2.963878661894e+01,5.063497825896e+04,3.023270538330e+02,1.123109711309e+01,6.574034437794e-03
4.447437772258e-03,7.232586870219e+01,2.964266157484e+01,5.068707318369e+04,3.023269762613e+02,1.123109967088e+01,6.568137904724e-03
4.448017394112e-03,7.231692278308e+01,2.964653306354e+01,5.073922637764e+04,3.023268986382e+02,1.123110223087e+01,6.562245177911e-03
4.448596453289e-03,7.230797637897e+01,2.965040108693e+01,5.079143791165e+04,3.023268209639e+02,1.123110479306e+01,6.556356257189e-03
4.449174950273e-03,7.229902949008e+01,2.965426564701e+01,5.084370785759e+04,3.023267432382e+02,1.123110735745e+01,6.550471142283e-03
4.449752885525e-03,7.229008211700e+01,2.965812674560e+01,5.089603628532e+04,3.023266654611e+02,1.123110992403e+01,6.544589833150e-03
4.450330259525e-03,7.228113425999e+01,2.966198438465e+01,5.094842326662e+04,3.023265876327e+02,1.123111249280e+01,6.538712329535e-03
4.450907072737e-03,7.227218591958e+01,2.966583856602e+01,5.100086887184e+04,3.023265097530e+02,1.123111506378e+01,6.532838631353e-03
4.451483325645e-03,7.226323709597e+01,2.966968929170e+01,5.105337317335e+04,3.023264318218e+02,1.123111763695e+01,6.526968738295e-03
4.452059018708e-03,7.225428778973e+01,2.967353656351e+01,5.110593624137e+04,3.023263538393e+02,1.123112021233e+01,6.521102650299e-03
4.452634152413e-03,7.224533800104e+01,2.967738038345e+01,5.115855814859e+04,3.023262758053e+02,1.123112278990e+01,6.515240367035e-03
4.453208727211e-03,7.223638773054e+01,2.968122075332e+01,5.121123896497e+04,3.023261977199e+02,1.123112536967e+01,6.509381888481e-03
4.453782743595e-03,7.222743697833e+01,2.968505767514e+01,5.126397876382e+04,3.023261195831e+02,1.123112795164e+01,6.503527214250e-03
4.454356202020e-03,7.221848574500e+01,2.968889115074e+01,5.131677761566e+04,3.023260413947e+02,1.123113053581e+01,6.497676344269e-03
4.454929102963e-03,7.220953403083e+01,2.969272118207e+01,5.136963559279e+04,3.023259631549e+02,1.123113312218e+01,6.491829278274e-03
4.455501446891e-03,7.220058183626e+01,2.969654777100e+01,5.142255276677e+04,3.023258848636e+02,1.123113571075e+01,6.485986016089e-03
4.456073234283e-03,7.219162916151e+01,2.970037091950e+01,5.147552921048e+04,3.023258065208e+02,1.123113830152e+01,6.480146557398e-03
4.456644465597e-03,7.218267600715e+01,2.970419062942e+01,5.152856499495e+04,3.023257281264e+02,1.123114089450e+01,6.474310902095e-03
4.457215141304e-03,7.217372237352e+01,2.970800690266e+01,5.158166019246e+04,3.023256496806e+02,1.123114348968e+01,6.468479049942e-03
4.457785261884e-03,7.216476826083e+01,2.971181974120e+01,5.163481487622e+04,3.023255711831e+02,1.123114608706e+01,6.462651000603e-03
4.458354827800e-03,7.215581366953e+01,2.971562914692e+01,5.168802911817e+04,3.023254926341e+02,1.123114868664e+01,6.456826753892e-03
4.458923839515e-03,7.214685860010e+01,2.971943512168e+01,5.174130299014e+04,3.023254140334e+02,1.123115128843e+01,6.451006309637e-03
4.459492297506e-03,7.213790305276e+01,2.972323766744e+01,5.179463656547e+04,3.023253353812e+02,1.123115389242e+01,6.445189667505e-03
4.460060202240e-03,7.212894702789e+01,2.972703678610e+01,5.184802991676e+04,3.023252566774e+02,1.123115649862e+01,6.439376827256e-03
4.460627554177e-03,7.211999052597e+01,2.973083247954e+01,5.190148311604e+04,3.023251779219e+02,1.123115910702e+01,6.433567788712e-03
4.461194353795e-03,7.211103354722e+01,2.973462474970e+01,5.195499623699e+04,3.023250991147e+02,1.123116171762e+01,6.427762551525e-03
4.461760601559e-03,7.210207609202e+01,2.973841359850e+01,5.200856935246e+04,3.023250202559e+02,1.123116433044e+01,6.421961115441e-03
4.462326297936e-03,7.209311816076e+01,2.974219902782e+01,5.206220253528e+04,3.023249413454e+02,1.123116694545e+01,6.416163480214e-03
4.462891443388e-03,7.208415975384e+01,2.974598103956e+01,5.211589585829e+04,3.023248623832e+02,1.123116956268e+01,6.410369645606e-03
4.463456038386e-03,7.207520087156e+01,2.974975963565e+01,5.216964939508e+04,3.023247833692e+02,1.123117218211e+01,6.404579611300e-03
4.464020083401e-03,7.206624151422e+01,2.975353481801e+01,5.222346321928e+04,3.023247043036e+02,1.123117480375e+01,6.398793376982e-03
4.464583578894e-03,7.205728168224e+01,2.975730658853e+01,5.227733740389e+04,3.023246251861e+02,1.123117742760e+01,6.393010942412e-03
4.465146525328e-03,7.204832137601e+01,2.976107494910e+01,5.233127202212e+04,3.023245460170e+02,1.123118005365e+01,6.387232307334e-03
4.465708923181e-03,7.203936059569e+01,2.976483990170e+01,5.238526714879e+04,3.023244667960e+02,1.123118268192e+01,6.381457471325e-03
4.466270772903e-03,7.203039934188e+01,2.976860144813e+01,5.243932285609e+04,3.023243875232e+02,1.123118531239e+01,6.375686434248e-03
4.466832074970e-03,7.202143761474e+01,2.977235959039e+01,5.249343921888e+04,3.023243081987e+02,1.123118794508e+01,6.369919195687e-03
4.467392829841e-03,7.201247541472e+01,2.977611433032e+01,5.254761631042e+04,3.023242288222e+02,1.123119057997e+01,6.364155755405e-03
4.467953037989e-03,7.200351274203e+01,2.977986566991e+01,5.260185420554e+04,3.023241493940e+02,1.123119321707e+01,6.358396113002e-03
4.468512699874e-03,7.199454959709e+01,2.978361361101e+01,5.265615297788e+04,3.023240699139e+02,1.123119585639e+01,6.352640268209e-03
4.469071815954e-03,7.198558598030e+01,2.978735815551e+01,5.271051270112e+04,3.023239903819e+02,1.123119849791e+01,6.346888220762e-03
4.469630386703e-03,7.197662189189e+01,2.979109930537e+01,5.276493345036e+04,3.023239107980e+02,1.123120114165e+01,6.341139970249e-03
4.470188412580e-03,7.196765733224e+01,2.979483706247e+01,5.281941529957e+04,3.023238311622e+02,1.123120378760e+01,6.335395516386e-03
4.470745894050e-03,7.195869230165e+01,2.979857142873e+01,5.287395832357e+04,3.023237514745e+02,1.123120643577e+01,6.329654858805e-03
4.471302831573e-03,7.194972680053e+01,2.980230240603e+01,5.292856259639e+04,3.023236717348e+02,1.123120908614e+01,6.323917997226e-03
4.471859225618e-03,7.194076082911e+01,2.980602999632e+01,5.298322819334e+04,3.023235919432e+02,1.123121173873e+01,6.318184931242e-03
4.472415076641e-03,7.193179438781e+01,2.980975420147e+01,5.303795518863e+04,3.023235120996e+02,1.123121439354e+01,6.312455660566e-03
4.472970385114e-03,7.192282747683e+01,2.981347502342e+01,5.309274365790e+04,3.023234322040e+02,1.123121705056e+01,6.306730184767e-03
4.473525151490e-03,7.191386009660e+01,2.981719246406e+01,5.314759367548e+04,3.023233522564e+02,1.123121970979e+01,6.301008503559e-03
4.474079376232e-03,7.190489224747e+01,2.982090652527e+01,5.320250531632e+04,3.023232722568e+02,1.123122237124e+01,6.295290616595e-03
4.474633059806e-03,7.189592392968e+01,2.982461720899e+01,5.325747865610e+04,3.023231922052e+02,1.123122503490e+01,6.289576523459e-03
4.475186202676e-03,7.188695514352e+01,2.982832451716e+01,5.331251377027e+04,3.023231121015e+02,1.123122770078e+01,6.283866223765e-03
4.475738805294e-03,7.187798588945e+01,2.983202845160e+01,5.336761073333e+04,3.023230319457e+02,1.123123036888e+01,6.278159717232e-03
4.476290868128e-03,7.186901616767e+01,2.983572901429e+01,5.342276962150e+04,3.023229517379e+02,1.123123303919e+01,6.272457003406e-03
4.476842391636e-03,7.186004597853e+01,2.983942620710e+01,5.347799051004e+04,3.023228714779e+02,1.123123571173e+01,6.266758081938e-03
4.477393376282e-03,7.185107532231e+01,2.984312003196e+01,5.353327347493e+04,3.023227911659e+02,1.123123838648e+01,6.261062952411e-03
4.477943822523e-03,7.184210419936e+01,2.984681049076e+01,5.358861859164e+04,3.023227108017e+02,1.123124106344e+01,6.255371614467e-03
4.478493730815e-03,7.183313261006e+01,2.985049758538e+01,5.364402593571e+04,3.023226303853e+02,1.123124374263e+01,6.249684067748e-03
4.479043101629e-03,7.182416055455e+01,2.985418131779e+01,5.369949558406e+04,3.023225499168e+02,1.123124642404e+01,6.244000311757e-03
4.479591935417e-03,7.181518803323e+01,2.985786168986e+01,5.375502761215e+04,3.023224693961e+02,1.123124910766e+01,6.238320346156e-03
4.480140232637e-03,7.180621504645e+01,2.986153870349e+01,5.381062209601e+04,3.023223888232e+02,1.123125179351e+01,6.232644170553e-03
4.480687993752e-03,7.179724159444e+01,2.986521236059e+01,5.386627911230e+04,3.023223081981e+02,1.123125448158e+01,6.226971784498e-03
4.481235219218e-03,7.178826767755e+01,2.986888266307e+01,5.392199873711e+04,3.023222275208e+02,1.123125717187e+01,6.221303187605e-03
4.481781909493e-03,7.177929329609e+01,2.987254961282e+01,5.397778104687e+04,3.023221467912e+02,1.123125986437e+01,6.215638379461e-03
4.482328065041e-03,7.177031845025e+01,2.987621321179e+01,5.403362611875e+04,3.023220660094e+02,1.123126255911e+01,6.209977359581e-03
4.482873686313e-03,7.176134314048e+01,2.987987346182e+01,5.408953402857e+04,3.023219851752e+02,1.123126525606e+01,6.204320127624e-03
4.483418773767e-03,7.175236736703e+01,2.988353036485e+01,5.414550485336e+04,3.023219042888e+02,1.123126795524e+01,6.198666683134e-03
4.483963327870e-03,7.174339113005e+01,2.988718392282e+01,5.420153867088e+04,3.023218233501e+02,1.123127065664e+01,6.193017025587e-03
4.484507349062e-03,7.173441443013e+01,2.989083413752e+01,5.425763555633e+04,3.023217423591e+02,1.123127336026e+01,6.187371154723e-03
4.485050837819e-03,7.172543726723e+01,2.989448101100e+01,5.431379558875e+04,3.023216613157e+02,1.123127606611e+01,6.181729069900e-03
4.485593794586e-03,7.171645964186e+01,2.989812454507e+01,5.437001884401e+04,3.023215802199e+02,1.123127877418e+01,6.176090770802e-03
4.486136219823e-03,7.170748155422e+01,2.990176474167e+01,5.442630539995e+04,3.023214990718e+02,1.123128148448e+01,6.170456256921e-03
4.486678113982e-03,7.169850300467e+01,2.990540160266e+01,5.448265533352e+04,3.023214178713e+02,1.123128419700e+01,6.164825527846e-03
4.487219477523e-03,7.168952399345e+01,2.990903512998e+01,5.453906872237e+04,3.023213366184e+02,1.123128691175e+01,6.159198583099e-03
4.487760310903e-03,7.168054452080e+01,2.991266532555e+01,5.459554564452e+04,3.023212553130e+02,1.123128962872e+01,6.153575422173e-03
4.488300614576e-03,7.167156458704e+01,2.991629219124e+01,5.465208617732e+04,3.023211739552e+02,1.123129234792e+01,6.147956044635e-03
4.488840388991e-03,7.166258419252e+01,2.991991572894e+01,5.470869039811e+04,3.023210925450e+02,1.123129506935e+01,6.142340450056e-03
4.489379634613e-03,7.165360333741e+01,2.992353594060e+01,5.476535838558e+04,3.023210110823e+02,1.123129779301e+01,6.136728637882e-03
4.489918351888e-03,7.164462202207e+01,2.992715282807e+01,5.482209021709e+04,3.023209295671e+02,1.123130051889e+01,6.131120607695e-03
4.490456541280e-03,7.163564024667e+01,2.993076639331e+01,5.487888597153e+04,3.023208479994e+02,1.123130324701e+01,6.125516358933e-03
4.490994203235e-03,7.162665801158e+01,2.993437663818e+01,5.493574572638e+04,3.023207663792e+02,1.123130597735e+01,6.119915891180e-03
4.491531338203e-03,7.161767531715e+01,2.993798356456e+01,5.499266955958e+04,3.023206847064e+02,1.123130870992e+01,6.114319203977e-03
4.492067946651e-03,7.160869216343e+01,2.994158717442e+01,5.504965755082e+04,3.023206029811e+02,1.123131144472e+01,6.108726296704e-03
4.492604029026e-03,7.159970855081e+01,2.994518746962e+01,5.510670977794e+04,3.023205212033e+02,1.123131418176e+01,6.103137168925e-03
4.493139585771e-03,7.159072447969e+01,2.994878445202e+01,5.516382631868e+04,3.023204393728e+02,1.123131692102e+01,6.097551820222e-03
4.493674617358e-03,7.158173995005e+01,2.995237812362e+01,5.522100725363e+04,3.023203574897e+02,1.123131966251e+01,6.091970249905e-03
4.494209124225e-03,7.157275496240e+01,2.995596848623e+01,5.527825266002e+04,3.023202755541e+02,1.123132240624e+01,6.086392457614e-03
4.494743106827e-03,7.156376951693e+01,2.995955554179e+01,5.533556261730e+04,3.023201935657e+02,1.123132515220e+01,6.080818442784e-03
4.495276565620e-03,7.155478361385e+01,2.996313929219e+01,5.539293720470e+04,3.023201115248e+02,1.123132790039e+01,6.075248204875e-03
4.495809501052e-03,7.154579725350e+01,2.996671973933e+01,5.545037650104e+04,3.023200294311e+02,1.123133065081e+01,6.069681743393e-03
4.496341913578e-03,7.153681043606e+01,2.997029688513e+01,5.550788058594e+04,3.023199472848e+02,1.123133340347e+01,6.064119057774e-03
4.496873803644e-03,7.152782316189e+01,2.997387073144e+01,5.556544953816e+04,3.023198650858e+02,1.123133615836e+01,6.058560147540e-03
4.497405171709e-03,7.151883543112e+01,2.997744128022e+01,5.562308343793e+04,3.023197828341e+02,1.123133891549e+01,6.053005012082e-03
4.497936018216e-03,7.150984724410e+01,2.998100853332e+01,5.568078236415e+04,3.023197005296e+02,1.123134167485e+01,6.047453650921e-03
4.498466343617e-03,7.150085860108e+01,2.998457249264e+01,5.573854639657e+04,3.023196181724e+02,1.123134443644e+01,6.041906063505e-03
4.498996148366e-03,7.149186950225e+01,2.998813316011e+01,5.579637561534e+04,3.023195357624e+02,1.123134720028e+01,6.036362249249e-03
4.499525432911e-03,7.148287994790e+01,2.999169053762e+01,5.585427010012e+04,3.023194532997e+02,1.123134996634e+01,6.030822207621e-03
4.500054197695e-03,7.147388993837e+01,2.999524462701e+01,5.591222993017e+04,3.023193707841e+02,1.123135273465e+01,6.025285938134e-03
4.500582443181e-03,7.146489947369e+01,2.999879543027e+01,5.597025518712e+04,3.023192882158e+02,1.123135550519e+01,6.019753440081e-03
4.501110169808e-03,7.145590855427e+01,3.000234294924e+01,5.602834594998e+04,3.023192055946e+02,1.123135827797e+01,6.014224713010e-03
4.501637378026e-03,7.144691718036e+01,3.000588718580e+01,5.608650229910e+04,3.023191229205e+02,1.123136105299e+01,6.008699756347e-03
4.502164068287e-03,7.143792535213e+01,3.000942814189e+01,5.614472431535e+04,3.023190401936e+02,1.123136383025e+01,6.003178569479e-03
4.502690241036e-03,7.142893306988e+01,3.001296581937e+01,5.620301207877e+04,3.023189574138e+02,1.123136660974e+01,5.997661151871e-03
4.503215896725e-03,7.141994033379e+01,3.001650022017e+01,5.626136567049e+04,3.023188745812e+02,1.123136939148e+01,5.992147502897e-03
4.503741035798e-03,7.141094714413e+01,3.002003134616e+01,5.631978517091e+04,3.023187916956e+02,1.123137217545e+01,5.986637622005e-03
4.504265658704e-03,7.140195350116e+01,3.002355919923e+01,5.637827066073e+04,3.023187087570e+02,1.123137496166e+01,5.981131508618e-03
4.504789765888e-03,7.139295940512e+01,3.002708378127e+01,5.643682222085e+04,3.023186257656e+02,1.123137775012e+01,5.975629162150e-03
4.505313357804e-03,7.138396485615e+01,3.003060509423e+01,5.649543993301e+04,3.023185427212e+02,1.123138054082e+01,5.970130581941e-03
4.505836434894e-03,7.137496985457e+01,3.003412313994e+01,5.655412387773e+04,3.023184596237e+02,1.123138333376e+01,5.964635767450e-03
4.506358997600e-03,7.136597440065e+01,3.003763792030e+01,5.661287413599e+04,3.023183764733e+02,1.123138612894e+01,5.959144718102e-03
4.506881046374e-03,7.135697849455e+01,3.004114943721e+01,5.667169078964e+04,3.023182932699e+02,1.123138892636e+01,5.953657433244e-03
4.507402581666e-03,7.134798213642e+01,3.004465769261e+01,5.673057392057e+04,3.023182100135e+02,1.123139172603e+01,5.948173912228e-03
4.507923603912e-03,7.133898532667e+01,3.004816268832e+01,5.678952360931e+04,3.023181267040e+02,1.123139452794e+01,5.942694154539e-03
4.508444113565e-03,7.132998806539e+01,3.005166442627e+01,5.684853993838e+04,3.023180433415e+02,1.123139733209e+01,5.937218159480e-03
4.508964111065e-03,7.132099035288e+01,3.005516290834e+01,5.690762298904e+04,3.023179599258e+02,1.123140013849e+01,5.931745926482e-03
4.509483596857e-03,7.131199218937e+01,3.005865813640e+01,5.696677284315e+04,3.023178764571e+02,1.123140294713e+01,5.926277454922e-03
4.510002571395e-03,7.130299357492e+01,3.006215011241e+01,5.702598958371e+04,3.023177929353e+02,1.123140575802e+01,5.920812744080e-03
4.510521035112e-03,7.129399450994e+01,3.006563883819e+01,5.708527329174e+04,3.023177093603e+02,1.123140857116e+01,5.915351793427e-03
4.511038988457e-03,7.128499499459e+01,3.006912431565e+01,5.714462404980e+04,3.023176257322e+02,1.123141138654e+01,5.909894602295e-03
4.511556431875e-03,7.127599502903e+01,3.007260654670e+01,5.720404194052e+04,3.023175420510e+02,1.123141420417e+01,5.904441170016e-03
4.512073365804e-03,7.126699461359e+01,3.007608553319e+01,5.726352704560e+04,3.023174583166e+02,1.123141702404e+01,5.898991496017e-03
4.512589790696e-03,7.125799374834e+01,3.007956127705e+01,5.732307944865e+04,3.023173745289e+02,1.123141984616e+01,5.893545579554e-03
4.513105706989e-03,7.124899243358e+01,3.008303378015e+01,5.738269923168e+04,3.023172906881e+02,1.123142267054e+01,5.888103420034e-03
4.513621115122e-03,7.123999066956e+01,3.008650304435e+01,5.744238647719e+04,3.023172067940e+02,1.123142549715e+01,5.882665016830e-03
4.514136015547e-03,7.123098845636e+01,3.008996907160e+01,5.750214126893e+04,3.023171228467e+02,1.123142832602e+01,5.877230369203e-03
4.514650408697e-03,7.122198579432e+01,3.009343186372e+01,5.756196368903e+04,3.023170388461e+02,1.123143115714e+01,5.871799476569e-03
4.515164295024e-03,7.121298268351e+01,3.009689142267e+01,5.762185382155e+04,3.023169547923e+02,1.123143399051e+01,5.866372338177e-03
4.515677674955e-03,7.120397912436e+01,3.010034775023e+01,5.768181174814e+04,3.023168706852e+02,1.123143682613e+01,5.860948953498e-03
4.516190548951e-03,7.119497511675e+01,3.010380084841e+01,5.774183755428e+04,3.023167865247e+02,1.123143966400e+01,5.855529321666e-03
4.516702917436e-03,7.118597066116e+01,3.010725071900e+01,5.780193132158e+04,3.023167023109e+02,1.123144250412e+01,5.850113442167e-03
4.517214780856e-03,7.117696575774e+01,3.011069736391e+01,5.786209313393e+04,3.023166180438e+02,1.123144534649e+01,5.844701314291e-03
4.517726139662e-03,7.116796040648e+01,3.011414078508e+01,5.792232307640e+04,3.023165337233e+02,1.123144819112e+01,5.839292937225e-03
4.518236994279e-03,7.115895460784e+01,3.011758098432e+01,5.798262123090e+04,3.023164493495e+02,1.123145103800e+01,5.833888310451e-03
4.518747345156e-03,7.114994836191e+01,3.012101796353e+01,5.804298768216e+04,3.023163649222e+02,1.123145388713e+01,5.828487433198e-03
4.519257192728e-03,7.114094166890e+01,3.012445172460e+01,5.810342251394e+04,3.023162804416e+02,1.123145673851e+01,5.823090304794e-03
4.519766537442e-03,7.113193452892e+01,3.012788226945e+01,5.816392581101e+04,3.023161959075e+02,1.123145959215e+01,5.817696924481e-03
4.520275379734e-03,7.112292694222e+01,3.013130959993e+01,5.822449765714e+04,3.023161113200e+02,1.123146244805e+01,5.812307291595e-03
4.520783720035e-03,7.111391890913e+01,3.013473371787e+01,5.828513813577e+04,3.023160266790e+02,1.123146530620e+01,5.806921405510e-03
4.521291558800e-03,7.110491042954e+01,3.013815462527e+01,5.834584733329e+04,3.023159419845e+02,1.123146816660e+01,5.801539265344e-03
4.521798896453e-03,7.109590150390e+01,3.014157232391e+01,5.840662533251e+04,3.023158572366e+02,1.123147102926e+01,5.796160870536e-03
4.522305733435e-03,7.108689213236e+01,3.014498681567e+01,5.846747221835e+04,3.023157724351e+02,1.123147389418e+01,5.790786220348e-03
4.522812070196e-03,7.107788231488e+01,3.014839810254e+01,5.852838807705e+04,3.023156875801e+02,1.123147676135e+01,5.785415313932e-03
4.523317907156e-03,7.106887205197e+01,3.015180618625e+01,5.858937299132e+04,3.023156026715e+02,1.123147963079e+01,5.780048150754e-03
4.523823244768e-03,7.105986134352e+01,3.015521106881e+01,5.865042704818e+04,3.023155177094e+02,1.123148250248e+01,5.774684729910e-03
4.524328083459e-03,7.105085018989e+01,3.015861275201e+01,5.871155033146e+04,3.023154326938e+02,1.123148537643e+01,5.769325050782e-03
4.524832423668e-03,7.104183859124e+01,3.016201123776e+01,5.877274292661e+04,3.023153476245e+02,1.123148825263e+01,5.763969112616e-03
4.525336265837e-03,7.103282654766e+01,3.016540652795e+01,5.883400491946e+04,3.023152625016e+02,1.123149113110e+01,5.758616914632e-03
4.525839610394e-03,7.102381405944e+01,3.016879862443e+01,5.889533639478e+04,3.023151773251e+02,1.123149401183e+01,5.753268456147e-03
4.526342457788e-03,7.101480112657e+01,3.017218752913e+01,5.895673743930e+04,3.023150920949e+02,1.123149689481e+01,5.747923736317e-03
4.526844808435e-03,7.100578774953e+01,3.017557324382e+01,5.901820813671e+04,3.023150068111e+02,1.123149978006e+01,5.742582754565e-03
4.527346662793e-03,7.099677392815e+01,3.017895577050e+01,5.907974857514e+04,3.023149214736e+02,1.123150266757e+01,5.737245509937e-03
4.527848021279e-03,7.098775966288e+01,3.018233511095e+01,5.914135883853e+04,3.023148360824e+02,1.123150555734e+01,5.731912001849e-03
4.528348884338e-03,7.097874495371e+01,3.018571126710e+01,5.920303901413e+04,3.023147506375e+02,1.123150844938e+01,5.726582229434e-03
4.528849252408e-03,7.096972980079e+01,3.018908424083e+01,5.926478918824e+04,3.023146651388e+02,1.123151134367e+01,5.721256191918e-03
4.529349125913e-03,7.096071420445e+01,3.019245403395e+01,5.932660944595e+04,3.023145795864e+02,1.123151424023e+01,5.715933888634e-03
4.529848505294e-03,7.095169816474e+01,3.019582064840e+01,5.938849987450e+04,3.023144939803e+02,1.123151713905e+01,5.710615318739e-03
4.530347390984e-03,7.094268168183e+01,3.019918408602e+01,5.945046056026e+04,3.023144083203e+02,1.123152004014e+01,5.705300481469e-03
4.530845783414e-03,7.093366475593e+01,3.020254434867e+01,5.951249158946e+04,3.023143226066e+02,1.123152294349e+01,5.699989376080e-03
4.531343683023e-03,7.092464738713e+01,3.020590143827e+01,5.957459304944e+04,3.023142368390e+02,1.123152584911e+01,5.694682001739e-03
4.531841090241e-03,7.091562957561e+01,3.020925535665e+01,5.963676502677e+04,3.023141510176e+02,1.123152875699e+01,5.689378357684e-03
4.532338005497e-03,7.090661132161e+01,3.021260610568e+01,5.969900760788e+04,3.023140651424e+02,1.123153166714e+01,5.684078443173e-03
4.532834429237e-03,7.089759262508e+01,3.021595368729e+01,5.976132088127e+04,3.023139792133e+02,1.123153457956e+01,5.678782257294e-03
4.533330361871e-03,7.088857348653e+01,3.021929810322e+01,5.982370493165e+04,3.023138932303e+02,1.123153749424e+01,5.673489799463e-03
4.533825803857e-03,7.087955390567e+01,3.022263935550e+01,5.988615984940e+04,3.023138071934e+02,1.123154041119e+01,5.668201068622e-03
4.534320755610e-03,7.087053388294e+01,3.022597744589e+01,5.994868571989e+04,3.023137211026e+02,1.123154333041e+01,5.662916064143e-03
4.534815217562e-03,7.086151341851e+01,3.022931237626e+01,6.001128263051e+04,3.023136349579e+02,1.123154625189e+01,5.657634785234e-03
4.535309190154e-03,7.085249251233e+01,3.023264414855e+01,6.007395067041e+04,3.023135487592e+02,1.123154917565e+01,5.652357230962e-03
4.535802673809e-03,7.084347116470e+01,3.023597276457e+01,6.013668992617e+04,3.023134625066e+02,1.123155210167e+01,5.647083400614e-03
4.536295668958e-03,7.083444937577e+01,3.023929822617e+01,6.019950048573e+04,3.023133761999e+02,1.123155502997e+01,5.641813293373e-03
4.536788176040e-03,7.082542714553e+01,3.024262053529e+01,6.026238243810e+04,3.023132898393e+02,1.123155796053e+01,5.636546908336e-03
4.537280195473e-03,7.081640447434e+01,3.024593969371e+01,6.032533586994e+04,3.023132034246e+02,1.123156089337e+01,5.631284244806e-03
4.537771727695e-03,7.080738136218e+01,3.024925570335e+01,6.038836087057e+04,3.023131169559e+02,1.123156382847e+01,5.626025301865e-03
4.538262773136e-03,7.079835780922e+01,3.025256856606e+01,6.045145752817e+04,3.023130304332e+02,1.123156676585e+01,5.620770078703e-03
4.538753332224e-03,7.078933381560e+01,3.025587828372e+01,6.051462593126e+04,3.023129438564e+02,1.123156970550e+01,5.615518574482e-03
4.539243405384e-03,7.078030938155e+01,3.025918485814e+01,6.057786616770e+04,3.023128572255e+02,1.123157264743e+01,5.610270788432e-03
4.539732993048e-03,7.077128450711e+01,3.026248829123e+01,6.064117832687e+04,3.023127705404e+02,1.123157559163e+01,5.605026719657e-03
4.540222095647e-03,7.076225919244e+01,3.026578858484e+01,6.070456249752e+04,3.023126838013e+02,1.123157853810e+01,5.599786367324e-03
4.540710713610e-03,7.075323343761e+01,3.026908574084e+01,6.076801876898e+04,3.023125970080e+02,1.123158148684e+01,5.594549730558e-03
4.541198847360e-03,7.074420724284e+01,3.027237976108e+01,6.083154722969e+04,3.023125101606e+02,1.123158443786e+01,5.589316808560e-03
4.541686497329e-03,7.073518060822e+01,3.027567064742e+01,6.089514796912e+04,3.023124232590e+02,1.123158739116e+01,5.584087600459e-03
4.542173663943e-03,7.072615353389e+01,3.027895840172e+01,6.095882107655e+04,3.023123363032e+02,1.123159034673e+01,5.578862105400e-03
4.542660347627e-03,7.071712602002e+01,3.028224302583e+01,6.102256664109e+04,3.023122492932e+02,1.123159330458e+01,5.573640322554e-03
4.543146548814e-03,7.070809806662e+01,3.028552452164e+01,6.108638475305e+04,3.023121622289e+02,1.123159626470e+01,5.568422250995e-03
4.543632267925e-03,7.069906967395e+01,3.028880289096e+01,6.115027550124e+04,3.023120751104e+02,1.123159922710e+01,5.563207889931e-03
4.544117505391e-03,7.069004084201e+01,3.029207813569e+01,6.121423897624e+04,3.023119879377e+02,1.123160219178e+01,5.557997238429e-03
4.544602261636e-03,7.068101157097e+01,3.029535025768e+01,6.127827526764e+04,3.023119007107e+02,1.123160515874e+01,5.552790295644e-03
4.545086537087e-03,7.067198186094e+01,3.029861925877e+01,6.134238446553e+04,3.023118134294e+02,1.123160812798e+01,5.547587060697e-03
4.545570332165e-03,7.066295171214e+01,3.030188514081e+01,6.140656665942e+04,3.023117260937e+02,1.123161109949e+01,5.542387532763e-03
4.546053647300e-03,7.065392112459e+01,3.030514790566e+01,6.147082194021e+04,3.023116387038e+02,1.123161407329e+01,5.537191710910e-03
4.546536482920e-03,7.064489009834e+01,3.030840755520e+01,6.153515039875e+04,3.023115512595e+02,1.123161704936e+01,5.531999594218e-03
4.547018839442e-03,7.063585863367e+01,3.031166409125e+01,6.159955212447e+04,3.023114637608e+02,1.123162002772e+01,5.526811181886e-03
4.547500717298e-03,7.062682673056e+01,3.031491751568e+01,6.166402720885e+04,3.023113762078e+02,1.123162300835e+01,5.521626472957e-03
4.547982116910e-03,7.061779438913e+01,3.031816783036e+01,6.172857574266e+04,3.023112886003e+02,1.123162599127e+01,5.516445466536e-03
4.548463038699e-03,7.060876160960e+01,3.032141503710e+01,6.179319781596e+04,3.023112009385e+02,1.123162897647e+01,5.511268161791e-03
4.548943483096e-03,7.059972839189e+01,3.032465913781e+01,6.185789352117e+04,3.023111132222e+02,1.123163196396e+01,5.506094557709e-03
4.549423450511e-03,7.059069473639e+01,3.032790013423e+01,6.192266294725e+04,3.023110254514e+02,1.123163495372e+01,5.500924653560e-03
4.549902941382e-03,7.058166064294e+01,3.033113802833e+01,6.198750618753e+04,3.023109376262e+02,1.123163794577e+01,5.495758448272e-03
4.550381956125e-03,7.057262611176e+01,3.033437282190e+01,6.205242333248e+04,3.023108497465e+02,1.123164094011e+01,5.490595941008e-03
4.550860495168e-03,7.056359114285e+01,3.033760451684e+01,6.211741447432e+04,3.023107618123e+02,1.123164393673e+01,5.485437130794e-03
4.551338558919e-03,7.055455573660e+01,3.034083311488e+01,6.218247970263e+04,3.023106738236e+02,1.123164693563e+01,5.480282016878e-03
4.551816147822e-03,7.054551989269e+01,3.034405861802e+01,6.224761911214e+04,3.023105857803e+02,1.123164993682e+01,5.475130598104e-03
4.552293262282e-03,7.053648361152e+01,3.034728102801e+01,6.231283279255e+04,3.023104976825e+02,1.123165294030e+01,5.469982873720e-03
4.552769902723e-03,7.052744689318e+01,3.035050034669e+01,6.237812083597e+04,3.023104095301e+02,1.123165594606e+01,5.464838842790e-03
4.553246069574e-03,7.051840973759e+01,3.035371657596e+01,6.244348333572e+04,3.023103213231e+02,1.123165895411e+01,5.459698504292e-03
4.553721763250e-03,7.050937214500e+01,3.035692971763e+01,6.250892038301e+04,3.023102330615e+02,1.123166196444e+01,5.454561857374e-03
4.554196984174e-03,7.050033411540e+01,3.036013977356e+01,6.257443207081e+04,3.023101447453e+02,1.123166497707e+01,5.449428901054e-03
4.554671732765e-03,7.049129564897e+01,3.036334674558e+01,6.264001849103e+04,3.023100563744e+02,1.123166799198e+01,5.444299634437e-03
4.555146009447e-03,7.048225674570e+01,3.036655063556e+01,6.270567973706e+04,3.023099679489e+02,1.123167100919e+01,5.439174056521e-03
4.555619814633e-03,7.047321740583e+01,3.036975144528e+01,6.277141590054e+04,3.023098794687e+02,1.123167402868e+01,5.434052166449e-03
4.556093148749e-03,7.046417762931e+01,3.037294917665e+01,6.283722707523e+04,3.023097909338e+02,1.123167705046e+01,5.428933963202e-03
4.556566012212e-03,7.045513741627e+01,3.037614383147e+01,6.290311335388e+04,3.023097023442e+02,1.123168007453e+01,5.423819445848e-03
4.557038405442e-03,7.044609676683e+01,3.037933541159e+01,6.296907482939e+04,3.023096136999e+02,1.123168310090e+01,5.418708613449e-03
4.557510328859e-03,7.043705568099e+01,3.038252391887e+01,6.303511159548e+04,3.023095250008e+02,1.123168612955e+01,5.413601465012e-03
4.557981782877e-03,7.042801415896e+01,3.038570935511e+01,6.310122374474e+04,3.023094362469e+02,1.123168916050e+01,5.408497999635e-03
4.558452767922e-03,7.041897220064e+01,3.038889172219e+01,6.316741137181e+04,3.023093474383e+02,1.123169219374e+01,5.403398216268e-03
4.558923284404e-03,7.040992980630e+01,3.039207102191e+01,6.323367456902e+04,3.023092585748e+02,1.123169522928e+01,5.398302114043e-03
4.559393332747e-03,7.040088697590e+01,3.039524725613e+01,6.330001343100e+04,3.023091696566e+02,1.123169826711e+01,5.393209691923e-03
4.559862913363e-03,7.039184370962e+01,3.039842042666e+01,6.336642805086e+04,3.023090806835e+02,1.123170130723e+01,5.388120948993e-03
4.560332026679e-03,7.038280000731e+01,3.040159053540e+01,6.343291852411e+04,3.023089916555e+02,1.123170434964e+01,5.383035884163e-03
4.560800673101e-03,7.037375586932e+01,3.040475758409e+01,6.349948494300e+04,3.023089025727e+02,1.123170739435e+01,5.377954496597e-03
4.561268853051e-03,7.036471129556e+01,3.040792157464e+01,6.356612740288e+04,3.023088134350e+02,1.123171044136e+01,5.372876785230e-03
4.561736566945e-03,7.035566628616e+01,3.041108250884e+01,6.363284599782e+04,3.023087242424e+02,1.123171349067e+01,5.367802749102e-03
4.562203815195e-03,7.034662084124e+01,3.041424038852e+01,6.369964082179e+04,3.023086349948e+02,1.123171654227e+01,5.362732387265e-03
4.562670598231e-03,7.033757496063e+01,3.041739521559e+01,6.376651197134e+04,3.023085456923e+02,1.123171959616e+01,5.357665698582e-03
4.563136916450e-03,7.032852864472e+01,3.042054699176e+01,6.383345953868e+04,3.023084563349e+02,1.123172265236e+01,5.352602682256e-03
4.563602770281e-03,7.031948189334e+01,3.042369571895e+01,6.390048362058e+04,3.023083669225e+02,1.123172571085e+01,5.347543337146e-03
4.564068160129e-03,7.031043470673e+01,3.042684139893e+01,6.396758431071e+04,3.023082774550e+02,1.123172877164e+01,5.342487662354e-03
4.564533086419e-03,7.030138708478e+01,3.042998403360e+01,6.403476170557e+04,3.023081879326e+02,1.123173183473e+01,5.337435656778e-03
4.564997549561e-03,7.029233902762e+01,3.043312362474e+01,6.410201589978e+04,3.023080983551e+02,1.123173490012e+01,5.332387319459e-03
4.565461549963e-03,7.028329053543e+01,3.043626017415e+01,6.416934698794e+04,3.023080087226e+02,1.123173796782e+01,5.327342649451e-03
4.565925088055e-03,7.027424160799e+01,3.043939368375e+01,6.423675506764e+04,3.023079190350e+02,1.123174103781e+01,5.322301645587e-03
4.566388164231e-03,7.026519224572e+01,3.044252415524e+01,6.430424023186e+04,3.023078292924e+02,1.123174411010e+01,5.317264307056e-03
4.566850778920e-03,7.025614244835e+01,3.044565159056e+01,6.437180257878e+04,3.023077394946e+02,1.123174718470e+01,5.312230632659e-03
4.567312932531e-03,7.024709221608e+01,3.044877599148e+01,6.443944220330e+04,3.023076496417e+02,1.123175026159e+01,5.307200621454e-03
4.567774625469e-03,7.023804154905e+01,3.045189735981e+01,6.450715920076e+04,3.023075597337e+02,1.123175334079e+01,5.302174272472e-03
4.568235858157e-03,7.022899044717e+01,3.045501569740e+01,6.457495366848e+04,3.023074697705e+02,1.123175642230e+01,5.297151584599e-03
4.568696631007e-03,7.021993891044e+01,3.045813100610e+01,6.464282570304e+04,3.023073797521e+02,1.123175950610e+01,5.292132556789e-03
4.569156944423e-03,7.021088693913e+01,3.046124328766e+01,6.471077539936e+04,3.023072896785e+02,1.123176259222e+01,5.287117188122e-03
4.569616798821e-03,7.020183453316e+01,3.046435254393e+01,6.477880285492e+04,3.023071995498e+02,1.123176568063e+01,5.282105477496e-03
4.570076194619e-03,7.019278169248e+01,3.046745877678e+01,6.484690816706e+04,3.023071093658e+02,1.123176877135e+01,5.277097423828e-03
4.570535132215e-03,7.018372841738e+01,3.047056198794e+01,6.491509143097e+04,3.023070191265e+02,1.123177186438e+01,5.272093026196e-03
4.570993612033e-03,7.017467470765e+01,3.047366217931e+01,6.498335274530e+04,3.023069288320e+02,1.123177495972e+01,5.267092283434e-03
4.571451634479e-03,7.016562056344e+01,3.047675935268e+01,6.505169220650e+04,3.023068384822e+02,1.123177805736e+01,5.262095194544e-03
4.571909199961e-03,7.015656598483e+01,3.047985350985e+01,6.512010991148e+04,3.023067480772e+02,1.123178115731e+01,5.257101758501e-03
4.572366308889e-03,7.014751097187e+01,3.048294465262e+01,6.518860595743e+04,3.023066576168e+02,1.123178425956e+01,5.252111974262e-03
4.572822961683e-03,7.013845552439e+01,3.048603278290e+01,6.525718044356e+04,3.023065671010e+02,1.123178736413e+01,5.247125840650e-03
4.573279158735e-03,7.012939964277e+01,3.048911790237e+01,6.532583346475e+04,3.023064765299e+02,1.123179047100e+01,5.242143356807e-03
4.573734900469e-03,7.012034332680e+01,3.049220001293e+01,6.539456512081e+04,3.023063859035e+02,1.123179358019e+01,5.237164521523e-03
4.574190187287e-03,7.011128657661e+01,3.049527911637e+01,6.546337550869e+04,3.023062952216e+02,1.123179669168e+01,5.232189333801e-03
4.574645019608e-03,7.010222939205e+01,3.049835521456e+01,6.553226472795e+04,3.023062044843e+02,1.123179980549e+01,5.227217792466e-03
4.575099397822e-03,7.009317177352e+01,3.050142830918e+01,6.560123287398e+04,3.023061136917e+02,1.123180292160e+01,5.222249896648e-03
4.575553322358e-03,7.008411372065e+01,3.050449840219e+01,6.567028004795e+04,3.023060228435e+02,1.123180604003e+01,5.217285645068e-03
4.576006793602e-03,7.007505523387e+01,3.050756549525e+01,6.573940634536e+04,3.023059319399e+02,1.123180916077e+01,5.212325036862e-03
4.576459811988e-03,7.006599631273e+01,3.051062959034e+01,6.580861186836e+04,3.023058409808e+02,1.123181228382e+01,5.207368070692e-03
4.576912377901e-03,7.005693695770e+01,3.051369068911e+01,6.587789671235e+04,3.023057499663e+02,1.123181540919e+01,5.202414745718e-03
4.577364491762e-03,7.004787716850e+01,3.051674879348e+01,6.594726097830e+04,3.023056588962e+02,1.123181853687e+01,5.197465060699e-03
4.577816153965e-03,7.003881694544e+01,3.051980390516e+01,6.601670476321e+04,3.023055677706e+02,1.123182166686e+01,5.192519014693e-03
4.578267364931e-03,7.002975628823e+01,3.052285602605e+01,6.608622816832e+04,3.023054765894e+02,1.123182479917e+01,5.187576606456e-03
4.578718125058e-03,7.002069519709e+01,3.052590515790e+01,6.615583129156e+04,3.023053853526e+02,1.123182793379e+01,5.182637834991e-03
4.579168434753e-03,7.001163367200e+01,3.052895130253e+01,6.622551423248e+04,3.023052940603e+02,1.123183107073e+01,5.177702699188e-03
4.579618294420e-03,7.000257171302e+01,3.053199446172e+01,6.629527709025e+04,3.023052027123e+02,1.123183420999e+01,5.172771197977e-03
4.580067704475e-03,6.999350931998e+01,3.053503463733e+01,6.636511996600e+04,3.023051113088e+02,1.123183735156e+01,5.167843330150e-03
4.580516665310e-03,6.998444649314e+01,3.053807183110e+01,6.643504295755e+04,3.023050198496e+02,1.123184049545e+01,5.162919094743e-03
4.580965177343e-03,6.997538323226e+01,3.054110604491e+01,6.650504616690e+04,3.023049283347e+02,1.123184364166e+01,5.157998490505e-03
4.581413240959e-03,6.996631953773e+01,3.054413728042e+01,6.657512969100e+04,3.023048367641e+02,1.123184679019e+01,5.153081516543e-03
4.581860856584e-03,6.995725540916e+01,3.054716553957e+01,6.664529363330e+04,3.023047451379e+02,1.123184994104e+01,5.148168171519e-03
4.582308024615e-03,6.994819084671e+01,3.055019082412e+01,6.671553809284e+04,3.023046534559e+02,1.123185309420e+01,5.143258454409e-03
4.582754745449e-03,6.993912585049e+01,3.055321313583e+01,6.678586316932e+04,3.023045617182e+02,1.123185624969e+01,5.138352364147e-03
4.583201019497e-03,6.993006042040e+01,3.055623247653e+01,6.685626896422e+04,3.023044699247e+02,1.123185940749e+01,5.133449899556e-03
4.583646847156e-03,6.992099455656e+01,3.055924884797e+01,6.692675557738e+04,3.023043780755e+02,1.123186256762e+01,5.128551059574e-03
4.584092228842e-03,6.991192825871e+01,3.056226225205e+01,6.699732311160e+04,3.023042861705e+02,1.123186573007e+01,5.123655842942e-03
4.584537164945e-03,6.990286152711e+01,3.056527269047e+01,6.706797166607e+04,3.023041942096e+02,1.123186889484e+01,5.118764248661e-03
4.584981655869e-03,6.989379436175e+01,3.056828016503e+01,6.713870134187e+04,3.023041021930e+02,1.123187206194e+01,5.113876275604e-03
4.585425702024e-03,6.988472676246e+01,3.057128467757e+01,6.720951224167e+04,3.023040101205e+02,1.123187523136e+01,5.108991922543e-03
4.585869303807e-03,6.987565872936e+01,3.057428622986e+01,6.728040446594e+04,3.023039179921e+02,1.123187840310e+01,5.104111188409e-03
4.586312461618e-03,6.986659026246e+01,3.057728482368e+01,6.735137811614e+04,3.023038258079e+02,1.123188157716e+01,5.099234072071e-03
4.586755175857e-03,6.985752136182e+01,3.058028046080e+01,6.742243329357e+04,3.023037335677e+02,1.123188475356e+01,5.094360572415e-03
4.587197446941e-03,6.984845202708e+01,3.058327314312e+01,6.749357010267e+04,3.023036412717e+02,1.123188793227e+01,5.089490688120e-03
4.587639275243e-03,6.983938225883e+01,3.058626287224e+01,6.756478864087e+04,3.023035489197e+02,1.123189111331e+01,5.084624418352e-03
4.588080661192e-03,6.983031205646e+01,3.058924965014e+01,6.763608901493e+04,3.023034565117e+02,1.123189429668e+01,5.079761761645e-03
4.588521605173e-03,6.982124142031e+01,3.059223347850e+01,6.770747132445e+04,3.023033640478e+02,1.123189748238e+01,5.074902717027e-03
4.588962107584e-03,6.981217035039e+01,3.059521435910e+01,6.777893567160e+04,3.023032715279e+02,1.123190067040e+01,5.070047283364e-03
4.589402168834e-03,6.980309884649e+01,3.059819229378e+01,6.785048216048e+04,3.023031789519e+02,1.123190386076e+01,5.065195459390e-03
4.589841789317e-03,6.979402690874e+01,3.060116728429e+01,6.792211089266e+04,3.023030863200e+02,1.123190705344e+01,5.060347244022e-03
4.590280969433e-03,6.978495453709e+01,3.060413933242e+01,6.799382197123e+04,3.023029936320e+02,1.123191024845e+01,5.055502636079e-03
4.590719709588e-03,6.977588173140e+01,3.060710843999e+01,6.806561550013e+04,3.023029008879e+02,1.123191344579e+01,5.050661634334e-03
4.591158010166e-03,6.976680849196e+01,3.061007460869e+01,6.813749158002e+04,3.023028080877e+02,1.123191664546e+01,5.045824237780e-03
4.591595871576e-03,6.975773481850e+01,3.061303784038e+01,6.820945031616e+04,3.023027152315e+02,1.123191984746e+01,5.040990445115e-03
4.592033294223e-03,6.974866071091e+01,3.061599813687e+01,6.828149181258e+04,3.023026223191e+02,1.123192305179e+01,5.036160255123e-03
4.592470278481e-03,6.973958616963e+01,3.061895549978e+01,6.835361616918e+04,3.023025293505e+02,1.123192625846e+01,5.031333666873e-03
4.592906824779e-03,6.973051119401e+01,3.062190993111e+01,6.842582349473e+04,3.023024363259e+02,1.123192946745e+01,5.026510678844e-03
4.593342933484e-03,6.972143578464e+01,3.062486143243e+01,6.849811388796e+04,3.023023432450e+02,1.123193267878e+01,5.021691290197e-03
4.593778605014e-03,6.971235994107e+01,3.062781000565e+01,6.857048745626e+04,3.023022501079e+02,1.123193589245e+01,5.016875499522e-03
4.594213839764e-03,6.970328366333e+01,3.063075565254e+01,6.864294430336e+04,3.023021569147e+02,1.123193910845e+01,5.012063305655e-03
4.594648638120e-03,6.969420695157e+01,3.063369837480e+01,6.871548453194e+04,3.023020636651e+02,1.123194232678e+01,5.007254707515e-03
4.595083000479e-03,6.968512980579e+01,3.063663817421e+01,6.878810824623e+04,3.023019703594e+02,1.123194554745e+01,5.002449703920e-03
4.595516927254e-03,6.967605222559e+01,3.063957505266e+01,6.886081555373e+04,3.023018769974e+02,1.123194877045e+01,4.997648293482e-03
4.595950418823e-03,6.966697421131e+01,3.064250901180e+01,6.893360655605e+04,3.023017835790e+02,1.123195199579e+01,4.992850475207e-03
4.596383475589e-03,6.965789576277e+01,3.064544005345e+01,6.900648135925e+04,3.023016901044e+02,1.123195522347e+01,4.988056247816e-03
4.596816097942e-03,6.964881688004e+01,3.064836817934e+01,6.907944006734e+04,3.023015965735e+02,1.123195845348e+01,4.983265610170e-03
4.597248286286e-03,6.963973756287e+01,3.065129339132e+01,6.915248278727e+04,3.023015029861e+02,1.123196168584e+01,4.978478560946e-03
4.597680041005e-03,6.963065781150e+01,3.065421569106e+01,6.922560962199e+04,3.023014093425e+02,1.123196492053e+01,4.973695099089e-03
4.598111362504e-03,6.962157762562e+01,3.065713508043e+01,6.929882067902e+04,3.023013156424e+02,1.123196815756e+01,4.968915223251e-03
4.598542251164e-03,6.961249700548e+01,3.066005156108e+01,6.937211606152e+04,3.023012218860e+02,1.123197139693e+01,4.964138932377e-03
4.598972707394e-03,6.960341595075e+01,3.066296513490e+01,6.944549587766e+04,3.023011280731e+02,1.123197463864e+01,4.959366225095e-03
4.599402731577e-03,6.959433446158e+01,3.066587580356e+01,6.951896023160e+04,3.023010342038e+02,1.123197788269e+01,4.954597100294e-03
4.599832324112e-03,6.958525253780e+01,3.066878356890e+01,6.959250923036e+04,3.023009402780e+02,1.123198112908e+01,4.949831556690e-03
4.600261485383e-03,6.957617017960e+01,3.067168843258e+01,6.966614297816e+04,3.023008462958e+02,1.123198437782e+01,4.945069593187e-03
4.600690215800e-03,6.956708738654e+01,3.067459039650e+01,6.973986158434e+04,3.023007522570e+02,1.123198762889e+01,4.940311208364e-03
4.601118515737e-03,6.955800415896e+01,3.067748946229e+01,6.981366515231e+04,3.023006581618e+02,1.123199088231e+01,4.935556401186e-03
4.601546385593e-03,6.954892049668e+01,3.068038563177e+01,6.988755378949e+04,3.023005640100e+02,1.123199413808e+01,4.930805170373e-03
4.601973825765e-03,6.953983639954e+01,3.068327890672e+01,6.996152760370e+04,3.023004698016e+02,1.123199739618e+01,4.926057514622e-03
4.602400836641e-03,6.953075186757e+01,3.068616928887e+01,7.003558670096e+04,3.023003755367e+02,1.123200065664e+01,4.921313432754e-03
4.602827418609e-03,6.952166690076e+01,3.068905677998e+01,7.010973118790e+04,3.023002812152e+02,1.123200391943e+01,4.916572923559e-03
4.603253572068e-03,6.951258149896e+01,3.069194138182e+01,7.018396117257e+04,3.023001868371e+02,1.123200718458e+01,4.911835985741e-03
4.603679297393e-03,6.950349566238e+01,3.069482309608e+01,7.025827675995e+04,3.023000924024e+02,1.123201045207e+01,4.907102618208e-03
4.604104594996e-03,6.949440939054e+01,3.069770192464e+01,7.033267806103e+04,3.022999979110e+02,1.123201372190e+01,4.902372819492e-03
4.604529465254e-03,6.948532268367e+01,3.070057786915e+01,7.040716518088e+04,3.022999033629e+02,1.123201699409e+01,4.897646588508e-03
4.604953908558e-03,6.947623554168e+01,3.070345093140e+01,7.048173822766e+04,3.022998087582e+02,1.123202026862e+01,4.892923923983e-03
4.605377925301e-03,6.946714796444e+01,3.070632111314e+01,7.055639730972e+04,3.022997140967e+02,1.123202354550e+01,4.888204824639e-03
4.605801515872e-03,6.945805995191e+01,3.070918841613e+01,7.063114253494e+04,3.022996193786e+02,1.123202682473e+01,4.883489289234e-03
4.606224680656e-03,6.944897150411e+01,3.071205284209e+01,7.070597401077e+04,3.022995246037e+02,1.123203010631e+01,4.878777316560e-03
4.606647420048e-03,6.943988262085e+01,3.071491439280e+01,7.078089184656e+04,3.022994297720e+02,1.123203339024e+01,4.874068905296e-03
4.607069734431e-03,6.943079330218e+01,3.071777306999e+01,7.085589614990e+04,3.022993348835e+02,1.123203667652e+01,4.869364054239e-03
4.607491624198e-03,6.942170354796e+01,3.072062887541e+01,7.093098702990e+04,3.022992399383e+02,1.123203996516e+01,4.864662762100e-03
4.607913089736e-03,6.941261335810e+01,3.072348181083e+01,7.100616459556e+04,3.022991449362e+02,1.123204325614e+01,4.859965027601e-03
4.608334131433e-03,6.940352273257e+01,3.072633187798e+01,7.108142895556e+04,3.022990498773e+02,1.123204654948e+01,4.855270849492e-03
4.608754749673e-03,6.939443167135e+01,3.072917907858e+01,7.115678021838e+04,3.022989547615e+02,1.123204984517e+01,4.850580226543e-03
4.609174944845e-03,6.938534017434e+01,3.073202341438e+01,7.123221849358e+04,3.022988595889e+02,1.123205314321e+01,4.845893157462e-03
4.609594717343e-03,6.937624824133e+01,3.073486488719e+01,7.130774389163e+04,3.022987643593e+02,1.123205644361e+01,4.841209640910e-03
4.610014067544e-03,6.936715587243e+01,3.073770349867e+01,7.138335652054e+04,3.022986690729e+02,1.123205974637e+01,4.836529675706e-03
4.610432995835e-03,6.935806306758e+01,3.074053925056e+01,7.145905648983e+04,3.022985737295e+02,1.123206305147e+01,4.831853260583e-03
4.610851502605e-03,6.934896982662e+01,3.074337214463e+01,7.153484391002e+04,3.022984783292e+02,1.123206635894e+01,4.827180394220e-03
4.611269588249e-03,6.933987614931e+01,3.074620218267e+01,7.161071889239e+04,3.022983828719e+02,1.123206966876e+01,4.822511075256e-03
4.611687253140e-03,6.933078203581e+01,3.074902936634e+01,7.168668154516e+04,3.022982873576e+02,1.123207298094e+01,4.817845302523e-03
4.612104497662e-03,6.932168748607e+01,3.075185369737e+01,7.176273197823e+04,3.022981917863e+02,1.123207629548e+01,4.813183074761e-03
4.612521322209e-03,6.931259249984e+01,3.075467517755e+01,7.183887030358e+04,3.022980961579e+02,1.123207961237e+01,4.808524390585e-03
4.612937727165e-03,6.930349707703e+01,3.075749380861e+01,7.191509663163e+04,3.022980004725e+02,1.123208293162e+01,4.803869248717e-03
4.613353712909e-03,6.929440121772e+01,3.076030959224e+01,7.199141107200e+04,3.022979047301e+02,1.123208625324e+01,4.799217647932e-03
4.613769279826e-03,6.928530492175e+01,3.076312253018e+01,7.206781373592e+04,3.022978089305e+02,1.123208957721e+01,4.794569586915e-03
4.614184428308e-03,6.927620818889e+01,3.076593262423e+01,7.214430473592e+04,3.022977130739e+02,1.123209290354e+01,4.789925064279e-03
4.614599158728e-03,6.926711101930e+01,3.076873987603e+01,7.222088418087e+04,3.022976171601e+02,1.123209623224e+01,4.785284078865e-03
4.615013471476e-03,6.925801341271e+01,3.077154428737e+01,7.229755218373e+04,3.022975211892e+02,1.123209956330e+01,4.780646629276e-03
4.615427366936e-03,6.924891536905e+01,3.077434585996e+01,7.237430885576e+04,3.022974251611e+02,1.123210289671e+01,4.776012714222e-03
4.615840845483e-03,6.923981688837e+01,3.077714459550e+01,7.245115430754e+04,3.022973290758e+02,1.123210623250e+01,4.771382332463e-03
4.616253907507e-03,6.923071797044e+01,3.077994049576e+01,7.252808865197e+04,3.022972329334e+02,1.123210957064e+01,4.766755482626e-03
4.616666553394e-03,6.922161861508e+01,3.078273356247e+01,7.260511200170e+04,3.022971367337e+02,1.123211291115e+01,4.762132163359e-03
4.617078783515e-03,6.921251882242e+01,3.078552379731e+01,7.268222446693e+04,3.022970404767e+02,1.123211625403e+01,4.757512373466e-03
4.617490598258e-03,6.920341859226e+01,3.078831120203e+01,7.275942616085e+04,3.022969441625e+02,1.123211959927e+01,4.752896111578e-03
4.617901998003e-03,6.919431792450e+01,3.079109577834e+01,7.283671719594e+04,3.022968477911e+02,1.123212294687e+01,4.748283376375e-03
4.618312983135e-03,6.918521681898e+01,3.079387752799e+01,7.291409768515e+04,3.022967513623e+02,1.123212629684e+01,4.743674166516e-03
4.618723554029e-03,6.917611527573e+01,3.079665645267e+01,7.299156774031e+04,3.022966548762e+02,1.123212964918e+01,4.739068480737e-03
4.619133711076e-03,6.916701329443e+01,3.079943255414e+01,7.306912747597e+04,3.022965583327e+02,1.123213300389e+01,4.734466317614e-03
4.619543454641e-03,6.915791087529e+01,3.080220583405e+01,7.314677700263e+04,3.022964617319e+02,1.123213636096e+01,4.729867675975e-03
4.619952785116e-03,6.914880801798e+01,3.080497629418e+01,7.322451643541e+04,3.022963650738e+02,1.123213972041e+01,4.725272554380e-03
4.620361702882e-03,6.913970472233e+01,3.080774393625e+01,7.330234588823e+04,3.022962683582e+02,1.123214308222e+01,4.720680951466e-03
4.620770208302e-03,6.913060098864e+01,3.081050876187e+01,7.338026547108e+04,3.022961715852e+02,1.123214644640e+01,4.716092866111e-03
4.621178301785e-03,6.912149681612e+01,3.081327077296e+01,7.345827530348e+04,3.022960747548e+02,1.123214981295e+01,4.711508296637e-03
4.621585983680e-03,6.911239220535e+01,3.081602997101e+01,7.353637549341e+04,3.022959778669e+02,1.123215318188e+01,4.706927242053e-03
4.621993254377e-03,6.910328715594e+01,3.081878635783e+01,7.361456615723e+04,3.022958809215e+02,1.123215655317e+01,4.702349700882e-03
4.622400114266e-03,6.909418166754e+01,3.082153993521e+01,7.369284741111e+04,3.022957839186e+02,1.123215992684e+01,4.697775671667e-03
4.622806563711e-03,6.908507574038e+01,3.082429070474e+01,7.377121936648e+04,3.022956868583e+02,1.123216330288e+01,4.693205153234e-03
4.623212603094e-03,6.907596937421e+01,3.082703866817e+01,7.384968213890e+04,3.022955897404e+02,1.123216668130e+01,4.688638144176e-03
4.623618232791e-03,6.906686256898e+01,3.082978382721e+01,7.392823584249e+04,3.022954925649e+02,1.123217006209e+01,4.684074643176e-03
4.624023453187e-03,6.905775532438e+01,3.083252618360e+01,7.400688059357e+04,3.022953953319e+02,1.123217344525e+01,4.679514648797e-03
4.624428264651e-03,6.904864764052e+01,3.083526573899e+01,7.408561650532e+04,3.022952980412e+02,1.123217683079e+01,4.674958159791e-03
4.624832667560e-03,6.903953951723e+01,3.083800249510e+01,7.416444369315e+04,3.022952006930e+02,1.123218021870e+01,4.670405174788e-03
4.625236662297e-03,6.903043095427e+01,3.084073645367e+01,7.424336227338e+04,3.022951032871e+02,1.123218360899e+01,4.665855692373e-03
4.625640249233e-03,6.902132195164e+01,3.084346761636e+01,7.432237236042e+04,3.022950058236e+02,1.123218700166e+01,4.661309711249e-03
4.626043428744e-03,6.901221250922e+01,3.084619598489e+01,7.440147406978e+04,3.022949083023e+02,1.123219039671e+01,4.656767230061e-03
4.626446201215e-03,6.900310262667e+01,3.084892156100e+01,7.448066751907e+04,3.022948107234e+02,1.123219379413e+01,4.652228247342e-03
4.626848567005e-03,6.899399230422e+01,3.085164434630e+01,7.455995282113e+04,3.022947130868e+02,1.123219719393e+01,4.647692761905e-03
4.627250526508e-03,6.898488154137e+01,3.085436434260e+01,7.463933009532e+04,3.022946153925e+02,1.123220059612e+01,4.643160772198e-03
4.627652080080e-03,6.897577033836e+01,3.085708155147e+01,7.471879945456e+04,3.022945176404e+02,1.123220400068e+01,4.638632277042e-03
4.628053228111e-03,6.896665869477e+01,3.085979597472e+01,7.479836101786e+04,3.022944198305e+02,1.123220740762e+01,4.634107274920e-03
4.628453970973e-03,6.895754661049e+01,3.086250761403e+01,7.487801490156e+04,3.022943219628e+02,1.123221081695e+01,4.629585764473e-03
4.628854309028e-03,6.894843408568e+01,3.086521647099e+01,7.495776121987e+04,3.022942240374e+02,1.123221422865e+01,4.625067744473e-03
4.629254242671e-03,6.893932111971e+01,3.086792254747e+01,7.503760009390e+04,3.022941260541e+02,1.123221764274e+01,4.620553213303e-03
4.629653772251e-03,6.893020771302e+01,3.087062584497e+01,7.511753163584e+04,3.022940280129e+02,1.123222105921e+01,4.616042169861e-03
4.630052898163e-03,6.892109386498e+01,3.087332636534e+01,7.519755596706e+04,3.022939299139e+02,1.123222447807e+01,4.611534612534e-03
4.630451620768e-03,6.891197957573e+01,3.087602411018e+01,7.527767320260e+04,3.022938317569e+02,1.123222789931e+01,4.607030540073e-03
4.630849940436e-03,6.890286484519e+01,3.087871908117e+01,7.535788345934e+04,3.022937335421e+02,1.123223132293e+01,4.602529951131e-03
4.631247857560e-03,6.889374967276e+01,3.088141128013e+01,7.543818685928e+04,3.022936352693e+02,1.123223474894e+01,4.598032844081e-03
4.631645372486e-03,6.888463405889e+01,3.088410070857e+01,7.551858351482e+04,3.022935369386e+02,1.123223817733e+01,4.593539217845e-03
4.632042485600e-03,6.887551800313e+01,3.088678736827e+01,7.559907354686e+04,3.022934385499e+02,1.123224160812e+01,4.589049070872e-03
4.632439197273e-03,6.886640150534e+01,3.088947126092e+01,7.567965707348e+04,3.022933401032e+02,1.123224504129e+01,4.584562401776e-03
4.632835507878e-03,6.885728456535e+01,3.089215238820e+01,7.576033421330e+04,3.022932415985e+02,1.123224847684e+01,4.580079209153e-03
4.633231417781e-03,6.884816718313e+01,3.089483075177e+01,7.584110508379e+04,3.022931430358e+02,1.123225191479e+01,4.575599491664e-03
4.633626927350e-03,6.883904935860e+01,3.089750635328e+01,7.592196980305e+04,3.022930444150e+02,1.123225535512e+01,4.571123247947e-03
4.634022036972e-03,6.882993109123e+01,3.090017919453e+01,7.600292849334e+04,3.022929457362e+02,1.123225879785e+01,4.566650476413e-03
4.634416746998e-03,6.882081238131e+01,3.090284927707e+01,7.608398126971e+04,3.022928469992e+02,1.123226224296e+01,4.562181175883e-03
4.634811057810e-03,6.881169322845e+01,3.090551660266e+01,7.616512825357e+04,3.022927482042e+02,1.123226569047e+01,4.557715344830e-03
4.635204969771e-03,6.880257363261e+01,3.090818117292e+01,7.624636956318e+04,3.022926493510e+02,1.123226914037e+01,4.553252981911e-03
4.635598483261e-03,6.879345359341e+01,3.091084298961e+01,7.632770532010e+04,3.022925504397e+02,1.123227259266e+01,4.548794085608e-03
4.635991598632e-03,6.878433311113e+01,3.091350205427e+01,7.640913564020e+04,3.022924514701e+02,1.123227604734e+01,4.544338654721e-03
4.636384316272e-03,6.877521218512e+01,3.091615836873e+01,7.649066064770e+04,3.022923524424e+02,1.123227950442e+01,4.539886687602e-03
4.636776636540e-03,6.876609081550e+01,3.091881193457e+01,7.657228046007e+04,3.022922533565e+02,1.123228296389e+01,4.535438182977e-03
4.637168559801e-03,6.875696900214e+01,3.092146275346e+01,7.665399519732e+04,3.022921542124e+02,1.123228642575e+01,4.530993139443e-03
4.637560086433e-03,6.874784674468e+01,3.092411082712e+01,7.673580498161e+04,3.022920550100e+02,1.123228989001e+01,4.526551555487e-03
4.637951216794e-03,6.873872404320e+01,3.092675615717e+01,7.681770993127e+04,3.022919557493e+02,1.123229335667e+01,4.522113429809e-03
4.638341951259e-03,6.872960089737e+01,3.092939874530e+01,7.689971016852e+04,3.022918564303e+02,1.123229682572e+01,4.517678760907e-03
4.638732290195e-03,6.872047730700e+01,3.093203859321e+01,7.698180581448e+04,3.022917570530e+02,1.123230029717e+01,4.513247547347e-03
4.639122233967e-03,6.871135327200e+01,3.093467570253e+01,7.706399698945e+04,3.022916576174e+02,1.123230377101e+01,4.508819787744e-03
4.639511782941e-03,6.870222879221e+01,3.093731007493e+01,7.714628381461e+04,3.022915581234e+02,1.123230724726e+01,4.504395480674e-03
4.639900937479e-03,6.869310386759e+01,3.093994171204e+01,7.722866641022e+04,3.022914585711e+02,1.123231072590e+01,4.499974624772e-03
4.640289697959e-03,6.868397849769e+01,3.094257061559e+01,7.731114490026e+04,3.022913589603e+02,1.123231420695e+01,4.495557218476e-03
4.640678064742e-03,6.867485268244e+01,3.094519678723e+01,7.739371940566e+04,3.022912592912e+02,1.123231769039e+01,4.491143260398e-03
4.641066038191e-03,6.866572642176e+01,3.094782022859e+01,7.747639004746e+04,3.022911595636e+02,1.123232117624e+01,4.486732749151e-03
4.641453618670e-03,6.865659971552e+01,3.095044094132e+01,7.755915694725e+04,3.022910597775e+02,1.123232466448e+01,4.482325683326e-03
4.641840806556e-03,6.864747256322e+01,3.095305892715e+01,7.764202023022e+04,3.022909599330e+02,1.123232815513e+01,4.477922061327e-03
4.642227602193e-03,6.863834496521e+01,3.095567418762e+01,7.772498001414e+04,3.022908600299e+02,1.123233164818e+01,4.473521881963e-03
4.642614005973e-03,6.862921692069e+01,3.095828672455e+01,7.780803642710e+04,3.022907600684e+02,1.123233514364e+01,4.469125143502e-03
4.643000018231e-03,6.862008843015e+01,3.096089653940e+01,7.789118958583e+04,3.022906600483e+02,1.123233864149e+01,4.464731844820e-03
4.643385639358e-03,6.861095949278e+01,3.096350363401e+01,7.797443961901e+04,3.022905599697e+02,1.123234214176e+01,4.460341984169e-03
4.643770869702e-03,6.860183010877e+01,3.096610800993e+01,7.805778664632e+04,3.022904598324e+02,1.123234564443e+01,4.455955560283e-03
4.644155709627e-03,6.859270027795e+01,3.096870966880e+01,7.814123079093e+04,3.022903596366e+02,1.123234914950e+01,4.451572571721e-03
4.644540159504e-03,6.858356999993e+01,3.097130861233e+01,7.822477217810e+04,3.022902593821e+02,1.123235265698e+01,4.447193016936e-03
4.644924219689e-03,6.857443927472e+01,3.097390484213e+01,7.830841092989e+04,3.022901590691e+02,1.123235616687e+01,4.442816894560e-03
4.645307890547e-03,6.856530810206e+01,3.097649835986e+01,7.839214717053e+04,3.022900586973e+02,1.123235967916e+01,4.438444203117e-03
4.645691172443e-03,6.855617648172e+01,3.097908916718e+01,7.847598102444e+04,3.022899582669e+02,1.123236319387e+01,4.434074941127e-03
4.646074065739e-03,6.854704441353e+01,3.098167726572e+01,7.855991261560e+04,3.022898577777e+02,1.123236671098e+01,4.429709107144e-03
4.646456570793e-03,6.853791189737e+01,3.098426265713e+01,7.864394206777e+04,3.022897572299e+02,1.123237023050e+01,4.425346699737e-03
4.646838687977e-03,6.852877893280e+01,3.098684534310e+01,7.872806950757e+04,3.022896566233e+02,1.123237375243e+01,4.420987717336e-03
4.647220417631e-03,6.851964552017e+01,3.098942532514e+01,7.881229505481e+04,3.022895559579e+02,1.123237727678e+01,4.416632158731e-03
4.647601760145e-03,6.851051165859e+01,3.099200260508e+01,7.889661884066e+04,3.022894552337e+02,1.123238080353e+01,4.412280022130e-03
4.647982715850e-03,6.850137734856e+01,3.099457718436e+01,7.898104098380e+04,3.022893544508e+02,1.123238433270e+01,4.407931306396e-03
4.648363285135e-03,6.849224258923e+01,3.099714906481e+01,7.906556161538e+04,3.022892536090e+02,1.123238786428e+01,4.403586009754e-03
4.648743468335e-03,6.848310738103e+01,3.099971824790e+01,7.915018085507e+04,3.022891527084e+02,1.123239139827e+01,4.399244131029e-03
4.649123265833e-03,6.847397172317e+01,3.100228473541e+01,7.923489883378e+04,3.022890517489e+02,1.123239493468e+01,4.394905668474e-03
4.649502677975e-03,6.846483561578e+01,3.100484852891e+01,7.931971567425e+04,3.022889507305e+02,1.123239847350e+01,4.390570620771e-03
4.649881705117e-03,6.845569905878e+01,3.100740962998e+01,7.940463150117e+04,3.022888496532e+02,1.123240201474e+01,4.386238986507e-03
4.650260347634e-03,6.844656205160e+01,3.100996804038e+01,7.948964644415e+04,3.022887485169e+02,1.123240555839e+01,4.381910764027e-03
4.650638605871e-03,6.843742459431e+01,3.101252376164e+01,7.957476062673e+04,3.022886473217e+02,1.123240910446e+01,4.377585951990e-03
4.651016480193e-03,6.842828668664e+01,3.101507679543e+01,7.965997417616e+04,3.022885460676e+02,1.123241265295e+01,4.373264548878e-03
4.651393970953e-03,6.841914832844e+01,3.101762714335e+01,7.974528721843e+04,3.022884447544e+02,1.123241620386e+01,4.368946553240e-03
4.651771078524e-03,6.841000951922e+01,3.102017480712e+01,7.983069988291e+04,3.022883433822e+02,1.123241975718e+01,4.364631963464e-03
4.652147803240e-03,6.840087025928e+01,3.102271978822e+01,7.991621229192e+04,3.022882419510e+02,1.123242331292e+01,4.360320778300e-03
4.652524145485e-03,6.839173054783e+01,3.102526208844e+01,8.000182457799e+04,3.022881404608e+02,1.123242687109e+01,4.356012995991e-03
4.652900105593e-03,6.838259038520e+01,3.102780170926e+01,8.008753686337e+04,3.022880389114e+02,1.123243043167e+01,4.351708615305e-03
4.653275683942e-03,6.837344977068e+01,3.103033865244e+01,8.017334928030e+04,3.022879373030e+02,1.123243399467e+01,4.347407634516e-03
4.653650880869e-03,6.836430870454e+01,3.103287291947e+01,8.025926195180e+04,3.022878356355e+02,1.123243756010e+01,4.343110052367e-03
4.654025696744e-03,6.835516718624e+01,3.103540451205e+01,8.034527500888e+04,3.022877339088e+02,1.123244112795e+01,4.338815867208e-03
4.654400131920e-03,6.834602521565e+01,3.103793343180e+01,8.043138857878e+04,3.022876321229e+02,1.123244469822e+01,4.334525077585e-03
4.654774186757e-03,6.833688279244e+01,3.104045968035e+01,8.051760279083e+04,3.022875302779e+02,1.123244827092e+01,4.330237681949e-03
4.655147861602e-03,6.832773991662e+01,3.104298325927e+01,8.060391777117e+04,3.022874283736e+02,1.123245184604e+01,4.325953678914e-03
4.655521156813e-03,6.831859658792e+01,3.104550417018e+01,8.069033364900e+04,3.022873264102e+02,1.123245542358e+01,4.321673066952e-03
4.655894072753e-03,6.830945280593e+01,3.104802241476e+01,8.077685055475e+04,3.022872243874e+02,1.123245900355e+01,4.317395844480e-03
4.656266609765e-03,6.830030857070e+01,3.105053799455e+01,8.086346861492e+04,3.022871223055e+02,1.123246258595e+01,4.313122010117e-03
4.656638768216e-03,6.829116388175e+01,3.105305091122e+01,8.095018796096e+04,3.022870201642e+02,1.123246617078e+01,4.308851562245e-03
4.657010548455e-03,6.828201873894e+01,3.105556116637e+01,8.103700872151e+04,3.022869179636e+02,1.123246975803e+01,4.304584499394e-03
4.657381950832e-03,6.827287314217e+01,3.105806876158e+01,8.112393102483e+04,3.022868157037e+02,1.123247334771e+01,4.300320820116e-03
4.657752975705e-03,6.826372709112e+01,3.106057369848e+01,8.121095500145e+04,3.022867133845e+02,1.123247693982e+01,4.296060522863e-03
4.658123623428e-03,6.825458058555e+01,3.106307597869e+01,8.129808078143e+04,3.022866110058e+02,1.123248053436e+01,4.291803606113e-03
4.658493894357e-03,6.824543362516e+01,3.106557560382e+01,8.138530849545e+04,3.022865085678e+02,1.123248413133e+01,4.287550068327e-03
4.658863788839e-03,6.823628620988e+01,3.106807257546e+01,8.147263827221e+04,3.022864060704e+02,1.123248773073e+01,4.283299908065e-03
4.659233307235e-03,6.822713833926e+01,3.107056689525e+01,8.156007024422e+04,3.022863035135e+02,1.123249133256e+01,4.279053123711e-03
4.659602449882e-03,6.821799001348e+01,3.107305856469e+01,8.164760453819e+04,3.022862008972e+02,1.123249493682e+01,4.274809713937e-03
4.659971217154e-03,6.820884123177e+01,3.107554758554e+01,8.173524129002e+04,3.022860982214e+02,1.123249854352e+01,4.270569676979e-03
4.660339609383e-03,6.819969199435e+01,3.107803395926e+01,8.182298062620e+04,3.022859954861e+02,1.123250215265e+01,4.266333011533e-03
4.660707626938e-03,6.819054230063e+01,3.108051768756e+01,8.191082268152e+04,3.022858926913e+02,1.123250576422e+01,4.262099715905e-03
4.661075270160e-03,6.818139215056e+01,3.108299877199e+01,8.199876758535e+04,3.022857898369e+02,1.123250937822e+01,4.257869788666e-03
4.661442539400e-03,6.817224154393e+01,3.108547721412e+01,8.208681546895e+04,3.022856869230e+02,1.123251299465e+01,4.253643228306e-03
4.661809435007e-03,6.816309048057e+01,3.108795301556e+01,8.217496646345e+04,3.022855839494e+02,1.123251661353e+01,4.249420033327e-03
4.662175957348e-03,6.815393895980e+01,3.109042617800e+01,8.226322070484e+04,3.022854809163e+02,1.123252023483e+01,4.245200202007e-03
4.662542106751e-03,6.814478698198e+01,3.109289670287e+01,8.235157831959e+04,3.022853778236e+02,1.123252385858e+01,4.240983733087e-03
4.662907883589e-03,6.813563454626e+01,3.109536459195e+01,8.244003944577e+04,3.022852746712e+02,1.123252748477e+01,4.236770624760e-03
4.663273288186e-03,6.812648165306e+01,3.109782984663e+01,8.252860420932e+04,3.022851714591e+02,1.123253111339e+01,4.232560875806e-03
4.663638320915e-03,6.811732830157e+01,3.110029246867e+01,8.261727274847e+04,3.022850681873e+02,1.123253474445e+01,4.228354484426e-03
4.664002982113e-03,6.810817449180e+01,3.110275245958e+01,8.270604519353e+04,3.022849648558e+02,1.123253837796e+01,4.224151449206e-03
4.664367272137e-03,6.809902022333e+01,3.110520982099e+01,8.279492167916e+04,3.022848614646e+02,1.123254201390e+01,4.219951768534e-03
4.664731191323e-03,6.808986549625e+01,3.110766455441e+01,8.288390233537e+04,3.022847580137e+02,1.123254565229e+01,4.215755441023e-03
4.665094740027e-03,6.808071031012e+01,3.111011666148e+01,8.297298729739e+04,3.022846545029e+02,1.123254929312e+01,4.211562465049e-03
4.665457918603e-03,6.807155466452e+01,3.111256614381e+01,8.306217670043e+04,3.022845509324e+02,1.123255293639e+01,4.207372838995e-03
4.665820727399e-03,6.806239855922e+01,3.111501300298e+01,8.315147067802e+04,3.022844473020e+02,1.123255658210e+01,4.203186561333e-03
4.666183166750e-03,6.805324199426e+01,3.111745724051e+01,8.324086936126e+04,3.022843436118e+02,1.123256023026e+01,4.199003630653e-03
4.666545237010e-03,6.804408496926e+01,3.111989885800e+01,8.333037288566e+04,3.022842398617e+02,1.123256388087e+01,4.194824045349e-03
4.666906938535e-03,6.803492748369e+01,3.112233785711e+01,8.341998138810e+04,3.022841360517e+02,1.123256753392e+01,4.190647803756e-03
4.667268271657e-03,6.802576953772e+01,3.112477423930e+01,8.350969499902e+04,3.022840321818e+02,1.123257118941e+01,4.186474904519e-03
4.667629236733e-03,6.801661113082e+01,3.112720800623e+01,8.359951385585e+04,3.022839282520e+02,1.123257484736e+01,4.182305345963e-03
4.667989834109e-03,6.800745226272e+01,3.112963915946e+01,8.368943809358e+04,3.022838242623e+02,1.123257850775e+01,4.178139126536e-03
4.668350064132e-03,6.799829293317e+01,3.113206770058e+01,8.377946784722e+04,3.022837202126e+02,1.123258217059e+01,4.173976244691e-03
4.668709927134e-03,6.798913314221e+01,3.113449363107e+01,8.386960324910e+04,3.022836161028e+02,1.123258583588e+01,4.169816699012e-03
4.669069423480e-03,6.797997288911e+01,3.113691695264e+01,8.395984443935e+04,3.022835119331e+02,1.123258950362e+01,4.165660487733e-03
4.669428553504e-03,6.797081217392e+01,3.113933766676e+01,8.405019155056e+04,3.022834077033e+02,1.123259317381e+01,4.161507609439e-03
4.669787317560e-03,6.796165099613e+01,3.114175577508e+01,8.414064472110e+04,3.022833034135e+02,1.123259684645e+01,4.157358062461e-03
4.670145715976e-03,6.795248935587e+01,3.114417127905e+01,8.423120408298e+04,3.022831990636e+02,1.123260052154e+01,4.153211845427e-03
4.670503749116e-03,6.794332725241e+01,3.114658418037e+01,8.432186977717e+04,3.022830946535e+02,1.123260419908e+01,4.149068956560e-03
4.670861417318e-03,6.793416468562e+01,3.114899448057e+01,8.441264193866e+04,3.022829901834e+02,1.123260787908e+01,4.144929394369e-03
4.671218720915e-03,6.792500165554e+01,3.115140218112e+01,8.450352070123e+04,3.022828856531e+02,1.123261156153e+01,4.140793157421e-03
4.671575660264e-03,6.791583816152e+01,3.115380728370e+01,8.459450620530e+04,3.022827810626e+02,1.123261524644e+01,4.136660243990e-03
4.671932235706e-03,6.790667420339e+01,3.115620978983e+01,8.468559858704e+04,3.022826764120e+02,1.123261893380e+01,4.132530652552e-03
4.672288447584e-03,6.789750978085e+01,3.115860970108e+01,8.477679798384e+04,3.022825717011e+02,1.123262262362e+01,4.128404381533e-03
4.672644296238e-03,6.788834489372e+01,3.116100701900e+01,8.486810453237e+04,3.022824669300e+02,1.123262631589e+01,4.124281429400e-03
4.672999782008e-03,6.787917954177e+01,3.116340174511e+01,8.495951836967e+04,3.022823620986e+02,1.123263001062e+01,4.120161794611e-03
4.673354905249e-03,6.787001372441e+01,3.116579388108e+01,8.505103963669e+04,3.022822572070e+02,1.123263370781e+01,4.116045475454e-03
4.673709666286e-03,6.786084744183e+01,3.116818342831e+01,8.514266846687e+04,3.022821522550e+02,1.123263740746e+01,4.111932470565e-03
4.674064065479e-03,6.785168069322e+01,3.117057038852e+01,8.523440500369e+04,3.022820472427e+02,1.123264110957e+01,4.107822778133e-03
4.674418103153e-03,6.784251347879e+01,3.117295476312e+01,8.532624938075e+04,3.022819421701e+02,1.123264481413e+01,4.103716396800e-03
4.674771779662e-03,6.783334579789e+01,3.117533655377e+01,8.541820174029e+04,3.022818370371e+02,1.123264852116e+01,4.099613324829e-03
4.675125095343e-03,6.782417765037e+01,3.117771576198e+01,8.551026221985e+04,3.022817318438e+02,1.123265223065e+01,4.095513560700e-03
4.675478050536e-03,6.781500903596e+01,3.118009238929e+01,8.560243095830e+04,3.022816265900e+02,1.123265594260e+01,4.091417102840e-03
4.675830645577e-03,6.780583995448e+01,3.118246643722e+01,8.569470809373e+04,3.022815212758e+02,1.123265965702e+01,4.087323949719e-03
4.676182880819e-03,6.779667040530e+01,3.118483790741e+01,8.578709376902e+04,3.022814159011e+02,1.123266337390e+01,4.083234099603e-03
4.676534756588e-03,6.778750038853e+01,3.118720680131e+01,8.587958811992e+04,3.022813104659e+02,1.123266709324e+01,4.079147551080e-03
4.676886273229e-03,6.777832990370e+01,3.118957312050e+01,8.597219128795e+04,3.022812049703e+02,1.123267081505e+01,4.075064302491e-03
4.677237431095e-03,6.776915895022e+01,3.119193686661e+01,8.606490341625e+04,3.022810994141e+02,1.123267453932e+01,4.070984352114e-03
4.677588230496e-03,6.775998752850e+01,3.119429804099e+01,8.615772463779e+04,3.022809937974e+02,1.123267826606e+01,4.066907698679e-03
4.677938671799e-03,6.775081563758e+01,3.119665664536e+01,8.625065509992e+04,3.022808881201e+02,1.123268199527e+01,4.062834340295e-03
4.678288755332e-03,6.774164327740e+01,3.119901268120e+01,8.634369494083e+04,3.022807823822e+02,1.123268572694e+01,4.058764275480e-03
4.678638481430e-03,6.773247044777e+01,3.120136615001e+01,8.643684430029e+04,3.022806765837e+02,1.123268946108e+01,4.054697502689e-03
4.678987850434e-03,6.772329714830e+01,3.120371705336e+01,8.653010332024e+04,3.022805707246e+02,1.123269319770e+01,4.050634020290e-03
4.679336862680e-03,6.771412337876e+01,3.120606539277e+01,8.662347214127e+04,3.022804648048e+02,1.123269693678e+01,4.046573826718e-03
4.679685518520e-03,6.770494913848e+01,3.120841116986e+01,8.671695090859e+04,3.022803588243e+02,1.123270067833e+01,4.042516920215e-03
4.680033818269e-03,6.769577442772e+01,3.121075438603e+01,8.681053975807e+04,3.022802527832e+02,1.123270442236e+01,4.038463299434e-03
4.680381762279e-03,6.768659924581e+01,3.121309504290e+01,8.690423883547e+04,3.022801466813e+02,1.123270816885e+01,4.034412962609e-03
4.680729350879e-03,6.767742359265e+01,3.121543314194e+01,8.699804828049e+04,3.022800405187e+02,1.123271191782e+01,4.030365908243e-03
4.681076584421e-03,6.766824746753e+01,3.121776868480e+01,8.709196823985e+04,3.022799342953e+02,1.123271566926e+01,4.026322134544e-03
4.681423463218e-03,6.765907087075e+01,3.122010167283e+01,8.718599884952e+04,3.022798280111e+02,1.123271942318e+01,4.022281640191e-03
4.681769987619e-03,6.764989380166e+01,3.122243210767e+01,8.728014025583e+04,3.022797216661e+02,1.123272317957e+01,4.018244423421e-03
4.682116157970e-03,6.764071625968e+01,3.122475999090e+01,8.737439260455e+04,3.022796152602e+02,1.123272693844e+01,4.014210482509e-03
4.682461974582e-03,6.763153824518e+01,3.122708532387e+01,8.746875603159e+04,3.022795087935e+02,1.123273069978e+01,4.010179816156e-03
4.682807437811e-03,6.762235975726e+01,3.122940810826e+01,8.756323068633e+04,3.022794022659e+02,1.123273446360e+01,4.006152422495e-03
4.683152547991e-03,6.761318079567e+01,3.123172834557e+01,8.765781671158e+04,3.022792956775e+02,1.123273822990e+01,4.002128299948e-03
4.683497305442e-03,6.760400136047e+01,3.123404603723e+01,8.775251424741e+04,3.022791890280e+02,1.123274199868e+01,3.998107447062e-03
4.683841710510e-03,6.759482145102e+01,3.123636118483e+01,8.784732344084e+04,3.022790823177e+02,1.123274576993e+01,3.994089862091e-03
4.684185763526e-03,6.758564106712e+01,3.123867378986e+01,8.794224443484e+04,3.022789755464e+02,1.123274954367e+01,3.990075543476e-03
4.684529464826e-03,6.757646020839e+01,3.124098385387e+01,8.803727737457e+04,3.022788687140e+02,1.123275331988e+01,3.986064489568e-03
4.684872814747e-03,6.756727887445e+01,3.124329137838e+01,8.813242240497e+04,3.022787618207e+02,1.123275709858e+01,3.982056698736e-03
4.685215813610e-03,6.755809706525e+01,3.124559636482e+01,8.822767966807e+04,3.022786548663e+02,1.123276087976e+01,3.978052169478e-03
4.685558461764e-03,6.754891478009e+01,3.124789881482e+01,8.832304931268e+04,3.022785478509e+02,1.123276466342e+01,3.974050900018e-03
4.685900759531e-03,6.753973201894e+01,3.125019872981e+01,8.841853148100e+04,3.022784407743e+02,1.123276844957e+01,3.970052888861e-03
4.686242707245e-03,6.753054878146e+01,3.125249611130e+01,8.851412631867e+04,3.022783336367e+02,1.123277223820e+01,3.966058134377e-03
4.686584305249e-03,6.752136506699e+01,3.125479096089e+01,8.860983397454e+04,3.022782264379e+02,1.123277602931e+01,3.962066634811e-03
4.686925553858e-03,6.751218087567e+01,3.125708327996e+01,8.870565458966e+04,3.022781191780e+02,1.123277982292e+01,3.958078388739e-03
4.687266453412e-03,6.750299620701e+01,3.125937307006e+01,8.880158831167e+04,3.022780118569e+02,1.123278361900e+01,3.954093394470e-03
4.687607004253e-03,6.749381106034e+01,3.126166033278e+01,8.889763529048e+04,3.022779044746e+02,1.123278741758e+01,3.950111650228e-03
4.687947206698e-03,6.748462543576e+01,3.126394506953e+01,8.899379566786e+04,3.022777970311e+02,1.123279121864e+01,3.946133154581e-03
4.688287061087e-03,6.747543933269e+01,3.126622728185e+01,8.909006959314e+04,3.022776895263e+02,1.123279502219e+01,3.942157905793e-03
4.688626567739e-03,6.746625275109e+01,3.126850697118e+01,8.918645721011e+04,3.022775819603e+02,1.123279882823e+01,3.938185902361e-03
4.688965726994e-03,6.745706569043e+01,3.127078413907e+01,8.928295866781e+04,3.022774743330e+02,1.123280263676e+01,3.934217142577e-03
4.689304539189e-03,6.744787815012e+01,3.127305878708e+01,8.937957411619e+04,3.022773666443e+02,1.123280644778e+01,3.930251624702e-03
4.689643004638e-03,6.743869013030e+01,3.127533091658e+01,8.947630369784e+04,3.022772588944e+02,1.123281026129e+01,3.926289347306e-03
4.689981123688e-03,6.742950163018e+01,3.127760052919e+01,8.957314756512e+04,3.022771510830e+02,1.123281407730e+01,3.922330308566e-03
4.690318896648e-03,6.742031264995e+01,3.127986762626e+01,8.967010586043e+04,3.022770432103e+02,1.123281789580e+01,3.918374507077e-03
4.690656323869e-03,6.741112318870e+01,3.128213220944e+01,8.976717873792e+04,3.022769352762e+02,1.123282171679e+01,3.914421940958e-03
4.690993405664e-03,6.740193324654e+01,3.128439428009e+01,8.986436634108e+04,3.022768272807e+02,1.123282554027e+01,3.910472608772e-03
4.691330142372e-03,6.739274282279e+01,3.128665383980e+01,8.996166882216e+04,3.022767192237e+02,1.123282936626e+01,3.906526508733e-03
4.691666534315e-03,6.738355191735e+01,3.128891089000e+01,9.005908632722e+04,3.022766111052e+02,1.123283319473e+01,3.902583639314e-03
4.692002581826e-03,6.737436052970e+01,3.129116543220e+01,9.015661900724e+04,3.022765029252e+02,1.123283702571e+01,3.898643998796e-03
4.692338285228e-03,6.736516865965e+01,3.129341746787e+01,9.025426700969e+04,3.022763946837e+02,1.123284085918e+01,3.894707585611e-03
4.692673644855e-03,6.735597630668e+01,3.129566699852e+01,9.035203048571e+04,3.022762863807e+02,1.123284469515e+01,3.890774398047e-03
4.693008661029e-03,6.734678347059e+01,3.129791402561e+01,9.044990958361e+04,3.022761780161e+02,1.123284853362e+01,3.886844434518e-03
4.693343334079e-03,6.733759015096e+01,3.130015855063e+01,9.054790445383e+04,3.022760695899e+02,1.123285237458e+01,3.882917693358e-03
4.693677664331e-03,6.732839634750e+01,3.130240057505e+01,9.064601524579e+04,3.022759611021e+02,1.123285621805e+01,3.878994172948e-03
4.694011652116e-03,6.731920205974e+01,3.130464010037e+01,9.074424211111e+04,3.022758525526e+02,1.123286006402e+01,3.875073871590e-03
4.694345297754e-03,6.731000728747e+01,3.130687712805e+01,9.084258519866e+04,3.022757439415e+02,1.123286391249e+01,3.871156787705e-03
4.694678601581e-03,6.730081203011e+01,3.130911165961e+01,9.094104466171e+04,3.022756352687e+02,1.123286776347e+01,3.867242919544e-03
4.695011563913e-03,6.729161628752e+01,3.131134369647e+01,9.103962064878e+04,3.022755265342e+02,1.123287161694e+01,3.863332265556e-03
4.695344185076e-03,6.728242005936e+01,3.131357324010e+01,9.113831331089e+04,3.022754177380e+02,1.123287547293e+01,3.859424824098e-03
4.695676465406e-03,6.727322334503e+01,3.131580029204e+01,9.123712280207e+04,3.022753088800e+02,1.123287933141e+01,3.855520593413e-03
4.696008405220e-03,6.726402614429e+01,3.131802485373e+01,9.133604927250e+04,3.022751999602e+02,1.123288319240e+01,3.851619571909e-03
4.696340004836e-03,6.725482845706e+01,3.132024692657e+01,9.143509287108e+04,3.022750909787e+02,1.123288705590e+01,3.847721758047e-03
4.696671264593e-03,6.724563028254e+01,3.132246651213e+01,9.153425375454e+04,3.022749819353e+02,1.123289092191e+01,3.843827149991e-03
4.697002184814e-03,6.723643162040e+01,3.132468361187e+01,9.163353207478e+04,3.022748728301e+02,1.123289479042e+01,3.839935746101e-03
4.697332765807e-03,6.722723247076e+01,3.132689822714e+01,9.173292797914e+04,3.022747636630e+02,1.123289866145e+01,3.836047544922e-03
4.697663007909e-03,6.721803283285e+01,3.132911035951e+01,9.183244162457e+04,3.022746544340e+02,1.123290253498e+01,3.832162544634e-03
4.697992911453e-03,6.720883270605e+01,3.133132001049e+01,9.193207316675e+04,3.022745451430e+02,1.123290641102e+01,3.828280743470e-03
4.698322476737e-03,6.719963209071e+01,3.133352718138e+01,9.203182275125e+04,3.022744357902e+02,1.123291028957e+01,3.824402140069e-03
4.698651704108e-03,6.719043098575e+01,3.133573187381e+01,9.213169053885e+04,3.022743263754e+02,1.123291417064e+01,3.820526732484e-03
4.698980593876e-03,6.718122939123e+01,3.133793408913e+01,9.223167667868e+04,3.022742168985e+02,1.123291805421e+01,3.816654519226e-03
4.699309146366e-03,6.717202730664e+01,3.134013382883e+01,9.233178132609e+04,3.022741073597e+02,1.123292194030e+01,3.812785498578e-03
4.699637361899e-03,6.716282473170e+01,3.134233109435e+01,9.243200463392e+04,3.022739977589e+02,1.123292582891e+01,3.808919668921e-03
4.699965240798e-03,6.715362166597e+01,3.134452588716e+01,9.253234675732e+04,3.022738880959e+02,1.123292972003e+01,3.805057028559e-03
4.700292783397e-03,6.714441810874e+01,3.134671820879e+01,9.263280785429e+04,3.022737783709e+02,1.123293361366e+01,3.801197575694e-03
4.700619989993e-03,6.713521406033e+01,3.134890806052e+01,9.273338807218e+04,3.022736685838e+02,1.123293750981e+01,3.797341308943e-03
4.700946860928e-03,6.712600951977e+01,3.135109544396e+01,9.283408757223e+04,3.022735587346e+02,1.123294140848e+01,3.793488226398e-03
4.701273396508e-03,6.711680448711e+01,3.135328036044e+01,9.293490650487e+04,3.022734488232e+02,1.123294530967e+01,3.789638326574e-03
4.701599597071e-03,6.710759896148e+01,3.135546281153e+01,9.303584503099e+04,3.022733388496e+02,1.123294921337e+01,3.785791607593e-03
4.701925462924e-03,6.709839294287e+01,3.135764279859e+01,9.313690330204e+04,3.022732288138e+02,1.123295311959e+01,3.781948067945e-03
4.702250994395e-03,6.708918643069e+01,3.135982032311e+01,9.323808147625e+04,3.022731187158e+02,1.123295702834e+01,3.778107705870e-03
4.702576191792e-03,6.707997942491e+01,3.136199538646e+01,9.333937970579e+04,3.022730085556e+02,1.123296093960e+01,3.774270519844e-03
4.702901055452e-03,6.707077192461e+01,3.136416799020e+01,9.344079815276e+04,3.022728983330e+02,1.123296485339e+01,3.770436507977e-03
4.703225585680e-03,6.706156392986e+01,3.136633813566e+01,9.354233696868e+04,3.022727880482e+02,1.123296876970e+01,3.766605668785e-03
4.703549782801e-03,6.705235544007e+01,3.136850582434e+01,9.364399631268e+04,3.022726777011e+02,1.123297268853e+01,3.762778000505e-03
4.703873647134e-03,6.704314645487e+01,3.137067105767e+01,9.374577634139e+04,3.022725672916e+02,1.123297660988e+01,3.758953501476e-03
4.704197179006e-03,6.703393697365e+01,3.137283383713e+01,9.384767721455e+04,3.022724568197e+02,1.123298053376e+01,3.755132169929e-03
4.704520378712e-03,6.702472699663e+01,3.137499416401e+01,9.394969908284e+04,3.022723462855e+02,1.123298446017e+01,3.751314004439e-03
4.704843246596e-03,6.701551652276e+01,3.137715203992e+01,9.405184211116e+04,3.022722356888e+02,1.123298838910e+01,3.747499003059e-03
4.705165782959e-03,6.700630555205e+01,3.137930746617e+01,9.415410645304e+04,3.022721250297e+02,1.123299232056e+01,3.743687164275e-03
4.705487988133e-03,6.699709408374e+01,3.138146044430e+01,9.425649227051e+04,3.022720143081e+02,1.123299625455e+01,3.739878486263e-03
4.705809862421e-03,6.698788211783e+01,3.138361097563e+01,9.435899971779e+04,3.022719035240e+02,1.123300019106e+01,3.736072967496e-03
4.706131406149e-03,6.697866965369e+01,3.138575906166e+01,9.446162895592e+04,3.022717926774e+02,1.123300413011e+01,3.732270606203e-03
4.706452619628e-03,6.696945669106e+01,3.138790470377e+01,9.456438014212e+04,3.022716817683e+02,1.123300807168e+01,3.728471400763e-03
4.706773503185e-03,6.696024322926e+01,3.139004790346e+01,9.466725343883e+04,3.022715707966e+02,1.123301201579e+01,3.724675349367e-03
4.707094057118e-03,6.695102926842e+01,3.139218866203e+01,9.477024899911e+04,3.022714597624e+02,1.123301596243e+01,3.720882450562e-03
4.707414281766e-03,6.694181480747e+01,3.139432698105e+01,9.487336699029e+04,3.022713486655e+02,1.123301991160e+01,3.717092702376e-03
4.707734177427e-03,6.693259984652e+01,3.139646286183e+01,9.497660756614e+04,3.022712375060e+02,1.123302386330e+01,3.713306103345e-03
4.708053744430e-03,6.692338438477e+01,3.139859630588e+01,9.507997089115e+04,3.022711262838e+02,1.123302781754e+01,3.709522651617e-03
4.708372983082e-03,6.691416842211e+01,3.140072731455e+01,9.518345712231e+04,3.022710149989e+02,1.123303177432e+01,3.705742345624e-03
4.708691893686e-03,6.690495195840e+01,3.140285588920e+01,9.528706641709e+04,3.022709036514e+02,1.123303573362e+01,3.701965183787e-03
4.709010476591e-03,6.689573499231e+01,3.140498203145e+01,9.539079894646e+04,3.022707922411e+02,1.123303969547e+01,3.698191164044e-03
4.709328732077e-03,6.688651752438e+01,3.140710574251e+01,9.549465486078e+04,3.022706807680e+02,1.123304365985e+01,3.694420285089e-03
4.709646660487e-03,6.687729955341e+01,3.140922702396e+01,9.559863433012e+04,3.022705692322e+02,1.123304762677e+01,3.690652544908e-03
4.709964262105e-03,6.686808107984e+01,3.141134587701e+01,9.570273750618e+04,3.022704576335e+02,1.123305159623e+01,3.686887942164e-03
4.710281537269e-03,6.685886210256e+01,3.141346230326e+01,9.580696455869e+04,3.022703459721e+02,1.123305556823e+01,3.683126474870e-03
4.710598486281e-03,6.684964262149e+01,3.141557630401e+01,9.591131564545e+04,3.022702342477e+02,1.123305954277e+01,3.679368141481e-03
4.710915109459e-03,6.684042263608e+01,3.141768788071e+01,9.601579093042e+04,3.022701224605e+02,1.123306351985e+01,3.675612940238e-03
4.711231407116e-03,6.683120214590e+01,3.141979703478e+01,9.612039057599e+04,3.022700106104e+02,1.123306749948e+01,3.671860869443e-03
4.711547379565e-03,6.682198115055e+01,3.142190376761e+01,9.622511474456e+04,3.022698986974e+02,1.123307148164e+01,3.668111927410e-03
4.711863027113e-03,6.681275964974e+01,3.142400808057e+01,9.632996359742e+04,3.022697867214e+02,1.123307546635e+01,3.664366112496e-03
4.712178350084e-03,6.680353764274e+01,3.142610997515e+01,9.643493730135e+04,3.022696746825e+02,1.123307945361e+01,3.660623422873e-03
4.712493348773e-03,6.679431512962e+01,3.142820945262e+01,9.654003601396e+04,3.022695625805e+02,1.123308344341e+01,3.656883857046e-03
4.712808023507e-03,6.678509210951e+01,3.143030651448e+01,9.664525990385e+04,3.022694504155e+02,1.123308743575e+01,3.653147413136e-03
4.713122374591e-03,6.677586858215e+01,3.143240116210e+01,9.675060913315e+04,3.022693381875e+02,1.123309143064e+01,3.649414089504e-03
4.713436402335e-03,6.676664454720e+01,3.143449339686e+01,9.685608386467e+04,3.022692258964e+02,1.123309542808e+01,3.645683884492e-03
4.713750107057e-03,6.675742000397e+01,3.143658322020e+01,9.696168426594e+04,3.022691135422e+02,1.123309942807e+01,3.641956796283e-03
4.714063489063e-03,6.674819495224e+01,3.143867063348e+01,9.706741049909e+04,3.022690011248e+02,1.123310343061e+01,3.638232823262e-03
4.714376548661e-03,6.673896939159e+01,3.144075563809e+01,9.717326272867e+04,3.022688886443e+02,1.123310743570e+01,3.634511963732e-03
4.714689286160e-03,6.672974332165e+01,3.144283823539e+01,9.727924111903e+04,3.022687761007e+02,1.123311144334e+01,3.630794216012e-03
4.715001701889e-03,6.672051674146e+01,3.144491842691e+01,9.738534584151e+04,3.022686634938e+02,1.123311545353e+01,3.627079578185e-03
4.715313796128e-03,6.671128965142e+01,3.144699621383e+01,9.749157705212e+04,3.022685508238e+02,1.123311946627e+01,3.623368048878e-03
4.715625569206e-03,6.670206205055e+01,3.144907159768e+01,9.759793492280e+04,3.022684380904e+02,1.123312348157e+01,3.619659626167e-03
4.715937021428e-03,6.669283393853e+01,3.145114457980e+01,9.770441961822e+04,3.022683252938e+02,1.123312749942e+01,3.615954308393e-03
4.716248153109e-03,6.668360531473e+01,3.145321516162e+01,9.781103130686e+04,3.022682124339e+02,1.123313151982e+01,3.612252093768e-03
4.716558964542e-03,6.667437617920e+01,3.145528334442e+01,9.791777014959e+04,3.022680995107e+02,1.123313554279e+01,3.608552980780e-03
4.716869456051e-03,6.666514653102e+01,3.145734912969e+01,9.802463631862e+04,3.022679865242e+02,1.123313956830e+01,3.604856967529e-03
4.717179627937e-03,6.665591637000e+01,3.145941251874e+01,9.813162997808e+04,3.022678734742e+02,1.123314359638e+01,3.601164052403e-03
4.717489480509e-03,6.664668569563e+01,3.146147351298e+01,9.823875129607e+04,3.022677603609e+02,1.123314762701e+01,3.597474233661e-03
4.717799014077e-03,6.663745450740e+01,3.146353211379e+01,9.834600044064e+04,3.022676471841e+02,1.123315166020e+01,3.593787509571e-03
4.718108228947e-03,6.662822280494e+01,3.146558832252e+01,9.845337757883e+04,3.022675339439e+02,1.123315569596e+01,3.590103878446e-03
4.718417125423e-03,6.661899058788e+01,3.146764214055e+01,9.856088287759e+04,3.022674206402e+02,1.123315973427e+01,3.586423338605e-03
4.718725703820e-03,6.660975785555e+01,3.146969356928e+01,9.866851650789e+04,3.022673072730e+02,1.123316377515e+01,3.582745888240e-03
4.719033964434e-03,6.660052460782e+01,3.147174261002e+01,9.877627863435e+04,3.022671938423e+02,1.123316781858e+01,3.579071525769e-03
4.719341907586e-03,6.659129084380e+01,3.147378926424e+01,9.888416943081e+04,3.022670803481e+02,1.123317186458e+01,3.575400249301e-03
4.719649533565e-03,6.658205656354e+01,3.147583353319e+01,9.899218906054e+04,3.022669667903e+02,1.123317591315e+01,3.571732057314e-03
4.719956842686e-03,6.657282176632e+01,3.147787541829e+01,9.910033769579e+04,3.022668531689e+02,1.123317996428e+01,3.568066947987e-03
4.720263835263e-03,6.656358645146e+01,3.147991492097e+01,9.920861550865e+04,3.022667394838e+02,1.123318401797e+01,3.564404919515e-03
4.720570511586e-03,6.655435061899e+01,3.148195204247e+01,9.931702266323e+04,3.022666257351e+02,1.123318807423e+01,3.560745970368e-03
4.720876871970e-03,6.654511426809e+01,3.148398678425e+01,9.942555933366e+04,3.022665119227e+02,1.123319213306e+01,3.557090098687e-03
4.721182916715e-03,6.653587739852e+01,3.148601914761e+01,9.953422568773e+04,3.022663980467e+02,1.123319619446e+01,3.553437302834e-03
4.721488646126e-03,6.652664000977e+01,3.148804913392e+01,9.964302189648e+04,3.022662841069e+02,1.123320025842e+01,3.549787581070e-03
4.721794060521e-03,6.651740210103e+01,3.149007674462e+01,9.975194813487e+04,3.022661701033e+02,1.123320432496e+01,3.546140931530e-03
4.722099160178e-03,6.650816367256e+01,3.149210198090e+01,9.986100456513e+04,3.022660560360e+02,1.123320839407e+01,3.542497352787e-03
4.722403945427e-03,6.649892472314e+01,3.149412484430e+01,9.997019136769e+04,3.022659419049e+02,1.123321246574e+01,3.538856842810e-03
4.722708416554e-03,6.648968525284e+01,3.149614533603e+01,1.000795087076e+05,3.022658277100e+02,1.123321653999e+01,3.535219400092e-03
4.723012573880e-03,6.648044526072e+01,3.149816345757e+01,1.001889567623e+05,3.022657134512e+02,1.123322061682e+01,3.531585022717e-03
4.723316417680e-03,6.647120474708e+01,3.150017921008e+01,1.002985356946e+05,3.022655991285e+02,1.123322469621e+01,3.527953709269e-03
4.723619948288e-03,6.646196371057e+01,3.150219259512e+01,1.004082456873e+05,3.022654847419e+02,1.123322877819e+01,3.524325457666e-03
4.723923165989e-03,6.645272215123e+01,3.150420361392e+01,1.005180869069e+05,3.022653702914e+02,1.123323286273e+01,3.520700266389e-03
4.724226071086e-03,6.644348006861e+01,3.150621226782e+01,1.006280595260e+05,3.022652557770e+02,1.123323694986e+01,3.517078133714e-03
4.724528663887e-03,6.643423746200e+01,3.150821855821e+01,1.007381637202e+05,3.022651411985e+02,1.123324103956e+01,3.513459057825e-03
4.724830944697e-03,6.642499433092e+01,3.151022248645e+01,1.008483996632e+05,3.022650265561e+02,1.123324513184e+01,3.509843036987e-03
4.725132913812e-03,6.641575067503e+01,3.151222405385e+01,1.009587675267e+05,3.022649118496e+02,1.123324922670e+01,3.506230069527e-03
4.725434571528e-03,6.640650649401e+01,3.151422326170e+01,1.010692674827e+05,3.022647970791e+02,1.123325332414e+01,3.502620153772e-03
4.725735918155e-03,6.639726178711e+01,3.151622011142e+01,1.011798997087e+05,3.022646822445e+02,1.123325742416e+01,3.499013287886e-03
4.726036953988e-03,6.638801655408e+01,3.151821460428e+01,1.012906643762e+05,3.022645673458e+02,1.123326152676e+01,3.495409470228e-03
4.726337679346e-03,6.637877079386e+01,3.152020674175e+01,1.014015616666e+05,3.022644523829e+02,1.123326563194e+01,3.491808698842e-03
4.726638094496e-03,6.636952450698e+01,3.152219652494e+01,1.015125917428e+05,3.022643373559e+02,1.123326973971e+01,3.488210972389e-03
4.726938199767e-03,6.636027769213e+01,3.152418395537e+01,1.016237547897e+05,3.022642222647e+02,1.123327385006e+01,3.484616288809e-03
4.727237995449e-03,6.635103034905e+01,3.152616903432e+01,1.017350509802e+05,3.022641071093e+02,1.123327796299e+01,3.481024646458e-03
4.727537481838e-03,6.634178247746e+01,3.152815176307e+01,1.018464804873e+05,3.022639918897e+02,1.123328207852e+01,3.477436043683e-03
4.727836659239e-03,6.633253407664e+01,3.153013214301e+01,1.019580434897e+05,3.022638766058e+02,1.123328619662e+01,3.473850478657e-03
4.728135527959e-03,6.632328514589e+01,3.153211017550e+01,1.020697401661e+05,3.022637612576e+02,1.123329031732e+01,3.470267949567e-03
4.728434088271e-03,6.631403568552e+01,3.153408586171e+01,1.021815706835e+05,3.022636458451e+02,1.123329444060e+01,3.466688454977e-03
4.728732340499e-03,6.630478569427e+01,3.153605920312e+01,1.022935352278e+05,3.022635303682e+02,1.123329856648e+01,3.463111992855e-03
4.729030284933e-03,6.629553517191e+01,3.153803020099e+01,1.024056339725e+05,3.022634148270e+02,1.123330269494e+01,3.459538561571e-03
4.729327921870e-03,6.628628411801e+01,3.153999885664e+01,1.025178670944e+05,3.022632992214e+02,1.123330682600e+01,3.455968159404e-03
4.729625251608e-03,6.627703253203e+01,3.154196517139e+01,1.026302347714e+05,3.022631835514e+02,1.123331095964e+01,3.452400784601e-03
4.729922274449e-03,6.626778041339e+01,3.154392914658e+01,1.027427371823e+05,3.022630678169e+02,1.123331509588e+01,3.448836435386e-03
4.730218990686e-03,6.625852776170e+01,3.154589078351e+01,1.028553745039e+05,3.022629520180e+02,1.123331923472e+01,3.445275110066e-03
4.730515400624e-03,6.624927457625e+01,3.154785008353e+01,1.029681469168e+05,3.022628361546e+02,1.123332337615e+01,3.441716806817e-03
4.730811504544e-03,6.624002085706e+01,3.154980704785e+01,1.030810545935e+05,3.022627202266e+02,1.123332752017e+01,3.438161524095e-03
4.731107302752e-03,6.623076660326e+01,3.155176167786e+01,1.031940977171e+05,3.022626042341e+02,1.123333166679e+01,3.434609260022e-03
4.731402795556e-03,6.622151181409e+01,3.155371397493e+01,1.033072764700e+05,3.022624881770e+02,1.123333581600e+01,3.431060012750e-03
4.731697983229e-03,6.621225648972e+01,3.155566394021e+01,1.034205910233e+05,3.022623720554e+02,1.123333996782e+01,3.427513780798e-03
4.731992866096e-03,6.620300062877e+01,3.155761157521e+01,1.035340415672e+05,3.022622558691e+02,1.123334412223e+01,3.423970562086e-03
4.732287444418e-03,6.619374423180e+01,3.155955688101e+01,1.036476282688e+05,3.022621396181e+02,1.123334827924e+01,3.420430355277e-03
4.732581718519e-03,6.618448729745e+01,3.156149985909e+01,1.037613513183e+05,3.022620233025e+02,1.123335243886e+01,3.416893158305e-03
4.732875688687e-03,6.617522982539e+01,3.156344051072e+01,1.038752108944e+05,3.022619069221e+02,1.123335660107e+01,3.413358969486e-03
4.733169355203e-03,6.616597181559e+01,3.156537883709e+01,1.039892071715e+05,3.022617904771e+02,1.123336076589e+01,3.409827787265e-03
4.733462718388e-03,6.615671326673e+01,3.156731483968e+01,1.041033403407e+05,3.022616739672e+02,1.123336493331e+01,3.406299609583e-03
4.733755778512e-03,6.614745417902e+01,3.156924851964e+01,1.042176105744e+05,3.022615573926e+02,1.123336910333e+01,3.402774434966e-03
4.734048535876e-03,6.613819455182e+01,3.157117987828e+01,1.043320180557e+05,3.022614407532e+02,1.123337327596e+01,3.399252261621e-03
4.734340990786e-03,6.612893438414e+01,3.157310891702e+01,1.044465629720e+05,3.022613240489e+02,1.123337745120e+01,3.395733087622e-03
4.734633143521e-03,6.611967367603e+01,3.157503563701e+01,1.045612454987e+05,3.022612072798e+02,1.123338162904e+01,3.392216911432e-03
4.734924994379e-03,6.611041242679e+01,3.157696003959e+01,1.046760658201e+05,3.022610904458e+02,1.123338580949e+01,3.388703731236e-03
4.735216543667e-03,6.610115063546e+01,3.157888212616e+01,1.047910241244e+05,3.022609735468e+02,1.123338999255e+01,3.385193545115e-03
4.735507791656e-03,6.609188830224e+01,3.158080189783e+01,1.049061205855e+05,3.022608565829e+02,1.123339417821e+01,3.381686351592e-03
4.735798738642e-03,6.608262542651e+01,3.158271935593e+01,1.050213553878e+05,3.022607395541e+02,1.123339836649e+01,3.378182148879e-03
4.736089384938e-03,6.607336200710e+01,3.158463450188e+01,1.051367287229e+05,3.022606224602e+02,1.123340255738e+01,3.374680934979e-03
4.736379730817e-03,6.606409804410e+01,3.158654733684e+01,1.052522407668e+05,3.022605053014e+02,1.123340675088e+01,3.371182708373e-03
4.736669776574e-03,6.605483353690e+01,3.158845786210e+01,1.053678917044e+05,3.022603880774e+02,1.123341094699e+01,3.367687467279e-03
4.736959522516e-03,6.604556848450e+01,3.159036607904e+01,1.054836817260e+05,3.022602707884e+02,1.123341514572e+01,3.364195209766e-03
4.737248968907e-03,6.603630288725e+01,3.159227198877e+01,1.055996110051e+05,3.022601534343e+02,1.123341934706e+01,3.360705934411e-03
4.737538116059e-03,6.602703674398e+01,3.159417559270e+01,1.057156797346e+05,3.022600360151e+02,1.123342355102e+01,3.357219639216e-03
4.737826964263e-03,6.601777005413e+01,3.159607689211e+01,1.058318880999e+05,3.022599185307e+02,1.123342775759e+01,3.353736322418e-03
4.738115513795e-03,6.600850281769e+01,3.159797588817e+01,1.059482362798e+05,3.022598009811e+02,1.123343196678e+01,3.350255982461e-03
4.738403764968e-03,6.599923503336e+01,3.159987258231e+01,1.060647244698e+05,3.022596833663e+02,1.123343617859e+01,3.346778617298e-03
4.738691718046e-03,6.598996670153e+01,3.160176697562e+01,1.061813528439e+05,3.022595656863e+02,1.123344039302e+01,3.343304225523e-03
4.738979373348e-03,6.598069782067e+01,3.160365906957e+01,1.062981216012e+05,3.022594479410e+02,1.123344461007e+01,3.339832805002e-03
4.739266731140e-03,6.597142839104e+01,3.160554886527e+01,1.064150309177e+05,3.022593301304e+02,1.123344882974e+01,3.336364354286e-03
4.739553791720e-03,6.596215841187e+01,3.160743636404e+01,1.065320809834e+05,3.022592122545e+02,1.123345305203e+01,3.332898871522e-03
4.739840555377e-03,6.595288788258e+01,3.160932156715e+01,1.066492719858e+05,3.022590943133e+02,1.123345727695e+01,3.329436354945e-03
4.740127022410e-03,6.594361680236e+01,3.161120447592e+01,1.067666041156e+05,3.022589763067e+02,1.123346150449e+01,3.325976802693e-03
4.740413193090e-03,6.593434517124e+01,3.161308509150e+01,1.068840775532e+05,3.022588582346e+02,1.123346573465e+01,3.322520213219e-03
4.740699067721e-03,6.592507298814e+01,3.161496341527e+01,1.070016924933e+05,3.022587400972e+02,1.123346996744e+01,3.319066584570e-03
4.740984646579e-03,6.591580025302e+01,3.161683944837e+01,1.071194491179e+05,3.022586218943e+02,1.123347420285e+01,3.315615915166e-03
4.741269929962e-03,6.590652696492e+01,3.161871319216e+01,1.072373476203e+05,3.022585036259e+02,1.123347844089e+01,3.312168203102e-03
4.741554918156e-03,6.589725312342e+01,3.162058464786e+01,1.073553881879e+05,3.022583852920e+02,1.123348268156e+01,3.308723446662e-03
4.741839611449e-03,6.588797872791e+01,3.162245381675e+01,1.074735710105e+05,3.022582668926e+02,1.123348692486e+01,3.305281644059e-03
4.742124010118e-03,6.587870377826e+01,3.162432070000e+01,1.075918962721e+05,3.022581484276e+02,1.123349117079e+01,3.301842793693e-03
4.742408114467e-03,6.586942827332e+01,3.162618529897e+01,1.077103641699e+05,3.022580298970e+02,1.123349541935e+01,3.298406893577e-03
4.742691924774e-03,6.586015221284e+01,3.162804761487e+01,1.078289748899e+05,3.022579113008e+02,1.123349967054e+01,3.294973942063e-03
4.742975441326e-03,6.585087559630e+01,3.162990764893e+01,1.079477286220e+05,3.022577926390e+02,1.123350392437e+01,3.291543937400e-03
4.743258664408e-03,6.584159842315e+01,3.163176540240e+01,1.080666255564e+05,3.022576739115e+02,1.123350818083e+01,3.288116877828e-03
4.743541594306e-03,6.583232069289e+01,3.163362087653e+01,1.081856658833e+05,3.022575551183e+02,1.123351243992e+01,3.284692761605e-03
4.743824231318e-03,6.582304240451e+01,3.163547407264e+01,1.083048497994e+05,3.022574362593e+02,1.123351670165e+01,3.281271586800e-03
4.744106575710e-03,6.581376355815e+01,3.163732499183e+01,1.084241774873e+05,3.022573173346e+02,1.123352096601e+01,3.277853351906e-03
4.744388627783e-03,6.580448415275e+01,3.163917363546e+01,1.085436491448e+05,3.022571983442e+02,1.123352523302e+01,3.274438054975e-03
4.744670387820e-03,6.579520418784e+01,3.164102000475e+01,1.086632649630e+05,3.022570792879e+02,1.123352950266e+01,3.271025694273e-03
4.744951856097e-03,6.578592366311e+01,3.164286410088e+01,1.087830251304e+05,3.022569601658e+02,1.123353377494e+01,3.267616268135e-03
4.745233032912e-03,6.577664257757e+01,3.164470592518e+01,1.089029298453e+05,3.022568409778e+02,1.123353804986e+01,3.264209774631e-03
4.745513918531e-03,6.576736093133e+01,3.164654547875e+01,1.090229792917e+05,3.022567217239e+02,1.123354232742e+01,3.260806212247e-03
4.745794513267e-03,6.575807872284e+01,3.164838276302e+01,1.091431736754e+05,3.022566024041e+02,1.123354660762e+01,3.257405578855e-03
4.746074817374e-03,6.574879595250e+01,3.165021777903e+01,1.092635131772e+05,3.022564830184e+02,1.123355089047e+01,3.254007873046e-03
4.746354831147e-03,6.573951261945e+01,3.165205052807e+01,1.093839979946e+05,3.022563635667e+02,1.123355517596e+01,3.250613092939e-03
4.746634554886e-03,6.573022872250e+01,3.165388101150e+01,1.095046283296e+05,3.022562440490e+02,1.123355946409e+01,3.247221236547e-03
4.746913988846e-03,6.572094426207e+01,3.165570923035e+01,1.096254043635e+05,3.022561244652e+02,1.123356375487e+01,3.243832302464e-03
4.747193133333e-03,6.571165923682e+01,3.165753518599e+01,1.097463263008e+05,3.022560048154e+02,1.123356804830e+01,3.240446288640e-03
4.747471988613e-03,6.570237364675e+01,3.165935887954e+01,1.098673943291e+05,3.022558850995e+02,1.123357234438e+01,3.237063193513e-03
4.747750554981e-03,6.569308749089e+01,3.166118031230e+01,1.099886086485e+05,3.022557653175e+02,1.123357664310e+01,3.233683015174e-03
4.748028832715e-03,6.568380076875e+01,3.166299948547e+01,1.101099694533e+05,3.022556454694e+02,1.123358094447e+01,3.230305751884e-03
4.748306822098e-03,6.567451347982e+01,3.166481640027e+01,1.102314769384e+05,3.022555255551e+02,1.123358524850e+01,3.226931401900e-03
4.748584523408e-03,6.566522562358e+01,3.166663105790e+01,1.103531312991e+05,3.022554055746e+02,1.123358955517e+01,3.223559963473e-03
4.748861936933e-03,6.565593719927e+01,3.166844345961e+01,1.104749327340e+05,3.022552855278e+02,1.123359386450e+01,3.220191434763e-03
4.749139062949e-03,6.564664820647e+01,3.167025360659e+01,1.105968814376e+05,3.022551654149e+02,1.123359817648e+01,3.216825814066e-03
4.749415901738e-03,6.563735864463e+01,3.167206150006e+01,1.107189776066e+05,3.022550452356e+02,1.123360249111e+01,3.213463099615e-03
4.749692453594e-03,6.562806851272e+01,3.167386714129e+01,1.108412214437e+05,3.022549249900e+02,1.123360680840e+01,3.210103289484e-03
4.749968718769e-03,6.561877781106e+01,3.167567053134e+01,1.109636131348e+05,3.022548046781e+02,1.123361112835e+01,3.206746382227e-03
4.750244697572e-03,6.560948653818e+01,3.167747167159e+01,1.110861528892e+05,3.022546842998e+02,1.123361545095e+01,3.203392375753e-03
4.750520390265e-03,6.560019469406e+01,3.167927056312e+01,1.112088408978e+05,3.022545638552e+02,1.123361977621e+01,3.200041268490e-03
4.750795797144e-03,6.559090227759e+01,3.168106720726e+01,1.113316773656e+05,3.022544433441e+02,1.123362410413e+01,3.196693058486e-03
4.751070918472e-03,6.558160928877e+01,3.168286160509e+01,1.114546624837e+05,3.022543227666e+02,1.123362843471e+01,3.193347744174e-03
4.751345754539e-03,6.557231572663e+01,3.168465375788e+01,1.115777964560e+05,3.022542021225e+02,1.123363276795e+01,3.190005323651e-03
4.751620305622e-03,6.556302159071e+01,3.168644366682e+01,1.117010794802e+05,3.022540814120e+02,1.123363710386e+01,3.186665795185e-03
4.751894571999e-03,6.555372688036e+01,3.168823133312e+01,1.118245117565e+05,3.022539606350e+02,1.123364144242e+01,3.183329156990e-03
4.752168553951e-03,6.554443159502e+01,3.169001675796e+01,1.119480934846e+05,3.022538397914e+02,1.123364578365e+01,3.179995407297e-03
4.752442251747e-03,6.553513573433e+01,3.169179994250e+01,1.120718248615e+05,3.022537188812e+02,1.123365012754e+01,3.176664544422e-03
4.752715665684e-03,6.552583929713e+01,3.169358088805e+01,1.121957060952e+05,3.022535979043e+02,1.123365447410e+01,3.173336566384e-03
4.752988796029e-03,6.551654228314e+01,3.169535959573e+01,1.123197373823e+05,3.022534768609e+02,1.123365882333e+01,3.170011471530e-03
4.753261643047e-03,6.550724469227e+01,3.169713606664e+01,1.124439189172e+05,3.022533557507e+02,1.123366317522e+01,3.166689258260e-03
4.753534207046e-03,6.549794652285e+01,3.169891030217e+01,1.125682509155e+05,3.022532345739e+02,1.123366752978e+01,3.163369924423e-03
4.753806488283e-03,6.548864777496e+01,3.170068230340e+01,1.126927335700e+05,3.022531133303e+02,1.123367188701e+01,3.160053468483e-03
4.754078487034e-03,6.547934844806e+01,3.170245207148e+01,1.128173670819e+05,3.022529920200e+02,1.123367624691e+01,3.156739888689e-03
4.754350203580e-03,6.547004854141e+01,3.170421960764e+01,1.129421516554e+05,3.022528706428e+02,1.123368060949e+01,3.153429183214e-03
4.754621638198e-03,6.546074805435e+01,3.170598491306e+01,1.130670874937e+05,3.022527491989e+02,1.123368497473e+01,3.150121350271e-03
4.754892791166e-03,6.545144698630e+01,3.170774798892e+01,1.131921747997e+05,3.022526276881e+02,1.123368934265e+01,3.146816388084e-03
4.755163662763e-03,6.544214533652e+01,3.170950883644e+01,1.133174137785e+05,3.022525061104e+02,1.123369371324e+01,3.143514294832e-03
4.755434253258e-03,6.543284310463e+01,3.171126745674e+01,1.134428046303e+05,3.022523844658e+02,1.123369808651e+01,3.140215068822e-03
4.755704562924e-03,6.542354029011e+01,3.171302385099e+01,1.135683475581e+05,3.022522627543e+02,1.123370246246e+01,3.136918708310e-03
4.755974592046e-03,6.541423689205e+01,3.171477802043e+01,1.136940427700e+05,3.022521409759e+02,1.123370684108e+01,3.133625211411e-03
4.756244340904e-03,6.540493290966e+01,3.171652996624e+01,1.138198904730e+05,3.022520191304e+02,1.123371122238e+01,3.130334576287e-03
4.756513809754e-03,6.539562834297e+01,3.171827968951e+01,1.139458908633e+05,3.022518972179e+02,1.123371560636e+01,3.127046801384e-03
4.756782998884e-03,6.538632319096e+01,3.172002719145e+01,1.140720441514e+05,3.022517752384e+02,1.123371999302e+01,3.123761884784e-03
4.757051908562e-03,6.537701745317e+01,3.172177247323e+01,1.141983505407e+05,3.022516531918e+02,1.123372438236e+01,3.120479824768e-03
4.757320539073e-03,6.536771112868e+01,3.172351553606e+01,1.143248102413e+05,3.022515310781e+02,1.123372877438e+01,3.117200619442e-03
4.757588890681e-03,6.535840421718e+01,3.172525638105e+01,1.144514234548e+05,3.022514088973e+02,1.123373316909e+01,3.113924267147e-03
4.757856963664e-03,6.534909671790e+01,3.172699500940e+01,1.145781903899e+05,3.022512866493e+02,1.123373756648e+01,3.110650766044e-03
4.758124758292e-03,6.533978863038e+01,3.172873142223e+01,1.147051112510e+05,3.022511643341e+02,1.123374196655e+01,3.107380114416e-03
4.758392274847e-03,6.533047995368e+01,3.173046562077e+01,1.148321862497e+05,3.022510419517e+02,1.123374636931e+01,3.104112310366e-03
4.758659513593e-03,6.532117068751e+01,3.173219760613e+01,1.149594155885e+05,3.022509195020e+02,1.123375077476e+01,3.100847352240e-03
4.758926474800e-03,6.531186083132e+01,3.173392737943e+01,1.150867994743e+05,3.022507969851e+02,1.123375518290e+01,3.097585238280e-03
4.759193158755e-03,6.530255038398e+01,3.173565494193e+01,1.152143381217e+05,3.022506744008e+02,1.123375959372e+01,3.094325966533e-03
4.759459565720e-03,6.529323934524e+01,3.173738029472e+01,1.153420317342e+05,3.022505517492e+02,1.123376400724e+01,3.091069535348e-03
4.759725695968e-03,6.528392771448e+01,3.173910343896e+01,1.154698805203e+05,3.022504290303e+02,1.123376842344e+01,3.087815942948e-03
4.759991549773e-03,6.527461549094e+01,3.174082437580e+01,1.155978846906e+05,3.022503062439e+02,1.123377284234e+01,3.084565187510e-03
4.760257127408e-03,6.526530267401e+01,3.174254310641e+01,1.157260444541e+05,3.022501833901e+02,1.123377726393e+01,3.081317267262e-03
4.760522429145e-03,6.525598926296e+01,3.174425963195e+01,1.158543600216e+05,3.022500604689e+02,1.123378168822e+01,3.078072180389e-03
4.760787455240e-03,6.524667525775e+01,3.174597395346e+01,1.159828315953e+05,3.022499374802e+02,1.123378611520e+01,3.074829925312e-03
4.761052205990e-03,6.523736065680e+01,3.174768607225e+01,1.161114593981e+05,3.022498144240e+02,1.123379054487e+01,3.071590499929e-03
4.761316681647e-03,6.522804546019e+01,3.174939598933e+01,1.162402436308e+05,3.022496913002e+02,1.123379497725e+01,3.068353902702e-03
4.761580882495e-03,6.521872966672e+01,3.175110370597e+01,1.163691845120e+05,3.022495681088e+02,1.123379941232e+01,3.065120131661e-03
4.761844808789e-03,6.520941327636e+01,3.175280922317e+01,1.164982822445e+05,3.022494448499e+02,1.123380385009e+01,3.061889185230e-03
4.762108460804e-03,6.520009628831e+01,3.175451254212e+01,1.166275370423e+05,3.022493215233e+02,1.123380829056e+01,3.058661061573e-03
4.762371838818e-03,6.519077870156e+01,3.175621366401e+01,1.167569491221e+05,3.022491981291e+02,1.123381273373e+01,3.055435758782e-03
4.762634943102e-03,6.518146051549e+01,3.175791258998e+01,1.168865186959e+05,3.022490746672e+02,1.123381717961e+01,3.052213275082e-03
4.762897773903e-03,6.517214173024e+01,3.175960932102e+01,1.170162459654e+05,3.022489511375e+02,1.123382162818e+01,3.048993608962e-03
4.763160331517e-03,6.516282234420e+01,3.176130385843e+01,1.171461311566e+05,3.022488275402e+02,1.123382607946e+01,3.045776758310e-03
4.763422616198e-03,6.515350235723e+01,3.176299620326e+01,1.172761744759e+05,3.022487038750e+02,1.123383053345e+01,3.042562721514e-03
4.763684628224e-03,6.514418176838e+01,3.176468635669e+01,1.174063761408e+05,3.022485801420e+02,1.123383499014e+01,3.039351496692e-03
4.763946367849e-03,6.513486057754e+01,3.176637431975e+01,1.175367363578e+05,3.022484563412e+02,1.123383944954e+01,3.036143082243e-03
4.764207835358e-03,6.512553878342e+01,3.176806009369e+01,1.176672553500e+05,3.022483324725e+02,1.123384391165e+01,3.032937476163e-03
4.764469031005e-03,6.511621638585e+01,3.176974367953e+01,1.177979333250e+05,3.022482085359e+02,1.123384837646e+01,3.029734676841e-03
4.764729955070e-03,6.510689338378e+01,3.177142507847e+01,1.179287705034e+05,3.022480845314e+02,1.123385284399e+01,3.026534682350e-03
4.764990607813e-03,6.509756977685e+01,3.177310429158e+01,1.180597670959e+05,3.022479604590e+02,1.123385731423e+01,3.023337491016e-03
4.765250989499e-03,6.508824556442e+01,3.177478131998e+01,1.181909233181e+05,3.022478363185e+02,1.123386178718e+01,3.020143101055e-03
4.765511100403e-03,6.507892074559e+01,3.177645616484e+01,1.183222393892e+05,3.022477121101e+02,1.123386626284e+01,3.016951510600e-03
4.765770940782e-03,6.506959532004e+01,3.177812882719e+01,1.184537155204e+05,3.022475878336e+02,1.123387074122e+01,3.013762717986e-03
4.766030510917e-03,6.506026928659e+01,3.177979930826e+01,1.185853519357e+05,3.022474634890e+02,1.123387522231e+01,3.010576721252e-03
4.766289811059e-03,6.505094264513e+01,3.178146760905e+01,1.187171488440e+05,3.022473390763e+02,1.123387970612e+01,3.007393518802e-03
4.766548841483e-03,6.504161539473e+01,3.178313373073e+01,1.188491064664e+05,3.022472145955e+02,1.123388419264e+01,3.004213108756e-03
4.766807602452e-03,6.503228753473e+01,3.178479767441e+01,1.189812250203e+05,3.022470900465e+02,1.123388868189e+01,3.001035489337e-03
4.767066094238e-03,6.502295906435e+01,3.178645944120e+01,1.191135047251e+05,3.022469654293e+02,1.123389317385e+01,2.997860658719e-03
4.767324317092e-03,6.501362998338e+01,3.178811903215e+01,1.192459457925e+05,3.022468407439e+02,1.123389766854e+01,2.994688615273e-03
4.767582271297e-03,6.500430029051e+01,3.178977644846e+01,1.193785484503e+05,3.022467159902e+02,1.123390216594e+01,2.991519356996e-03
4.767839957106e-03,6.499496998550e+01,3.179143169117e+01,1.195113129111e+05,3.022465911682e+02,1.123390666607e+01,2.988352882250e-03
4.768097374781e-03,6.498563906783e+01,3.179308476134e+01,1.196442393920e+05,3.022464662780e+02,1.123391116892e+01,2.985189189299e-03
4.768354524604e-03,6.497630753612e+01,3.179473566021e+01,1.197773281225e+05,3.022463413193e+02,1.123391567450e+01,2.982028276123e-03
4.768611406819e-03,6.496697539050e+01,3.179638438873e+01,1.199105793112e+05,3.022462162923e+02,1.123392018280e+01,2.978870141205e-03
4.768868021698e-03,6.495764262999e+01,3.179803094805e+01,1.200439931827e+05,3.022460911969e+02,1.123392469383e+01,2.975714782653e-03
4.769124369518e-03,6.494830925341e+01,3.179967533935e+01,1.201775699644e+05,3.022459660331e+02,1.123392920759e+01,2.972562198522e-03
4.769380450515e-03,6.493897526114e+01,3.180131756354e+01,1.203113098626e+05,3.022458408008e+02,1.123393372407e+01,2.969412387372e-03
4.769636264975e-03,6.492964065159e+01,3.180295762187e+01,1.204452131111e+05,3.022457154999e+02,1.123393824329e+01,2.966265347120e-03
4.769891813158e-03,6.492030542431e+01,3.180459551540e+01,1.205792799286e+05,3.022455901306e+02,1.123394276524e+01,2.963121076050e-03
4.770147095315e-03,6.491096957893e+01,3.180623124515e+01,1.207135105323e+05,3.022454646927e+02,1.123394728991e+01,2.959979572488e-03
4.770402111723e-03,6.490163311436e+01,3.180786481229e+01,1.208479051504e+05,3.022453391862e+02,1.123395181732e+01,2.956840834507e-03
4.770656862635e-03,6.489229603018e+01,3.180949621785e+01,1.209824640017e+05,3.022452136111e+02,1.123395634747e+01,2.953704860410e-03
4.770911348319e-03,6.488295832552e+01,3.181112546294e+01,1.211171873118e+05,3.022450879673e+02,1.123396088035e+01,2.950571648354e-03
4.771165569026e-03,6.487362000012e+01,3.181275254859e+01,1.212520752980e+05,3.022449622549e+02,1.123396541596e+01,2.947441196689e-03
4.771419525038e-03,6.486428105251e+01,3.181437747599e+01,1.213871281952e+05,3.022448364737e+02,1.123396995432e+01,2.944313503371e-03
4.771673216593e-03,6.485494148290e+01,3.181600024607e+01,1.215223462143e+05,3.022447106238e+02,1.123397449541e+01,2.941188566917e-03
4.771926643970e-03,6.484560128994e+01,3.181762086003e+01,1.216577295893e+05,3.022445847051e+02,1.123397903924e+01,2.938066385316e-03
4.772179807430e-03,6.483626047295e+01,3.181923931894e+01,1.217932785448e+05,3.022444587176e+02,1.123398358581e+01,2.934946956786e-03
4.772432707221e-03,6.482691903165e+01,3.182085562379e+01,1.219289932995e+05,3.022443326613e+02,1.123398813512e+01,2.931830279685e-03
4.772685343611e-03,6.481757696517e+01,3.182246977569e+01,1.220648740818e+05,3.022442065361e+02,1.123399268718e+01,2.928716352162e-03
4.772937716856e-03,6.480823427293e+01,3.182408177569e+01,1.222009211157e+05,3.022440803420e+02,1.123399724198e+01,2.925605172469e-03
4.773189827228e-03,6.479889095378e+01,3.182569162494e+01,1.223371346336e+05,3.022439540790e+02,1.123400179952e+01,2.922496738676e-03
4.773441674974e-03,6.478954700751e+01,3.182729932442e+01,1.224735148551e+05,3.022438277470e+02,1.123400635981e+01,2.919391049152e-03
4.773693260361e-03,6.478020243318e+01,3.182890487523e+01,1.226100620104e+05,3.022437013461e+02,1.123401092284e+01,2.916288102033e-03
4.773944583650e-03,6.477085723001e+01,3.183050827846e+01,1.227467763280e+05,3.022435748761e+02,1.123401548863e+01,2.913187895507e-03
4.774195645098e-03,6.476151139737e+01,3.183210953514e+01,1.228836580341e+05,3.022434483370e+02,1.123402005716e+01,2.910090427812e-03
4.774446444950e-03,6.475216493510e+01,3.183370864625e+01,1.230207073488e+05,3.022433217289e+02,1.123402462844e+01,2.906995697339e-03
4.774696983490e-03,6.474281784154e+01,3.183530561301e+01,1.231579245141e+05,3.022431950517e+02,1.123402920247e+01,2.903903701991e-03
4.774947260957e-03,6.473347011672e+01,3.183690043634e+01,1.232953097482e+05,3.022430683053e+02,1.123403377926e+01,2.900814440219e-03
4.775197277620e-03,6.472412175955e+01,3.183849311738e+01,1.234328632853e+05,3.022429414897e+02,1.123403835880e+01,2.897727910114e-03
4.775447033730e-03,6.471477276958e+01,3.184008365712e+01,1.235705853510e+05,3.022428146049e+02,1.123404294109e+01,2.894644109972e-03
4.775696529558e-03,6.470542314560e+01,3.184167205671e+01,1.237084761822e+05,3.022426876509e+02,1.123404752614e+01,2.891563037846e-03
4.775945765341e-03,6.469607288766e+01,3.184325831706e+01,1.238465359978e+05,3.022425606277e+02,1.123405211394e+01,2.888484692199e-03
4.776194741359e-03,6.468672199426e+01,3.184484243935e+01,1.239847650399e+05,3.022424335351e+02,1.123405670451e+01,2.885409070983e-03
4.776443457845e-03,6.467737046554e+01,3.184642442450e+01,1.241231635265e+05,3.022423063731e+02,1.123406129783e+01,2.882336172692e-03
4.776691915081e-03,6.466801829983e+01,3.184800427370e+01,1.242617317028e+05,3.022421791419e+02,1.123406589391e+01,2.879265995229e-03
4.776940113303e-03,6.465866549725e+01,3.184958198785e+01,1.244004697878e+05,3.022420518412e+02,1.123407049275e+01,2.876198537082e-03
4.777188052785e-03,6.464931205637e+01,3.185115756811e+01,1.245393780240e+05,3.022419244711e+02,1.123407509435e+01,2.873133796229e-03
4.777435733768e-03,6.463995797711e+01,3.185273101543e+01,1.246784566340e+05,3.022417970315e+02,1.123407969872e+01,2.870071771096e-03
4.777683156512e-03,6.463060325856e+01,3.185430233086e+01,1.248177058532e+05,3.022416695225e+02,1.123408430585e+01,2.867012459831e-03
4.777930321289e-03,6.462124789939e+01,3.185587151554e+01,1.249571259236e+05,3.022415419439e+02,1.123408891574e+01,2.863955860451e-03
4.778177228324e-03,6.461189190002e+01,3.185743857032e+01,1.250967170613e+05,3.022414142957e+02,1.123409352840e+01,2.860901971543e-03
4.778423877902e-03,6.460253525865e+01,3.185900349642e+01,1.252364795161e+05,3.022412865780e+02,1.123409814383e+01,2.857850790970e-03
4.778670270271e-03,6.459317797480e+01,3.186056629481e+01,1.253764135182e+05,3.022411587907e+02,1.123410276203e+01,2.854802317027e-03
4.778916405666e-03,6.458382004850e+01,3.186212696640e+01,1.255165192908e+05,3.022410309337e+02,1.123410738299e+01,2.851756548171e-03
4.779162284361e-03,6.457446147829e+01,3.186368551235e+01,1.256567970794e+05,3.022409030070e+02,1.123411200673e+01,2.848713482381e-03
4.779407906611e-03,6.456510226344e+01,3.186524193367e+01,1.257972471194e+05,3.022407750106e+02,1.123411663324e+01,2.845673117866e-03
4.779653272670e-03,6.455574240319e+01,3.186679623140e+01,1.259378696463e+05,3.022406469445e+02,1.123412126252e+01,2.842635452838e-03
4.779898382777e-03,6.454638189744e+01,3.186834840646e+01,1.260786648869e+05,3.022405188086e+02,1.123412589458e+01,2.839600485710e-03
4.780143237202e-03,6.453702074475e+01,3.186989845997e+01,1.262196330876e+05,3.022403906029e+02,1.123413052941e+01,2.836568214469e-03
4.780387836191e-03,6.452765894475e+01,3.187144639291e+01,1.263607744796e+05,3.022402623273e+02,1.123413516701e+01,2.833538637450e-03
4.780632180001e-03,6.451829649658e+01,3.187299220630e+01,1.265020893019e+05,3.022401339819e+02,1.123413980740e+01,2.830511752823e-03
4.780876268889e-03,6.450893339927e+01,3.187453590121e+01,1.266435777952e+05,3.022400055666e+02,1.123414445056e+01,2.827487558727e-03
4.781120103090e-03,6.449956965283e+01,3.187607747851e+01,1.267852401859e+05,3.022398770813e+02,1.123414909650e+01,2.824466053621e-03
4.781363682879e-03,6.449020525566e+01,3.187761693937e+01,1.269270767251e+05,3.022397485261e+02,1.123415374522e+01,2.821447235439e-03
4.781607008507e-03,6.448084020703e+01,3.187915428479e+01,1.270690876509e+05,3.022396199008e+02,1.123415839673e+01,2.818431102403e-03
4.781850080201e-03,6.447147450724e+01,3.188068951562e+01,1.272112731864e+05,3.022394912056e+02,1.123416305102e+01,2.815417653060e-03
4.782092898239e-03,6.446210815450e+01,3.188222263302e+01,1.273536335866e+05,3.022393624402e+02,1.123416770809e+01,2.812406885291e-03
4.782335462870e-03,6.445274114819e+01,3.188375363798e+01,1.274961690894e+05,3.022392336048e+02,1.123417236794e+01,2.809398797347e-03
4.782577774328e-03,6.444337348823e+01,3.188528253141e+01,1.276388799244e+05,3.022391046992e+02,1.123417703059e+01,2.806393387658e-03
4.782819832885e-03,6.443400517306e+01,3.188680931442e+01,1.277817663444e+05,3.022389757235e+02,1.123418169602e+01,2.803390654179e-03
4.783061638776e-03,6.442463620259e+01,3.188833398792e+01,1.279248285798e+05,3.022388466776e+02,1.123418636423e+01,2.800390595339e-03
4.783303192273e-03,6.441526657521e+01,3.188985655304e+01,1.280680668850e+05,3.022387175614e+02,1.123419103524e+01,2.797393209073e-03
4.783544493599e-03,6.440589629127e+01,3.189137701060e+01,1.282114814847e+05,3.022385883750e+02,1.123419570904e+01,2.794398493950e-03
4.783785543028e-03,6.439652534910e+01,3.189289536174e+01,1.283550726345e+05,3.022384591183e+02,1.123420038563e+01,2.791406447893e-03
4.784026340797e-03,6.438715374849e+01,3.189441160737e+01,1.284988405684e+05,3.022383297913e+02,1.123420506501e+01,2.788417069291e-03
4.784266887161e-03,6.437778148842e+01,3.189592574851e+01,1.286427855330e+05,3.022382003939e+02,1.123420974719e+01,2.785430356276e-03
4.784507182375e-03,6.436840856799e+01,3.189743778620e+01,1.287869077736e+05,3.022380709262e+02,1.123421443216e+01,2.782446307016e-03
4.784747226672e-03,6.435903498705e+01,3.189894772130e+01,1.289312075242e+05,3.022379413880e+02,1.123421911993e+01,2.779464919920e-03
4.784987020319e-03,6.434966074415e+01,3.190045555493e+01,1.290756850389e+05,3.022378117793e+02,1.123422381050e+01,2.776486192988e-03
4.785226563556e-03,6.434028583890e+01,3.190196128800e+01,1.292203405564e+05,3.022376821002e+02,1.123422850387e+01,2.773510124548e-03
4.785465856635e-03,6.433091027046e+01,3.190346492151e+01,1.293651743223e+05,3.022375523505e+02,1.123423320003e+01,2.770536712795e-03
4.785704899806e-03,6.432153403792e+01,3.190496645646e+01,1.295101865837e+05,3.022374225303e+02,1.123423789900e+01,2.767565955900e-03
4.785943693307e-03,6.431215714101e+01,3.190646589376e+01,1.296553775785e+05,3.022372926395e+02,1.123424260076e+01,2.764597852230e-03
4.786182237413e-03,6.430277957785e+01,3.190796323455e+01,1.298007475692e+05,3.022371626781e+02,1.123424730534e+01,2.761632399654e-03
4.786420532336e-03,6.429340134913e+01,3.190945847959e+01,1.299462967795e+05,3.022370326461e+02,1.123425201271e+01,2.758669596850e-03
4.786658578346e-03,6.428402245321e+01,3.191095162998e+01,1.300920254694e+05,3.022369025433e+02,1.123425672289e+01,2.755709441755e-03
4.786896375693e-03,6.427464288918e+01,3.191244268671e+01,1.302379338877e+05,3.022367723698e+02,1.123426143588e+01,2.752751932545e-03
4.787133924619e-03,6.426526265649e+01,3.191393165073e+01,1.303840222784e+05,3.022366421256e+02,1.123426615168e+01,2.749797067505e-03
4.787371225354e-03,6.425588175509e+01,3.191541852289e+01,1.305302908779e+05,3.022365118106e+02,1.123427087028e+01,2.746844845079e-03
4.787608278181e-03,6.424650018270e+01,3.191690330439e+01,1.306767399575e+05,3.022363814248e+02,1.123427559170e+01,2.743895263011e-03
4.787845083312e-03,6.423711793999e+01,3.191838599596e+01,1.308233697429e+05,3.022362509681e+02,1.123428031592e+01,2.740948319976e-03
4.788081641026e-03,6.422773502488e+01,3.191986659878e+01,1.309701805037e+05,3.022361204406e+02,1.123428504296e+01,2.738004013776e-03
4.788317951536e-03,6.421835143786e+01,3.192134511361e+01,1.311171724689e+05,3.022359898421e+02,1.123428977281e+01,2.735062343031e-03
4.788554015105e-03,6.420896717752e+01,3.192282154150e+01,1.312643458980e+05,3.022358591727e+02,1.123429450548e+01,2.732123305759e-03
4.788789831986e-03,6.419958224278e+01,3.192429588347e+01,1.314117010459e+05,3.022357284323e+02,1.123429924097e+01,2.729186900082e-03
4.789025402413e-03,6.419019663332e+01,3.192576814039e+01,1.315592381555e+05,3.022355976209e+02,1.123430397927e+01,2.726253124366e-03
4.789260726632e-03,6.418081034833e+01,3.192723831323e+01,1.317069574780e+05,3.022354667384e+02,1.123430872038e+01,2.723321976821e-03
4.789495804890e-03,6.417142338697e+01,3.192870640294e+01,1.318548592656e+05,3.022353357849e+02,1.123431346432e+01,2.720393455644e-03
4.789730637439e-03,6.416203574815e+01,3.193017241052e+01,1.320029437743e+05,3.022352047602e+02,1.123431821108e+01,2.717467558964e-03
4.789965224518e-03,6.415264743128e+01,3.193163633689e+01,1.321512112533e+05,3.022350736644e+02,1.123432296066e+01,2.714544285059e-03
4.790199566374e-03,6.414325843553e+01,3.193309818301e+01,1.322996619554e+05,3.022349424974e+02,1.123432771307e+01,2.711623632132e-03
4.790433663239e-03,6.413386876055e+01,3.193455794975e+01,1.324482961265e+05,3.022348112592e+02,1.123433246829e+01,2.708705598544e-03
4.790667515378e-03,6.412447840475e+01,3.193601563818e+01,1.325971140325e+05,3.022346799497e+02,1.123433722635e+01,2.705790182260e-03
4.790901123008e-03,6.411508736835e+01,3.193747124908e+01,1.327461159107e+05,3.022345485690e+02,1.123434198723e+01,2.702877381819e-03
4.791134486409e-03,6.410569564916e+01,3.193892478362e+01,1.328953020375e+05,3.022344171169e+02,1.123434675093e+01,2.699967195003e-03
4.791367605790e-03,6.409630324774e+01,3.194037624251e+01,1.330446726454e+05,3.022342855935e+02,1.123435151747e+01,2.697059620455e-03
4.791600481418e-03,6.408691016236e+01,3.194182562684e+01,1.331942280041e+05,3.022341539987e+02,1.123435628684e+01,2.694154656106e-03
4.791833113524e-03,6.407751639264e+01,3.194327293748e+01,1.333439683624e+05,3.022340223325e+02,1.123436105903e+01,2.691252300303e-03
4.792065502344e-03,6.406812193808e+01,3.194471817532e+01,1.334938939709e+05,3.022338905948e+02,1.123436583406e+01,2.688352551359e-03
4.792297648148e-03,6.405872679678e+01,3.194616134145e+01,1.336440051030e+05,3.022337587856e+02,1.123437061193e+01,2.685455407158e-03
4.792529551142e-03,6.404933096941e+01,3.194760243658e+01,1.337943019919e+05,3.022336269049e+02,1.123437539262e+01,2.682560866371e-03
4.792761211602e-03,6.403993445380e+01,3.194904146185e+01,1.339447849161e+05,3.022334949527e+02,1.123438017616e+01,2.679668926798e-03
4.792992629742e-03,6.403053725021e+01,3.195047841803e+01,1.340954541158e+05,3.022333629289e+02,1.123438496253e+01,2.676779586989e-03
4.793223805822e-03,6.402113935715e+01,3.195191330613e+01,1.342463098595e+05,3.022332308334e+02,1.123438975174e+01,2.673892844954e-03
4.793454740084e-03,6.401174077377e+01,3.195334612708e+01,1.343973524059e+05,3.022330986663e+02,1.123439454379e+01,2.671008698905e-03
4.793685432755e-03,6.400234149984e+01,3.195477688173e+01,1.345485820043e+05,3.022329664275e+02,1.123439933868e+01,2.668127147236e-03
4.793915884082e-03,6.399294153432e+01,3.195620557102e+01,1.346999989173e+05,3.022328341170e+02,1.123440413641e+01,2.665248188098e-03
4.794146094321e-03,6.398354087573e+01,3.195763219597e+01,1.348516034146e+05,3.022327017347e+02,1.123440893699e+01,2.662371819513e-03
4.794376063693e-03,6.397413952406e+01,3.195905675737e+01,1.350033957434e+05,3.022325692806e+02,1.123441374041e+01,2.659498039945e-03
4.794605792441e-03,6.396473747844e+01,3.196047925615e+01,1.351553761644e+05,3.022324367547e+02,1.123441854667e+01,2.656626847601e-03
4.794835280816e-03,6.395533473759e+01,3.196189969329e+01,1.353075449456e+05,3.022323041570e+02,1.123442335579e+01,2.653758240562e-03
4.795064529053e-03,6.394593130086e+01,3.196331806967e+01,1.354599023453e+05,3.022321714873e+02,1.123442816775e+01,2.650892217101e-03
4.795293537384e-03,6.393652716774e+01,3.196473438616e+01,1.356124486200e+05,3.022320387457e+02,1.123443298255e+01,2.648028775534e-03
4.795522306055e-03,6.392712233719e+01,3.196614864369e+01,1.357651840348e+05,3.022319059321e+02,1.123443780021e+01,2.645167914020e-03
4.795750835317e-03,6.391771680789e+01,3.196756084324e+01,1.359181088602e+05,3.022317730466e+02,1.123444262073e+01,2.642309630627e-03
4.795979125389e-03,6.390831057980e+01,3.196897098559e+01,1.360712233459e+05,3.022316400890e+02,1.123444744409e+01,2.639453923819e-03
4.796207176512e-03,6.389890365202e+01,3.197037907167e+01,1.362245277563e+05,3.022315070593e+02,1.123445227031e+01,2.636600791797e-03
4.796434988949e-03,6.388949602279e+01,3.197178510250e+01,1.363780223700e+05,3.022313739575e+02,1.123445709938e+01,2.633750232500e-03
4.796662562907e-03,6.388008769248e+01,3.197318907881e+01,1.365317074314e+05,3.022312407836e+02,1.123446193131e+01,2.630902244515e-03
4.796889898646e-03,6.387067865942e+01,3.197459100162e+01,1.366855832184e+05,3.022311075375e+02,1.123446676610e+01,2.628056825813e-03
4.797116996386e-03,6.386126892346e+01,3.197599087172e+01,1.368396499848e+05,3.022309742193e+02,1.123447160375e+01,2.625213974824e-03
4.797343856392e-03,6.385185848270e+01,3.197738869015e+01,1.369939080132e+05,3.022308408287e+02,1.123447644426e+01,2.622373689448e-03
4.797570478869e-03,6.384244733766e+01,3.197878445762e+01,1.371483575468e+05,3.022307073659e+02,1.123448128762e+01,2.619535968321e-03
4.797796864073e-03,6.383303548669e+01,3.198017817512e+01,1.373029988652e+05,3.022305738308e+02,1.123448613386e+01,2.616700809421e-03
4.798023012250e-03,6.382362292860e+01,3.198156984360e+01,1.374578322407e+05,3.022304402233e+02,1.123449098295e+01,2.613868210866e-03
4.798248923617e-03,6.381420966338e+01,3.198295946382e+01,1.376128579264e+05,3.022303065435e+02,1.123449583491e+01,2.611038171132e-03
4.798474598423e-03,6.380479568967e+01,3.198434703673e+01,1.377680761981e+05,3.022301727912e+02,1.123450068974e+01,2.608210688290e-03
4.798700036895e-03,6.379538100701e+01,3.198573256317e+01,1.379234873175e+05,3.022300389665e+02,1.123450554743e+01,2.605385760676e-03
4.798925239284e-03,6.378596561398e+01,3.198711604410e+01,1.380790915621e+05,3.022299050693e+02,1.123451040800e+01,2.602563386344e-03
4.799150205813e-03,6.377654951027e+01,3.198849748031e+01,1.382348891917e+05,3.022297710996e+02,1.123451527143e+01,2.599743563684e-03
4.799374936725e-03,6.376713269474e+01,3.198987687273e+01,1.383908804803e+05,3.022296370573e+02,1.123452013773e+01,2.596926290830e-03
4.799599432245e-03,6.375771516697e+01,3.199125422216e+01,1.385470656901e+05,3.022295029424e+02,1.123452500691e+01,2.594111566140e-03
4.799823692635e-03,6.374829692499e+01,3.199262952965e+01,1.387034451098e+05,3.022293687549e+02,1.123452987896e+01,2.591299387502e-03
4.800047718097e-03,6.373887796933e+01,3.199400279586e+01,1.388600189867e+05,3.022292344947e+02,1.123453475389e+01,2.588489753559e-03
4.800271508882e-03,6.372945829853e+01,3.199537402174e+01,1.390167876016e+05,3.022291001618e+02,1.123453963169e+01,2.585682662356e-03
4.800495065237e-03,6.372003791117e+01,3.199674320825e+01,1.391737512354e+05,3.022289657562e+02,1.123454451237e+01,2.582878111950e-03
4.800718387367e-03,6.371061680768e+01,3.199811035607e+01,1.393309101383e+05,3.022288312779e+02,1.123454939593e+01,2.580076100952e-03
4.800941475539e-03,6.370119498576e+01,3.199947546626e+01,1.394882646062e+05,3.022286967267e+02,1.123455428237e+01,2.577276627163e-03
4.801164329964e-03,6.369177244561e+01,3.200083853954e+01,1.396458148942e+05,3.022285621027e+02,1.123455917169e+01,2.574479689123e-03
4.801386950885e-03,6.368234918594e+01,3.200219957682e+01,1.398035612824e+05,3.022284274058e+02,1.123456406389e+01,2.571685284934e-03
4.801609338533e-03,6.367292520602e+01,3.200355857895e+01,1.399615040419e+05,3.022282926360e+02,1.123456895897e+01,2.568893412865e-03
4.801831493149e-03,6.366350050466e+01,3.200491554683e+01,1.401196434523e+05,3.022281577932e+02,1.123457385695e+01,2.566104071044e-03
4.802053414958e-03,6.365407508132e+01,3.200627048126e+01,1.402779797822e+05,3.022280228775e+02,1.123457875780e+01,2.563317257802e-03
4.802275104193e-03,6.364464893524e+01,3.200762338309e+01,1.404365133048e+05,3.022278878887e+02,1.123458366155e+01,2.560532971393e-03
4.802496561096e-03,6.363522206504e+01,3.200897425323e+01,1.405952443039e+05,3.022277528269e+02,1.123458856818e+01,2.557751209900e-03
4.802717785883e-03,6.362579447067e+01,3.201032309241e+01,1.407541730412e+05,3.022276176920e+02,1.123459347771e+01,2.554971971795e-03
4.802938778818e-03,6.361636614982e+01,3.201166990170e+01,1.409132998171e+05,3.022274824840e+02,1.123459839012e+01,2.552195254881e-03
4.803159540090e-03,6.360693710356e+01,3.201301468165e+01,1.410726248754e+05,3.022273472028e+02,1.123460330543e+01,2.549421057961e-03
4.803380069964e-03,6.359750732952e+01,3.201435743332e+01,1.412321485183e+05,3.022272118484e+02,1.123460822363e+01,2.546649378828e-03
4.803600368671e-03,6.358807682694e+01,3.201569815754e+01,1.413918710214e+05,3.022270764208e+02,1.123461314473e+01,2.543880215745e-03
4.803820436417e-03,6.357864559600e+01,3.201703685500e+01,1.415517926446e+05,3.022269409199e+02,1.123461806872e+01,2.541113567253e-03
4.804040273468e-03,6.356921363434e+01,3.201837352675e+01,1.417119136915e+05,3.022268053457e+02,1.123462299562e+01,2.538349431149e-03
4.804259880023e-03,6.355978094245e+01,3.201970817341e+01,1.418722344174e+05,3.022266696981e+02,1.123462792541e+01,2.535587806068e-03
4.804479256337e-03,6.355034751847e+01,3.202104079598e+01,1.420327551184e+05,3.022265339772e+02,1.123463285810e+01,2.532828689954e-03
4.804698402620e-03,6.354091336236e+01,3.202237139516e+01,1.421934760597e+05,3.022263981829e+02,1.123463779369e+01,2.530072081285e-03
4.804917319125e-03,6.353147847230e+01,3.202369997190e+01,1.423543975374e+05,3.022262623151e+02,1.123464273218e+01,2.527317978023e-03
4.805136006072e-03,6.352204284785e+01,3.202502652699e+01,1.425155198247e+05,3.022261263738e+02,1.123464767358e+01,2.524566378528e-03
4.805354463689e-03,6.351260648821e+01,3.202635106123e+01,1.426768432010e+05,3.022259903590e+02,1.123465261789e+01,2.521817281062e-03
4.805572692201e-03,6.350316939273e+01,3.202767357541e+01,1.428383679437e+05,3.022258542707e+02,1.123465756510e+01,2.519070683924e-03
4.805790691861e-03,6.349373155946e+01,3.202899407050e+01,1.430000943529e+05,3.022257181087e+02,1.123466251522e+01,2.516326585045e-03
4.806008462866e-03,6.348429298898e+01,3.203031254713e+01,1.431620226860e+05,3.022255818731e+02,1.123466746825e+01,2.513584983082e-03
4.806226005472e-03,6.347485367921e+01,3.203162900627e+01,1.433241532460e+05,3.022254455639e+02,1.123467242419e+01,2.510845875928e-03
4.806443319896e-03,6.346541362979e+01,3.203294344866e+01,1.434864863074e+05,3.022253091809e+02,1.123467738304e+01,2.508109261969e-03
4.806660406372e-03,6.345597283956e+01,3.203425587516e+01,1.436490221582e+05,3.022251727242e+02,1.123468234481e+01,2.505375139368e-03
4.806877265124e-03,6.344653130790e+01,3.203556628654e+01,1.438117610781e+05,3.022250361937e+02,1.123468730949e+01,2.502643506439e-03
4.807093896380e-03,6.343708903391e+01,3.203687468362e+01,1.439747033517e+05,3.022248995894e+02,1.123469227708e+01,2.499914361419e-03
4.807310300375e-03,6.342764601641e+01,3.203818106724e+01,1.441378492693e+05,3.022247629113e+02,1.123469724760e+01,2.497187702459e-03
4.807526477333e-03,6.341820225464e+01,3.203948543819e+01,1.443011991139e+05,3.022246261592e+02,1.123470222103e+01,2.494463527839e-03
4.807742427485e-03,6.340875774758e+01,3.204078779729e+01,1.444647531735e+05,3.022244893333e+02,1.123470719738e+01,2.491741835765e-03
4.807958151055e-03,6.339931249449e+01,3.204208814532e+01,1.446285117321e+05,3.022243524334e+02,1.123471217665e+01,2.489022624518e-03
4.808173648264e-03,6.338986649474e+01,3.204338648305e+01,1.447924750718e+05,3.022242154594e+02,1.123471715885e+01,2.486305892418e-03
4.808388919362e-03,6.338041974644e+01,3.204468281142e+01,1.449566434973e+05,3.022240784115e+02,1.123472214397e+01,2.483591637415e-03
4.808603964547e-03,6.337097224992e+01,3.204597713104e+01,1.451210172749e+05,3.022239412894e+02,1.123472713201e+01,2.480879858110e-03
4.808818784078e-03,6.336152400288e+01,3.204726944291e+01,1.452855967173e+05,3.022238040933e+02,1.123473212298e+01,2.478170552340e-03
4.809033378142e-03,6.335207500620e+01,3.204855974758e+01,1.454503820824e+05,3.022236668230e+02,1.123473711688e+01,2.475463718855e-03
4.809247747005e-03,6.334262525716e+01,3.204984804608e+01,1.456153736909e+05,3.022235294785e+02,1.123474211370e+01,2.472759355378e-03
4.809461890871e-03,6.333317475582e+01,3.205113433907e+01,1.457805718156e+05,3.022233920598e+02,1.123474711346e+01,2.470057460432e-03
4.809675809968e-03,6.332372350122e+01,3.205241862736e+01,1.459459767477e+05,3.022232545668e+02,1.123475211615e+01,2.467358032239e-03
4.809889504528e-03,6.331427149214e+01,3.205370091176e+01,1.461115887834e+05,3.022231169996e+02,1.123475712177e+01,2.464661068954e-03
4.810102974774e-03,6.330481872778e+01,3.205498119304e+01,1.462774082118e+05,3.022229793580e+02,1.123476213033e+01,2.461966568853e-03
4.810316220929e-03,6.329536520733e+01,3.205625947198e+01,1.464434353226e+05,3.022228416420e+02,1.123476714182e+01,2.459274530209e-03
4.810529243230e-03,6.328591092938e+01,3.205753574942e+01,1.466096704169e+05,3.022227038516e+02,1.123477215625e+01,2.456584951124e-03
4.810742041879e-03,6.327645589396e+01,3.205881002601e+01,1.467761137704e+05,3.022225659868e+02,1.123477717361e+01,2.453897830111e-03
4.810954617129e-03,6.326700009892e+01,3.206008230269e+01,1.469427656979e+05,3.022224280475e+02,1.123478219392e+01,2.451213165065e-03
4.811166969177e-03,6.325754354458e+01,3.206135258007e+01,1.471096264713e+05,3.022222900336e+02,1.123478721717e+01,2.448530954580e-03
4.811379098270e-03,6.324808622899e+01,3.206262085907e+01,1.472766964026e+05,3.022221519452e+02,1.123479224336e+01,2.445851196610e-03
4.811591004616e-03,6.323862815190e+01,3.206388714036e+01,1.474439757744e+05,3.022220137823e+02,1.123479727249e+01,2.443173889593e-03
4.811802688458e-03,6.322916931162e+01,3.206515142481e+01,1.476114648954e+05,3.022218755446e+02,1.123480230457e+01,2.440499031556e-03
4.812014149997e-03,6.321970970815e+01,3.206641371306e+01,1.477791640445e+05,3.022217372323e+02,1.123480733959e+01,2.437826621007e-03
4.812225389476e-03,6.321024933970e+01,3.206767400601e+01,1.479470735334e+05,3.022215988453e+02,1.123481237756e+01,2.435156655945e-03
4.812436407095e-03,6.320078820642e+01,3.206893230426e+01,1.481151936388e+05,3.022214603836e+02,1.123481741849e+01,2.432489134929e-03
4.812647203111e-03,6.319132630583e+01,3.207018860878e+01,1.482835246855e+05,3.022213218470e+02,1.123482246236e+01,2.429824055762e-03
4.812857777722e-03,6.318186363808e+01,3.207144292020e+01,1.484520669516e+05,3.022211832357e+02,1.123482750918e+01,2.427161417001e-03
4.813068131159e-03,6.317240020194e+01,3.207269523930e+01,1.486208207404e+05,3.022210445495e+02,1.123483255896e+01,2.424501216807e-03
4.813278263639e-03,6.316293599662e+01,3.207394556682e+01,1.487897863477e+05,3.022209057883e+02,1.123483761169e+01,2.421843453471e-03
4.813488175395e-03,6.315347102076e+01,3.207519390358e+01,1.489589640798e+05,3.022207669523e+02,1.123484266738e+01,2.419188125122e-03
4.813697866639e-03,6.314400527385e+01,3.207644025026e+01,1.491283542287e+05,3.022206280412e+02,1.123484772602e+01,2.416535230126e-03
4.813907337591e-03,6.313453875501e+01,3.207768460762e+01,1.492979570930e+05,3.022204890552e+02,1.123485278762e+01,2.413884766755e-03
4.814116588491e-03,6.312507146248e+01,3.207892697649e+01,1.494677729878e+05,3.022203499941e+02,1.123485785219e+01,2.411236733026e-03
4.814325619537e-03,6.311560339644e+01,3.208016735750e+01,1.496378021939e+05,3.022202108579e+02,1.123486291971e+01,2.408591127500e-03
4.814534430972e-03,6.310613455484e+01,3.208140575151e+01,1.498080450323e+05,3.022200716465e+02,1.123486799020e+01,2.405947948125e-03
4.814743022995e-03,6.309666493781e+01,3.208264215914e+01,1.499785017859e+05,3.022199323600e+02,1.123487306365e+01,2.403307193446e-03
4.814951395857e-03,6.308719454301e+01,3.208387658131e+01,1.501491727819e+05,3.022197929983e+02,1.123487814007e+01,2.400668861330e-03
4.815159549743e-03,6.307772337111e+01,3.208510901853e+01,1.503200582938e+05,3.022196535614e+02,1.123488321945e+01,2.398032950479e-03
4.815367484908e-03,6.306825141959e+01,3.208633947177e+01,1.504911586535e+05,3.022195140491e+02,1.123488830180e+01,2.395399458707e-03
4.815575201539e-03,6.305877868895e+01,3.208756794155e+01,1.506624741387e+05,3.022193744616e+02,1.123489338712e+01,2.392768384670e-03
4.815782699881e-03,6.304930517717e+01,3.208879442875e+01,1.508340050729e+05,3.022192347987e+02,1.123489847541e+01,2.390139726325e-03
4.815989980159e-03,6.303983088299e+01,3.209001893414e+01,1.510057517664e+05,3.022190950604e+02,1.123490356668e+01,2.387513481842e-03
4.816197042558e-03,6.303035580708e+01,3.209124145825e+01,1.511777144953e+05,3.022189552466e+02,1.123490866091e+01,2.384889649922e-03
4.816403887335e-03,6.302087994675e+01,3.209246200201e+01,1.513498935967e+05,3.022188153574e+02,1.123491375813e+01,2.382268228344e-03
4.816610514684e-03,6.301140330218e+01,3.209368056601e+01,1.515222893564e+05,3.022186753927e+02,1.123491885832e+01,2.379649215673e-03
4.816816924841e-03,6.300192587163e+01,3.209489715107e+01,1.516949020952e+05,3.022185353524e+02,1.123492396148e+01,2.377032609953e-03
4.817023118019e-03,6.299244765441e+01,3.209611175787e+01,1.518677321158e+05,3.022183952365e+02,1.123492906763e+01,2.374418409511e-03
4.817229094438e-03,6.298296864947e+01,3.209732438715e+01,1.520407797275e+05,3.022182550450e+02,1.123493417676e+01,2.371806612581e-03
4.817434854304e-03,6.297348885639e+01,3.209853503956e+01,1.522140452289e+05,3.022181147778e+02,1.123493928887e+01,2.369197217568e-03
4.817640397858e-03,6.296400827322e+01,3.209974371593e+01,1.523875289465e+05,3.022179744349e+02,1.123494440396e+01,2.366590222462e-03
4.817845725298e-03,6.295452689987e+01,3.210095041686e+01,1.525612311739e+05,3.022178340162e+02,1.123494952204e+01,2.363985625757e-03
4.818050836860e-03,6.294504473446e+01,3.210215514319e+01,1.527351522376e+05,3.022176935218e+02,1.123495464310e+01,2.361383425463e-03
4.818255732742e-03,6.293556177707e+01,3.210335789548e+01,1.529092924290e+05,3.022175529515e+02,1.123495976715e+01,2.358783620124e-03
4.818460413174e-03,6.292607802598e+01,3.210455867454e+01,1.530836520724e+05,3.022174123054e+02,1.123496489420e+01,2.356186207797e-03
4.818664878388e-03,6.291659347966e+01,3.210575748115e+01,1.532582314896e+05,3.022172715833e+02,1.123497002423e+01,2.353591186586e-03
4.818869128565e-03,6.290710813866e+01,3.210695431581e+01,1.534330309645e+05,3.022171307853e+02,1.123497515725e+01,2.350998555171e-03
4.819073163939e-03,6.289762200134e+01,3.210814917931e+01,1.536080508219e+05,3.022169899114e+02,1.123498029327e+01,2.348408311626e-03
4.819276984744e-03,6.288813506584e+01,3.210934207246e+01,1.537832913908e+05,3.022168489614e+02,1.123498543228e+01,2.345820453976e-03
4.819480591171e-03,6.287864733232e+01,3.211053299582e+01,1.539587529638e+05,3.022167079353e+02,1.123499057429e+01,2.343234980789e-03
4.819683983458e-03,6.286915879886e+01,3.211172195020e+01,1.541344358723e+05,3.022165668332e+02,1.123499571929e+01,2.340651890070e-03
4.819887161799e-03,6.285966946546e+01,3.211290893616e+01,1.543103404128e+05,3.022164256549e+02,1.123500086729e+01,2.338071180350e-03
4.820090126436e-03,6.285017932986e+01,3.211409395456e+01,1.544864669236e+05,3.022162844004e+02,1.123500601830e+01,2.335492849546e-03
4.820292877558e-03,6.284068839241e+01,3.211527700592e+01,1.546628156959e+05,3.022161430697e+02,1.123501117231e+01,2.332916896280e-03
4.820495415394e-03,6.283119665137e+01,3.211645809103e+01,1.548393870597e+05,3.022160016627e+02,1.123501632932e+01,2.330343318611e-03
4.820697740164e-03,6.282170410561e+01,3.211763721058e+01,1.550161813342e+05,3.022158601794e+02,1.123502148933e+01,2.327772114767e-03
4.820899852071e-03,6.281221075467e+01,3.211881436519e+01,1.551931988264e+05,3.022157186198e+02,1.123502665235e+01,2.325203283156e-03
4.821101751350e-03,6.280271659660e+01,3.211998955567e+01,1.553704398726e+05,3.022155769838e+02,1.123503181838e+01,2.322636821778e-03
4.821303438187e-03,6.279322163171e+01,3.212116278253e+01,1.555479047659e+05,3.022154352714e+02,1.123503698742e+01,2.320072729257e-03
4.821504912823e-03,6.278372585779e+01,3.212233404660e+01,1.557255938481e+05,3.022152934825e+02,1.123504215946e+01,2.317511003528e-03
4.821706175458e-03,6.277422927449e+01,3.212350334847e+01,1.559035074264e+05,3.022151516171e+02,1.123504733452e+01,2.314951643029e-03
4.821907226307e-03,6.276473188080e+01,3.212467068882e+01,1.560816458207e+05,3.022150096752e+02,1.123505251260e+01,2.312394646026e-03
4.822108065590e-03,6.275523367537e+01,3.212583606837e+01,1.562600093580e+05,3.022148676567e+02,1.123505769368e+01,2.309840010691e-03
4.822308693515e-03,6.274573465748e+01,3.212699948775e+01,1.564385983539e+05,3.022147255616e+02,1.123506287779e+01,2.307287735364e-03
4.822509110308e-03,6.273623482549e+01,3.212816094770e+01,1.566174131417e+05,3.022145833898e+02,1.123506806491e+01,2.304737818145e-03
4.822709316156e-03,6.272673417972e+01,3.212932044874e+01,1.567964540186e+05,3.022144411413e+02,1.123507325505e+01,2.302190257656e-03
4.822909311307e-03,6.271723271739e+01,3.213047799173e+01,1.569757213402e+05,3.022142988160e+02,1.123507844821e+01,2.299645051691e-03
4.823109095941e-03,6.270773043914e+01,3.213163357714e+01,1.571552153985e+05,3.022141564140e+02,1.123508364439e+01,2.297102198961e-03
4.823308670299e-03,6.269822734254e+01,3.213278720581e+01,1.573349365442e+05,3.022140139352e+02,1.123508884360e+01,2.294561697352e-03
4.823508034567e-03,6.268872342783e+01,3.213393887823e+01,1.575148850773e+05,3.022138713795e+02,1.123509404583e+01,2.292023545474e-03
4.823707188982e-03,6.267921869290e+01,3.213508859520e+01,1.576950613436e+05,3.022137287468e+02,1.123509925109e+01,2.289487741299e-03
4.823906133746e-03,6.266971313708e+01,3.213623635733e+01,1.578754656614e+05,3.022135860373e+02,1.123510445938e+01,2.286954283196e-03
4.824104869062e-03,6.266020675989e+01,3.213738216521e+01,1.580560983466e+05,3.022134432507e+02,1.123510967069e+01,2.284423169572e-03
4.824303395158e-03,6.265069955942e+01,3.213852601959e+01,1.582369597421e+05,3.022133003872e+02,1.123511488504e+01,2.281894398466e-03
4.824501712227e-03,6.264119153562e+01,3.213966792101e+01,1.584180501565e+05,3.022131574465e+02,1.123512010242e+01,2.279367968408e-03
4.824699820510e-03,6.263168268596e+01,3.214080787029e+01,1.585993699459e+05,3.022130144288e+02,1.123512532283e+01,2.276843877267e-03
4.824897720179e-03,6.262217301137e+01,3.214194586784e+01,1.587809194008e+05,3.022128713339e+02,1.123513054628e+01,2.274322123838e-03
4.825095411488e-03,6.261266250864e+01,3.214308191456e+01,1.589626988913e+05,3.022127281618e+02,1.123513577276e+01,2.271802705815e-03
4.825292894599e-03,6.260315117914e+01,3.214421601082e+01,1.591447087010e+05,3.022125849125e+02,1.123514100228e+01,2.269285622105e-03
4.825490169782e-03,6.259363901902e+01,3.214534815757e+01,1.593269492134e+05,3.022124415858e+02,1.123514623484e+01,2.266770870234e-03
4.825687237187e-03,6.258412603006e+01,3.214647835513e+01,1.595094207047e+05,3.022122981819e+02,1.123515147045e+01,2.264258449224e-03
4.825884097064e-03,6.257461220934e+01,3.214760660436e+01,1.596921235415e+05,3.022121547007e+02,1.123515670909e+01,2.261748356852e-03
4.826080749606e-03,6.256509755666e+01,3.214873290577e+01,1.598750580396e+05,3.022120111420e+02,1.123516195078e+01,2.259240591609e-03
4.826277195037e-03,6.255558207024e+01,3.214985726010e+01,1.600582245446e+05,3.022118675059e+02,1.123516719552e+01,2.256735151580e-03
4.826473433551e-03,6.254606574980e+01,3.215097966789e+01,1.602416233746e+05,3.022117237923e+02,1.123517244330e+01,2.254232035240e-03
4.826669465369e-03,6.253654859379e+01,3.215210012981e+01,1.604252548722e+05,3.022115800012e+02,1.123517769413e+01,2.251731240730e-03
4.826865290691e-03,6.252703060150e+01,3.215321864645e+01,1.606091193647e+05,3.022114361326e+02,1.123518294801e+01,2.249232766416e-03
4.827060909733e-03,6.251751177162e+01,3.215433521847e+01,1.607932171911e+05,3.022112921863e+02,1.123518820495e+01,2.246736610506e-03
4.827256322713e-03,6.250799210262e+01,3.215544984654e+01,1.609775486958e+05,3.022111481624e+02,1.123519346493e+01,2.244242771149e-03
4.827451529815e-03,6.249847159466e+01,3.215656253114e+01,1.611621141899e+05,3.022110040608e+02,1.123519872797e+01,2.241751246947e-03
4.827646531260e-03,6.248895024606e+01,3.215767327295e+01,1.613469140221e+05,3.022108598815e+02,1.123520399407e+01,2.239262036006e-03
4.827841327258e-03,6.247942805568e+01,3.215878207262e+01,1.615319485301e+05,3.022107156244e+02,1.123520926322e+01,2.236775136585e-03
4.828035918029e-03,6.246990502189e+01,3.215988893080e+01,1.617172180621e+05,3.022105712895e+02,1.123521453544e+01,2.234290546815e-03
4.828230303762e-03,6.246038114453e+01,3.216099384801e+01,1.619027229381e+05,3.022104268767e+02,1.123521981071e+01,2.231808265211e-03
4.828424484667e-03,6.245085642242e+01,3.216209682488e+01,1.620884634988e+05,3.022102823861e+02,1.123522508905e+01,2.229328290017e-03
4.828618460970e-03,6.244133085359e+01,3.216319786210e+01,1.622744401002e+05,3.022101378175e+02,1.123523037045e+01,2.226850619283e-03
4.828812232847e-03,6.243180443854e+01,3.216429696011e+01,1.624606530514e+05,3.022099931709e+02,1.123523565491e+01,2.224375251693e-03
4.829005800533e-03,6.242227717477e+01,3.216539411967e+01,1.626471027200e+05,3.022098484463e+02,1.123524094245e+01,2.221902185158e-03
4.829199164215e-03,6.241274906223e+01,3.216648934127e+01,1.628337894266e+05,3.022097036437e+02,1.123524623305e+01,2.219431418224e-03
4.829392324133e-03,6.240322009820e+01,3.216758262569e+01,1.630207135446e+05,3.022095587629e+02,1.123525152672e+01,2.216962948743e-03
4.829585280439e-03,6.239369028432e+01,3.216867397323e+01,1.632078753623e+05,3.022094138040e+02,1.123525682346e+01,2.214496775704e-03
4.829778033394e-03,6.238415961675e+01,3.216976338478e+01,1.633952752762e+05,3.022092687669e+02,1.123526212327e+01,2.212032896671e-03
4.829970583183e-03,6.237462809553e+01,3.217085086082e+01,1.635829136072e+05,3.022091236516e+02,1.123526742616e+01,2.209571310218e-03
4.830162929991e-03,6.236509572059e+01,3.217193640181e+01,1.637707906786e+05,3.022089784580e+02,1.123527273212e+01,2.207112014891e-03
4.830355074057e-03,6.235556248917e+01,3.217302000855e+01,1.639589068676e+05,3.022088331861e+02,1.123527804116e+01,2.204655008537e-03
4.830547015557e-03,6.234602840170e+01,3.217410168144e+01,1.641472624889e+05,3.022086878358e+02,1.123528335328e+01,2.202200289834e-03
4.830738754740e-03,6.233649345492e+01,3.217518142132e+01,1.643358579305e+05,3.022085424071e+02,1.123528866849e+01,2.199747856504e-03
4.830930291750e-03,6.232695765076e+01,3.217625922842e+01,1.645246934784e+05,3.022083969000e+02,1.123529398677e+01,2.197297707613e-03
4.831121626856e-03,6.231742098494e+01,3.217733510369e+01,1.647137695421e+05,3.022082513144e+02,1.123529930813e+01,2.194849840624e-03
4.831312760208e-03,6.230788345915e+01,3.217840904739e+01,1.649030864133e+05,3.022081056503e+02,1.123530463259e+01,2.192404254540e-03
4.831503692056e-03,6.229834507003e+01,3.217948106035e+01,1.650926444848e+05,3.022079599076e+02,1.123530996012e+01,2.189960947063e-03
4.831694422567e-03,6.228880581830e+01,3.218055114294e+01,1.652824440683e+05,3.022078140863e+02,1.123531529075e+01,2.187519916947e-03
4.831884951978e-03,6.227926570127e+01,3.218161929592e+01,1.654724855441e+05,3.022076681863e+02,1.123532062447e+01,2.185081162075e-03
4.832075280464e-03,6.226972471925e+01,3.218268551969e+01,1.656627692336e+05,3.022075222076e+02,1.123532596127e+01,2.182644681093e-03
4.832265408241e-03,6.226018287062e+01,3.218374981488e+01,1.658532954970e+05,3.022073761502e+02,1.123533130117e+01,2.180210472157e-03
4.832455335521e-03,6.225064015383e+01,3.218481218212e+01,1.660440646938e+05,3.022072300140e+02,1.123533664417e+01,2.177778533441e-03
4.832645062499e-03,6.224109656813e+01,3.218587262191e+01,1.662350771675e+05,3.022070837989e+02,1.123534199026e+01,2.175348863331e-03
4.832834589386e-03,6.223155211214e+01,3.218693113486e+01,1.664263332759e+05,3.022069375050e+02,1.123534733945e+01,2.172921460041e-03
4.833023916361e-03,6.222200678587e+01,3.218798772139e+01,1.666178333482e+05,3.022067911322e+02,1.123535269174e+01,2.170496322152e-03
4.833213043670e-03,6.221246058609e+01,3.218904238231e+01,1.668095777802e+05,3.022066446804e+02,1.123535804712e+01,2.168073447412e-03
4.833401971461e-03,6.220291351444e+01,3.219009511786e+01,1.670015668700e+05,3.022064981496e+02,1.123536340561e+01,2.165652834815e-03
4.833590699995e-03,6.219336556690e+01,3.219114592892e+01,1.671938010300e+05,3.022063515398e+02,1.123536876721e+01,2.163234481914e-03
4.833779229433e-03,6.218381674436e+01,3.219219481582e+01,1.673862805746e+05,3.022062048509e+02,1.123537413191e+01,2.160818387513e-03
4.833967559988e-03,6.217426704521e+01,3.219324177916e+01,1.675790058688e+05,3.022060580828e+02,1.123537949971e+01,2.158404549780e-03
4.834155691867e-03,6.216471646809e+01,3.219428681951e+01,1.677719772737e+05,3.022059112356e+02,1.123538487063e+01,2.155992966945e-03
4.834343625267e-03,6.215516501211e+01,3.219532993740e+01,1.679651951407e+05,3.022057643091e+02,1.123539024465e+01,2.153583637366e-03
4.834531360398e-03,6.214561267575e+01,3.219637113341e+01,1.681586598353e+05,3.022056173034e+02,1.123539562179e+01,2.151176559233e-03
4.834718897448e-03,6.213605945848e+01,3.219741040802e+01,1.683523717029e+05,3.022054702184e+02,1.123540100204e+01,2.148771730997e-03
4.834906236640e-03,6.212650535821e+01,3.219844776186e+01,1.685463311214e+05,3.022053230540e+02,1.123540638541e+01,2.146369150708e-03
4.835093378143e-03,6.211695037532e+01,3.219948319533e+01,1.687405384190e+05,3.022051758102e+02,1.123541177189e+01,2.143968817044e-03
4.835280322175e-03,6.210739450783e+01,3.220051670903e+01,1.689349939727e+05,3.022050284870e+02,1.123541716149e+01,2.141570728087e-03
4.835467068955e-03,6.209783775375e+01,3.220154830360e+01,1.691296981600e+05,3.022048810843e+02,1.123542255421e+01,2.139174881921e-03
4.835653618651e-03,6.208828011349e+01,3.220257797941e+01,1.693246513103e+05,3.022047336021e+02,1.123542795005e+01,2.136781277231e-03
4.835839971485e-03,6.207872158493e+01,3.220360573707e+01,1.695198538050e+05,3.022045860403e+02,1.123543334902e+01,2.134389912069e-03
4.836026127652e-03,6.206916216716e+01,3.220463157711e+01,1.697153060014e+05,3.022044383989e+02,1.123543875110e+01,2.132000784793e-03
4.836212087346e-03,6.205960185930e+01,3.220565550000e+01,1.699110082570e+05,3.022042906779e+02,1.123544415632e+01,2.129613893766e-03
4.836397850776e-03,6.205004065977e+01,3.220667750633e+01,1.701069609438e+05,3.022041428771e+02,1.123544956466e+01,2.127229237181e-03
4.836583418142e-03,6.204047856740e+01,3.220769759661e+01,1.703031644264e+05,3.022039949966e+02,1.123545497613e+01,2.124846813331e-03
4.836768789612e-03,6.203091558265e+01,3.220871577120e+01,1.704996190361e+05,3.022038470363e+02,1.123546039073e+01,2.122466620920e-03
4.836953965443e-03,6.202135170140e+01,3.220973203092e+01,1.706963251993e+05,3.022036989961e+02,1.123546580847e+01,2.120088657508e-03
4.837138945784e-03,6.201178692512e+01,3.221074637601e+01,1.708932832281e+05,3.022035508761e+02,1.123547122934e+01,2.117712922047e-03
4.837323730863e-03,6.200222125112e+01,3.221175880714e+01,1.710904935200e+05,3.022034026762e+02,1.123547665335e+01,2.115339412464e-03
4.837508320862e-03,6.199265467909e+01,3.221276932474e+01,1.712879564253e+05,3.022032543963e+02,1.123548208049e+01,2.112968127265e-03
4.837692715991e-03,6.198308720737e+01,3.221377792936e+01,1.714856723215e+05,3.022031060363e+02,1.123548751077e+01,2.110599064635e-03
4.837876916433e-03,6.197351883550e+01,3.221478462144e+01,1.716836415625e+05,3.022029575963e+02,1.123549294419e+01,2.108232223051e-03
4.838060922406e-03,6.196394956132e+01,3.221578940158e+01,1.718818645384e+05,3.022028090762e+02,1.123549838076e+01,2.105867600566e-03
4.838244734099e-03,6.195437938412e+01,3.221679227024e+01,1.720803416090e+05,3.022026604760e+02,1.123550382047e+01,2.103505195602e-03
4.838428351698e-03,6.194480830340e+01,3.221779322785e+01,1.722790731309e+05,3.022025117956e+02,1.123550926332e+01,2.101145006627e-03
4.838611775431e-03,6.193523631640e+01,3.221879227508e+01,1.724780595079e+05,3.022023630349e+02,1.123551470932e+01,2.098787031557e-03
4.838795005455e-03,6.192566342399e+01,3.221978941219e+01,1.726773010694e+05,3.022022141939e+02,1.123552015847e+01,2.096431269197e-03
4.838978041999e-03,6.191608962345e+01,3.222078463986e+01,1.728767982195e+05,3.022020652727e+02,1.123552561077e+01,2.094077717478e-03
4.839160885243e-03,6.190651491440e+01,3.222177795848e+01,1.730765513145e+05,3.022019162710e+02,1.123553106623e+01,2.091726374902e-03
4.839343535399e-03,6.189693929494e+01,3.222276936862e+01,1.732765607431e+05,3.022017671889e+02,1.123553652483e+01,2.089377239598e-03
4.839525992652e-03,6.188736276447e+01,3.222375887071e+01,1.734768268671e+05,3.022016180264e+02,1.123554198660e+01,2.087030310020e-03
4.839708257194e-03,6.187778532210e+01,3.222474646519e+01,1.736773500557e+05,3.022014687833e+02,1.123554745152e+01,2.084685584543e-03
4.839890329231e-03,6.186820696611e+01,3.222573215262e+01,1.738781306949e+05,3.022013194597e+02,1.123555291959e+01,2.082343061352e-03
4.840072208961e-03,6.185862769522e+01,3.222671593347e+01,1.740791691633e+05,3.022011700555e+02,1.123555839083e+01,2.080002738729e-03
4.840253896579e-03,6.184904750823e+01,3.222769780824e+01,1.742804658374e+05,3.022010205707e+02,1.123556386523e+01,2.077664614987e-03
4.840435392269e-03,6.183946640470e+01,3.222867777730e+01,1.744820210793e+05,3.022008710051e+02,1.123556934280e+01,2.075328688617e-03
4.840616696234e-03,6.182988438303e+01,3.222965584120e+01,1.746838352755e+05,3.022007213589e+02,1.123557482353e+01,2.072994957828e-03
4.840797808667e-03,6.182030144213e+01,3.223063200037e+01,1.748859088024e+05,3.022005716318e+02,1.123558030742e+01,2.070663420964e-03
4.840978729785e-03,6.181071757958e+01,3.223160625542e+01,1.750882420651e+05,3.022004218239e+02,1.123558579449e+01,2.068334076039e-03
4.841159459738e-03,6.180113279670e+01,3.223257860656e+01,1.752908353906e+05,3.022002719352e+02,1.123559128473e+01,2.066006921977e-03
4.841339998763e-03,6.179154709002e+01,3.223354905449e+01,1.754936892075e+05,3.022001219655e+02,1.123559677813e+01,2.063681956541e-03
4.841520347043e-03,6.178196045893e+01,3.223451759960e+01,1.756968038846e+05,3.021999719149e+02,1.123560227472e+01,2.061359178191e-03
4.841700504753e-03,6.177237290329e+01,3.223548424225e+01,1.759001797815e+05,3.021998217832e+02,1.123560777447e+01,2.059038585498e-03
4.841880472123e-03,6.176278442006e+01,3.223644898309e+01,1.761038173197e+05,3.021996715705e+02,1.123561327741e+01,2.056720176334e-03
4.842060249304e-03,6.175319501023e+01,3.223741182234e+01,1.763077168358e+05,3.021995212767e+02,1.123561878352e+01,2.054403949548e-03
4.842239836516e-03,6.174360467126e+01,3.223837276061e+01,1.765118787419e+05,3.021993709017e+02,1.123562429282e+01,2.052089903136e-03
4.842419233961e-03,6.173401340154e+01,3.223933179837e+01,1.767163034313e+05,3.021992204455e+02,1.123562980529e+01,2.049778035320e-03
4.842598441819e-03,6.172442120053e+01,3.224028893601e+01,1.769209912750e+05,3.021990699081e+02,1.123563532095e+01,2.047468344580e-03
4.842777460274e-03,6.171482806751e+01,3.224124417394e+01,1.771259426482e+05,3.021989192895e+02,1.123564083980e+01,2.045160829354e-03
4.842956289545e-03,6.170523399998e+01,3.224219751272e+01,1.773311579653e+05,3.021987685894e+02,1.123564636183e+01,2.042855487653e-03
4.843134929790e-03,6.169563899852e+01,3.224314895262e+01,1.775366375750e+05,3.021986178080e+02,1.123565188705e+01,2.040552318227e-03
4.843313381241e-03,6.168604305985e+01,3.224409849428e+01,1.777423819092e+05,3.021984669452e+02,1.123565741546e+01,2.038251318908e-03
4.843491644056e-03,6.167644618463e+01,3.224504613796e+01,1.779483913163e+05,3.021983160009e+02,1.123566294707e+01,2.035952488465e-03
4.843669718458e-03,6.166684837000e+01,3.224599188425e+01,1.781546662207e+05,3.021981649750e+02,1.123566848187e+01,2.033655824830e-03
4.843847604614e-03,6.165724961604e+01,3.224693573346e+01,1.783612069844e+05,3.021980138676e+02,1.123567401986e+01,2.031361326638e-03
4.844025302728e-03,6.164764992098e+01,3.224787768608e+01,1.785680140097e+05,3.021978626786e+02,1.123567956105e+01,2.029068992083e-03
4.844202812994e-03,6.163804928343e+01,3.224881774255e+01,1.787750876915e+05,3.021977114079e+02,1.123568510545e+01,2.026778819448e-03
4.844380135593e-03,6.162844770273e+01,3.224975590325e+01,1.789824284094e+05,3.021975600556e+02,1.123569065304e+01,2.024490807199e-03
4.844557270733e-03,6.161884517679e+01,3.225069216867e+01,1.791900365744e+05,3.021974086214e+02,1.123569620383e+01,2.022204953455e-03
4.844734218590e-03,6.160924170525e+01,3.225162653917e+01,1.793979125613e+05,3.021972571055e+02,1.123570175783e+01,2.019921256749e-03
4.844910979355e-03,6.159963728685e+01,3.225255901517e+01,1.796060567646e+05,3.021971055077e+02,1.123570731504e+01,2.017639715404e-03
4.845087553232e-03,6.159003191962e+01,3.225348959714e+01,1.798144695947e+05,3.021969538280e+02,1.123571287545e+01,2.015360327573e-03
4.845263940405e-03,6.158042560278e+01,3.225441828548e+01,1.800231514374e+05,3.021968020664e+02,1.123571843907e+01,2.013083091692e-03
4.845440141057e-03,6.157081833549e+01,3.225534508055e+01,1.802321026798e+05,3.021966502228e+02,1.123572400591e+01,2.010808006187e-03
4.845616155397e-03,6.156121011545e+01,3.225626998286e+01,1.804413237414e+05,3.021964982971e+02,1.123572957595e+01,2.008535069139e-03
4.845791983598e-03,6.155160094238e+01,3.225719299274e+01,1.806508149993e+05,3.021963462894e+02,1.123573514922e+01,2.006264279100e-03
4.845967625860e-03,6.154199081453e+01,3.225811411063e+01,1.808605768621e+05,3.021961941995e+02,1.123574072570e+01,2.003995634291e-03
4.846143082357e-03,6.153237973153e+01,3.225903333687e+01,1.810706097098e+05,3.021960420274e+02,1.123574630539e+01,2.001729133243e-03
4.846318353302e-03,6.152276769084e+01,3.225995067197e+01,1.812809139698e+05,3.021958897731e+02,1.123575188831e+01,1.999464773990e-03
4.846493438876e-03,6.151315469167e+01,3.226086611630e+01,1.814914900328e+05,3.021957374366e+02,1.123575747445e+01,1.997202554968e-03
4.846668339259e-03,6.150354073331e+01,3.226177967020e+01,1.817023382871e+05,3.021955850177e+02,1.123576306381e+01,1.994942474645e-03
4.846843054641e-03,6.149392581445e+01,3.226269133407e+01,1.819134591360e+05,3.021954325164e+02,1.123576865640e+01,1.992684531337e-03
4.847017585226e-03,6.148430993304e+01,3.226360110838e+01,1.821248529991e+05,3.021952799327e+02,1.123577425221e+01,1.990428723195e-03
4.847191931194e-03,6.147469308832e+01,3.226450899348e+01,1.823365202684e+05,3.021951272666e+02,1.123577985125e+01,1.988175048673e-03
4.847366092729e-03,6.146507527930e+01,3.226541498973e+01,1.825484613419e+05,3.021949745179e+02,1.123578545353e+01,1.985923506168e-03
4.847540070031e-03,6.145545650398e+01,3.226631909759e+01,1.827606766398e+05,3.021948216867e+02,1.123579105903e+01,1.983674093848e-03
4.847713863276e-03,6.144583676188e+01,3.226722131736e+01,1.829731665502e+05,3.021946687729e+02,1.123579666777e+01,1.981426810233e-03
4.847887472647e-03,6.143621605205e+01,3.226812164941e+01,1.831859314722e+05,3.021945157764e+02,1.123580227975e+01,1.979181653732e-03
4.848060898362e-03,6.142659437146e+01,3.226902009427e+01,1.833989718509e+05,3.021943626972e+02,1.123580789496e+01,1.976938622277e-03
4.848234140581e-03,6.141697172047e+01,3.226991665218e+01,1.836122880574e+05,3.021942095352e+02,1.123581351341e+01,1.974697714588e-03
4.848407199494e-03,6.140734809764e+01,3.227081132352e+01,1.838258805037e+05,3.021940562905e+02,1.123581913511e+01,1.972458928964e-03
4.848580075301e-03,6.139772350103e+01,3.227170410874e+01,1.840397496133e+05,3.021939029628e+02,1.123582476004e+01,1.970222263590e-03
4.848752768180e-03,6.138809792983e+01,3.227259500815e+01,1.842538957850e+05,3.021937495523e+02,1.123583038823e+01,1.967987716919e-03
4.848925278323e-03,6.137847138252e+01,3.227348402215e+01,1.844683194346e+05,3.021935960588e+02,1.123583601965e+01,1.965755287235e-03
4.849097605901e-03,6.136884385876e+01,3.227437115102e+01,1.846830209515e+05,3.021934424824e+02,1.123584165433e+01,1.963524973101e-03
4.849269751128e-03,6.135921535562e+01,3.227525639528e+01,1.848980007842e+05,3.021932888229e+02,1.123584729226e+01,1.961296772478e-03
4.849441714181e-03,6.134958587255e+01,3.227613975523e+01,1.851132593289e+05,3.021931350802e+02,1.123585293343e+01,1.959070683880e-03
4.849613495220e-03,6.133995540955e+01,3.227702123109e+01,1.853287969695e+05,3.021929812545e+02,1.123585857786e+01,1.956846705949e-03
4.849785094465e-03,6.133032396355e+01,3.227790082341e+01,1.855446141599e+05,3.021928273455e+02,1.123586422555e+01,1.954624836618e-03
4.849956512102e-03,6.132069153322e+01,3.227877853252e+01,1.857607113151e+05,3.021926733533e+02,1.123586987650e+01,1.952405074227e-03
4.850127748279e-03,6.131105811947e+01,3.227965435860e+01,1.859770888012e+05,3.021925192779e+02,1.123587553070e+01,1.950187417628e-03
4.850298803234e-03,6.130142371796e+01,3.228052830226e+01,1.861937471023e+05,3.021923651190e+02,1.123588118816e+01,1.947971864469e-03
4.850469677109e-03,6.129178832995e+01,3.228140036362e+01,1.864106865777e+05,3.021922108768e+02,1.123588684889e+01,1.945758413685e-03
4.850640370115e-03,6.128215195265e+01,3.228227054316e+01,1.866279076784e+05,3.021920565511e+02,1.123589251288e+01,1.943547063282e-03
4.850810882424e-03,6.127251458545e+01,3.228313884117e+01,1.868454108066e+05,3.021919021420e+02,1.123589818014e+01,1.941337811771e-03
4.850981214219e-03,6.126287622726e+01,3.228400525797e+01,1.870631963769e+05,3.021917476493e+02,1.123590385067e+01,1.939130657545e-03
4.851151365697e-03,6.125323687605e+01,3.228486979396e+01,1.872812648250e+05,3.021915930730e+02,1.123590952446e+01,1.936925598794e-03
4.851321337043e-03,6.124359653048e+01,3.228573244948e+01,1.874996165718e+05,3.021914384131e+02,1.123591520153e+01,1.934722633860e-03
4.851491128419e-03,6.123395519055e+01,3.228659322475e+01,1.877182520091e+05,3.021912836695e+02,1.123592088187e+01,1.932521761394e-03
4.851660740041e-03,6.122431285310e+01,3.228745212028e+01,1.879371716006e+05,3.021911288422e+02,1.123592656549e+01,1.930322979326e-03
4.851830172063e-03,6.121466951858e+01,3.228830913622e+01,1.881563757287e+05,3.021909739311e+02,1.123593225238e+01,1.928126286412e-03
4.851999424696e-03,6.120502518415e+01,3.228916427305e+01,1.883758648513e+05,3.021908189361e+02,1.123593794256e+01,1.925931680661e-03
4.852168498103e-03,6.119537984968e+01,3.229001753099e+01,1.885956393658e+05,3.021906638572e+02,1.123594363601e+01,1.923739160693e-03
4.852337392483e-03,6.118573351290e+01,3.229086891043e+01,1.888156997182e+05,3.021905086945e+02,1.123594933275e+01,1.921548724653e-03
4.852506108000e-03,6.117608617371e+01,3.229171841161e+01,1.890360463066e+05,3.021903534477e+02,1.123595503277e+01,1.919360371170e-03
4.852674644864e-03,6.116643782916e+01,3.229256603497e+01,1.892566795944e+05,3.021901981169e+02,1.123596073608e+01,1.917174098234e-03
4.852843003224e-03,6.115678847994e+01,3.229341178067e+01,1.894775999623e+05,3.021900427020e+02,1.123596644267e+01,1.914989904659e-03
4.853011183299e-03,6.114713812263e+01,3.229425564919e+01,1.896988078865e+05,3.021898872030e+02,1.123597215256e+01,1.912807788328e-03
4.853179185249e-03,6.113748675720e+01,3.229509764073e+01,1.899203037653e+05,3.021897316197e+02,1.123597786574e+01,1.910627747897e-03
4.853347009251e-03,6.112783438270e+01,3.229593775557e+01,1.901420880198e+05,3.021895759523e+02,1.123598358221e+01,1.908449781806e-03
4.853514655512e-03,6.111818099633e+01,3.229677599415e+01,1.903641611133e+05,3.021894202006e+02,1.123598930198e+01,1.906273888090e-03
4.853682124202e-03,6.110852659750e+01,3.229761235670e+01,1.905865234600e+05,3.021892643645e+02,1.123599502504e+01,1.904100065274e-03
4.853849415492e-03,6.109887118542e+01,3.229844684348e+01,1.908091754783e+05,3.021891084440e+02,1.123600075141e+01,1.901928311848e-03
4.854016529568e-03,6.108921475863e+01,3.229927945480e+01,1.910321176041e+05,3.021889524391e+02,1.123600648107e+01,1.899758626140e-03
4.854183466637e-03,6.107955731428e+01,3.230011019109e+01,1.912553503046e+05,3.021887963497e+02,1.123601221404e+01,1.897591006181e-03
4.854350226839e-03,6.106989885346e+01,3.230093905244e+01,1.914788739581e+05,3.021886401758e+02,1.123601795032e+01,1.895425450876e-03
4.854516810387e-03,6.106023937295e+01,3.230176603929e+01,1.917026890423e+05,3.021884839172e+02,1.123602368990e+01,1.893261958171e-03
4.854683217456e-03,6.105057887178e+01,3.230259115191e+01,1.919267959842e+05,3.021883275741e+02,1.123602943279e+01,1.891100526516e-03
4.854849448217e-03,6.104091734916e+01,3.230341439053e+01,1.921511952067e+05,3.021881711462e+02,1.123603517899e+01,1.888941154402e-03
4.855015502842e-03,6.103125480429e+01,3.230423575540e+01,1.923758871342e+05,3.021880146336e+02,1.123604092850e+01,1.886783840318e-03
4.855181381554e-03,6.102159123335e+01,3.230505524701e+01,1.926008722618e+05,3.021878580362e+02,1.123604668133e+01,1.884628582081e-03
4.855347084479e-03,6.101192663816e+01,3.230587286538e+01,1.928261509542e+05,3.021877013539e+02,1.123605243747e+01,1.882475378767e-03
4.855512611845e-03,6.100226101457e+01,3.230668861100e+01,1.930517237155e+05,3.021875445868e+02,1.123605819694e+01,1.880324228124e-03
4.855677963802e-03,6.099259436298e+01,3.230750248402e+01,1.932775909452e+05,3.021873877347e+02,1.123606395972e+01,1.878175128911e-03
4.855843140534e-03,6.098292668183e+01,3.230831448473e+01,1.935037530886e+05,3.021872307976e+02,1.123606972582e+01,1.876028079455e-03
4.856008142225e-03,6.097325796948e+01,3.230912461341e+01,1.937302105937e+05,3.021870737754e+02,1.123607549525e+01,1.873883078066e-03
4.856172969066e-03,6.096358822397e+01,3.230993287039e+01,1.939569639171e+05,3.021869166681e+02,1.123608126801e+01,1.871740122983e-03
4.856337621214e-03,6.095391744515e+01,3.231073925584e+01,1.941840134735e+05,3.021867594757e+02,1.123608704409e+01,1.869599212846e-03
4.856502098856e-03,6.094424563120e+01,3.231154377005e+01,1.944113597174e+05,3.021866021981e+02,1.123609282350e+01,1.867460345932e-03
4.856666402192e-03,6.093457277962e+01,3.231234641339e+01,1.946390031200e+05,3.021864448352e+02,1.123609860624e+01,1.865323520364e-03
4.856830531369e-03,6.092489889085e+01,3.231314718595e+01,1.948669440844e+05,3.021862873870e+02,1.123610439232e+01,1.863188734917e-03
4.856994486581e-03,6.091522396263e+01,3.231394608808e+01,1.950951830780e+05,3.021861298535e+02,1.123611018173e+01,1.861055987769e-03
4.857158268008e-03,6.090554799349e+01,3.231474312003e+01,1.953237205497e+05,3.021859722345e+02,1.123611597448e+01,1.858925277280e-03
4.857321875826e-03,6.089587098225e+01,3.231553828204e+01,1.955525569435e+05,3.021858145300e+02,1.123612177057e+01,1.856796601864e-03
4.857485310211e-03,6.088619292756e+01,3.231633157435e+01,1.957816927066e+05,3.021856567401e+02,1.123612757000e+01,1.854669959913e-03
4.857648571350e-03,6.087651382766e+01,3.231712299726e+01,1.960111282982e+05,3.021854988645e+02,1.123613337277e+01,1.852545349717e-03
4.857811659411e-03,6.086683368162e+01,3.231791255095e+01,1.962408641573e+05,3.021853409034e+02,1.123613917889e+01,1.850422769758e-03
4.857974574566e-03,6.085715248846e+01,3.231870023565e+01,1.964709007260e+05,3.021851828566e+02,1.123614498836e+01,1.848302218503e-03
4.858137317010e-03,6.084747024568e+01,3.231948605169e+01,1.967012384821e+05,3.021850247240e+02,1.123615080117e+01,1.846183694091e-03
4.858299886914e-03,6.083778695238e+01,3.232026999925e+01,1.969318778671e+05,3.021848665056e+02,1.123615661734e+01,1.844067195009e-03
4.858462284432e-03,6.082810260853e+01,3.232105207847e+01,1.971628193022e+05,3.021847082015e+02,1.123616243686e+01,1.841952719935e-03
4.858624509783e-03,6.081841721020e+01,3.232183228979e+01,1.973940633019e+05,3.021845498114e+02,1.123616825973e+01,1.839840266702e-03
4.858786563124e-03,6.080873075714e+01,3.232261063334e+01,1.976256102942e+05,3.021843913354e+02,1.123617408596e+01,1.837729833943e-03
4.858948444621e-03,6.079904324866e+01,3.232338710930e+01,1.978574607182e+05,3.021842327734e+02,1.123617991555e+01,1.835621420196e-03
4.859110154454e-03,6.078935468316e+01,3.232416171790e+01,1.980896150354e+05,3.021840741254e+02,1.123618574849e+01,1.833515023803e-03
4.859271692818e-03,6.077966505804e+01,3.232493445947e+01,1.983220737320e+05,3.021839153912e+02,1.123619158481e+01,1.831410642890e-03
4.859433059867e-03,6.076997437333e+01,3.232570533410e+01,1.985548372325e+05,3.021837565710e+02,1.123619742448e+01,1.829308276153e-03
4.859594255796e-03,6.076028262646e+01,3.232647434212e+01,1.987879060238e+05,3.021835976645e+02,1.123620326752e+01,1.827207921728e-03
4.859755280760e-03,6.075058981721e+01,3.232724148365e+01,1.990212805375e+05,3.021834386717e+02,1.123620911394e+01,1.825109578261e-03
4.859916134946e-03,6.074089594357e+01,3.232800675894e+01,1.992549612488e+05,3.021832795927e+02,1.123621496372e+01,1.823013244013e-03
4.860076818539e-03,6.073120100350e+01,3.232877016825e+01,1.994889486349e+05,3.021831204272e+02,1.123622081687e+01,1.820918917233e-03
4.860237331688e-03,6.072150499721e+01,3.232953171167e+01,1.997232431188e+05,3.021829611754e+02,1.123622667340e+01,1.818826596667e-03
4.860397674598e-03,6.071180792142e+01,3.233029138955e+01,1.999578452091e+05,3.021828018371e+02,1.123623253330e+01,1.816736280302e-03
4.860557847429e-03,6.070210977574e+01,3.233104920201e+01,2.001927553451e+05,3.021826424122e+02,1.123623839659e+01,1.814647966752e-03
4.860717850357e-03,6.069241055855e+01,3.233180514927e+01,2.004279739968e+05,3.021824829008e+02,1.123624426325e+01,1.812561654367e-03
4.860877683549e-03,6.068271026899e+01,3.233255923148e+01,2.006635016163e+05,3.021823233028e+02,1.123625013330e+01,1.810477341660e-03
4.861037347196e-03,6.067300890456e+01,3.233331144893e+01,2.008993386963e+05,3.021821636181e+02,1.123625600673e+01,1.808395026797e-03
4.861196841450e-03,6.066330646529e+01,3.233406180168e+01,2.011354856692e+05,3.021820038466e+02,1.123626188354e+01,1.806314708483e-03
4.861356166519e-03,6.065360294755e+01,3.233481029012e+01,2.013719430569e+05,3.021818439883e+02,1.123626776375e+01,1.804236384643e-03
4.861515322545e-03,6.064389835198e+01,3.233555691425e+01,2.016087112784e+05,3.021816840432e+02,1.123627364734e+01,1.802160054116e-03
4.861674309719e-03,6.063419267607e+01,3.233630167436e+01,2.018457908296e+05,3.021815240112e+02,1.123627953433e+01,1.800085715071e-03
4.861833128201e-03,6.062448591919e+01,3.233704457056e+01,2.020831821623e+05,3.021813638922e+02,1.123628542471e+01,1.798013366073e-03
4.861991778175e-03,6.061477807926e+01,3.233778560309e+01,2.023208857633e+05,3.021812036863e+02,1.123629131849e+01,1.795943005391e-03
4.862150259827e-03,6.060506915410e+01,3.233852477218e+01,2.025589021241e+05,3.021810433932e+02,1.123629721567e+01,1.793874631261e-03
4.862308573297e-03,6.059535914429e+01,3.233926207786e+01,2.027972316682e+05,3.021808830131e+02,1.123630311624e+01,1.791808242516e-03
4.862466718775e-03,6.058564804731e+01,3.233999752037e+01,2.030358748964e+05,3.021807225457e+02,1.123630902022e+01,1.789743837327e-03
4.862624696439e-03,6.057593586145e+01,3.234073109991e+01,2.032748322905e+05,3.021805619912e+02,1.123631492761e+01,1.787681414038e-03
4.862782506468e-03,6.056622258484e+01,3.234146281668e+01,2.035141043370e+05,3.021804013493e+02,1.123632083840e+01,1.785620970965e-03
4.862940149010e-03,6.055650821751e+01,3.234219267074e+01,2.037536914760e+05,3.021802406202e+02,1.123632675260e+01,1.783562506825e-03
4.863097624260e-03,6.054679275672e+01,3.234292066235e+01,2.039935942173e+05,3.021800798036e+02,1.123633267021e+01,1.781506019748e-03
4.863254932378e-03,6.053707620162e+01,3.234364679161e+01,2.042338130246e+05,3.021799188996e+02,1.123633859123e+01,1.779451508266e-03
4.863412073534e-03,6.052735855094e+01,3.234437105868e+01,2.044743483728e+05,3.021797579081e+02,1.123634451567e+01,1.777398970825e-03
4.863569047925e-03,6.051763980175e+01,3.234509346383e+01,2.047152007786e+05,3.021795968290e+02,1.123635044352e+01,1.775348405520e-03
4.863725855677e-03,6.050791995524e+01,3.234581400700e+01,2.049563706575e+05,3.021794356623e+02,1.123635637479e+01,1.773299811318e-03
4.863882497000e-03,6.049819900771e+01,3.234653268853e+01,2.051978585471e+05,3.021792744080e+02,1.123636230948e+01,1.771253186155e-03
4.864038972061e-03,6.048847695789e+01,3.234724950853e+01,2.054396649258e+05,3.021791130659e+02,1.123636824760e+01,1.769208528480e-03
4.864195280997e-03,6.047875380651e+01,3.234796446699e+01,2.056817902224e+05,3.021789516360e+02,1.123637418914e+01,1.767165837165e-03
4.864351424033e-03,6.046902954863e+01,3.234867756432e+01,2.059242350081e+05,3.021787901184e+02,1.123638013411e+01,1.765125109893e-03
4.864507401303e-03,6.045930418512e+01,3.234938880049e+01,2.061669997104e+05,3.021786285128e+02,1.123638608251e+01,1.763086345564e-03
4.864663212978e-03,6.044957771457e+01,3.235009817562e+01,2.064100848141e+05,3.021784668193e+02,1.123639203433e+01,1.761049542602e-03
4.864818859239e-03,6.043985013468e+01,3.235080568991e+01,2.066534908269e+05,3.021783050378e+02,1.123639798959e+01,1.759014699249e-03
4.864974340256e-03,6.043012144417e+01,3.235151134349e+01,2.068972182324e+05,3.021781431682e+02,1.123640394829e+01,1.756981813959e-03
4.865129656214e-03,6.042039164049e+01,3.235221513655e+01,2.071412675465e+05,3.021779812105e+02,1.123640991042e+01,1.754950884921e-03
4.865284807233e-03,6.041066072534e+01,3.235291706900e+01,2.073856391791e+05,3.021778191647e+02,1.123641587600e+01,1.752921911217e-03
4.865439793542e-03,6.040092869360e+01,3.235361714124e+01,2.076303337126e+05,3.021776570306e+02,1.123642184501e+01,1.750894890502e-03
4.865594615277e-03,6.039119554575e+01,3.235431535322e+01,2.078753515893e+05,3.021774948082e+02,1.123642781747e+01,1.748869821604e-03
4.865749272608e-03,6.038146128039e+01,3.235501170508e+01,2.081206932997e+05,3.021773324976e+02,1.123643379337e+01,1.746846702958e-03
4.865903765721e-03,6.037172589495e+01,3.235570619701e+01,2.083663593645e+05,3.021771700985e+02,1.123643977272e+01,1.744825532756e-03
4.866058094775e-03,6.036198938857e+01,3.235639882908e+01,2.086123502623e+05,3.021770076109e+02,1.123644575552e+01,1.742806309549e-03
4.866212259938e-03,6.035225175983e+01,3.235708960139e+01,2.088586664866e+05,3.021768450349e+02,1.123645174178e+01,1.740789031771e-03
4.866366261380e-03,6.034251300711e+01,3.235777851407e+01,2.091053085364e+05,3.021766823703e+02,1.123645773148e+01,1.738773697821e-03
4.866520099263e-03,6.033277312945e+01,3.235846556718e+01,2.093522768958e+05,3.021765196171e+02,1.123646372465e+01,1.736760306226e-03
4.866673773783e-03,6.032303212348e+01,3.235915076097e+01,2.095995721096e+05,3.021763567752e+02,1.123646972127e+01,1.734748855027e-03
4.866827285070e-03,6.031328999016e+01,3.235983409535e+01,2.098471946149e+05,3.021761938446e+02,1.123647572135e+01,1.732739343151e-03
4.866980633324e-03,6.030354672598e+01,3.236051557057e+01,2.100951449619e+05,3.021760308252e+02,1.123648172489e+01,1.730731768612e-03
4.867133818685e-03,6.029380233122e+01,3.236119518661e+01,2.103434236063e+05,3.021758677170e+02,1.123648773190e+01,1.728726130199e-03
4.867286841343e-03,6.028405680300e+01,3.236187294366e+01,2.105920310845e+05,3.021757045199e+02,1.123649374238e+01,1.726722426058e-03
4.867439701460e-03,6.027431014007e+01,3.236254884178e+01,2.108409678928e+05,3.021755412338e+02,1.123649975632e+01,1.724720654665e-03
4.867592399200e-03,6.026456234126e+01,3.236322288104e+01,2.110902345255e+05,3.021753778587e+02,1.123650577373e+01,1.722720814521e-03
4.867744934733e-03,6.025481340475e+01,3.236389506155e+01,2.113398314949e+05,3.021752143945e+02,1.123651179462e+01,1.720722903990e-03
4.867897308219e-03,6.024506332957e+01,3.236456538337e+01,2.115897592922e+05,3.021750508412e+02,1.123651781898e+01,1.718726921615e-03
4.868049519829e-03,6.023531211396e+01,3.236523384658e+01,2.118400184301e+05,3.021748871987e+02,1.123652384682e+01,1.716732865773e-03
4.868201569750e-03,6.022555975509e+01,3.236590045135e+01,2.120906094493e+05,3.021747234669e+02,1.123652987814e+01,1.714740734626e-03
4.868353458122e-03,6.021580625306e+01,3.236656519766e+01,2.123415328163e+05,3.021745596458e+02,1.123653591295e+01,1.712750526938e-03
4.868505185124e-03,6.020605160568e+01,3.236722808561e+01,2.125927890569e+05,3.021743957354e+02,1.123654195123e+01,1.710762241006e-03
4.868656750899e-03,6.019629581287e+01,3.236788911519e+01,2.128443786437e+05,3.021742317356e+02,1.123654799300e+01,1.708775875559e-03
4.868808155657e-03,6.018653887023e+01,3.236854828665e+01,2.130963021618e+05,3.021740676463e+02,1.123655403826e+01,1.706791428443e-03
4.868959399526e-03,6.017678077874e+01,3.236920559989e+01,2.133485600583e+05,3.021739034675e+02,1.123656008701e+01,1.704808898604e-03
4.869110482702e-03,6.016702153493e+01,3.236986105511e+01,2.136011528957e+05,3.021737391991e+02,1.123656613925e+01,1.702828284084e-03
4.869261405318e-03,6.015726113927e+01,3.237051465222e+01,2.138540811359e+05,3.021735748410e+02,1.123657219499e+01,1.700849583727e-03
4.869412167576e-03,6.014749958797e+01,3.237116639145e+01,2.141073453518e+05,3.021734103932e+02,1.123657825422e+01,1.698872795513e-03
4.869562769603e-03,6.013773688202e+01,3.237181627267e+01,2.143609459934e+05,3.021732458557e+02,1.123658431695e+01,1.696897918391e-03
4.869713211583e-03,6.012797301850e+01,3.237246429604e+01,2.146148836128e+05,3.021730812283e+02,1.123659038319e+01,1.694924950521e-03
4.869863493700e-03,6.011820799471e+01,3.237311046167e+01,2.148691587576e+05,3.021729165110e+02,1.123659645292e+01,1.692953890110e-03
4.870013616089e-03,6.010844181113e+01,3.237375476947e+01,2.151237718934e+05,3.021727517039e+02,1.123660252616e+01,1.690984736006e-03
4.870163578934e-03,6.009867446485e+01,3.237439721960e+01,2.153787235750e+05,3.021725868067e+02,1.123660860291e+01,1.689017486376e-03
4.870313382373e-03,6.008890595600e+01,3.237503781197e+01,2.156340142788e+05,3.021724218194e+02,1.123661468317e+01,1.687052140000e-03
4.870463026610e-03,6.007913628059e+01,3.237567654678e+01,2.158896445897e+05,3.021722567421e+02,1.123662076694e+01,1.685088694830e-03
4.870612511788e-03,6.006936543839e+01,3.237631342399e+01,2.161456149954e+05,3.021720915745e+02,1.123662685423e+01,1.683127149576e-03
4.870761838067e-03,6.005959342810e+01,3.237694844361e+01,2.164019260119e+05,3.021719263167e+02,1.123663294503e+01,1.681167502736e-03
4.870911005608e-03,6.004982024833e+01,3.237758160566e+01,2.166585781591e+05,3.021717609687e+02,1.123663903935e+01,1.679209752786e-03
4.871060014596e-03,6.004004589616e+01,3.237821291026e+01,2.169155719979e+05,3.021715955303e+02,1.123664513719e+01,1.677253897899e-03
4.871208865176e-03,6.003027037125e+01,3.237884235735e+01,2.171729080218e+05,3.021714300014e+02,1.123665123855e+01,1.675299936771e-03
4.871357557514e-03,6.002049367183e+01,3.237946994698e+01,2.174305867632e+05,3.021712643821e+02,1.123665734344e+01,1.673347867806e-03
4.871506091779e-03,6.001071579594e+01,3.238009567918e+01,2.176886087608e+05,3.021710986723e+02,1.123666345186e+01,1.671397689372e-03
4.871654468146e-03,6.000093674130e+01,3.238071955402e+01,2.179469745619e+05,3.021709328719e+02,1.123666956381e+01,1.669449399781e-03
4.871802686750e-03,5.999115650811e+01,3.238134157141e+01,2.182056846495e+05,3.021707669808e+02,1.123667567928e+01,1.667502997835e-03
4.871950747772e-03,5.998137509364e+01,3.238196173142e+01,2.184647395852e+05,3.021706009990e+02,1.123668179830e+01,1.665558481753e-03
4.872098651350e-03,5.997159249790e+01,3.238258003397e+01,2.187241398587e+05,3.021704349265e+02,1.123668792084e+01,1.663615850303e-03
4.872246397712e-03,5.996180871495e+01,3.238319647934e+01,2.189838861188e+05,3.021702687631e+02,1.123669404693e+01,1.661675101072e-03
4.872393986939e-03,5.995202374865e+01,3.238381106719e+01,2.192439787543e+05,3.021701025089e+02,1.123670017656e+01,1.659736233594e-03
4.872541419235e-03,5.994223759468e+01,3.238442379770e+01,2.195044183731e+05,3.021699361637e+02,1.123670630973e+01,1.657799245779e-03
4.872688694777e-03,5.993245025037e+01,3.238503467093e+01,2.197652055397e+05,3.021697697275e+02,1.123671244644e+01,1.655864135867e-03
4.872835813688e-03,5.992266171672e+01,3.238564368671e+01,2.200263407221e+05,3.021696032002e+02,1.123671858671e+01,1.653930902827e-03
4.872982776153e-03,5.991287199059e+01,3.238625084513e+01,2.202878244990e+05,3.021694365818e+02,1.123672473052e+01,1.651999544811e-03
4.873129582342e-03,5.990308106985e+01,3.238685614623e+01,2.205496574240e+05,3.021692698722e+02,1.123673087789e+01,1.650070060166e-03
4.873276232388e-03,5.989328895478e+01,3.238745958987e+01,2.208118399863e+05,3.021691030714e+02,1.123673702880e+01,1.648142447725e-03
4.873422726484e-03,5.988349564167e+01,3.238806117616e+01,2.210743727833e+05,3.021689361792e+02,1.123674318328e+01,1.646216705529e-03
4.873569064753e-03,5.987370113143e+01,3.238866090493e+01,2.213372562896e+05,3.021687691957e+02,1.123674934131e+01,1.644292832530e-03
4.873715247397e-03,5.986390541977e+01,3.238925877634e+01,2.216004911199e+05,3.021686021208e+02,1.123675550291e+01,1.642370826663e-03
4.873861274559e-03,5.985410850614e+01,3.238985479029e+01,2.218640777900e+05,3.021684349543e+02,1.123676166807e+01,1.640450686594e-03
4.874007146396e-03,5.984431038931e+01,3.239044894673e+01,2.221280168342e+05,3.021682676963e+02,1.123676783679e+01,1.638532410861e-03
4.874152863056e-03,5.983451106849e+01,3.239104124558e+01,2.223923087761e+05,3.021681003467e+02,1.123677400909e+01,1.636615998088e-03
4.874298424750e-03,5.982471053854e+01,3.239163168703e+01,2.226569542578e+05,3.021679329054e+02,1.123678018495e+01,1.634701446049e-03
4.874443831572e-03,5.981490880239e+01,3.239222027076e+01,2.229219537046e+05,3.021677653724e+02,1.123678636438e+01,1.632788754095e-03
4.874589083740e-03,5.980510585444e+01,3.239280699699e+01,2.231873077730e+05,3.021675977476e+02,1.123679254739e+01,1.630877919914e-03
4.874734181355e-03,5.979530169715e+01,3.239339186542e+01,2.234530169021e+05,3.021674300310e+02,1.123679873398e+01,1.628968942770e-03
4.874879124630e-03,5.978549632517e+01,3.239397487624e+01,2.237190817440e+05,3.021672622224e+02,1.123680492415e+01,1.627061820402e-03
4.875023913718e-03,5.977568973743e+01,3.239455602937e+01,2.239855028359e+05,3.021670943218e+02,1.123681111789e+01,1.625156551386e-03
4.875168548738e-03,5.976588193488e+01,3.239513532461e+01,2.242522806600e+05,3.021669263292e+02,1.123681731523e+01,1.623253134694e-03
4.875313029884e-03,5.975607291373e+01,3.239571276203e+01,2.245194158298e+05,3.021667582445e+02,1.123682351614e+01,1.621351568372e-03
4.875457357315e-03,5.974626267215e+01,3.239628834159e+01,2.247869089053e+05,3.021665900677e+02,1.123682972065e+01,1.619451850854e-03
4.875601531179e-03,5.973645120934e+01,3.239686206319e+01,2.250547604198e+05,3.021664217986e+02,1.123683592875e+01,1.617553980774e-03
4.875745551637e-03,5.972663852347e+01,3.239743392679e+01,2.253229709359e+05,3.021662534372e+02,1.123684214044e+01,1.615657956565e-03
4.875889418846e-03,5.971682461304e+01,3.239800393230e+01,2.255915410076e+05,3.021660849834e+02,1.123684835572e+01,1.613763776727e-03
4.876033132968e-03,5.970700947613e+01,3.239857207968e+01,2.258604712019e+05,3.021659164373e+02,1.123685457461e+01,1.611871439680e-03
4.876176694157e-03,5.969719311137e+01,3.239913836885e+01,2.261297620713e+05,3.021657477987e+02,1.123686079709e+01,1.609980943952e-03
4.876320102577e-03,5.968737551678e+01,3.239970279975e+01,2.263994141864e+05,3.021655790675e+02,1.123686702318e+01,1.608092287952e-03
4.876463358402e-03,5.967755668958e+01,3.240026537239e+01,2.266694281407e+05,3.021654102438e+02,1.123687325287e+01,1.606205469939e-03
4.876606461750e-03,5.966773663079e+01,3.240082608652e+01,2.269398044237e+05,3.021652413274e+02,1.123687948617e+01,1.604320488905e-03
4.876749412794e-03,5.965791533781e+01,3.240138494213e+01,2.272105436259e+05,3.021650723182e+02,1.123688572307e+01,1.602437343147e-03
4.876892211723e-03,5.964809280668e+01,3.240194193927e+01,2.274816463764e+05,3.021649032163e+02,1.123689196359e+01,1.600556030698e-03
4.877034858664e-03,5.963826903788e+01,3.240249707772e+01,2.277531131828e+05,3.021647340215e+02,1.123689820773e+01,1.598676550449e-03
4.877177353758e-03,5.962844403089e+01,3.240305035734e+01,2.280249445810e+05,3.021645647338e+02,1.123690445548e+01,1.596798901099e-03
4.877319697215e-03,5.961861778034e+01,3.240360177825e+01,2.282971412422e+05,3.021643953532e+02,1.123691070685e+01,1.594923080419e-03
4.877461889137e-03,5.960879028839e+01,3.240415134013e+01,2.285697036300e+05,3.021642258795e+02,1.123691696184e+01,1.593049087624e-03
4.877603929723e-03,5.959896155039e+01,3.240469904307e+01,2.288426323979e+05,3.021640563127e+02,1.123692322045e+01,1.591176920627e-03
4.877745819087e-03,5.958913156769e+01,3.240524488678e+01,2.291159280343e+05,3.021638866527e+02,1.123692948269e+01,1.589306578485e-03
4.877887557438e-03,5.957930033495e+01,3.240578887138e+01,2.293895912132e+05,3.021637168995e+02,1.123693574856e+01,1.587438058988e-03
4.878029144895e-03,5.956946785300e+01,3.240633099662e+01,2.296636224395e+05,3.021635470530e+02,1.123694201806e+01,1.585571361095e-03
4.878170581622e-03,5.955963411969e+01,3.240687126242e+01,2.299380223011e+05,3.021633771132e+02,1.123694829119e+01,1.583706483204e-03
4.878311867779e-03,5.954979913308e+01,3.240740966869e+01,2.302127913814e+05,3.021632070799e+02,1.123695456796e+01,1.581843423753e-03
4.878453003514e-03,5.953996289189e+01,3.240794621528e+01,2.304879302463e+05,3.021630369532e+02,1.123696084837e+01,1.579982181306e-03
4.878593988997e-03,5.953012539355e+01,3.240848090214e+01,2.307634394993e+05,3.021628667329e+02,1.123696713241e+01,1.578122754181e-03
4.878734824371e-03,5.952028663717e+01,3.240901372909e+01,2.310393196968e+05,3.021626964190e+02,1.123697342010e+01,1.576265141022e-03
4.878875509794e-03,5.951044662099e+01,3.240954469603e+01,2.313155714216e+05,3.021625260114e+02,1.123697971144e+01,1.574409340305e-03
4.879016045435e-03,5.950060534213e+01,3.241007380289e+01,2.315921952883e+05,3.021623555101e+02,1.123698600642e+01,1.572555350298e-03
4.879156431415e-03,5.949076280150e+01,3.241060104940e+01,2.318691918065e+05,3.021621849150e+02,1.123699230505e+01,1.570703169984e-03
4.879296667938e-03,5.948091899383e+01,3.241112643563e+01,2.321465616606e+05,3.021620142260e+02,1.123699860733e+01,1.568852797180e-03
4.879436755101e-03,5.947107392147e+01,3.241164996123e+01,2.324243053210e+05,3.021618434431e+02,1.123700491327e+01,1.567004231146e-03
4.879576693128e-03,5.946122757786e+01,3.241217162631e+01,2.327024235111e+05,3.021616725662e+02,1.123701122287e+01,1.565157469461e-03
4.879716482107e-03,5.945137996601e+01,3.241269143049e+01,2.329809166841e+05,3.021615015953e+02,1.123701753612e+01,1.563312511508e-03
4.879856122246e-03,5.944153108029e+01,3.241320937383e+01,2.332597855398e+05,3.021613305302e+02,1.123702385304e+01,1.561469355045e-03
4.879995613645e-03,5.943168092292e+01,3.241372545599e+01,2.335390305559e+05,3.021611593709e+02,1.123703017362e+01,1.559627999306e-03
4.880134956495e-03,5.942182948957e+01,3.241423967695e+01,2.338186523966e+05,3.021609881174e+02,1.123703649787e+01,1.557788442302e-03
4.880274150964e-03,5.941197677743e+01,3.241475203662e+01,2.340986516851e+05,3.021608167695e+02,1.123704282579e+01,1.555950682322e-03
4.880413197170e-03,5.940212278735e+01,3.241526253471e+01,2.343790289406e+05,3.021606453273e+02,1.123704915738e+01,1.554114718349e-03
4.880552095265e-03,5.939226751775e+01,3.241577117105e+01,2.346597847529e+05,3.021604737907e+02,1.123705549264e+01,1.552280548909e-03
4.880690845444e-03,5.938241096383e+01,3.241627794566e+01,2.349409198045e+05,3.021603021594e+02,1.123706183159e+01,1.550448171929e-03
4.880829447824e-03,5.937255312663e+01,3.241678285822e+01,2.352224346126e+05,3.021601304337e+02,1.123706817421e+01,1.548617586426e-03
4.880967902571e-03,5.936269400329e+01,3.241728590862e+01,2.355043298066e+05,3.021599586133e+02,1.123707452051e+01,1.546788790693e-03
4.881106209831e-03,5.935283359264e+01,3.241778709667e+01,2.357866059686e+05,3.021597866982e+02,1.123708087049e+01,1.544961783338e-03
4.881244369767e-03,5.934297189230e+01,3.241828642223e+01,2.360692637164e+05,3.021596146883e+02,1.123708722416e+01,1.543136562746e-03
4.881382382534e-03,5.933310890021e+01,3.241878388515e+01,2.363523036599e+05,3.021594425835e+02,1.123709358153e+01,1.541313127362e-03
4.881520248269e-03,5.932324461585e+01,3.241927948517e+01,2.366357263659e+05,3.021592703839e+02,1.123709994258e+01,1.539491475917e-03
4.881657967133e-03,5.931337903684e+01,3.241977322217e+01,2.369195324555e+05,3.021590980892e+02,1.123710630732e+01,1.537671606800e-03
4.881795539268e-03,5.930351216210e+01,3.242026509591e+01,2.372037225130e+05,3.021589256996e+02,1.123711267577e+01,1.535853518645e-03
4.881932964857e-03,5.929364398766e+01,3.242075510633e+01,2.374882972083e+05,3.021587532148e+02,1.123711904791e+01,1.534037209545e-03
4.882070244020e-03,5.928377451406e+01,3.242124325312e+01,2.377732570809e+05,3.021585806349e+02,1.123712542375e+01,1.532222678437e-03
4.882207376927e-03,5.927390373825e+01,3.242172953615e+01,2.380586027763e+05,3.021584079597e+02,1.123713180330e+01,1.530409923589e-03
4.882344363718e-03,5.926403165936e+01,3.242221395519e+01,2.383443348772e+05,3.021582351892e+02,1.123713818655e+01,1.528598943675e-03
4.882481204541e-03,5.925415827577e+01,3.242269651002e+01,2.386304539890e+05,3.021580623234e+02,1.123714457351e+01,1.526789737235e-03
4.882617899579e-03,5.924428358339e+01,3.242317720058e+01,2.389169607902e+05,3.021578893621e+02,1.123715096419e+01,1.524982302353e-03
4.882754448945e-03,5.923440758341e+01,3.242365602649e+01,2.392038558077e+05,3.021577163053e+02,1.123715735858e+01,1.523176638082e-03
4.882890852804e-03,5.922453027283e+01,3.242413298763e+01,2.394911396898e+05,3.021575431530e+02,1.123716375668e+01,1.521372742715e-03
4.883027111310e-03,5.921465164978e+01,3.242460808378e+01,2.397788130542e+05,3.021573699050e+02,1.123717015850e+01,1.519570614744e-03
4.883163224615e-03,5.920477171233e+01,3.242508131474e+01,2.400668765207e+05,3.021571965613e+02,1.123717656405e+01,1.517770252661e-03
4.883299192872e-03,5.919489045848e+01,3.242555268030e+01,2.403553307134e+05,3.021570231218e+02,1.123718297332e+01,1.515971654937e-03
4.883435016226e-03,5.918500788693e+01,3.242602218023e+01,2.406441762353e+05,3.021568495865e+02,1.123718938631e+01,1.514174820181e-03
4.883570694808e-03,5.917512399731e+01,3.242648981423e+01,2.409334136649e+05,3.021566759553e+02,1.123719580303e+01,1.512379747165e-03
4.883706228820e-03,5.916523878395e+01,3.242695558225e+01,2.412230437359e+05,3.021565022280e+02,1.123720222349e+01,1.510586433705e-03
4.883841618360e-03,5.915535224889e+01,3.242741948391e+01,2.415130669579e+05,3.021563284048e+02,1.123720864768e+01,1.508794879013e-03
4.883976863599e-03,5.914546438882e+01,3.242788151902e+01,2.418034839978e+05,3.021561544855e+02,1.123721507561e+01,1.507005081337e-03
4.884111964685e-03,5.913557520200e+01,3.242834168737e+01,2.420942954784e+05,3.021559804700e+02,1.123722150727e+01,1.505217039205e-03
4.884246921789e-03,5.912568468516e+01,3.242879998877e+01,2.423855020680e+05,3.021558063582e+02,1.123722794268e+01,1.503430750875e-03
4.884381735017e-03,5.911579283955e+01,3.242925642285e+01,2.426771043030e+05,3.021556321501e+02,1.123723438183e+01,1.501646215420e-03
4.884516404550e-03,5.910589966115e+01,3.242971098946e+01,2.429691028762e+05,3.021554578457e+02,1.123724082473e+01,1.499863430965e-03
4.884650930525e-03,5.909600514895e+01,3.243016368834e+01,2.432614983933e+05,3.021552834448e+02,1.123724727138e+01,1.498082396176e-03
4.884785313113e-03,5.908610929957e+01,3.243061451928e+01,2.435542915300e+05,3.021551089473e+02,1.123725372178e+01,1.496303109299e-03
4.884919552423e-03,5.907621211409e+01,3.243106348192e+01,2.438474828323e+05,3.021549343533e+02,1.123726017593e+01,1.494525569379e-03
4.885053648625e-03,5.906631358916e+01,3.243151057607e+01,2.441410729781e+05,3.021547596627e+02,1.123726663384e+01,1.492749774665e-03
4.885187601892e-03,5.905641372112e+01,3.243195580155e+01,2.444350626556e+05,3.021545848753e+02,1.123727309551e+01,1.490975723355e-03
4.885321412330e-03,5.904651251132e+01,3.243239915796e+01,2.447294524052e+05,3.021544099911e+02,1.123727956095e+01,1.489203414549e-03
4.885455080109e-03,5.903660995623e+01,3.243284064511e+01,2.450242429140e+05,3.021542350101e+02,1.123728603015e+01,1.487432846469e-03
4.885588605376e-03,5.902670605422e+01,3.243328026272e+01,2.453194348134e+05,3.021540599321e+02,1.123729250311e+01,1.485664017679e-03
4.885721988281e-03,5.901680080323e+01,3.243371801053e+01,2.456150287485e+05,3.021538847571e+02,1.123729897985e+01,1.483896926672e-03
4.885855228952e-03,5.900689420289e+01,3.243415388821e+01,2.459110253155e+05,3.021537094851e+02,1.123730546036e+01,1.482131572239e-03
4.885988327584e-03,5.899698624786e+01,3.243458789563e+01,2.462074252599e+05,3.021535341159e+02,1.123731194464e+01,1.480367952290e-03
4.886121284263e-03,5.898707694094e+01,3.243502003231e+01,2.465042290856e+05,3.021533586496e+02,1.123731843271e+01,1.478606066182e-03
4.886254099184e-03,5.897716627658e+01,3.243545029813e+01,2.468014375466e+05,3.021531830859e+02,1.123732492455e+01,1.476845911791e-03
4.886386772472e-03,5.896725425474e+01,3.243587869271e+01,2.470990512341e+05,3.021530074249e+02,1.123733142018e+01,1.475087487973e-03
4.886519304286e-03,5.895734087266e+01,3.243630521583e+01,2.473970708210e+05,3.021528316665e+02,1.123733791959e+01,1.473330793101e-03
4.886651694761e-03,5.894742612926e+01,3.243672986714e+01,2.476954969311e+05,3.021526558106e+02,1.123734442279e+01,1.471575825852e-03
4.886783944058e-03,5.893751002180e+01,3.243715264638e+01,2.479943302400e+05,3.021524798572e+02,1.123735092978e+01,1.469822584603e-03
4.886916052300e-03,5.892759254998e+01,3.243757355321e+01,2.482935713503e+05,3.021523038061e+02,1.123735744057e+01,1.468071068169e-03
4.887048019653e-03,5.891767371066e+01,3.243799258736e+01,2.485932209516e+05,3.021521276574e+02,1.123736395515e+01,1.466321274862e-03
4.887179846268e-03,5.890775350156e+01,3.243840974855e+01,2.488932797085e+05,3.021519514109e+02,1.123737047353e+01,1.464573203152e-03
4.887311532295e-03,5.889783192056e+01,3.243882503648e+01,2.491937482827e+05,3.021517750665e+02,1.123737699571e+01,1.462826851531e-03
4.887443077838e-03,5.888790896887e+01,3.243923845071e+01,2.494946272352e+05,3.021515986242e+02,1.123738352170e+01,1.461082219087e-03
4.887574483095e-03,5.887798464070e+01,3.243964999109e+01,2.497959173412e+05,3.021514220840e+02,1.123739005150e+01,1.459339303669e-03
4.887705748168e-03,5.886805893759e+01,3.244005965717e+01,2.500976191540e+05,3.021512454457e+02,1.123739658510e+01,1.457598104423e-03
4.887836873240e-03,5.885813185478e+01,3.244046744873e+01,2.503997334199e+05,3.021510687094e+02,1.123740312252e+01,1.455858619388e-03
4.887967858454e-03,5.884820339057e+01,3.244087336546e+01,2.507022607934e+05,3.021508918748e+02,1.123740966375e+01,1.454120847139e-03
4.888098703919e-03,5.883827354574e+01,3.244127740690e+01,2.510052018542e+05,3.021507149419e+02,1.123741620880e+01,1.452384786690e-03
4.888229409817e-03,5.882834231581e+01,3.244167957284e+01,2.513085573443e+05,3.021505379108e+02,1.123742275766e+01,1.450650436132e-03
4.888359976288e-03,5.881840969905e+01,3.244207986294e+01,2.516123279219e+05,3.021503607812e+02,1.123742931036e+01,1.448917794044e-03
4.888490403452e-03,5.880847569566e+01,3.244247827678e+01,2.519165141884e+05,3.021501835531e+02,1.123743586688e+01,1.447186859337e-03
4.888620691468e-03,5.879854030255e+01,3.244287481405e+01,2.522211168465e+05,3.021500062266e+02,1.123744242722e+01,1.445457630353e-03
4.888750840508e-03,5.878860351576e+01,3.244326947452e+01,2.525261366269e+05,3.021498288014e+02,1.123744899140e+01,1.443730105283e-03
4.888880850673e-03,5.877866533665e+01,3.244366225769e+01,2.528315740986e+05,3.021496512775e+02,1.123745555941e+01,1.442004283246e-03
4.889010722125e-03,5.876872576205e+01,3.244405316326e+01,2.531374299703e+05,3.021494736549e+02,1.123746213126e+01,1.440280162573e-03
4.889140455032e-03,5.875878478824e+01,3.244444219097e+01,2.534437049698e+05,3.021492959334e+02,1.123746870695e+01,1.438557741502e-03
4.889270049487e-03,5.874884241717e+01,3.244482934029e+01,2.537503996504e+05,3.021491181130e+02,1.123747528648e+01,1.436837019257e-03
4.889399505688e-03,5.873889864272e+01,3.244521461103e+01,2.540575148160e+05,3.021489401937e+02,1.123748186985e+01,1.435117993663e-03
4.889528823735e-03,5.872895346649e+01,3.244559800270e+01,2.543650510337e+05,3.021487621753e+02,1.123748845707e+01,1.433400663885e-03
4.889658003808e-03,5.871900688362e+01,3.244597951505e+01,2.546730090711e+05,3.021485840578e+02,1.123749504814e+01,1.431685027968e-03
4.889787046032e-03,5.870905889370e+01,3.244635914764e+01,2.549813895592e+05,3.021484058411e+02,1.123750164307e+01,1.429971084733e-03
4.889915950536e-03,5.869910949588e+01,3.244673690006e+01,2.552901931441e+05,3.021482275251e+02,1.123750824185e+01,1.428258832923e-03
4.890044717499e-03,5.868915868544e+01,3.244711277204e+01,2.555994205933e+05,3.021480491098e+02,1.123751484449e+01,1.426548270613e-03
4.890173347033e-03,5.867920646290e+01,3.244748676311e+01,2.559090725123e+05,3.021478705952e+02,1.123752145099e+01,1.424839396789e-03
4.890301839291e-03,5.866925282559e+01,3.244785887292e+01,2.562191496078e+05,3.021476919810e+02,1.123752806135e+01,1.423132209880e-03
4.890430194434e-03,5.865929777003e+01,3.244822910114e+01,2.565296526122e+05,3.021475132672e+02,1.123753467558e+01,1.421426708185e-03
4.890558412567e-03,5.864934129726e+01,3.244859744727e+01,2.568405821184e+05,3.021473344539e+02,1.123754129368e+01,1.419722890778e-03
4.890686493869e-03,5.863938340251e+01,3.244896391102e+01,2.571519389025e+05,3.021471555408e+02,1.123754791565e+01,1.418020755736e-03
4.890814438469e-03,5.862942408486e+01,3.244932849196e+01,2.574637236205e+05,3.021469765280e+02,1.123755454150e+01,1.416320301800e-03
4.890942246484e-03,5.861946334429e+01,3.244969118962e+01,2.577759369027e+05,3.021467974153e+02,1.123756117122e+01,1.414621527863e-03
4.891069918110e-03,5.860950117477e+01,3.245005200375e+01,2.580885795679e+05,3.021466182027e+02,1.123756780483e+01,1.412924431795e-03
4.891197453441e-03,5.859953757792e+01,3.245041093381e+01,2.584016521965e+05,3.021464388901e+02,1.123757444232e+01,1.411229012773e-03
4.891324852649e-03,5.858957254958e+01,3.245076797947e+01,2.587151555519e+05,3.021462594775e+02,1.123758108369e+01,1.409535268989e-03
4.891452115853e-03,5.857960608946e+01,3.245112314026e+01,2.590290902773e+05,3.021460799647e+02,1.123758772896e+01,1.407843199294e-03
4.891579243204e-03,5.856963819483e+01,3.245147641580e+01,2.593434570933e+05,3.021459003517e+02,1.123759437811e+01,1.406152802128e-03
4.891706234856e-03,5.855966886285e+01,3.245182780569e+01,2.596582567256e+05,3.021457206384e+02,1.123760103116e+01,1.404464075913e-03
4.891833090929e-03,5.854969809313e+01,3.245217730946e+01,2.599734898240e+05,3.021455408247e+02,1.123760768811e+01,1.402777019487e-03
4.891959811590e-03,5.853972588165e+01,3.245252492675e+01,2.602891571543e+05,3.021453609106e+02,1.123761434896e+01,1.401091631075e-03
4.892086396938e-03,5.852975222975e+01,3.245287065703e+01,2.606052593131e+05,3.021451808960e+02,1.123762101370e+01,1.399407909812e-03
4.892212847172e-03,5.851977713088e+01,3.245321450002e+01,2.609217971496e+05,3.021450007808e+02,1.123762768236e+01,1.397725853498e-03
4.892339162375e-03,5.850980058764e+01,3.245355645512e+01,2.612387712234e+05,3.021448205649e+02,1.123763435492e+01,1.396045461480e-03
4.892465342729e-03,5.849982259475e+01,3.245389652200e+01,2.615561823453e+05,3.021446402483e+02,1.123764103140e+01,1.394366731778e-03
4.892591388348e-03,5.848984315224e+01,3.245423470017e+01,2.618740311588e+05,3.021444598309e+02,1.123764771179e+01,1.392689663310e-03
4.892717299394e-03,5.847986225648e+01,3.245457098923e+01,2.621923184256e+05,3.021442793126e+02,1.123765439610e+01,1.391014254375e-03
4.892843076007e-03,5.846987990539e+01,3.245490538872e+01,2.625110448589e+05,3.021440986934e+02,1.123766108432e+01,1.389340503538e-03
4.892968718278e-03,5.845989610101e+01,3.245523789808e+01,2.628302110420e+05,3.021439179731e+02,1.123766777647e+01,1.387668410052e-03
4.893094226432e-03,5.844991083440e+01,3.245556851706e+01,2.631498179101e+05,3.021437371517e+02,1.123767447255e+01,1.385997971335e-03
4.893219600536e-03,5.843992410943e+01,3.245589724502e+01,2.634698659895e+05,3.021435562291e+02,1.123768117255e+01,1.384329186954e-03
4.893344840764e-03,5.842993592143e+01,3.245622408159e+01,2.637903560824e+05,3.021433752053e+02,1.123768787649e+01,1.382662055041e-03
4.893469947253e-03,5.841994626840e+01,3.245654902629e+01,2.641112889056e+05,3.021431940801e+02,1.123769458436e+01,1.380996574182e-03
4.893594920123e-03,5.840995514997e+01,3.245687207861e+01,2.644326651259e+05,3.021430128535e+02,1.123770129616e+01,1.379332743231e-03
4.893719759546e-03,5.839996256153e+01,3.245719323815e+01,2.647544855466e+05,3.021428315254e+02,1.123770801191e+01,1.377670560342e-03
4.893844465633e-03,5.838996850324e+01,3.245751250438e+01,2.650767508198e+05,3.021426500957e+02,1.123771473160e+01,1.376010024463e-03
4.893969038530e-03,5.837997297249e+01,3.245782987682e+01,2.653994616879e+05,3.021424685644e+02,1.123772145523e+01,1.374351134079e-03
4.894093478376e-03,5.836997596729e+01,3.245814535500e+01,2.657226188738e+05,3.021422869314e+02,1.123772818281e+01,1.372693887786e-03
4.894217785339e-03,5.835997748325e+01,3.245845893851e+01,2.660462231803e+05,3.021421051966e+02,1.123773491435e+01,1.371038283778e-03
4.894341959493e-03,5.834997752347e+01,3.245877062668e+01,2.663702751693e+05,3.021419233599e+02,1.123774164984e+01,1.369384321492e-03
4.894466001048e-03,5.833997608020e+01,3.245908041922e+01,2.666947757546e+05,3.021417414213e+02,1.123774838929e+01,1.367731998574e-03
4.894589910076e-03,5.832997315669e+01,3.245938831545e+01,2.670197254953e+05,3.021415593806e+02,1.123775513269e+01,1.366081314486e-03
4.894713686778e-03,5.831996874581e+01,3.245969431504e+01,2.673451252885e+05,3.021413772378e+02,1.123776188006e+01,1.364432266978e-03
4.894837331253e-03,5.830996284871e+01,3.245999841738e+01,2.676709757638e+05,3.021411949929e+02,1.123776863140e+01,1.362784855171e-03
4.894960843645e-03,5.829995546279e+01,3.246030062199e+01,2.679972776739e+05,3.021410126457e+02,1.123777538670e+01,1.361139077566e-03
4.895084224093e-03,5.828994658593e+01,3.246060092835e+01,2.683240317575e+05,3.021408301962e+02,1.123778214598e+01,1.359494932743e-03
4.895207472736e-03,5.827993621594e+01,3.246089933596e+01,2.686512387565e+05,3.021406476442e+02,1.123778890923e+01,1.357852419276e-03
4.895330589725e-03,5.826992434957e+01,3.246119584433e+01,2.689788994498e+05,3.021404649898e+02,1.123779567646e+01,1.356211535562e-03
4.895453575167e-03,5.825991098734e+01,3.246149045286e+01,2.693070144927e+05,3.021402822328e+02,1.123780244767e+01,1.354572280624e-03
4.895576429230e-03,5.824989612468e+01,3.246178316111e+01,2.696355847097e+05,3.021400993732e+02,1.123780922287e+01,1.352934652646e-03
4.895699152024e-03,5.823987976154e+01,3.246207396849e+01,2.699646107788e+05,3.021399164108e+02,1.123781600205e+01,1.351298650555e-03
4.895821743704e-03,5.822986189458e+01,3.246236287450e+01,2.702940934864e+05,3.021397333457e+02,1.123782278522e+01,1.349664272742e-03
4.895944204405e-03,5.821984252173e+01,3.246264987861e+01,2.706240335789e+05,3.021395501776e+02,1.123782957238e+01,1.348031517809e-03
4.896066534274e-03,5.820982164009e+01,3.246293498030e+01,2.709544318317e+05,3.021393669066e+02,1.123783636354e+01,1.346400384221e-03
4.896188733417e-03,5.819979925014e+01,3.246321817897e+01,2.712852889098e+05,3.021391835326e+02,1.123784315870e+01,1.344770870997e-03
4.896310801980e-03,5.818977534883e+01,3.246349947408e+01,2.716166055964e+05,3.021390000555e+02,1.123784995785e+01,1.343142976580e-03
4.896432740125e-03,5.817974993211e+01,3.246377886515e+01,2.719483827083e+05,3.021388164751e+02,1.123785676102e+01,1.341516699256e-03
4.896554547984e-03,5.816972299818e+01,3.246405635161e+01,2.722806209910e+05,3.021386327915e+02,1.123786356819e+01,1.339892037673e-03
4.896676225646e-03,5.815969454871e+01,3.246433193281e+01,2.726133210744e+05,3.021384490045e+02,1.123787037937e+01,1.338268991051e-03
4.896797773284e-03,5.814966457868e+01,3.246460560827e+01,2.729464838131e+05,3.021382651142e+02,1.123787719456e+01,1.336647557516e-03
4.896919191063e-03,5.813963308351e+01,3.246487737748e+01,2.732801100479e+05,3.021380811203e+02,1.123788401377e+01,1.335027735277e-03
4.897040479044e-03,5.812960006713e+01,3.246514723973e+01,2.736142003385e+05,3.021378970228e+02,1.123789083700e+01,1.333409523914e-03
4.897161637433e-03,5.811956552180e+01,3.246541519458e+01,2.739487556335e+05,3.021377128216e+02,1.123789766426e+01,1.331792921128e-03
4.897282666327e-03,5.810952944837e+01,3.246568124139e+01,2.742837765979e+05,3.021375285168e+02,1.123790449554e+01,1.330177926004e-03
4.897403565859e-03,5.809949184507e+01,3.246594537958e+01,2.746192639847e+05,3.021373441081e+02,1.123791133084e+01,1.328564537207e-03
4.897524336199e-03,5.808945270675e+01,3.246620760863e+01,2.749552186614e+05,3.021371595954e+02,1.123791817018e+01,1.326952752860e-03
4.897644977445e-03,5.807941203433e+01,3.246646792788e+01,2.752916412945e+05,3.021369749788e+02,1.123792501356e+01,1.325342572063e-03
4.897765489742e-03,5.806936982498e+01,3.246672633677e+01,2.756285326760e+05,3.021367902581e+02,1.123793186097e+01,1.323733993317e-03
4.897885873242e-03,5.805932607496e+01,3.246698283475e+01,2.759658936319e+05,3.021366054333e+02,1.123793871242e+01,1.322127014973e-03
4.898006128040e-03,5.804928078543e+01,3.246723742113e+01,2.763037248232e+05,3.021364205043e+02,1.123794556791e+01,1.320521636175e-03
4.898126254318e-03,5.803923395044e+01,3.246749009540e+01,2.766420271526e+05,3.021362354709e+02,1.123795242746e+01,1.318917854925e-03
4.898246252190e-03,5.802918556934e+01,3.246774085694e+01,2.769808013452e+05,3.021360503332e+02,1.123795929105e+01,1.317315670081e-03
4.898366121776e-03,5.801913564131e+01,3.246798970510e+01,2.773200481339e+05,3.021358650910e+02,1.123796615869e+01,1.315715080466e-03
4.898485863227e-03,5.800908416266e+01,3.246823663931e+01,2.776597683493e+05,3.021356797442e+02,1.123797303039e+01,1.314116084452e-03
4.898605476659e-03,5.799903113272e+01,3.246848165892e+01,2.779999627212e+05,3.021354942929e+02,1.123797990615e+01,1.312518680895e-03
4.898724962251e-03,5.798897654559e+01,3.246872476340e+01,2.783406321588e+05,3.021353087368e+02,1.123798678598e+01,1.310922867817e-03
4.898844320067e-03,5.797892040502e+01,3.246896595199e+01,2.786817772453e+05,3.021351230759e+02,1.123799366986e+01,1.309328644774e-03
4.898963550302e-03,5.796886270354e+01,3.246920522419e+01,2.790233989454e+05,3.021349373101e+02,1.123800055782e+01,1.307736009547e-03
4.899082653063e-03,5.795880344119e+01,3.246944257931e+01,2.793654979709e+05,3.021347514394e+02,1.123800744985e+01,1.306144961106e-03
4.899201628479e-03,5.794874261627e+01,3.246967801673e+01,2.797080750942e+05,3.021345654637e+02,1.123801434595e+01,1.304555498148e-03
4.899320476682e-03,5.793868022655e+01,3.246991153579e+01,2.800511311069e+05,3.021343793828e+02,1.123802124613e+01,1.302967619285e-03
4.899439197830e-03,5.792861626783e+01,3.247014313591e+01,2.803946668692e+05,3.021341931967e+02,1.123802815039e+01,1.301381322824e-03
4.899557792026e-03,5.791855074039e+01,3.247037281640e+01,2.807386830904e+05,3.021340069054e+02,1.123803505873e+01,1.299796607775e-03
4.899676259423e-03,5.790848364039e+01,3.247060057663e+01,2.810831806219e+05,3.021338205087e+02,1.123804197116e+01,1.298213472503e-03
4.899794600132e-03,5.789841496738e+01,3.247082641592e+01,2.814281601999e+05,3.021336340066e+02,1.123804888768e+01,1.296631915909e-03
4.899912814309e-03,5.788834471722e+01,3.247105033365e+01,2.817736226893e+05,3.021334473989e+02,1.123805580830e+01,1.295051936313e-03
4.900030902089e-03,5.787827288739e+01,3.247127232919e+01,2.821195689006e+05,3.021332606856e+02,1.123806273301e+01,1.293473532293e-03
4.900148863558e-03,5.786819947968e+01,3.247149240177e+01,2.824659994981e+05,3.021330738666e+02,1.123806966182e+01,1.291896703101e-03
4.900266698908e-03,5.785812448686e+01,3.247171055084e+01,2.828129154570e+05,3.021328869418e+02,1.123807659473e+01,1.290321446581e-03
4.900384408227e-03,5.784804791029e+01,3.247192677566e+01,2.831603174590e+05,3.021326999112e+02,1.123808353175e+01,1.288747761921e-03
4.900501991684e-03,5.783796974461e+01,3.247214107562e+01,2.835082064185e+05,3.021325127746e+02,1.123809047288e+01,1.287175647262e-03
4.900619449368e-03,5.782788999138e+01,3.247235344995e+01,2.838565830134e+05,3.021323255321e+02,1.123809741812e+01,1.285605101820e-03
4.900736781446e-03,5.781780864519e+01,3.247256389806e+01,2.842054481624e+05,3.021321381834e+02,1.123810436748e+01,1.284036123737e-03
4.900853988033e-03,5.780772570530e+01,3.247277241922e+01,2.845548026259e+05,3.021319507285e+02,1.123811132095e+01,1.282468711872e-03
4.900971069267e-03,5.779764116881e+01,3.247297901275e+01,2.849046472397e+05,3.021317631673e+02,1.123811827855e+01,1.280902864756e-03
4.901088025276e-03,5.778755503392e+01,3.247318367797e+01,2.852549828026e+05,3.021315754998e+02,1.123812524027e+01,1.279338581094e-03
4.901204856178e-03,5.777746729936e+01,3.247338641414e+01,2.856058100976e+05,3.021313877258e+02,1.123813220612e+01,1.277775859669e-03
4.901321562128e-03,5.776737796082e+01,3.247358722062e+01,2.859571300140e+05,3.021311998453e+02,1.123813917610e+01,1.276214698797e-03
4.901438143242e-03,5.775728701738e+01,3.247378609666e+01,2.863089433251e+05,3.021310118582e+02,1.123814615021e+01,1.274655097321e-03
4.901554599649e-03,5.774719446695e+01,3.247398304158e+01,2.866612508464e+05,3.021308237644e+02,1.123815312846e+01,1.273097053904e-03
4.901670931490e-03,5.773710030629e+01,3.247417805466e+01,2.870140534354e+05,3.021306355638e+02,1.123816011086e+01,1.271540567030e-03
4.901787138885e-03,5.772700453413e+01,3.247437113518e+01,2.873673518813e+05,3.021304472564e+02,1.123816709739e+01,1.269985635495e-03
4.901903221983e-03,5.771690714650e+01,3.247456228245e+01,2.877211470706e+05,3.021302588420e+02,1.123817408808e+01,1.268432257673e-03
4.902019180877e-03,5.770680814436e+01,3.247475149569e+01,2.880754397181e+05,3.021300703205e+02,1.123818108291e+01,1.266880432703e-03
4.902135015712e-03,5.769670752426e+01,3.247493877419e+01,2.884302306944e+05,3.021298816920e+02,1.123818808190e+01,1.265330159044e-03
4.902250726667e-03,5.768660527950e+01,3.247512411731e+01,2.887855209863e+05,3.021296929562e+02,1.123819508505e+01,1.263781434661e-03
4.902366313787e-03,5.767650141518e+01,3.247530752416e+01,2.891413111671e+05,3.021295041132e+02,1.123820209235e+01,1.262234259331e-03
4.902481777283e-03,5.766639592206e+01,3.247548899416e+01,2.894976023167e+05,3.021293151628e+02,1.123820910383e+01,1.260688630629e-03
4.902597117213e-03,5.765628880395e+01,3.247566852643e+01,2.898543950567e+05,3.021291261049e+02,1.123821611946e+01,1.259144548134e-03
4.902712333749e-03,5.764618005489e+01,3.247584612030e+01,2.902116903545e+05,3.021289369395e+02,1.123822313927e+01,1.257602009932e-03
4.902827427003e-03,5.763606967422e+01,3.247602177500e+01,2.905694889921e+05,3.021287476664e+02,1.123823016325e+01,1.256061014918e-03
4.902942397134e-03,5.762595765680e+01,3.247619548981e+01,2.909277919117e+05,3.021285582856e+02,1.123823719141e+01,1.254521561307e-03
4.903057244233e-03,5.761584400378e+01,3.247636726392e+01,2.912865998340e+05,3.021283687971e+02,1.123824422374e+01,1.252983648275e-03
4.903171968441e-03,5.760572871175e+01,3.247653709659e+01,2.916459136435e+05,3.021281792006e+02,1.123825126026e+01,1.251447274303e-03
4.903286569885e-03,5.759561177863e+01,3.247670498705e+01,2.920057341788e+05,3.021279894962e+02,1.123825830097e+01,1.249912438073e-03
4.903401048709e-03,5.758549320076e+01,3.247687093456e+01,2.923660623358e+05,3.021277996837e+02,1.123826534586e+01,1.248379138035e-03
4.903515405028e-03,5.757537297683e+01,3.247703493831e+01,2.927268989292e+05,3.021276097630e+02,1.123827239495e+01,1.246847372993e-03
4.903629638984e-03,5.756525110351e+01,3.247719699755e+01,2.930882448474e+05,3.021274197341e+02,1.123827944824e+01,1.245317141446e-03
4.903743750668e-03,5.755512758172e+01,3.247735711145e+01,2.934501008272e+05,3.021272295969e+02,1.123828650572e+01,1.243788442541e-03
4.903857740243e-03,5.754500240595e+01,3.247751527928e+01,2.938124678383e+05,3.021270393513e+02,1.123829356741e+01,1.242261274449e-03
4.903971607834e-03,5.753487557420e+01,3.247767150023e+01,2.941753467259e+05,3.021268489971e+02,1.123830063331e+01,1.240735635878e-03
4.904085353556e-03,5.752474708532e+01,3.247782577350e+01,2.945387383069e+05,3.021266585344e+02,1.123830770341e+01,1.239211525661e-03
4.904198977552e-03,5.751461693556e+01,3.247797809830e+01,2.949026434920e+05,3.021264679630e+02,1.123831477773e+01,1.237688942245e-03
4.904312479926e-03,5.750448512467e+01,3.247812847382e+01,2.952670630686e+05,3.021262772829e+02,1.123832185626e+01,1.236167884603e-03
4.904425860831e-03,5.749435164800e+01,3.247827689927e+01,2.956319979843e+05,3.021260864939e+02,1.123832893902e+01,1.234648351045e-03
4.904539120388e-03,5.748421650387e+01,3.247842337385e+01,2.959974490804e+05,3.021258955960e+02,1.123833602599e+01,1.233130340336e-03
4.904652258693e-03,5.747407969259e+01,3.247856789668e+01,2.963634171289e+05,3.021257045890e+02,1.123834311720e+01,1.231613851532e-03
4.904765275928e-03,5.746394120695e+01,3.247871046704e+01,2.967299031741e+05,3.021255134730e+02,1.123835021263e+01,1.230098882573e-03
4.904878172177e-03,5.745380104841e+01,3.247885108404e+01,2.970969079502e+05,3.021253222477e+02,1.123835731230e+01,1.228585432688e-03
4.904990947576e-03,5.744365921385e+01,3.247898974686e+01,2.974644323564e+05,3.021251309132e+02,1.123836441620e+01,1.227073500432e-03
4.905103602256e-03,5.743351570050e+01,3.247912645469e+01,2.978324772834e+05,3.021249394692e+02,1.123837152434e+01,1.225563084406e-03
4.905216136343e-03,5.742337050596e+01,3.247926120670e+01,2.982010436082e+05,3.021247479158e+02,1.123837863672e+01,1.224054183273e-03
4.905328549990e-03,5.741322362550e+01,3.247939400206e+01,2.985701322949e+05,3.021245562529e+02,1.123838575336e+01,1.222546795351e-03
4.905440843270e-03,5.740307506156e+01,3.247952483989e+01,2.989397440489e+05,3.021243644803e+02,1.123839287424e+01,1.221040920021e-03
4.905553016336e-03,5.739292480933e+01,3.247965371936e+01,2.993098798404e+05,3.021241725980e+02,1.123839999938e+01,1.219536555591e-03
4.905665069311e-03,5.738277286668e+01,3.247978063962e+01,2.996805405438e+05,3.021239806058e+02,1.123840712877e+01,1.218033700770e-03
4.905777002343e-03,5.737261922923e+01,3.247990559985e+01,3.000517271181e+05,3.021237885037e+02,1.123841426242e+01,1.216532353930e-03
4.905888815532e-03,5.736246389695e+01,3.248002859915e+01,3.004234403643e+05,3.021235962917e+02,1.123842140034e+01,1.215032514094e-03
4.906000509001e-03,5.735230686768e+01,3.248014963667e+01,3.007956811629e+05,3.021234039695e+02,1.123842854252e+01,1.213534179969e-03
4.906112082888e-03,5.734214813782e+01,3.248026871154e+01,3.011684504495e+05,3.021232115372e+02,1.123843568898e+01,1.212037350049e-03
4.906223537302e-03,5.733198770658e+01,3.248038582288e+01,3.015417490573e+05,3.021230189946e+02,1.123844283970e+01,1.210542023246e-03
4.906334872426e-03,5.732182556621e+01,3.248050096988e+01,3.019155780779e+05,3.021228263416e+02,1.123844999471e+01,1.209048197451e-03
4.906446088284e-03,5.731166172353e+01,3.248061415156e+01,3.022899380684e+05,3.021226335782e+02,1.123845715400e+01,1.207555872694e-03
4.906557185089e-03,5.730149616809e+01,3.248072536711e+01,3.026648302236e+05,3.021224407042e+02,1.123846431757e+01,1.206065046471e-03
4.906668162926e-03,5.729132890104e+01,3.248083461562e+01,3.030402553119e+05,3.021222477196e+02,1.123847148543e+01,1.204575717985e-03
4.906779021929e-03,5.728115991926e+01,3.248094189620e+01,3.034162142613e+05,3.021220546242e+02,1.123847865758e+01,1.203087885812e-03
4.906889762228e-03,5.727098921984e+01,3.248104720795e+01,3.037927079947e+05,3.021218614181e+02,1.123848583403e+01,1.201601548559e-03
4.907000383917e-03,5.726081680297e+01,3.248115054996e+01,3.041697373202e+05,3.021216681011e+02,1.123849301477e+01,1.200116705289e-03
4.907110887169e-03,5.725064266197e+01,3.248125192137e+01,3.045473033036e+05,3.021214746730e+02,1.123850019982e+01,1.198633354064e-03
4.907221272071e-03,5.724046679760e+01,3.248135132123e+01,3.049254067360e+05,3.021212811339e+02,1.123850738917e+01,1.197151494032e-03
4.907331538763e-03,5.723028920611e+01,3.248144874864e+01,3.053040485779e+05,3.021210874835e+02,1.123851458283e+01,1.195671123684e-03
4.907441687362e-03,5.722010988572e+01,3.248154420268e+01,3.056832297175e+05,3.021208937219e+02,1.123852178080e+01,1.194192241803e-03
4.907551717992e-03,5.720992883386e+01,3.248163768243e+01,3.060629510758e+05,3.021206998490e+02,1.123852898309e+01,1.192714847051e-03
4.907661630784e-03,5.719974604747e+01,3.248172918698e+01,3.064432135917e+05,3.021205058645e+02,1.123853618969e+01,1.191238938032e-03
4.907771425860e-03,5.718956152423e+01,3.248181871539e+01,3.068240181800e+05,3.021203117686e+02,1.123854340062e+01,1.189764513448e-03
4.907881103344e-03,5.717937526167e+01,3.248190626672e+01,3.072053657624e+05,3.021201175609e+02,1.123855061588e+01,1.188291571986e-03
4.907990663348e-03,5.716918725838e+01,3.248199184004e+01,3.075872572225e+05,3.021199232416e+02,1.123855783547e+01,1.186820112486e-03
4.908100105998e-03,5.715899751148e+01,3.248207543440e+01,3.079696935005e+05,3.021197288104e+02,1.123856505939e+01,1.185350133578e-03
4.908209431433e-03,5.714880601724e+01,3.248215704887e+01,3.083526755703e+05,3.021195342673e+02,1.123857228764e+01,1.183881633772e-03
4.908318639745e-03,5.713861277603e+01,3.248223668248e+01,3.087362042545e+05,3.021193396122e+02,1.123857952024e+01,1.182414612167e-03
4.908427731104e-03,5.712841778087e+01,3.248231433430e+01,3.091202806529e+05,3.021191448450e+02,1.123858675718e+01,1.180949066806e-03
4.908536705603e-03,5.711822103206e+01,3.248239000335e+01,3.095049055934e+05,3.021189499656e+02,1.123859399847e+01,1.179484996786e-03
4.908645563357e-03,5.710802252787e+01,3.248246368867e+01,3.098900799826e+05,3.021187549739e+02,1.123860124411e+01,1.178022400906e-03
4.908754304483e-03,5.709782226642e+01,3.248253538929e+01,3.102758047331e+05,3.021185598698e+02,1.123860849411e+01,1.176561277949e-03
4.908862929156e-03,5.708762024012e+01,3.248260510426e+01,3.106620809772e+05,3.021183646532e+02,1.123861574846e+01,1.175101625880e-03
4.908971437421e-03,5.707741645389e+01,3.248267283256e+01,3.110489093737e+05,3.021181693241e+02,1.123862300717e+01,1.173643444459e-03
4.909079829480e-03,5.706721089754e+01,3.248273857327e+01,3.114362911567e+05,3.021179738822e+02,1.123863027026e+01,1.172186731284e-03
4.909188105389e-03,5.705700357490e+01,3.248280232535e+01,3.118242270308e+05,3.021177783277e+02,1.123863753771e+01,1.170731485955e-03
4.909296265305e-03,5.704679448008e+01,3.248286408783e+01,3.122127180703e+05,3.021175826602e+02,1.123864480953e+01,1.169277706693e-03
4.909404309336e-03,5.703658361182e+01,3.248292385973e+01,3.126017651760e+05,3.021173868798e+02,1.123865208573e+01,1.167825392374e-03
4.909512237619e-03,5.702637096630e+01,3.248298164004e+01,3.129913693480e+05,3.021171909864e+02,1.123865936631e+01,1.166374541515e-03
4.909620050244e-03,5.701615654392e+01,3.248303742774e+01,3.133815314272e+05,3.021169949798e+02,1.123866665127e+01,1.164925153232e-03
4.909727747371e-03,5.700594033844e+01,3.248309122186e+01,3.137722525098e+05,3.021167988600e+02,1.123867394063e+01,1.163477225701e-03
4.909835329111e-03,5.699572234840e+01,3.248314302137e+01,3.141635335113e+05,3.021166026268e+02,1.123868123437e+01,1.162030757778e-03
4.909942795568e-03,5.698550257273e+01,3.248319282525e+01,3.145553753343e+05,3.021164062802e+02,1.123868853251e+01,1.160585748375e-03
4.910050146860e-03,5.697528100932e+01,3.248324063248e+01,3.149477789223e+05,3.021162098201e+02,1.123869583504e+01,1.159142196257e-03
4.910157383130e-03,5.696505765357e+01,3.248328644204e+01,3.153407453168e+05,3.021160132464e+02,1.123870314198e+01,1.157700099840e-03
4.910264504492e-03,5.695483250344e+01,3.248333025290e+01,3.157342754631e+05,3.021158165590e+02,1.123871045332e+01,1.156259457902e-03
4.910371511064e-03,5.694460555657e+01,3.248337206403e+01,3.161283703200e+05,3.021156197577e+02,1.123871776907e+01,1.154820269179e-03
4.910478402981e-03,5.693437680932e+01,3.248341187440e+01,3.165230308984e+05,3.021154228426e+02,1.123872508924e+01,1.153382532227e-03
4.910585180319e-03,5.692414626307e+01,3.248344968294e+01,3.169182580160e+05,3.021152258134e+02,1.123873241382e+01,1.151946246311e-03
4.910691843247e-03,5.691391391074e+01,3.248348548863e+01,3.173140528210e+05,3.021150286702e+02,1.123873974282e+01,1.150511409503e-03
4.910798391858e-03,5.690367975240e+01,3.248351929041e+01,3.177104161850e+05,3.021148314127e+02,1.123874707625e+01,1.149078020890e-03
4.910904826288e-03,5.689344378378e+01,3.248355108722e+01,3.181073491511e+05,3.021146340410e+02,1.123875441410e+01,1.147646078942e-03
4.911011146634e-03,5.688320600473e+01,3.248358087800e+01,3.185048526038e+05,3.021144365549e+02,1.123876175638e+01,1.146215582714e-03
4.911117353047e-03,5.687296640948e+01,3.248360866170e+01,3.189029276480e+05,3.021142389542e+02,1.123876910311e+01,1.144786530474e-03
4.911223445642e-03,5.686272499606e+01,3.248363443723e+01,3.193015752426e+05,3.021140412390e+02,1.123877645427e+01,1.143358921023e-03
4.911329424505e-03,5.685248176495e+01,3.248365820353e+01,3.197007962531e+05,3.021138434091e+02,1.123878380987e+01,1.141932753506e-03
4.911435289764e-03,5.684223671289e+01,3.248367995952e+01,3.201005916929e+05,3.021136454645e+02,1.123879116991e+01,1.140508026543e-03
4.911541041601e-03,5.683198983106e+01,3.248369970411e+01,3.205009627939e+05,3.021134474049e+02,1.123879853442e+01,1.139084737990e-03
4.911646680021e-03,5.682174112806e+01,3.248371743622e+01,3.209019101094e+05,3.021132492304e+02,1.123880590337e+01,1.137662888120e-03
4.911752205271e-03,5.681149058879e+01,3.248373315476e+01,3.213034351214e+05,3.021130509408e+02,1.123881327678e+01,1.136242473921e-03
4.911857617375e-03,5.680123821996e+01,3.248374685862e+01,3.217055384614e+05,3.021128525360e+02,1.123882065465e+01,1.134823495402e-03
4.911962916485e-03,5.679098401555e+01,3.248375854671e+01,3.221082212594e+05,3.021126540160e+02,1.123882803699e+01,1.133405950815e-03
4.912068102729e-03,5.678072797230e+01,3.248376821793e+01,3.225114845410e+05,3.021124553806e+02,1.123883542379e+01,1.131989838792e-03
4.912173176201e-03,5.677047008971e+01,3.248377587115e+01,3.229153292241e+05,3.021122566297e+02,1.123884281507e+01,1.130575158350e-03
4.912278137062e-03,5.676021036121e+01,3.248378150528e+01,3.233197564684e+05,3.021120577632e+02,1.123885021083e+01,1.129161907669e-03
4.912382985367e-03,5.674994879035e+01,3.248378511918e+01,3.237247670359e+05,3.021118587811e+02,1.123885761106e+01,1.127750086326e-03
4.912487721270e-03,5.673968537082e+01,3.248378671174e+01,3.241303620802e+05,3.021116596833e+02,1.123886501578e+01,1.126339692538e-03
4.912592344922e-03,5.672942009689e+01,3.248378628182e+01,3.245365427331e+05,3.021114604695e+02,1.123887242499e+01,1.124930724611e-03
4.912696856388e-03,5.671915297116e+01,3.248378382830e+01,3.249433098006e+05,3.021112611398e+02,1.123887983869e+01,1.123523181990e-03
4.912801255792e-03,5.670888399032e+01,3.248377935002e+01,3.253506643226e+05,3.021110616941e+02,1.123888725688e+01,1.122117063314e-03
4.912905543276e-03,5.669861314924e+01,3.248377284586e+01,3.257586074148e+05,3.021108621321e+02,1.123889467958e+01,1.120712366970e-03
4.913009718975e-03,5.668834044370e+01,3.248376431467e+01,3.261671401579e+05,3.021106624539e+02,1.123890210678e+01,1.119309091480e-03
4.913113782924e-03,5.667806587923e+01,3.248375375528e+01,3.265762632478e+05,3.021104626594e+02,1.123890953848e+01,1.117907236688e-03
4.913217735334e-03,5.666778944370e+01,3.248374116655e+01,3.269859780841e+05,3.021102627483e+02,1.123891697470e+01,1.116506800038e-03
4.913321576278e-03,5.665751113900e+01,3.248372654732e+01,3.273962855110e+05,3.021100627207e+02,1.123892441543e+01,1.115107780883e-03
4.913425305858e-03,5.664723096382e+01,3.248370989641e+01,3.278071865013e+05,3.021098625765e+02,1.123893186068e+01,1.113710178143e-03
4.913528924233e-03,5.663694891145e+01,3.248369121266e+01,3.282186822467e+05,3.021096623154e+02,1.123893931045e+01,1.112313990003e-03
4.913632431496e-03,5.662666498154e+01,3.248367049489e+01,3.286307736851e+05,3.021094619375e+02,1.123894676475e+01,1.110919215518e-03
4.913735827745e-03,5.661637917334e+01,3.248364774192e+01,3.290434617735e+05,3.021092614426e+02,1.123895422358e+01,1.109525853686e-03
4.913839113143e-03,5.660609147937e+01,3.248362295257e+01,3.294567477405e+05,3.021090608307e+02,1.123896168694e+01,1.108133902594e-03
4.913942287756e-03,5.659580190216e+01,3.248359612564e+01,3.298706324148e+05,3.021088601016e+02,1.123896915484e+01,1.106743361690e-03
4.914045351757e-03,5.658551043319e+01,3.248356725995e+01,3.302851170715e+05,3.021086592551e+02,1.123897662729e+01,1.105354228925e-03
4.914148305203e-03,5.657521707592e+01,3.248353635429e+01,3.307002025052e+05,3.021084582914e+02,1.123898410428e+01,1.103966503872e-03
4.914251148232e-03,5.656492182525e+01,3.248350340746e+01,3.311158898583e+05,3.021082572102e+02,1.123899158582e+01,1.102580184946e-03
4.914353881001e-03,5.655462467450e+01,3.248346841824e+01,3.315321803380e+05,3.021080560113e+02,1.123899907191e+01,1.101195270359e-03
4.914456503575e-03,5.654432562596e+01,3.248343138543e+01,3.319490747920e+05,3.021078546948e+02,1.123900656256e+01,1.099811759525e-03
4.914559016068e-03,5.653402467718e+01,3.248339230782e+01,3.323665742613e+05,3.021076532605e+02,1.123901405777e+01,1.098429651225e-03
4.914661418648e-03,5.652372182016e+01,3.248335118415e+01,3.327846800137e+05,3.021074517082e+02,1.123902155755e+01,1.097048943497e-03
4.914763711362e-03,5.651341705906e+01,3.248330801324e+01,3.332033928268e+05,3.021072500381e+02,1.123902906190e+01,1.095669636007e-03
4.914865894380e-03,5.650311038569e+01,3.248326279382e+01,3.336227139805e+05,3.021070482498e+02,1.123903657082e+01,1.094291726772e-03
4.914967967782e-03,5.649280180083e+01,3.248321552467e+01,3.340426443929e+05,3.021068463433e+02,1.123904408432e+01,1.092915215011e-03
4.915069931727e-03,5.648249129730e+01,3.248316620454e+01,3.344631853084e+05,3.021066443185e+02,1.123905160240e+01,1.091540098879e-03
4.915171786288e-03,5.647217887673e+01,3.248311483218e+01,3.348843376143e+05,3.021064421752e+02,1.123905912507e+01,1.090166377709e-03
4.915273531558e-03,5.646186453851e+01,3.248306140636e+01,3.353061022904e+05,3.021062399136e+02,1.123906665232e+01,1.088794050535e-03
4.915375167750e-03,5.645154827001e+01,3.248300592578e+01,3.357284808107e+05,3.021060375332e+02,1.123907418418e+01,1.087423114797e-03
4.915476694865e-03,5.644123007995e+01,3.248294838922e+01,3.361514737784e+05,3.021058350342e+02,1.123908172062e+01,1.086053570769e-03
4.915578113112e-03,5.643090995600e+01,3.248288879538e+01,3.365750826599e+05,3.021056324162e+02,1.123908926167e+01,1.084685415937e-03
4.915679422518e-03,5.642058790427e+01,3.248282714302e+01,3.369993081683e+05,3.021054296795e+02,1.123909680732e+01,1.083318650230e-03
4.915780623281e-03,5.641026391355e+01,3.248276343083e+01,3.374241517294e+05,3.021052268236e+02,1.123910435759e+01,1.081953271286e-03
4.915881715461e-03,5.639993798659e+01,3.248269765755e+01,3.378496141974e+05,3.021050238486e+02,1.123911191247e+01,1.080589278594e-03
4.915982699177e-03,5.638961012008e+01,3.248262982190e+01,3.382756966789e+05,3.021048207544e+02,1.123911947196e+01,1.079226670836e-03
4.916083574581e-03,5.637928030734e+01,3.248255992255e+01,3.387024004197e+05,3.021046175407e+02,1.123912703608e+01,1.077865446260e-03
4.916184341729e-03,5.636894855149e+01,3.248248795825e+01,3.391297262659e+05,3.021044142077e+02,1.123913460482e+01,1.076505604399e-03
4.916285000783e-03,5.635861484497e+01,3.248241392767e+01,3.395576755044e+05,3.021042107551e+02,1.123914217819e+01,1.075147143389e-03
4.916385551829e-03,5.634827918761e+01,3.248233782951e+01,3.399862491204e+05,3.021040071828e+02,1.123914975620e+01,1.073790062332e-03
4.916485995031e-03,5.633794157158e+01,3.248225966243e+01,3.404154484178e+05,3.021038034907e+02,1.123915733884e+01,1.072434359334e-03
4.916586330404e-03,5.632760200424e+01,3.248217942519e+01,3.408452740735e+05,3.021035996789e+02,1.123916492613e+01,1.071080034484e-03
4.916686558153e-03,5.631726047309e+01,3.248209711639e+01,3.412757275894e+05,3.021033957469e+02,1.123917251806e+01,1.069727085282e-03
4.916786678354e-03,5.630691697941e+01,3.248201273474e+01,3.417068098986e+05,3.021031916949e+02,1.123918011464e+01,1.068375511024e-03
4.916886691132e-03,5.629657151905e+01,3.248192627888e+01,3.421385221617e+05,3.021029875227e+02,1.123918771588e+01,1.067025310302e-03
4.916986596574e-03,5.628622409193e+01,3.248183774752e+01,3.425708653717e+05,3.021027832302e+02,1.123919532178e+01,1.065676482241e-03
4.917086394835e-03,5.627587469075e+01,3.248174713927e+01,3.430038408256e+05,3.021025788172e+02,1.123920293233e+01,1.064329025024e-03
4.917186085998e-03,5.626552331591e+01,3.248165445280e+01,3.434374495007e+05,3.021023742837e+02,1.123921054756e+01,1.062982937839e-03
4.917285670162e-03,5.625516996596e+01,3.248155968679e+01,3.438716924531e+05,3.021021696297e+02,1.123921816745e+01,1.061638219637e-03
4.917385147487e-03,5.624481463295e+01,3.248146283982e+01,3.443065710146e+05,3.021019648548e+02,1.123922579202e+01,1.060294868521e-03
4.917484518045e-03,5.623445731853e+01,3.248136391057e+01,3.447420861164e+05,3.021017599591e+02,1.123923342127e+01,1.058952883847e-03
4.917583781963e-03,5.622409801800e+01,3.248126289767e+01,3.451782389572e+05,3.021015549425e+02,1.123924105521e+01,1.057612264146e-03
4.917682939354e-03,5.621373672872e+01,3.248115979974e+01,3.456150306535e+05,3.021013498048e+02,1.123924869383e+01,1.056273008218e-03
4.917781990331e-03,5.620337344751e+01,3.248105461539e+01,3.460524623451e+05,3.021011445459e+02,1.123925633714e+01,1.054935114796e-03
4.917880935009e-03,5.619300817136e+01,3.248094734325e+01,3.464905351679e+05,3.021009391657e+02,1.123926398515e+01,1.053598582634e-03
4.917979773486e-03,5.618264089875e+01,3.248083798194e+01,3.469292501964e+05,3.021007336642e+02,1.123927163786e+01,1.052263410682e-03
4.918078505876e-03,5.617227162653e+01,3.248072653006e+01,3.473686085770e+05,3.021005280411e+02,1.123927929527e+01,1.050929597678e-03
4.918177132306e-03,5.616190035038e+01,3.248061298620e+01,3.478086115069e+05,3.021003222965e+02,1.123928695739e+01,1.049597142215e-03
4.918275652894e-03,5.615152706657e+01,3.248049734894e+01,3.482492601619e+05,3.021001164301e+02,1.123929462422e+01,1.048266042962e-03
4.918374067701e-03,5.614115177756e+01,3.248037961694e+01,3.486905554559e+05,3.020999104419e+02,1.123930229577e+01,1.046936299385e-03
4.918472376906e-03,5.613077447329e+01,3.248025978871e+01,3.491324988386e+05,3.020997043317e+02,1.123930997205e+01,1.045607909341e-03
4.918570580569e-03,5.612039515631e+01,3.248013786287e+01,3.495750912244e+05,3.020994980995e+02,1.123931765304e+01,1.044280872311e-03
4.918668678827e-03,5.611001382098e+01,3.248001383799e+01,3.500183338792e+05,3.020992917452e+02,1.123932533877e+01,1.042955186725e-03
4.918766671788e-03,5.609963046469e+01,3.247988771263e+01,3.504622279420e+05,3.020990852686e+02,1.123933302923e+01,1.041630851404e-03
4.918864559551e-03,5.608924508585e+01,3.247975948536e+01,3.509067745107e+05,3.020988786696e+02,1.123934072443e+01,1.040307865299e-03
4.918962342234e-03,5.607885768064e+01,3.247962915475e+01,3.513519747810e+05,3.020986719481e+02,1.123934842437e+01,1.038986227077e-03
4.919060019963e-03,5.606846824460e+01,3.247949671932e+01,3.517978299774e+05,3.020984651040e+02,1.123935612906e+01,1.037665935330e-03
4.919157592822e-03,5.605807677757e+01,3.247936217767e+01,3.522443411437e+05,3.020982581372e+02,1.123936383849e+01,1.036346989193e-03
4.919255060940e-03,5.604768327464e+01,3.247922552829e+01,3.526915095295e+05,3.020980510475e+02,1.123937155269e+01,1.035029387201e-03
4.919352424401e-03,5.603728773560e+01,3.247908676979e+01,3.531393361833e+05,3.020978438350e+02,1.123937927164e+01,1.033713128490e-03
4.919449683369e-03,5.602689015201e+01,3.247894590060e+01,3.535878225124e+05,3.020976364993e+02,1.123938699536e+01,1.032398211150e-03
4.919546837897e-03,5.601649052672e+01,3.247880291934e+01,3.540369694388e+05,3.020974290406e+02,1.123939472384e+01,1.031084634703e-03
4.919643888123e-03,5.600608885397e+01,3.247865782448e+01,3.544867782583e+05,3.020972214585e+02,1.123940245710e+01,1.029772397585e-03
4.919740834160e-03,5.599568513045e+01,3.247851061455e+01,3.549372501635e+05,3.020970137531e+02,1.123941019513e+01,1.028461498542e-03
4.919837676111e-03,5.598527935388e+01,3.247836128807e+01,3.553883863048e+05,3.020968059241e+02,1.123941793795e+01,1.027151936451e-03
4.919934414065e-03,5.597487152336e+01,3.247820984356e+01,3.558401877750e+05,3.020965979716e+02,1.123942568555e+01,1.025843710365e-03
4.920031048164e-03,5.596446163271e+01,3.247805627949e+01,3.562926558981e+05,3.020963898953e+02,1.123943343794e+01,1.024536818675e-03
4.920127578522e-03,5.595404967823e+01,3.247790059433e+01,3.567457918941e+05,3.020961816952e+02,1.123944119512e+01,1.023231260083e-03
4.920224005204e-03,5.594363566181e+01,3.247774278665e+01,3.571995967400e+05,3.020959733712e+02,1.123944895710e+01,1.021927033998e-03
4.920320328361e-03,5.593321957595e+01,3.247758285487e+01,3.576540718263e+05,3.020957649230e+02,1.123945672389e+01,1.020624138648e-03
4.920416548097e-03,5.592280141818e+01,3.247742079748e+01,3.581092183257e+05,3.020955563507e+02,1.123946449548e+01,1.019322572896e-03
4.920512664498e-03,5.591238118799e+01,3.247725661297e+01,3.585650373274e+05,3.020953476541e+02,1.123947227189e+01,1.018022335852e-03
4.920608677669e-03,5.590195888269e+01,3.247709029984e+01,3.590215300187e+05,3.020951388332e+02,1.123948005311e+01,1.016723426351e-03
4.920704587786e-03,5.589153449218e+01,3.247692185642e+01,3.594786979138e+05,3.020949298876e+02,1.123948783915e+01,1.015425842310e-03
4.920800394864e-03,5.588110802343e+01,3.247675128134e+01,3.599365417809e+05,3.020947208174e+02,1.123949563002e+01,1.014129583774e-03
4.920896099073e-03,5.587067946689e+01,3.247657857294e+01,3.603950631160e+05,3.020945116225e+02,1.123950342571e+01,1.012834648729e-03
4.920991700513e-03,5.586024882025e+01,3.247640372967e+01,3.608542630993e+05,3.020943023027e+02,1.123951122624e+01,1.011541036067e-03
4.921087199258e-03,5.584981608445e+01,3.247622675005e+01,3.613141427697e+05,3.020940928580e+02,1.123951903161e+01,1.010248745084e-03
4.921182595479e-03,5.583938124944e+01,3.247604763239e+01,3.617747036541e+05,3.020938832881e+02,1.123952684182e+01,1.008957773713e-03
4.921277889218e-03,5.582894431946e+01,3.247586637524e+01,3.622359466502e+05,3.020936735931e+02,1.123953465688e+01,1.007668121662e-03
4.921373080619e-03,5.581850528752e+01,3.247568297696e+01,3.626978731554e+05,3.020934637727e+02,1.123954247679e+01,1.006379787245e-03
4.921468169782e-03,5.580806415132e+01,3.247549743599e+01,3.631604843608e+05,3.020932538268e+02,1.123955030155e+01,1.005092769364e-03
4.921563156825e-03,5.579762090693e+01,3.247530975071e+01,3.636237815334e+05,3.020930437554e+02,1.123955813118e+01,1.003807066718e-03
4.921658041850e-03,5.578717555171e+01,3.247511991954e+01,3.640877658848e+05,3.020928335583e+02,1.123956596567e+01,1.002522678168e-03
4.921752824940e-03,5.577672808528e+01,3.247492794093e+01,3.645524385294e+05,3.020926232355e+02,1.123957380503e+01,1.001239602850e-03
4.921847506256e-03,5.576627849874e+01,3.247473381317e+01,3.650178009620e+05,3.020924127867e+02,1.123958164926e+01,9.999578388612e-04
4.921942085829e-03,5.575582679741e+01,3.247453753481e+01,3.654838540480e+05,3.020922022119e+02,1.123958949837e+01,9.986773860391e-04
4.922036563857e-03,5.574537296824e+01,3.247433910405e+01,3.659505994722e+05,3.020919915109e+02,1.123959735237e+01,9.973982419777e-04
4.922130940371e-03,5.573491701648e+01,3.247413851941e+01,3.664180381080e+05,3.020917806837e+02,1.123960521125e+01,9.961204065066e-04
4.922225215527e-03,5.572445893359e+01,3.247393577917e+01,3.668861714454e+05,3.020915697301e+02,1.123961307503e+01,9.948438777747e-04
4.922319389380e-03,5.571399872237e+01,3.247373088181e+01,3.673550004700e+05,3.020913586500e+02,1.123962094370e+01,9.935686553156e-04
4.922413462115e-03,5.570353637085e+01,3.247352382551e+01,3.678245268319e+05,3.020911474432e+02,1.123962881727e+01,9.922947368639e-04
4.922507433761e-03,5.569307188465e+01,3.247331460881e+01,3.682947513950e+05,3.020909361098e+02,1.123963669575e+01,9.910221222986e-04
4.922601304458e-03,5.568260525697e+01,3.247310322999e+01,3.687656755830e+05,3.020907246495e+02,1.123964457914e+01,9.897508099870e-04
4.922695074345e-03,5.567213648091e+01,3.247288968730e+01,3.692373008273e+05,3.020905130622e+02,1.123965246744e+01,9.884807982885e-04
4.922788743451e-03,5.566166556208e+01,3.247267397927e+01,3.697096279982e+05,3.020903013478e+02,1.123966036066e+01,9.872120870810e-04
4.922882311970e-03,5.565119248764e+01,3.247245610403e+01,3.701826588002e+05,3.020900895062e+02,1.123966825881e+01,9.859446740074e-04
4.922975779925e-03,5.564071726358e+01,3.247223606009e+01,3.706563940910e+05,3.020898775373e+02,1.123967616189e+01,9.846785589922e-04
4.923069147469e-03,5.563023988154e+01,3.247201384567e+01,3.711308353782e+05,3.020896654410e+02,1.123968406990e+01,9.834137402258e-04
4.923162414725e-03,5.561976033654e+01,3.247178945904e+01,3.716059840211e+05,3.020894532170e+02,1.123969198284e+01,9.821502163075e-04
4.923255581763e-03,5.560927862941e+01,3.247156289861e+01,3.720818411162e+05,3.020892408653e+02,1.123969990073e+01,9.808879865438e-04
4.923348648674e-03,5.559879475856e+01,3.247133416269e+01,3.725584078740e+05,3.020890283859e+02,1.123970782357e+01,9.796270499433e-04
4.923441615611e-03,5.558830871556e+01,3.247110324949e+01,3.730356858176e+05,3.020888157786e+02,1.123971575136e+01,9.783674046971e-04
4.923534482677e-03,5.557782049756e+01,3.247087015729e+01,3.735136762189e+05,3.020886030431e+02,1.123972368411e+01,9.771090496720e-04
4.923627249936e-03,5.556733010594e+01,3.247063488448e+01,3.739923801606e+05,3.020883901795e+02,1.123973162181e+01,9.758519842383e-04
4.923719917528e-03,5.555683753374e+01,3.247039742926e+01,3.744717991073e+05,3.020881771876e+02,1.123973956448e+01,9.745962067710e-04
4.923812485519e-03,5.554634278210e+01,3.247015779001e+01,3.749519341566e+05,3.020879640673e+02,1.123974751213e+01,9.733417166151e-04
4.923904954079e-03,5.553584584053e+01,3.246991596482e+01,3.754327869411e+05,3.020877508184e+02,1.123975546475e+01,9.720885117267e-04
4.923997323266e-03,5.552534671112e+01,3.246967195207e+01,3.759143585197e+05,3.020875374409e+02,1.123976342234e+01,9.708365915685e-04
4.924089593186e-03,5.551484539061e+01,3.246942575002e+01,3.763966501996e+05,3.020873239346e+02,1.123977138493e+01,9.695859549622e-04
4.924181763938e-03,5.550434187635e+01,3.246917735694e+01,3.768796632619e+05,3.020871102995e+02,1.123977935250e+01,9.683366008055e-04
4.924273835680e-03,5.549383615900e+01,3.246892677092e+01,3.773633992983e+05,3.020868965352e+02,1.123978732507e+01,9.670885272036e-04
4.924365808450e-03,5.548332824310e+01,3.246867399039e+01,3.778478592654e+05,3.020866826418e+02,1.123979530263e+01,9.658417339101e-04
4.924457682363e-03,5.547281812412e+01,3.246841901355e+01,3.783330445384e+05,3.020864686192e+02,1.123980328520e+01,9.645962196037e-04
4.924549457574e-03,5.546230579311e+01,3.246816183848e+01,3.788189567006e+05,3.020862544672e+02,1.123981127277e+01,9.633519824419e-04
4.924641134150e-03,5.545179125088e+01,3.246790246351e+01,3.793055968871e+05,3.020860401856e+02,1.123981926536e+01,9.621090217401e-04
4.924732712187e-03,5.544127449544e+01,3.246764088688e+01,3.797929663652e+05,3.020858257744e+02,1.123982726297e+01,9.608673364814e-04
4.924824191811e-03,5.543075552076e+01,3.246737710672e+01,3.802810665915e+05,3.020856112334e+02,1.123983526560e+01,9.596269251755e-04
4.924915573094e-03,5.542023432726e+01,3.246711112134e+01,3.807698987261e+05,3.020853965626e+02,1.123984327326e+01,9.583877870940e-04
4.925006856192e-03,5.540971090588e+01,3.246684292879e+01,3.812594643735e+05,3.020851817617e+02,1.123985128595e+01,9.571499203908e-04
4.925098041165e-03,5.539918525819e+01,3.246657252736e+01,3.817497646450e+05,3.020849668307e+02,1.123985930368e+01,9.559133244771e-04
4.925189128113e-03,5.538865738141e+01,3.246629991527e+01,3.822408008577e+05,3.020847517694e+02,1.123986732644e+01,9.546779982503e-04
4.925280117211e-03,5.537812726400e+01,3.246602509047e+01,3.827325747403e+05,3.020845365777e+02,1.123987535426e+01,9.534439395834e-04
4.925371008423e-03,5.536759491883e+01,3.246574805156e+01,3.832250868853e+05,3.020843212556e+02,1.123988338713e+01,9.522111492086e-04
4.925461802017e-03,5.535706032352e+01,3.246546879620e+01,3.837183395336e+05,3.020841058027e+02,1.123989142505e+01,9.509796237372e-04
4.925552497988e-03,5.534652348726e+01,3.246518732288e+01,3.842123334532e+05,3.020838902191e+02,1.123989946804e+01,9.497493634743e-04
4.925643096452e-03,5.533598440525e+01,3.246490362972e+01,3.847070700704e+05,3.020836745046e+02,1.123990751609e+01,9.485203670861e-04
4.925733597546e-03,5.532544307033e+01,3.246461771475e+01,3.852025509241e+05,3.020834586591e+02,1.123991556921e+01,9.472926329704e-04
4.925824001352e-03,5.531489948146e+01,3.246432957618e+01,3.856987772688e+05,3.020832426825e+02,1.123992362740e+01,9.460661602392e-04
4.925914307970e-03,5.530435363585e+01,3.246403921216e+01,3.861957504443e+05,3.020830265746e+02,1.123993169068e+01,9.448409478019e-04
4.926004517497e-03,5.529380553063e+01,3.246374662082e+01,3.866934717977e+05,3.020828103353e+02,1.123993975904e+01,9.436169945561e-04
4.926094630083e-03,5.528325515703e+01,3.246345180014e+01,3.871919429557e+05,3.020825939644e+02,1.123994783250e+01,9.423942987237e-04
4.926184645737e-03,5.527270252267e+01,3.246315474855e+01,3.876911647746e+05,3.020823774620e+02,1.123995591105e+01,9.411728604234e-04
4.926274564688e-03,5.526214760936e+01,3.246285546372e+01,3.881911393351e+05,3.020821608277e+02,1.123996399470e+01,9.399526767850e-04
4.926364386929e-03,5.525159042656e+01,3.246255394413e+01,3.886918674097e+05,3.020819440615e+02,1.123997208345e+01,9.387337481454e-04
4.926454112597e-03,5.524103096674e+01,3.246225018775e+01,3.891933505803e+05,3.020817271633e+02,1.123998017732e+01,9.375160728713e-04
4.926543741821e-03,5.523046922340e+01,3.246194419258e+01,3.896955903827e+05,3.020815101329e+02,1.123998827630e+01,9.362996494551e-04
4.926633274667e-03,5.521990519748e+01,3.246163595684e+01,3.901985880016e+05,3.020812929703e+02,1.123999638040e+01,9.350844772481e-04
4.926722711246e-03,5.520933888449e+01,3.246132547856e+01,3.907023448839e+05,3.020810756752e+02,1.124000448962e+01,9.338705549740e-04
4.926812051682e-03,5.519877027842e+01,3.246101275575e+01,3.912068625503e+05,3.020808582476e+02,1.124001260398e+01,9.326578811892e-04
4.926901296037e-03,5.518819938060e+01,3.246069778659e+01,3.917121421754e+05,3.020806406873e+02,1.124002072347e+01,9.314464552904e-04
4.926990444453e-03,5.517762618281e+01,3.246038056902e+01,3.922181853931e+05,3.020804229942e+02,1.124002884810e+01,9.302362755806e-04
4.927079497038e-03,5.516705068085e+01,3.246006110105e+01,3.927249936477e+05,3.020802051680e+02,1.124003697787e+01,9.290273408281e-04
4.927168453799e-03,5.515647288256e+01,3.245973938107e+01,3.932325678087e+05,3.020799872090e+02,1.124004511279e+01,9.278196511770e-04
4.927257314978e-03,5.514589276780e+01,3.245941540661e+01,3.937409100916e+05,3.020797691166e+02,1.124005325288e+01,9.266132035763e-04
4.927346080536e-03,5.513531034972e+01,3.245908917621e+01,3.942500211157e+05,3.020795508911e+02,1.124006139811e+01,9.254079987764e-04
4.927434750694e-03,5.512472561079e+01,3.245876068747e+01,3.947599029789e+05,3.020793325319e+02,1.124006954852e+01,9.242040340309e-04
4.927523325514e-03,5.511413855218e+01,3.245842993853e+01,3.952705568819e+05,3.020791140392e+02,1.124007770410e+01,9.230013087276e-04
4.927611805030e-03,5.510354917838e+01,3.245809692767e+01,3.957819838672e+05,3.020788954129e+02,1.124008586485e+01,9.217998226299e-04
4.927700189450e-03,5.509295747309e+01,3.245776165248e+01,3.962941859848e+05,3.020786766525e+02,1.124009403078e+01,9.205995731422e-04
4.927788478778e-03,5.508236344453e+01,3.245742411134e+01,3.968071641027e+05,3.020784577583e+02,1.124010220189e+01,9.194005604508e-04
4.927876673202e-03,5.507176707859e+01,3.245708430189e+01,3.973209201719e+05,3.020782387299e+02,1.124011037820e+01,9.182027822163e-04
4.927964772746e-03,5.506116838117e+01,3.245674222243e+01,3.978354551770e+05,3.020780195674e+02,1.124011855970e+01,9.170062383643e-04
4.928052777550e-03,5.505056734404e+01,3.245639787077e+01,3.983507707913e+05,3.020778002704e+02,1.124012674641e+01,9.158109272229e-04
4.928140687726e-03,5.503996396218e+01,3.245605124485e+01,3.988668685355e+05,3.020775808389e+02,1.124013493832e+01,9.146168474861e-04
4.928228503312e-03,5.502935823962e+01,3.245570234288e+01,3.993837494918e+05,3.020773612728e+02,1.124014313544e+01,9.134239988697e-04
4.928316224501e-03,5.501875016178e+01,3.245535116244e+01,3.999014156532e+05,3.020771415718e+02,1.124015133777e+01,9.122323789952e-04
4.928403851335e-03,5.500813973195e+01,3.245499770172e+01,4.004198681446e+05,3.020769217360e+02,1.124015954533e+01,9.110419874958e-04
4.928491383900e-03,5.499752694850e+01,3.245464195872e+01,4.009391083328e+05,3.020767017651e+02,1.124016775811e+01,9.098528234527e-04
4.928578822347e-03,5.498691180165e+01,3.245428393118e+01,4.014591379873e+05,3.020764816590e+02,1.124017597613e+01,9.086648850342e-04
4.928666166711e-03,5.497629429577e+01,3.245392361730e+01,4.019799581863e+05,3.020762614177e+02,1.124018419938e+01,9.074781719979e-04
4.928753417154e-03,5.496567441963e+01,3.245356101473e+01,4.025015707784e+05,3.020760410409e+02,1.124019242788e+01,9.062926823520e-04
4.928840573718e-03,5.495505217677e+01,3.245319612165e+01,4.030239768875e+05,3.020758205286e+02,1.124020066162e+01,9.051084157630e-04
4.928927636578e-03,5.494442755459e+01,3.245282893564e+01,4.035471784366e+05,3.020755998804e+02,1.124020890061e+01,9.039253700933e-04
4.929014605747e-03,5.493380055982e+01,3.245245945498e+01,4.040711763976e+05,3.020753790965e+02,1.124021714486e+01,9.027435453660e-04
4.929101481405e-03,5.492317117909e+01,3.245208767722e+01,4.045959727389e+05,3.020751581765e+02,1.124022539438e+01,9.015629393633e-04
4.929188263577e-03,5.491253941802e+01,3.245171360057e+01,4.051215684936e+05,3.020749371205e+02,1.124023364916e+01,9.003835519819e-04
4.929274952394e-03,5.490190526902e+01,3.245133722277e+01,4.056479653495e+05,3.020747159282e+02,1.124024190921e+01,8.992053816542e-04
4.929361547988e-03,5.489126872462e+01,3.245095854158e+01,4.061751649935e+05,3.020744945995e+02,1.124025017455e+01,8.980284268270e-04
4.929448050407e-03,5.488062978721e+01,3.245057755506e+01,4.067031686265e+05,3.020742731343e+02,1.124025844517e+01,8.968526870416e-04
4.929534459785e-03,5.486998844921e+01,3.245019426095e+01,4.072319779475e+05,3.020740515324e+02,1.124026672107e+01,8.956781607356e-04
4.929620776174e-03,5.485934471243e+01,3.244980865729e+01,4.077615941908e+05,3.020738297937e+02,1.124027500227e+01,8.945048473884e-04
4.929706999735e-03,5.484869856575e+01,3.244942074166e+01,4.082920192388e+05,3.020736079180e+02,1.124028328878e+01,8.933327450512e-04
4.929793130515e-03,5.483805001187e+01,3.244903051214e+01,4.088232542882e+05,3.020733859053e+02,1.124029158058e+01,8.921618533015e-04
4.929879168614e-03,5.482739904709e+01,3.244863796657e+01,4.093553008571e+05,3.020731637555e+02,1.124029987770e+01,8.909921710136e-04
4.929965114185e-03,5.481674566075e+01,3.244824310250e+01,4.098881608153e+05,3.020729414681e+02,1.124030818013e+01,8.898236962990e-04
4.930050967276e-03,5.480608985568e+01,3.244784591801e+01,4.104218353621e+05,3.020727190434e+02,1.124031648788e+01,8.886564287511e-04
4.930136727995e-03,5.479543162694e+01,3.244744641085e+01,4.109563260867e+05,3.020724964810e+02,1.124032480096e+01,8.874903671149e-04
4.930222396429e-03,5.478477097213e+01,3.244704457890e+01,4.114916344564e+05,3.020722737809e+02,1.124033311937e+01,8.863255104105e-04
4.930307972702e-03,5.477410788455e+01,3.244664041982e+01,4.120277621567e+05,3.020720509428e+02,1.124034144312e+01,8.851618571922e-04
4.930393456901e-03,5.476344236167e+01,3.244623393147e+01,4.125647106666e+05,3.020718279667e+02,1.124034977221e+01,8.839994064725e-04
4.930478849132e-03,5.475277439901e+01,3.244582511159e+01,4.131024815675e+05,3.020716048524e+02,1.124035810665e+01,8.828381570512e-04
4.930564149434e-03,5.474210400004e+01,3.244541395824e+01,4.136410760417e+05,3.020713815998e+02,1.124036644644e+01,8.816781085951e-04
4.930649357983e-03,5.473143115133e+01,3.244500046883e+01,4.141804961281e+05,3.020711582088e+02,1.124037479159e+01,8.805192589341e-04
4.930734474879e-03,5.472075584888e+01,3.244458464109e+01,4.147207433937e+05,3.020709346790e+02,1.124038314211e+01,8.793616069281e-04
4.930819500119e-03,5.471007810164e+01,3.244416647329e+01,4.152618187533e+05,3.020707110107e+02,1.124039149799e+01,8.782051528375e-04
4.930904433921e-03,5.469939789051e+01,3.244374596257e+01,4.158037245439e+05,3.020704872033e+02,1.124039985925e+01,8.770498938895e-04
4.930989276305e-03,5.468871522170e+01,3.244332310707e+01,4.163464618253e+05,3.020702632570e+02,1.124040822589e+01,8.758958300489e-04
4.931074027364e-03,5.467803009203e+01,3.244289790454e+01,4.168900321339e+05,3.020700391716e+02,1.124041659791e+01,8.747429602691e-04
4.931158687241e-03,5.466734249170e+01,3.244247035249e+01,4.174344373489e+05,3.020698149468e+02,1.124042497532e+01,8.735912827874e-04
4.931243256028e-03,5.465665241784e+01,3.244204044865e+01,4.179796789988e+05,3.020695905825e+02,1.124043335814e+01,8.724407965948e-04
4.931327733794e-03,5.464595987021e+01,3.244160819089e+01,4.185257584821e+05,3.020693660787e+02,1.124044174635e+01,8.712915009640e-04
4.931412120637e-03,5.463526484474e+01,3.244117357691e+01,4.190726773953e+05,3.020691414351e+02,1.124045013998e+01,8.701433947570e-04
4.931496416680e-03,5.462456733447e+01,3.244073660427e+01,4.196204374862e+05,3.020689166516e+02,1.124045853901e+01,8.689964765284e-04
4.931580621976e-03,5.461386734101e+01,3.244029727088e+01,4.201690400669e+05,3.020686917282e+02,1.124046694347e+01,8.678507457536e-04
4.931664736665e-03,5.460316485520e+01,3.243985557422e+01,4.207184870067e+05,3.020684666646e+02,1.124047535335e+01,8.667062007521e-04
4.931748760817e-03,5.459245987657e+01,3.243941151210e+01,4.212687797298e+05,3.020682414607e+02,1.124048376866e+01,8.655628407809e-04
4.931832694544e-03,5.458175239923e+01,3.243896508210e+01,4.218199199441e+05,3.020680161163e+02,1.124049218940e+01,8.644206645152e-04
4.931916537939e-03,5.457104241995e+01,3.243851628191e+01,4.223719092245e+05,3.020677906313e+02,1.124050061559e+01,8.632796709160e-04
4.932000291091e-03,5.456032993572e+01,3.243806510922e+01,4.229247491359e+05,3.020675650056e+02,1.124050904722e+01,8.621398589724e-04
4.932083954076e-03,5.454961494524e+01,3.243761156179e+01,4.234784411597e+05,3.020673392391e+02,1.124051748431e+01,8.610012278529e-04
4.932167527032e-03,5.453889743938e+01,3.243715563702e+01,4.240329871853e+05,3.020671133315e+02,1.124052592685e+01,8.598637758964e-04
4.932251010012e-03,5.452817741978e+01,3.243669733280e+01,4.245883885484e+05,3.020668872828e+02,1.124053437486e+01,8.587275025875e-04
4.932334403158e-03,5.451745487659e+01,3.243623664648e+01,4.251446471825e+05,3.020666610926e+02,1.124054282833e+01,8.575924061952e-04
4.932417706512e-03,5.450672981298e+01,3.243577357599e+01,4.257017643502e+05,3.020664347611e+02,1.124055128728e+01,8.564584863674e-04
4.932500920231e-03,5.449600221712e+01,3.243530811859e+01,4.262597420970e+05,3.020662082879e+02,1.124055975171e+01,8.553257411659e-04
4.932584044344e-03,5.448527209370e+01,3.243484027226e+01,4.268185816117e+05,3.020659816731e+02,1.124056822163e+01,8.541941704024e-04
4.932667078990e-03,5.447453943324e+01,3.243437003436e+01,4.273782848241e+05,3.020657549163e+02,1.124057669704e+01,8.530637723928e-04
4.932750024259e-03,5.446380423249e+01,3.243389740249e+01,4.279388533445e+05,3.020655280174e+02,1.124058517794e+01,8.519345461113e-04
4.932832880234e-03,5.445306648934e+01,3.243342237432e+01,4.285002887266e+05,3.020653009764e+02,1.124059366435e+01,8.508064906534e-04
4.932915646986e-03,5.444232620280e+01,3.243294494755e+01,4.290625924671e+05,3.020650737931e+02,1.124060215627e+01,8.496796052354e-04
4.932998324671e-03,5.443158336110e+01,3.243246511939e+01,4.296257666334e+05,3.020648464672e+02,1.124061065370e+01,8.485538879399e-04
4.933080913353e-03,5.442083796433e+01,3.243198288759e+01,4.301898126727e+05,3.020646189987e+02,1.124061915665e+01,8.474293381017e-04
4.933163413110e-03,5.441009001082e+01,3.243149824979e+01,4.307547321297e+05,3.020643913874e+02,1.124062766513e+01,8.463059548664e-04
4.933245824032e-03,5.439933949723e+01,3.243101120355e+01,4.313205266394e+05,3.020641636333e+02,1.124063617914e+01,8.451837372068e-04
4.933328146261e-03,5.438858641359e+01,3.243052174616e+01,4.318871981891e+05,3.020639357360e+02,1.124064469869e+01,8.440626834078e-04
4.933410379829e-03,5.437783076393e+01,3.243002987548e+01,4.324547480331e+05,3.020637076955e+02,1.124065322378e+01,8.429427932145e-04
4.933492524900e-03,5.436707253518e+01,3.242953558863e+01,4.330231783305e+05,3.020634795116e+02,1.124066175442e+01,8.418240645929e-04
4.933574581504e-03,5.435631173206e+01,3.242903888352e+01,4.335924903049e+05,3.020632511842e+02,1.124067029061e+01,8.407064973622e-04
4.933656549739e-03,5.434554834982e+01,3.242853975760e+01,4.341626856835e+05,3.020630227132e+02,1.124067883236e+01,8.395900903557e-04
4.933738429753e-03,5.433478237762e+01,3.242803820807e+01,4.347337665209e+05,3.020627940983e+02,1.124068737969e+01,8.384748417786e-04
4.933820221622e-03,5.432401381389e+01,3.242753423252e+01,4.353057343830e+05,3.020625653394e+02,1.124069593258e+01,8.373607508020e-04
4.933901925381e-03,5.431324266224e+01,3.242702782879e+01,4.358785905650e+05,3.020623364364e+02,1.124070449105e+01,8.362478171286e-04
4.933983541165e-03,5.430246891348e+01,3.242651899410e+01,4.364523370444e+05,3.020621073892e+02,1.124071305510e+01,8.351360391417e-04
4.934065069124e-03,5.429169255591e+01,3.242600772555e+01,4.370269759387e+05,3.020618781974e+02,1.124072162475e+01,8.340254149686e-04
4.934146509216e-03,5.428091360373e+01,3.242549402148e+01,4.376025079865e+05,3.020616488612e+02,1.124073019999e+01,8.329159454075e-04
4.934227861672e-03,5.427013203460e+01,3.242497787844e+01,4.381789358809e+05,3.020614193802e+02,1.124073878083e+01,8.318076274935e-04
4.934309126524e-03,5.425934785257e+01,3.242445929427e+01,4.387562609092e+05,3.020611897543e+02,1.124074736728e+01,8.307004609828e-04
4.934390303867e-03,5.424856105356e+01,3.242393826640e+01,4.393344847967e+05,3.020609599833e+02,1.124075595934e+01,8.295944447944e-04
4.934471393729e-03,5.423777164211e+01,3.242341479267e+01,4.399136088099e+05,3.020607300674e+02,1.124076455702e+01,8.284895787302e-04
4.934552396361e-03,5.422697959336e+01,3.242288886949e+01,4.404936357977e+05,3.020605000058e+02,1.124077316033e+01,8.273858595850e-04
4.934633311715e-03,5.421618492180e+01,3.242236049516e+01,4.410745664982e+05,3.020602697989e+02,1.124078176927e+01,8.262832881855e-04
4.934714139922e-03,5.420538761857e+01,3.242182966686e+01,4.416564029087e+05,3.020600394463e+02,1.124079038384e+01,8.251818629663e-04
4.934794881099e-03,5.419458767613e+01,3.242129638180e+01,4.422391469603e+05,3.020598089480e+02,1.124079900406e+01,8.240815825010e-04
4.934875535330e-03,5.418378509171e+01,3.242076063744e+01,4.428228003305e+05,3.020595783036e+02,1.124080762992e+01,8.229824458530e-04
4.934956102685e-03,5.417297986439e+01,3.242022243131e+01,4.434073645996e+05,3.020593475132e+02,1.124081626144e+01,8.218844522749e-04
4.935036583282e-03,5.416217198650e+01,3.241968176059e+01,4.439928417181e+05,3.020591165765e+02,1.124082489863e+01,8.207876003322e-04
4.935116977180e-03,5.415136145863e+01,3.241913862289e+01,4.445792331919e+05,3.020588854934e+02,1.124083354147e+01,8.196918894328e-04
4.935197284550e-03,5.414054826591e+01,3.241859301501e+01,4.451665413696e+05,3.020586542636e+02,1.124084219000e+01,8.185973174200e-04
4.935277505353e-03,5.412973242214e+01,3.241804493520e+01,4.457547670471e+05,3.020584228873e+02,1.124085084420e+01,8.175038850393e-04
4.935357639803e-03,5.411891390651e+01,3.241749437996e+01,4.463439129051e+05,3.020581913639e+02,1.124085950408e+01,8.164115895365e-04
4.935437687923e-03,5.410809272457e+01,3.241694134710e+01,4.469339801941e+05,3.020579596936e+02,1.124086816966e+01,8.153204308249e-04
4.935517649841e-03,5.409726886709e+01,3.241638583367e+01,4.475249709736e+05,3.020577278761e+02,1.124087684094e+01,8.142304073268e-04
4.935597525620e-03,5.408644233388e+01,3.241582783720e+01,4.481168868135e+05,3.020574959112e+02,1.124088551791e+01,8.131415183773e-04
4.935677315350e-03,5.407561312106e+01,3.241526735501e+01,4.487097294891e+05,3.020572637988e+02,1.124089420060e+01,8.120537629401e-04
4.935757019179e-03,5.406478121702e+01,3.241470438399e+01,4.493035012038e+05,3.020570315387e+02,1.124090288900e+01,8.109671392053e-04
4.935836637109e-03,5.405394662966e+01,3.241413892207e+01,4.498982030946e+05,3.020567991308e+02,1.124091158312e+01,8.098816473232e-04
4.935916169292e-03,5.404310934648e+01,3.241357096608e+01,4.504938374211e+05,3.020565665750e+02,1.124092028297e+01,8.087972853992e-04
4.935995615808e-03,5.403226936506e+01,3.241300051339e+01,4.510904058948e+05,3.020563338710e+02,1.124092898856e+01,8.077140525505e-04
4.936074976756e-03,5.402142668005e+01,3.241242756119e+01,4.516879103923e+05,3.020561010186e+02,1.124093769988e+01,8.066319476022e-04
4.936154252205e-03,5.401058129043e+01,3.241185210691e+01,4.522863525545e+05,3.020558680179e+02,1.124094641695e+01,8.055509698148e-04
4.936233442230e-03,5.399973319403e+01,3.241127414791e+01,4.528857340894e+05,3.020556348686e+02,1.124095513978e+01,8.044711183336e-04
4.936312546996e-03,5.398888237676e+01,3.241069368088e+01,4.534860573682e+05,3.020554015703e+02,1.124096386836e+01,8.033923911207e-04
4.936391566517e-03,5.397802884487e+01,3.241011070361e+01,4.540873236422e+05,3.020551681233e+02,1.124097260270e+01,8.023147881613e-04
4.936470500897e-03,5.396717259235e+01,3.240952521324e+01,4.546895348437e+05,3.020549345271e+02,1.124098134282e+01,8.012383082230e-04
4.936549350287e-03,5.395631360658e+01,3.240893720651e+01,4.552926932763e+05,3.020547007816e+02,1.124099008872e+01,8.001629494230e-04
4.936628114678e-03,5.394545189724e+01,3.240834668138e+01,4.558968000100e+05,3.020544668868e+02,1.124099884039e+01,7.990887120867e-04
4.936706794238e-03,5.393458744932e+01,3.240775363446e+01,4.565018574900e+05,3.020542328424e+02,1.124100759786e+01,7.980155940983e-04
4.936785389054e-03,5.392372025912e+01,3.240715806296e+01,4.571078675387e+05,3.020539986481e+02,1.124101636112e+01,7.969435944619e-04
4.936863899163e-03,5.391285032970e+01,3.240655996447e+01,4.577148316026e+05,3.020537643041e+02,1.124102513019e+01,7.958727128524e-04
4.936942324660e-03,5.390197765620e+01,3.240595933611e+01,4.583227515761e+05,3.020535298100e+02,1.124103390506e+01,7.948029481589e-04
4.937020665757e-03,5.389110221751e+01,3.240535617411e+01,4.589316302659e+05,3.020532951655e+02,1.124104268575e+01,7.937342976804e-04
4.937098922330e-03,5.388022403900e+01,3.240475047728e+01,4.595414678807e+05,3.020530603709e+02,1.124105147225e+01,7.926667632845e-04
4.937177094665e-03,5.386934308932e+01,3.240414224124e+01,4.601522678129e+05,3.020528254255e+02,1.124106026459e+01,7.916003412656e-04
4.937255182767e-03,5.385845937576e+01,3.240353146377e+01,4.607640312900e+05,3.020525903295e+02,1.124106906277e+01,7.905350317196e-04
4.937333186680e-03,5.384757290053e+01,3.240291814237e+01,4.613767598294e+05,3.020523550827e+02,1.124107786677e+01,7.894708342369e-04
4.937411106583e-03,5.383668364695e+01,3.240230227344e+01,4.619904560156e+05,3.020521196848e+02,1.124108667663e+01,7.884077465637e-04
4.937488942527e-03,5.382579161592e+01,3.240168385441e+01,4.626051214463e+05,3.020518841356e+02,1.124109549234e+01,7.873457681702e-04
4.937566694596e-03,5.381489680402e+01,3.240106288240e+01,4.632207579677e+05,3.020516484351e+02,1.124110431391e+01,7.862848981028e-04
4.937644362879e-03,5.380399920705e+01,3.240043935452e+01,4.638373674737e+05,3.020514125831e+02,1.124111314134e+01,7.852251353340e-04
4.937721947481e-03,5.379309881832e+01,3.239981326772e+01,4.644549520046e+05,3.020511765793e+02,1.124112197465e+01,7.841664785938e-04
4.937799448464e-03,5.378219563749e+01,3.239918461929e+01,4.650735132426e+05,3.020509404238e+02,1.124113081383e+01,7.831089272358e-04
4.937876865930e-03,5.377128965833e+01,3.239855340620e+01,4.656930532111e+05,3.020507041162e+02,1.124113965890e+01,7.820524800364e-04
4.937954200007e-03,5.376038087103e+01,3.239791962517e+01,4.663135741386e+05,3.020504676563e+02,1.124114850986e+01,7.809971354349e-04
4.938031450685e-03,5.374946928507e+01,3.239728327406e+01,4.669350771629e+05,3.020502310442e+02,1.124115736671e+01,7.799428937327e-04
4.938108618176e-03,5.373855487875e+01,3.239664434889e+01,4.675575651994e+05,3.020499942794e+02,1.124116622948e+01,7.788897522224e-04
4.938185702482e-03,5.372763766013e+01,3.239600284742e+01,4.681810394743e+05,3.020497573620e+02,1.124117509815e+01,7.778377110697e-04
4.938262703691e-03,5.371671762471e+01,3.239535876666e+01,4.688055019314e+05,3.020495202918e+02,1.124118397274e+01,7.767867692304e-04
4.938339621938e-03,5.370579476166e+01,3.239471210323e+01,4.694309548819e+05,3.020492830685e+02,1.124119285325e+01,7.757369250533e-04
4.938416457309e-03,5.369486906690e+01,3.239406285417e+01,4.700574002557e+05,3.020490456919e+02,1.124120173970e+01,7.746881775403e-04
4.938493209868e-03,5.368394053933e+01,3.239341101664e+01,4.706848398177e+05,3.020488081620e+02,1.124121063208e+01,7.736405259769e-04
4.938569879669e-03,5.367300917970e+01,3.239275658795e+01,4.713132752267e+05,3.020485704787e+02,1.124121953040e+01,7.725939698305e-04
4.938646466843e-03,5.366207497727e+01,3.239209956469e+01,4.719427088090e+05,3.020483326417e+02,1.124122843468e+01,7.715485074647e-04
4.938722971530e-03,5.365113792033e+01,3.239143994339e+01,4.725731429516e+05,3.020480946506e+02,1.124123734491e+01,7.705041371586e-04
4.938799393688e-03,5.364019802294e+01,3.239077772210e+01,4.732045785592e+05,3.020478565056e+02,1.124124626110e+01,7.694608596526e-04
4.938875733515e-03,5.362925526494e+01,3.239011289684e+01,4.738370185160e+05,3.020476182064e+02,1.124125518326e+01,7.684186724204e-04
4.938951991071e-03,5.361830964594e+01,3.238944546478e+01,4.744704645687e+05,3.020473797527e+02,1.124126411141e+01,7.673775748267e-04
4.939028166420e-03,5.360736116471e+01,3.238877542304e+01,4.751049185174e+05,3.020471411446e+02,1.124127304553e+01,7.663375661542e-04
4.939104259662e-03,5.359640981524e+01,3.238810276845e+01,4.757403824429e+05,3.020469023817e+02,1.124128198564e+01,7.652986452325e-04
4.939180270869e-03,5.358545559502e+01,3.238742749804e+01,4.763768582260e+05,3.020466634639e+02,1.124129093175e+01,7.642608112275e-04
4.939256200183e-03,5.357449849191e+01,3.238674960823e+01,4.770143483144e+05,3.020464243910e+02,1.124129988386e+01,7.632240623912e-04
4.939332047584e-03,5.356353851679e+01,3.238606909686e+01,4.776528538194e+05,3.020461851630e+02,1.124130884198e+01,7.621883991572e-04
4.939407813310e-03,5.355257564362e+01,3.238538595948e+01,4.782923780065e+05,3.020459457794e+02,1.124131780612e+01,7.611538184717e-04
4.939483497303e-03,5.354160988852e+01,3.238470019424e+01,4.789329216886e+05,3.020457062403e+02,1.124132677628e+01,7.601203212641e-04
4.939559099754e-03,5.353064123218e+01,3.238401179708e+01,4.795744877516e+05,3.020454665454e+02,1.124133575247e+01,7.590879051199e-04
4.939634620677e-03,5.351966968066e+01,3.238332076552e+01,4.802170776016e+05,3.020452266946e+02,1.124134473470e+01,7.580565700205e-04
4.939710060205e-03,5.350869522271e+01,3.238262709597e+01,4.808606936638e+05,3.020449866877e+02,1.124135372297e+01,7.570263143164e-04
4.939785418411e-03,5.349771785566e+01,3.238193078538e+01,4.815053378638e+05,3.020447465245e+02,1.124136271729e+01,7.559971371701e-04
4.939860695336e-03,5.348673758165e+01,3.238123183101e+01,4.821510118504e+05,3.020445062050e+02,1.124137171766e+01,7.549690381916e-04
4.939935891182e-03,5.347575437960e+01,3.238053022861e+01,4.827977186412e+05,3.020442657286e+02,1.124138072411e+01,7.539420148222e-04
4.940011005883e-03,5.346476826681e+01,3.237982597639e+01,4.834454589997e+05,3.020440250957e+02,1.124138973661e+01,7.529160680936e-04
4.940086039685e-03,5.345377921570e+01,3.237911906966e+01,4.840942363399e+05,3.020437843055e+02,1.124139875521e+01,7.518911948441e-04
4.940160992527e-03,5.344278724299e+01,3.237840950658e+01,4.847440514643e+05,3.020435433584e+02,1.124140777987e+01,7.508673960517e-04
4.940235864596e-03,5.343179232954e+01,3.237769728299e+01,4.853949073002e+05,3.020433022538e+02,1.124141681064e+01,7.498446693487e-04
4.940310655936e-03,5.342079447680e+01,3.237698239604e+01,4.860468055617e+05,3.020430609918e+02,1.124142584750e+01,7.488230142892e-04
4.940385366632e-03,5.340979368044e+01,3.237626484251e+01,4.866997483085e+05,3.020428195721e+02,1.124143489047e+01,7.478024298905e-04
4.940459996805e-03,5.339878993069e+01,3.237554461880e+01,4.873537379287e+05,3.020425779944e+02,1.124144393955e+01,7.467829146679e-04
4.940534546479e-03,5.338778323189e+01,3.237482172224e+01,4.880087759773e+05,3.020423362589e+02,1.124145299474e+01,7.457644684436e-04
4.940609015791e-03,5.337677357196e+01,3.237409614907e+01,4.886648649895e+05,3.020420943650e+02,1.124146205606e+01,7.447470895224e-04
4.940683404814e-03,5.336576094821e+01,3.237336789614e+01,4.893220069469e+05,3.020418523128e+02,1.124147112352e+01,7.437307770802e-04
4.940757713609e-03,5.335474535952e+01,3.237263696037e+01,4.899802037416e+05,3.020416101020e+02,1.124148019711e+01,7.427155304377e-04
4.940831942313e-03,5.334372679359e+01,3.237190333797e+01,4.906394579388e+05,3.020413677324e+02,1.124148927685e+01,7.417013478875e-04
4.940906090947e-03,5.333270525550e+01,3.237116702626e+01,4.912997710688e+05,3.020411252039e+02,1.124149836274e+01,7.406882293236e-04
4.940980159682e-03,5.332168072762e+01,3.237042802107e+01,4.919611460257e+05,3.020408825162e+02,1.124150745480e+01,7.396761725557e-04
4.941054148474e-03,5.331065322473e+01,3.236968632035e+01,4.926235837669e+05,3.020406396694e+02,1.124151655301e+01,7.386651783669e-04
4.941128057526e-03,5.329962272436e+01,3.236894191958e+01,4.932870874892e+05,3.020403966630e+02,1.124152565741e+01,7.376552441259e-04
4.941201886878e-03,5.328858922879e+01,3.236819481586e+01,4.939516589066e+05,3.020401534970e+02,1.124153476798e+01,7.366463694759e-04
4.941275636604e-03,5.327755273471e+01,3.236744500594e+01,4.946173000754e+05,3.020399101711e+02,1.124154388475e+01,7.356385535447e-04
4.941349306841e-03,5.326651322967e+01,3.236669248591e+01,4.952840136083e+05,3.020396666851e+02,1.124155300771e+01,7.346317946285e-04
4.941422897589e-03,5.325547072184e+01,3.236593725328e+01,4.959518008755e+05,3.020394230391e+02,1.124156213687e+01,7.336260929088e-04
4.941496409022e-03,5.324442519285e+01,3.236517930370e+01,4.966206648593e+05,3.020391792326e+02,1.124157127225e+01,7.326214461454e-04
4.941569841114e-03,5.323337665467e+01,3.236441863494e+01,4.972906067082e+05,3.020389352657e+02,1.124158041383e+01,7.316178548635e-04
4.941643194054e-03,5.322232508675e+01,3.236365524248e+01,4.979616295463e+05,3.020386911379e+02,1.124158956164e+01,7.306153166336e-04
4.941716467897e-03,5.321127048896e+01,3.236288912322e+01,4.986337352657e+05,3.020384468492e+02,1.124159871569e+01,7.296138308836e-04
4.941789662719e-03,5.320021285770e+01,3.236212027381e+01,4.993069259735e+05,3.020382023993e+02,1.124160787597e+01,7.286133967269e-04
4.941862778584e-03,5.318915219125e+01,3.236134869102e+01,4.999812036663e+05,3.020379577882e+02,1.124161704250e+01,7.276140134482e-04
4.941935815605e-03,5.317808848041e+01,3.236057437108e+01,5.006565708019e+05,3.020377130156e+02,1.124162621528e+01,7.266156796577e-04
4.942008773878e-03,5.316702171878e+01,3.235979731042e+01,5.013330296732e+05,3.020374680813e+02,1.124163539432e+01,7.256183942213e-04
4.942081653409e-03,5.315595191311e+01,3.235901750638e+01,5.020105817732e+05,3.020372229853e+02,1.124164457962e+01,7.246221571899e-04
4.942154454383e-03,5.314487904335e+01,3.235823495439e+01,5.026892302398e+05,3.020369777271e+02,1.124165377120e+01,7.236269662035e-04
4.942227176799e-03,5.313380311779e+01,3.235744965188e+01,5.033689764807e+05,3.020367323068e+02,1.124166296906e+01,7.226328214531e-04
4.942299820852e-03,5.312272411433e+01,3.235666159413e+01,5.040498237717e+05,3.020364867238e+02,1.124167217322e+01,7.216397204045e-04
4.942372386467e-03,5.311164205237e+01,3.235587077934e+01,5.047317728457e+05,3.020362409786e+02,1.124168138366e+01,7.206476642433e-04
4.942444873861e-03,5.310055690697e+01,3.235507720256e+01,5.054148271669e+05,3.020359950704e+02,1.124169060041e+01,7.196566501837e-04
4.942517283074e-03,5.308946867961e+01,3.235428086068e+01,5.060989885776e+05,3.020357489992e+02,1.124169982347e+01,7.186666778117e-04
4.942589614166e-03,5.307837736923e+01,3.235348175045e+01,5.067842590831e+05,3.020355027649e+02,1.124170905285e+01,7.176777464817e-04
4.942661867235e-03,5.306728296864e+01,3.235267986814e+01,5.074706410699e+05,3.020352563673e+02,1.124171828855e+01,7.166898550048e-04
4.942734042408e-03,5.305618546612e+01,3.235187520967e+01,5.081581372117e+05,3.020350098060e+02,1.124172753059e+01,7.157030017923e-04
4.942806139651e-03,5.304508487477e+01,3.235106777278e+01,5.088467486496e+05,3.020347630813e+02,1.124173677896e+01,7.147171874616e-04
4.942878159209e-03,5.303398116494e+01,3.235025755208e+01,5.095364791809e+05,3.020345161923e+02,1.124174603369e+01,7.137324088352e-04
4.942950101011e-03,5.302287435546e+01,3.234944454569e+01,5.102273295985e+05,3.020342691395e+02,1.124175529476e+01,7.127486670403e-04
4.943021965252e-03,5.301176442382e+01,3.234862874872e+01,5.109193032688e+05,3.020340219223e+02,1.124176456220e+01,7.117659595404e-04
4.943093751942e-03,5.300065137674e+01,3.234781015839e+01,5.116124017466e+05,3.020337745406e+02,1.124177383601e+01,7.107842863873e-04
4.943165461234e-03,5.298953519802e+01,3.234698877025e+01,5.123066280179e+05,3.020335269941e+02,1.124178311620e+01,7.098036456123e-04
4.943237093102e-03,5.297841589968e+01,3.234616458190e+01,5.130019833146e+05,3.020332792830e+02,1.124179240276e+01,7.088240377335e-04
4.943308647777e-03,5.296729345385e+01,3.234533758799e+01,5.136984713652e+05,3.020330314066e+02,1.124180169573e+01,7.078454597594e-04
4.943380125162e-03,5.295616788325e+01,3.234450778691e+01,5.143960927388e+05,3.020327833652e+02,1.124181099509e+01,7.068679131501e-04
4.943451525543e-03,5.294503915133e+01,3.234367517263e+01,5.150948517231e+05,3.020325351580e+02,1.124182030086e+01,7.058913941591e-04
4.943522848821e-03,5.293390728129e+01,3.234283974357e+01,5.157947488630e+05,3.020322867855e+02,1.124182961304e+01,7.049159042880e-04
4.943594095165e-03,5.292277225461e+01,3.234200149501e+01,5.164957873285e+05,3.020320382471e+02,1.124183893164e+01,7.039414413770e-04
4.943665264658e-03,5.291163406620e+01,3.234116042324e+01,5.171979694505e+05,3.020317895426e+02,1.124184825668e+01,7.029680044497e-04
4.943736357372e-03,5.290049271258e+01,3.234031652464e+01,5.179012974646e+05,3.020315406718e+02,1.124185758815e+01,7.019955926702e-04
4.943807373374e-03,5.288934819096e+01,3.233946979567e+01,5.186057735682e+05,3.020312916347e+02,1.124186692606e+01,7.010242052632e-04
4.943878312757e-03,5.287820049472e+01,3.233862023245e+01,5.193114002049e+05,3.020310424310e+02,1.124187627043e+01,7.000538411219e-04
4.943949175593e-03,5.286704962012e+01,3.233776783133e+01,5.200181796419e+05,3.020307930606e+02,1.124188562126e+01,6.990844993919e-04
4.944019961980e-03,5.285589555986e+01,3.233691258837e+01,5.207261143777e+05,3.020305435231e+02,1.124189497855e+01,6.981161789107e-04
4.944090672010e-03,5.284473830701e+01,3.233605449964e+01,5.214352068926e+05,3.020302938183e+02,1.124190434232e+01,6.971488785515e-04
4.944161305725e-03,5.283357786263e+01,3.233519356184e+01,5.221454591656e+05,3.020300439462e+02,1.124191371257e+01,6.961825978794e-04
4.944231863219e-03,5.282241422001e+01,3.233432977104e+01,5.228568736739e+05,3.020297939066e+02,1.124192308931e+01,6.952173357881e-04
4.944302344629e-03,5.281124736494e+01,3.233346312271e+01,5.235694533789e+05,3.020295436990e+02,1.124193247256e+01,6.942530905274e-04
4.944372749919e-03,5.280007731096e+01,3.233259361449e+01,5.242831994774e+05,3.020292933237e+02,1.124194186230e+01,6.932898627429e-04
4.944443079314e-03,5.278890403019e+01,3.233172124077e+01,5.249981158163e+05,3.020290427800e+02,1.124195125857e+01,6.923276495098e-04
4.944513332751e-03,5.277772754022e+01,3.233084599947e+01,5.257142033415e+05,3.020287920681e+02,1.124196066134e+01,6.913664518221e-04
4.944583510422e-03,5.276654781856e+01,3.232996788539e+01,5.264314655702e+05,3.020285411875e+02,1.124197007065e+01,6.904062672250e-04
4.944653612368e-03,5.275536486625e+01,3.232908689513e+01,5.271499045163e+05,3.020282901381e+02,1.124197948650e+01,6.894470952925e-04
4.944723638661e-03,5.274417867957e+01,3.232820302492e+01,5.278695225060e+05,3.020280389197e+02,1.124198890889e+01,6.884889351872e-04
4.944793589346e-03,5.273298925904e+01,3.232731627134e+01,5.285903215964e+05,3.020277875324e+02,1.124199833783e+01,6.875317864358e-04
4.944863464620e-03,5.272179658091e+01,3.232642662900e+01,5.293123054140e+05,3.020275359753e+02,1.124200777334e+01,6.865756464937e-04
4.944933264423e-03,5.271060066249e+01,3.232553409577e+01,5.300354749452e+05,3.020272842490e+02,1.124201721541e+01,6.856205163245e-04
4.945002988973e-03,5.269940147663e+01,3.232463866598e+01,5.307598340498e+05,3.020270323526e+02,1.124202666406e+01,6.846663931006e-04
4.945072638195e-03,5.268819904283e+01,3.232374033767e+01,5.314853835792e+05,3.020267802865e+02,1.124203611929e+01,6.837132779706e-04
4.945142212298e-03,5.267699333550e+01,3.232283910524e+01,5.322121273076e+05,3.020265280501e+02,1.124204558111e+01,6.827611682448e-04
4.945211711326e-03,5.266578435503e+01,3.232193496520e+01,5.329400673337e+05,3.020262756433e+02,1.124205504954e+01,6.818100634482e-04
4.945281135340e-03,5.265457209928e+01,3.232102791382e+01,5.336692059233e+05,3.020260230659e+02,1.124206452457e+01,6.808599628921e-04
4.945350484422e-03,5.264335656289e+01,3.232011794710e+01,5.343995455587e+05,3.020257703178e+02,1.124207400621e+01,6.799108656131e-04
4.945419758667e-03,5.263213773797e+01,3.231920506083e+01,5.351310888929e+05,3.020255173986e+02,1.124208349448e+01,6.789627704360e-04
4.945488958136e-03,5.262091562241e+01,3.231828925126e+01,5.358638382059e+05,3.020252643083e+02,1.124209298938e+01,6.780156766787e-04
4.945558082960e-03,5.260969020268e+01,3.231737051369e+01,5.365977965316e+05,3.020250110464e+02,1.124210249092e+01,6.770695826950e-04
4.945627133092e-03,5.259846149394e+01,3.231644884577e+01,5.373329650335e+05,3.020247576133e+02,1.124211199910e+01,6.761244892563e-04
4.945696108793e-03,5.258722946155e+01,3.231552424105e+01,5.380693481377e+05,3.020245040079e+02,1.124212151395e+01,6.751803929476e-04
4.945765009999e-03,5.257599412350e+01,3.231459669738e+01,5.388069468326e+05,3.020242502308e+02,1.124213103545e+01,6.742372947792e-04
4.945833836875e-03,5.256475546065e+01,3.231366620955e+01,5.395457645440e+05,3.020239962812e+02,1.124214056363e+01,6.732951926452e-04
4.945902589392e-03,5.255351348520e+01,3.231273277493e+01,5.402858026459e+05,3.020237421595e+02,1.124215009848e+01,6.723540870676e-04
4.945971267761e-03,5.254226817034e+01,3.231179638765e+01,5.410270650847e+05,3.020234878650e+02,1.124215964003e+01,6.714139753033e-04
4.946039871985e-03,5.253101952320e+01,3.231085704464e+01,5.417695535779e+05,3.020232333976e+02,1.124216918827e+01,6.704748574533e-04
4.946108402128e-03,5.251976754098e+01,3.230991474200e+01,5.425132705025e+05,3.020229787573e+02,1.124217874321e+01,6.695367327858e-04
4.946176858371e-03,5.250851220140e+01,3.230896947418e+01,5.432582195295e+05,3.020227239434e+02,1.124218830487e+01,6.685995989499e-04
4.946245240649e-03,5.249725352307e+01,3.230802123906e+01,5.440044016303e+05,3.020224689564e+02,1.124219787324e+01,6.676634570017e-04
4.946313549124e-03,5.248599148670e+01,3.230707003130e+01,5.447518202914e+05,3.020222137956e+02,1.124220744834e+01,6.667283048422e-04
4.946381783890e-03,5.247472608433e+01,3.230611584653e+01,5.455004782570e+05,3.020219584608e+02,1.124221703019e+01,6.657941413191e-04
4.946449945031e-03,5.246345730991e+01,3.230515868052e+01,5.462503781489e+05,3.020217029518e+02,1.124222661878e+01,6.648609654435e-04
4.946518032491e-03,5.245218518020e+01,3.230419853094e+01,5.470015210771e+05,3.020214472689e+02,1.124223621411e+01,6.639287781102e-04
4.946586046531e-03,5.244090965930e+01,3.230323539102e+01,5.477539116643e+05,3.020211914111e+02,1.124224581621e+01,6.629975758614e-04
4.946653987133e-03,5.242963075812e+01,3.230226925792e+01,5.485075514198e+05,3.020209353787e+02,1.124225542508e+01,6.620673591135e-04
4.946721854400e-03,5.241834846701e+01,3.230130012706e+01,5.492624432318e+05,3.020206791713e+02,1.124226504072e+01,6.611381265826e-04
4.946789648366e-03,5.240706278785e+01,3.230032799482e+01,5.500185892211e+05,3.020204227888e+02,1.124227466315e+01,6.602098779382e-04
4.946857369150e-03,5.239577370836e+01,3.229935285638e+01,5.507759924647e+05,3.020201662310e+02,1.124228429238e+01,6.592826116838e-04
4.946925016880e-03,5.238448121485e+01,3.229837470674e+01,5.515346561405e+05,3.020199094973e+02,1.124229392841e+01,6.583563262148e-04
4.946992591516e-03,5.237318532140e+01,3.229739354334e+01,5.522945815672e+05,3.020196525881e+02,1.124230357125e+01,6.574310222040e-04
4.947060093254e-03,5.236188600289e+01,3.229640936016e+01,5.530557727065e+05,3.020193955027e+02,1.124231322091e+01,6.565066971109e-04
4.947127522059e-03,5.235058327262e+01,3.229542215455e+01,5.538182309378e+05,3.020191382412e+02,1.124232287740e+01,6.555833515445e-04
4.947194878063e-03,5.233927711606e+01,3.229443192141e+01,5.545819595228e+05,3.020188808034e+02,1.124233254071e+01,6.546609838364e-04
4.947262161399e-03,5.232796751839e+01,3.229343865559e+01,5.553469617518e+05,3.020186231886e+02,1.124234221089e+01,6.537395923006e-04
4.947329372096e-03,5.231665448235e+01,3.229244235346e+01,5.561132397332e+05,3.020183653970e+02,1.124235188791e+01,6.528191766867e-04
4.947396510162e-03,5.230533801371e+01,3.229144301169e+01,5.568807953754e+05,3.020181074285e+02,1.124236157179e+01,6.518997369851e-04
4.947463575802e-03,5.229401808577e+01,3.229044062402e+01,5.576496327941e+05,3.020178492824e+02,1.124237126254e+01,6.509812705523e-04
4.947530569011e-03,5.228269470678e+01,3.228943518731e+01,5.584197537410e+05,3.020175909589e+02,1.124238096017e+01,6.500637775851e-04
4.947597489837e-03,5.227136787612e+01,3.228842669760e+01,5.591911605750e+05,3.020173324579e+02,1.124239066469e+01,6.491472575571e-04
4.947664338487e-03,5.226003756626e+01,3.228741514853e+01,5.599638574931e+05,3.020170737786e+02,1.124240037610e+01,6.482317077718e-04
4.947731114931e-03,5.224870378943e+01,3.228640053727e+01,5.607378459906e+05,3.020168149211e+02,1.124241009442e+01,6.473171287490e-04
4.947797819215e-03,5.223736654579e+01,3.228538285990e+01,5.615131283917e+05,3.020165558856e+02,1.124241981964e+01,6.464035200269e-04
4.947864451561e-03,5.222602580473e+01,3.228436210974e+01,5.622897091285e+05,3.020162966710e+02,1.124242955180e+01,6.454908786742e-04
4.947931011905e-03,5.221468158462e+01,3.228333828449e+01,5.630675892921e+05,3.020160372778e+02,1.124243929088e+01,6.445792057008e-04
4.947997500399e-03,5.220333386714e+01,3.228231137852e+01,5.638467724893e+05,3.020157777054e+02,1.124244903690e+01,6.436684991684e-04
4.948063917105e-03,5.219198264904e+01,3.228128138758e+01,5.646272613020e+05,3.020155179538e+02,1.124245878987e+01,6.427587583523e-04
4.948130262050e-03,5.218062793312e+01,3.228024830793e+01,5.654090579028e+05,3.020152580228e+02,1.124246854979e+01,6.418499830099e-04
4.948196535376e-03,5.216926970240e+01,3.227921213403e+01,5.661921658303e+05,3.020149979119e+02,1.124247831667e+01,6.409421713193e-04
4.948262737135e-03,5.215790795578e+01,3.227817286177e+01,5.669765875371e+05,3.020147376212e+02,1.124248809053e+01,6.400353227314e-04
4.948328867434e-03,5.214654268179e+01,3.227713048609e+01,5.677623261978e+05,3.020144771501e+02,1.124249787138e+01,6.391294358709e-04
4.948394926267e-03,5.213517388916e+01,3.227608500375e+01,5.685493835977e+05,3.020142164988e+02,1.124250765921e+01,6.382245109724e-04
4.948460913803e-03,5.212380155622e+01,3.227503640873e+01,5.693377636307e+05,3.020139556668e+02,1.124251745404e+01,6.373205458524e-04
4.948526830042e-03,5.211242569018e+01,3.227398469764e+01,5.701274681988e+05,3.020136946540e+02,1.124252725588e+01,6.364175406253e-04
4.948592675149e-03,5.210104627001e+01,3.227292986446e+01,5.709185011684e+05,3.020134334599e+02,1.124253706474e+01,6.355154931666e-04
4.948658449080e-03,5.208966331074e+01,3.227187190653e+01,5.717108639076e+05,3.020131720849e+02,1.124254688062e+01,6.346144042113e-04
4.948724152029e-03,5.207827678619e+01,3.227081081732e+01,5.725045606577e+05,3.020129105281e+02,1.124255670353e+01,6.337142712317e-04
4.948789783991e-03,5.206688670445e+01,3.226974659349e+01,5.732995932807e+05,3.020126487896e+02,1.124256653349e+01,6.328150944147e-04
4.948855345089e-03,5.205549305178e+01,3.226867922965e+01,5.740959651673e+05,3.020123868691e+02,1.124257637051e+01,6.319168722223e-04
4.948920835399e-03,5.204409582196e+01,3.226760872109e+01,5.748936791907e+05,3.020121247663e+02,1.124258621458e+01,6.310196037141e-04
4.948986254960e-03,5.203269501568e+01,3.226653506375e+01,5.756927377458e+05,3.020118624812e+02,1.124259606573e+01,6.301232884950e-04
4.949051603842e-03,5.202129062827e+01,3.226545825306e+01,5.764931436109e+05,3.020116000135e+02,1.124260592395e+01,6.292279257455e-04
4.949116882151e-03,5.200988264836e+01,3.226437828378e+01,5.772949000395e+05,3.020113373629e+02,1.124261578926e+01,6.283335141249e-04
4.949182089959e-03,5.199847107057e+01,3.226329515124e+01,5.780980098731e+05,3.020110745291e+02,1.124262566166e+01,6.274400527644e-04
4.949247227359e-03,5.198705588617e+01,3.226220885043e+01,5.789024761953e+05,3.020108115119e+02,1.124263554118e+01,6.265475405359e-04
4.949312294388e-03,5.197563709583e+01,3.226111937724e+01,5.797083014352e+05,3.020105483112e+02,1.124264542781e+01,6.256559770461e-04
4.949377291146e-03,5.196421468944e+01,3.226002672650e+01,5.805154887875e+05,3.020102849267e+02,1.124265532156e+01,6.247653610620e-04
4.949442217709e-03,5.195278866076e+01,3.225893089340e+01,5.813240411819e+05,3.020100213581e+02,1.124266522245e+01,6.238756916546e-04
4.949507074108e-03,5.194135901180e+01,3.225783187391e+01,5.821339609708e+05,3.020097576053e+02,1.124267513047e+01,6.229869685372e-04
4.949571860452e-03,5.192992573036e+01,3.225672966263e+01,5.829452515197e+05,3.020094936680e+02,1.124268504565e+01,6.220991903187e-04
4.949636576846e-03,5.191848880540e+01,3.225562425425e+01,5.837579161194e+05,3.020092295459e+02,1.124269496799e+01,6.212123557040e-04
4.949701223352e-03,5.190704823317e+01,3.225451564414e+01,5.845719575505e+05,3.020089652387e+02,1.124270489750e+01,6.203264639661e-04
4.949765799984e-03,5.189560401837e+01,3.225340382850e+01,5.853873780003e+05,3.020087007465e+02,1.124271483418e+01,6.194415150287e-04
4.949830306883e-03,5.188415614341e+01,3.225228880133e+01,5.862041812480e+05,3.020084360688e+02,1.124272477806e+01,6.185575070952e-04
4.949894744086e-03,5.187270460864e+01,3.225117055837e+01,5.870223698026e+05,3.020081712054e+02,1.124273472913e+01,6.176744397571e-04
4.949959111700e-03,5.186124940264e+01,3.225004909421e+01,5.878419470205e+05,3.020079061561e+02,1.124274468741e+01,6.167923116993e-04
4.950023409752e-03,5.184979052756e+01,3.224892440474e+01,5.886629152935e+05,3.020076409207e+02,1.124275465290e+01,6.159111226545e-04
4.950087638371e-03,5.183832796781e+01,3.224779648411e+01,5.894852782922e+05,3.020073754989e+02,1.124276462562e+01,6.150308709911e-04
4.950151797631e-03,5.182686171722e+01,3.224666532736e+01,5.903090390200e+05,3.020071098903e+02,1.124277460557e+01,6.141515558060e-04
4.950215887519e-03,5.181539178556e+01,3.224553093110e+01,5.911341993419e+05,3.020068440951e+02,1.124278459276e+01,6.132731774158e-04
4.950279908189e-03,5.180391815208e+01,3.224439328893e+01,5.919607633218e+05,3.020065781127e+02,1.124279458721e+01,6.123957338022e-04
4.950343859727e-03,5.179244080893e+01,3.224325239569e+01,5.927887341059e+05,3.020063119429e+02,1.124280458892e+01,6.115192239388e-04
4.950407742163e-03,5.178095975759e+01,3.224210824713e+01,5.936181141760e+05,3.020060455856e+02,1.124281459790e+01,6.106436475105e-04
4.950471555541e-03,5.176947499760e+01,3.224096083881e+01,5.944489061552e+05,3.020057790406e+02,1.124282461415e+01,6.097690040565e-04
4.950535300055e-03,5.175798650087e+01,3.223981016352e+01,5.952811146782e+05,3.020055123073e+02,1.124283463771e+01,6.088952910123e-04
4.950598975635e-03,5.174649428742e+01,3.223865621882e+01,5.961147409012e+05,3.020052453859e+02,1.124284466855e+01,6.080225094775e-04
4.950662582472e-03,5.173499832991e+01,3.223749899754e+01,5.969497894196e+05,3.020049782758e+02,1.124285470671e+01,6.071506569536e-04
4.950726120527e-03,5.172349864248e+01,3.223633849666e+01,5.977862618280e+05,3.020047109772e+02,1.124286475218e+01,6.062797340894e-04
4.950789589985e-03,5.171199519881e+01,3.223517470906e+01,5.986241626668e+05,3.020044434893e+02,1.124287480499e+01,6.054097384716e-04
4.950852990882e-03,5.170048799939e+01,3.223400763030e+01,5.994634945364e+05,3.020041758121e+02,1.124288486513e+01,6.045406697195e-04
4.950916323209e-03,5.168897705286e+01,3.223283725679e+01,6.003042594455e+05,3.020039079458e+02,1.124289493261e+01,6.036725280659e-04
4.950979587141e-03,5.167746233486e+01,3.223166358155e+01,6.011464618208e+05,3.020036398895e+02,1.124290500746e+01,6.028053112547e-04
4.951042782770e-03,5.166594383556e+01,3.223048659906e+01,6.019901050377e+05,3.020033716430e+02,1.124291508967e+01,6.019390181321e-04
4.951105910052e-03,5.165442156997e+01,3.222930630633e+01,6.028351906587e+05,3.020031032066e+02,1.124292517925e+01,6.010736494110e-04
4.951168969132e-03,5.164289551885e+01,3.222812269687e+01,6.036817227615e+05,3.020028345796e+02,1.124293527622e+01,6.002092032311e-04
4.951231960125e-03,5.163136566815e+01,3.222693576467e+01,6.045297050558e+05,3.020025657617e+02,1.124294538059e+01,5.993456781261e-04
4.951294883002e-03,5.161983203024e+01,3.222574550644e+01,6.053791393128e+05,3.020022967531e+02,1.124295549235e+01,5.984830746123e-04
4.951357737893e-03,5.160829458855e+01,3.222455191592e+01,6.062300294430e+05,3.020020275532e+02,1.124296561153e+01,5.976213910360e-04
4.951420524887e-03,5.159675333351e+01,3.222335498751e+01,6.070823788483e+05,3.020017581618e+02,1.124297573814e+01,5.967606262745e-04
4.951483244038e-03,5.158520826236e+01,3.222215471634e+01,6.079361904370e+05,3.020014885786e+02,1.124298587218e+01,5.959007797139e-04
4.951545895402e-03,5.157365937190e+01,3.222095109745e+01,6.087914671569e+05,3.020012188036e+02,1.124299601366e+01,5.950418507071e-04
4.951608479070e-03,5.156210665216e+01,3.221974412519e+01,6.096482124631e+05,3.020009488363e+02,1.124300616259e+01,5.941838381065e-04
4.951670995121e-03,5.155055009580e+01,3.221853379415e+01,6.105064296261e+05,3.020006786764e+02,1.124301631899e+01,5.933267409614e-04
4.951733443597e-03,5.153898970191e+01,3.221732009959e+01,6.113661214458e+05,3.020004083240e+02,1.124302648286e+01,5.924705587990e-04
4.951795824561e-03,5.152742546592e+01,3.221610303648e+01,6.122272909110e+05,3.020001377787e+02,1.124303665421e+01,5.916152909647e-04
4.951858138181e-03,5.151585736367e+01,3.221488259786e+01,6.130899427139e+05,3.019998670399e+02,1.124304683305e+01,5.907609351341e-04
4.951920384439e-03,5.150428540551e+01,3.221365878012e+01,6.139540788459e+05,3.019995961078e+02,1.124305701940e+01,5.899074916645e-04
4.951982563378e-03,5.149270959026e+01,3.221243157822e+01,6.148197019971e+05,3.019993249821e+02,1.124306721325e+01,5.890549602129e-04
4.952044675211e-03,5.148112988526e+01,3.221120098383e+01,6.156868174716e+05,3.019990536621e+02,1.124307741463e+01,5.882033378849e-04
4.952106719853e-03,5.146954631341e+01,3.220996699466e+01,6.165554263305e+05,3.019987821482e+02,1.124308762354e+01,5.873526259675e-04
4.952168697458e-03,5.145795885304e+01,3.220872960366e+01,6.174255329806e+05,3.019985104397e+02,1.124309783999e+01,5.865028224704e-04
4.952230608086e-03,5.144636749945e+01,3.220748880558e+01,6.182971405660e+05,3.019982385364e+02,1.124310806399e+01,5.856539266534e-04
4.952292451761e-03,5.143477225544e+01,3.220624459595e+01,6.191702516728e+05,3.019979664384e+02,1.124311829555e+01,5.848059383256e-04
4.952354228686e-03,5.142317308991e+01,3.220499696666e+01,6.200448714486e+05,3.019976941447e+02,1.124312853469e+01,5.839588548204e-04
4.952415938814e-03,5.141157001826e+01,3.220374591454e+01,6.209210015464e+05,3.019974216557e+02,1.124313878141e+01,5.831126768716e-04
4.952477582166e-03,5.139996304363e+01,3.220249143516e+01,6.217986445461e+05,3.019971489712e+02,1.124314903571e+01,5.822674043130e-04
4.952539159014e-03,5.138835212177e+01,3.220123351889e+01,6.226778066224e+05,3.019968760902e+02,1.124315929763e+01,5.814230335327e-04
4.952600669244e-03,5.137673728100e+01,3.219997216398e+01,6.235584884675e+05,3.019966030132e+02,1.124316956715e+01,5.805795662022e-04
4.952662112996e-03,5.136511850169e+01,3.219870736344e+01,6.244406944101e+05,3.019963297397e+02,1.124317984429e+01,5.797370005061e-04
4.952723490337e-03,5.135349577812e+01,3.219743911179e+01,6.253244277351e+05,3.019960562694e+02,1.124319012906e+01,5.788953356420e-04
4.952784801341e-03,5.134186910310e+01,3.219616740337e+01,6.262096918465e+05,3.019957826020e+02,1.124320042148e+01,5.780545707032e-04
4.952846046099e-03,5.133023846631e+01,3.219489223216e+01,6.270964903972e+05,3.019955087373e+02,1.124321072155e+01,5.772147045581e-04
4.952907224622e-03,5.131860387250e+01,3.219361359379e+01,6.279848258952e+05,3.019952346751e+02,1.124322102928e+01,5.763757371671e-04
4.952968337026e-03,5.130696530632e+01,3.219233148164e+01,6.288747023946e+05,3.019949604150e+02,1.124323134468e+01,5.755376670372e-04
4.953029383428e-03,5.129532275234e+01,3.219104588909e+01,6.297661239634e+05,3.019946859566e+02,1.124324166778e+01,5.747004926787e-04
4.953090363755e-03,5.128367623136e+01,3.218975681349e+01,6.306590919041e+05,3.019944113003e+02,1.124325199855e+01,5.738642152053e-04
4.953151278214e-03,5.127202571066e+01,3.218846424627e+01,6.315536116288e+05,3.019941364451e+02,1.124326233704e+01,5.730288318853e-04
4.953212126842e-03,5.126037118993e+01,3.218716818242e+01,6.324496860732e+05,3.019938613910e+02,1.124327268324e+01,5.721943423208e-04
4.953272909684e-03,5.124871266717e+01,3.218586861673e+01,6.333473183105e+05,3.019935861377e+02,1.124328303716e+01,5.713607459907e-04
4.953333626805e-03,5.123705013705e+01,3.218456554361e+01,6.342465116777e+05,3.019933106852e+02,1.124329339882e+01,5.705280421360e-04
4.953394278324e-03,5.122538358326e+01,3.218325895622e+01,6.351472703666e+05,3.019930350328e+02,1.124330376823e+01,5.696962292178e-04
4.953454864229e-03,5.121371301475e+01,3.218194885054e+01,6.360495966281e+05,3.019927591806e+02,1.124331414538e+01,5.688653074995e-04
4.953515384678e-03,5.120203840826e+01,3.218063521893e+01,6.369534952115e+05,3.019924831282e+02,1.124332453031e+01,5.680352749503e-04
4.953575839693e-03,5.119035976572e+01,3.217931805653e+01,6.378589689269e+05,3.019922068752e+02,1.124333492301e+01,5.672061313358e-04
4.953636229364e-03,5.117867707703e+01,3.217799735714e+01,6.387660215217e+05,3.019919304215e+02,1.124334532350e+01,5.663778755693e-04
4.953696553702e-03,5.116699034641e+01,3.217667311617e+01,6.396746556429e+05,3.019916537670e+02,1.124335573178e+01,5.655505075774e-04
4.953756812889e-03,5.115529954546e+01,3.217534532528e+01,6.405848764806e+05,3.019913769109e+02,1.124336614788e+01,5.647240249811e-04
4.953817006921e-03,5.114360468170e+01,3.217401398023e+01,6.414966864408e+05,3.019910998533e+02,1.124337657179e+01,5.638984279462e-04
4.953877135841e-03,5.113190575328e+01,3.217267907568e+01,6.424100886649e+05,3.019908225941e+02,1.124338700353e+01,5.630737159733e-04
4.953937199836e-03,5.112020273066e+01,3.217134060311e+01,6.433250884659e+05,3.019905451324e+02,1.124339744312e+01,5.622498866165e-04
4.953997198769e-03,5.110849564723e+01,3.216999856120e+01,6.442416862477e+05,3.019902674689e+02,1.124340789054e+01,5.614269418585e-04
4.954057132936e-03,5.109678445202e+01,3.216865293893e+01,6.451598890215e+05,3.019899896023e+02,1.124341834584e+01,5.606048777531e-04
4.954117002249e-03,5.108506916847e+01,3.216730373381e+01,6.460796979815e+05,3.019897115330e+02,1.124342880900e+01,5.597836955844e-04
4.954176806888e-03,5.107334976837e+01,3.216595093739e+01,6.470011183817e+05,3.019894332604e+02,1.124343928006e+01,5.589633930130e-04
4.954236546826e-03,5.106162626363e+01,3.216459454584e+01,6.479241523320e+05,3.019891547844e+02,1.124344975900e+01,5.581439705134e-04
4.954296222191e-03,5.104989863549e+01,3.216323455175e+01,6.488488043648e+05,3.019888761047e+02,1.124346024584e+01,5.573254264132e-04
4.954355833021e-03,5.103816688335e+01,3.216187094983e+01,6.497750775899e+05,3.019885972210e+02,1.124347074060e+01,5.565077603135e-04
4.954415379438e-03,5.102643098978e+01,3.216050373277e+01,6.507029764572e+05,3.019883181328e+02,1.124348124329e+01,5.556909706417e-04
4.954474861428e-03,5.101469096411e+01,3.215913289641e+01,6.516325033072e+05,3.019880388403e+02,1.124349175391e+01,5.548750576925e-04
4.954534279138e-03,5.100294678381e+01,3.215775843282e+01,6.525636630125e+05,3.019877593428e+02,1.124350227249e+01,5.540600195439e-04
4.954593632567e-03,5.099119845598e+01,3.215638033754e+01,6.534964581067e+05,3.019874796403e+02,1.124351279901e+01,5.532458563349e-04
4.954652921837e-03,5.097944596263e+01,3.215499860313e+01,6.544308931229e+05,3.019871997324e+02,1.124352333351e+01,5.524325664650e-04
4.954712146990e-03,5.096768930220e+01,3.215361322409e+01,6.553669712991e+05,3.019869196188e+02,1.124353387599e+01,5.516201494747e-04
4.954771308110e-03,5.095592846475e+01,3.215222419390e+01,6.563046965470e+05,3.019866392993e+02,1.124354442646e+01,5.508086043274e-04
4.954830405321e-03,5.094416343177e+01,3.215083150501e+01,6.572440734758e+05,3.019863587732e+02,1.124355498494e+01,5.499979293980e-04
4.954889438528e-03,5.093239422904e+01,3.214943515509e+01,6.581851031644e+05,3.019860780411e+02,1.124356555141e+01,5.491881261133e-04
4.954948407964e-03,5.092062081648e+01,3.214803513400e+01,6.591277919643e+05,3.019857971020e+02,1.124357612593e+01,5.483791913663e-04
4.955007313551e-03,5.090884321618e+01,3.214663143897e+01,6.600721412616e+05,3.019855159561e+02,1.124358670846e+01,5.475711263281e-04
4.955066155606e-03,5.089706137144e+01,3.214522405781e+01,6.610181587695e+05,3.019852346021e+02,1.124359729907e+01,5.467639267663e-04
4.955124933842e-03,5.088527534588e+01,3.214381299268e+01,6.619658425521e+05,3.019849530413e+02,1.124360789770e+01,5.459575966945e-04
4.955183648651e-03,5.087348506751e+01,3.214239822953e+01,6.629152015781e+05,3.019846712720e+02,1.124361850443e+01,5.451521308428e-04
4.955242299940e-03,5.086169056173e+01,3.214097976591e+01,6.638662369948e+05,3.019843892946e+02,1.124362911923e+01,5.443475306090e-04
4.955300887743e-03,5.084989182789e+01,3.213955759628e+01,6.648189520529e+05,3.019841071090e+02,1.124363974211e+01,5.435437956033e-04
4.955359412272e-03,5.083808882965e+01,3.213813171077e+01,6.657733528940e+05,3.019838247142e+02,1.124365037311e+01,5.427409230125e-04
4.955417873455e-03,5.082628158831e+01,3.213670210641e+01,6.667294410144e+05,3.019835421106e+02,1.124366101221e+01,5.419389139467e-04
4.955476271437e-03,5.081447008088e+01,3.213526877491e+01,6.676872214979e+05,3.019832592975e+02,1.124367165944e+01,5.411377665072e-04
4.955534606208e-03,5.080265431564e+01,3.213383171173e+01,6.686466969081e+05,3.019829762751e+02,1.124368231479e+01,5.403374809165e-04
4.955592877989e-03,5.079083425457e+01,3.213239090668e+01,6.696078735760e+05,3.019826930423e+02,1.124369297831e+01,5.395380542658e-04
4.955651086708e-03,5.077900991831e+01,3.213094635669e+01,6.705707530771e+05,3.019824095994e+02,1.124370364999e+01,5.387394876184e-04
4.955709232453e-03,5.076718129543e+01,3.212949805479e+01,6.715353395994e+05,3.019821259462e+02,1.124371432983e+01,5.379417798684e-04
4.955767315317e-03,5.075534837367e+01,3.212804599387e+01,6.725016374138e+05,3.019818420821e+02,1.124372501785e+01,5.371449298545e-04
4.955825335408e-03,5.074351113723e+01,3.212659016635e+01,6.734696510894e+05,3.019815580067e+02,1.124373571407e+01,5.363489361845e-04
4.955883292691e-03,5.073166959961e+01,3.212513056827e+01,6.744393828107e+05,3.019812737202e+02,1.124374641848e+01,5.355537994348e-04
4.955941187334e-03,5.071982373279e+01,3.212366719052e+01,6.754108381665e+05,3.019809892218e+02,1.124375713112e+01,5.347595173964e-04
4.955999019367e-03,5.070797353680e+01,3.212220002741e+01,6.763840204634e+05,3.019807045114e+02,1.124376785199e+01,5.339660897436e-04
4.956056788794e-03,5.069611901759e+01,3.212072907402e+01,6.773589325257e+05,3.019804195891e+02,1.124377858109e+01,5.331735165469e-04
4.956114495800e-03,5.068426014316e+01,3.211925432065e+01,6.783355803094e+05,3.019801344538e+02,1.124378931844e+01,5.323817953412e-04
4.956172140350e-03,5.067239692719e+01,3.211777576330e+01,6.793139660200e+05,3.019798491060e+02,1.124380006406e+01,5.315909267172e-04
4.956229722559e-03,5.066052935221e+01,3.211629339405e+01,6.802940944416e+05,3.019795635449e+02,1.124381081794e+01,5.308009091843e-04
4.956287242490e-03,5.064865741163e+01,3.211480720633e+01,6.812759694696e+05,3.019792777703e+02,1.124382158012e+01,5.300117419825e-04
4.956344700227e-03,5.063678109430e+01,3.211331719297e+01,6.822595953870e+05,3.019789917820e+02,1.124383235059e+01,5.292234240507e-04
4.956402095783e-03,5.062490040363e+01,3.211182334861e+01,6.832449752811e+05,3.019787055797e+02,1.124384312937e+01,5.284359552949e-04
4.956459429310e-03,5.061301531455e+01,3.211032566431e+01,6.842321146119e+05,3.019784191628e+02,1.124385391648e+01,5.276493337345e-04
4.956516700718e-03,5.060112585209e+01,3.210882413739e+01,6.852210146867e+05,3.019781325318e+02,1.124386471190e+01,5.268635607074e-04
4.956573910290e-03,5.058923196369e+01,3.210731875539e+01,6.862116832769e+05,3.019778456853e+02,1.124387551569e+01,5.260786324222e-04
4.956631057925e-03,5.057733367640e+01,3.210580951588e+01,6.872041215369e+05,3.019775586238e+02,1.124388632782e+01,5.252945503519e-04
4.956688143751e-03,5.056543096973e+01,3.210429641039e+01,6.881983345911e+05,3.019772713467e+02,1.124389714832e+01,5.245113128301e-04
4.956745167819e-03,5.055352383959e+01,3.210277943252e+01,6.891943262090e+05,3.019769838538e+02,1.124390797720e+01,5.237289192730e-04
4.956802130170e-03,5.054161228325e+01,3.210125857602e+01,6.901921000533e+05,3.019766961450e+02,1.124391881447e+01,5.229473691878e-04
4.956859031004e-03,5.052969626532e+01,3.209973383046e+01,6.911916625351e+05,3.019764082191e+02,1.124392966016e+01,5.221666599441e-04
4.956915870196e-03,5.051777581779e+01,3.209820519399e+01,6.921930144261e+05,3.019761200770e+02,1.124394051424e+01,5.213867933282e-04
4.956972647937e-03,5.050585090730e+01,3.209667265638e+01,6.931961619912e+05,3.019758317176e+02,1.124395137676e+01,5.206077668468e-04
4.957029364222e-03,5.049392154054e+01,3.209513621253e+01,6.942011081431e+05,3.019755431410e+02,1.124396224772e+01,5.198295806280e-04
4.957086019195e-03,5.048198769351e+01,3.209359585337e+01,6.952078583863e+05,3.019752543466e+02,1.124397312713e+01,5.190522328007e-04
4.957142612855e-03,5.047004937249e+01,3.209205157369e+01,6.962164156858e+05,3.019749653342e+02,1.124398401500e+01,5.182757234684e-04
4.957199145297e-03,5.045810656375e+01,3.209050336571e+01,6.972267847030e+05,3.019746761036e+02,1.124399491135e+01,5.175000514337e-04
4.957255616601e-03,5.044615925635e+01,3.208895122196e+01,6.982389698785e+05,3.019743866543e+02,1.124400581619e+01,5.167252156822e-04
4.957312026784e-03,5.043420745253e+01,3.208739513669e+01,6.992529745444e+05,3.019740969861e+02,1.124401672952e+01,5.159512160571e-04
4.957368375959e-03,5.042225113491e+01,3.208583510156e+01,7.002688037067e+05,3.019738070987e+02,1.124402765137e+01,5.151780511319e-04
4.957424664132e-03,5.041029030786e+01,3.208427111106e+01,7.012864605378e+05,3.019735169920e+02,1.124403858174e+01,5.144057208868e-04
4.957480891453e-03,5.039832494577e+01,3.208270315573e+01,7.023059507670e+05,3.019732266651e+02,1.124404952065e+01,5.136342233707e-04
4.957537057917e-03,5.038635505582e+01,3.208113123038e+01,7.033272773471e+05,3.019729361183e+02,1.124406046811e+01,5.128635587480e-04
4.957593163665e-03,5.037438061371e+01,3.207955532569e+01,7.043504459230e+05,3.019726453507e+02,1.124407142414e+01,5.120937251593e-04
4.957649208607e-03,5.036240164470e+01,3.207797543883e+01,7.053754579174e+05,3.019723543629e+02,1.124408238872e+01,5.113247239304e-04
4.957705192997e-03,5.035041810069e+01,3.207639155727e+01,7.064023210377e+05,3.019720631536e+02,1.124409336190e+01,5.105565516781e-04
4.957761116847e-03,5.033842998510e+01,3.207480367526e+01,7.074310385959e+05,3.019717717227e+02,1.124410434369e+01,5.097892083329e-04
4.957816980077e-03,5.032643732073e+01,3.207321178963e+01,7.084616122470e+05,3.019714800706e+02,1.124411533406e+01,5.090226950574e-04
4.957872782969e-03,5.031444005332e+01,3.207161588693e+01,7.094940502741e+05,3.019711881960e+02,1.124412633308e+01,5.082570080936e-04
4.957928525424e-03,5.030243821014e+01,3.207001596455e+01,7.105283539657e+05,3.019708960994e+02,1.124413734072e+01,5.074921488921e-04
4.957984207543e-03,5.029043177530e+01,3.206841201412e+01,7.115645283312e+05,3.019706037801e+02,1.124414835701e+01,5.067281161484e-04
4.958039829512e-03,5.027842071438e+01,3.206680402473e+01,7.126025799965e+05,3.019703112374e+02,1.124415938197e+01,5.059649073870e-04
4.958095391191e-03,5.026640506380e+01,3.206519199498e+01,7.136425094764e+05,3.019700184719e+02,1.124417041559e+01,5.052025246353e-04
4.958150892828e-03,5.025438477584e+01,3.206357591213e+01,7.146843245747e+05,3.019697254824e+02,1.124418145791e+01,5.044409645781e-04
4.958206334405e-03,5.024235986017e+01,3.206195577116e+01,7.157280281387e+05,3.019694322690e+02,1.124419250892e+01,5.036802275466e-04
4.958261715951e-03,5.023033031640e+01,3.206033156564e+01,7.167736238951e+05,3.019691388315e+02,1.124420356864e+01,5.029203132311e-04
4.958317037590e-03,5.021829612337e+01,3.205870328637e+01,7.178211173878e+05,3.019688451692e+02,1.124421463709e+01,5.021612200111e-04
4.958372299342e-03,5.020625728292e+01,3.205707092718e+01,7.188705121720e+05,3.019685512822e+02,1.124422571426e+01,5.014029477211e-04
4.958427501361e-03,5.019421376689e+01,3.205543447786e+01,7.199218144285e+05,3.019682571696e+02,1.124423680020e+01,5.006454943094e-04
4.958482643583e-03,5.018216559548e+01,3.205379393471e+01,7.209750261300e+05,3.019679628318e+02,1.124424789489e+01,4.998888607675e-04
4.958537726143e-03,5.017011274474e+01,3.205214928803e+01,7.220301531168e+05,3.019676682681e+02,1.124425899836e+01,4.991330453104e-04
4.958592749142e-03,5.015805519847e+01,3.205050052915e+01,7.230872005650e+05,3.019673734778e+02,1.124427011062e+01,4.983780466480e-04
4.958647712570e-03,5.014599296486e+01,3.204884765270e+01,7.241461715249e+05,3.019670784612e+02,1.124428123167e+01,4.976238650184e-04
4.958702616493e-03,5.013392603470e+01,3.204719065090e+01,7.252070705831e+05,3.019667832178e+02,1.124429236154e+01,4.968704995682e-04
4.958757461049e-03,5.012185438392e+01,3.204552951395e+01,7.262699036448e+05,3.019664877470e+02,1.124430350023e+01,4.961179485229e-04
4.958812246239e-03,5.010977801772e+01,3.204386423601e+01,7.273346740536e+05,3.019661920487e+02,1.124431464777e+01,4.953662119354e-04
4.958866972142e-03,5.009769692447e+01,3.204219480891e+01,7.284013866463e+05,3.019658961226e+02,1.124432580416e+01,4.946152888094e-04
4.958921638804e-03,5.008561110010e+01,3.204052122552e+01,7.294700456027e+05,3.019655999683e+02,1.124433696941e+01,4.938651786218e-04
4.958976246296e-03,5.007352053421e+01,3.203884347780e+01,7.305406556741e+05,3.019653035856e+02,1.124434814353e+01,4.931158804571e-04
4.959030794726e-03,5.006142520886e+01,3.203716155665e+01,7.316132222934e+05,3.019650069738e+02,1.124435932656e+01,4.923673929368e-04
4.959085284092e-03,5.004932513000e+01,3.203547545625e+01,7.326877487886e+05,3.019647101330e+02,1.124437051848e+01,4.916197161619e-04
4.959139714501e-03,5.003722027958e+01,3.203378516743e+01,7.337642406268e+05,3.019644130626e+02,1.124438171932e+01,4.908728487513e-04
4.959194086050e-03,5.002511064159e+01,3.203209068129e+01,7.348427031099e+05,3.019641157620e+02,1.124439292911e+01,4.901267894553e-04
4.959248398681e-03,5.001299623496e+01,3.203039199378e+01,7.359231384391e+05,3.019638182317e+02,1.124440414782e+01,4.893815391756e-04
4.959302652571e-03,5.000087702552e+01,3.202868909339e+01,7.370055535591e+05,3.019635204706e+02,1.124441537549e+01,4.886370955467e-04
4.959356847689e-03,4.998875302589e+01,3.202698197517e+01,7.380899512522e+05,3.019632224789e+02,1.124442661213e+01,4.878934590825e-04
4.959410984233e-03,4.997662419742e+01,3.202527062693e+01,7.391763388975e+05,3.019629242555e+02,1.124443785777e+01,4.871506271529e-04
4.959465062176e-03,4.996449055193e+01,3.202355504355e+01,7.402647193699e+05,3.019626258007e+02,1.124444911240e+01,4.864086002265e-04
4.959519081492e-03,4.995235210051e+01,3.202183521982e+01,7.413550956154e+05,3.019623271145e+02,1.124446037603e+01,4.856673787192e-04
4.959573042445e-03,4.994020878947e+01,3.202011114131e+01,7.424474764110e+05,3.019620281954e+02,1.124447164869e+01,4.849269590967e-04
4.959626944956e-03,4.992806064245e+01,3.201838280456e+01,7.435418635991e+05,3.019617290441e+02,1.124448293039e+01,4.841873425469e-04
4.959680789127e-03,4.991590764156e+01,3.201665020017e+01,7.446382627660e+05,3.019614296597e+02,1.124449422114e+01,4.834485277261e-04
4.959734574997e-03,4.990374978394e+01,3.201491332086e+01,7.457366781599e+05,3.019611300423e+02,1.124450552095e+01,4.827105142052e-04
4.959788302716e-03,4.989158704113e+01,3.201317215566e+01,7.468371163517e+05,3.019608301909e+02,1.124451682985e+01,4.819733000073e-04
4.959841972197e-03,4.987941943801e+01,3.201142670124e+01,7.479395791034e+05,3.019605301060e+02,1.124452814783e+01,4.812368863879e-04
4.959895583642e-03,4.986724693451e+01,3.200967694492e+01,7.490440740659e+05,3.019602297865e+02,1.124453947492e+01,4.805012706721e-04
4.959949137051e-03,4.985506953612e+01,3.200792288053e+01,7.501506047789e+05,3.019599292323e+02,1.124455081113e+01,4.797664529443e-04
4.960002632456e-03,4.984288724100e+01,3.200616450084e+01,7.512591754536e+05,3.019596284434e+02,1.124456215646e+01,4.790324328449e-04
4.960056069981e-03,4.983070002614e+01,3.200440179554e+01,7.523697922413e+05,3.019593274191e+02,1.124457351095e+01,4.782992087410e-04
4.960109449681e-03,4.981850788486e+01,3.200263475664e+01,7.534824598232e+05,3.019590261589e+02,1.124458487460e+01,4.775667799864e-04
4.960162771569e-03,4.980631081934e+01,3.200086337743e+01,7.545971820811e+05,3.019587246628e+02,1.124459624742e+01,4.768351464676e-04
4.960216035767e-03,4.979410880718e+01,3.199908764760e+01,7.557139651546e+05,3.019584229303e+02,1.124460762943e+01,4.761043065985e-04
4.960269242295e-03,4.978190184902e+01,3.199730756018e+01,7.568328130912e+05,3.019581209610e+02,1.124461902064e+01,4.753742601763e-04
4.960322391217e-03,4.976968993581e+01,3.199552310675e+01,7.579537308359e+05,3.019578187547e+02,1.124463042106e+01,4.746450064184e-04
4.960375482606e-03,4.975747305607e+01,3.199373427851e+01,7.590767235721e+05,3.019575163110e+02,1.124464183071e+01,4.739165443988e-04
4.960428516510e-03,4.974525120392e+01,3.199194106748e+01,7.602017959795e+05,3.019572136295e+02,1.124465324960e+01,4.731888735288e-04
4.960481493065e-03,4.973302435333e+01,3.199014346267e+01,7.613289546086e+05,3.019569107095e+02,1.124466467776e+01,4.724619920234e-04
4.960534412182e-03,4.972079253047e+01,3.198834146076e+01,7.624582012123e+05,3.019566075516e+02,1.124467611518e+01,4.717359012004e-04
4.960587274053e-03,4.970855569623e+01,3.198653504878e+01,7.635895435750e+05,3.019563041545e+02,1.124468756188e+01,4.710105985024e-04
4.960640078726e-03,4.969631384448e+01,3.198472421861e+01,7.647229864554e+05,3.019560005180e+02,1.124469901790e+01,4.702860833345e-04
4.960692826215e-03,4.968406697745e+01,3.198290896334e+01,7.658585338476e+05,3.019556966421e+02,1.124471048322e+01,4.695623555971e-04
4.960745516557e-03,4.967181509201e+01,3.198108927525e+01,7.669961902531e+05,3.019553925265e+02,1.124472195786e+01,4.688394148713e-04
4.960798149895e-03,4.965955815971e+01,3.197926514282e+01,7.681359625403e+05,3.019550881703e+02,1.124473344185e+01,4.681172592470e-04
4.960850726307e-03,4.964729616820e+01,3.197743655690e+01,7.692778560977e+05,3.019547835732e+02,1.124474493521e+01,4.673958877716e-04
4.960903245679e-03,4.963502914861e+01,3.197560351483e+01,7.704218722739e+05,3.019544787357e+02,1.124475643791e+01,4.666753020464e-04
4.960955708276e-03,4.962275704486e+01,3.197376600087e+01,7.715680205598e+05,3.019541736564e+02,1.124476795001e+01,4.659554985490e-04
4.961008114077e-03,4.961047986656e+01,3.197192400908e+01,7.727163043376e+05,3.019538683353e+02,1.124477947151e+01,4.652364776198e-04
4.961060463057e-03,4.959819762509e+01,3.197007753379e+01,7.738667268266e+05,3.019535627726e+02,1.124479100241e+01,4.645182396980e-04
4.961112755464e-03,4.958591026743e+01,3.196822655961e+01,7.750192972932e+05,3.019532569668e+02,1.124480254276e+01,4.638007814609e-04
4.961164991217e-03,4.957361781743e+01,3.196637108270e+01,7.761740178150e+05,3.019529509184e+02,1.124481409254e+01,4.630841040812e-04
4.961217170373e-03,4.956132026721e+01,3.196451109441e+01,7.773308934541e+05,3.019526446270e+02,1.124482565177e+01,4.623682068755e-04
4.961269293081e-03,4.954901758642e+01,3.196264658267e+01,7.784899314045e+05,3.019523380917e+02,1.124483722048e+01,4.616530878568e-04
4.961321359362e-03,4.953670977543e+01,3.196077754005e+01,7.796511359834e+05,3.019520313125e+02,1.124484879868e+01,4.609387468300e-04
4.961373369279e-03,4.952439682439e+01,3.195890395751e+01,7.808145124829e+05,3.019517242889e+02,1.124486038638e+01,4.602251830070e-04
4.961425322794e-03,4.951207874725e+01,3.195702582964e+01,7.819800639594e+05,3.019514170211e+02,1.124487198357e+01,4.595123969758e-04
4.961477220133e-03,4.949975549580e+01,3.195514314152e+01,7.831477993614e+05,3.019511095078e+02,1.124488359031e+01,4.588003857319e-04
4.961529061267e-03,4.948742708157e+01,3.195325588732e+01,7.843177220019e+05,3.019508017492e+02,1.124489520659e+01,4.580891497287e-04
4.961580846262e-03,4.947509349413e+01,3.195136405784e+01,7.854898372830e+05,3.019504937447e+02,1.124490683243e+01,4.573786881518e-04
4.961632575216e-03,4.946275471503e+01,3.194946764260e+01,7.866641513864e+05,3.019501854940e+02,1.124491846785e+01,4.566689997275e-04
4.961684248102e-03,4.945041075603e+01,3.194756663576e+01,7.878406676330e+05,3.019498769970e+02,1.124493011284e+01,4.559600849201e-04
4.961735865111e-03,4.943806157582e+01,3.194566102327e+01,7.890193944145e+05,3.019495682526e+02,1.124494176746e+01,4.552519411485e-04
4.961787426129e-03,4.942570720737e+01,3.194375080253e+01,7.902003330495e+05,3.019492592615e+02,1.124495343167e+01,4.545445700940e-04
4.961838931379e-03,4.941334760166e+01,3.194183595822e+01,7.913834927011e+05,3.019489500223e+02,1.124496510552e+01,4.538379687420e-04
4.961890380849e-03,4.940098276688e+01,3.193991648387e+01,7.925688770830e+05,3.019486405351e+02,1.124497678902e+01,4.531321373554e-04
4.961941774637e-03,4.938861268411e+01,3.193799236877e+01,7.937564925131e+05,3.019483307993e+02,1.124498848219e+01,4.524270746519e-04
4.961993112716e-03,4.937623736475e+01,3.193606360688e+01,7.949463424175e+05,3.019480208150e+02,1.124500018503e+01,4.517227810755e-04
4.962044395236e-03,4.936385677789e+01,3.193413018559e+01,7.961384342993e+05,3.019477105813e+02,1.124501189757e+01,4.510192546641e-04
4.962095622201e-03,4.935147092690e+01,3.193219209757e+01,7.973327723797e+05,3.019474000981e+02,1.124502361981e+01,4.503164954089e-04
4.962146793726e-03,4.933907978945e+01,3.193024933147e+01,7.985293633741e+05,3.019470893647e+02,1.124503535178e+01,4.496145018422e-04
4.962197909818e-03,4.932668336808e+01,3.192830187980e+01,7.997282116100e+05,3.019467783811e+02,1.124504709348e+01,4.489132739099e-04
4.962248970533e-03,4.931428165441e+01,3.192634973332e+01,8.009293224833e+05,3.019464671469e+02,1.124505884493e+01,4.482128109385e-04
4.962299975984e-03,4.930187462559e+01,3.192439288051e+01,8.021327028081e+05,3.019461556613e+02,1.124507060616e+01,4.475131114407e-04
4.962350926207e-03,4.928946227787e+01,3.192243131282e+01,8.033383575620e+05,3.019458439242e+02,1.124508237717e+01,4.468141750122e-04
4.962401821237e-03,4.927704460733e+01,3.192046502164e+01,8.045462917536e+05,3.019455319353e+02,1.124509415798e+01,4.461160012374e-04
4.962452661114e-03,4.926462160906e+01,3.191849399820e+01,8.057565105010e+05,3.019452196943e+02,1.124510594860e+01,4.454185896442e-04
4.962503445988e-03,4.925219325091e+01,3.191651822935e+01,8.069690215917e+05,3.019449072003e+02,1.124511774906e+01,4.447219382371e-04
4.962554175859e-03,4.923975953805e+01,3.191453770787e+01,8.081838291919e+05,3.019445944532e+02,1.124512955936e+01,4.440260471173e-04
4.962604850766e-03,4.922732046515e+01,3.191255242484e+01,8.094009385036e+05,3.019442814527e+02,1.124514137952e+01,4.433309157963e-04
4.962655470808e-03,4.921487601283e+01,3.191056236904e+01,8.106203561217e+05,3.019439681984e+02,1.124515320955e+01,4.426365430011e-04
4.962706035975e-03,4.920242618847e+01,3.190856753355e+01,8.118420860305e+05,3.019436546900e+02,1.124516504947e+01,4.419429289560e-04
4.962756546476e-03,4.918997094480e+01,3.190656790263e+01,8.130661375956e+05,3.019433409264e+02,1.124517689932e+01,4.412500708431e-04
4.962807002227e-03,4.917751030741e+01,3.190456347221e+01,8.142925130446e+05,3.019430269081e+02,1.124518875908e+01,4.405579699023e-04
4.962857403298e-03,4.916504426365e+01,3.190255423207e+01,8.155212183709e+05,3.019427126345e+02,1.124520062877e+01,4.398666252451e-04
4.962907749807e-03,4.915257278896e+01,3.190054017002e+01,8.167522607623e+05,3.019423981049e+02,1.124521250842e+01,4.391760353266e-04
4.962958041787e-03,4.914009587968e+01,3.189852127722e+01,8.179856453644e+05,3.019420833190e+02,1.124522439804e+01,4.384861997629e-04
4.963008279294e-03,4.912761352653e+01,3.189649754389e+01,8.192213778878e+05,3.019417682765e+02,1.124523629765e+01,4.377971178620e-04
4.963058462440e-03,4.911512570612e+01,3.189446895794e+01,8.204594654624e+05,3.019414529767e+02,1.124524820727e+01,4.371087881547e-04
4.963108591095e-03,4.910263245533e+01,3.189243551704e+01,8.216999092516e+05,3.019411374202e+02,1.124526012688e+01,4.364212124933e-04
4.963158665626e-03,4.909013368750e+01,3.189039719874e+01,8.229427227014e+05,3.019408216048e+02,1.124527205656e+01,4.357343859327e-04
4.963208685817e-03,4.907762946111e+01,3.188835400420e+01,8.241879048522e+05,3.019405055318e+02,1.124528399627e+01,4.350483115141e-04
4.963258651827e-03,4.906511974025e+01,3.188630591915e+01,8.254354641442e+05,3.019401892002e+02,1.124529594604e+01,4.343629870890e-04
4.963308563769e-03,4.905260450185e+01,3.188425293139e+01,8.266854077628e+05,3.019398726091e+02,1.124530790591e+01,4.336784112224e-04
4.963358421618e-03,4.904008375611e+01,3.188219503414e+01,8.279377395886e+05,3.019395557588e+02,1.124531987586e+01,4.329945843009e-04
4.963408225465e-03,4.902755748492e+01,3.188013221596e+01,8.291924663419e+05,3.019392386486e+02,1.124533185594e+01,4.323115051650e-04
4.963457975325e-03,4.901502568875e+01,3.187806446842e+01,8.304495929034e+05,3.019389212783e+02,1.124534384613e+01,4.316291736682e-04
4.963507671399e-03,4.900248832144e+01,3.187599177537e+01,8.317091288463e+05,3.019386036466e+02,1.124535584649e+01,4.309475871322e-04
4.963557313533e-03,4.898994542597e+01,3.187391413538e+01,8.329710748109e+05,3.019382857546e+02,1.124536785699e+01,4.302667477256e-04
4.963606902002e-03,4.897739693787e+01,3.187183152917e+01,8.342354422526e+05,3.019379676003e+02,1.124537987769e+01,4.295866517844e-04
4.963656436599e-03,4.896484291328e+01,3.186974395747e+01,8.355022305023e+05,3.019376491850e+02,1.124539190855e+01,4.289073021831e-04
4.963705917725e-03,4.895228325493e+01,3.186765139547e+01,8.367714543765e+05,3.019373305062e+02,1.124540394967e+01,4.282286934969e-04
4.963755345113e-03,4.893971803520e+01,3.186555384658e+01,8.380431115796e+05,3.019370115656e+02,1.124541600098e+01,4.275508294763e-04
4.963804719010e-03,4.892714719557e+01,3.186345129234e+01,8.393172130628e+05,3.019366923613e+02,1.124542806255e+01,4.268737067996e-04
4.963854039433e-03,4.891457073587e+01,3.186134372401e+01,8.405937638938e+05,3.019363728935e+02,1.124544013439e+01,4.261973253000e-04
4.963903306416e-03,4.890198865143e+01,3.185923113208e+01,8.418727696080e+05,3.019360531616e+02,1.124545221649e+01,4.255216845684e-04
4.963952519996e-03,4.888940093741e+01,3.185711350698e+01,8.431542357750e+05,3.019357331655e+02,1.124546430889e+01,4.248467841849e-04
4.964001680341e-03,4.887680755513e+01,3.185499083340e+01,8.444381714258e+05,3.019354129041e+02,1.124547641161e+01,4.241726219221e-04
4.964050787304e-03,4.886420854601e+01,3.185286310952e+01,8.457245774450e+05,3.019350923781e+02,1.124548852463e+01,4.234991998402e-04
4.964099841209e-03,4.885160383143e+01,3.185073031321e+01,8.470134669844e+05,3.019347715856e+02,1.124550064803e+01,4.228265135840e-04
4.964148841899e-03,4.883899345596e+01,3.184859244315e+01,8.483048406304e+05,3.019344505274e+02,1.124551278177e+01,4.221545653814e-04
4.964197789509e-03,4.882637738875e+01,3.184644948522e+01,8.495987066932e+05,3.019341292025e+02,1.124552492589e+01,4.214833534354e-04
4.964246684084e-03,4.881375562245e+01,3.184430142923e+01,8.508950710990e+05,3.019338076108e+02,1.124553708040e+01,4.208128772039e-04
4.964295525704e-03,4.880112814062e+01,3.184214826346e+01,8.521939407220e+05,3.019334857515e+02,1.124554924533e+01,4.201431356659e-04
4.964344314458e-03,4.878849492432e+01,3.183998997567e+01,8.534953227165e+05,3.019331636240e+02,1.124556142070e+01,4.194741276711e-04
4.964393050261e-03,4.877585599923e+01,3.183782656127e+01,8.547992196537e+05,3.019328412289e+02,1.124557360649e+01,4.188058544312e-04
4.964441733303e-03,4.876321132068e+01,3.183565800357e+01,8.561056413734e+05,3.019325185649e+02,1.124558580275e+01,4.181383134373e-04
4.964490363633e-03,4.875056087971e+01,3.183348429198e+01,8.574145940562e+05,3.019321956314e+02,1.124559800950e+01,4.174715040742e-04
4.964538941214e-03,4.873790469020e+01,3.183130541979e+01,8.587260815299e+05,3.019318724289e+02,1.124561022673e+01,4.168054269302e-04
4.964587466204e-03,4.872524271461e+01,3.182912137143e+01,8.600401129660e+05,3.019315489560e+02,1.124562245448e+01,4.161400798870e-04
4.964635938634e-03,4.871257494905e+01,3.182693213707e+01,8.613566940704e+05,3.019312252126e+02,1.124563469277e+01,4.154754626014e-04
4.964684358537e-03,4.869990138868e+01,3.182473770673e+01,8.626758306598e+05,3.019309011984e+02,1.124564694160e+01,4.148115746813e-04
4.964732725942e-03,4.868722203013e+01,3.182253807060e+01,8.639975284155e+05,3.019305769132e+02,1.124565920099e+01,4.141484158095e-04
4.964781040978e-03,4.867453684324e+01,3.182033321424e+01,8.653217958271e+05,3.019302523559e+02,1.124567147097e+01,4.134859842729e-04
4.964829303696e-03,4.866184581863e+01,3.181812312676e+01,8.666486392422e+05,3.019299275263e+02,1.124568375155e+01,4.128242794479e-04
4.964877514030e-03,4.864914897764e+01,3.181590780258e+01,8.679780618078e+05,3.019296024246e+02,1.124569604274e+01,4.121633023102e-04
4.964925672215e-03,4.863644626234e+01,3.181368722230e+01,8.693100749850e+05,3.019292770493e+02,1.124570834457e+01,4.115030497115e-04
4.964973778207e-03,4.862373768767e+01,3.181146137917e+01,8.706446826241e+05,3.019289514005e+02,1.124572065706e+01,4.108435222993e-04
4.965021832037e-03,4.861102324972e+01,3.180923026315e+01,8.719818905641e+05,3.019286254780e+02,1.124573298021e+01,4.101847197379e-04
4.965069833816e-03,4.859830292264e+01,3.180699386030e+01,8.733217069706e+05,3.019282992810e+02,1.124574531405e+01,4.095266405573e-04
4.965117783590e-03,4.858557669827e+01,3.180475215977e+01,8.746641381655e+05,3.019279728091e+02,1.124575765860e+01,4.088692842092e-04
4.965165681384e-03,4.857284457352e+01,3.180250515154e+01,8.760091899565e+05,3.019276460621e+02,1.124577001386e+01,4.082126504055e-04
4.965213527323e-03,4.856010651910e+01,3.180025282097e+01,8.773568709359e+05,3.019273190390e+02,1.124578237988e+01,4.075567375110e-04
4.965261321395e-03,4.854736254173e+01,3.179799515972e+01,8.787071859079e+05,3.019269917398e+02,1.124579475664e+01,4.069015457485e-04
4.965309063664e-03,4.853461262816e+01,3.179573215591e+01,8.800601418068e+05,3.019266641641e+02,1.124580714418e+01,4.062470743116e-04
4.965356754189e-03,4.852185676624e+01,3.179346379781e+01,8.814157454687e+05,3.019263363114e+02,1.124581954252e+01,4.055933224542e-04
4.965404393069e-03,4.850909493356e+01,3.179119007183e+01,8.827740048426e+05,3.019260081808e+02,1.124583195167e+01,4.049402889075e-04
4.965451980325e-03,4.849632712738e+01,3.178891096785e+01,8.841349258038e+05,3.019256797723e+02,1.124584437165e+01,4.042879734133e-04
4.965499516025e-03,4.848355333380e+01,3.178662647372e+01,8.854985154350e+05,3.019253510852e+02,1.124585680248e+01,4.036363751435e-04
4.965547000164e-03,4.847077355739e+01,3.178433658057e+01,8.868647788648e+05,3.019250221196e+02,1.124586924417e+01,4.029854942123e-04
4.965594432883e-03,4.845798776358e+01,3.178204127248e+01,8.882337254221e+05,3.019246928743e+02,1.124588169675e+01,4.023353287433e-04
4.965641814207e-03,4.844519594961e+01,3.177974053921e+01,8.896053610574e+05,3.019243633491e+02,1.124589416023e+01,4.016858784832e-04
4.965689144165e-03,4.843239811113e+01,3.177743437019e+01,8.909796919073e+05,3.019240335438e+02,1.124590663463e+01,4.010371430969e-04
4.965736422797e-03,4.841959424074e+01,3.177512275427e+01,8.923567244511e+05,3.019237034579e+02,1.124591911996e+01,4.003891220951e-04
4.965783650281e-03,4.840678429376e+01,3.177280567355e+01,8.937364692018e+05,3.019233730903e+02,1.124593161627e+01,3.997418131080e-04
4.965830826570e-03,4.839396828637e+01,3.177048312107e+01,8.951189301435e+05,3.019230424410e+02,1.124594412354e+01,3.990952168464e-04
4.965877951645e-03,4.838114622712e+01,3.176815508849e+01,8.965041120901e+05,3.019227115102e+02,1.124595664179e+01,3.984493336291e-04
4.965925025755e-03,4.836831805171e+01,3.176582155419e+01,8.978920277480e+05,3.019223802960e+02,1.124596917109e+01,3.978041601108e-04
4.965972048775e-03,4.835548379779e+01,3.176348251505e+01,8.992826788215e+05,3.019220487992e+02,1.124598171139e+01,3.971596980808e-04
4.966019020838e-03,4.834264343248e+01,3.176113795509e+01,9.006760746652e+05,3.019217170189e+02,1.124599426274e+01,3.965159457803e-04
4.966065942096e-03,4.832979691735e+01,3.175878785725e+01,9.020722252679e+05,3.019213849538e+02,1.124600682518e+01,3.958729011835e-04
4.966112812344e-03,4.831694431192e+01,3.175643222238e+01,9.034711299886e+05,3.019210526053e+02,1.124601939868e+01,3.952305671657e-04
4.966159631943e-03,4.830408552041e+01,3.175407102282e+01,9.048728051027e+05,3.019207199708e+02,1.124603198331e+01,3.945889388383e-04
4.966206400673e-03,4.829122060719e+01,3.175170426027e+01,9.062772494605e+05,3.019203870518e+02,1.124604457904e+01,3.939480193152e-04
4.966253118821e-03,4.827834949568e+01,3.174933191049e+01,9.076844773081e+05,3.019200538461e+02,1.124605718593e+01,3.933078046819e-04
4.966299786309e-03,4.826547221134e+01,3.174695396798e+01,9.090944917706e+05,3.019197203542e+02,1.124606980399e+01,3.926682961107e-04
4.966346403164e-03,4.825258874982e+01,3.174457042172e+01,9.105072992435e+05,3.019193865758e+02,1.124608243320e+01,3.920294932866e-04
4.966392969549e-03,4.823969906895e+01,3.174218125367e+01,9.119229102915e+05,3.019190525096e+02,1.124609507363e+01,3.913913940248e-04
4.966439485441e-03,4.822680317853e+01,3.173978645536e+01,9.133413298028e+05,3.019187181558e+02,1.124610772528e+01,3.907539987175e-04
4.966485950928e-03,4.821390105738e+01,3.173738601254e+01,9.147625660837e+05,3.019183835135e+02,1.124612038816e+01,3.901173062261e-04
4.966532366011e-03,4.820099270827e+01,3.173497991539e+01,9.161866248273e+05,3.019180485828e+02,1.124613306229e+01,3.894813165945e-04
4.966578730869e-03,4.818807808463e+01,3.173256814484e+01,9.176135171878e+05,3.019177133622e+02,1.124614574772e+01,3.888460274415e-04
4.966625045392e-03,4.817515722027e+01,3.173015069679e+01,9.190432454680e+05,3.019173778524e+02,1.124615844442e+01,3.882114403411e-04
4.966671309785e-03,4.816223006073e+01,3.172772755061e+01,9.204758217456e+05,3.019170420518e+02,1.124617115246e+01,3.875775525322e-04
4.966717524030e-03,4.814929661451e+01,3.172529869742e+01,9.219112511580e+05,3.019167059605e+02,1.124618387182e+01,3.869443643481e-04
4.966763688116e-03,4.813635688753e+01,3.172286412782e+01,9.233495391376e+05,3.019163695785e+02,1.124619660253e+01,3.863118759913e-04
4.966809802157e-03,4.812341085085e+01,3.172042382584e+01,9.247906950090e+05,3.019160329048e+02,1.124620934460e+01,3.856800859615e-04
4.966855866288e-03,4.811045846956e+01,3.171797777431e+01,9.262347287943e+05,3.019156959383e+02,1.124622209808e+01,3.850489924756e-04
4.966901880504e-03,4.809749974825e+01,3.171552596347e+01,9.276816461376e+05,3.019153586790e+02,1.124623486298e+01,3.844185956804e-04
4.966947844705e-03,4.808453471779e+01,3.171306838855e+01,9.291314497557e+05,3.019150211276e+02,1.124624763928e+01,3.837888969935e-04
4.966993759259e-03,4.807156327741e+01,3.171060501976e+01,9.305841571095e+05,3.019146832811e+02,1.124626042707e+01,3.831598914441e-04
4.967039623952e-03,4.805858549025e+01,3.170813585837e+01,9.320397673428e+05,3.019143451411e+02,1.124627322631e+01,3.825315820203e-04
4.967085438894e-03,4.804560132836e+01,3.170566088834e+01,9.334982898119e+05,3.019140067067e+02,1.124628603702e+01,3.819039672892e-04
4.967131204259e-03,4.803261074542e+01,3.170318009005e+01,9.349597359742e+05,3.019136679764e+02,1.124629885928e+01,3.812770449385e-04
4.967176919957e-03,4.801961376931e+01,3.170069345802e+01,9.364241089620e+05,3.019133289509e+02,1.124631169304e+01,3.806508162428e-04
4.967222586093e-03,4.800661037314e+01,3.169820097626e+01,9.378914180911e+05,3.019129896292e+02,1.124632453835e+01,3.800252798322e-04
4.967268202772e-03,4.799360053011e+01,3.169570262875e+01,9.393616726965e+05,3.019126500105e+02,1.124633739525e+01,3.794004343489e-04
4.967313769956e-03,4.798058425348e+01,3.169319840713e+01,9.408348776102e+05,3.019123100949e+02,1.124635026372e+01,3.787762803602e-04
4.967359287771e-03,4.796756150991e+01,3.169068829403e+01,9.423110429536e+05,3.019119698814e+02,1.124636314381e+01,3.781528161991e-04
4.967404756221e-03,4.795453230159e+01,3.168817227889e+01,9.437901748483e+05,3.019116293698e+02,1.124637603552e+01,3.775300419043e-04
4.967450175455e-03,4.794149658773e+01,3.168565034281e+01,9.452722843186e+05,3.019112885590e+02,1.124638893890e+01,3.769079554627e-04
4.967495545343e-03,4.792845440895e+01,3.168312248261e+01,9.467573731529e+05,3.019109474497e+02,1.124640185393e+01,3.762865587482e-04
4.967540866138e-03,4.791540569457e+01,3.168058867349e+01,9.482454558300e+05,3.019106060400e+02,1.124641478066e+01,3.756658483298e-04
4.967586137719e-03,4.790235048251e+01,3.167804891170e+01,9.497365344784e+05,3.019102643306e+02,1.124642771909e+01,3.750458259499e-04
4.967631360262e-03,4.788928872441e+01,3.167550317667e+01,9.512306210910e+05,3.019099223202e+02,1.124644066926e+01,3.744264892500e-04
4.967676533813e-03,4.787622040963e+01,3.167295145513e+01,9.527277233803e+05,3.019095800082e+02,1.124645363118e+01,3.738078376709e-04
4.967721658318e-03,4.786314555649e+01,3.167039373943e+01,9.542278457622e+05,3.019092373950e+02,1.124646660486e+01,3.731898720192e-04
4.967766733966e-03,4.785006411249e+01,3.166783000804e+01,9.557310007908e+05,3.019088944789e+02,1.124647959035e+01,3.725725897587e-04
4.967811760736e-03,4.783697608595e+01,3.166526025128e+01,9.572371940713e+05,3.019085512601e+02,1.124649258765e+01,3.719559912282e-04
4.967856738653e-03,4.782388147271e+01,3.166268445700e+01,9.587464326548e+05,3.019082077382e+02,1.124650559678e+01,3.713400761770e-04
4.967901667855e-03,4.781078023471e+01,3.166010260635e+01,9.602587275270e+05,3.019078639120e+02,1.124651861777e+01,3.707248427627e-04
4.967946548291e-03,4.779767238925e+01,3.165751469131e+01,9.617740833100e+05,3.019075197818e+02,1.124653165062e+01,3.701102917463e-04
4.967991380133e-03,4.778455788868e+01,3.165492069104e+01,9.632925121517e+05,3.019071753462e+02,1.124654469538e+01,3.694964208452e-04
4.968036163301e-03,4.777143675830e+01,3.165232059906e+01,9.648140177860e+05,3.019068306057e+02,1.124655775205e+01,3.688832311944e-04
4.968080897995e-03,4.775830894240e+01,3.164971439282e+01,9.663386133563e+05,3.019064855585e+02,1.124657082067e+01,3.682707201441e-04
4.968125584081e-03,4.774517448225e+01,3.164710206894e+01,9.678663007714e+05,3.019061402057e+02,1.124658390122e+01,3.676588895736e-04
4.968170221841e-03,4.773203329748e+01,3.164448359985e+01,9.693970961091e+05,3.019057945448e+02,1.124659699378e+01,3.670477356945e-04
4.968214811106e-03,4.771888543985e+01,3.164185898423e+01,9.709310000885e+05,3.019054485771e+02,1.124661009832e+01,3.664372608723e-04
4.968259352107e-03,4.770573084399e+01,3.163922819738e+01,9.724680271036e+05,3.019051023006e+02,1.124662321491e+01,3.658274620299e-04
4.968303844727e-03,4.769256954594e+01,3.163659123478e+01,9.740081797366e+05,3.019047557162e+02,1.124663634351e+01,3.652183407965e-04
4.968348289214e-03,4.767940147529e+01,3.163394807058e+01,9.755514730428e+05,3.019044088217e+02,1.124664948421e+01,3.646098938749e-04
4.968392685391e-03,4.766622668598e+01,3.163129870385e+01,9.770979075328e+05,3.019040616184e+02,1.124666263696e+01,3.640021237201e-04
4.968437033514e-03,4.765304510463e+01,3.162864310801e+01,9.786474986780e+05,3.019037141042e+02,1.124667580184e+01,3.633950269083e-04
4.968481333508e-03,4.763985675583e+01,3.162598127614e+01,9.802002504705e+05,3.019033662795e+02,1.124668897883e+01,3.627886045382e-04
4.968525585461e-03,4.762666161470e+01,3.162331319135e+01,9.817561727389e+05,3.019030181435e+02,1.124670216798e+01,3.621828554301e-04
4.968569789535e-03,4.761345963565e+01,3.162063883246e+01,9.833152777886e+05,3.019026696948e+02,1.124671536932e+01,3.615777774630e-04
4.968613945529e-03,4.760025088050e+01,3.161795820005e+01,9.848775652653e+05,3.019023209348e+02,1.124672858282e+01,3.609733734367e-04
4.968658053719e-03,4.758703526872e+01,3.161527126576e+01,9.864430516608e+05,3.019019718612e+02,1.124674180855e+01,3.603696396327e-04
4.968702114110e-03,4.757381280090e+01,3.161257801765e+01,9.880117439016e+05,3.019016224739e+02,1.124675504653e+01,3.597665760549e-04
4.968746126683e-03,4.756058348465e+01,3.160987844519e+01,9.895836481018e+05,3.019012727728e+02,1.124676829676e+01,3.591641830217e-04
4.968790091515e-03,4.754734729868e+01,3.160717253191e+01,9.911587738269e+05,3.019009227571e+02,1.124678155926e+01,3.585624595353e-04
4.968834008739e-03,4.753410420477e+01,3.160446025784e+01,9.927371326880e+05,3.019005724257e+02,1.124679483409e+01,3.579614038361e-04
4.968877878298e-03,4.752085422201e+01,3.160174161467e+01,9.943187294978e+05,3.019002217790e+02,1.124680812122e+01,3.573610167678e-04
4.968921700300e-03,4.750759731987e+01,3.159901658390e+01,9.959035750048e+05,3.018998708157e+02,1.124682142071e+01,3.567612969244e-04
4.968965474687e-03,4.749433351774e+01,3.159628515725e+01,9.974916740185e+05,3.018995195364e+02,1.124683473254e+01,3.561622451586e-04
4.969009201790e-03,4.748106271666e+01,3.159354730199e+01,9.990830455490e+05,3.018991679382e+02,1.124684805681e+01,3.555638569849e-04
4.969052881320e-03,4.746778500672e+01,3.159080302435e+01,1.000677685969e+06,3.018988160232e+02,1.124686139345e+01,3.549661364500e-04
4.969096513568e-03,4.745450030050e+01,3.158805229386e+01,1.002275612979e+06,3.018984637890e+02,1.124687474255e+01,3.543690795977e-04
4.969140098451e-03,4.744120862544e+01,3.158529510377e+01,1.003876830504e+06,3.018981112360e+02,1.124688810410e+01,3.537726876481e-04
4.969183636100e-03,4.742790994347e+01,3.158253143368e+01,1.005481350377e+06,3.018977583632e+02,1.124690147813e+01,3.531769588786e-04
4.969227126485e-03,4.741460426475e+01,3.157976127320e+01,1.007089178645e+06,3.018974051705e+02,1.124691486466e+01,3.525818937300e-04
4.969270569783e-03,4.740129153739e+01,3.157698459895e+01,1.008700328877e+06,3.018970516563e+02,1.124692826373e+01,3.519874898721e-04
4.969313965929e-03,4.738797178242e+01,3.157420140270e+01,1.010314805849e+06,3.018966978211e+02,1.124694167533e+01,3.513937482352e-04
4.969357314974e-03,4.737464498614e+01,3.157141166895e+01,1.011932618564e+06,3.018963436642e+02,1.124695509950e+01,3.508006681968e-04
4.969400617137e-03,4.736131108272e+01,3.156861537123e+01,1.013553782385e+06,3.018959891838e+02,1.124696853630e+01,3.502082468242e-04
4.969443872167e-03,4.734797015077e+01,3.156581251330e+01,1.015178295148e+06,3.018956343816e+02,1.124698198566e+01,3.496164876015e-04
4.969487080411e-03,4.733462208476e+01,3.156300306022e+01,1.016806177116e+06,3.018952792547e+02,1.124699544770e+01,3.490253858414e-04
4.969530241768e-03,4.732126691739e+01,3.156018700605e+01,1.018437431750e+06,3.018949238038e+02,1.124700892239e+01,3.484349429934e-04
4.969573356260e-03,4.730790464336e+01,3.155736433683e+01,1.020072067159e+06,3.018945680286e+02,1.124702240976e+01,3.478451588175e-04
4.969616424058e-03,4.729453521112e+01,3.155453502876e+01,1.021710097142e+06,3.018942119273e+02,1.124703590985e+01,3.472560310377e-04
4.969659445162e-03,4.728115862215e+01,3.155169906922e+01,1.023351529038e+06,3.018938555000e+02,1.124704942267e+01,3.466675597241e-04
4.969702419540e-03,4.726777488718e+01,3.154885644751e+01,1.024996369068e+06,3.018934987465e+02,1.124706294823e+01,3.460797453484e-04
4.969745347297e-03,4.725438397530e+01,3.154600714404e+01,1.026644628593e+06,3.018931416661e+02,1.124707648656e+01,3.454925865534e-04
4.969788228589e-03,4.724098583913e+01,3.154315113567e+01,1.028296321041e+06,3.018927842571e+02,1.124709003773e+01,3.449060812695e-04
4.969831063324e-03,4.722758050867e+01,3.154028841566e+01,1.029951450333e+06,3.018924265201e+02,1.124710360170e+01,3.443202308183e-04
4.969873851617e-03,4.721416794900e+01,3.153741896342e+01,1.031610028421e+06,3.018920684541e+02,1.124711717852e+01,3.437350336795e-04
4.969916593456e-03,4.720074816494e+01,3.153454276678e+01,1.033272062371e+06,3.018917100589e+02,1.124713076821e+01,3.431504900721e-04
4.969959289008e-03,4.718732110541e+01,3.153165980156e+01,1.034937566209e+06,3.018913513330e+02,1.124714437081e+01,3.425665977812e-04
4.970001938157e-03,4.717388680809e+01,3.152877006257e+01,1.036606542973e+06,3.018909922771e+02,1.124715798630e+01,3.419833584574e-04
4.970044541143e-03,4.716044519853e+01,3.152587352047e+01,1.038279009660e+06,3.018906328891e+02,1.124717161476e+01,3.414007688805e-04
4.970087097883e-03,4.714699630381e+01,3.152297016771e+01,1.039954970673e+06,3.018902731696e+02,1.124718525617e+01,3.408188302414e-04
4.970129608485e-03,4.713354009114e+01,3.152005998382e+01,1.041634437892e+06,3.018899131173e+02,1.124719891059e+01,3.402375411366e-04
4.970172072898e-03,4.712007657722e+01,3.151714295894e+01,1.043317417052e+06,3.018895527325e+02,1.124721257799e+01,3.396569023019e-04
4.970214491339e-03,4.710660569478e+01,3.151421906500e+01,1.045003924411e+06,3.018891920133e+02,1.124722625845e+01,3.390769108547e-04
4.970256863724e-03,4.709312747092e+01,3.151128829434e+01,1.046693964452e+06,3.018888309602e+02,1.124723995197e+01,3.384975679839e-04
4.970299190206e-03,4.707964185806e+01,3.150835062301e+01,1.048387551045e+06,3.018884695716e+02,1.124725365859e+01,3.379188716658e-04
4.970341470758e-03,4.706614886592e+01,3.150540603949e+01,1.050084690894e+06,3.018881078476e+02,1.124726737831e+01,3.373408223427e-04
4.970383705367e-03,4.705264849931e+01,3.150245453117e+01,1.051785391347e+06,3.018877457881e+02,1.124728111114e+01,3.367634202392e-04
4.970425894234e-03,4.703914069495e+01,3.149949607048e+01,1.053489668353e+06,3.018873833913e+02,1.124729485716e+01,3.361866626740e-04
4.970468037308e-03,4.702562546984e+01,3.149653064736e+01,1.055197527777e+06,3.018870206573e+02,1.124730861635e+01,3.356105504013e-04
4.970510134737e-03,4.701210277754e+01,3.149355823782e+01,1.056908983524e+06,3.018866575847e+02,1.124732238876e+01,3.350350814720e-04
4.970552186462e-03,4.699857263715e+01,3.149057883218e+01,1.058624041241e+06,3.018862941738e+02,1.124733617440e+01,3.344602567292e-04
4.970594192528e-03,4.698503503563e+01,3.148759241366e+01,1.060342710663e+06,3.018859304241e+02,1.124734997328e+01,3.338860756464e-04
4.970636153060e-03,4.697148993290e+01,3.148459895949e+01,1.062065004993e+06,3.018855663342e+02,1.124736378546e+01,3.333125365551e-04
4.970678068115e-03,4.695793731141e+01,3.148159845176e+01,1.063790934610e+06,3.018852019035e+02,1.124737761095e+01,3.327396387493e-04
4.970719937636e-03,4.694437719016e+01,3.147859088064e+01,1.065520505265e+06,3.018848371323e+02,1.124739144975e+01,3.321673830658e-04
4.970761761815e-03,4.693080950738e+01,3.147557621833e+01,1.067253733033e+06,3.018844720186e+02,1.124740530194e+01,3.315957669352e-04
4.970803540514e-03,4.691723430859e+01,3.147255446081e+01,1.068990620325e+06,3.018841065635e+02,1.124741916747e+01,3.310247923113e-04
4.970845273974e-03,4.690365151619e+01,3.146952557662e+01,1.070731185321e+06,3.018837407647e+02,1.124743304643e+01,3.304544559679e-04
4.970886962165e-03,4.689006114005e+01,3.146648955372e+01,1.072475435041e+06,3.018833746222e+02,1.124744693883e+01,3.298847583647e-04
4.970928605128e-03,4.687646316722e+01,3.146344637493e+01,1.074223379460e+06,3.018830081354e+02,1.124746084468e+01,3.293156990001e-04
4.970970202855e-03,4.686285760099e+01,3.146039602667e+01,1.075975026486e+06,3.018826413044e+02,1.124747476399e+01,3.287472780527e-04
4.971011755460e-03,4.684924440444e+01,3.145733848628e+01,1.077730389236e+06,3.018822741277e+02,1.124748869681e+01,3.281794940222e-04
4.971053263093e-03,4.683562352864e+01,3.145427372834e+01,1.079489482421e+06,3.018819066039e+02,1.124750264320e+01,3.276123449188e-04
4.971094725627e-03,4.682199501556e+01,3.145120174781e+01,1.081252309044e+06,3.018815387339e+02,1.124751660313e+01,3.270458325395e-04
4.971136143169e-03,4.680835883047e+01,3.144812252234e+01,1.083018882048e+06,3.018811705165e+02,1.124753057663e+01,3.264799554856e-04
4.971177515781e-03,4.679471495354e+01,3.144503603290e+01,1.084789212477e+06,3.018808019511e+02,1.124754456375e+01,3.259147129847e-04
4.971218843513e-03,4.678106336790e+01,3.144194226104e+01,1.086563311032e+06,3.018804330368e+02,1.124755856450e+01,3.253501043891e-04
4.971260126455e-03,4.676740404401e+01,3.143884118540e+01,1.088341190094e+06,3.018800637727e+02,1.124757257893e+01,3.247861285334e-04
4.971301364515e-03,4.675373701293e+01,3.143573279831e+01,1.090122854181e+06,3.018796941594e+02,1.124758660701e+01,3.242227867524e-04
4.971342557913e-03,4.674006220180e+01,3.143261706844e+01,1.091908321392e+06,3.018793241947e+02,1.124760064883e+01,3.236600760972e-04
4.971383706628e-03,4.672637961709e+01,3.142949398243e+01,1.093697599508e+06,3.018789538785e+02,1.124761470440e+01,3.230979968964e-04
4.971424810631e-03,4.671268926919e+01,3.142636352780e+01,1.095490695827e+06,3.018785832110e+02,1.124762877370e+01,3.225365496318e-04
4.971465870088e-03,4.669899110280e+01,3.142322567699e+01,1.097287626272e+06,3.018782121903e+02,1.124764285681e+01,3.219757320957e-04
4.971506884997e-03,4.668528511787e+01,3.142008041501e+01,1.099088399568e+06,3.018778408164e+02,1.124765695374e+01,3.214155443495e-04
4.971547855355e-03,4.667157131621e+01,3.141692772726e+01,1.100893024221e+06,3.018774690889e+02,1.124767106450e+01,3.208559865272e-04
4.971588781379e-03,4.665784962471e+01,3.141376758188e+01,1.102701518627e+06,3.018770970057e+02,1.124768518916e+01,3.202970557141e-04
4.971629662871e-03,4.664412010939e+01,3.141059997893e+01,1.104513882890e+06,3.018767245683e+02,1.124769932768e+01,3.197387546642e-04
4.971670500071e-03,4.663038268980e+01,3.140742488470e+01,1.106330136460e+06,3.018763517744e+02,1.124771348014e+01,3.191810801707e-04
4.971711292955e-03,4.661663737392e+01,3.140424228581e+01,1.108150287153e+06,3.018759786239e+02,1.124772764655e+01,3.186240326280e-04
4.971752041614e-03,4.660288413085e+01,3.140105215983e+01,1.109974347956e+06,3.018756051157e+02,1.124774182694e+01,3.180676108560e-04
4.971792745959e-03,4.658912299032e+01,3.139785449834e+01,1.111802323849e+06,3.018752312505e+02,1.124775602130e+01,3.175118161254e-04
4.971833406268e-03,4.657535385779e+01,3.139464926399e+01,1.113634236348e+06,3.018748570254e+02,1.124777022974e+01,3.169566446921e-04
4.971874022361e-03,4.656157679407e+01,3.139143645551e+01,1.115470086354e+06,3.018744824419e+02,1.124778445220e+01,3.164020990838e-04
4.971914594391e-03,4.654779174687e+01,3.138821604523e+01,1.117309889846e+06,3.018741074982e+02,1.124779868875e+01,3.158481772676e-04
4.971955122498e-03,4.653399866866e+01,3.138498800651e+01,1.119153662228e+06,3.018737321930e+02,1.124781293944e+01,3.152948774149e-04
4.971995606498e-03,4.652019762073e+01,3.138175233811e+01,1.121001404383e+06,3.018733565276e+02,1.124782720422e+01,3.147422020620e-04
4.972036046701e-03,4.650638849787e+01,3.137850899973e+01,1.122853139511e+06,3.018729804989e+02,1.124784148321e+01,3.141901470755e-04
4.972076442903e-03,4.649257136863e+01,3.137525799177e+01,1.124708867564e+06,3.018726041085e+02,1.124785577636e+01,3.136387152781e-04
4.972116795368e-03,4.647874614246e+01,3.137199927720e+01,1.126568609878e+06,3.018722273539e+02,1.124787008375e+01,3.130879031371e-04
4.972157104006e-03,4.646491284938e+01,3.136873284727e+01,1.128432371629e+06,3.018718502354e+02,1.124788440538e+01,3.125377119355e-04
4.972197368842e-03,4.645107148031e+01,3.136545868403e+01,1.130300163269e+06,3.018714727527e+02,1.124789874126e+01,3.119881413937e-04
4.972237590105e-03,4.643722195613e+01,3.136217675283e+01,1.132172004751e+06,3.018710949034e+02,1.124791309149e+01,3.114391884597e-04
4.972277767641e-03,4.642336432849e+01,3.135888704995e+01,1.134047898403e+06,3.018707166886e+02,1.124792745602e+01,3.108908552705e-04
4.972317901586e-03,4.640949855070e+01,3.135558954831e+01,1.135927859874e+06,3.018703381069e+02,1.124794183490e+01,3.103431400660e-04
4.972357992069e-03,4.639562457691e+01,3.135228422092e+01,1.137811904757e+06,3.018699591567e+02,1.124795622821e+01,3.097960411305e-04
4.972398038919e-03,4.638174246546e+01,3.134897106557e+01,1.139700034528e+06,3.018695798394e+02,1.124797063588e+01,3.092495608557e-04
4.972438042388e-03,4.636785212804e+01,3.134565004501e+01,1.141592270629e+06,3.018692001523e+02,1.124798505802e+01,3.087036958568e-04
4.972478002477e-03,4.635395356375e+01,3.134232114278e+01,1.143488622655e+06,3.018688200952e+02,1.124799949464e+01,3.081584462000e-04
4.972517919097e-03,4.634004680269e+01,3.133898434981e+01,1.145389095999e+06,3.018684396687e+02,1.124801394572e+01,3.076138131587e-04
4.972557792484e-03,4.632613176128e+01,3.133563962971e+01,1.147293711609e+06,3.018680588702e+02,1.124802841136e+01,3.070697935582e-04
4.972597622620e-03,4.631220844496e+01,3.133228696737e+01,1.149202478317e+06,3.018676776997e+02,1.124804289156e+01,3.065263877160e-04
4.972637409490e-03,4.629827685841e+01,3.132892634746e+01,1.151115405080e+06,3.018672961570e+02,1.124805738632e+01,3.059835959149e-04
4.972677153117e-03,4.628433699198e+01,3.132555775118e+01,1.153032502848e+06,3.018669142417e+02,1.124807189568e+01,3.054414178769e-04
4.972716853734e-03,4.627038876286e+01,3.132218114192e+01,1.154953792681e+06,3.018665319511e+02,1.124808641971e+01,3.048998504886e-04
4.972756511208e-03,4.625643221700e+01,3.131879651418e+01,1.156879277956e+06,3.018661492864e+02,1.124810095840e+01,3.043588956426e-04
4.972796125676e-03,4.624246730446e+01,3.131540383917e+01,1.158808975297e+06,3.018657662460e+02,1.124811551180e+01,3.038185515091e-04
4.972835697084e-03,4.622849404367e+01,3.131200310464e+01,1.160742891921e+06,3.018653828300e+02,1.124813007989e+01,3.032788189091e-04
4.972875225669e-03,4.621451234927e+01,3.130859427300e+01,1.162681049454e+06,3.018649990359e+02,1.124814466279e+01,3.027396946570e-04
4.972914711226e-03,4.620052229268e+01,3.130517734482e+01,1.164623447830e+06,3.018646148655e+02,1.124815926042e+01,3.022011816194e-04
4.972954154019e-03,4.618652377895e+01,3.130175227999e+01,1.166570110103e+06,3.018642303158e+02,1.124817387290e+01,3.016632762520e-04
4.972993553938e-03,4.617251684599e+01,3.129831907084e+01,1.168521040912e+06,3.018638453877e+02,1.124818850020e+01,3.011259801270e-04
4.973032911170e-03,4.615850142539e+01,3.129487768355e+01,1.170476259726e+06,3.018634600790e+02,1.124820314240e+01,3.005892907371e-04
4.973072225637e-03,4.614447754378e+01,3.129142810757e+01,1.172435772812e+06,3.018630743902e+02,1.124821779948e+01,3.000532092203e-04
4.973111497484e-03,4.613044514796e+01,3.128797031269e+01,1.174399597614e+06,3.018626883197e+02,1.124823247151e+01,2.995177336620e-04
4.973150726606e-03,4.611640427388e+01,3.128450429054e+01,1.176367739147e+06,3.018623018681e+02,1.124824715847e+01,2.989828655519e-04
4.973189913312e-03,4.610235480927e+01,3.128102999616e+01,1.178340223236e+06,3.018619150321e+02,1.124826186047e+01,2.984486007380e-04
4.973229057324e-03,4.608829685240e+01,3.127754743651e+01,1.180317046202e+06,3.018615278142e+02,1.124827657743e+01,2.979149430805e-04
4.973268158955e-03,4.607423028930e+01,3.127405656600e+01,1.182298234224e+06,3.018611402109e+02,1.124829130948e+01,2.973818883752e-04
4.973307218124e-03,4.606015514696e+01,3.127055737386e+01,1.184283793697e+06,3.018607522228e+02,1.124830605661e+01,2.968494377748e-04
4.973346234887e-03,4.604607140388e+01,3.126704983725e+01,1.186273737881e+06,3.018603638491e+02,1.124832081884e+01,2.963175905920e-04
4.973385209358e-03,4.603197901663e+01,3.126353392777e+01,1.188268083178e+06,3.018599750882e+02,1.124833559622e+01,2.957863453182e-04
4.973424141435e-03,4.601787802073e+01,3.126000963669e+01,1.190266834860e+06,3.018595859409e+02,1.124835038875e+01,2.952557034215e-04
4.973463031343e-03,4.600376833296e+01,3.125647692550e+01,1.192270015056e+06,3.018591964047e+02,1.124836519651e+01,2.947256619026e-04
4.973501879003e-03,4.598964997945e+01,3.125293578299e+01,1.194277630441e+06,3.018588064801e+02,1.124838001948e+01,2.941962218781e-04
4.973540684450e-03,4.597552294623e+01,3.124938618788e+01,1.196289693399e+06,3.018584161663e+02,1.124839485770e+01,2.936673829564e-04
4.973579447870e-03,4.596138716293e+01,3.124582810459e+01,1.198306224407e+06,3.018580254611e+02,1.124840971125e+01,2.931391426419e-04
4.973618169175e-03,4.594724266036e+01,3.124226152294e+01,1.200327229560e+06,3.018576343653e+02,1.124842458010e+01,2.926115022258e-04
4.973656848423e-03,4.593308941457e+01,3.123868641891e+01,1.202352722794e+06,3.018572428778e+02,1.124843946430e+01,2.920844609521e-04
4.973695485695e-03,4.591892739429e+01,3.123510276654e+01,1.204382719146e+06,3.018568509976e+02,1.124845436388e+01,2.915580177958e-04
4.973734081105e-03,4.590475655560e+01,3.123151053659e+01,1.206417235517e+06,3.018564587231e+02,1.124846927891e+01,2.910321712708e-04
4.973772634549e-03,4.589057693396e+01,3.122790971985e+01,1.208456277448e+06,3.018560660551e+02,1.124848420936e+01,2.905069228380e-04
4.973811146143e-03,4.587638848492e+01,3.122430028682e+01,1.210499862001e+06,3.018556729922e+02,1.124849915528e+01,2.899822709926e-04
4.973849615982e-03,4.586219117111e+01,3.122068220965e+01,1.212548005276e+06,3.018552795329e+02,1.124851411673e+01,2.894582145016e-04
4.973888044015e-03,4.584798500896e+01,3.121705547417e+01,1.214600715652e+06,3.018548856775e+02,1.124852909371e+01,2.889347541203e-04
4.973926430370e-03,4.583376994891e+01,3.121342004928e+01,1.216658011079e+06,3.018544914244e+02,1.124854408626e+01,2.884118881722e-04
4.973964775039e-03,4.581954599137e+01,3.120977591658e+01,1.218719902327e+06,3.018540967733e+02,1.124855909442e+01,2.878896168244e-04
4.974003078042e-03,4.580531312655e+01,3.120612305501e+01,1.220786401678e+06,3.018537017237e+02,1.124857411819e+01,2.873679398678e-04
4.974041339568e-03,4.579107128154e+01,3.120246142722e+01,1.222857530626e+06,3.018533062733e+02,1.124858915767e+01,2.868468547876e-04
4.974079559508e-03,4.577682049447e+01,3.119879102429e+01,1.224933294578e+06,3.018529104229e+02,1.124860421282e+01,2.863263631371e-04
4.974117737988e-03,4.576256071595e+01,3.119511181475e+01,1.227013711713e+06,3.018525141709e+02,1.124861928372e+01,2.858064632684e-04
4.974155874963e-03,4.574829196031e+01,3.119142378347e+01,1.229098790958e+06,3.018521175173e+02,1.124863437035e+01,2.852871558619e-04
4.974193970565e-03,4.573401417501e+01,3.118772689798e+01,1.231188551055e+06,3.018517204605e+02,1.124864947279e+01,2.847684391640e-04
4.974232024820e-03,4.571972734755e+01,3.118402113608e+01,1.233283004938e+06,3.018513229999e+02,1.124866459106e+01,2.842503128849e-04
4.974270037798e-03,4.570543144923e+01,3.118030647129e+01,1.235382167966e+06,3.018509251343e+02,1.124867972520e+01,2.837327761485e-04
4.974308009455e-03,4.569112649406e+01,3.117658288816e+01,1.237486049262e+06,3.018505268640e+02,1.124869487520e+01,2.832158296263e-04
4.974345939925e-03,4.567681242801e+01,3.117285035346e+01,1.239594667997e+06,3.018501281871e+02,1.124871004115e+01,2.826994715312e-04
4.974383829244e-03,4.566248923476e+01,3.116910884369e+01,1.241708037846e+06,3.018497291029e+02,1.124872522306e+01,2.821837014455e-04
4.974421677388e-03,4.564815692069e+01,3.116535834124e+01,1.243826169174e+06,3.018493296113e+02,1.124874042094e+01,2.816685197676e-04
4.974459484427e-03,4.563381545608e+01,3.116159881897e+01,1.245949077716e+06,3.018489297113e+02,1.124875563484e+01,2.811539255976e-04
4.974497250450e-03,4.561946480456e+01,3.115783024791e+01,1.248076780244e+06,3.018485294015e+02,1.124877086480e+01,2.806399178035e-04
4.974534975489e-03,4.560510495040e+01,3.115405260441e+01,1.250209290526e+06,3.018481286812e+02,1.124878611086e+01,2.801264959983e-04
4.974572659557e-03,4.559073588567e+01,3.115026586683e+01,1.252346621212e+06,3.018477275500e+02,1.124880137303e+01,2.796136600735e-04
4.974610302684e-03,4.557635759575e+01,3.114647001167e+01,1.254488785986e+06,3.018473260071e+02,1.124881665134e+01,2.791014096830e-04
4.974647905038e-03,4.556197001320e+01,3.114266500142e+01,1.256635806459e+06,3.018469240504e+02,1.124883194588e+01,2.785897426049e-04
4.974685466458e-03,4.554757319654e+01,3.113885083177e+01,1.258787685493e+06,3.018465216813e+02,1.124884725659e+01,2.780786611007e-04
4.974722987212e-03,4.553316703967e+01,3.113502745476e+01,1.260944450587e+06,3.018461188965e+02,1.124886258360e+01,2.775681615854e-04
4.974760467134e-03,4.551875160252e+01,3.113119486638e+01,1.263106104457e+06,3.018457156974e+02,1.124887792686e+01,2.770582463660e-04
4.974797906408e-03,4.550432681187e+01,3.112735302718e+01,1.265272669800e+06,3.018453120817e+02,1.124889328646e+01,2.765489130356e-04
4.974835304995e-03,4.548989267844e+01,3.112350191995e+01,1.267444156776e+06,3.018449080495e+02,1.124890866240e+01,2.760401621584e-04
4.974872663050e-03,4.547544913885e+01,3.111964150765e+01,1.269620586735e+06,3.018445035986e+02,1.124892405475e+01,2.755319916902e-04
4.974909980502e-03,4.546099621753e+01,3.111577177659e+01,1.271801967854e+06,3.018440987295e+02,1.124893946351e+01,2.750244026808e-04
4.974947257510e-03,4.544653384913e+01,3.111189268901e+01,1.273988321897e+06,3.018436934400e+02,1.124895488875e+01,2.745173930279e-04
4.974984493895e-03,4.543206209916e+01,3.110800424213e+01,1.276179650895e+06,3.018432877318e+02,1.124897033043e+01,2.740109652162e-04
4.975021689968e-03,4.541758084345e+01,3.110410638219e+01,1.278375985634e+06,3.018428816011e+02,1.124898578868e+01,2.735051150928e-04
4.975058845630e-03,4.540309011658e+01,3.110019909798e+01,1.280577332908e+06,3.018424750485e+02,1.124900126347e+01,2.729998440658e-04
4.975095960950e-03,4.538858988788e+01,3.109628236067e+01,1.282783709448e+06,3.018420680729e+02,1.124901675486e+01,2.724951512608e-04
4.975133036026e-03,4.537408011530e+01,3.109235613826e+01,1.284995133779e+06,3.018416606728e+02,1.124903226291e+01,2.719910354155e-04
4.975170070758e-03,4.535956083395e+01,3.108842041954e+01,1.287211612707e+06,3.018412528490e+02,1.124904778757e+01,2.714874979483e-04
4.975207065325e-03,4.534503196951e+01,3.108447516358e+01,1.289433169784e+06,3.018408445991e+02,1.124906332896e+01,2.709845364809e-04
4.975244019719e-03,4.533049352149e+01,3.108052034939e+01,1.291659817343e+06,3.018404359227e+02,1.124907888708e+01,2.704821512016e-04
4.975280933985e-03,4.531594546780e+01,3.107655595003e+01,1.293891571065e+06,3.018400268191e+02,1.124909446196e+01,2.699803415514e-04
4.975317808158e-03,4.530138779111e+01,3.107258193976e+01,1.296128445951e+06,3.018396172873e+02,1.124911005365e+01,2.694791071379e-04
4.975354642303e-03,4.528682046101e+01,3.106859828921e+01,1.298370459065e+06,3.018392073263e+02,1.124912566217e+01,2.689784471215e-04
4.975391436529e-03,4.527224343065e+01,3.106460496438e+01,1.300617630064e+06,3.018387969345e+02,1.124914128761e+01,2.684783601053e-04
4.975428190672e-03,4.525765676017e+01,3.106060196053e+01,1.302869962150e+06,3.018383861132e+02,1.124915692989e+01,2.679788483612e-04
4.975464904962e-03,4.524306035447e+01,3.105658923026e+01,1.305127482532e+06,3.018379748595e+02,1.124917258915e+01,2.674799088407e-04
4.975501579428e-03,4.522845419783e+01,3.105256674784e+01,1.307390206224e+06,3.018375631726e+02,1.124918826541e+01,2.669815412256e-04
4.975538214048e-03,4.521383829394e+01,3.104853449282e+01,1.309658145279e+06,3.018371510525e+02,1.124920395867e+01,2.664837458578e-04
4.975574808903e-03,4.519921260646e+01,3.104449243364e+01,1.311931318005e+06,3.018367384976e+02,1.124921966899e+01,2.659865217162e-04
4.975611363965e-03,4.518457714211e+01,3.104044055054e+01,1.314209736070e+06,3.018363255081e+02,1.124923539638e+01,2.654898692458e-04
4.975647879399e-03,4.516993183012e+01,3.103637880223e+01,1.316493423254e+06,3.018359120815e+02,1.124925114092e+01,2.649937862658e-04
4.975684355105e-03,4.515527670604e+01,3.103230717681e+01,1.318782386827e+06,3.018354982186e+02,1.124926690259e+01,2.644982742012e-04
4.975720791295e-03,4.514061168034e+01,3.102822562753e+01,1.321076653629e+06,3.018350839165e+02,1.124928268150e+01,2.640033302492e-04
4.975757187840e-03,4.512593679955e+01,3.102413414542e+01,1.323376229291e+06,3.018346691763e+02,1.124929847761e+01,2.635089562056e-04
4.975793544957e-03,4.511125197169e+01,3.102003268282e+01,1.325681141185e+06,3.018342539951e+02,1.124931429103e+01,2.630151491984e-04
4.975829862471e-03,4.509655726330e+01,3.101592123623e+01,1.327991391866e+06,3.018338383745e+02,1.124933012171e+01,2.625219116920e-04
4.975866140670e-03,4.508185255187e+01,3.101179974920e+01,1.330307013648e+06,3.018334223107e+02,1.124934596978e+01,2.620292398039e-04
4.975902379350e-03,4.506713791560e+01,3.100766822140e+01,1.332628007320e+06,3.018330058055e+02,1.124936183518e+01,2.615371363846e-04
4.975938578865e-03,4.505241320594e+01,3.100352658879e+01,1.334954409466e+06,3.018325888546e+02,1.124937771809e+01,2.610455967026e-04
4.975974738881e-03,4.503767855365e+01,3.099937486572e+01,1.337286212632e+06,3.018321714614e+02,1.124939361836e+01,2.605546253563e-04
4.976010859710e-03,4.502293382640e+01,3.099521299245e+01,1.339623450996e+06,3.018317536216e+02,1.124940953617e+01,2.600642181671e-04
4.976046941316e-03,4.500817903384e+01,3.099104094911e+01,1.341966136336e+06,3.018313353355e+02,1.124942547151e+01,2.595743756975e-04
4.976082983695e-03,4.499341417266e+01,3.098685871212e+01,1.344314282523e+06,3.018309166024e+02,1.124944142440e+01,2.590850980744e-04
4.976118986988e-03,4.497863917911e+01,3.098266624068e+01,1.346667913099e+06,3.018304974204e+02,1.124945739491e+01,2.585963834259e-04
4.976154951227e-03,4.496385403514e+01,3.097846350683e+01,1.349027044397e+06,3.018300777887e+02,1.124947338310e+01,2.581082314022e-04
4.976190876261e-03,4.494905879789e+01,3.097425050394e+01,1.351391680793e+06,3.018296577084e+02,1.124948938890e+01,2.576206441283e-04
4.976226762371e-03,4.493425334549e+01,3.097002717432e+01,1.353761855308e+06,3.018292371760e+02,1.124950541245e+01,2.571336178302e-04
4.976262609556e-03,4.491943767328e+01,3.096579349356e+01,1.356137582311e+06,3.018288161909e+02,1.124952145379e+01,2.566471526077e-04
4.976298417765e-03,4.490461179655e+01,3.096154944287e+01,1.358518873000e+06,3.018283947532e+02,1.124953751291e+01,2.561612492122e-04
4.976334187081e-03,4.488977567580e+01,3.095729498771e+01,1.360905747425e+06,3.018279728616e+02,1.124955358986e+01,2.556759065954e-04
4.976369917507e-03,4.487492930355e+01,3.095303010264e+01,1.363298220541e+06,3.018275505155e+02,1.124956968466e+01,2.551911247625e-04
4.976405609220e-03,4.486007260083e+01,3.094875474156e+01,1.365696318890e+06,3.018271277124e+02,1.124958579741e+01,2.547069013901e-04
4.976441262150e-03,4.484520559151e+01,3.094446888782e+01,1.368100052489e+06,3.018267044525e+02,1.124960192811e+01,2.542232375145e-04
4.976476876309e-03,4.483032826358e+01,3.094017251441e+01,1.370509437191e+06,3.018262807354e+02,1.124961807678e+01,2.537401329972e-04
4.976512451779e-03,4.481544057832e+01,3.093586558649e+01,1.372924493227e+06,3.018258565595e+02,1.124963424347e+01,2.532575868363e-04
4.976547988678e-03,4.480054247929e+01,3.093154806397e+01,1.375345243782e+06,3.018254319230e+02,1.124965042825e+01,2.527755974643e-04
4.976583486984e-03,4.478563397046e+01,3.092721992416e+01,1.377771702293e+06,3.018250068256e+02,1.124966663115e+01,2.522941652742e-04
4.976618946715e-03,4.477071503752e+01,3.092288113899e+01,1.380203885217e+06,3.018245812667e+02,1.124968285218e+01,2.518132900652e-04
4.976654367917e-03,4.475578565556e+01,3.091853167721e+01,1.382641810794e+06,3.018241552451e+02,1.124969909140e+01,2.513329712973e-04
4.976689750643e-03,4.474084579605e+01,3.091417150641e+01,1.385085497919e+06,3.018237287598e+02,1.124971534883e+01,2.508532083167e-04
4.976725094993e-03,4.472589541018e+01,3.090980058816e+01,1.387534968870e+06,3.018233018091e+02,1.124973162456e+01,2.503739998261e-04
4.976760400937e-03,4.471093450440e+01,3.090541890005e+01,1.389990236942e+06,3.018228743928e+02,1.124974791858e+01,2.498953463032e-04
4.976795668457e-03,4.469596308042e+01,3.090102641826e+01,1.392451316246e+06,3.018224465107e+02,1.124976423092e+01,2.494172480679e-04
4.976830897777e-03,4.468098103651e+01,3.089662308847e+01,1.394918237962e+06,3.018220181595e+02,1.124978056169e+01,2.489397021456e-04
4.976866088795e-03,4.466598840967e+01,3.089220889700e+01,1.397391010521e+06,3.018215893399e+02,1.124979691087e+01,2.484627099924e-04
4.976901241633e-03,4.465098514095e+01,3.088778380187e+01,1.399869658210e+06,3.018211600500e+02,1.124981327853e+01,2.479862700087e-04
4.976936356171e-03,4.463597127586e+01,3.088334779179e+01,1.402354188128e+06,3.018207302908e+02,1.124982966465e+01,2.475103839126e-04
4.976971432666e-03,4.462094669704e+01,3.087890080727e+01,1.404844634373e+06,3.018203000586e+02,1.124984606936e+01,2.470350482617e-04
4.977006471070e-03,4.460591141856e+01,3.087444282757e+01,1.407341009361e+06,3.018198693534e+02,1.124986249266e+01,2.465602637865e-04
4.977041471386e-03,4.459086543229e+01,3.086997382526e+01,1.409843329232e+06,3.018194381746e+02,1.124987893458e+01,2.460860305113e-04
4.977076433669e-03,4.457580870809e+01,3.086549376633e+01,1.412351613845e+06,3.018190065212e+02,1.124989539516e+01,2.456123477668e-04
4.977111358032e-03,4.456074119001e+01,3.086100260894e+01,1.414865887431e+06,3.018185743912e+02,1.124991187448e+01,2.451392140803e-04
4.977146244421e-03,4.454566289473e+01,3.085650033278e+01,1.417386162173e+06,3.018181417847e+02,1.124992837254e+01,2.446666302627e-04
4.977181092879e-03,4.453057379690e+01,3.085198690494e+01,1.419912457326e+06,3.018177087006e+02,1.124994488937e+01,2.441945958037e-04
4.977215903603e-03,4.451547380343e+01,3.084746227208e+01,1.422444803563e+06,3.018172751361e+02,1.124996142510e+01,2.437231080854e-04
4.977250676414e-03,4.450036298525e+01,3.084292642992e+01,1.424983204130e+06,3.018168410927e+02,1.124997797965e+01,2.432521696148e-04
4.977285411524e-03,4.448524124249e+01,3.083837932282e+01,1.427527691000e+06,3.018164065673e+02,1.124999455317e+01,2.427817775709e-04
4.977320108783e-03,4.447010863420e+01,3.083382094282e+01,1.430078269486e+06,3.018159715612e+02,1.125001114558e+01,2.423119340832e-04
4.977354768503e-03,4.445496501614e+01,3.082925122062e+01,1.432634979222e+06,3.018155360700e+02,1.125002775707e+01,2.418426349704e-04
4.977389390515e-03,4.443981045533e+01,3.082467015048e+01,1.435197824277e+06,3.018151000953e+02,1.125004438758e+01,2.413738826125e-04
4.977423974835e-03,4.442464493693e+01,3.082007770193e+01,1.437766822582e+06,3.018146636363e+02,1.125006103714e+01,2.409056768423e-04
4.977458521738e-03,4.440946833251e+01,3.081547380993e+01,1.440342011395e+06,3.018142266890e+02,1.125007770591e+01,2.404380140002e-04
4.977493031049e-03,4.439428071229e+01,3.081085846954e+01,1.442923394366e+06,3.018137892550e+02,1.125009439382e+01,2.399708965568e-04
4.977527502816e-03,4.437908204635e+01,3.080623164538e+01,1.445510992184e+06,3.018133513332e+02,1.125011110092e+01,2.395043238901e-04
4.977561937224e-03,4.436387224670e+01,3.080159328423e+01,1.448104835510e+06,3.018129129207e+02,1.125012782732e+01,2.390382936068e-04
4.977596334219e-03,4.434865132819e+01,3.079694336409e+01,1.450704937560e+06,3.018124740175e+02,1.125014457302e+01,2.385728064735e-04
4.977630693796e-03,4.433341928607e+01,3.079228185691e+01,1.453311314940e+06,3.018120346233e+02,1.125016133804e+01,2.381078626513e-04
4.977665016085e-03,4.431817605410e+01,3.078760871570e+01,1.455923994843e+06,3.018115947358e+02,1.125017812248e+01,2.376434604286e-04
4.977699301043e-03,4.430292164410e+01,3.078292391727e+01,1.458542991166e+06,3.018111543549e+02,1.125019492632e+01,2.371796004778e-04
4.977733548829e-03,4.428765597657e+01,3.077822741030e+01,1.461168333551e+06,3.018107134780e+02,1.125021174968e+01,2.367162806967e-04
4.977767759340e-03,4.427237908995e+01,3.077351917959e+01,1.463800031435e+06,3.018102721060e+02,1.125022859252e+01,2.362535025682e-04
4.977801932836e-03,4.425709085936e+01,3.076879915952e+01,1.466438122451e+06,3.018098302348e+02,1.125024545501e+01,2.357912626310e-04
4.977836068962e-03,4.424179143602e+01,3.076406736960e+01,1.469082596672e+06,3.018093878684e+02,1.125026233698e+01,2.353295657716e-04
4.977870168192e-03,4.422648059888e+01,3.075932371414e+01,1.471733508537e+06,3.018089450002e+02,1.125027923870e+01,2.348684056366e-04
4.977904230383e-03,4.421115840345e+01,3.075456818288e+01,1.474390864762e+06,3.018085016314e+02,1.125029616012e+01,2.344077842309e-04
4.977938255431e-03,4.419582488858e+01,3.074980076040e+01,1.477054674959e+06,3.018080577627e+02,1.125031310121e+01,2.339477030395e-04
4.977972243652e-03,4.418047990279e+01,3.074502137196e+01,1.479724981877e+06,3.018076133895e+02,1.125033006216e+01,2.334881578431e-04
4.978006194891e-03,4.416512350768e+01,3.074023000902e+01,1.482401791302e+06,3.018071685132e+02,1.125034704292e+01,2.330291508180e-04
4.978040109237e-03,4.414975565494e+01,3.073542662867e+01,1.485085128210e+06,3.018067231320e+02,1.125036404354e+01,2.325706808455e-04
4.978073986742e-03,4.413437631139e+01,3.073061119262e+01,1.487775015023e+06,3.018062772446e+02,1.125038106410e+01,2.321127472663e-04
4.978107827503e-03,4.411898542482e+01,3.072578365646e+01,1.490471477571e+06,3.018058308491e+02,1.125039810465e+01,2.316553488616e-04
4.978141631452e-03,4.410358301690e+01,3.072094399884e+01,1.493174528818e+06,3.018053839459e+02,1.125041516519e+01,2.311984866105e-04
4.978175398690e-03,4.408816903263e+01,3.071609217423e+01,1.495884195243e+06,3.018049365330e+02,1.125043224580e+01,2.307421592149e-04
4.978209129192e-03,4.407274347464e+01,3.071122815512e+01,1.498600493265e+06,3.018044886101e+02,1.125044934649e+01,2.302863670890e-04
4.978242823072e-03,4.405730628170e+01,3.070635189374e+01,1.501323450629e+06,3.018040401750e+02,1.125046646734e+01,2.298311087605e-04
4.978276480393e-03,4.404185741598e+01,3.070146334954e+01,1.504053091039e+06,3.018035912264e+02,1.125048360841e+01,2.293763834587e-04
4.978310101179e-03,4.402639685701e+01,3.069656248737e+01,1.506789435219e+06,3.018031417632e+02,1.125050076975e+01,2.289221909273e-04
4.978343685287e-03,4.401092466137e+01,3.069164929638e+01,1.509532490302e+06,3.018026917867e+02,1.125051795129e+01,2.284685331663e-04
4.978377233044e-03,4.399544066863e+01,3.068672369676e+01,1.512282301960e+06,3.018022412920e+02,1.125053515324e+01,2.280154058169e-04
4.978410744268e-03,4.397994495376e+01,3.068178568332e+01,1.515038874185e+06,3.018017902808e+02,1.125055237554e+01,2.275628114231e-04
4.978444219177e-03,4.396443740691e+01,3.067683519196e+01,1.517802243891e+06,3.018013387497e+02,1.125056961831e+01,2.271107471259e-04
4.978477657609e-03,4.394891809220e+01,3.067187221391e+01,1.520572417087e+06,3.018008867000e+02,1.125058688150e+01,2.266592151447e-04
4.978511059817e-03,4.393338688374e+01,3.066689667959e+01,1.523349433754e+06,3.018004341277e+02,1.125060416527e+01,2.262082121687e-04
4.978544425677e-03,4.391784382935e+01,3.066190857485e+01,1.526133302926e+06,3.017999810340e+02,1.125062146959e+01,2.257577399435e-04
4.978577755269e-03,4.390228888125e+01,3.065690785484e+01,1.528924050797e+06,3.017995274170e+02,1.125063879451e+01,2.253077974365e-04
4.978611048660e-03,4.388672199877e+01,3.065189447680e+01,1.531721702386e+06,3.017990732752e+02,1.125065614011e+01,2.248583838279e-04
4.978644305895e-03,4.387114315135e+01,3.064686840111e+01,1.534526280980e+06,3.017986186073e+02,1.125067350643e+01,2.244094985963e-04
4.978677527023e-03,4.385555230506e+01,3.064182958692e+01,1.537337810553e+06,3.017981634120e+02,1.125069089353e+01,2.239611411275e-04
4.978710712041e-03,4.383994945144e+01,3.063677800148e+01,1.540156310568e+06,3.017977076886e+02,1.125070830144e+01,2.235133115412e-04
4.978743860916e-03,4.382433459633e+01,3.063171361660e+01,1.542981797961e+06,3.017972514370e+02,1.125072573015e+01,2.230660103639e-04
4.978776973880e-03,4.380870762023e+01,3.062663636327e+01,1.545814312438e+06,3.017967946533e+02,1.125074317984e+01,2.226192345393e-04
4.978810050821e-03,4.379306856523e+01,3.062154622480e+01,1.548653864529e+06,3.017963373383e+02,1.125076065045e+01,2.221729856417e-04
4.978843091802e-03,4.377741739117e+01,3.061644315769e+01,1.551500479742e+06,3.017958794905e+02,1.125077814206e+01,2.217272628908e-04
4.978876096976e-03,4.376175401497e+01,3.061132710423e+01,1.554354191495e+06,3.017954211071e+02,1.125079565477e+01,2.212820642957e-04
4.978909066196e-03,4.374607849630e+01,3.060619805323e+01,1.557215007292e+06,3.017949621895e+02,1.125081318853e+01,2.208373919246e-04
4.978941999622e-03,4.373039074789e+01,3.060105594534e+01,1.560082961495e+06,3.017945027348e+02,1.125083074347e+01,2.203932436736e-04
4.978974897275e-03,4.371469074992e+01,3.059590074311e+01,1.562958076254e+06,3.017940427419e+02,1.125084831961e+01,2.199496193595e-04
4.979007759095e-03,4.369897851915e+01,3.059073242102e+01,1.565840367087e+06,3.017935822110e+02,1.125086591696e+01,2.195065198296e-04
4.979040585354e-03,4.368325391516e+01,3.058555090171e+01,1.568729878435e+06,3.017931211376e+02,1.125088353568e+01,2.190639415062e-04
4.979073375848e-03,4.366751702467e+01,3.058035618244e+01,1.571626613113e+06,3.017926595239e+02,1.125090117571e+01,2.186218872145e-04
4.979106130775e-03,4.365176774193e+01,3.057514819692e+01,1.574530609410e+06,3.017921973663e+02,1.125091883717e+01,2.181803543642e-04
4.979138849991e-03,4.363600612466e+01,3.056992693272e+01,1.577441875571e+06,3.017917346663e+02,1.125093652002e+01,2.177393449561e-04
4.979171533816e-03,4.362023200780e+01,3.056469230351e+01,1.580360461071e+06,3.017912714185e+02,1.125095422446e+01,2.172988547593e-04
4.979204182018e-03,4.360444549170e+01,3.055944431081e+01,1.583286366403e+06,3.017908076255e+02,1.125097195039e+01,2.168588869676e-04
4.979236794752e-03,4.358864648990e+01,3.055418289401e+01,1.586219626711e+06,3.017903432844e+02,1.125098969794e+01,2.164194395553e-04
4.979269372037e-03,4.357283498283e+01,3.054890801460e+01,1.589160264836e+06,3.017898783943e+02,1.125100746713e+01,2.159805123700e-04
4.979301914040e-03,4.355701087666e+01,3.054361960911e+01,1.592108317535e+06,3.017894129520e+02,1.125102525809e+01,2.155421032050e-04
4.979334420485e-03,4.354117429501e+01,3.053831768661e+01,1.595063781135e+06,3.017889469607e+02,1.125104307070e+01,2.151042158761e-04
4.979366891817e-03,4.352532500825e+01,3.053300213785e+01,1.598026717937e+06,3.017884804133e+02,1.125106090523e+01,2.146668444313e-04
4.979399327745e-03,4.350946314765e+01,3.052767297433e+01,1.600997122942e+06,3.017880133133e+02,1.125107876156e+01,2.142299928962e-04
4.979431728380e-03,4.349358864698e+01,3.052233014121e+01,1.603975028133e+06,3.017875456583e+02,1.125109663978e+01,2.137936598383e-04
4.979464093900e-03,4.347770140726e+01,3.051697357241e+01,1.606960471775e+06,3.017870774450e+02,1.125111454001e+01,2.133578429405e-04
4.979496424186e-03,4.346180147392e+01,3.051160325037e+01,1.609953465103e+06,3.017866086744e+02,1.125113246222e+01,2.129225438545e-04
4.979528719395e-03,4.344588875872e+01,3.050621911227e+01,1.612954044572e+06,3.017861393434e+02,1.125115040653e+01,2.124877605696e-04
4.979560979514e-03,4.342996325503e+01,3.050082112272e+01,1.615962231380e+06,3.017856694516e+02,1.125116837297e+01,2.120534933139e-04
4.979593204533e-03,4.341402495605e+01,3.049540924618e+01,1.618978046811e+06,3.017851989982e+02,1.125118636156e+01,2.116197423096e-04
4.979625394518e-03,4.339807381681e+01,3.048998343399e+01,1.622001519465e+06,3.017847279815e+02,1.125120437237e+01,2.111865067393e-04
4.979657549554e-03,4.338210978240e+01,3.048454363396e+01,1.625032679933e+06,3.017842563996e+02,1.125122240547e+01,2.107537855249e-04
4.979689669659e-03,4.336613283166e+01,3.047908980522e+01,1.628071552497e+06,3.017837842514e+02,1.125124046092e+01,2.103215785091e-04
4.979721754822e-03,4.335014295769e+01,3.047362191165e+01,1.631118158814e+06,3.017833115363e+02,1.125125853873e+01,2.098898859196e-04
4.979753805189e-03,4.333414007418e+01,3.046813988982e+01,1.634172535764e+06,3.017828382513e+02,1.125127663902e+01,2.094587058453e-04
4.979785820627e-03,4.331812423579e+01,3.046264372442e+01,1.637234693426e+06,3.017823643977e+02,1.125129476175e+01,2.090280401763e-04
4.979817801281e-03,4.330209535657e+01,3.045713335181e+01,1.640304668816e+06,3.017818899725e+02,1.125131290704e+01,2.085978870177e-04
4.979849747248e-03,4.328605337497e+01,3.045160871651e+01,1.643382494422e+06,3.017814149735e+02,1.125133107497e+01,2.081682451440e-04
4.979881658503e-03,4.326999829050e+01,3.044606978390e+01,1.646468191120e+06,3.017809394003e+02,1.125134926555e+01,2.077391149706e-04
4.979913535035e-03,4.325393009552e+01,3.044051651679e+01,1.649561781229e+06,3.017804632521e+02,1.125136747883e+01,2.073104967170e-04
4.979945376841e-03,4.323784877857e+01,3.043494887655e+01,1.652663287880e+06,3.017799865284e+02,1.125138571482e+01,2.068823904986e-04
4.979977184216e-03,4.322175417698e+01,3.042936677199e+01,1.655772763491e+06,3.017795092238e+02,1.125140397374e+01,2.064547924194e-04
4.980008956926e-03,4.320564639582e+01,3.042377020458e+01,1.658890208895e+06,3.017790313410e+02,1.125142225547e+01,2.060277057060e-04
4.980040695104e-03,4.318952535484e+01,3.041815911135e+01,1.662015660814e+06,3.017785528773e+02,1.125144056014e+01,2.056011286584e-04
4.980072398787e-03,4.317339102125e+01,3.041253344565e+01,1.665149146899e+06,3.017780738313e+02,1.125145888779e+01,2.051750608436e-04
4.980104068074e-03,4.315724333056e+01,3.040689314959e+01,1.668290701070e+06,3.017775942006e+02,1.125147723852e+01,2.047495009979e-04
4.980135702822e-03,4.314108234236e+01,3.040123820849e+01,1.671440333197e+06,3.017771139866e+02,1.125149561228e+01,2.043244511270e-04
4.980167303300e-03,4.312490790548e+01,3.039556853380e+01,1.674598094305e+06,3.017766331843e+02,1.125151400926e+01,2.038999076944e-04
4.980198869428e-03,4.310872004638e+01,3.038988409897e+01,1.677764000899e+06,3.017761517943e+02,1.125153242945e+01,2.034758718422e-04
4.980230401187e-03,4.309251876145e+01,3.038418486683e+01,1.680938075419e+06,3.017756698158e+02,1.125155087287e+01,2.030523439157e-04
4.980261898668e-03,4.307630398924e+01,3.037847077969e+01,1.684120351731e+06,3.017751872467e+02,1.125156933962e+01,2.026293227497e-04
4.980293361975e-03,4.306007566220e+01,3.037274177754e+01,1.687310865026e+06,3.017747040846e+02,1.125158782977e+01,2.022068070325e-04
4.980324791098e-03,4.304383377183e+01,3.036699782099e+01,1.690509639009e+06,3.017742203287e+02,1.125160634338e+01,2.017847969948e-04
4.980356186001e-03,4.302757832081e+01,3.036123887450e+01,1.693716695255e+06,3.017737359787e+02,1.125162488044e+01,2.013632931546e-04
4.980387546747e-03,4.301130926345e+01,3.035546488529e+01,1.696932064973e+06,3.017732510329e+02,1.125164344104e+01,2.009422947741e-04
4.980418873522e-03,4.299502648814e+01,3.034967577693e+01,1.700155792531e+06,3.017727654874e+02,1.125166202532e+01,2.005217994238e-04
4.980450166241e-03,4.297873002441e+01,3.034387152295e+01,1.703387894498e+06,3.017722793428e+02,1.125168063326e+01,2.001018083277e-04
4.980481424847e-03,4.296241988675e+01,3.033805209150e+01,1.706628390466e+06,3.017717925989e+02,1.125169926487e+01,1.996823223115e-04
4.980512649538e-03,4.294609595802e+01,3.033221740356e+01,1.709877326288e+06,3.017713052520e+02,1.125171792030e+01,1.992633388195e-04
4.980543840274e-03,4.292975824274e+01,3.032636742339e+01,1.713134723753e+06,3.017708173017e+02,1.125173659956e+01,1.988448584311e-04
4.980574997220e-03,4.291340664030e+01,3.032050207740e+01,1.716400625709e+06,3.017703287446e+02,1.125175530280e+01,1.984268790379e-04
4.980606120101e-03,4.289704127934e+01,3.031462137413e+01,1.719675029323e+06,3.017698395840e+02,1.125177402988e+01,1.980094043879e-04
4.980637209243e-03,4.288066197395e+01,3.030872520900e+01,1.722957994741e+06,3.017693498141e+02,1.125179278103e+01,1.975924301994e-04
4.980668264667e-03,4.286426869711e+01,3.030281353428e+01,1.726249550472e+06,3.017688594334e+02,1.125181155631e+01,1.971759562619e-04
4.980699286198e-03,4.284786152530e+01,3.029688633947e+01,1.729549704318e+06,3.017683684440e+02,1.125183035564e+01,1.967599849850e-04
4.980730274096e-03,4.283144030662e+01,3.029094353146e+01,1.732858510085e+06,3.017678768407e+02,1.125184917923e+01,1.963445129867e-04
4.980761228368e-03,4.281500502069e+01,3.028498506443e+01,1.736175995268e+06,3.017673846226e+02,1.125186802711e+01,1.959295402330e-04
4.980792148857e-03,4.279855573595e+01,3.027901092466e+01,1.739502169499e+06,3.017668917913e+02,1.125188689923e+01,1.955150689232e-04
4.980823035806e-03,4.278209230602e+01,3.027302102033e+01,1.742837085929e+06,3.017663983419e+02,1.125190579577e+01,1.951010958429e-04
4.980853889188e-03,4.276561473093e+01,3.026701531254e+01,1.746180768230e+06,3.017659042740e+02,1.125192471675e+01,1.946876214757e-04
4.980884709035e-03,4.274912297585e+01,3.026099374960e+01,1.749533247235e+06,3.017654095861e+02,1.125194366224e+01,1.942746454294e-04
4.980915495359e-03,4.273261701904e+01,3.025495628441e+01,1.752894551227e+06,3.017649142770e+02,1.125196263228e+01,1.938621676413e-04
4.980946248207e-03,4.271609681954e+01,3.024890286269e+01,1.756264712509e+06,3.017644183452e+02,1.125198162694e+01,1.934501875706e-04
4.980976967719e-03,4.269956228460e+01,3.024283341095e+01,1.759643774090e+06,3.017639217874e+02,1.125200064634e+01,1.930387033951e-04
4.981007653690e-03,4.268301350876e+01,3.023674792428e+01,1.763031740812e+06,3.017634246059e+02,1.125201969039e+01,1.926277179529e-04
4.981038306429e-03,4.266645030899e+01,3.023064629561e+01,1.766428674420e+06,3.017629267949e+02,1.125203875933e+01,1.922172271873e-04
4.981068925820e-03,4.264987273047e+01,3.022452850160e+01,1.769834590053e+06,3.017624283552e+02,1.125205785313e+01,1.918072327148e-04
4.981099511812e-03,4.263328078482e+01,3.021839450648e+01,1.773249509783e+06,3.017619292867e+02,1.125207697179e+01,1.913977353088e-04
4.981130064742e-03,4.261667427242e+01,3.021224419618e+01,1.776673499302e+06,3.017614295830e+02,1.125209611556e+01,1.909887305420e-04
4.981160584353e-03,4.260005331469e+01,3.020607757522e+01,1.780106558291e+06,3.017609292472e+02,1.125211528432e+01,1.905802219068e-04
4.981191070776e-03,4.258341782475e+01,3.019989457083e+01,1.783548729479e+06,3.017604282763e+02,1.125213447820e+01,1.901722077603e-04
4.981221524144e-03,4.256676771178e+01,3.019369510849e+01,1.787000056587e+06,3.017599266671e+02,1.125215369732e+01,1.897646863801e-04
4.981251944329e-03,4.255010302846e+01,3.018747916690e+01,1.790460553717e+06,3.017594244207e+02,1.125217294164e+01,1.893576595589e-04
4.981282331467e-03,4.253342368311e+01,3.018124667083e+01,1.793930265029e+06,3.017589215338e+02,1.125219221129e+01,1.889511255588e-04
4.981312685571e-03,4.251672965149e+01,3.017499756999e+01,1.797409220805e+06,3.017584180054e+02,1.125221150631e+01,1.885450842969e-04
4.981343006635e-03,4.250002091885e+01,3.016873181748e+01,1.800897449459e+06,3.017579138344e+02,1.125223082674e+01,1.881395359203e-04
4.981373294812e-03,4.248329738312e+01,3.016244933345e+01,1.804394997766e+06,3.017574090174e+02,1.125225017273e+01,1.877344784634e-04
4.981403550013e-03,4.246655907500e+01,3.015615008772e+01,1.807901884882e+06,3.017569035548e+02,1.125226954426e+01,1.873299131830e-04
4.981433772351e-03,4.244980591518e+01,3.014983400856e+01,1.811418153096e+06,3.017563974436e+02,1.125228894144e+01,1.869258386752e-04
4.981463961818e-03,4.243303788869e+01,3.014350104826e+01,1.814943831345e+06,3.017558906831e+02,1.125230836432e+01,1.865222550953e-04
4.981494118482e-03,4.241625494061e+01,3.013715114386e+01,1.818478957084e+06,3.017553832711e+02,1.125232781296e+01,1.861191616386e-04
4.981524242363e-03,4.239945704095e+01,3.013078424163e+01,1.822023562649e+06,3.017548752061e+02,1.125234728744e+01,1.857165581055e-04
4.981554333483e-03,4.238264415946e+01,3.012440028754e+01,1.825577680554e+06,3.017543664868e+02,1.125236678781e+01,1.853144442915e-04
4.981584391850e-03,4.236581627268e+01,3.011799922997e+01,1.829141341994e+06,3.017538571121e+02,1.125238631412e+01,1.849128201555e-04
4.981614417540e-03,4.234897331944e+01,3.011158100277e+01,1.832714586273e+06,3.017533470795e+02,1.125240586646e+01,1.845116847607e-04
4.981644410731e-03,4.233211518146e+01,3.010514551776e+01,1.836297464991e+06,3.017528363850e+02,1.125242544498e+01,1.841110358249e-04
4.981674371189e-03,4.231524197100e+01,3.009869277452e+01,1.839889980888e+06,3.017523250316e+02,1.125244504959e+01,1.837108765453e-04
4.981704299051e-03,4.229835359233e+01,3.009222269310e+01,1.843492181023e+06,3.017518130158e+02,1.125246468041e+01,1.833112051741e-04
4.981734194465e-03,4.228144994269e+01,3.008573519052e+01,1.847104114151e+06,3.017513003340e+02,1.125248433759e+01,1.829120198156e-04
4.981764057318e-03,4.226453106592e+01,3.007923023982e+01,1.850725797857e+06,3.017507869872e+02,1.125250402109e+01,1.825133220407e-04
4.981793887699e-03,4.224759689338e+01,3.007270777070e+01,1.854357273885e+06,3.017502729727e+02,1.125252373102e+01,1.821151107645e-04
4.981823685688e-03,4.223064736005e+01,3.006616771398e+01,1.857998583367e+06,3.017497582881e+02,1.125254346748e+01,1.817173849977e-04
4.981853451246e-03,4.221368246804e+01,3.005961002620e+01,1.861649753150e+06,3.017492429329e+02,1.125256323048e+01,1.813201453304e-04
4.981883184519e-03,4.219670211437e+01,3.005303462306e+01,1.865310832831e+06,3.017487269035e+02,1.125258302018e+01,1.809233898952e-04
4.981912885346e-03,4.217970637164e+01,3.004644148804e+01,1.868981834292e+06,3.017482102017e+02,1.125260283649e+01,1.805271209294e-04
4.981942553999e-03,4.216269506447e+01,3.003983050827e+01,1.872662823080e+06,3.017476928215e+02,1.125262267967e+01,1.801313348893e-04
4.981972190323e-03,4.214566826052e+01,3.003320166503e+01,1.876353812350e+06,3.017471747647e+02,1.125264254963e+01,1.797360338993e-04
4.982001794453e-03,4.212862586338e+01,3.002655487562e+01,1.880054850904e+06,3.017466560277e+02,1.125266244653e+01,1.793412162676e-04
4.982031366316e-03,4.211156789432e+01,3.001989010298e+01,1.883765962146e+06,3.017461366106e+02,1.125268237036e+01,1.789468830352e-04
4.982060906155e-03,4.209449419231e+01,3.001320723862e+01,1.887487209281e+06,3.017456165082e+02,1.125270232133e+01,1.785530310354e-04
4.982090413788e-03,4.207740484263e+01,3.000650627017e+01,1.891218602014e+06,3.017450957224e+02,1.125272229937e+01,1.781596627925e-04
4.982119889391e-03,4.206029972209e+01,2.999978710342e+01,1.894960195646e+06,3.017445742491e+02,1.125274230463e+01,1.777667760256e-04
4.982149332976e-03,4.204317880355e+01,2.999304968156e+01,1.898712024671e+06,3.017440520869e+02,1.125276233718e+01,1.773743706746e-04
4.982178744412e-03,4.202604214198e+01,2.998629397999e+01,1.902474105681e+06,3.017435292369e+02,1.125278239697e+01,1.769824485543e-04
4.982208123941e-03,4.200888957557e+01,2.997951988845e+01,1.906246502980e+06,3.017430056937e+02,1.125280248422e+01,1.765910065227e-04
4.982237471630e-03,4.199172104342e+01,2.997272733617e+01,1.910029258917e+06,3.017424814550e+02,1.125282259902e+01,1.762000437648e-04
4.982266787243e-03,4.197453666294e+01,2.996591632276e+01,1.913822376666e+06,3.017419565238e+02,1.125284274126e+01,1.758095635164e-04
4.982296071036e-03,4.195733626210e+01,2.995908673304e+01,1.917625923350e+06,3.017414308944e+02,1.125286291116e+01,1.754195624312e-04
4.982325323104e-03,4.194011976464e+01,2.995223848942e+01,1.921439945184e+06,3.017409045639e+02,1.125288310883e+01,1.750300393592e-04
4.982354543243e-03,4.192288726763e+01,2.994537158310e+01,1.925264450102e+06,3.017403775348e+02,1.125290333419e+01,1.746409970687e-04
4.982383731603e-03,4.190563866183e+01,2.993848592299e+01,1.929099491896e+06,3.017398498031e+02,1.125292358738e+01,1.742524336600e-04
4.982412888259e-03,4.188837388052e+01,2.993158143461e+01,1.932945115112e+06,3.017393213665e+02,1.125294386851e+01,1.738643482075e-04
4.982442013192e-03,4.187109291271e+01,2.992465806558e+01,1.936801352044e+06,3.017387922239e+02,1.125296417761e+01,1.734767410426e-04
4.982471106559e-03,4.185379564338e+01,2.991771572157e+01,1.940668258351e+06,3.017382623713e+02,1.125298451485e+01,1.730896101704e-04
4.982500168155e-03,4.183648217264e+01,2.991075439438e+01,1.944545841760e+06,3.017377318114e+02,1.125300488013e+01,1.727029584106e-04
4.982529198265e-03,4.181915230703e+01,2.990377395766e+01,1.948434175835e+06,3.017372005376e+02,1.125302527370e+01,1.723167820256e-04
4.982558196648e-03,4.180180616882e+01,2.989677441187e+01,1.952333263516e+06,3.017366685532e+02,1.125304569544e+01,1.719310843228e-04
4.982587163720e-03,4.178444348612e+01,2.988975559829e+01,1.956243196456e+06,3.017361358492e+02,1.125306614569e+01,1.715458598475e-04
4.982616099168e-03,4.176706442397e+01,2.988271753441e+01,1.960163968166e+06,3.017356024303e+02,1.125308662429e+01,1.711611128564e-04
4.982645003102e-03,4.174966889254e+01,2.987566013455e+01,1.964095629670e+06,3.017350682932e+02,1.125310713137e+01,1.707768419421e-04
4.982673875639e-03,4.173225679931e+01,2.986858331159e+01,1.968038232811e+06,3.017345334344e+02,1.125312766705e+01,1.703930456532e-04
4.982702716903e-03,4.171482804598e+01,2.986148697572e+01,1.971991830963e+06,3.017339978504e+02,1.125314823149e+01,1.700097224269e-04
4.982731526682e-03,4.169738273707e+01,2.985437111950e+01,1.975956431632e+06,3.017334615439e+02,1.125316882457e+01,1.696268751595e-04
4.982760305154e-03,4.167992074133e+01,2.984723563926e+01,1.979932095984e+06,3.017329245103e+02,1.125318944648e+01,1.692445015637e-04
4.982789052295e-03,4.166244204967e+01,2.984008048087e+01,1.983918857588e+06,3.017323867489e+02,1.125321009726e+01,1.688626020408e-04
4.982817768277e-03,4.164494653369e+01,2.983290554115e+01,1.987916777391e+06,3.017318482550e+02,1.125323077708e+01,1.684811743922e-04
4.982846452973e-03,4.162743424714e+01,2.982571079131e+01,1.991925874913e+06,3.017313090299e+02,1.125325148590e+01,1.681002203972e-04
4.982875106488e-03,4.160990510141e+01,2.981849614394e+01,1.995946202366e+06,3.017307690702e+02,1.125327222385e+01,1.677197387321e-04
4.982903728814e-03,4.159235907771e+01,2.981126154009e+01,1.999977796137e+06,3.017302283748e+02,1.125329299099e+01,1.673397295973e-04
4.982932320007e-03,4.157479611751e+01,2.980400690421e+01,2.004020701893e+06,3.017296869414e+02,1.125331378739e+01,1.669601923337e-04
4.982960880236e-03,4.155721609160e+01,2.979673213122e+01,2.008074981782e+06,3.017291447655e+02,1.125333461325e+01,1.665811247691e-04
4.982989409298e-03,4.153961910113e+01,2.978943721111e+01,2.012140645009e+06,3.017286018496e+02,1.125335546847e+01,1.662025297004e-04
4.983017907276e-03,4.152200506959e+01,2.978212206017e+01,2.016217741882e+06,3.017280581907e+02,1.125337635316e+01,1.658244060887e-04
4.983046374386e-03,4.150437383909e+01,2.977478656052e+01,2.020306341790e+06,3.017275137836e+02,1.125339726753e+01,1.654467511668e-04
4.983074810495e-03,4.148672546677e+01,2.976743068338e+01,2.024406464474e+06,3.017269686293e+02,1.125341821155e+01,1.650695667844e-04
4.983103215623e-03,4.146905991468e+01,2.976005436028e+01,2.028518151858e+06,3.017264227262e+02,1.125343918528e+01,1.646928527470e-04
4.983131589989e-03,4.145137702211e+01,2.975265747115e+01,2.032641474637e+06,3.017258760686e+02,1.125346018894e+01,1.643166062568e-04
4.983159933397e-03,4.143367688496e+01,2.974524000294e+01,2.036776443895e+06,3.017253286592e+02,1.125348122245e+01,1.639408299824e-04
4.983188245951e-03,4.141595941291e+01,2.973780186449e+01,2.040923114287e+06,3.017247804944e+02,1.125350228593e+01,1.635655226273e-04
4.983216527838e-03,4.139822446311e+01,2.973034294222e+01,2.045081553005e+06,3.017242315692e+02,1.125352337958e+01,1.631906818024e-04
4.983244778908e-03,4.138047210383e+01,2.972286321098e+01,2.049251777964e+06,3.017236818853e+02,1.125354450335e+01,1.628163095863e-04
4.983272999209e-03,4.136270227872e+01,2.971536259307e+01,2.053433836428e+06,3.017231314404e+02,1.125356565732e+01,1.624424054196e-04
4.983301188868e-03,4.134491488229e+01,2.970784098971e+01,2.057627787436e+06,3.017225802305e+02,1.125358684166e+01,1.620689677198e-04
4.983329347939e-03,4.132710985304e+01,2.970029832036e+01,2.061833679892e+06,3.017220282532e+02,1.125360805646e+01,1.616959958410e-04
4.983357476259e-03,4.130928726761e+01,2.969273456282e+01,2.066051530210e+06,3.017214755104e+02,1.125362930165e+01,1.613234920264e-04
4.983385573984e-03,4.129144700160e+01,2.968514960944e+01,2.070281402487e+06,3.017209219975e+02,1.125365057741e+01,1.609514543111e-04
4.983413641282e-03,4.127358892046e+01,2.967754334780e+01,2.074523363515e+06,3.017203677098e+02,1.125367188393e+01,1.605798805412e-04
4.983441677983e-03,4.125571310532e+01,2.966991575705e+01,2.078777429052e+06,3.017198126493e+02,1.125369322113e+01,1.602087730553e-04
4.983469684137e-03,4.123781949786e+01,2.966226675677e+01,2.083043648122e+06,3.017192568136e+02,1.125371458912e+01,1.598381312842e-04
4.983497659949e-03,4.121990794016e+01,2.965459622358e+01,2.087322093739e+06,3.017187001972e+02,1.125373598811e+01,1.594679526110e-04
4.983525605250e-03,4.120197851168e+01,2.964690413544e+01,2.091612782442e+06,3.017181428020e+02,1.125375741802e+01,1.590982393326e-04
4.983553520137e-03,4.118403112372e+01,2.963919039804e+01,2.095915771099e+06,3.017175846245e+02,1.125377887900e+01,1.587289902693e-04
4.983581404760e-03,4.116606565152e+01,2.963145490121e+01,2.100231125488e+06,3.017170256605e+02,1.125380037122e+01,1.583602035153e-04
4.983609259025e-03,4.114808212761e+01,2.962369760214e+01,2.104558873824e+06,3.017164659102e+02,1.125382189466e+01,1.579918804013e-04
4.983637082897e-03,4.113008054736e+01,2.961591844192e+01,2.108899053365e+06,3.017159053730e+02,1.125384344937e+01,1.576240214858e-04
4.983664876671e-03,4.111206069044e+01,2.960811726806e+01,2.113251753598e+06,3.017153440413e+02,1.125386503562e+01,1.572566229337e-04
4.983692640082e-03,4.109402270192e+01,2.960029408588e+01,2.117616976011e+06,3.017147819192e+02,1.125388665328e+01,1.568896883695e-04
4.983720373415e-03,4.107596636674e+01,2.959244874441e+01,2.121994809335e+06,3.017142189993e+02,1.125390830263e+01,1.565232140848e-04
4.983748076459e-03,4.105789179410e+01,2.958458123316e+01,2.126385263959e+06,3.017136552845e+02,1.125392998356e+01,1.561572029646e-04
4.983775749455e-03,4.103979879783e+01,2.957669141291e+01,2.130788422132e+06,3.017130907682e+02,1.125395169634e+01,1.557916519078e-04
4.983803392323e-03,4.102168740144e+01,2.956877923547e+01,2.135204315362e+06,3.017125254507e+02,1.125397344095e+01,1.554265620661e-04
4.983831005149e-03,4.100355751874e+01,2.956084460451e+01,2.139633002051e+06,3.017119593287e+02,1.125399521752e+01,1.550619323770e-04
4.983858587885e-03,4.098540915296e+01,2.955288746255e+01,2.144074518964e+06,3.017113924016e+02,1.125401702609e+01,1.546977635815e-04
4.983886140752e-03,4.096724212828e+01,2.954490767331e+01,2.148528946902e+06,3.017108246634e+02,1.125403886689e+01,1.543340528351e-04
4.983913663473e-03,4.094905659810e+01,2.953690524478e+01,2.152996286158e+06,3.017102561182e+02,1.125406073977e+01,1.539708038880e-04
4.983941156360e-03,4.093085232621e+01,2.952888001341e+01,2.157476632843e+06,3.017096867581e+02,1.125408264503e+01,1.536080127015e-04
4.983968619336e-03,4.091262933424e+01,2.952083192878e+01,2.161970019944e+06,3.017091165830e+02,1.125410458269e+01,1.532456803979e-04
4.983996052507e-03,4.089438752082e+01,2.951276088595e+01,2.166476510936e+06,3.017085455893e+02,1.125412655288e+01,1.528838056532e-04
4.984023455666e-03,4.087612699346e+01,2.950466687213e+01,2.170996117886e+06,3.017079737796e+02,1.125414855551e+01,1.525223912834e-04
4.984050829199e-03,4.085784746439e+01,2.949654969912e+01,2.175528950852e+06,3.017074011444e+02,1.125417059096e+01,1.521614322859e-04
4.984078172828e-03,4.083954908931e+01,2.948840937513e+01,2.180075010257e+06,3.017068276878e+02,1.125419265906e+01,1.518009324324e-04
4.984105486858e-03,4.082123163238e+01,2.948024573407e+01,2.184634393906e+06,3.017062534019e+02,1.125421476013e+01,1.514408877734e-04
4.984132771021e-03,4.080289524227e+01,2.947205878079e+01,2.189207104181e+06,3.017056782907e+02,1.125423689402e+01,1.510813019289e-04
4.984160025597e-03,4.078453970034e+01,2.946384835605e+01,2.193793235169e+06,3.017051023468e+02,1.125425906102e+01,1.507221713078e-04
4.984187250449e-03,4.076616506746e+01,2.945561442514e+01,2.198392811436e+06,3.017045255713e+02,1.125428126108e+01,1.503634978043e-04
4.984214445823e-03,4.074777114554e+01,2.944735683708e+01,2.203005922547e+06,3.017039479575e+02,1.125430349448e+01,1.500052782599e-04
4.984241611540e-03,4.072935802381e+01,2.943907556944e+01,2.207632586297e+06,3.017033695076e+02,1.125432576114e+01,1.496475151227e-04
4.984268747624e-03,4.071092565438e+01,2.943077053807e+01,2.212272855020e+06,3.017027902193e+02,1.125434806114e+01,1.492902081616e-04
4.984295854371e-03,4.069247380455e+01,2.942244157510e+01,2.216926827865e+06,3.017022100847e+02,1.125437039480e+01,1.489333535828e-04
4.984322931525e-03,4.067400261581e+01,2.941408868114e+01,2.221594509902e+06,3.017016291077e+02,1.125439276196e+01,1.485769548402e-04
4.984349979205e-03,4.065551197434e+01,2.940571174127e+01,2.226275970794e+06,3.017010472840e+02,1.125441516281e+01,1.482210104450e-04
4.984376997544e-03,4.063700175721e+01,2.939731063602e+01,2.230971282808e+06,3.017004646091e+02,1.125443759752e+01,1.478655187524e-04
4.984403986403e-03,4.061847202631e+01,2.938888532945e+01,2.235680471573e+06,3.016998810843e+02,1.125446006604e+01,1.475104816699e-04
4.984430945978e-03,4.059992261435e+01,2.938043568121e+01,2.240403621129e+06,3.016992967038e+02,1.125448256861e+01,1.471558967127e-04
4.984457876194e-03,4.058135353945e+01,2.937196163497e+01,2.245140768608e+06,3.016987114673e+02,1.125450510523e+01,1.468017649538e-04
4.984484777132e-03,4.056276471338e+01,2.936346308563e+01,2.249891978443e+06,3.016981253715e+02,1.125452767604e+01,1.464480854355e-04
4.984511648771e-03,4.054415611617e+01,2.935493995897e+01,2.254657297869e+06,3.016975384151e+02,1.125455028110e+01,1.460948585049e-04
4.984538491236e-03,4.052552762819e+01,2.934639213481e+01,2.259436799867e+06,3.016969505937e+02,1.125457292058e+01,1.457420826229e-04
4.984565304444e-03,4.050687927286e+01,2.933781955823e+01,2.264230520978e+06,3.016963619073e+02,1.125459559449e+01,1.453897589654e-04
4.984592088532e-03,4.048821092069e+01,2.932922210378e+01,2.269038537239e+06,3.016957723513e+02,1.125461830301e+01,1.450378858197e-04
4.984618843398e-03,4.046952260844e+01,2.932059972221e+01,2.273860882129e+06,3.016951819260e+02,1.125464104612e+01,1.446864646139e-04
4.984645569318e-03,4.045081410890e+01,2.931195224215e+01,2.278697657479e+06,3.016945906237e+02,1.125466382415e+01,1.443354918182e-04
4.984672265962e-03,4.043208561933e+01,2.930327968806e+01,2.283548855656e+06,3.016939984499e+02,1.125468663686e+01,1.439849718723e-04
4.984698933781e-03,4.041333678689e+01,2.929458182948e+01,2.288414611653e+06,3.016934053928e+02,1.125470948474e+01,1.436348989165e-04
4.984725572452e-03,4.039456780496e+01,2.928585868874e+01,2.293294919124e+06,3.016928114579e+02,1.125473236757e+01,1.432852773115e-04
4.984752182186e-03,4.037577848917e+01,2.927711011262e+01,2.298189869994e+06,3.016922166386e+02,1.125475528560e+01,1.429361043653e-04
4.984778762994e-03,4.035696879657e+01,2.926833601318e+01,2.303099519715e+06,3.016916209329e+02,1.125477823893e+01,1.425873800333e-04
4.984805314752e-03,4.033813877854e+01,2.925953634627e+01,2.308023899297e+06,3.016910243418e+02,1.125480122751e+01,1.422391060133e-04
4.984831837841e-03,4.031928812965e+01,2.925071090063e+01,2.312963133315e+06,3.016904268549e+02,1.125482425177e+01,1.418912774156e-04
4.984858331966e-03,4.030041702405e+01,2.924185968900e+01,2.317917221069e+06,3.016898284770e+02,1.125484731150e+01,1.415438982164e-04
4.984884797181e-03,4.028152538633e+01,2.923298260705e+01,2.322886227405e+06,3.016892292050e+02,1.125487040685e+01,1.411969677743e-04
4.984911233720e-03,4.026261301345e+01,2.922407949004e+01,2.327870251078e+06,3.016886290319e+02,1.125489353808e+01,1.408504831229e-04
4.984937641559e-03,4.024367988557e+01,2.921515025889e+01,2.332869342936e+06,3.016880279563e+02,1.125491670526e+01,1.405044446728e-04
4.984964020469e-03,4.022472613038e+01,2.920619490399e+01,2.337883515003e+06,3.016874259816e+02,1.125493990825e+01,1.401588555146e-04
4.984990370875e-03,4.020575140544e+01,2.919721319330e+01,2.342912903887e+06,3.016868230962e+02,1.125496314752e+01,1.398137101714e-04
4.985016692471e-03,4.018675589381e+01,2.918820514296e+01,2.347957507319e+06,3.016862193052e+02,1.125498642287e+01,1.394690127462e-04
4.985042985581e-03,4.016773932414e+01,2.917917055345e+01,2.353017443842e+06,3.016856145994e+02,1.125500973466e+01,1.391247590871e-04
4.985069249949e-03,4.014870184456e+01,2.917010942405e+01,2.358092720744e+06,3.016850089826e+02,1.125503308275e+01,1.387809526510e-04
4.985095485839e-03,4.012964322530e+01,2.916102157398e+01,2.363183446201e+06,3.016844024470e+02,1.125505646744e+01,1.384375900620e-04
4.985121693077e-03,4.011056355526e+01,2.915190697395e+01,2.368289643629e+06,3.016837949945e+02,1.125507988867e+01,1.380946736998e-04
4.985147871940e-03,4.009146259368e+01,2.914276543691e+01,2.373411424876e+06,3.016831866170e+02,1.125510334676e+01,1.377522000197e-04
4.985174022256e-03,4.007234042896e+01,2.913359693279e+01,2.378548813901e+06,3.016825773164e+02,1.125512684164e+01,1.374101713943e-04
4.985200144105e-03,4.005319696260e+01,2.912440134179e+01,2.383701885017e+06,3.016819670889e+02,1.125515037346e+01,1.370685868421e-04
4.985226237491e-03,4.003403215343e+01,2.911517857125e+01,2.388870697396e+06,3.016813559326e+02,1.125517394230e+01,1.367274464128e-04
4.985252302581e-03,4.001484584054e+01,2.910592847045e+01,2.394055342812e+06,3.016807438414e+02,1.125519754840e+01,1.363867480347e-04
4.985278339336e-03,3.999563801179e+01,2.909665095991e+01,2.399255873188e+06,3.016801308144e+02,1.125522119180e+01,1.360464922917e-04
4.985304347690e-03,3.997640867668e+01,2.908734597039e+01,2.404472334777e+06,3.016795168511e+02,1.125524487252e+01,1.357066801434e-04
4.985330327814e-03,3.995715766954e+01,2.907801334755e+01,2.409704821604e+06,3.016789019456e+02,1.125526859081e+01,1.353673094587e-04
4.985356279512e-03,3.993788509593e+01,2.906865306814e+01,2.414953354281e+06,3.016782861003e+02,1.125529234657e+01,1.350283828914e-04
4.985382203166e-03,3.991859063188e+01,2.905926489996e+01,2.420218070628e+06,3.016776693044e+02,1.125531614022e+01,1.346898955475e-04
4.985408098503e-03,3.989927443953e+01,2.904984884676e+01,2.425498976264e+06,3.016770515622e+02,1.125533997161e+01,1.343518510801e-04
4.985433965708e-03,3.987993634091e+01,2.904040474638e+01,2.430796169901e+06,3.016764328673e+02,1.125536384099e+01,1.340142471763e-04
4.985459804783e-03,3.986057629394e+01,2.903093250245e+01,2.436109713427e+06,3.016758132176e+02,1.125538774844e+01,1.336770839127e-04
4.985485615770e-03,3.984119422528e+01,2.902143200300e+01,2.441439677574e+06,3.016751926100e+02,1.125541169409e+01,1.333403608251e-04
4.985511398555e-03,3.982179017986e+01,2.901190319370e+01,2.446786100798e+06,3.016745710453e+02,1.125543567792e+01,1.330040795012e-04
4.985537153422e-03,3.980236390304e+01,2.900234587277e+01,2.452149104371e+06,3.016739485145e+02,1.125545970027e+01,1.326682363438e-04
4.985562880222e-03,3.978291546377e+01,2.899275999700e+01,2.457528720657e+06,3.016733250191e+02,1.125548376111e+01,1.323328333677e-04
4.985588578975e-03,3.976344480666e+01,2.898314546178e+01,2.462925016559e+06,3.016727005566e+02,1.125550786052e+01,1.319978704316e-04
4.985614249828e-03,3.974395177770e+01,2.897350211334e+01,2.468338086656e+06,3.016720751212e+02,1.125553199874e+01,1.316633457078e-04
4.985639892751e-03,3.972443635637e+01,2.896382986345e+01,2.473767988816e+06,3.016714487117e+02,1.125555617582e+01,1.313292596728e-04
4.985665507801e-03,3.970489845807e+01,2.895412859178e+01,2.479214799007e+06,3.016708213244e+02,1.125558039191e+01,1.309956117068e-04
4.985691094820e-03,3.968533815985e+01,2.894439825798e+01,2.484678548380e+06,3.016701929612e+02,1.125560464695e+01,1.306624039462e-04
4.985716654237e-03,3.966575509083e+01,2.893463859845e+01,2.490159393515e+06,3.016695636094e+02,1.125562894143e+01,1.303296309093e-04
4.985742185576e-03,3.964614957219e+01,2.892484969391e+01,2.495657297733e+06,3.016689332784e+02,1.125565327498e+01,1.299972988857e-04
4.985767689408e-03,3.962652112268e+01,2.891503122434e+01,2.501172449486e+06,3.016683019521e+02,1.125567764825e+01,1.296654005542e-04
4.985793165321e-03,3.960687001407e+01,2.890518324557e+01,2.506704826223e+06,3.016676696385e+02,1.125570206093e+01,1.293339413551e-04
4.985818613662e-03,3.958719593566e+01,2.889530552151e+01,2.512254569454e+06,3.016670363267e+02,1.125572651344e+01,1.290029168870e-04
4.985844034074e-03,3.956749911870e+01,2.888539808758e+01,2.517821668234e+06,3.016664020235e+02,1.125575100553e+01,1.286723318782e-04
4.985869427060e-03,3.954777913009e+01,2.887546064487e+01,2.523406299570e+06,3.016657667141e+02,1.125577553778e+01,1.283421799052e-04
4.985894792187e-03,3.952803626019e+01,2.886549325827e+01,2.529008436120e+06,3.016651304071e+02,1.125580010985e+01,1.280124666769e-04
4.985920129962e-03,3.950827006975e+01,2.885549562422e+01,2.534628257695e+06,3.016644930876e+02,1.125582472234e+01,1.276831857094e-04
4.985945440042e-03,3.948848078133e+01,2.884546777309e+01,2.540265756519e+06,3.016638547619e+02,1.125584937501e+01,1.273543415705e-04
4.985970722616e-03,3.946866820135e+01,2.883540952439e+01,2.545921043435e+06,3.016632154231e+02,1.125587406812e+01,1.270259318927e-04
4.985995977574e-03,3.944883237052e+01,2.882532081600e+01,2.551594162822e+06,3.016625750716e+02,1.125589880168e+01,1.266979582036e-04
4.986021205205e-03,3.942897301639e+01,2.881520142615e+01,2.557285248934e+06,3.016619336979e+02,1.125592357604e+01,1.263704168611e-04
4.986046405341e-03,3.940909022316e+01,2.880505131413e+01,2.562994334292e+06,3.016612913039e+02,1.125594839115e+01,1.260433101232e-04
4.986071577959e-03,3.938918396510e+01,2.879487038303e+01,2.568721483125e+06,3.016606478880e+02,1.125597324708e+01,1.257166384223e-04
4.986096723310e-03,3.936925399532e+01,2.878465842231e+01,2.574466823674e+06,3.016600034414e+02,1.125599814417e+01,1.253903985751e-04
4.986121841241e-03,3.934930038825e+01,2.877441538546e+01,2.580230391996e+06,3.016593579656e+02,1.125602308237e+01,1.250645926740e-04
4.986146931771e-03,3.932932308212e+01,2.876414115591e+01,2.586012263679e+06,3.016587114579e+02,1.125604806178e+01,1.247392205739e-04
4.986171995188e-03,3.930932179952e+01,2.875383550556e+01,2.591812577151e+06,3.016580639086e+02,1.125607308280e+01,1.244142786385e-04
4.986197031145e-03,3.928929677060e+01,2.874349846732e+01,2.597631324068e+06,3.016574153242e+02,1.125609814518e+01,1.240897714837e-04
4.986222039942e-03,3.926924770651e+01,2.873312980609e+01,2.603468647018e+06,3.016567656946e+02,1.125612324931e+01,1.237656953009e-04
4.986247021592e-03,3.924917454902e+01,2.872272940525e+01,2.609324622024e+06,3.016561150170e+02,1.125614839530e+01,1.234420500403e-04
4.986271975887e-03,3.922907741704e+01,2.871229723968e+01,2.615199273672e+06,3.016554632946e+02,1.125617358306e+01,1.231188384961e-04
4.986296903220e-03,3.920895594418e+01,2.870183303202e+01,2.621092768701e+06,3.016548105145e+02,1.125619881306e+01,1.227960556636e-04
4.986321803263e-03,3.918881034755e+01,2.869133680763e+01,2.627005103468e+06,3.016541566832e+02,1.125622408509e+01,1.224737059167e-04
4.986346676254e-03,3.916864038393e+01,2.868080835197e+01,2.632936409560e+06,3.016535017917e+02,1.125624939947e+01,1.221517862469e-04
4.986371522287e-03,3.914844592933e+01,2.867024751193e+01,2.638886784075e+06,3.016528458353e+02,1.125627475642e+01,1.218302955789e-04
4.986396341181e-03,3.912822707872e+01,2.865965424851e+01,2.644856259926e+06,3.016521888162e+02,1.125630015584e+01,1.215092363213e-04
4.986421133032e-03,3.910798370628e+01,2.864902840686e+01,2.650844935412e+06,3.016515307295e+02,1.125632559794e+01,1.211886073662e-04
4.986445897933e-03,3.908771568363e+01,2.863836983016e+01,2.656852910106e+06,3.016508715701e+02,1.125635108292e+01,1.208684075779e-04
4.986470635960e-03,3.906742289967e+01,2.862767837005e+01,2.662880278977e+06,3.016502113337e+02,1.125637661094e+01,1.205486361056e-04
4.986495347068e-03,3.904710533880e+01,2.861695392802e+01,2.668927108949e+06,3.016495500188e+02,1.125640218209e+01,1.202292936114e-04
4.986520031198e-03,3.902676299930e+01,2.860619641268e+01,2.674993462998e+06,3.016488876247e+02,1.125642779638e+01,1.199103809724e-04
4.986544688471e-03,3.900639572948e+01,2.859540565295e+01,2.681079449165e+06,3.016482241454e+02,1.125645345407e+01,1.195918967168e-04
4.986569318924e-03,3.898600344818e+01,2.858458151446e+01,2.687185154887e+06,3.016475595775e+02,1.125647915528e+01,1.192738404906e-04
4.986593922710e-03,3.896558597547e+01,2.857372380987e+01,2.693310697612e+06,3.016468939142e+02,1.125650490029e+01,1.189562104140e-04
4.986618499443e-03,3.894514357990e+01,2.856283258999e+01,2.699456060563e+06,3.016462271635e+02,1.125653068880e+01,1.186390115745e-04
4.986643049748e-03,3.892467568877e+01,2.855190745715e+01,2.705621480110e+06,3.016455593059e+02,1.125655652157e+01,1.183222360098e-04
4.986667573078e-03,3.890418270494e+01,2.854094853343e+01,2.711806899470e+06,3.016448903535e+02,1.125658239813e+01,1.180058908828e-04
4.986692069892e-03,3.888366419257e+01,2.852995549255e+01,2.718012515026e+06,3.016442202914e+02,1.125660831908e+01,1.176899703866e-04
4.986716539882e-03,3.886312035583e+01,2.851892835017e+01,2.724238330265e+06,3.016435491253e+02,1.125663428419e+01,1.173744785940e-04
4.986740983414e-03,3.884255083470e+01,2.850786681894e+01,2.730484519870e+06,3.016428768425e+02,1.125666029396e+01,1.170594109083e-04
4.986765400285e-03,3.882195574398e+01,2.849677086602e+01,2.736751114967e+06,3.016422034460e+02,1.125668634830e+01,1.167447700289e-04
4.986789790438e-03,3.880133507882e+01,2.848564039405e+01,2.743038183214e+06,3.016415289347e+02,1.125671244724e+01,1.164305568053e-04
4.986814154262e-03,3.878068845563e+01,2.847447510061e+01,2.749345908238e+06,3.016408532952e+02,1.125673859131e+01,1.161167663360e-04
4.986838491516e-03,3.876001602289e+01,2.846327497016e+01,2.755674311760e+06,3.016401765315e+02,1.125676478037e+01,1.158034018294e-04
4.986862802212e-03,3.873931771624e+01,2.845203987180e+01,2.762023480780e+06,3.016394986405e+02,1.125679101455e+01,1.154904632458e-04
4.986887086534e-03,3.871859332368e+01,2.844076959391e+01,2.768393548059e+06,3.016388196144e+02,1.125681729414e+01,1.151779483275e-04
4.986911344348e-03,3.869784290330e+01,2.842946407114e+01,2.774784563838e+06,3.016381394543e+02,1.125684361912e+01,1.148658588997e-04
4.986935575797e-03,3.867706627684e+01,2.841812310905e+01,2.781196651454e+06,3.016374581534e+02,1.125686998976e+01,1.145541932306e-04
4.986959780814e-03,3.865626344474e+01,2.840674661012e+01,2.787629879592e+06,3.016367757108e+02,1.125689640610e+01,1.142429522795e-04
4.986983959651e-03,3.863543413505e+01,2.839533432735e+01,2.794084401609e+06,3.016360921167e+02,1.125692286853e+01,1.139321329411e-04
4.987008112035e-03,3.861457852548e+01,2.838388625948e+01,2.800560232027e+06,3.016354073760e+02,1.125694937686e+01,1.136217388283e-04
4.987032238189e-03,3.859369636504e+01,2.837240216978e+01,2.807057518697e+06,3.016347214795e+02,1.125697593146e+01,1.133117671626e-04
4.987056338034e-03,3.857278766573e+01,2.836088196539e+01,2.813576328233e+06,3.016340344268e+02,1.125700253236e+01,1.130022190868e-04
4.987080411704e-03,3.855185225346e+01,2.834932545051e+01,2.820116785631e+06,3.016333462112e+02,1.125702917981e+01,1.126930929912e-04
4.987104459156e-03,3.853089010667e+01,2.833773251291e+01,2.826678968757e+06,3.016326568311e+02,1.125705587390e+01,1.123843895296e-04
4.987128480421e-03,3.850990114069e+01,2.832610300507e+01,2.833262975596e+06,3.016319662828e+02,1.125708261476e+01,1.120761084256e-04
4.987152475617e-03,3.848888519316e+01,2.831443673581e+01,2.839868928999e+06,3.016312745600e+02,1.125710940266e+01,1.117682482735e-04
4.987176444559e-03,3.846784236629e+01,2.830273366036e+01,2.846496869089e+06,3.016305816651e+02,1.125713623750e+01,1.114608115441e-04
4.987200387573e-03,3.844677231520e+01,2.829099348485e+01,2.853146977181e+06,3.016298875858e+02,1.125716311977e+01,1.111537941806e-04
4.987224304353e-03,3.842567524966e+01,2.827921622373e+01,2.859819260143e+06,3.016291923282e+02,1.125719004925e+01,1.108472002213e-04
4.987248195277e-03,3.840455077571e+01,2.826740155420e+01,2.866513916045e+06,3.016284958783e+02,1.125721702648e+01,1.105410249268e-04
4.987272060125e-03,3.838339902651e+01,2.825554944731e+01,2.873230976630e+06,3.016277982396e+02,1.125724405134e+01,1.102352712220e-04
4.987295898917e-03,3.836221992531e+01,2.824365975643e+01,2.879970540474e+06,3.016270994085e+02,1.125727112396e+01,1.099299389782e-04
4.987319711927e-03,3.834101316621e+01,2.823173220554e+01,2.886732779669e+06,3.016263993741e+02,1.125729824480e+01,1.096250247845e-04
4.987343498813e-03,3.831977899288e+01,2.821976682710e+01,2.893517691607e+06,3.016256981434e+02,1.125732541357e+01,1.093205331378e-04
4.987367260004e-03,3.829851696116e+01,2.820776326573e+01,2.900325493730e+06,3.016249957008e+02,1.125735263090e+01,1.090164586675e-04
4.987390995258e-03,3.827722722553e+01,2.819572150299e+01,2.907156212592e+06,3.016242920504e+02,1.125737989662e+01,1.087128045920e-04
4.987414704598e-03,3.825590970112e+01,2.818364138504e+01,2.914009951710e+06,3.016235871886e+02,1.125740721090e+01,1.084095706950e-04
4.987438388314e-03,3.823456406729e+01,2.817152262365e+01,2.920886891013e+06,3.016228811036e+02,1.125743457420e+01,1.081067534295e-04
4.987462046063e-03,3.821319056786e+01,2.815936525037e+01,2.927787029171e+06,3.016221738027e+02,1.125746198623e+01,1.078043572634e-04
4.987485678260e-03,3.819178876441e+01,2.814716890845e+01,2.934710585378e+06,3.016214652703e+02,1.125748944762e+01,1.075023770069e-04
4.987509284487e-03,3.817035897403e+01,2.813493367088e+01,2.941657535101e+06,3.016207555159e+02,1.125751695800e+01,1.072008181462e-04
4.987532865222e-03,3.814890069641e+01,2.812265914377e+01,2.948628119030e+06,3.016200445220e+02,1.125754451806e+01,1.068996746553e-04
4.987556420231e-03,3.812741408061e+01,2.811034530356e+01,2.955622367774e+06,3.016193322926e+02,1.125757212766e+01,1.065989496566e-04
4.987579949578e-03,3.810589900403e+01,2.809799197087e+01,2.962640400597e+06,3.016186188227e+02,1.125759978700e+01,1.062986424516e-04
4.987603453359e-03,3.808435531350e+01,2.808559894813e+01,2.969682347314e+06,3.016179041060e+02,1.125762749632e+01,1.059987519300e-04
4.987626931514e-03,3.806278299877e+01,2.807316611932e+01,2.976748291571e+06,3.016171881414e+02,1.125765525568e+01,1.056992789779e-04
4.987650384136e-03,3.804118190779e+01,2.806069328629e+01,2.983838363900e+06,3.016164709227e+02,1.125768306533e+01,1.054002225146e-04
4.987673811212e-03,3.801955198628e+01,2.804818030665e+01,2.990952663317e+06,3.016157524472e+02,1.125771092538e+01,1.051015828232e-04
4.987697212735e-03,3.799789317554e+01,2.803562703502e+01,2.998091290741e+06,3.016150327119e+02,1.125773883596e+01,1.048033601255e-04
4.987720588900e-03,3.797620522756e+01,2.802303321563e+01,3.005254410060e+06,3.016143117076e+02,1.125776679744e+01,1.045055520505e-04
4.987743939601e-03,3.795448817251e+01,2.801039875345e+01,3.012442093951e+06,3.016135894342e+02,1.125779480982e+01,1.042081600611e-04
4.987767264926e-03,3.793274186196e+01,2.799772344920e+01,3.019654474591e+06,3.016128658858e+02,1.125782287334e+01,1.039111831719e-04
4.987790564679e-03,3.791096640917e+01,2.798500725566e+01,3.026891597849e+06,3.016121410652e+02,1.125785098790e+01,1.036146239680e-04
4.987813839146e-03,3.788916148153e+01,2.797224986481e+01,3.034153658193e+06,3.016114149602e+02,1.125787915399e+01,1.033184789633e-04
4.987837088401e-03,3.786732693763e+01,2.795945107939e+01,3.041440787303e+06,3.016106875651e+02,1.125790737183e+01,1.030227473044e-04
4.987860312262e-03,3.784546288166e+01,2.794661084559e+01,3.048753035369e+06,3.016099588824e+02,1.125793564135e+01,1.027274314613e-04
4.987883510865e-03,3.782356911506e+01,2.793372893157e+01,3.056090554192e+06,3.016092289045e+02,1.125796396283e+01,1.024325298068e-04
4.987906684143e-03,3.780164563062e+01,2.792080521734e+01,3.063453432065e+06,3.016084976300e+02,1.125799233635e+01,1.021380433028e-04
4.987929832264e-03,3.777969220072e+01,2.790783945244e+01,3.070841831837e+06,3.016077650502e+02,1.125802076224e+01,1.018439699562e-04
4.987952955108e-03,3.775770886797e+01,2.789483154529e+01,3.078255826063e+06,3.016070311657e+02,1.125804924051e+01,1.015503114046e-04
4.987976052926e-03,3.773569532288e+01,2.788178119542e+01,3.085695606546e+06,3.016062959650e+02,1.125807777159e+01,1.012570645890e-04
4.987999125526e-03,3.771365167688e+01,2.786868835107e+01,3.093161223573e+06,3.016055594507e+02,1.125810635540e+01,1.009642320716e-04
4.988022172976e-03,3.769157779258e+01,2.785555281251e+01,3.100652812004e+06,3.016048216173e+02,1.125813499217e+01,1.006718130963e-04
4.988045195431e-03,3.766947344989e+01,2.784237432998e+01,3.108170535477e+06,3.016040824563e+02,1.125816368223e+01,1.003798058308e-04
4.988068192658e-03,3.764733880126e+01,2.782915287520e+01,3.115714431523e+06,3.016033419717e+02,1.125819242543e+01,1.000882133656e-04
4.988091164970e-03,3.762517347138e+01,2.781588810431e+01,3.123284717951e+06,3.016026001500e+02,1.125822122232e+01,9.979703183843e-05
4.988114112299e-03,3.760297745252e+01,2.780257989231e+01,3.130881487947e+06,3.016018569898e+02,1.125825007294e+01,9.950626224516e-05
4.988137034685e-03,3.758075063298e+01,2.778922805142e+01,3.138504870755e+06,3.016011124862e+02,1.125827897751e+01,9.921590421718e-05
4.988159931849e-03,3.755849320826e+01,2.777583257810e+01,3.146154890673e+06,3.016003666448e+02,1.125830793581e+01,9.892596138599e-05
4.988182804444e-03,3.753620447032e+01,2.776239292436e+01,3.153831883146e+06,3.015996194408e+02,1.125833694882e+01,9.863642563047e-05
4.988205651928e-03,3.751388487104e+01,2.774890924031e+01,3.161535785189e+06,3.015988708882e+02,1.125836601600e+01,9.834730392981e-05
4.988228474552e-03,3.749153409085e+01,2.773538121032e+01,3.169266800078e+06,3.015981209751e+02,1.125839513782e+01,9.805859323276e-05
4.988251272427e-03,3.746915194588e+01,2.772180859972e+01,3.177025085126e+06,3.015973696944e+02,1.125842431457e+01,9.777029227663e-05
4.988274045352e-03,3.744673855654e+01,2.770819135782e+01,3.184810692757e+06,3.015966170490e+02,1.125845354615e+01,9.748240371793e-05
4.988296793665e-03,3.742429351407e+01,2.769452911190e+01,3.192623859726e+06,3.015958630241e+02,1.125848283314e+01,9.719492342055e-05
4.988319517027e-03,3.740181707583e+01,2.768082189385e+01,3.200464591733e+06,3.015951076271e+02,1.125851217526e+01,9.690785579390e-05
4.988342215783e-03,3.737930882316e+01,2.766706932306e+01,3.208333130636e+06,3.015943508429e+02,1.125854157311e+01,9.662119660379e-05
4.988364889796e-03,3.735676881449e+01,2.765327130931e+01,3.216229552478e+06,3.015935926725e+02,1.125857102666e+01,9.633494772105e-05
4.988387539068e-03,3.733419696920e+01,2.763942767697e+01,3.224153982417e+06,3.015928331118e+02,1.125860053607e+01,9.604910923823e-05
4.988410163735e-03,3.731159307382e+01,2.762553816826e+01,3.232106592933e+06,3.015920721527e+02,1.125863010168e+01,9.576367957738e-05
4.988432763791e-03,3.728895705517e+01,2.761160261071e+01,3.240087507942e+06,3.015913097915e+02,1.125865972364e+01,9.547865894771e-05
4.988455339207e-03,3.726628886293e+01,2.759762084545e+01,3.248096843865e+06,3.015905460254e+02,1.125868940206e+01,9.519404784600e-05
4.988477890064e-03,3.724358833526e+01,2.758359264421e+01,3.256134757147e+06,3.015897808479e+02,1.125871913721e+01,9.490984537343e-05
4.988500416299e-03,3.722085545626e+01,2.756951786827e+01,3.264201353238e+06,3.015890142572e+02,1.125874892917e+01,9.462605246491e-05
4.988522918113e-03,3.719808994329e+01,2.755539621307e+01,3.272296832907e+06,3.015882462427e+02,1.125877877836e+01,9.434266673432e-05
4.988545395320e-03,3.717529190119e+01,2.754122761363e+01,3.280421259907e+06,3.015874768067e+02,1.125880868469e+01,9.405969062984e-05
4.988567848207e-03,3.715246095761e+01,2.752701170790e+01,3.288574868612e+06,3.015867059357e+02,1.125883864872e+01,9.377712067894e-05
4.988590276543e-03,3.712959726755e+01,2.751274846127e+01,3.296757705940e+06,3.015859336335e+02,1.125886867029e+01,9.349495995260e-05
4.988612680591e-03,3.710670047774e+01,2.749843752166e+01,3.304970001199e+06,3.015851598872e+02,1.125889874992e+01,9.321320524502e-05
4.988635059937e-03,3.708377092971e+01,2.748407897059e+01,3.313211735231e+06,3.015843847071e+02,1.125892888722e+01,9.293186190186e-05
4.988657415320e-03,3.706080778376e+01,2.746967214940e+01,3.321483314005e+06,3.015836080636e+02,1.125895908335e+01,9.265092078494e-05
4.988679746166e-03,3.703781154326e+01,2.745521724042e+01,3.329784661058e+06,3.015828299727e+02,1.125898933770e+01,9.237038922836e-05
4.988702052586e-03,3.701478201267e+01,2.744071398731e+01,3.338115952081e+06,3.015820504264e+02,1.125901965058e+01,9.209026598947e-05
4.988724334881e-03,3.699171879496e+01,2.742616200564e+01,3.346477436701e+06,3.015812694103e+02,1.125905002258e+01,9.181054740979e-05
4.988746592928e-03,3.696862193237e+01,2.741156118698e+01,3.354869206327e+06,3.015804869245e+02,1.125908045369e+01,9.153123518446e-05
4.988768826640e-03,3.694549143004e+01,2.739691139926e+01,3.363291366270e+06,3.015797029681e+02,1.125911094397e+01,9.125233054280e-05
4.988791036281e-03,3.692232692692e+01,2.738221227781e+01,3.371744155889e+06,3.015789175275e+02,1.125914149394e+01,9.097383031081e-05
4.988813221578e-03,3.689912862090e+01,2.736746381169e+01,3.380227611499e+06,3.015781306083e+02,1.125917210341e+01,9.069573804526e-05
4.988835382864e-03,3.687589607726e+01,2.735266558751e+01,3.388742001234e+06,3.015773421946e+02,1.125920277301e+01,9.041804971681e-05
4.988857519883e-03,3.685262947742e+01,2.733781758318e+01,3.397287368468e+06,3.015765522914e+02,1.125923350254e+01,9.014076867992e-05
4.988879632985e-03,3.682932836434e+01,2.732291936882e+01,3.405863991595e+06,3.015757608817e+02,1.125926429268e+01,8.986389068058e-05
4.988901721801e-03,3.680599303869e+01,2.730797099797e+01,3.414471871119e+06,3.015749679748e+02,1.125929514309e+01,8.958742048174e-05
4.988923786714e-03,3.678262300855e+01,2.729297201632e+01,3.423111300298e+06,3.015741735526e+02,1.125932605447e+01,8.931135344633e-05
4.988945827604e-03,3.675921830928e+01,2.727792230655e+01,3.431782378712e+06,3.015733776151e+02,1.125935702684e+01,8.903569120090e-05
4.988967844445e-03,3.673577888100e+01,2.726282168981e+01,3.440485241723e+06,3.015725801590e+02,1.125938806032e+01,8.876043423826e-05
4.988989837318e-03,3.671230454513e+01,2.724766991019e+01,3.449220069509e+06,3.015717811771e+02,1.125941915523e+01,8.848558166262e-05
4.989011806244e-03,3.668879519028e+01,2.723246675427e+01,3.457987018124e+06,3.015709806643e+02,1.125945031176e+01,8.821113337782e-05
4.989033751235e-03,3.666525071055e+01,2.721721201152e+01,3.466786242351e+06,3.015701786158e+02,1.125948153012e+01,8.793708935748e-05
4.989055672397e-03,3.664167090226e+01,2.720190540728e+01,3.475617934363e+06,3.015693750233e+02,1.125951281064e+01,8.766344844854e-05
4.989077569736e-03,3.661805566419e+01,2.718654673252e+01,3.484482248874e+06,3.015685698822e+02,1.125954415350e+01,8.739021070173e-05
4.989099443056e-03,3.659440511756e+01,2.717113592248e+01,3.493379257723e+06,3.015677631953e+02,1.125957555861e+01,8.711737873045e-05
4.989121292654e-03,3.657071884760e+01,2.715567256270e+01,3.502309235030e+06,3.015669549472e+02,1.125960702657e+01,8.684494896776e-05
4.989143118504e-03,3.654699678711e+01,2.714015646423e+01,3.511272325126e+06,3.015661451345e+02,1.125963855755e+01,8.657292187750e-05
4.989164920549e-03,3.652323890511e+01,2.712458746136e+01,3.520268659344e+06,3.015653337546e+02,1.125967015164e+01,8.630129833446e-05
4.989186698800e-03,3.649944509417e+01,2.710896533781e+01,3.529298398642e+06,3.015645208028e+02,1.125970180904e+01,8.603007833699e-05
4.989208453490e-03,3.647561500384e+01,2.709328971688e+01,3.538361797116e+06,3.015637062657e+02,1.125973353029e+01,8.575925913637e-05
4.989230184309e-03,3.645174834305e+01,2.707756025867e+01,3.547459055577e+06,3.015628901329e+02,1.125976531579e+01,8.548417735641e-05
4.989251891697e-03,3.642784290200e+01,2.706177535813e+01,3.556591040691e+06,3.015620723301e+02,1.125979716847e+01,8.520009310254e-05
4.989273575162e-03,3.640389758498e+01,2.704593412577e+01,3.565758194721e+06,3.015612528207e+02,1.125982908976e+01,8.491269335490e-05
4.989295235245e-03,3.637991107005e+01,2.703003547494e+01,3.574961096282e+06,3.015604315590e+02,1.125986108146e+01,8.462430304877e-05
4.989316871554e-03,3.635588344219e+01,2.701407923028e+01,3.584199806071e+06,3.015596085470e+02,1.125989314351e+01,8.433587257431e-05
4.989338484531e-03,3.633181401123e+01,2.699806469348e+01,3.593474691681e+06,3.015587837597e+02,1.125992527691e+01,8.404778715746e-05
4.989360073836e-03,3.630770302358e+01,2.698199178479e+01,3.602785764505e+06,3.015579572041e+02,1.125995748140e+01,8.376020390550e-05
4.989381639723e-03,3.628355008538e+01,2.696585999637e+01,3.612133284948e+06,3.015571288654e+02,1.125998975758e+01,8.347318470145e-05
4.989403182014e-03,3.625935529720e+01,2.694966914908e+01,3.621517323664e+06,3.015562987454e+02,1.126002210540e+01,8.318675413979e-05
4.989424700831e-03,3.623511842638e+01,2.693341884035e+01,3.630938081298e+06,3.015554668349e+02,1.126005452523e+01,8.290092035048e-05
4.989446196380e-03,3.621083914552e+01,2.691710860283e+01,3.640395796568e+06,3.015546331210e+02,1.126008701760e+01,8.261568501400e-05
4.989467668342e-03,3.618651772026e+01,2.690073836687e+01,3.649890478031e+06,3.015537976114e+02,1.126011958223e+01,8.233104871712e-05
4.989489117148e-03,3.616215356831e+01,2.688430749182e+01,3.659422465818e+06,3.015529602847e+02,1.126015221997e+01,8.204700927798e-05
4.989510542309e-03,3.613774714710e+01,2.686781603711e+01,3.668991694405e+06,3.015521211549e+02,1.126018493029e+01,8.176356628397e-05
4.989531944355e-03,3.611329776010e+01,2.685126328252e+01,3.678598551018e+06,3.015512801968e+02,1.126021771420e+01,8.148071653506e-05
4.989553323004e-03,3.608880562951e+01,2.683464912813e+01,3.688243063378e+06,3.015504374164e+02,1.126025057148e+01,8.119845878542e-05
4.989574678493e-03,3.606427038735e+01,2.681797307357e+01,3.697925492065e+06,3.015495927996e+02,1.126028350271e+01,8.091679078639e-05
4.989596010586e-03,3.603969220504e+01,2.680123498415e+01,3.707645885778e+06,3.015487463507e+02,1.126031650773e+01,8.063571143829e-05
4.989617319460e-03,3.601507078258e+01,2.678443440400e+01,3.717404480135e+06,3.015478980580e+02,1.126034958702e+01,8.035521843278e-05
4.989638605181e-03,3.599040594029e+01,2.676757095808e+01,3.727201464252e+06,3.015470479136e+02,1.126038274091e+01,8.007530959872e-05
4.989659867877e-03,3.596569743156e+01,2.675064422461e+01,3.737037054851e+06,3.015461959077e+02,1.126041596981e+01,7.979598309903e-05
4.989681107093e-03,3.594094568347e+01,2.673365424302e+01,3.746911201086e+06,3.015453420533e+02,1.126044927322e+01,7.951723857024e-05
4.989702323412e-03,3.591614991452e+01,2.671660022302e+01,3.756824334698e+06,3.015444863219e+02,1.126048265227e+01,7.923907272200e-05
4.989723516513e-03,3.589131039741e+01,2.669948209744e+01,3.766776467603e+06,3.015436287215e+02,1.126051610667e+01,7.896148455993e-05
4.989744686619e-03,3.586642676664e+01,2.668229935930e+01,3.776767867796e+06,3.015427692379e+02,1.126054963701e+01,7.868447191503e-05
4.989765833671e-03,3.584149898897e+01,2.666505172979e+01,3.786798671066e+06,3.015419078683e+02,1.126058324340e+01,7.840803337750e-05
4.989786957635e-03,3.581652699873e+01,2.664773890727e+01,3.796869026893e+06,3.015410446090e+02,1.126061692601e+01,7.813216750726e-05
4.989808058716e-03,3.579151044767e+01,2.663036039330e+01,3.806979199677e+06,3.015401794463e+02,1.126065068540e+01,7.785687232602e-05
4.989829136548e-03,3.576644966616e+01,2.661291616011e+01,3.817129180437e+06,3.015393123901e+02,1.126068452121e+01,7.758214715047e-05
4.989850191737e-03,3.574134382406e+01,2.659540537168e+01,3.827319430887e+06,3.015384434101e+02,1.126071843462e+01,7.730798870727e-05
4.989871223921e-03,3.571619324651e+01,2.657782799566e+01,3.837549945562e+06,3.015375725160e+02,1.126075242529e+01,7.703439659700e-05
4.989892233061e-03,3.569099787167e+01,2.656018372985e+01,3.847820876442e+06,3.015366997040e+02,1.126078649339e+01,7.676136965502e-05
4.989913219438e-03,3.566575725378e+01,2.654247200213e+01,3.858132533080e+06,3.015358249571e+02,1.126082063959e+01,7.648890552973e-05
4.989934182952e-03,3.564047140307e+01,2.652469255889e+01,3.868485040067e+06,3.015349482741e+02,1.126085486397e+01,7.621700300502e-05
4.989955123636e-03,3.561514016967e+01,2.650684503350e+01,3.878878588232e+06,3.015340696481e+02,1.126088916682e+01,7.594566072416e-05
4.989976041439e-03,3.558976350432e+01,2.648892912949e+01,3.889313328009e+06,3.015331890758e+02,1.126092354827e+01,7.567487738623e-05
4.989996936611e-03,3.556434099309e+01,2.647094429195e+01,3.899789560799e+06,3.015323065414e+02,1.126095800899e+01,7.540465095109e-05
4.990017808906e-03,3.553887282046e+01,2.645289038812e+01,3.910307342558e+06,3.015314220494e+02,1.126099254880e+01,7.513498080278e-05
4.990038658482e-03,3.551335868093e+01,2.643476693778e+01,3.920866932126e+06,3.015305355878e+02,1.126102716820e+01,7.486586517945e-05
4.990059485464e-03,3.548779830862e+01,2.641657348727e+01,3.931468573314e+06,3.015296471456e+02,1.126106186763e+01,7.459730245515e-05
4.990080289589e-03,3.546219191054e+01,2.639830991886e+01,3.942112314663e+06,3.015287567284e+02,1.126109664691e+01,7.432929210843e-05
4.990101071174e-03,3.543653898350e+01,2.637997560784e+01,3.952798500612e+06,3.015278643171e+02,1.126113150679e+01,7.406183194995e-05
4.990121830112e-03,3.541083954073e+01,2.636157029694e+01,3.963527261941e+06,3.015269699104e+02,1.126116644736e+01,7.379492090331e-05
4.990142566528e-03,3.538509331024e+01,2.634309352392e+01,3.974298849348e+06,3.015260734973e+02,1.126120146905e+01,7.352855759814e-05
4.990163280223e-03,3.535930042419e+01,2.632454511579e+01,3.985113345414e+06,3.015251750806e+02,1.126123657178e+01,7.326274154214e-05
4.990183971350e-03,3.533346057281e+01,2.630592458137e+01,3.995971018676e+06,3.015242746479e+02,1.126127175606e+01,7.299747104416e-05
4.990204640019e-03,3.530757350058e+01,2.628723146703e+01,4.006872116265e+06,3.015233721887e+02,1.126130702231e+01,7.273274441318e-05
4.990225286213e-03,3.528163910652e+01,2.626846542957e+01,4.017816821421e+06,3.015224676978e+02,1.126134237078e+01,7.246856056604e-05
4.990245909915e-03,3.525565729306e+01,2.624962612752e+01,4.028805316841e+06,3.015215611699e+02,1.126137780167e+01,7.220491864486e-05
4.990266511082e-03,3.522962799450e+01,2.623071324189e+01,4.039837772618e+06,3.015206526013e+02,1.126141331516e+01,7.194181780551e-05
4.990287089758e-03,3.520355103097e+01,2.621172636996e+01,4.050914408146e+06,3.015197419838e+02,1.126144891158e+01,7.167925668124e-05
4.990307646107e-03,3.517742607537e+01,2.619266500054e+01,4.062035506628e+06,3.015188293044e+02,1.126148459148e+01,7.141723345486e-05
4.990328180236e-03,3.515125286533e+01,2.617352866800e+01,4.073201325180e+06,3.015179145522e+02,1.126152035530e+01,7.115574692920e-05
4.990348691680e-03,3.512503187087e+01,2.615431744183e+01,4.084411809198e+06,3.015169977419e+02,1.126155620248e+01,7.089479752895e-05
4.990369180999e-03,3.509876225034e+01,2.613503043040e+01,4.095667465409e+06,3.015160788423e+02,1.126159213426e+01,7.063438254729e-05
4.990389648000e-03,3.507244412812e+01,2.611566744866e+01,4.106968388732e+06,3.015151578561e+02,1.126162815056e+01,7.037450143713e-05
4.990410092664e-03,3.504607739911e+01,2.609622814270e+01,4.118314773157e+06,3.015142347778e+02,1.126166425162e+01,7.011515349805e-05
4.990430514944e-03,3.501966199939e+01,2.607671218823e+01,4.129706795881e+06,3.015133096035e+02,1.126170043762e+01,6.985633771966e-05
4.990450915294e-03,3.499319721336e+01,2.605711877798e+01,4.141144916581e+06,3.015123823063e+02,1.126173670962e+01,6.959805187459e-05
4.990471293106e-03,3.496668370063e+01,2.603744812133e+01,4.152629001999e+06,3.015114529077e+02,1.126177306681e+01,6.934029688727e-05
4.990491648762e-03,3.494012083556e+01,2.601769947491e+01,4.164159475584e+06,3.015105213838e+02,1.126180951014e+01,6.908307057347e-05
4.990511982533e-03,3.491350813671e+01,2.599787219959e+01,4.175736700499e+06,3.015095877162e+02,1.126184604036e+01,6.882637111819e-05
4.990532293858e-03,3.488684620310e+01,2.597796646043e+01,4.187360570926e+06,3.015086519239e+02,1.126188265674e+01,6.857019941638e-05
4.990552583233e-03,3.486013425604e+01,2.595798139421e+01,4.199031581990e+06,3.015077139779e+02,1.126191936044e+01,6.831455334959e-05
4.990572850307e-03,3.483337262566e+01,2.593791696515e+01,4.210749746222e+06,3.015067738880e+02,1.126195615111e+01,6.805943278290e-05
4.990593095567e-03,3.480656053402e+01,2.591777230620e+01,4.222515562150e+06,3.015058316251e+02,1.126199302989e+01,6.780483543790e-05
4.990613318615e-03,3.477969837462e+01,2.589754742835e+01,4.234329016082e+06,3.015048872012e+02,1.126202999636e+01,6.755076164229e-05
4.990633519676e-03,3.475278571591e+01,2.587724172174e+01,4.246190457533e+06,3.015039405994e+02,1.126206705118e+01,6.729721001051e-05
4.990653698756e-03,3.472582241447e+01,2.585685479196e+01,4.258100110730e+06,3.015029918126e+02,1.126210419466e+01,6.704417960956e-05
4.990673855890e-03,3.469880828654e+01,2.583638621314e+01,4.270058218899e+06,3.015020408328e+02,1.126214142713e+01,6.679166966942e-05
4.990693990902e-03,3.467174343243e+01,2.581583577393e+01,4.282064900512e+06,3.015010876615e+02,1.126217874856e+01,6.653967985398e-05
4.990714104201e-03,3.464462716393e+01,2.579520266323e+01,4.294120625061e+06,3.015001322727e+02,1.126221615999e+01,6.628820812856e-05
4.990734195444e-03,3.461745980662e+01,2.577448683936e+01,4.306225413086e+06,3.014991746761e+02,1.126225366107e+01,6.603725469829e-05
4.990754264863e-03,3.459024090927e+01,2.575368766839e+01,4.318379631799e+06,3.014982148538e+02,1.126229125250e+01,6.578681814313e-05
4.990774312523e-03,3.456297024080e+01,2.573280468253e+01,4.330583551969e+06,3.014972527959e+02,1.126232893472e+01,6.553689759531e-05
4.990794338150e-03,3.453564803480e+01,2.571183776916e+01,4.342837237430e+06,3.014962885088e+02,1.126236670748e+01,6.528749326491e-05
4.990814342022e-03,3.450827377291e+01,2.569078623830e+01,4.355141090073e+06,3.014953219722e+02,1.126240457161e+01,6.503860346914e-05
4.990834324236e-03,3.448084717868e+01,2.566964958361e+01,4.367495405115e+06,3.014943531746e+02,1.126244252758e+01,6.479022712632e-05
4.990854284513e-03,3.445336849135e+01,2.564842769540e+01,4.379900246592e+06,3.014933821225e+02,1.126248057516e+01,6.454236443317e-05
4.990874223197e-03,3.442583709717e+01,2.562711980473e+01,4.392356064534e+06,3.014924087923e+02,1.126251871529e+01,6.429501376862e-05
4.990894140001e-03,3.439825324612e+01,2.560572580935e+01,4.404862919955e+06,3.014914331910e+02,1.126255694773e+01,6.404817513313e-05
4.990914035362e-03,3.437061618929e+01,2.558424483153e+01,4.417421327846e+06,3.014904552902e+02,1.126259527361e+01,6.380184668920e-05
4.990933908812e-03,3.434292642936e+01,2.556267696452e+01,4.430031236277e+06,3.014894751057e+02,1.126263369234e+01,6.355602925887e-05
4.990953760659e-03,3.431518339263e+01,2.554102146363e+01,4.442693083891e+06,3.014884926153e+02,1.126267220480e+01,6.331072121649e-05
4.990973591000e-03,3.428738679553e+01,2.551927780800e+01,4.455407179161e+06,3.014875078071e+02,1.126271081150e+01,6.306592143156e-05
4.990993399777e-03,3.425953657143e+01,2.549744564520e+01,4.468173732822e+06,3.014865206768e+02,1.126274951262e+01,6.282162980710e-05
4.991013186622e-03,3.423163308999e+01,2.547552496501e+01,4.480992756226e+06,3.014855312354e+02,1.126278830774e+01,6.257784679838e-05
4.991032952343e-03,3.420367506025e+01,2.545351445141e+01,4.493865025018e+06,3.014845394354e+02,1.126282719877e+01,6.233456919394e-05
4.991052696262e-03,3.417566329309e+01,2.543141444000e+01,4.506790349767e+06,3.014835453035e+02,1.126286618468e+01,6.209179832412e-05
4.991072418873e-03,3.414759693650e+01,2.540922395546e+01,4.519769308440e+06,3.014825488074e+02,1.126290526675e+01,6.184953235447e-05
4.991092119860e-03,3.411947628674e+01,2.538694292775e+01,4.532801950306e+06,3.014815499559e+02,1.126294444467e+01,6.160777162718e-05
4.991111799435e-03,3.409130088930e+01,2.536457069202e+01,4.545888673327e+06,3.014805487306e+02,1.126298371918e+01,6.136651496360e-05
4.991131457646e-03,3.406307052142e+01,2.534210676528e+01,4.559029769864e+06,3.014795451217e+02,1.126302309068e+01,6.112576172797e-05
4.991151094250e-03,3.403478538031e+01,2.531955099813e+01,4.572225337952e+06,3.014785391343e+02,1.126306255901e+01,6.088551216297e-05
4.991170709576e-03,3.400644483637e+01,2.529690258122e+01,4.585475862487e+06,3.014775307440e+02,1.126310212515e+01,6.064576453927e-05
4.991190303647e-03,3.397804869945e+01,2.527416105374e+01,4.598781625301e+06,3.014765199419e+02,1.126314178946e+01,6.040651825784e-05
4.991209876162e-03,3.394959724887e+01,2.525132633048e+01,4.612142689295e+06,3.014755067360e+02,1.126318155167e+01,6.016777383415e-05
4.991229427519e-03,3.392108975214e+01,2.522839751371e+01,4.625559593623e+06,3.014744910981e+02,1.126322141288e+01,5.992952950105e-05
4.991248957578e-03,3.389252625158e+01,2.520537432625e+01,4.639032515198e+06,3.014734730278e+02,1.126326137316e+01,5.969178522273e-05
4.991268466213e-03,3.386390677487e+01,2.518225647915e+01,4.652561638696e+06,3.014724525241e+02,1.126330143257e+01,5.945454096848e-05
4.991287953739e-03,3.383523070010e+01,2.515904315758e+01,4.666147457406e+06,3.014714295626e+02,1.126334159208e+01,5.921779514682e-05
4.991307420072e-03,3.380649799033e+01,2.513573401790e+01,4.679790189776e+06,3.014704041400e+02,1.126338185184e+01,5.898154764300e-05
4.991326864971e-03,3.377770883964e+01,2.511232890391e+01,4.693489945447e+06,3.014693762612e+02,1.126342221170e+01,5.874579874254e-05
4.991346288974e-03,3.374886229077e+01,2.508882672225e+01,4.707247383506e+06,3.014683458899e+02,1.126346267310e+01,5.851054623540e-05
4.991365691670e-03,3.371995878911e+01,2.506522751967e+01,4.721062496645e+06,3.014673130399e+02,1.126350323553e+01,5.827579098388e-05
4.991385073234e-03,3.369099791264e+01,2.504153063536e+01,4.734935692682e+06,3.014662776941e+02,1.126354389967e+01,5.804153216037e-05
4.991404433691e-03,3.366197945728e+01,2.501773558486e+01,4.748867277168e+06,3.014652398431e+02,1.126358466593e+01,5.780776911336e-05
4.991423773105e-03,3.363290316583e+01,2.499384183889e+01,4.762857582876e+06,3.014641994756e+02,1.126362553477e+01,5.757450123184e-05
4.991443091421e-03,3.360376895151e+01,2.496984900704e+01,4.776906862274e+06,3.014631565863e+02,1.126366650643e+01,5.734172837070e-05
4.991462388606e-03,3.357457669889e+01,2.494575667467e+01,4.791015383020e+06,3.014621111691e+02,1.126370758117e+01,5.710945013350e-05
4.991481664986e-03,3.354532574677e+01,2.492156397507e+01,4.805183678528e+06,3.014610631980e+02,1.126374876004e+01,5.687766511996e-05
4.991500920150e-03,3.351601655069e+01,2.489727096351e+01,4.819411743332e+06,3.014600126873e+02,1.126379004249e+01,5.664637434714e-05
4.991520154345e-03,3.348664856771e+01,2.487287686826e+01,4.833700057356e+06,3.014589596155e+02,1.126383142942e+01,5.641557651464e-05
4.991539367790e-03,3.345722128958e+01,2.484838094347e+01,4.848049086444e+06,3.014579039620e+02,1.126387292163e+01,5.618527034563e-05
4.991558560210e-03,3.342773496948e+01,2.482378307571e+01,4.862458927109e+06,3.014568457338e+02,1.126391451889e+01,5.595545655363e-05
4.991577731717e-03,3.339818926132e+01,2.479908265188e+01,4.876929969680e+06,3.014557849164e+02,1.126395622179e+01,5.572613470901e-05
4.991596882177e-03,3.336858420241e+01,2.477427937816e+01,4.891462418553e+06,3.014547215088e+02,1.126399803040e+01,5.549730465281e-05
4.991616012051e-03,3.333891890589e+01,2.474937218496e+01,4.906056933788e+06,3.014536554771e+02,1.126403994607e+01,5.526896439931e-05
4.991635120989e-03,3.330919373968e+01,2.472436105367e+01,4.920713560827e+06,3.014525868322e+02,1.126408196840e+01,5.504111489911e-05
4.991654208986e-03,3.327940853649e+01,2.469924551636e+01,4.935432609571e+06,3.014515155660e+02,1.126412409774e+01,5.481375601192e-05
4.991673276260e-03,3.324956278311e+01,2.467402481185e+01,4.950214562979e+06,3.014504416578e+02,1.126416633492e+01,5.458688644301e-05
4.991692322901e-03,3.321965616106e+01,2.464869834110e+01,4.965059810209e+06,3.014493650939e+02,1.126420868051e+01,5.436050560130e-05
4.991711348572e-03,3.318968902014e+01,2.462326607050e+01,4.979968410267e+06,3.014482858846e+02,1.126425113413e+01,5.413461438882e-05
4.991730353613e-03,3.315966065050e+01,2.459772706713e+01,4.994940950539e+06,3.014472040022e+02,1.126429369690e+01,5.390921127179e-05
4.991749338103e-03,3.312957074599e+01,2.457208073834e+01,5.009977820265e+06,3.014461194334e+02,1.126433636936e+01,5.368429573090e-05
4.991768301617e-03,3.309941980108e+01,2.454632717368e+01,5.025079010006e+06,3.014450321937e+02,1.126437915093e+01,5.345986896453e-05
4.991787244698e-03,3.306920677376e+01,2.452046515025e+01,5.040245281176e+06,3.014439422433e+02,1.126442204321e+01,5.323592888074e-05
4.991806167025e-03,3.303893199210e+01,2.449449461482e+01,5.055476710689e+06,3.014428495918e+02,1.126446504583e+01,5.301247605192e-05
4.991825068874e-03,3.300859483308e+01,2.446841469840e+01,5.070773855200e+06,3.014417542143e+02,1.126450815981e+01,5.278950948976e-05
4.991843949985e-03,3.297819553358e+01,2.444222526948e+01,5.086136840245e+06,3.014406561172e+02,1.126455138493e+01,5.256702983547e-05
4.991862810558e-03,3.294773358479e+01,2.441592555416e+01,5.101566169559e+06,3.014395552797e+02,1.126459472201e+01,5.234503613167e-05
4.991881650614e-03,3.291720876974e+01,2.438951502836e+01,5.117062201786e+06,3.014384516918e+02,1.126463817150e+01,5.212352787921e-05
4.991900470197e-03,3.288662083230e+01,2.436299313298e+01,5.132625317590e+06,3.014373453418e+02,1.126468173386e+01,5.190250476056e-05
4.991919269202e-03,3.285596975672e+01,2.433635951649e+01,5.148255777305e+06,3.014362362269e+02,1.126472540925e+01,5.168196698827e-05
4.991938047743e-03,3.282525516983e+01,2.430961351623e+01,5.163954025390e+06,3.014351243311e+02,1.126476919831e+01,5.146191397106e-05
4.991956805790e-03,3.279447693309e+01,2.428275467235e+01,5.179720388791e+06,3.014340096471e+02,1.126481310136e+01,5.124234543381e-05
4.991975543486e-03,3.276363462268e+01,2.425578227494e+01,5.195555342806e+06,3.014328921573e+02,1.126485711912e+01,5.102326060355e-05
4.991994260814e-03,3.273272807715e+01,2.422869584190e+01,5.211459230628e+06,3.014317718534e+02,1.126490125194e+01,5.080465953384e-05
4.992012957485e-03,3.270175758529e+01,2.420149528583e+01,5.227432165289e+06,3.014306487435e+02,1.126494549954e+01,5.058654293994e-05
4.992031634112e-03,3.267072193975e+01,2.417417920436e+01,5.243475033610e+06,3.014295227814e+02,1.126498986375e+01,5.036890847121e-05
4.992050290205e-03,3.263962176169e+01,2.414674780143e+01,5.259587780819e+06,3.014283939872e+02,1.126503434380e+01,5.015175758938e-05
4.992068925965e-03,3.260845652591e+01,2.411920027141e+01,5.275770946731e+06,3.014272623396e+02,1.126507894058e+01,4.993508952179e-05
4.992087541502e-03,3.257722585360e+01,2.409153593569e+01,5.292024998339e+06,3.014261278223e+02,1.126512365475e+01,4.971890352820e-05
4.992106136736e-03,3.254592968300e+01,2.406375439524e+01,5.308350240128e+06,3.014249904306e+02,1.126516848651e+01,4.950319970165e-05
4.992124711732e-03,3.251456771192e+01,2.403585503714e+01,5.324747104066e+06,3.014238501512e+02,1.126521343642e+01,4.928797777777e-05
4.992143266379e-03,3.248313993180e+01,2.400783750884e+01,5.341215870913e+06,3.014227069813e+02,1.126525850462e+01,4.907323782823e-05
4.992161801035e-03,3.245164553841e+01,2.397970074725e+01,5.357757240937e+06,3.014215608891e+02,1.126530369238e+01,4.885897848982e-05
4.992180315307e-03,3.242008500038e+01,2.395144482466e+01,5.374371248870e+06,3.014204118893e+02,1.126534899916e+01,4.864520103793e-05
4.992198809449e-03,3.238845769100e+01,2.392306883369e+01,5.391058507325e+06,3.014192599566e+02,1.126539442597e+01,4.843190456425e-05
4.992217283361e-03,3.235676357879e+01,2.389457239896e+01,5.407819318052e+06,3.014181050874e+02,1.126543997300e+01,4.821908892125e-05
4.992235737381e-03,3.232500188404e+01,2.386595447114e+01,5.424654381151e+06,3.014169472507e+02,1.126548564148e+01,4.800675279240e-05
4.992254171144e-03,3.229317303318e+01,2.383721508602e+01,5.441563760511e+06,3.014157864596e+02,1.126553143093e+01,4.779489749024e-05
4.992272584741e-03,3.226127667045e+01,2.380835357447e+01,5.458547936708e+06,3.014146226986e+02,1.126557734198e+01,4.758352258164e-05
4.992290978450e-03,3.222931210868e+01,2.377936896530e+01,5.475607570197e+06,3.014134559401e+02,1.126562337576e+01,4.737262675431e-05
4.992309352096e-03,3.219727945150e+01,2.375026100250e+01,5.492742902702e+06,3.014122861853e+02,1.126566953223e+01,4.716221062874e-05
4.992327705576e-03,3.216517867118e+01,2.372102931156e+01,5.509954247817e+06,3.014111134307e+02,1.126571581158e+01,4.695227454533e-05
4.992346039184e-03,3.213300905109e+01,2.369167288968e+01,5.527242291239e+06,3.014099376476e+02,1.126576221495e+01,4.674281726230e-05
4.992364352740e-03,3.210077070209e+01,2.366219148725e+01,5.544607277437e+06,3.014087588375e+02,1.126580874231e+01,4.653383911345e-05
4.992382646468e-03,3.206846301943e+01,2.363258420008e+01,5.562049838658e+06,3.014075769756e+02,1.126585539468e+01,4.632533925675e-05
4.992400920218e-03,3.203608606421e+01,2.360285073260e+01,5.579570250988e+06,3.014063920616e+02,1.126590217208e+01,4.611731827398e-05
4.992419173949e-03,3.200363969903e+01,2.357299060755e+01,5.597168899884e+06,3.014052040879e+02,1.126594907485e+01,4.590977627880e-05
4.992437407833e-03,3.197112341181e+01,2.354300300201e+01,5.614846376919e+06,3.014040130331e+02,1.126599610385e+01,4.570271229835e-05
4.992455621907e-03,3.193853692429e+01,2.351288730681e+01,5.632603150125e+06,3.014028188844e+02,1.126604325963e+01,4.549612568649e-05
4.992473816206e-03,3.190587996230e+01,2.348264291575e+01,5.650439688289e+06,3.014016216292e+02,1.126609054271e+01,4.529001566220e-05
4.992491990555e-03,3.187315262962e+01,2.345226957254e+01,5.668356256269e+06,3.014004212686e+02,1.126613795306e+01,4.508438056279e-05
4.992510145129e-03,3.184035439278e+01,2.342176642960e+01,5.686353469903e+06,3.013992177804e+02,1.126618549160e+01,4.487921186602e-05
4.992528279899e-03,3.180748507922e+01,2.339113297364e+01,5.704431749419e+06,3.013980111556e+02,1.126623315870e+01,4.467448352173e-05
4.992546395011e-03,3.177454419872e+01,2.336036839458e+01,5.722591692742e+06,3.013968013736e+02,1.126628095521e+01,4.447022125143e-05
4.992564490331e-03,3.174153177700e+01,2.332947236254e+01,5.740833617739e+06,3.013955884328e+02,1.126632888122e+01,4.426643374482e-05
4.992582565922e-03,3.170844747964e+01,2.329844421073e+01,5.759158044115e+06,3.013943723180e+02,1.126637693735e+01,4.406312319827e-05
4.992600621789e-03,3.167529108317e+01,2.326728337546e+01,5.777565433572e+06,3.013931530184e+02,1.126642512407e+01,4.386029008981e-05
4.992618658075e-03,3.164206210768e+01,2.323598905121e+01,5.796056393566e+06,3.013919305136e+02,1.126647344219e+01,4.365793402957e-05
4.992636674532e-03,3.160876079334e+01,2.320456111012e+01,5.814631134084e+06,3.013907048097e+02,1.126652189152e+01,4.345605573875e-05
4.992654671536e-03,3.157538622455e+01,2.317299833373e+01,5.833290512570e+06,3.013894758704e+02,1.126657047351e+01,4.325465361759e-05
4.992672648929e-03,3.154193847405e+01,2.314130043582e+01,5.852034838488e+06,3.013882436954e+02,1.126661918819e+01,4.305372806294e-05
4.992690606771e-03,3.150841721120e+01,2.310946674863e+01,5.870864649961e+06,3.013870082699e+02,1.126666803620e+01,4.285327912663e-05
4.992708544792e-03,3.147482271929e+01,2.307749718771e+01,5.889780143165e+06,3.013857696016e+02,1.126671701723e+01,4.265330765698e-05
4.992726463458e-03,3.144115390406e+01,2.304539035774e+01,5.908782292960e+06,3.013845276472e+02,1.126676613304e+01,4.245381161469e-05
4.992744362596e-03,3.140741086850e+01,2.301314600221e+01,5.927871403667e+06,3.013832824079e+02,1.126681538361e+01,4.225479133762e-05
4.992762242272e-03,3.137359325899e+01,2.298076342913e+01,5.947048040613e+06,3.013820338677e+02,1.126686476959e+01,4.205624673628e-05
4.992780102319e-03,3.133970117401e+01,2.294824237944e+01,5.966312516089e+06,3.013807820275e+02,1.126691429098e+01,4.185817835817e-05
4.992797943014e-03,3.130573385804e+01,2.291558177476e+01,5.985665631080e+06,3.013795268565e+02,1.126696394902e+01,4.166058499293e-05
4.992815764259e-03,3.127169127351e+01,2.288278122527e+01,6.005107782165e+06,3.013782683505e+02,1.126701374391e+01,4.146346682519e-05
4.992833566078e-03,3.123757314708e+01,2.284984011457e+01,6.024639503670e+06,3.013770064966e+02,1.126706367618e+01,4.126682373333e-05
4.992851348545e-03,3.120337910746e+01,2.281675773128e+01,6.044261389874e+06,3.013757412781e+02,1.126711374651e+01,4.107065542731e-05
4.992869111575e-03,3.116910909303e+01,2.278353366334e+01,6.063973861176e+06,3.013744726899e+02,1.126716395515e+01,4.087496225626e-05
4.992886855171e-03,3.113476286678e+01,2.275016732941e+01,6.083777442078e+06,3.013732007203e+02,1.126721430258e+01,4.067974400868e-05
4.992904579621e-03,3.110033964115e+01,2.271665761220e+01,6.103672978992e+06,3.013719253373e+02,1.126726479009e+01,4.048499948924e-05
4.992922284569e-03,3.106583987719e+01,2.268300460927e+01,6.123660601026e+06,3.013706465549e+02,1.126731541715e+01,4.029072985257e-05
4.992939970474e-03,3.103126244750e+01,2.264920686975e+01,6.143741360685e+06,3.013693643286e+02,1.126736618556e+01,4.009693352840e-05
4.992957636864e-03,3.099660804426e+01,2.261526471986e+01,6.163915258864e+06,3.013680786811e+02,1.126741709444e+01,3.990361226478e-05
4.992975284056e-03,3.096187581104e+01,2.258117697161e+01,6.184183200185e+06,3.013667895775e+02,1.126746814520e+01,3.971076478056e-05
4.992992912129e-03,3.092706535901e+01,2.254694289347e+01,6.204545822255e+06,3.013654970005e+02,1.126751933855e+01,3.951839057311e-05
4.993010520914e-03,3.089217678623e+01,2.251256223307e+01,6.225003481902e+06,3.013642009508e+02,1.126757067449e+01,3.932649035929e-05
4.993028110505e-03,3.085720966968e+01,2.247803422581e+01,6.245556844894e+06,3.013629014097e+02,1.126762215379e+01,3.913506382921e-05
4.993045680916e-03,3.082216375015e+01,2.244335826840e+01,6.266206485399e+06,3.013615983646e+02,1.126767377697e+01,3.894411077678e-05
4.993063232253e-03,3.078703857374e+01,2.240853356482e+01,6.286953096821e+06,3.013602917955e+02,1.126772554486e+01,3.875363074431e-05
4.993080764421e-03,3.075183409591e+01,2.237355972489e+01,6.307797135364e+06,3.013589816977e+02,1.126777745766e+01,3.856362413914e-05
4.993098277456e-03,3.071655000350e+01,2.233843609263e+01,6.328739220137e+06,3.013576680567e+02,1.126782951598e+01,3.837409081534e-05
4.993115771430e-03,3.068118591203e+01,2.230316194101e+01,6.349780017341e+06,3.013563508549e+02,1.126788172053e+01,3.818503033243e-05
4.993133246472e-03,3.064574132354e+01,2.226773642929e+01,6.370920265856e+06,3.013550300708e+02,1.126793407220e+01,3.799644235616e-05
4.993150702205e-03,3.061021675801e+01,2.223215973522e+01,6.392160101616e+06,3.013537057208e+02,1.126798657037e+01,3.780832837040e-05
4.993168139041e-03,3.057461114044e+01,2.219643044122e+01,6.413500617674e+06,3.013523777615e+02,1.126803921677e+01,3.762068657939e-05
4.993185557052e-03,3.053892407484e+01,2.216054780817e+01,6.434942507286e+06,3.013510461752e+02,1.126809201215e+01,3.743351665916e-05
4.993202955809e-03,3.050315620032e+01,2.212451213958e+01,6.456485845700e+06,3.013497109826e+02,1.126814495569e+01,3.724682039015e-05
4.993220335802e-03,3.046730626893e+01,2.208832184007e+01,6.478131848307e+06,3.013483721339e+02,1.126819804940e+01,3.706059591724e-05
4.993237696840e-03,3.043137442272e+01,2.205197671506e+01,6.499880898404e+06,3.013470296314e+02,1.126825129323e+01,3.687484404005e-05
4.993255038724e-03,3.039536083527e+01,2.201547660512e+01,6.521733363346e+06,3.013456834783e+02,1.126830468705e+01,3.668956556175e-05
4.993272361914e-03,3.035926430366e+01,2.197881995633e+01,6.543690450759e+06,3.013443336265e+02,1.126835823281e+01,3.650475837013e-05
4.993289666385e-03,3.032308463160e+01,2.194200623437e+01,6.565752763653e+06,3.013429800655e+02,1.126841193095e+01,3.632042267105e-05
4.993306951696e-03,3.028682249261e+01,2.190503579300e+01,6.587920378283e+06,3.013416228173e+02,1.126846578063e+01,3.613656054148e-05
4.993324218206e-03,3.025047689123e+01,2.186790728761e+01,6.610194394641e+06,3.013402618414e+02,1.126851978346e+01,3.595317045294e-05
4.993341466071e-03,3.021404724551e+01,2.183061979350e+01,6.632575667188e+06,3.013388971128e+02,1.126857394048e+01,3.577025150648e-05
4.993358695125e-03,3.017753365620e+01,2.179317308532e+01,6.655064636730e+06,3.013375286320e+02,1.126862825168e+01,3.558780465788e-05
4.993375905155e-03,3.014093632819e+01,2.175556704802e+01,6.677661683612e+06,3.013361564034e+02,1.126868271691e+01,3.540583075795e-05
4.993393096782e-03,3.010425368899e+01,2.171779974062e+01,6.700368291565e+06,3.013347803649e+02,1.126873733866e+01,3.522432737495e-05
4.993410269376e-03,3.006748682954e+01,2.167987196312e+01,6.723184303237e+06,3.013334005540e+02,1.126879211548e+01,3.504329688032e-05
4.993427423475e-03,3.003063434691e+01,2.164178194729e+01,6.746111112049e+06,3.013320169148e+02,1.126884704959e+01,3.486273735902e-05
4.993444558781e-03,2.999369663138e+01,2.160352977652e+01,6.769149004083e+06,3.013306294587e+02,1.126890214058e+01,3.468264999301e-05
4.993461675358e-03,2.995667328782e+01,2.156511472460e+01,6.792298759267e+06,3.013292381675e+02,1.126895738919e+01,3.450303462488e-05
4.993478773356e-03,2.991956374202e+01,2.152653587987e+01,6.815561276252e+06,3.013278430162e+02,1.126901279643e+01,3.432389053122e-05
4.993495852785e-03,2.988236771389e+01,2.148779263675e+01,6.838937276254e+06,3.013264439909e+02,1.126906836288e+01,3.414521779222e-05
4.993512913419e-03,2.984508544318e+01,2.144888493366e+01,6.862427159183e+06,3.013250410974e+02,1.126912408834e+01,3.396701733266e-05
4.993529955697e-03,2.980771571260e+01,2.140981119030e+01,6.886032248929e+06,3.013236342864e+02,1.126917997478e+01,3.378928749521e-05
4.993546979203e-03,2.977025917916e+01,2.137057178595e+01,6.909752693305e+06,3.013222235792e+02,1.126923602138e+01,3.361202989210e-05
4.993563984356e-03,2.973271466462e+01,2.133116518089e+01,6.933589807169e+06,3.013208089281e+02,1.126929223006e+01,3.343524318494e-05
4.993580970669e-03,2.969508298520e+01,2.129159192926e+01,6.957543646758e+06,3.013193903604e+02,1.126934859975e+01,3.325892917894e-05
4.993597938772e-03,2.965736249103e+01,2.125184999535e+01,6.981615843216e+06,3.013179678104e+02,1.126940513310e+01,3.308308543179e-05
4.993614888203e-03,2.961955394541e+01,2.121193988454e+01,7.005806497139e+06,3.013165413035e+02,1.126946182910e+01,3.290771369608e-05
4.993631819268e-03,2.958165641065e+01,2.117186031153e+01,7.030116801867e+06,3.013151108008e+02,1.126951868933e+01,3.273281293177e-05
4.993648731919e-03,2.954366973207e+01,2.113161081882e+01,7.054547457296e+06,3.013136762929e+02,1.126957571419e+01,3.255838352058e-05
4.993665625860e-03,2.950559431560e+01,2.109119154697e+01,7.079098808263e+06,3.013122377917e+02,1.126963290322e+01,3.238442660508e-05
4.993682501759e-03,2.946742839465e+01,2.105060033226e+01,7.103772607613e+06,3.013107952269e+02,1.126969025923e+01,3.221093945449e-05
4.993699359095e-03,2.942917288572e+01,2.100983786341e+01,7.128568883784e+06,3.013093486297e+02,1.126974778102e+01,3.203792426202e-05
4.993716198061e-03,2.939082709124e+01,2.096890311558e+01,7.153488715456e+06,3.013078979700e+02,1.126980546978e+01,3.186538060903e-05
4.993733018615e-03,2.935239084343e+01,2.092779563053e+01,7.178532845598e+06,3.013064432380e+02,1.126986332595e+01,3.169330854672e-05
4.993749820955e-03,2.931386342560e+01,2.088651436507e+01,7.203702382681e+06,3.013049844029e+02,1.126992135075e+01,3.152170731687e-05
4.993766604870e-03,2.927524506046e+01,2.084505928455e+01,7.228997829728e+06,3.013035214696e+02,1.126997954401e+01,3.135057779503e-05
4.993783370613e-03,2.923653490317e+01,2.080342921186e+01,7.254420395994e+06,3.013020544024e+02,1.127003790718e+01,3.117991908772e-05
4.993800118019e-03,2.919773306781e+01,2.076162400253e+01,7.279970670112e+06,3.013005832020e+02,1.127009644025e+01,3.100973194186e-05
4.993816847202e-03,2.915883902768e+01,2.071964282567e+01,7.305649669696e+06,3.012991078449e+02,1.127015514416e+01,3.084001614608e-05
4.993833558011e-03,2.911985287019e+01,2.067748551595e+01,7.331458015281e+06,3.012976283305e+02,1.127021401896e+01,3.067077225241e-05
4.993850250784e-03,2.908077353924e+01,2.063515067450e+01,7.357397092572e+06,3.012961446153e+02,1.127027306641e+01,3.050199881649e-05
4.993866925350e-03,2.904160117047e+01,2.059263819442e+01,7.383467506618e+06,3.012946567005e+02,1.127033228646e+01,3.033369658770e-05
4.993883581762e-03,2.900233537393e+01,2.054994740306e+01,7.409670219491e+06,3.012931645676e+02,1.127039167988e+01,3.016586567397e-05
4.993900219930e-03,2.896297609170e+01,2.050707799205e+01,7.436005980379e+06,3.012916682108e+02,1.127045124691e+01,2.999850657495e-05
4.993916840002e-03,2.892352271141e+01,2.046402905278e+01,7.462475917968e+06,3.012901676030e+02,1.127051098864e+01,2.983161876599e-05
4.993933441912e-03,2.888397512220e+01,2.042080022643e+01,7.489080834246e+06,3.012886627362e+02,1.127057090542e+01,2.966520248153e-05
4.993950025825e-03,2.884433266336e+01,2.037739055661e+01,7.515821910198e+06,3.012871535814e+02,1.127063099841e+01,2.949925718374e-05
4.993966591511e-03,2.880459561498e+01,2.033380012054e+01,7.542699701734e+06,3.012856401455e+02,1.127069126736e+01,2.933378376404e-05
4.993983139425e-03,2.876476261893e+01,2.029002720219e+01,7.569715882025e+06,3.012841223729e+02,1.127075171448e+01,2.916878061027e-05
4.993999668974e-03,2.872483483521e+01,2.024607285528e+01,7.596870427255e+06,3.012826003040e+02,1.127081233820e+01,2.900425026696e-05
4.994016180702e-03,2.868481068197e+01,2.020193512216e+01,7.624165184986e+06,3.012810738746e+02,1.127087314108e+01,2.884019058542e-05
4.994032674393e-03,2.864469041064e+01,2.015761406705e+01,7.651600766125e+06,3.012795430905e+02,1.127093412290e+01,2.867660233078e-05
4.994049150219e-03,2.860447333283e+01,2.011310872140e+01,7.679178433003e+06,3.012780079213e+02,1.127099528489e+01,2.851348520738e-05
4.994065607796e-03,2.856416012371e+01,2.006841963019e+01,7.706898522886e+06,3.012764683891e+02,1.127105662618e+01,2.835084086963e-05
4.994082047693e-03,2.852374911474e+01,2.002354474563e+01,7.734762993779e+06,3.012749244261e+02,1.127111814949e+01,2.818866690822e-05
4.994098469619e-03,2.848324075073e+01,1.997848436743e+01,7.762772360783e+06,3.012733760454e+02,1.127117985431e+01,2.802696453975e-05
4.994114873677e-03,2.844263451154e+01,1.993323772880e+01,7.790927814572e+06,3.012718232230e+02,1.127124174160e+01,2.786573380173e-05
4.994131259619e-03,2.840193073999e+01,1.988780502953e+01,7.819229958048e+06,3.012702659682e+02,1.127130381100e+01,2.770497567221e-05
4.994147627987e-03,2.836112781754e+01,1.984218428482e+01,7.847680768891e+06,3.012687042149e+02,1.127136606517e+01,2.754468778055e-05
4.994163978469e-03,2.832022625368e+01,1.979637589065e+01,7.876280755737e+06,3.012671379787e+02,1.127142850349e+01,2.738487152657e-05
4.994180311114e-03,2.827922565435e+01,1.975037923883e+01,7.905031067601e+06,3.012655672403e+02,1.127149112674e+01,2.722552711832e-05
4.994196625898e-03,2.823812580672e+01,1.970419392937e+01,7.933932738285e+06,3.012639919876e+02,1.127155393541e+01,2.706665483262e-05
4.994212922820e-03,2.819692644994e+01,1.965781951388e+01,7.962986846785e+06,3.012624122064e+02,1.127161693008e+01,2.690825459679e-05
4.994229202200e-03,2.815562649965e+01,1.961125462104e+01,7.992195066146e+06,3.012608278511e+02,1.127168011257e+01,2.675032514047e-05
4.994245463593e-03,2.811422681563e+01,1.956450007617e+01,8.021557707636e+06,3.012592389505e+02,1.127174348175e+01,2.659286837040e-05
4.994261707521e-03,2.807272579871e+01,1.951755393504e+01,8.051076836828e+06,3.012576454390e+02,1.127180704024e+01,2.643588227246e-05
4.994277933618e-03,2.803112410984e+01,1.947041681274e+01,8.080752927717e+06,3.012560473378e+02,1.127187078719e+01,2.627936855625e-05
4.994294141987e-03,2.798942121760e+01,1.942308798217e+01,8.110587314397e+06,3.012544446224e+02,1.127193472360e+01,2.612332709037e-05
4.994310332634e-03,2.794761683727e+01,1.937556700134e+01,8.140581168420e+06,3.012528372776e+02,1.127199885008e+01,2.596775766634e-05
4.994326505909e-03,2.790570979470e+01,1.932785242172e+01,8.170736314420e+06,3.012512252540e+02,1.127206316860e+01,2.581265898295e-05
4.994342661212e-03,2.786370136973e+01,1.927994559472e+01,8.201052825268e+06,3.012496085965e+02,1.127212767738e+01,2.565803372759e-05
4.994358799149e-03,2.782158972146e+01,1.923184432201e+01,8.231533036345e+06,3.012479872300e+02,1.127219237941e+01,2.550387945601e-05
4.994374919436e-03,2.777937531723e+01,1.918354904414e+01,8.262177631152e+06,3.012463611682e+02,1.127225727415e+01,2.535019737256e-05
4.994391022146e-03,2.773705769949e+01,1.913505915251e+01,8.292987976048e+06,3.012447303892e+02,1.127232236249e+01,2.519698745242e-05
4.994407107323e-03,2.769463647923e+01,1.908637412307e+01,8.323965402842e+06,3.012430948735e+02,1.127238764519e+01,2.504424970262e-05
4.994423174811e-03,2.765211180044e+01,1.903749405073e+01,8.355110868396e+06,3.012414546225e+02,1.127245312222e+01,2.489198479321e-05
4.994439224983e-03,2.760948241039e+01,1.898841743182e+01,8.386426367562e+06,3.012398095833e+02,1.127251879567e+01,2.474019109475e-05
4.994455257686e-03,2.756674843812e+01,1.893914435795e+01,8.417912898637e+06,3.012381597565e+02,1.127258466553e+01,2.458886951595e-05
4.994471272673e-03,2.752391027870e+01,1.888967523740e+01,8.449571276272e+06,3.012365051530e+02,1.127265073136e+01,2.443802134481e-05
4.994487270401e-03,2.748096644337e+01,1.884000831075e+01,8.481403722542e+06,3.012348457107e+02,1.127271699565e+01,2.428764453048e-05
4.994503250741e-03,2.743791700421e+01,1.879014362787e+01,8.513411323042e+06,3.012331814280e+02,1.127278345844e+01,2.413773967364e-05
4.994519213622e-03,2.739476188740e+01,1.874008107896e+01,8.545595286204e+06,3.012315122974e+02,1.127285012004e+01,2.398830757882e-05
4.994535158896e-03,2.735150122497e+01,1.868982080233e+01,8.577956681804e+06,3.012298383196e+02,1.127291698042e+01,2.383934899005e-05
4.994551086973e-03,2.730813364383e+01,1.863936119525e+01,8.610497722813e+06,3.012281594369e+02,1.127298404188e+01,2.369086206594e-05
4.994566997646e-03,2.726465943365e+01,1.858870259514e+01,8.643219395375e+06,3.012264756560e+02,1.127305130415e+01,2.354284767886e-05
4.994582891028e-03,2.722107802025e+01,1.853784434263e+01,8.676123351380e+06,3.012247869498e+02,1.127311876830e+01,2.339530558586e-05
4.994598767054e-03,2.717738932018e+01,1.848678635887e+01,8.709210890961e+06,3.012230933107e+02,1.127318643464e+01,2.324823622910e-05
4.994614625772e-03,2.713359293273e+01,1.843552820337e+01,8.742483572009e+06,3.012213947183e+02,1.127325430396e+01,2.310163952841e-05
4.994630467260e-03,2.708968837928e+01,1.838406935249e+01,8.775943031107e+06,3.012196911495e+02,1.127332237719e+01,2.295551538621e-05
4.994646291260e-03,2.704567611083e+01,1.833241038173e+01,8.809590214464e+06,3.012179826171e+02,1.127339065381e+01,2.280986494137e-05
4.994662098284e-03,2.700155444261e+01,1.828054936897e+01,8.843427719899e+06,3.012162690509e+02,1.127345913661e+01,2.266468602967e-05
4.994677887903e-03,2.695732430581e+01,1.822848747360e+01,8.877456162383e+06,3.012145504823e+02,1.127352782432e+01,2.251998052396e-05
4.994693660479e-03,2.691298442418e+01,1.817622326848e+01,8.911677871568e+06,3.012128268569e+02,1.127359671911e+01,2.237574709338e-05
4.994709415813e-03,2.686853509709e+01,1.812375719101e+01,8.946093984731e+06,3.012110981816e+02,1.127366582070e+01,2.223198688120e-05
4.994725153763e-03,2.682397646430e+01,1.807108950248e+01,8.980705779603e+06,3.012093644571e+02,1.127373512904e+01,2.208870060748e-05
4.994740874839e-03,2.677930682012e+01,1.801821829188e+01,9.015515989605e+06,3.012076256119e+02,1.127380464697e+01,2.194588606947e-05
4.994756578557e-03,2.673452728651e+01,1.796514500284e+01,9.050525169683e+06,3.012058816850e+02,1.127387437292e+01,2.180354542590e-05
4.994772265319e-03,2.668963645414e+01,1.791186809181e+01,9.085735871286e+06,3.012041326166e+02,1.127394430928e+01,2.166167707891e-05
4.994787934995e-03,2.664463443642e+01,1.785838782995e+01,9.121149478333e+06,3.012023784060e+02,1.127401445604e+01,2.152028180434e-05
4.994803587371e-03,2.659952159431e+01,1.780470479540e+01,9.156767199117e+06,3.012006190625e+02,1.127408481282e+01,2.137936070546e-05
4.994819222922e-03,2.655429630139e+01,1.775081721207e+01,9.192591833961e+06,3.011988545176e+02,1.127415538235e+01,2.123891175436e-05
4.994834841251e-03,2.650895945298e+01,1.769672631726e+01,9.228624213082e+06,3.011970848012e+02,1.127422616340e+01,2.109893669256e-05
4.994850442738e-03,2.646350969308e+01,1.764243067532e+01,9.264866976459e+06,3.011953098553e+02,1.127429715828e+01,2.095943410631e-05
4.994866027053e-03,2.641794772620e+01,1.758793132165e+01,9.301321148486e+06,3.011935297023e+02,1.127436836606e+01,2.082040552079e-05
4.994881594455e-03,2.637227254678e+01,1.753322725949e+01,9.337989143241e+06,3.011917442979e+02,1.127443978850e+01,2.068184983490e-05
4.994897145042e-03,2.632648361520e+01,1.747831805927e+01,9.374873030466e+06,3.011899536158e+02,1.127451142663e+01,2.054376678472e-05
4.994912678442e-03,2.628058177561e+01,1.742320496351e+01,9.411973789611e+06,3.011881576839e+02,1.127458327931e+01,2.040615832785e-05
4.994928194957e-03,2.623456589099e+01,1.736788684999e+01,9.449294023917e+06,3.011863564525e+02,1.127465534850e+01,2.026902325347e-05
4.994943694534e-03,2.618843587097e+01,1.731236386473e+01,9.486835518552e+06,3.011845499128e+02,1.127472763452e+01,2.013236165511e-05
4.994959177348e-03,2.614219094626e+01,1.725663534887e+01,9.524600638657e+06,3.011827380294e+02,1.127480013876e+01,1.999617289084e-05
4.994974643180e-03,2.609583152879e+01,1.720070207912e+01,9.562590813466e+06,3.011809208132e+02,1.127487286076e+01,1.986045810311e-05
4.994990092210e-03,2.604935683438e+01,1.714456340307e+01,9.600808478225e+06,3.011790982282e+02,1.127494580194e+01,1.972521665161e-05
4.995005524401e-03,2.600276673476e+01,1.708821947233e+01,9.639255560096e+06,3.011772702639e+02,1.127501896266e+01,1.959044883785e-05
4.995020939694e-03,2.595606116188e+01,1.703167052515e+01,9.677933964581e+06,3.011754369123e+02,1.127509234324e+01,1.945615508009e-05
4.995036338210e-03,2.590923951663e+01,1.697491617027e+01,9.716846066607e+06,3.011735981445e+02,1.127516594478e+01,1.932233492686e-05
4.995051719897e-03,2.586230171847e+01,1.691795665788e+01,9.755993841969e+06,3.011717539519e+02,1.127523976760e+01,1.918898852477e-05
4.995067085044e-03,2.581524664751e+01,1.686079099011e+01,9.795380165592e+06,3.011699042849e+02,1.127531381365e+01,1.905611478395e-05
4.995082433200e-03,2.576807544700e+01,1.680342093198e+01,9.835006050899e+06,3.011680491831e+02,1.127538808131e+01,1.892371596581e-05
4.995097764669e-03,2.572078695436e+01,1.674584546072e+01,9.874874474901e+06,3.011661885952e+02,1.127546257258e+01,1.879179081875e-05
4.995113079497e-03,2.567338079546e+01,1.668806452547e+01,9.914987788273e+06,3.011643225009e+02,1.127553728826e+01,1.866033909095e-05
4.995128377594e-03,2.562585701962e+01,1.663007860611e+01,9.955348016722e+06,3.011624508965e+02,1.127561222843e+01,1.852936136421e-05
4.995143659005e-03,2.557821525632e+01,1.657188768563e+01,9.995957575164e+06,3.011605737619e+02,1.127568739387e+01,1.839885760212e-05
4.995158923719e-03,2.553045531872e+01,1.651349198608e+01,1.003681875723e+07,3.011586910838e+02,1.127576278505e+01,1.826882784869e-05
4.995174171931e-03,2.548257636823e+01,1.645489094727e+01,1.007793445086e+07,3.011568028237e+02,1.127583840349e+01,1.813927129069e-05
4.995189403494e-03,2.543457864068e+01,1.639608533854e+01,1.011930665978e+07,3.011549089851e+02,1.127591424899e+01,1.801018892516e-05
4.995204618175e-03,2.538646265906e+01,1.633707629865e+01,1.016093717176e+07,3.011530095828e+02,1.127599032092e+01,1.788158187759e-05
4.995219816591e-03,2.533822624734e+01,1.627786167158e+01,1.020283014820e+07,3.011511045251e+02,1.127606662289e+01,1.775344728633e-05
4.995234998292e-03,2.528987062055e+01,1.621844347743e+01,1.024498685147e+07,3.011491938541e+02,1.127614315316e+01,1.762578715866e-05
4.995250163600e-03,2.524139453219e+01,1.615882072998e+01,1.028741072270e+07,3.011472775149e+02,1.127621991390e+01,1.749860034843e-05
4.995265312225e-03,2.519279870066e+01,1.609899487486e+01,1.033010352687e+07,3.011453555297e+02,1.127629690415e+01,1.737188832087e-05
4.995280444287e-03,2.514408253295e+01,1.603896576155e+01,1.037306821643e+07,3.011434278692e+02,1.127637412503e+01,1.724565045170e-05
4.995295559976e-03,2.509524520733e+01,1.597873297315e+01,1.041630799079e+07,3.011414944950e+02,1.127645157803e+01,1.711988494472e-05
4.995310659160e-03,2.504628693574e+01,1.591829738429e+01,1.045982517744e+07,3.011395554093e+02,1.127652926299e+01,1.699458723256e-05
4.995325741952e-03,2.499720711915e+01,1.585765888862e+01,1.050362285749e+07,3.011376105827e+02,1.127660718105e+01,1.686972522420e-05
4.995340808055e-03,2.494800633258e+01,1.579681886261e+01,1.054770305564e+07,3.011356600326e+02,1.127668533143e+01,1.674510498712e-05
4.995355857938e-03,2.489868166008e+01,1.573577447466e+01,1.059207064539e+07,3.011337036431e+02,1.127676371873e+01,1.661952179467e-05
4.995370891422e-03,2.484922611923e+01,1.567451841573e+01,1.063673221798e+07,3.011317411667e+02,1.127684235284e+01,1.648553407024e-05
4.995385908468e-03,2.479963310052e+01,1.561304408446e+01,1.068169419574e+07,3.011297723665e+02,1.127692124319e+01,1.635192642570e-05
4.995400909054e-03,2.474990219304e+01,1.555135175915e+01,1.072695932405e+07,3.011277972206e+02,1.127700039060e+01,1.621875414120e-05
4.995415893566e-03,2.470003167792e+01,1.548944011144e+01,1.077253159792e+07,3.011258156550e+02,1.127707979796e+01,1.608601561000e-05
4.995430861428e-03,2.465002302334e+01,1.542731179567e+01,1.081841214467e+07,3.011238277224e+02,1.127715946307e+01,1.595371771118e-05
4.995445813117e-03,2.459987420424e+01,1.536496515519e+01,1.086460533119e+07,3.011218333365e+02,1.127723938933e+01,1.582185804259e-05
4.995460748378e-03,2.454958564157e+01,1.530240160020e+01,1.091111332298e+07,3.011198325083e+02,1.127731957621e+01,1.569044068031e-05
4.995475667673e-03,2.449915533728e+01,1.523961955962e+01,1.095794056627e+07,3.011178251522e+02,1.127740002707e+01,1.555946338483e-05
4.995490570324e-03,2.444858515564e+01,1.517662229858e+01,1.100508797004e+07,3.011158113366e+02,1.127748073907e+01,1.542893395220e-05
4.995505457055e-03,2.439787221369e+01,1.511340719885e+01,1.105256090745e+07,3.011137909407e+02,1.127756171697e+01,1.529884789215e-05
4.995520327322e-03,2.434701793700e+01,1.504997704035e+01,1.110036077717e+07,3.011117640152e+02,1.127764295865e+01,1.516921182231e-05
4.995535181464e-03,2.429602074260e+01,1.498633088191e+01,1.114849184489e+07,3.011097304910e+02,1.127772446680e+01,1.504002464100e-05
4.995550019391e-03,2.424488052116e+01,1.492246965075e+01,1.119695704222e+07,3.011076903575e+02,1.127780624173e+01,1.491128902107e-05
4.995564841267e-03,2.419359628747e+01,1.485839321116e+01,1.124576018116e+07,3.011056435692e+02,1.127788828518e+01,1.478300543125e-05
4.995579646778e-03,2.414216871795e+01,1.479410353482e+01,1.129490354471e+07,3.011035901468e+02,1.127797059622e+01,1.465517848988e-05
4.995594436231e-03,2.409059633353e+01,1.472959993124e+01,1.134439152404e+07,3.011015300250e+02,1.127805317736e+01,1.452780743809e-05
4.995609209613e-03,2.403887877597e+01,1.466488314300e+01,1.139422749651e+07,3.010994631830e+02,1.127813602933e+01,1.440089432847e-05
4.995623966813e-03,2.398701602735e+01,1.459995437148e+01,1.144441456509e+07,3.010973896137e+02,1.127821915232e+01,1.427444203377e-05
4.995638708017e-03,2.393500703504e+01,1.453481355604e+01,1.149495688977e+07,3.010953092684e+02,1.127830254815e+01,1.414845090276e-05
4.995653433020e-03,2.388285212783e+01,1.446946239961e+01,1.154585734821e+07,3.010932221538e+02,1.127838621645e+01,1.402292463637e-05
4.995668142106e-03,2.383054991514e+01,1.440390048515e+01,1.159712055291e+07,3.010911282074e+02,1.127847015960e+01,1.389786279055e-05
4.995682835102e-03,2.377810061450e+01,1.433812944558e+01,1.164874960604e+07,3.010890274314e+02,1.127855437740e+01,1.377326878972e-05
4.995697512067e-03,2.372550363981e+01,1.427214994153e+01,1.170074845845e+07,3.010869197955e+02,1.127863887094e+01,1.364914412528e-05
4.995712173001e-03,2.367275860935e+01,1.420596292554e+01,1.175312092342e+07,3.010848052775e+02,1.127872364098e+01,1.352549077607e-05
4.995726818114e-03,2.361986439760e+01,1.413956845273e+01,1.180587161987e+07,3.010826838254e+02,1.127880868948e+01,1.340230899358e-05
4.995741446965e-03,2.356682223328e+01,1.407296956990e+01,1.185900288490e+07,3.010805554814e+02,1.127889401462e+01,1.327960449645e-05
4.995756060089e-03,2.351362980906e+01,1.400616492143e+01,1.191252065895e+07,3.010784201460e+02,1.127897962024e+01,1.315737480310e-05
4.995770657283e-03,2.346028750661e+01,1.393915656580e+01,1.196642825902e+07,3.010762778273e+02,1.127906550589e+01,1.303562366829e-05
4.995785238383e-03,2.340679557348e+01,1.387194643133e+01,1.202072919957e+07,3.010741285281e+02,1.127915167131e+01,1.291435448798e-05
4.995799803891e-03,2.335315181716e+01,1.380453341906e+01,1.207542954582e+07,3.010719721529e+02,1.127923812017e+01,1.279356514462e-05
4.995814353176e-03,2.329935822861e+01,1.373692172606e+01,1.213053117736e+07,3.010698087745e+02,1.127932484943e+01,1.267326294993e-05
4.995828886852e-03,2.324541220067e+01,1.366910980983e+01,1.218604074767e+07,3.010676382806e+02,1.127941186342e+01,1.255344488870e-05
4.995843404641e-03,2.319131443474e+01,1.360110032663e+01,1.224196159828e+07,3.010654606918e+02,1.127949916116e+01,1.243411535503e-05
4.995857906483e-03,2.313706482999e+01,1.353289496460e+01,1.229829796871e+07,3.010632759965e+02,1.127958674296e+01,1.231527691749e-05
4.995872392655e-03,2.308266204111e+01,1.346449388812e+01,1.235505547332e+07,3.010610841328e+02,1.127967461113e+01,1.219692942876e-05
4.995886862834e-03,2.302810696860e+01,1.339590012658e+01,1.241223747001e+07,3.010588851293e+02,1.127976276437e+01,1.207907763000e-05
4.995901317371e-03,2.297339798956e+01,1.332711357831e+01,1.246985004009e+07,3.010566789127e+02,1.127985120544e+01,1.196172078736e-05
4.995915756262e-03,2.291853482152e+01,1.325813586960e+01,1.252789795136e+07,3.010544654637e+02,1.127993993494e+01,1.184486108743e-05
4.995930179149e-03,2.286351853721e+01,1.318897037295e+01,1.258638461991e+07,3.010522448174e+02,1.128002895129e+01,1.172850355827e-05
4.995944586606e-03,2.280834667145e+01,1.311961605607e+01,1.264531730949e+07,3.010500168664e+02,1.128011825861e+01,1.161264573643e-05
4.995958978202e-03,2.275302059378e+01,1.305007675137e+01,1.270469929333e+07,3.010477816576e+02,1.128020785483e+01,1.149729324776e-05
4.995973353986e-03,2.269753986156e+01,1.298035405649e+01,1.276453586898e+07,3.010455391649e+02,1.128029774081e+01,1.138244786688e-05
4.995987714254e-03,2.264190307217e+01,1.291044840754e+01,1.282483347236e+07,3.010432893233e+02,1.128038791897e+01,1.126810940676e-05
4.996002058881e-03,2.258611046398e+01,1.284036234795e+01,1.288559686854e+07,3.010410321338e+02,1.128047838906e+01,1.115428107496e-05
4.996016387813e-03,2.253016200810e+01,1.277009813005e+01,1.294683120880e+07,3.010387675867e+02,1.128056915128e+01,1.104096549652e-05
4.996030701008e-03,2.247405763993e+01,1.269965800658e+01,1.300854178371e+07,3.010364956707e+02,1.128066020586e+01,1.092816519892e-05
4.996044998877e-03,2.241779552648e+01,1.262904205665e+01,1.307073594024e+07,3.010342163028e+02,1.128075155594e+01,1.081587917502e-05
4.996059280874e-03,2.236137760039e+01,1.255825513246e+01,1.313341697723e+07,3.010319295524e+02,1.128084319852e+01,1.070411392954e-05
4.996073547477e-03,2.230480177874e+01,1.248729709331e+01,1.319659275193e+07,3.010296353260e+02,1.128093513711e+01,1.059286795973e-05
4.996087798416e-03,2.224806893845e+01,1.241617155931e+01,1.326026794413e+07,3.010273336502e+02,1.128102737045e+01,1.048214561586e-05
4.996102033957e-03,2.219117783777e+01,1.234487954109e+01,1.332444972101e+07,3.010250244654e+02,1.128111990069e+01,1.037194708179e-05
4.996116253840e-03,2.213412934427e+01,1.227342474087e+01,1.338914299479e+07,3.010227077974e+02,1.128121272656e+01,1.026227662702e-05
4.996130458377e-03,2.207692204218e+01,1.220180804833e+01,1.345435538298e+07,3.010203835793e+02,1.128130585051e+01,1.015313410489e-05
4.996144647108e-03,2.201955764048e+01,1.213003431356e+01,1.352009106946e+07,3.010180518710e+02,1.128139926991e+01,1.004452531636e-05
4.996158820735e-03,2.196203315904e+01,1.205810256757e+01,1.358635973204e+07,3.010157125417e+02,1.128149298975e+01,9.936447163453e-06
4.996172978614e-03,2.190435108227e+01,1.198601872588e+01,1.365316490172e+07,3.010133656828e+02,1.128158700613e+01,9.828906843245e-06
4.996187121358e-03,2.184650879670e+01,1.191378237994e+01,1.372051612965e+07,3.010110111779e+02,1.128168132346e+01,9.721901988392e-06
4.996201248504e-03,2.178850809303e+01,1.184139867351e+01,1.378841799364e+07,3.010086490899e+02,1.128177593895e+01,9.615438409666e-06
4.996215360054e-03,2.173034886996e+01,1.176887043465e+01,1.385687740316e+07,3.010062794047e+02,1.128187085292e+01,9.509518351196e-06
4.996229456606e-03,2.167202858849e+01,1.169619750386e+01,1.392590429293e+07,3.010039020085e+02,1.128196606966e+01,9.404139655981e-06
4.996243537609e-03,2.161354944859e+01,1.162338569661e+01,1.399550313535e+07,3.010015169805e+02,1.128206158572e+01,9.299308771791e-06
4.996257603249e-03,2.155491063340e+01,1.155043714746e+01,1.406568213907e+07,3.009991242771e+02,1.128215740259e+01,9.195026656193e-06
4.996271653451e-03,2.149611241205e+01,1.147735535934e+01,1.413644839302e+07,3.009967238984e+02,1.128225351996e+01,9.091296155921e-06
4.996285688599e-03,2.143715314799e+01,1.140414145868e+01,1.420781137633e+07,3.009943157671e+02,1.128234994067e+01,8.988116752898e-06
4.996299708201e-03,2.137803489244e+01,1.133080121982e+01,1.427977634260e+07,3.009918999559e+02,1.128244666151e+01,8.885494338137e-06
4.996313712637e-03,2.131875604932e+01,1.125733596902e+01,1.435235310273e+07,3.009894763886e+02,1.128254368525e+01,8.783428447331e-06
4.996327701798e-03,2.125931709050e+01,1.118374964953e+01,1.442554912134e+07,3.009870450733e+02,1.128264101126e+01,8.681922199234e-06
4.996341675559e-03,2.119971857743e+01,1.111004636364e+01,1.449937191456e+07,3.009846060218e+02,1.128273863877e+01,8.580978808117e-06
4.996355634195e-03,2.113995937958e+01,1.103622817176e+01,1.457383126963e+07,3.009821591763e+02,1.128283656980e+01,8.480598601520e-06
4.996369577735e-03,2.108003942755e+01,1.096229849919e+01,1.464893584806e+07,3.009797045223e+02,1.128293480461e+01,8.380783706612e-06
4.996383505904e-03,2.101995998451e+01,1.088826246402e+01,1.472469281887e+07,3.009772420999e+02,1.128303334128e+01,8.281538417010e-06
4.996397418987e-03,2.095971990231e+01,1.081412226109e+01,1.480111257075e+07,3.009747718502e+02,1.128313218186e+01,8.182862996416e-06
4.996411316755e-03,2.089932028395e+01,1.073988290819e+01,1.487820283999e+07,3.009722938064e+02,1.128323132468e+01,8.084761386596e-06
4.996425199578e-03,2.083875964529e+01,1.066554629239e+01,1.495597485804e+07,3.009698078954e+02,1.128333077236e+01,7.987233294326e-06
4.996439067011e-03,2.077804005891e+01,1.059111871824e+01,1.503443550078e+07,3.009673141900e+02,1.128343052164e+01,7.890284134731e-06
4.996452919522e-03,2.071715963861e+01,1.051660168387e+01,1.511359695078e+07,3.009648126002e+02,1.128353057579e+01,7.793912942908e-06
4.996466756906e-03,2.065611944838e+01,1.044200035353e+01,1.519346779043e+07,3.009623031573e+02,1.128363093322e+01,7.698123442036e-06
4.996480579168e-03,2.059491966044e+01,1.036731884694e+01,1.527405797128e+07,3.009597858554e+02,1.128373159382e+01,7.602917886775e-06
4.996494386205e-03,2.053356094131e+01,1.029256193446e+01,1.535537701173e+07,3.009572607091e+02,1.128383255665e+01,7.508299253133e-06
4.996508178437e-03,2.047204164781e+01,1.021773162258e+01,1.543743772392e+07,3.009547276376e+02,1.128393382459e+01,7.414266941807e-06
4.996521955582e-03,2.041036327583e+01,1.014283378898e+01,1.552024898529e+07,3.009521866894e+02,1.128403539535e+01,7.320825150425e-06
4.996535717548e-03,2.034852650376e+01,1.006787335947e+01,1.560382098388e+07,3.009496378789e+02,1.128413726798e+01,7.227976742856e-06
4.996549464655e-03,2.028653017659e+01,9.992853085443e+00,1.568816663212e+07,3.009470811449e+02,1.128423944457e+01,7.135721804950e-06
4.996563196732e-03,2.022437535568e+01,9.917778451328e+00,1.577329609364e+07,3.009445165176e+02,1.128434192353e+01,7.044063711557e-06
4.996576913812e-03,2.016206221631e+01,9.842653913703e+00,1.585922098760e+07,3.009419439903e+02,1.128444470477e+01,6.953004462569e-06
4.996590615970e-03,2.009959075903e+01,9.767483765043e+00,1.594595343925e+07,3.009393635488e+02,1.128454778846e+01,6.862545769499e-06
4.996604303164e-03,2.003696152703e+01,9.692272996403e+00,1.603350509088e+07,3.009367752014e+02,1.128465117389e+01,6.772690090828e-06
4.996617975465e-03,1.997417457953e+01,9.617026061256e+00,1.612188853287e+07,3.009341789362e+02,1.128475486115e+01,6.683439143306e-06
4.996631632847e-03,1.991123042711e+01,9.541747998337e+00,1.621111600370e+07,3.009315747597e+02,1.128485884959e+01,6.594795245026e-06
4.996645275251e-03,1.984812976404e+01,9.466444106940e+00,1.630119976189e+07,3.009289626858e+02,1.128496313825e+01,6.506760912884e-06
4.996658902918e-03,1.978487191846e+01,9.391118099024e+00,1.639215431263e+07,3.009263426719e+02,1.128506772845e+01,6.419336720929e-06
4.996672515659e-03,1.972145822306e+01,9.315776117727e+00,1.648399159113e+07,3.009237147581e+02,1.128517261817e+01,6.332525980703e-06
4.996686113310e-03,1.965788993419e+01,9.240424247954e+00,1.657672392396e+07,3.009210789811e+02,1.128527780554e+01,6.246331799295e-06
4.996699696769e-03,1.959416334445e+01,9.165062737357e+00,1.667037121565e+07,3.009184351718e+02,1.128538329689e+01,6.160750561079e-06
4.996713264780e-03,1.953028487535e+01,9.089703856602e+00,1.676493883557e+07,3.009157835809e+02,1.128548908182e+01,6.075792215921e-06
4.996726818368e-03,1.946625025567e+01,9.014347277915e+00,1.686044823472e+07,3.009131240154e+02,1.128559516760e+01,5.991452335983e-06
4.996740356852e-03,1.940206326461e+01,8.939002202202e+00,1.695690926127e+07,3.009104566163e+02,1.128570154819e+01,5.907737134184e-06
4.996753880817e-03,1.933772172928e+01,8.863670866851e+00,1.705434100992e+07,3.009077812772e+02,1.128580822740e+01,5.824644950069e-06
4.996767390164e-03,1.927322672838e+01,8.788359365516e+00,1.715275805826e+07,3.009050980265e+02,1.128591520368e+01,5.742178344304e-06
4.996780884476e-03,1.920858088383e+01,8.713075616393e+00,1.725217295675e+07,3.009024069568e+02,1.128602247290e+01,5.660341731796e-06
4.996794364132e-03,1.914378305441e+01,8.637823178846e+00,1.735260438404e+07,3.008997080039e+02,1.128613003718e+01,5.579134671140e-06
4.996807829352e-03,1.907883286175e+01,8.562606543283e+00,1.745407026538e+07,3.008970011353e+02,1.128623789738e+01,5.498557693558e-06
4.996821279536e-03,1.901373389807e+01,8.487434823550e+00,1.755658270061e+07,3.008942864834e+02,1.128634604779e+01,5.418616166094e-06
4.996834715227e-03,1.894848428180e+01,8.412310828453e+00,1.766016276288e+07,3.008915639528e+02,1.128645449176e+01,5.339308624692e-06
4.996848136346e-03,1.888308513800e+01,8.337240870617e+00,1.776482721437e+07,3.008888335729e+02,1.128656322768e+01,5.260637268972e-06
4.996861542668e-03,1.881753834631e+01,8.262232145749e+00,1.787059199939e+07,3.008860954046e+02,1.128667225267e+01,5.182605101840e-06
4.996874934456e-03,1.875184342115e+01,8.187289161554e+00,1.797747728751e+07,3.008833494098e+02,1.128678156780e+01,5.105212229113e-06
4.996888311506e-03,1.868600219167e+01,8.112419092408e+00,1.808549993398e+07,3.008805956471e+02,1.128689117028e+01,5.028461432613e-06
4.996901674222e-03,1.862001352454e+01,8.037625762722e+00,1.819468209399e+07,3.008778340509e+02,1.128700106227e+01,4.952351973790e-06
4.996915022160e-03,1.855388047373e+01,7.962917766563e+00,1.830503947137e+07,3.008750647308e+02,1.128711123895e+01,4.876887888807e-06
4.996928355694e-03,1.848760210025e+01,7.888299192837e+00,1.841659485926e+07,3.008722876289e+02,1.128722170216e+01,4.802068547421e-06
4.996941674634e-03,1.842118025922e+01,7.813777300323e+00,1.852936685894e+07,3.008695028044e+02,1.128733244909e+01,4.727896435888e-06
4.996954978849e-03,1.835461655925e+01,7.739359072504e+00,1.864337493814e+07,3.008667103058e+02,1.128744347735e+01,4.654373643803e-06
4.996968268811e-03,1.828790961893e+01,7.665048163951e+00,1.875864419324e+07,3.008639100563e+02,1.128755478952e+01,4.581498902567e-06
4.996981544139e-03,1.822106234031e+01,7.590853020128e+00,1.887519286727e+07,3.008611021584e+02,1.128766638106e+01,4.509275578415e-06
4.996994804994e-03,1.815407493195e+01,7.516779090089e+00,1.899304437164e+07,3.008582866017e+02,1.128777825193e+01,4.437704000631e-06
4.997008051707e-03,1.808694677133e+01,7.442830921726e+00,1.911222415871e+07,3.008554633403e+02,1.128789040348e+01,4.366783583248e-06
4.997021283481e-03,1.801968297397e+01,7.369019382170e+00,1.923274802727e+07,3.008526325699e+02,1.128800282747e+01,4.296519691834e-06
4.997034501065e-03,1.795228082395e+01,7.295346725638e+00,1.935464629197e+07,3.008497941562e+02,1.128811552875e+01,4.226909372237e-06
4.997047704209e-03,1.788474272557e+01,7.221820828195e+00,1.947794067750e+07,3.008469481806e+02,1.128822850364e+01,4.157954963028e-06
4.997060893204e-03,1.781706832000e+01,7.148446548341e+00,1.960265851524e+07,3.008440946077e+02,1.128834175306e+01,4.089655881187e-06
4.997074067311e-03,1.774926258150e+01,7.075234515753e+00,1.972881789103e+07,3.008412336271e+02,1.128845526903e+01,4.022016810665e-06
4.997087227522e-03,1.768132160506e+01,7.002185752163e+00,1.985645397191e+07,3.008383650534e+02,1.128856905843e+01,3.955033466035e-06
4.997100373024e-03,1.761325079679e+01,6.929311306457e+00,1.998558516200e+07,3.008354890942e+02,1.128868311254e+01,3.888710725211e-06
4.997113504333e-03,1.754504873349e+01,6.856614875403e+00,2.011624335299e+07,3.008326056689e+02,1.128879743411e+01,3.823046642088e-06
4.997126621429e-03,1.747671679263e+01,6.784103149528e+00,2.024845581655e+07,3.008297148146e+02,1.128891202120e+01,3.758041949296e-06
4.997139724089e-03,1.740825741662e+01,6.711783923926e+00,2.038224840540e+07,3.008268166136e+02,1.128902687007e+01,3.693698272325e-06
4.997152812439e-03,1.733967127163e+01,6.639663087932e+00,2.051765109269e+07,3.008239110730e+02,1.128914197997e+01,3.630015448100e-06
4.997165886803e-03,1.727095799917e+01,6.567745444693e+00,2.065469662804e+07,3.008209981562e+02,1.128925735190e+01,3.566992313265e-06
4.997178946383e-03,1.720212316134e+01,6.496041963516e+00,2.079340665308e+07,3.008180780776e+02,1.128937297690e+01,3.504633010468e-06
4.997191992119e-03,1.713316318847e+01,6.424554055449e+00,2.093382186744e+07,3.008151506643e+02,1.128948886134e+01,3.442933275791e-06
4.997205023673e-03,1.706408127256e+01,6.353290151484e+00,2.107597011761e+07,3.008122160299e+02,1.128960500028e+01,3.381894905180e-06
4.997218040694e-03,1.699488071544e+01,6.282258733927e+00,2.121987967655e+07,3.008092742931e+02,1.128972138857e+01,3.321519605905e-06
4.997231043725e-03,1.692556008759e+01,6.211463387879e+00,2.136558941733e+07,3.008063253710e+02,1.128983802901e+01,3.261804851611e-06
4.997244032721e-03,1.685612110510e+01,6.140910901335e+00,2.151313252242e+07,3.008033693146e+02,1.128995491915e+01,3.202750799269e-06
4.997257007193e-03,1.678656788046e+01,6.070610439076e+00,2.166253783510e+07,3.008004062770e+02,1.129007205248e+01,3.144359487844e-06
4.997269967694e-03,1.671689898605e+01,6.000565510014e+00,2.181384688289e+07,3.007974361751e+02,1.129018943184e+01,3.086628177463e-06
4.997282914172e-03,1.664711623495e+01,5.930782865288e+00,2.196709514375e+07,3.007944590638e+02,1.129030705462e+01,3.029556785046e-06
4.997295846253e-03,1.657722321379e+01,5.861270966199e+00,2.212231502038e+07,3.007914750737e+02,1.129042491520e+01,2.973146529810e-06
4.997308764409e-03,1.650721895780e+01,5.792033687440e+00,2.227954988383e+07,3.007884841414e+02,1.129054301567e+01,2.917394837518e-06
4.997321668651e-03,1.643710502037e+01,5.723077368833e+00,2.243883849702e+07,3.007854863104e+02,1.129066135387e+01,2.862301101853e-06
4.997334558560e-03,1.636688529822e+01,5.654410585537e+00,2.260021518944e+07,3.007824817248e+02,1.129077992368e+01,2.807866413166e-06
4.997347434408e-03,1.629655996893e+01,5.586038198747e+00,2.276372372148e+07,3.007794703695e+02,1.129089872527e+01,2.754088832894e-06
4.997360296505e-03,1.622612899386e+01,5.517964824091e+00,2.292940946449e+07,3.007764522202e+02,1.129101775918e+01,2.700966214811e-06
4.997373144242e-03,1.615559740448e+01,5.450199913137e+00,2.309730687881e+07,3.007734274696e+02,1.129113701740e+01,2.648500118152e-06
4.997385978139e-03,1.608496404678e+01,5.382746885051e+00,2.326746607714e+07,3.007703960456e+02,1.129125650236e+01,2.596687348322e-06
4.997398797744e-03,1.601423314296e+01,5.315614242121e+00,2.343992537184e+07,3.007673581064e+02,1.129137620742e+01,2.545528579495e-06
4.997411603839e-03,1.594340211430e+01,5.248803955641e+00,2.361474072134e+07,3.007643135183e+02,1.129149613743e+01,2.495019459175e-06
4.997424395827e-03,1.587247600382e+01,5.182325143173e+00,2.379195054598e+07,3.007612624753e+02,1.129161628437e+01,2.445161018918e-06
4.997437173698e-03,1.580145666283e+01,5.116183813479e+00,2.397160218236e+07,3.007582050340e+02,1.129173664562e+01,2.395951849801e-06
4.997449937573e-03,1.573034520904e+01,5.050385215518e+00,2.415374600365e+07,3.007551412197e+02,1.129185721980e+01,2.347389932407e-06
4.997462687750e-03,1.565914178127e+01,4.984933628992e+00,2.433843617860e+07,3.007520710155e+02,1.129197800720e+01,2.299472510558e-06
4.997475423998e-03,1.558784949331e+01,4.919835996448e+00,2.452572045237e+07,3.007489945326e+02,1.129209900306e+01,2.252198741103e-06
4.997488146278e-03,1.551647039523e+01,4.855098185160e+00,2.471565053008e+07,3.007459118367e+02,1.129222020444e+01,2.205566928968e-06
4.997500854741e-03,1.544500549525e+01,4.790725031139e+00,2.490828218885e+07,3.007428229484e+02,1.129234161018e+01,2.159574595163e-06
4.997513549227e-03,1.537345755476e+01,4.726722863270e+00,2.510366782653e+07,3.007397279642e+02,1.129246321612e+01,2.114220285946e-06
4.997526230126e-03,1.530182624970e+01,4.663095159715e+00,2.530186963203e+07,3.007366268475e+02,1.129258502336e+01,2.069500492056e-06
4.997538896762e-03,1.523011729609e+01,4.599850671799e+00,2.550293449106e+07,3.007335198228e+02,1.129270702276e+01,2.025415362615e-06
4.997551549970e-03,1.515832785474e+01,4.536990489488e+00,2.570693458873e+07,3.007304067445e+02,1.129282921968e+01,1.981959654780e-06
4.997564189280e-03,1.508646250703e+01,4.474522144353e+00,2.591392273685e+07,3.007272877887e+02,1.129295160691e+01,1.939132583329e-06
4.997576814703e-03,1.501452310653e+01,4.412450661288e+00,2.612396089979e+07,3.007241630132e+02,1.129307418185e+01,1.896931566707e-06
4.997589426546e-03,1.494250983959e+01,4.350779535429e+00,2.633711751429e+07,3.007210324037e+02,1.129319694477e+01,1.855352964245e-06
4.997602024491e-03,1.487042645821e+01,4.289515221028e+00,2.655345210494e+07,3.007178961009e+02,1.129331988984e+01,1.814395102211e-06
4.997614608512e-03,1.479827505923e+01,4.228662633750e+00,2.677303062386e+07,3.007147541739e+02,1.129344301407e+01,1.774055216527e-06
4.997627179090e-03,1.472605484269e+01,4.168224153526e+00,2.699592959427e+07,3.007116065657e+02,1.129356631941e+01,1.734328853260e-06
4.997639736105e-03,1.465376845292e+01,4.108204964172e+00,2.722221681755e+07,3.007084533693e+02,1.129368980194e+01,1.695213401736e-06
4.997652279025e-03,1.458142091288e+01,4.048612083043e+00,2.745195420622e+07,3.007052947821e+02,1.129381345367e+01,1.656707377975e-06
4.997664808496e-03,1.450901048475e+01,3.989446829184e+00,2.768522682197e+07,3.007021307065e+02,1.129393727816e+01,1.618805579488e-06
4.997677324229e-03,1.443654080893e+01,3.930714839556e+00,2.792210450312e+07,3.006989612798e+02,1.129406126980e+01,1.581505578005e-06
4.997689826323e-03,1.436401328729e+01,3.872419802262e+00,2.816266616767e+07,3.006957865419e+02,1.129418542677e+01,1.544803664258e-06
4.997702314744e-03,1.429143011632e+01,3.814565932844e+00,2.840699008417e+07,3.006926065676e+02,1.129430974593e+01,1.508696442437e-06
4.997714789660e-03,1.421879229557e+01,3.757156377888e+00,2.865516057176e+07,3.006894213797e+02,1.129443422617e+01,1.473179832295e-06
4.997727250803e-03,1.414610337349e+01,3.700196181363e+00,2.890725531287e+07,3.006862311126e+02,1.129455886203e+01,1.438250905075e-06
4.997739698554e-03,1.407336312734e+01,3.643687305072e+00,2.916336712743e+07,3.006830357359e+02,1.129468365448e+01,1.403904820686e-06
4.997752132808e-03,1.400057414262e+01,3.587633796623e+00,2.942358131548e+07,3.006798353425e+02,1.129480859972e+01,1.370138010848e-06
4.997764553096e-03,1.392774117747e+01,3.532041226855e+00,2.968797742701e+07,3.006766301212e+02,1.129493369018e+01,1.336947777011e-06
4.997776960069e-03,1.385486239123e+01,3.476909994639e+00,2.995666115647e+07,3.006734199710e+02,1.129505892964e+01,1.304328314808e-06
4.997789353478e-03,1.378194123946e+01,3.422244423533e+00,3.022972137423e+07,3.006702050241e+02,1.129518431277e+01,1.272276162631e-06
4.997801733409e-03,1.370897920175e+01,3.368047214216e+00,3.050725663459e+07,3.006669853259e+02,1.129530983766e+01,1.240786880547e-06
4.997814099811e-03,1.363597855829e+01,3.314321541573e+00,3.078936498088e+07,3.006637609576e+02,1.129543550099e+01,1.209856296435e-06
4.997826452867e-03,1.356294020376e+01,3.261069438338e+00,3.107615240525e+07,3.006605319394e+02,1.129556130184e+01,1.179479575629e-06
4.997838792132e-03,1.348986874373e+01,3.208295513331e+00,3.136771294210e+07,3.006572984559e+02,1.129568723290e+01,1.149653336787e-06
4.997851118329e-03,1.341676187248e+01,3.155999250638e+00,3.166417085454e+07,3.006540603865e+02,1.129581329875e+01,1.120371297931e-06
4.997863430846e-03,1.334362517513e+01,3.104185686312e+00,3.196562152858e+07,3.006508179598e+02,1.129593949039e+01,1.091630301361e-06
4.997875729811e-03,1.327045985428e+01,3.052856579824e+00,3.227218086672e+07,3.006475712111e+02,1.129606580634e+01,1.063425333056e-06
4.997888015638e-03,1.319726539124e+01,3.002012383891e+00,3.258397521870e+07,3.006443200995e+02,1.129619224812e+01,1.035750685415e-06
4.997900287893e-03,1.312404631162e+01,2.951656944748e+00,3.290111267466e+07,3.006410648083e+02,1.129631880852e+01,1.008602504975e-06
4.997912546774e-03,1.305080337283e+01,2.901791362753e+00,3.322372051672e+07,3.006378053538e+02,1.129644548685e+01,9.819754390837e-07
4.997924792375e-03,1.297753793006e+01,2.852417039195e+00,3.355192685724e+07,3.006345417792e+02,1.129657228137e+01,9.558643145905e-07
4.997937024607e-03,1.290425243315e+01,2.803535991136e+00,3.388585830590e+07,3.006312741769e+02,1.129669918844e+01,9.302642897058e-07
4.997949243432e-03,1.283094901069e+01,2.755149886690e+00,3.422564629646e+07,3.006280026253e+02,1.129682620499e+01,9.051703379238e-07
4.997961449033e-03,1.275762846372e+01,2.707259396957e+00,3.457143203370e+07,3.006247271441e+02,1.129695333023e+01,8.805769275627e-07
4.997973641140e-03,1.268429428359e+01,2.659866829583e+00,3.492334776322e+07,3.006214478735e+02,1.129708055870e+01,8.564793757783e-07
4.997985820146e-03,1.261094599097e+01,2.612971796101e+00,3.528154851151e+07,3.006181647765e+02,1.129720789183e+01,8.328716381800e-07
4.997997985670e-03,1.253758771731e+01,2.566576749409e+00,3.564617091656e+07,3.006148780229e+02,1.129733532304e+01,8.097491201632e-07
4.998010138014e-03,1.246421950323e+01,2.520681413661e+00,3.601737576092e+07,3.006115875997e+02,1.129746285285e+01,7.871058695683e-07
4.998022277134e-03,1.239084342978e+01,2.475286690961e+00,3.639531798429e+07,3.006082935858e+02,1.129759047823e+01,7.649365452945e-07
4.998034403116e-03,1.231746079016e+01,2.430392875413e+00,3.678016091155e+07,3.006049960250e+02,1.129771819751e+01,7.432355257306e-07
4.998046515611e-03,1.224407550946e+01,2.386001744000e+00,3.717205843242e+07,3.006016950799e+02,1.129784600442e+01,7.219979149777e-07
4.998058615128e-03,1.217068627149e+01,2.342111776737e+00,3.757119692822e+07,3.005983906780e+02,1.129797390185e+01,7.012172581989e-07
4.998070701336e-03,1.209729686426e+01,2.298724417403e+00,3.797774020480e+07,3.005950829766e+02,1.129810188375e+01,6.808885398242e-07
4.998082774444e-03,1.202390776877e+01,2.255839019391e+00,3.839187504565e+07,3.005917719848e+02,1.129822994984e+01,6.610057760324e-07
4.998094834246e-03,1.195052196873e+01,2.213456292374e+00,3.881377934915e+07,3.005884578248e+02,1.129835809548e+01,6.415636389239e-07
4.998106880999e-03,1.187713961560e+01,2.171575190266e+00,3.924365247731e+07,3.005851404915e+02,1.129848632095e+01,6.225560181587e-07
4.998118914623e-03,1.180376290944e+01,2.130195741788e+00,3.968168754411e+07,3.005818200726e+02,1.129861462296e+01,6.039773277523e-07
4.998130934904e-03,1.173039482446e+01,2.089318285723e+00,4.012807844438e+07,3.005784966916e+02,1.129874299684e+01,5.858221371360e-07
4.998142942567e-03,1.165703260502e+01,2.048939871544e+00,4.058306000005e+07,3.005751702128e+02,1.129887144795e+01,5.680835974874e-07
4.998154936601e-03,1.158368407786e+01,2.009063283303e+00,4.104680778865e+07,3.005718409804e+02,1.129899996312e+01,5.507574118497e-07
4.998166917599e-03,1.151034723432e+01,1.969685792756e+00,4.151956479609e+07,3.005685088934e+02,1.129912854638e+01,5.338368903813e-07
4.998178885906e-03,1.143702157792e+01,1.930805442177e+00,4.200157192365e+07,3.005651739193e+02,1.129925719912e+01,5.173157473875e-07
4.998190841027e-03,1.136371172080e+01,1.892422887493e+00,4.249304340511e+07,3.005618362584e+02,1.129938591376e+01,5.011888424821e-07
4.998202782946e-03,1.129041933410e+01,1.854537102391e+00,4.299421938654e+07,3.005584959779e+02,1.129951468787e+01,4.854503408568e-07
4.998214712001e-03,1.121714388976e+01,1.817145836775e+00,4.350536254824e+07,3.005551530452e+02,1.129964352286e+01,4.700939465572e-07
4.998226627850e-03,1.114388901272e+01,1.780248875696e+00,4.402671440699e+07,3.005518076174e+02,1.129977241285e+01,4.551142431662e-07
4.998238530911e-03,1.107065364529e+01,1.743843539018e+00,4.455855738031e+07,3.005484596383e+02,1.129990136019e+01,4.405048506298e-07
4.998250420823e-03,1.099744148548e+01,1.707929435842e+00,4.510114787520e+07,3.005451092696e+02,1.130003035883e+01,4.262603566029e-07
4.998262297802e-03,1.092425266991e+01,1.672504315810e+00,4.565477663904e+07,3.005417565104e+02,1.130015940899e+01,4.123746445524e-07
4.998274161965e-03,1.085108792537e+01,1.637566146055e+00,4.621973920199e+07,3.005384013873e+02,1.130028850986e+01,3.988417394861e-07
4.998286013105e-03,1.077794993984e+01,1.603113742999e+00,4.679632505206e+07,3.005350440172e+02,1.130041765714e+01,3.856560394024e-07
4.998297851160e-03,1.070484050354e+01,1.569145394957e+00,4.738483969982e+07,3.005316844763e+02,1.130054684811e+01,3.728117764435e-07
4.998309676569e-03,1.063175828171e+01,1.535657866491e+00,4.798562391577e+07,3.005283226979e+02,1.130067608557e+01,3.603026634913e-07
4.998321488768e-03,1.055870811909e+01,1.502650683807e+00,4.859897818069e+07,3.005249588994e+02,1.130080536136e+01,3.481234961420e-07
4.998333288489e-03,1.048568681413e+01,1.470119641590e+00,4.922528068563e+07,3.005215929288e+02,1.130093468158e+01,3.362677399429e-07
4.998345074928e-03,1.041270065505e+01,1.438064709912e+00,4.986483997518e+07,3.005182250712e+02,1.130106403550e+01,3.247304405791e-07
4.998356848935e-03,1.033974567623e+01,1.406481249581e+00,5.051806501871e+07,3.005148551398e+02,1.130119343054e+01,3.135050277837e-07
4.998368609703e-03,1.026682813589e+01,1.375369007943e+00,5.118528621106e+07,3.005114834198e+02,1.130132285601e+01,3.025865549771e-07
4.998380357808e-03,1.019394571861e+01,1.344723961988e+00,5.186692352830e+07,3.005081098010e+02,1.130145231638e+01,2.919687913173e-07
4.998392092976e-03,1.012110133719e+01,1.314544250748e+00,5.256336204701e+07,3.005047344151e+02,1.130158180687e+01,2.816463243743e-07
4.998403815714e-03,1.004829305440e+01,1.284825934327e+00,5.327504661483e+07,3.005013571697e+02,1.130171133128e+01,2.716130888124e-07
4.998415525146e-03,9.975527485819e+00,1.255568503017e+00,5.400235266829e+07,3.004979783693e+02,1.130184087821e+01,2.618642316794e-07
4.998427222284e-03,9.902799498620e+00,1.226766631521e+00,5.474578664519e+07,3.004945977739e+02,1.130197045713e+01,2.523933467462e-07
4.998438906241e-03,9.830115744798e+00,1.198419642564e+00,5.550575133139e+07,3.004912156909e+02,1.130210005655e+01,2.431956289871e-07
4.998450577782e-03,9.757472571191e+00,1.170522742267e+00,5.628277165486e+07,3.004878319493e+02,1.130222968329e+01,2.342649851472e-07
4.998462236444e-03,9.684873964949e+00,1.143074052775e+00,5.707730896024e+07,3.004844467337e+02,1.130235933058e+01,2.255963304813e-07
4.998473882394e-03,9.612319938399e+00,1.116070109501e+00,5.788988418043e+07,3.004810600443e+02,1.130248899871e+01,2.171841294193e-07
4.998485515639e-03,9.539811504350e+00,1.089507779242e+00,5.872102559370e+07,3.004776719282e+02,1.130261868617e+01,2.090230170927e-07
4.998497136325e-03,9.467348774357e+00,1.063383552671e+00,5.957129087387e+07,3.004742823907e+02,1.130274839305e+01,2.011075788547e-07
4.998508744259e-03,9.394933960338e+00,1.037694631533e+00,6.044123285995e+07,3.004708915355e+02,1.130287811569e+01,1.934326793751e-07
4.998520339276e-03,9.322569067790e+00,1.012438076814e+00,6.133142640436e+07,3.004674994577e+02,1.130300785078e+01,1.859931968659e-07
4.998531921895e-03,9.250251823746e+00,9.876094173928e-01,6.224252073997e+07,3.004641060516e+02,1.130313760265e+01,1.787836282866e-07
4.998543491898e-03,9.177984528421e+00,9.632057374526e-01,6.317513141263e+07,3.004607114266e+02,1.130326736744e+01,1.717989976339e-07
4.998555049330e-03,9.105767820900e+00,9.392235044636e-01,6.412991809640e+07,3.004573156144e+02,1.130339714427e+01,1.650342129513e-07
4.998566593897e-03,9.033604429180e+00,9.156598325196e-01,6.510753693244e+07,3.004539187452e+02,1.130352692846e+01,1.584844271727e-07
4.998578126079e-03,8.961492236085e+00,8.925102118809e-01,6.610873509227e+07,3.004505207220e+02,1.130365672407e+01,1.521444095175e-07
4.998589645823e-03,8.889432427036e+00,8.697711879103e-01,6.713424263910e+07,3.004471216028e+02,1.130378652918e+01,1.460092964463e-07
4.998601152592e-03,8.817429204775e+00,8.474402016647e-01,6.818477338803e+07,3.004437215891e+02,1.130391633646e+01,1.400745235740e-07
4.998612647019e-03,8.745479417043e+00,8.255123656816e-01,6.926117684760e+07,3.004403205353e+02,1.130404615177e+01,1.343349731656e-07
4.998624128997e-03,8.673584536113e+00,8.039842101194e-01,7.036426684890e+07,3.004369185142e+02,1.130417597269e+01,1.287859800753e-07
4.998635598227e-03,8.601747208943e+00,7.828525706138e-01,7.149487027619e+07,3.004335156550e+02,1.130430579461e+01,1.234230193783e-07
4.998647055414e-03,8.529963777734e+00,7.621124044251e-01,7.265394737250e+07,3.004301117882e+02,1.130443562433e+01,1.182411620654e-07
4.998658499279e-03,8.458242998159e+00,7.417622340780e-01,7.384229378077e+07,3.004267073336e+02,1.130456544620e+01,1.132364358918e-07
4.998669931540e-03,8.386574817742e+00,7.217951943009e-01,7.506105178395e+07,3.004233018184e+02,1.130469527857e+01,1.084036100636e-07
4.998681350682e-03,8.314969441222e+00,7.022101031021e-01,7.631106357026e+07,3.004198957322e+02,1.130482510312e+01,1.037389135245e-07
4.998692757938e-03,8.243419812861e+00,6.830009793971e-01,7.759350863401e+07,3.004164887446e+02,1.130495493280e+01,9.923748742661e-08
4.998704152218e-03,8.171933443346e+00,6.641657772670e-01,7.890935254341e+07,3.004130812184e+02,1.130508475413e+01,9.489547485151e-08
4.998715534373e-03,8.100505632776e+00,6.456991743928e-01,8.025982689981e+07,3.004096729351e+02,1.130521457576e+01,9.070832313399e-08
4.998726903913e-03,8.029140096313e+00,6.275980457367e-01,8.164605563953e+07,3.004062640779e+02,1.130534439109e+01,8.667205747748e-08
4.998738261281e-03,7.957834649647e+00,6.098577388531e-01,8.306932567046e+07,3.004028545483e+02,1.130547420420e+01,8.278242843352e-08
4.998749606105e-03,7.886592239607e+00,5.924748805474e-01,8.453087595304e+07,3.003994444934e+02,1.130560400984e+01,7.903554007722e-08
4.998760938544e-03,7.815412437552e+00,5.754452447138e-01,8.603206812530e+07,3.003960338992e+02,1.130573380890e+01,7.542737746728e-08
4.998772258658e-03,7.744295423310e+00,5.587647520594e-01,8.757431078395e+07,3.003926227810e+02,1.130586360114e+01,7.195402958440e-08
4.998783566624e-03,7.673240646788e+00,5.424291519351e-01,8.915909105379e+07,3.003892111190e+02,1.130599338768e+01,6.861162169707e-08
4.998794861920e-03,7.602251901371e+00,5.264351797696e-01,9.078786341340e+07,3.003857991026e+02,1.130612316165e+01,6.539654705288e-08
4.998806145115e-03,7.531326132334e+00,5.107780083901e-01,9.246230593607e+07,3.003823865922e+02,1.130625292872e+01,6.230495143377e-08
4.998817415890e-03,7.460465844800e+00,4.954540564519e-01,9.418404100116e+07,3.003789737157e+02,1.130638268437e+01,5.933330056470e-08
4.998828674370e-03,7.389670737469e+00,4.804591175386e-01,9.595483310339e+07,3.003755604662e+02,1.130651242922e+01,5.647800370021e-08
4.998839920660e-03,7.318940608635e+00,4.657890138814e-01,9.777652625077e+07,3.003721468419e+02,1.130664216370e+01,5.373554629846e-08
4.998851154461e-03,7.248277806850e+00,4.514400929982e-01,9.965098328944e+07,3.003687329641e+02,1.130677188354e+01,5.110257833447e-08
4.998862376269e-03,7.177679650106e+00,4.374076779340e-01,1.015802897482e+08,3.003653187113e+02,1.130690159371e+01,4.857562943233e-08
4.998873585669e-03,7.107149169482e+00,4.236882439362e-01,1.035664728962e+08,3.003619042384e+02,1.130703128867e+01,4.615150641498e-08
4.998884782945e-03,7.036684990456e+00,4.102773968568e-01,1.056117816496e+08,3.003584894873e+02,1.130716097099e+01,4.382692601248e-08
4.998895967998e-03,6.966288142661e+00,3.971712156471e-01,1.077185039988e+08,3.003550745166e+02,1.130729063879e+01,4.159875562634e-08
4.998907140859e-03,6.895958804620e+00,3.843656206208e-01,1.098890650602e+08,3.003516593437e+02,1.130742029176e+01,3.946390022718e-08
4.998918301513e-03,6.825697460732e+00,3.718565942539e-01,1.121260000888e+08,3.003482440009e+02,1.130754992901e+01,3.741934042921e-08
4.998929449864e-03,6.755505063792e+00,3.596402053607e-01,1.144319550744e+08,3.003448285439e+02,1.130767954880e+01,3.546213463336e-08
4.998940586206e-03,6.685380117404e+00,3.477121063089e-01,1.168097912760e+08,3.003414129089e+02,1.130780915387e+01,3.358933963174e-08
4.998951710427e-03,6.615323660833e+00,3.360684005500e-01,1.192624295970e+08,3.003379971557e+02,1.130793874231e+01,3.179814870889e-08
4.998962822446e-03,6.545336528093e+00,3.247051588565e-01,1.217929473083e+08,3.003345813346e+02,1.130806831257e+01,3.008581123350e-08
4.998973922228e-03,6.475419261299e+00,3.136184096763e-01,1.244045914646e+08,3.003311654817e+02,1.130819786360e+01,2.844963148795e-08
4.998985010073e-03,6.405570263889e+00,3.028038584615e-01,1.271008615963e+08,3.003277495286e+02,1.130832739835e+01,2.688692932333e-08
4.998996085660e-03,6.335791856164e+00,2.922578351348e-01,1.298852901067e+08,3.003243335987e+02,1.130845691249e+01,2.539517663191e-08
4.999007149233e-03,6.266082778233e+00,2.819761314597e-01,1.327617425480e+08,3.003209176401e+02,1.130858640832e+01,2.397182812389e-08
4.999018200828e-03,6.196443077638e+00,2.719547570133e-01,1.357342412883e+08,3.003175016652e+02,1.130871588570e+01,2.261443064472e-08
4.999029240339e-03,6.126873681365e+00,2.621898607480e-01,1.388069908016e+08,3.003140857296e+02,1.130884534288e+01,2.132060856969e-08
4.999040267680e-03,6.057375382474e+00,2.526775805826e-01,1.419844332063e+08,3.003106698824e+02,1.130897477833e+01,2.008804184106e-08
4.999051283226e-03,5.987946061251e+00,2.434136752887e-01,1.452713961361e+08,3.003072540298e+02,1.130910419593e+01,1.891442013582e-08
4.999062286365e-03,5.918589804769e+00,2.343947505127e-01,1.486726822389e+08,3.003038383833e+02,1.130923358801e+01,1.779759709508e-08
4.999073277974e-03,5.849301312388e+00,2.256162000785e-01,1.521938367304e+08,3.003004226923e+02,1.130936296439e+01,1.673533220780e-08
4.999084257435e-03,5.780084695634e+00,2.170746510109e-01,1.558402453421e+08,3.002970071700e+02,1.130949231733e+01,1.572559274001e-08
4.999095224448e-03,5.710942044451e+00,2.087664666001e-01,1.596177096095e+08,3.002935919303e+02,1.130962164284e+01,1.476636403003e-08
4.999106180293e-03,5.641865493419e+00,2.006868459979e-01,1.635329340757e+08,3.002901765953e+02,1.130975095557e+01,1.385555445452e-08
4.999117123513e-03,5.572864420027e+00,1.928330458453e-01,1.675920367280e+08,3.002867616395e+02,1.130988023786e+01,1.299135928888e-08
4.999128055240e-03,5.503931863408e+00,1.852004469477e-01,1.718024763003e+08,3.002833467293e+02,1.131000950268e+01,1.217181547246e-08
4.999138974880e-03,5.435071748652e+00,1.777856877015e-01,1.761715041239e+08,3.002799320698e+02,1.131013874258e+01,1.139515072866e-08
4.999149882411e-03,5.366284377015e+00,1.705850131441e-01,1.807070495532e+08,3.002765176872e+02,1.131026795690e+01,1.065959893938e-08
4.999160778409e-03,5.297566282081e+00,1.635943045989e-01,1.854178002054e+08,3.002731034204e+02,1.131039715204e+01,9.963408660568e-09
4.999171662096e-03,5.228922525600e+00,1.568103388481e-01,1.903124054891e+08,3.002696895319e+02,1.131052631838e+01,9.304967004427e-09
4.999182534255e-03,5.160348309496e+00,1.502289255542e-01,1.954007865584e+08,3.002662757943e+02,1.131065546486e+01,8.682614223824e-09
4.999193394510e-03,5.091846150249e+00,1.438466195955e-01,2.006929719628e+08,3.002628623439e+02,1.131078458662e+01,8.094810944713e-09
4.999204242873e-03,5.023416102064e+00,1.376597554647e-01,2.061998447742e+08,3.002594491947e+02,1.131091368344e+01,7.540042417330e-09
4.999215079332e-03,4.955058377030e+00,1.316647047677e-01,2.119330086604e+08,3.002560363685e+02,1.131104275481e+01,7.016843061793e-09
4.999225903989e-03,4.886772441009e+00,1.258577979607e-01,2.179049247880e+08,3.002526238501e+02,1.131117180162e+01,6.523788915953e-09
4.999236717043e-03,4.818557171292e+00,1.202353454559e-01,2.241289746153e+08,3.002492115944e+02,1.131130082586e+01,6.059499318250e-09
4.999247517806e-03,4.750417004684e+00,1.147941346620e-01,2.306189571942e+08,3.002457998350e+02,1.131142981901e+01,5.622675339662e-09
4.999258307398e-03,4.682344991131e+00,1.095300635482e-01,2.373907611241e+08,3.002423882351e+02,1.131155879410e+01,5.211989295399e-09
4.999269084635e-03,4.614348698741e+00,1.044401936979e-01,2.444599585211e+08,3.002389771856e+02,1.131168773665e+01,4.826247043128e-09
4.999279850547e-03,4.546421729229e+00,9.952054483207e-02,2.518447316068e+08,3.002355663768e+02,1.131181665867e+01,4.464214614466e-09
4.999290604583e-03,4.478567639885e+00,9.476790554427e-02,2.595635288194e+08,3.002321559988e+02,1.131194555326e+01,4.124756628097e-09
4.999301346739e-03,4.410786553300e+00,9.017883221942e-02,2.676365753549e+08,3.002287460693e+02,1.131207442005e+01,3.806758580608e-09
4.999312077457e-03,4.343075763501e+00,8.574972135969e-02,2.760859994691e+08,3.002253364637e+02,1.131220326404e+01,3.509133992190e-09
4.999322796462e-03,4.275437077295e+00,8.147729882721e-02,2.849350860136e+08,3.002219272841e+02,1.131233208164e+01,3.230856616568e-09
4.999333503393e-03,4.207872847339e+00,7.735833778279e-02,2.942088715239e+08,3.002185186611e+02,1.131246086822e+01,2.970938623276e-09
4.999344198866e-03,4.140379263964e+00,7.338926026283e-02,3.039352698055e+08,3.002151104138e+02,1.131258963088e+01,2.728405996618e-09
4.999354882717e-03,4.072957417854e+00,6.956681707786e-02,3.141437717399e+08,3.002117026089e+02,1.131271836739e+01,2.502340951937e-09
4.999365554951e-03,4.005607355656e+00,6.588772174209e-02,3.248664721030e+08,3.002082952602e+02,1.131284707752e+01,2.291857272753e-09
4.999376215337e-03,3.938330584427e+00,6.234879111115e-02,3.361379305709e+08,3.002048884555e+02,1.131297575820e+01,2.096107717370e-09
4.999386864309e-03,3.871124424279e+00,5.894664816169e-02,3.479963941282e+08,3.002014820706e+02,1.131310441441e+01,1.914266995951e-09
4.999397501572e-03,3.803990793360e+00,5.567818255561e-02,3.604826318925e+08,3.001980762144e+02,1.131323304231e+01,1.745556257714e-09
4.999408127168e-03,3.736929471336e+00,5.254020011756e-02,3.736414303165e+08,3.001946708871e+02,1.131336164215e+01,1.589222815347e-09
4.999418741427e-03,3.669938427792e+00,4.952945404700e-02,3.875220072966e+08,3.001912659972e+02,1.131349021767e+01,1.444541953046e-09
4.999429343667e-03,3.603022010892e+00,4.664301120858e-02,4.021767543494e+08,3.001878617772e+02,1.131361876033e+01,1.310833233002e-09
4.999439934683e-03,3.536175239921e+00,4.387755707162e-02,4.176650653562e+08,3.001844579853e+02,1.131374727954e+01,1.187426945063e-09
4.999450514014e-03,3.469401071795e+00,4.123014559365e-02,4.340501635251e+08,3.001810547836e+02,1.131387576943e+01,1.073698339413e-09
4.999461081797e-03,3.402698677432e+00,3.869769972631e-02,4.514023630560e+08,3.001776521412e+02,1.131400423142e+01,9.690436234775e-10
4.999471638183e-03,3.336067136074e+00,3.627717127388e-02,4.697990141855e+08,3.001742500228e+02,1.131413266711e+01,8.728868108451e-10
4.999482183009e-03,3.269507506552e+00,3.396561328193e-02,4.893247573917e+08,3.001708484937e+02,1.131426107428e+01,7.846815493859e-10
4.999492716114e-03,3.203020849350e+00,3.176010202395e-02,5.100729700666e+08,3.001674476197e+02,1.131438945068e+01,7.039069319522e-10
4.999503237962e-03,3.136604244140e+00,2.965761134355e-02,5.321481929839e+08,3.001640472629e+02,1.131451780178e+01,6.300625620768e-10
4.999513748407e-03,3.070258656726e+00,2.765527383473e-02,5.556649693699e+08,3.001606474841e+02,1.131464612553e+01,5.626773266260e-10
4.999524247090e-03,3.003986371550e+00,2.575028416151e-02,5.807499554728e+08,3.001572484117e+02,1.131477441731e+01,5.013045240986e-10
4.999534734400e-03,2.937784960347e+00,2.393972718337e-02,6.075459211370e+08,3.001538499328e+02,1.131490268164e+01,4.455158109312e-10
4.999545210389e-03,2.871654112037e+00,2.222078161833e-02,6.362112928745e+08,3.001504520426e+02,1.131503091892e+01,3.949073164799e-10
4.999555674968e-03,2.805594403725e+00,2.059067808718e-02,6.669228172908e+08,3.001470547821e+02,1.131515912785e+01,3.490972443005e-10
4.999566127807e-03,2.739607949385e+00,1.904670981472e-02,6.998778312284e+08,3.001436582714e+02,1.131528730413e+01,3.077252523218e-10
4.999576569864e-03,2.673688714695e+00,1.758601074062e-02,7.353023964240e+08,3.001402622110e+02,1.131541545927e+01,2.704461219367e-10
4.999586999841e-03,2.607844913400e+00,1.620606442108e-02,7.734434104148e+08,3.001368670355e+02,1.131554357712e+01,2.369421654003e-10
4.999597418988e-03,2.542068661078e+00,1.490403610107e-02,8.145895044257e+08,3.001334723496e+02,1.131567167282e+01,2.069056185197e-10
4.999607826248e-03,2.476366643309e+00,1.367741944586e-02,8.590586445059e+08,3.001300785096e+02,1.131579973314e+01,1.800538241959e-10
4.999618222756e-03,2.410731721744e+00,1.252347253415e-02,9.072221398877e+08,3.001266851577e+02,1.131592777179e+01,1.561154382555e-10
4.999628607438e-03,2.345170679520e+00,1.143973598839e-02,9.594933325772e+08,3.001232926560e+02,1.131605577534e+01,1.348411426234e-10
4.999638980865e-03,2.279679924025e+00,1.042359831187e-02,1.016354041438e+09,3.001199008296e+02,1.131618375060e+01,1.159937581822e-10
4.999649343051e-03,2.214259374370e+00,9.472539902522e-03,1.078355319891e+09,3.001165096855e+02,1.131631169751e+01,9.935278502658e-11
4.999659694100e-03,2.148908388404e+00,8.584063826603e-03,1.146133909997e+09,3.001131192014e+02,1.131643961714e+01,8.471230656949e-11
4.999670033569e-03,2.083629768328e+00,7.755748814014e-03,1.220424172422e+09,3.001097295337e+02,1.131656750377e+01,7.188118592062e-11
4.999680361753e-03,2.018421665392e+00,6.985141745276e-03,1.302086650755e+09,3.001063405976e+02,1.131669536082e+01,6.068074854245e-11
4.999690679035e-03,1.953281658386e+00,6.269818738181e-03,1.392129347004e+09,3.001029522779e+02,1.131682319282e+01,5.094530958398e-11
4.999700984686e-03,1.888214367900e+00,5.607464233081e-03,1.491727448763e+09,3.000995648261e+02,1.131695099051e+01,4.252251837507e-11
4.999711279309e-03,1.823215985221e+00,4.995703656340e-03,1.602283746370e+09,3.000961780547e+02,1.131707876113e+01,3.527055105732e-11
4.999721562619e-03,1.758288322845e+00,4.432251169430e-03,1.725456884146e+09,3.000927920690e+02,1.131720650092e+01,2.905950626821e-11
4.999731834706e-03,1.693430810391e+00,3.914829631725e-03,1.863236203890e+09,3.000894068501e+02,1.131733421077e+01,2.376981622004e-11
4.999742095401e-03,1.628644526011e+00,3.441207079835e-03,2.018014430995e+09,3.000860224652e+02,1.131746188833e+01,1.929213166630e-11
4.999752345318e-03,1.563925591893e+00,3.009148709391e-03,2.192707586400e+09,3.000826387223e+02,1.131758954105e+01,1.552634839934e-11
4.999762583688e-03,1.499278865606e+00,2.616512404383e-03,2.390856527096e+09,3.000792558862e+02,1.131771715911e+01,1.238192891303e-11
4.999772811025e-03,1.434701115209e+00,2.261136016038e-03,2.616852745477e+09,3.000758737983e+02,1.131784474866e+01,9.776399992021e-12
4.999783027297e-03,1.370192542147e+00,1.940913264627e-03,2.876149311688e+09,3.000724924799e+02,1.131797230910e+01,7.635521418537e-12
4.999793232182e-03,1.305755182675e+00,1.653779504720e-03,3.175591132087e+09,3.000691120483e+02,1.131809983615e+01,5.892632636976e-12
4.999803426195e-03,1.241385787514e+00,1.397680524432e-03,3.523901598331e+09,3.000657323435e+02,1.131822733604e+01,4.487998716832e-12
4.999813608840e-03,1.177087486229e+00,1.170624044351e-03,3.932262058516e+09,3.000623535405e+02,1.131835480232e+01,3.368648572657e-12
4.999823780496e-03,1.112857896633e+00,9.706321986633e-04,4.415279007122e+09,3.000589755245e+02,1.131848223949e+01,2.487650064422e-12
4.999833941271e-03,1.048696337389e+00,7.957709680948e-04,4.992257645035e+09,3.000555982700e+02,1.131860964868e+01,1.803830650498e-12
4.999844090571e-03,9.846065604777e-01,6.441545635486e-04,5.689105299765e+09,3.000522219849e+02,1.131873702220e+01,1.281334662739e-12
4.999854228844e-03,9.205857357518e-01,5.139180673080e-04,6.541375699080e+09,3.000488465307e+02,1.131886436544e+01,8.891047413715e-13
4.999864356340e-03,8.566322960860e-01,4.032406224287e-04,7.598781535266e+09,3.000454718347e+02,1.131899168127e+01,6.005649699536e-13
4.999874472546e-03,7.927494723526e-01,3.103498533197e-04,8.932443687023e+09,3.000420980779e+02,1.131911896303e+01,3.932170550747e-13
4.999884577886e-03,7.289345949635e-01,2.335054192875e-04,1.064722339449e+10,3.000387251293e+02,1.131924621581e+01,2.482121022086e-13
4.999894672015e-03,6.651898409310e-01,1.710169050575e-04,1.290245045595e+10,3.000353531142e+02,1.131937343501e+01,1.500169425424e-13
4.999904755177e-03,6.015136814215e-01,1.212348609814e-04,1.594995734522e+10,3.000319819620e+02,1.131950062344e+01,8.603049240881e-14
4.999914827585e-03,5.379047566034e-01,8.255834160725e-05,2.020612864489e+10,3.000286116104e+02,1.131962778358e+01,4.624587845763e-14
4.999924888770e-03,4.743660441943e-01,5.343925562239e-05,2.639833418884e+10,3.000252422274e+02,1.131975490922e+01,2.291340545589e-14
4.999934938834e-03,4.108968953838e-01,3.238093117440e-05,3.588908683257e+10,3.000218737885e+02,1.131988200141e+01,1.021275814883e-14
4.999944978077e-03,3.474954132014e-01,1.794511135173e-05,5.146593957700e+10,3.000185062030e+02,1.132000906370e+01,3.946866968027e-15
4.999955006416e-03,2.841621381926e-01,8.758838965224e-06,7.953570190880e+10,3.000151395093e+02,1.132013609475e+01,1.246580960480e-15
4.999965023932e-03,2.208965434823e-01,3.522002568841e-06,1.373883263889e+11,3.000117736891e+02,1.132026309535e+01,2.901919649210e-16
4.999975030259e-03,1.577009520424e-01,1.021479305344e-06,2.839408044010e+11,3.000084088757e+02,1.132039006058e+01,4.072455451931e-17
4.999985025904e-03,9.457216281928e-02,1.568190557411e-07,8.086687128849e+11,3.000050449082e+02,1.132051699660e+01,2.195286179785e-18
4.999995010435e-03,3.151290131289e-02,5.667589214360e-09,4.394904007726e+12,3.000016819414e+02,1.132064389764e+01,1.459886789081e-20
