r_m,u_m_s,k_m2_s2,omega_1_s,T_K,rho_kg_m3,mu_t_Pa_s
1.826244088655e-06,8.797836052617e+01,1.287344556496e+01,6.085290217256e+03,3.023808161815e+02,1.122970751038e+01,2.375647227726e-02
4.261235235878e-06,8.797835411666e+01,1.287345861759e+01,6.085298932309e+03,3.023808161719e+02,1.122970750965e+01,2.375646234001e-02
6.939723167463e-06,8.797834001577e+01,1.287348733364e+01,6.085318106204e+03,3.023808161507e+02,1.122970750804e+01,2.375644047562e-02
9.652992608741e-06,8.797831858975e+01,1.287353096752e+01,6.085347241806e+03,3.023808161185e+02,1.122970750560e+01,2.375640724926e-02
1.237785151718e-05,8.797828989967e+01,1.287358939514e+01,6.085386256947e+03,3.023808160754e+02,1.122970750232e+01,2.375636275304e-02
1.510797359863e-05,8.797825396775e+01,1.287366257144e+01,6.085435122255e+03,3.023808160214e+02,1.122970749822e+01,2.375630701893e-02
1.784092465475e-05,8.797821080471e+01,1.287375047480e+01,6.085493824014e+03,3.023808159566e+02,1.122970749330e+01,2.375624006111e-02
2.057556785247e-05,8.797816041656e+01,1.287385309310e+01,6.085562354869e+03,3.023808158809e+02,1.122970748755e+01,2.375616188659e-02
2.331130056797e-05,8.797810280705e+01,1.287397041884e+01,6.085640710559e+03,3.023808157944e+02,1.122970748098e+01,2.375607249891e-02
2.604777322393e-05,8.797803797866e+01,1.287410244699e+01,6.085728888499e+03,3.023808156970e+02,1.122970747358e+01,2.375597189974e-02
2.878476879124e-05,8.797796593318e+01,1.287424917399e+01,6.085826887098e+03,3.023808155888e+02,1.122970746536e+01,2.375586008971e-02
3.152214515932e-05,8.797788667189e+01,1.287441059719e+01,6.085934705383e+03,3.023808154697e+02,1.122970745632e+01,2.375573706879e-02
3.425980516876e-05,8.797780019580e+01,1.287458671449e+01,6.086052342786e+03,3.023808153398e+02,1.122970744645e+01,2.375560283656e-02
3.699767996275e-05,8.797770650570e+01,1.287477752422e+01,6.086179799015e+03,3.023808151991e+02,1.122970743576e+01,2.375545739233e-02
3.973571922757e-05,8.797760560225e+01,1.287498302494e+01,6.086317073966e+03,3.023808150475e+02,1.122970742425e+01,2.375530073527e-02
4.247388521097e-05,8.797749748597e+01,1.287520321539e+01,6.086464167673e+03,3.023808148851e+02,1.122970741191e+01,2.375513286445e-02
4.521214891571e-05,8.797738215734e+01,1.287543809444e+01,6.086621080266e+03,3.023808147118e+02,1.122970739876e+01,2.375495377890e-02
4.795048759811e-05,8.797725961677e+01,1.287568766103e+01,6.086787811945e+03,3.023808145277e+02,1.122970738478e+01,2.375476347761e-02
5.068888307796e-05,8.797712986462e+01,1.287595191416e+01,6.086964362965e+03,3.023808143328e+02,1.122970736997e+01,2.375456195959e-02
5.342732056837e-05,8.797699290123e+01,1.287623085284e+01,6.087150733614e+03,3.023808141270e+02,1.122970735435e+01,2.375434922384e-02
5.616578784820e-05,8.797684872691e+01,1.287652447612e+01,6.087346924211e+03,3.023808139104e+02,1.122970733790e+01,2.375412526942e-02
5.890427466538e-05,8.797669734195e+01,1.287683278303e+01,6.087552935091e+03,3.023808136829e+02,1.122970732063e+01,2.375389009540e-02
6.164277229932e-05,8.797653874662e+01,1.287715577260e+01,6.087768766604e+03,3.023808134446e+02,1.122970730254e+01,2.375364370091e-02
6.438127323516e-05,8.797637294121e+01,1.287749344384e+01,6.087994419109e+03,3.023808131955e+02,1.122970728363e+01,2.375338608512e-02
6.711977091765e-05,8.797619992596e+01,1.287784579576e+01,6.088229892968e+03,3.023808129355e+02,1.122970726389e+01,2.375311724725e-02
6.985825956307e-05,8.797601970114e+01,1.287821282731e+01,6.088475188545e+03,3.023808126647e+02,1.122970724333e+01,2.375283718658e-02
7.259673401364e-05,8.797583226700e+01,1.287859453744e+01,6.088730306206e+03,3.023808123830e+02,1.122970722195e+01,2.375254590243e-02
7.533518962374e-05,8.797563762379e+01,1.287899092505e+01,6.088995246310e+03,3.023808120905e+02,1.122970719975e+01,2.375224339422e-02
7.807362217011e-05,8.797543577177e+01,1.287940198902e+01,6.089270009218e+03,3.023808117872e+02,1.122970717673e+01,2.375192966138e-02
8.081202778024e-05,8.797522671117e+01,1.287982772818e+01,6.089554595280e+03,3.023808114730e+02,1.122970715289e+01,2.375160470343e-02
8.355040287492e-05,8.797501044227e+01,1.288026814132e+01,6.089849004845e+03,3.023808111479e+02,1.122970712822e+01,2.375126851995e-02
8.628874412171e-05,8.797478696531e+01,1.288072322721e+01,6.090153238252e+03,3.023808108120e+02,1.122970710273e+01,2.375092111057e-02
8.902704839698e-05,8.797455628055e+01,1.288119298457e+01,6.090467295834e+03,3.023808104653e+02,1.122970707643e+01,2.375056247500e-02
9.176531275477e-05,8.797431838826e+01,1.288167741206e+01,6.090791177916e+03,3.023808101077e+02,1.122970704930e+01,2.375019261299e-02
9.450353440107e-05,8.797407328870e+01,1.288217650832e+01,6.091124884814e+03,3.023808097392e+02,1.122970702135e+01,2.374981152438e-02
9.724171067242e-05,8.797382098214e+01,1.288269027194e+01,6.091468416836e+03,3.023808093599e+02,1.122970699258e+01,2.374941920905e-02
9.997983901810e-05,8.797356146885e+01,1.288321870147e+01,6.091821774281e+03,3.023808089698e+02,1.122970696299e+01,2.374901566696e-02
1.027179169850e-04,8.797329474912e+01,1.288376179541e+01,6.092184957437e+03,3.023808085688e+02,1.122970693259e+01,2.374860089811e-02
1.054559422052e-04,8.797302082323e+01,1.288431955221e+01,6.092557966587e+03,3.023808081569e+02,1.122970690136e+01,2.374817490260e-02
1.081939123850e-04,8.797273969146e+01,1.288489197029e+01,6.092940802000e+03,3.023808077342e+02,1.122970686931e+01,2.374773768056e-02
1.109318252956e-04,8.797245135412e+01,1.288547904801e+01,6.093333463937e+03,3.023808073007e+02,1.122970683644e+01,2.374728923219e-02
1.136696787660e-04,8.797215581149e+01,1.288608078370e+01,6.093735952650e+03,3.023808068562e+02,1.122970680275e+01,2.374682955776e-02
1.164074706753e-04,8.797185306390e+01,1.288669717563e+01,6.094148268381e+03,3.023808064009e+02,1.122970676824e+01,2.374635865760e-02
1.191451989478e-04,8.797154311164e+01,1.288732822204e+01,6.094570411362e+03,3.023808059348e+02,1.122970673292e+01,2.374587653209e-02
1.218828615473e-04,8.797122595504e+01,1.288797392109e+01,6.095002381817e+03,3.023808054578e+02,1.122970669677e+01,2.374538318169e-02
1.246204564731e-04,8.797090159443e+01,1.288863427094e+01,6.095444179957e+03,3.023808049699e+02,1.122970665981e+01,2.374487860690e-02
1.273579817564e-04,8.797057003012e+01,1.288930926967e+01,6.095895805986e+03,3.023808044711e+02,1.122970662203e+01,2.374436280831e-02
1.300954354563e-04,8.797023126245e+01,1.288999891532e+01,6.096357260098e+03,3.023808039615e+02,1.122970658343e+01,2.374383578653e-02
1.328328156577e-04,8.796988529178e+01,1.289070320591e+01,6.096828542478e+03,3.023808034410e+02,1.122970654401e+01,2.374329754227e-02
1.355701204684e-04,8.796953211844e+01,1.289142213936e+01,6.097309653299e+03,3.023808029097e+02,1.122970650378e+01,2.374274807628e-02
1.383073480165e-04,8.796917174278e+01,1.289215571360e+01,6.097800592728e+03,3.023808023674e+02,1.122970646272e+01,2.374218738936e-02
1.410444964491e-04,8.796880416518e+01,1.289290392648e+01,6.098301360920e+03,3.023808018143e+02,1.122970642085e+01,2.374161548238e-02
1.437815639300e-04,8.796842938600e+01,1.289366677581e+01,6.098811958021e+03,3.023808012503e+02,1.122970637817e+01,2.374103235628e-02
1.465185486387e-04,8.796804740561e+01,1.289444425936e+01,6.099332384170e+03,3.023808006755e+02,1.122970633466e+01,2.374043801204e-02
1.492554487681e-04,8.796765822439e+01,1.289523637484e+01,6.099862639495e+03,3.023808000897e+02,1.122970629034e+01,2.373983245071e-02
1.519922625245e-04,8.796726184273e+01,1.289604311992e+01,6.100402724114e+03,3.023807994931e+02,1.122970624521e+01,2.373921567338e-02
1.547289881252e-04,8.796685826102e+01,1.289686449224e+01,6.100952638139e+03,3.023807988856e+02,1.122970619925e+01,2.373858768122e-02
1.574656237985e-04,8.796644747966e+01,1.289770048936e+01,6.101512381671e+03,3.023807982672e+02,1.122970615249e+01,2.373794847543e-02
1.602021677824e-04,8.796602949906e+01,1.289855110882e+01,6.102081954803e+03,3.023807976379e+02,1.122970610490e+01,2.373729805729e-02
1.629386183238e-04,8.796560431963e+01,1.289941634811e+01,6.102661357618e+03,3.023807969978e+02,1.122970605651e+01,2.373663642813e-02
1.656749736779e-04,8.796517194180e+01,1.290029620466e+01,6.103250590192e+03,3.023807963467e+02,1.122970600729e+01,2.373596358933e-02
1.684112321074e-04,8.796473236598e+01,1.290119067587e+01,6.103849652593e+03,3.023807956847e+02,1.122970595727e+01,2.373527954233e-02
1.711473918821e-04,8.796428559261e+01,1.290209975907e+01,6.104458544878e+03,3.023807950119e+02,1.122970590642e+01,2.373458428861e-02
1.738834512782e-04,8.796383162214e+01,1.290302345158e+01,6.105077267098e+03,3.023807943281e+02,1.122970585477e+01,2.373387782973e-02
1.766194085779e-04,8.796337045500e+01,1.290396175063e+01,6.105705819295e+03,3.023807936335e+02,1.122970580230e+01,2.373316016729e-02
1.793552620691e-04,8.796290209166e+01,1.290491465343e+01,6.106344201502e+03,3.023807929279e+02,1.122970574902e+01,2.373243130294e-02
1.820910100447e-04,8.796242653257e+01,1.290588215715e+01,6.106992413747e+03,3.023807922115e+02,1.122970569492e+01,2.373169123838e-02
1.848266508024e-04,8.796194377819e+01,1.290686425890e+01,6.107650456046e+03,3.023807914841e+02,1.122970564001e+01,2.373093997538e-02
1.875621826445e-04,8.796145382902e+01,1.290786095573e+01,6.108318328410e+03,3.023807907459e+02,1.122970558429e+01,2.373017751575e-02
1.902976038774e-04,8.796095668551e+01,1.290887224468e+01,6.108996030842e+03,3.023807899967e+02,1.122970552776e+01,2.372940386136e-02
1.930329128114e-04,8.796045234817e+01,1.290989812271e+01,6.109683563335e+03,3.023807892366e+02,1.122970547042e+01,2.372861901411e-02
1.957681077605e-04,8.795994081748e+01,1.291093858676e+01,6.110380925877e+03,3.023807884656e+02,1.122970541226e+01,2.372782297599e-02
1.985031870421e-04,8.795942209395e+01,1.291199363369e+01,6.111088118449e+03,3.023807876836e+02,1.122970535330e+01,2.372701574901e-02
2.012381489768e-04,8.795889617809e+01,1.291306326035e+01,6.111805141021e+03,3.023807868908e+02,1.122970529352e+01,2.372619733523e-02
2.039729918883e-04,8.795836307041e+01,1.291414746353e+01,6.112531993559e+03,3.023807860870e+02,1.122970523293e+01,2.372536773678e-02
2.067077141029e-04,8.795782277142e+01,1.291524623996e+01,6.113268676022e+03,3.023807852723e+02,1.122970517154e+01,2.372452695584e-02
2.094423139499e-04,8.795727528167e+01,1.291635958635e+01,6.114015188359e+03,3.023807844467e+02,1.122970510933e+01,2.372367499461e-02
2.121767897610e-04,8.795672060169e+01,1.291748749934e+01,6.114771530515e+03,3.023807836101e+02,1.122970504631e+01,2.372281185538e-02
2.149111398702e-04,8.795615873201e+01,1.291862997554e+01,6.115537702426e+03,3.023807827626e+02,1.122970498249e+01,2.372193754046e-02
2.176453626139e-04,8.795558967319e+01,1.291978701150e+01,6.116313704022e+03,3.023807819042e+02,1.122970491786e+01,2.372105205221e-02
2.203794563305e-04,8.795501342579e+01,1.292095860375e+01,6.117099535227e+03,3.023807810348e+02,1.122970485242e+01,2.372015539305e-02
2.231134193606e-04,8.795442999036e+01,1.292214474873e+01,6.117895195956e+03,3.023807801545e+02,1.122970478617e+01,2.371924756546e-02
2.258472500466e-04,8.795383936747e+01,1.292334544289e+01,6.118700686121e+03,3.023807792633e+02,1.122970471911e+01,2.371832857193e-02
2.285809467329e-04,8.795324155771e+01,1.292456068258e+01,6.119516005623e+03,3.023807783611e+02,1.122970465125e+01,2.371739841504e-02
2.313145077655e-04,8.795263656166e+01,1.292579046414e+01,6.120341154361e+03,3.023807774479e+02,1.122970458259e+01,2.371645709738e-02
2.340479314921e-04,8.795202437990e+01,1.292703478386e+01,6.121176132224e+03,3.023807765238e+02,1.122970451311e+01,2.371550462161e-02
2.367812162621e-04,8.795140501304e+01,1.292829363797e+01,6.122020939098e+03,3.023807755888e+02,1.122970444283e+01,2.371454099043e-02
2.395143604263e-04,8.795077846168e+01,1.292956702266e+01,6.122875574860e+03,3.023807746427e+02,1.122970437175e+01,2.371356620659e-02
2.422473623371e-04,8.795014472643e+01,1.293085493408e+01,6.123740039383e+03,3.023807736858e+02,1.122970429986e+01,2.371258027288e-02
2.449802203481e-04,8.794950380790e+01,1.293215736834e+01,6.124614332532e+03,3.023807727178e+02,1.122970422717e+01,2.371158319214e-02
2.477129328147e-04,8.794885570673e+01,1.293347432148e+01,6.125498454168e+03,3.023807717389e+02,1.122970415367e+01,2.371057496725e-02
2.504454980930e-04,8.794820042355e+01,1.293480578952e+01,6.126392404144e+03,3.023807707490e+02,1.122970407937e+01,2.370955560114e-02
2.531779145408e-04,8.794753795899e+01,1.293615176843e+01,6.127296182310e+03,3.023807697482e+02,1.122970400426e+01,2.370852509679e-02
2.559101805170e-04,8.794686831370e+01,1.293751225413e+01,6.128209788508e+03,3.023807687363e+02,1.122970392836e+01,2.370748345721e-02
2.586422943815e-04,8.794619148834e+01,1.293888724248e+01,6.129133222575e+03,3.023807677135e+02,1.122970385165e+01,2.370643068546e-02
2.613742544956e-04,8.794550748355e+01,1.294027672932e+01,6.130066484343e+03,3.023807666797e+02,1.122970377414e+01,2.370536678466e-02
2.641060592216e-04,8.794481630002e+01,1.294168071044e+01,6.131009573636e+03,3.023807656349e+02,1.122970369583e+01,2.370429175796e-02
2.668377069227e-04,8.794411793841e+01,1.294309918157e+01,6.131962490277e+03,3.023807645791e+02,1.122970361672e+01,2.370320560854e-02
2.695691959633e-04,8.794341239940e+01,1.294453213841e+01,6.132925234080e+03,3.023807635124e+02,1.122970353681e+01,2.370210833964e-02
2.723005247088e-04,8.794269968368e+01,1.294597957661e+01,6.133897804854e+03,3.023807624346e+02,1.122970345610e+01,2.370099995455e-02
2.750316915255e-04,8.794197979195e+01,1.294744149177e+01,6.134880202405e+03,3.023807613458e+02,1.122970337459e+01,2.369988045659e-02
2.777626947807e-04,8.794125272491e+01,1.294891787945e+01,6.135872426532e+03,3.023807602461e+02,1.122970329229e+01,2.369874984911e-02
2.804935328426e-04,8.794051848326e+01,1.295040873518e+01,6.136874477029e+03,3.023807591353e+02,1.122970320918e+01,2.369760813554e-02
2.832242040804e-04,8.793977706772e+01,1.295191405441e+01,6.137886353685e+03,3.023807580135e+02,1.122970312528e+01,2.369645531931e-02
2.859547068639e-04,8.793902847901e+01,1.295343383257e+01,6.138908056284e+03,3.023807568807e+02,1.122970304058e+01,2.369529140392e-02
2.886850395641e-04,8.793827271787e+01,1.295496806505e+01,6.139939584607e+03,3.023807557369e+02,1.122970295508e+01,2.369411639289e-02
2.914152005526e-04,8.793750978502e+01,1.295651674717e+01,6.140980938426e+03,3.023807545820e+02,1.122970286879e+01,2.369293028981e-02
2.941451882021e-04,8.793673968121e+01,1.295807987424e+01,6.142032117513e+03,3.023807534162e+02,1.122970278170e+01,2.369173309829e-02
2.968750008858e-04,8.793596240719e+01,1.295965744150e+01,6.143093121632e+03,3.023807522393e+02,1.122970269381e+01,2.369052482198e-02
2.996046369779e-04,8.793517796372e+01,1.296124944415e+01,6.144163950543e+03,3.023807510513e+02,1.122970260514e+01,2.368930546457e-02
3.023340948533e-04,8.793438635156e+01,1.296285587735e+01,6.145244604002e+03,3.023807498524e+02,1.122970251567e+01,2.368807502981e-02
3.050633728877e-04,8.793358757148e+01,1.296447673622e+01,6.146335081761e+03,3.023807486424e+02,1.122970242540e+01,2.368683352146e-02
3.077924694577e-04,8.793278162426e+01,1.296611201582e+01,6.147435383564e+03,3.023807474213e+02,1.122970233434e+01,2.368558094334e-02
3.105213829403e-04,8.793196851068e+01,1.296776171117e+01,6.148545509156e+03,3.023807461892e+02,1.122970224249e+01,2.368431729930e-02
3.132501117136e-04,8.793114823154e+01,1.296942581726e+01,6.149665458273e+03,3.023807449461e+02,1.122970214985e+01,2.368304259325e-02
3.159786541562e-04,8.793032078763e+01,1.297110432903e+01,6.150795230649e+03,3.023807436919e+02,1.122970205642e+01,2.368175682910e-02
3.187070086477e-04,8.792948617976e+01,1.297279724137e+01,6.151934826013e+03,3.023807424266e+02,1.122970196220e+01,2.368046001083e-02
3.214351735679e-04,8.792864440875e+01,1.297450454913e+01,6.153084244090e+03,3.023807411503e+02,1.122970186718e+01,2.367915214245e-02
3.241631472980e-04,8.792779547540e+01,1.297622624710e+01,6.154243484601e+03,3.023807398629e+02,1.122970177138e+01,2.367783322801e-02
3.268909282192e-04,8.792693938055e+01,1.297796233006e+01,6.155412547262e+03,3.023807385645e+02,1.122970167479e+01,2.367650327159e-02
3.296185147139e-04,8.792607612503e+01,1.297971279272e+01,6.156591431786e+03,3.023807372549e+02,1.122970157741e+01,2.367516227732e-02
3.323459051651e-04,8.792520570969e+01,1.298147762974e+01,6.157780137881e+03,3.023807359343e+02,1.122970147925e+01,2.367381024936e-02
3.350730979562e-04,8.792432813536e+01,1.298325683577e+01,6.158978665252e+03,3.023807346026e+02,1.122970138029e+01,2.367244719191e-02
3.378000914715e-04,8.792344340290e+01,1.298505040537e+01,6.160187013600e+03,3.023807332598e+02,1.122970128055e+01,2.367107310920e-02
3.405268840960e-04,8.792255151318e+01,1.298685833311e+01,6.161405182620e+03,3.023807319059e+02,1.122970118003e+01,2.366968800551e-02
3.432534742154e-04,8.792165246706e+01,1.298868061346e+01,6.162633172007e+03,3.023807305410e+02,1.122970107872e+01,2.366829188514e-02
3.459798602158e-04,8.792074626541e+01,1.299051724089e+01,6.163870981449e+03,3.023807291649e+02,1.122970097662e+01,2.366688475244e-02
3.487060404843e-04,8.791983290913e+01,1.299236820981e+01,6.165118610631e+03,3.023807277777e+02,1.122970087374e+01,2.366546661181e-02
3.514320134084e-04,8.791891239909e+01,1.299423351458e+01,6.166376059235e+03,3.023807263794e+02,1.122970077008e+01,2.366403746764e-02
3.541577773764e-04,8.791798473619e+01,1.299611314953e+01,6.167643326940e+03,3.023807249700e+02,1.122970066563e+01,2.366259732441e-02
3.568833307771e-04,8.791704992134e+01,1.299800710893e+01,6.168920413419e+03,3.023807235495e+02,1.122970056041e+01,2.366114618659e-02
3.596086720002e-04,8.791610795545e+01,1.299991538703e+01,6.170207318343e+03,3.023807221179e+02,1.122970045440e+01,2.365968405872e-02
3.623337994359e-04,8.791515883943e+01,1.300183797800e+01,6.171504041380e+03,3.023807206751e+02,1.122970034761e+01,2.365821094537e-02
3.650587114750e-04,8.791420257421e+01,1.300377487601e+01,6.172810582194e+03,3.023807192212e+02,1.122970024004e+01,2.365672685111e-02
3.677834065090e-04,8.791323916071e+01,1.300572607517e+01,6.174126940445e+03,3.023807177562e+02,1.122970013169e+01,2.365523178060e-02
3.705078829300e-04,8.791226859988e+01,1.300769156952e+01,6.175453115789e+03,3.023807162800e+02,1.122970002257e+01,2.365372573848e-02
3.732321391309e-04,8.791129089266e+01,1.300967135310e+01,6.176789107882e+03,3.023807147927e+02,1.122969991266e+01,2.365220872948e-02
3.759561735051e-04,8.791030604000e+01,1.301166541987e+01,6.178134916372e+03,3.023807132943e+02,1.122969980198e+01,2.365068075831e-02
3.786799844466e-04,8.790931404286e+01,1.301367376378e+01,6.179490540908e+03,3.023807117846e+02,1.122969969052e+01,2.364914182976e-02
3.814035703502e-04,8.790831490221e+01,1.301569637871e+01,6.180855981132e+03,3.023807102639e+02,1.122969957828e+01,2.364759194863e-02
3.841269296112e-04,8.790730861901e+01,1.301773325851e+01,6.182231236687e+03,3.023807087319e+02,1.122969946527e+01,2.364603111975e-02
3.868500606257e-04,8.790629519425e+01,1.301978439699e+01,6.183616307208e+03,3.023807071888e+02,1.122969935149e+01,2.364445934799e-02
3.895729617902e-04,8.790527462892e+01,1.302184978790e+01,6.185011192331e+03,3.023807056345e+02,1.122969923693e+01,2.364287663827e-02
3.922956315021e-04,8.790424692400e+01,1.302392942497e+01,6.186415891687e+03,3.023807040691e+02,1.122969912160e+01,2.364128299551e-02
3.950180681592e-04,8.790321208050e+01,1.302602330187e+01,6.187830404904e+03,3.023807024924e+02,1.122969900549e+01,2.363967842470e-02
3.977402701602e-04,8.790217009942e+01,1.302813141223e+01,6.189254731607e+03,3.023807009046e+02,1.122969888862e+01,2.363806293084e-02
4.004622359043e-04,8.790112098179e+01,1.303025374965e+01,6.190688871419e+03,3.023806993056e+02,1.122969877097e+01,2.363643651895e-02
4.031839637913e-04,8.790006472861e+01,1.303239030768e+01,6.192132823959e+03,3.023806976954e+02,1.122969865255e+01,2.363479919413e-02
4.059054522217e-04,8.789900134092e+01,1.303454107981e+01,6.193586588843e+03,3.023806960739e+02,1.122969853336e+01,2.363315096146e-02
4.086266995967e-04,8.789793081976e+01,1.303670605952e+01,6.195050165686e+03,3.023806944413e+02,1.122969841341e+01,2.363149182609e-02
4.113477043181e-04,8.789685316616e+01,1.303888524021e+01,6.196523554097e+03,3.023806927975e+02,1.122969829268e+01,2.362982179317e-02
4.140684647883e-04,8.789576838118e+01,1.304107861528e+01,6.198006753684e+03,3.023806911424e+02,1.122969817119e+01,2.362814086792e-02
4.167889794103e-04,8.789467646586e+01,1.304328617805e+01,6.199499764053e+03,3.023806894761e+02,1.122969804893e+01,2.362644905555e-02
4.195092465880e-04,8.789357742128e+01,1.304550792182e+01,6.201002584807e+03,3.023806877986e+02,1.122969792591e+01,2.362474636134e-02
4.222292647258e-04,8.789247124851e+01,1.304774383984e+01,6.202515215544e+03,3.023806861099e+02,1.122969780212e+01,2.362303279057e-02
4.249490322287e-04,8.789135794861e+01,1.304999392532e+01,6.204037655862e+03,3.023806844099e+02,1.122969767756e+01,2.362130834858e-02
4.276685475024e-04,8.789023752268e+01,1.305225817142e+01,6.205569905356e+03,3.023806826987e+02,1.122969755225e+01,2.361957304072e-02
4.303878089532e-04,8.788910997181e+01,1.305453657126e+01,6.207111963616e+03,3.023806809762e+02,1.122969742616e+01,2.361782687237e-02
4.331068149883e-04,8.788797529709e+01,1.305682911794e+01,6.208663830233e+03,3.023806792425e+02,1.122969729932e+01,2.361606984896e-02
4.358255640152e-04,8.788683349962e+01,1.305913580449e+01,6.210225504792e+03,3.023806774975e+02,1.122969717172e+01,2.361430197593e-02
4.385440544424e-04,8.788568458053e+01,1.306145662391e+01,6.211796986879e+03,3.023806757412e+02,1.122969704335e+01,2.361252325876e-02
4.412622846788e-04,8.788452854092e+01,1.306379156915e+01,6.213378276074e+03,3.023806739737e+02,1.122969691423e+01,2.361073370297e-02
4.439802531341e-04,8.788336538193e+01,1.306614063313e+01,6.214969371957e+03,3.023806721949e+02,1.122969678435e+01,2.360893331409e-02
4.466979582187e-04,8.788219510469e+01,1.306850380872e+01,6.216570274104e+03,3.023806704048e+02,1.122969665371e+01,2.360712209770e-02
4.494153983437e-04,8.788101771033e+01,1.307088108875e+01,6.218180982091e+03,3.023806686035e+02,1.122969652231e+01,2.360530005939e-02
4.521325719206e-04,8.787983320001e+01,1.307327246601e+01,6.219801495488e+03,3.023806667908e+02,1.122969639015e+01,2.360346720479e-02
4.548494773618e-04,8.787864157487e+01,1.307567793325e+01,6.221431813865e+03,3.023806649668e+02,1.122969625724e+01,2.360162353956e-02
4.575661130805e-04,8.787744283608e+01,1.307809748317e+01,6.223071936790e+03,3.023806631316e+02,1.122969612358e+01,2.359976906939e-02
4.602824774904e-04,8.787623698480e+01,1.308053110843e+01,6.224721863827e+03,3.023806612850e+02,1.122969598916e+01,2.359790380001e-02
4.629985690057e-04,8.787502402221e+01,1.308297880167e+01,6.226381594540e+03,3.023806594271e+02,1.122969585398e+01,2.359602773715e-02
4.657143860418e-04,8.787380394949e+01,1.308544055545e+01,6.228051128489e+03,3.023806575579e+02,1.122969571806e+01,2.359414088659e-02
4.684299270142e-04,8.787257676783e+01,1.308791636232e+01,6.229730465231e+03,3.023806556774e+02,1.122969558138e+01,2.359224325414e-02
4.711451903396e-04,8.787134247842e+01,1.309040621478e+01,6.231419604324e+03,3.023806537855e+02,1.122969544395e+01,2.359033484563e-02
4.738601744351e-04,8.787010108247e+01,1.309291010528e+01,6.233118545320e+03,3.023806518823e+02,1.122969530578e+01,2.358841566692e-02
4.765748777185e-04,8.786885258119e+01,1.309542802623e+01,6.234827287772e+03,3.023806499677e+02,1.122969516685e+01,2.358648572390e-02
4.792892986084e-04,8.786759697578e+01,1.309795997002e+01,6.236545831230e+03,3.023806480418e+02,1.122969502718e+01,2.358454502250e-02
4.820034355241e-04,8.786633426748e+01,1.310050592898e+01,6.238274175240e+03,3.023806461046e+02,1.122969488675e+01,2.358259356865e-02
4.847172868855e-04,8.786506445752e+01,1.310306589539e+01,6.240012319348e+03,3.023806441560e+02,1.122969474559e+01,2.358063136834e-02
4.874308511133e-04,8.786378754712e+01,1.310563986150e+01,6.241760263099e+03,3.023806421960e+02,1.122969460367e+01,2.357865842757e-02
4.901441266289e-04,8.786250353754e+01,1.310822781953e+01,6.243518006032e+03,3.023806402246e+02,1.122969446101e+01,2.357667475236e-02
4.928571118543e-04,8.786121243003e+01,1.311082976165e+01,6.245285547688e+03,3.023806382419e+02,1.122969431761e+01,2.357468034877e-02
4.955698052124e-04,8.785991422584e+01,1.311344567998e+01,6.247062887603e+03,3.023806362477e+02,1.122969417347e+01,2.357267522290e-02
4.982822051268e-04,8.785860892624e+01,1.311607556660e+01,6.248850025315e+03,3.023806342422e+02,1.122969402858e+01,2.357065938084e-02
5.009943100215e-04,8.785729653250e+01,1.311871941357e+01,6.250646960355e+03,3.023806322253e+02,1.122969388295e+01,2.356863282875e-02
5.037061183217e-04,8.785597704591e+01,1.312137721289e+01,6.252453692256e+03,3.023806301970e+02,1.122969373658e+01,2.356659557278e-02
5.064176284530e-04,8.785465046773e+01,1.312404895653e+01,6.254270220548e+03,3.023806281572e+02,1.122969358947e+01,2.356454761914e-02
5.091288388417e-04,8.785331679928e+01,1.312673463640e+01,6.256096544758e+03,3.023806261061e+02,1.122969344163e+01,2.356248897404e-02
5.118397479152e-04,8.785197604184e+01,1.312943424439e+01,6.257932664413e+03,3.023806240435e+02,1.122969329304e+01,2.356041964372e-02
5.145503541011e-04,8.785062819672e+01,1.313214777235e+01,6.259778579037e+03,3.023806219695e+02,1.122969314372e+01,2.355833963446e-02
5.172606558283e-04,8.784927326525e+01,1.313487521207e+01,6.261634288152e+03,3.023806198840e+02,1.122969299366e+01,2.355624895257e-02
5.199706515259e-04,8.784791124873e+01,1.313761655532e+01,6.263499791279e+03,3.023806177871e+02,1.122969284287e+01,2.355414760436e-02
5.226803396242e-04,8.784654214850e+01,1.314037179381e+01,6.265375087938e+03,3.023806156788e+02,1.122969269135e+01,2.355203559619e-02
5.253897185540e-04,8.784516596588e+01,1.314314091924e+01,6.267260177645e+03,3.023806135590e+02,1.122969253909e+01,2.354991293443e-02
5.280987867468e-04,8.784378270223e+01,1.314592392323e+01,6.269155059916e+03,3.023806114278e+02,1.122969238610e+01,2.354777962549e-02
5.308075426351e-04,8.784239235889e+01,1.314872079739e+01,6.271059734265e+03,3.023806092850e+02,1.122969223238e+01,2.354563567580e-02
5.335159846519e-04,8.784099493721e+01,1.315153153328e+01,6.272974200204e+03,3.023806071308e+02,1.122969207793e+01,2.354348109180e-02
5.362241112311e-04,8.783959043856e+01,1.315435612242e+01,6.274898457243e+03,3.023806049652e+02,1.122969192275e+01,2.354131587999e-02
5.389319208073e-04,8.783817886431e+01,1.315719455628e+01,6.276832504893e+03,3.023806027880e+02,1.122969176684e+01,2.353914004687e-02
5.416394118160e-04,8.783676021582e+01,1.316004682632e+01,6.278776342660e+03,3.023806005993e+02,1.122969161020e+01,2.353695359896e-02
5.443465826932e-04,8.783533449449e+01,1.316291292392e+01,6.280729970049e+03,3.023805983992e+02,1.122969145284e+01,2.353475654281e-02
5.470534318759e-04,8.783390170171e+01,1.316579284045e+01,6.282693386566e+03,3.023805961875e+02,1.122969129475e+01,2.353254888502e-02
5.497599578018e-04,8.783246183887e+01,1.316868656723e+01,6.284666591713e+03,3.023805939643e+02,1.122969113594e+01,2.353033063219e-02
5.524661589094e-04,8.783101490737e+01,1.317159409554e+01,6.286649584990e+03,3.023805917296e+02,1.122969097641e+01,2.352810179094e-02
5.551720336380e-04,8.782956090863e+01,1.317451541662e+01,6.288642365899e+03,3.023805894833e+02,1.122969081615e+01,2.352586236792e-02
5.578775804274e-04,8.782809984407e+01,1.317745052166e+01,6.290644933936e+03,3.023805872256e+02,1.122969065517e+01,2.352361236982e-02
5.605827977188e-04,8.782663171510e+01,1.318039940184e+01,6.292657288599e+03,3.023805849562e+02,1.122969049347e+01,2.352135180334e-02
5.632876839535e-04,8.782515652316e+01,1.318336204826e+01,6.294679429383e+03,3.023805826754e+02,1.122969033106e+01,2.351908067520e-02
5.659922375740e-04,8.782367426970e+01,1.318633845203e+01,6.296711355782e+03,3.023805803829e+02,1.122969016792e+01,2.351679899216e-02
5.686964570236e-04,8.782218495614e+01,1.318932860416e+01,6.298753067288e+03,3.023805780789e+02,1.122969000406e+01,2.351450676098e-02
5.714003407462e-04,8.782068858395e+01,1.319233249568e+01,6.300804563393e+03,3.023805757634e+02,1.122968983949e+01,2.351220398847e-02
5.741038871866e-04,8.781918515459e+01,1.319535011754e+01,6.302865843586e+03,3.023805734362e+02,1.122968967421e+01,2.350989068145e-02
5.768070947905e-04,8.781767466952e+01,1.319838146067e+01,6.304936907355e+03,3.023805710975e+02,1.122968950821e+01,2.350756684676e-02
5.795099620042e-04,8.781615713022e+01,1.320142651595e+01,6.307017754188e+03,3.023805687472e+02,1.122968934150e+01,2.350523249127e-02
5.822124872750e-04,8.781463253816e+01,1.320448527423e+01,6.309108383571e+03,3.023805663853e+02,1.122968917407e+01,2.350288762186e-02
5.849146690510e-04,8.781310089483e+01,1.320755772632e+01,6.311208794987e+03,3.023805640118e+02,1.122968900593e+01,2.350053224547e-02
5.876165057809e-04,8.781156220173e+01,1.321064386298e+01,6.313318987921e+03,3.023805616266e+02,1.122968883709e+01,2.349816636901e-02
5.903179959145e-04,8.781001646036e+01,1.321374367494e+01,6.315438961854e+03,3.023805592299e+02,1.122968866753e+01,2.349578999946e-02
5.930191379022e-04,8.780846367222e+01,1.321685715289e+01,6.317568716266e+03,3.023805568215e+02,1.122968849727e+01,2.349340314380e-02
5.957199301955e-04,8.780690383883e+01,1.321998428749e+01,6.319708250638e+03,3.023805544015e+02,1.122968832630e+01,2.349100580903e-02
5.984203712465e-04,8.780533696171e+01,1.322312506935e+01,6.321857564447e+03,3.023805519698e+02,1.122968815462e+01,2.348859800217e-02
6.011204595080e-04,8.780376304240e+01,1.322627948903e+01,6.324016657172e+03,3.023805495265e+02,1.122968798224e+01,2.348617973029e-02
6.038201934341e-04,8.780218208242e+01,1.322944753707e+01,6.326185528287e+03,3.023805470715e+02,1.122968780915e+01,2.348375100044e-02
6.065195714794e-04,8.780059408331e+01,1.323262920398e+01,6.328364177267e+03,3.023805446049e+02,1.122968763536e+01,2.348131181974e-02
6.092185920993e-04,8.779899904664e+01,1.323582448020e+01,6.330552603587e+03,3.023805421266e+02,1.122968746087e+01,2.347886219528e-02
6.119172537503e-04,8.779739697395e+01,1.323903335616e+01,6.332750806719e+03,3.023805396366e+02,1.122968728568e+01,2.347640213422e-02
6.146155548895e-04,8.779578786680e+01,1.324225582223e+01,6.334958786134e+03,3.023805371349e+02,1.122968710979e+01,2.347393164371e-02
6.173134939751e-04,8.779417172677e+01,1.324549186876e+01,6.337176541304e+03,3.023805346215e+02,1.122968693320e+01,2.347145073093e-02
6.200110694659e-04,8.779254855544e+01,1.324874148605e+01,6.339404071696e+03,3.023805320964e+02,1.122968675592e+01,2.346895940309e-02
6.227082798218e-04,8.779091835438e+01,1.325200466437e+01,6.341641376780e+03,3.023805295597e+02,1.122968657793e+01,2.346645766742e-02
6.254051235033e-04,8.778928112519e+01,1.325528139394e+01,6.343888456023e+03,3.023805270112e+02,1.122968639926e+01,2.346394553115e-02
6.281015989720e-04,8.778763686947e+01,1.325857166495e+01,6.346145308891e+03,3.023805244509e+02,1.122968621988e+01,2.346142300156e-02
6.307977046902e-04,8.778598558882e+01,1.326187546756e+01,6.348411934851e+03,3.023805218790e+02,1.122968603982e+01,2.345889008593e-02
6.334934391213e-04,8.778432728485e+01,1.326519279187e+01,6.350688333365e+03,3.023805192953e+02,1.122968585906e+01,2.345634679157e-02
6.361888007293e-04,8.778266195919e+01,1.326852362796e+01,6.352974503898e+03,3.023805166998e+02,1.122968567762e+01,2.345379312582e-02
6.388837879792e-04,8.778098961345e+01,1.327186796587e+01,6.355270445912e+03,3.023805140926e+02,1.122968549548e+01,2.345122909602e-02
6.415783993369e-04,8.777931024926e+01,1.327522579559e+01,6.357576158868e+03,3.023805114736e+02,1.122968531265e+01,2.344865470954e-02
6.442726332693e-04,8.777762386828e+01,1.327859710709e+01,6.359891642228e+03,3.023805088429e+02,1.122968512914e+01,2.344606997378e-02
6.469664882439e-04,8.777593047214e+01,1.328198189029e+01,6.362216895452e+03,3.023805062003e+02,1.122968494494e+01,2.344347489615e-02
6.496599627293e-04,8.777423006250e+01,1.328538013508e+01,6.364551917998e+03,3.023805035460e+02,1.122968476006e+01,2.344086948409e-02
6.523530551950e-04,8.777252264101e+01,1.328879183130e+01,6.366896709324e+03,3.023805008799e+02,1.122968457449e+01,2.343825374503e-02
6.550457641113e-04,8.777080820935e+01,1.329221696876e+01,6.369251268888e+03,3.023804982020e+02,1.122968438824e+01,2.343562768646e-02
6.577380879495e-04,8.776908676919e+01,1.329565553724e+01,6.371615596146e+03,3.023804955123e+02,1.122968420131e+01,2.343299131587e-02
6.604300251816e-04,8.776735832220e+01,1.329910752647e+01,6.373989690554e+03,3.023804928107e+02,1.122968401370e+01,2.343034464077e-02
6.631215742808e-04,8.776562287008e+01,1.330257292615e+01,6.376373551567e+03,3.023804900973e+02,1.122968382540e+01,2.342768766869e-02
6.658127337210e-04,8.776388041452e+01,1.330605172594e+01,6.378767178640e+03,3.023804873721e+02,1.122968363643e+01,2.342502040718e-02
6.685035019772e-04,8.776213095721e+01,1.330954391546e+01,6.381170571225e+03,3.023804846350e+02,1.122968344679e+01,2.342234286382e-02
6.711938775251e-04,8.776037449988e+01,1.331304948431e+01,6.383583728775e+03,3.023804818861e+02,1.122968325646e+01,2.341965504619e-02
6.738838588414e-04,8.775861104423e+01,1.331656842202e+01,6.386006650743e+03,3.023804791253e+02,1.122968306547e+01,2.341695696191e-02
6.765734444038e-04,8.775684059199e+01,1.332010071812e+01,6.388439336580e+03,3.023804763527e+02,1.122968287379e+01,2.341424861859e-02
6.792626326909e-04,8.775506314488e+01,1.332364636207e+01,6.390881785736e+03,3.023804735682e+02,1.122968268145e+01,2.341153002390e-02
6.819514221821e-04,8.775327870464e+01,1.332720534332e+01,6.393333997662e+03,3.023804707717e+02,1.122968248844e+01,2.340880118549e-02
6.846398113579e-04,8.775148727302e+01,1.333077765126e+01,6.395795971806e+03,3.023804679634e+02,1.122968229475e+01,2.340606211104e-02
6.873277986997e-04,8.774968885175e+01,1.333436327527e+01,6.398267707619e+03,3.023804651432e+02,1.122968210040e+01,2.340331280827e-02
6.900153826898e-04,8.774788344261e+01,1.333796220466e+01,6.400749204547e+03,3.023804623111e+02,1.122968190538e+01,2.340055328490e-02
6.927025618115e-04,8.774607104734e+01,1.334157442873e+01,6.403240462039e+03,3.023804594671e+02,1.122968170969e+01,2.339778354866e-02
6.953893345488e-04,8.774425166773e+01,1.334519993674e+01,6.405741479542e+03,3.023804566111e+02,1.122968151334e+01,2.339500360731e-02
6.980756993872e-04,8.774242530554e+01,1.334883871789e+01,6.408252256502e+03,3.023804537432e+02,1.122968131633e+01,2.339221346864e-02
7.007616548125e-04,8.774059196256e+01,1.335249076138e+01,6.410772792365e+03,3.023804508633e+02,1.122968111865e+01,2.338941314042e-02
7.034471993119e-04,8.773875164059e+01,1.335615605635e+01,6.413303086576e+03,3.023804479715e+02,1.122968092031e+01,2.338660263049e-02
7.061323313734e-04,8.773690434142e+01,1.335983459191e+01,6.415843138581e+03,3.023804450677e+02,1.122968072131e+01,2.338378194667e-02
7.088170494859e-04,8.773505006685e+01,1.336352635712e+01,6.418392947824e+03,3.023804421520e+02,1.122968052165e+01,2.338095109680e-02
7.115013521395e-04,8.773318881870e+01,1.336723134103e+01,6.420952513749e+03,3.023804392242e+02,1.122968032133e+01,2.337811008875e-02
7.141852378251e-04,8.773132059877e+01,1.337094953264e+01,6.423521835800e+03,3.023804362845e+02,1.122968012036e+01,2.337525893042e-02
7.168687050345e-04,8.772944540891e+01,1.337468092090e+01,6.426100913420e+03,3.023804333328e+02,1.122967991873e+01,2.337239762968e-02
7.195517522606e-04,8.772756325094e+01,1.337842549476e+01,6.428689746051e+03,3.023804303691e+02,1.122967971645e+01,2.336952619448e-02
7.222343779972e-04,8.772567412669e+01,1.338218324309e+01,6.431288333136e+03,3.023804273933e+02,1.122967951352e+01,2.336664463274e-02
7.249165807392e-04,8.772377803802e+01,1.338595415476e+01,6.433896674118e+03,3.023804244056e+02,1.122967930993e+01,2.336375295241e-02
7.275983589824e-04,8.772187498677e+01,1.338973821859e+01,6.436514768437e+03,3.023804214058e+02,1.122967910569e+01,2.336085116146e-02
7.302797112236e-04,8.771996497480e+01,1.339353542335e+01,6.439142615534e+03,3.023804183939e+02,1.122967890081e+01,2.335793926788e-02
7.329606359605e-04,8.771804800399e+01,1.339734575781e+01,6.441780214852e+03,3.023804153700e+02,1.122967869528e+01,2.335501727967e-02
7.356411316920e-04,8.771612407620e+01,1.340116921067e+01,6.444427565831e+03,3.023804123341e+02,1.122967848910e+01,2.335208520486e-02
7.383211969179e-04,8.771419319331e+01,1.340500577061e+01,6.447084667911e+03,3.023804092860e+02,1.122967828227e+01,2.334914305148e-02
7.410008301388e-04,8.771225535721e+01,1.340885542628e+01,6.449751520531e+03,3.023804062259e+02,1.122967807481e+01,2.334619082757e-02
7.436800298567e-04,8.771031056980e+01,1.341271816628e+01,6.452428123133e+03,3.023804031538e+02,1.122967786670e+01,2.334322854122e-02
7.463587945742e-04,8.770835883296e+01,1.341659397918e+01,6.455114475156e+03,3.023804000695e+02,1.122967765795e+01,2.334025620050e-02
7.490371227952e-04,8.770640014862e+01,1.342048285351e+01,6.457810576039e+03,3.023803969731e+02,1.122967744855e+01,2.333727381351e-02
7.517150130246e-04,8.770443451867e+01,1.342438477779e+01,6.460516425222e+03,3.023803938646e+02,1.122967723852e+01,2.333428138838e-02
7.543924637681e-04,8.770246194505e+01,1.342829974048e+01,6.463232022143e+03,3.023803907439e+02,1.122967702786e+01,2.333127893323e-02
7.570694735326e-04,8.770048242968e+01,1.343222773000e+01,6.465957366242e+03,3.023803876112e+02,1.122967681655e+01,2.332826645622e-02
7.597460408259e-04,8.769849597450e+01,1.343616873476e+01,6.468692456957e+03,3.023803844663e+02,1.122967660462e+01,2.332524396551e-02
7.624221641570e-04,8.769650258143e+01,1.344012274311e+01,6.471437293728e+03,3.023803813092e+02,1.122967639204e+01,2.332221146928e-02
7.650978420358e-04,8.769450225245e+01,1.344408974339e+01,6.474191875991e+03,3.023803781400e+02,1.122967617884e+01,2.331916897572e-02
7.677730729732e-04,8.769249498949e+01,1.344806972387e+01,6.476956203187e+03,3.023803749586e+02,1.122967596501e+01,2.331611649305e-02
7.704478554813e-04,8.769048079452e+01,1.345206267283e+01,6.479730274754e+03,3.023803717650e+02,1.122967575054e+01,2.331305402949e-02
7.731221880730e-04,8.768845966950e+01,1.345606857848e+01,6.482514090129e+03,3.023803685593e+02,1.122967553545e+01,2.330998159328e-02
7.757960692625e-04,8.768643161642e+01,1.346008742901e+01,6.485307648752e+03,3.023803653413e+02,1.122967531973e+01,2.330689919269e-02
7.784694975649e-04,8.768439663725e+01,1.346411921258e+01,6.488110950060e+03,3.023803621111e+02,1.122967510339e+01,2.330380683597e-02
7.811424714963e-04,8.768235473398e+01,1.346816391729e+01,6.490923993492e+03,3.023803588687e+02,1.122967488642e+01,2.330070453142e-02
7.838149895739e-04,8.768030590861e+01,1.347222153125e+01,6.493746778486e+03,3.023803556141e+02,1.122967466883e+01,2.329759228733e-02
7.864870503161e-04,8.767825016314e+01,1.347629204249e+01,6.496579304481e+03,3.023803523473e+02,1.122967445062e+01,2.329447011203e-02
7.891586522421e-04,8.767618749958e+01,1.348037543904e+01,6.499421570915e+03,3.023803490682e+02,1.122967423179e+01,2.329133801383e-02
7.918297938724e-04,8.767411791994e+01,1.348447170887e+01,6.502273577226e+03,3.023803457768e+02,1.122967401234e+01,2.328819600109e-02
7.945004737283e-04,8.767204142624e+01,1.348858083994e+01,6.505135322854e+03,3.023803424732e+02,1.122967379227e+01,2.328504408217e-02
7.971706903325e-04,8.766995802053e+01,1.349270282015e+01,6.508006807237e+03,3.023803391573e+02,1.122967357159e+01,2.328188226543e-02
7.998404422084e-04,8.766786770482e+01,1.349683763740e+01,6.510888029814e+03,3.023803358291e+02,1.122967335029e+01,2.327871055927e-02
8.025097278808e-04,8.766577048117e+01,1.350098527952e+01,6.513778990023e+03,3.023803324886e+02,1.122967312838e+01,2.327552897207e-02
8.051785458753e-04,8.766366635162e+01,1.350514573432e+01,6.516679687305e+03,3.023803291359e+02,1.122967290585e+01,2.327233751227e-02
8.078468947189e-04,8.766155531823e+01,1.350931898960e+01,6.519590121099e+03,3.023803257708e+02,1.122967268272e+01,2.326913618828e-02
8.105147729393e-04,8.765943738306e+01,1.351350503308e+01,6.522510290843e+03,3.023803223933e+02,1.122967245898e+01,2.326592500855e-02
8.131821790655e-04,8.765731254818e+01,1.351770385249e+01,6.525440195979e+03,3.023803190036e+02,1.122967223463e+01,2.326270398153e-02
8.158491116277e-04,8.765518081567e+01,1.352191543550e+01,6.528379835946e+03,3.023803156015e+02,1.122967200967e+01,2.325947311569e-02
8.185155691570e-04,8.765304218762e+01,1.352613976976e+01,6.531329210185e+03,3.023803121870e+02,1.122967178411e+01,2.325623241952e-02
8.211815501856e-04,8.765089666611e+01,1.353037684288e+01,6.534288318135e+03,3.023803087602e+02,1.122967155795e+01,2.325298190150e-02
8.238470532469e-04,8.764874425323e+01,1.353462664244e+01,6.537257159239e+03,3.023803053210e+02,1.122967133118e+01,2.324972157016e-02
8.265120768752e-04,8.764658495110e+01,1.353888915598e+01,6.540235732938e+03,3.023803018694e+02,1.122967110381e+01,2.324645143400e-02
8.291766196063e-04,8.764441876182e+01,1.354316437102e+01,6.543224038672e+03,3.023802984055e+02,1.122967087585e+01,2.324317150156e-02
8.318406799766e-04,8.764224568750e+01,1.354745227503e+01,6.546222075885e+03,3.023802949291e+02,1.122967064728e+01,2.323988178140e-02
8.345042565240e-04,8.764006573028e+01,1.355175285546e+01,6.549229844018e+03,3.023802914403e+02,1.122967041812e+01,2.323658228207e-02
8.371673477874e-04,8.763787889229e+01,1.355606609973e+01,6.552247342514e+03,3.023802879391e+02,1.122967018837e+01,2.323327301214e-02
8.398299523067e-04,8.763568517565e+01,1.356039199522e+01,6.555274570817e+03,3.023802844254e+02,1.122966995802e+01,2.322995398020e-02
8.424920686231e-04,8.763348458252e+01,1.356473052927e+01,6.558311528370e+03,3.023802808993e+02,1.122966972708e+01,2.322662519485e-02
8.451536952787e-04,8.763127711504e+01,1.356908168920e+01,6.561358214618e+03,3.023802773608e+02,1.122966949555e+01,2.322328666469e-02
8.478148308170e-04,8.762906277537e+01,1.357344546229e+01,6.564414629004e+03,3.023802738097e+02,1.122966926342e+01,2.321993839835e-02
8.504754737824e-04,8.762684156568e+01,1.357782183580e+01,6.567480770974e+03,3.023802702463e+02,1.122966903072e+01,2.321658040446e-02
8.531356227204e-04,8.762461348813e+01,1.358221079694e+01,6.570556639974e+03,3.023802666703e+02,1.122966879742e+01,2.321321269167e-02
8.557952761780e-04,8.762237854491e+01,1.358661233290e+01,6.573642235450e+03,3.023802630818e+02,1.122966856354e+01,2.320983526864e-02
8.584544327028e-04,8.762013673819e+01,1.359102643083e+01,6.576737556848e+03,3.023802594808e+02,1.122966832908e+01,2.320644814404e-02
8.611130908440e-04,8.761788807017e+01,1.359545307785e+01,6.579842603617e+03,3.023802558673e+02,1.122966809404e+01,2.320305132654e-02
8.637712491517e-04,8.761563254305e+01,1.359989226105e+01,6.582957375202e+03,3.023802522413e+02,1.122966785841e+01,2.319964482485e-02
8.664289061771e-04,8.761337015903e+01,1.360434396750e+01,6.586081871055e+03,3.023802486027e+02,1.122966762221e+01,2.319622864766e-02
8.690860604729e-04,8.761110092032e+01,1.360880818421e+01,6.589216090623e+03,3.023802449516e+02,1.122966738543e+01,2.319280280370e-02
8.717427105924e-04,8.760882482913e+01,1.361328489818e+01,6.592360033356e+03,3.023802412879e+02,1.122966714807e+01,2.318936730169e-02
8.743988550906e-04,8.760654188770e+01,1.361777409638e+01,6.595513698705e+03,3.023802376116e+02,1.122966691014e+01,2.318592215036e-02
8.770544925232e-04,8.760425209824e+01,1.362227576572e+01,6.598677086121e+03,3.023802339228e+02,1.122966667163e+01,2.318246735848e-02
8.797096214475e-04,8.760195546301e+01,1.362678989312e+01,6.601850195056e+03,3.023802302214e+02,1.122966643256e+01,2.317900293480e-02
8.823642404215e-04,8.759965198424e+01,1.363131646544e+01,6.605033024963e+03,3.023802265073e+02,1.122966619291e+01,2.317552888808e-02
8.850183480048e-04,8.759734166419e+01,1.363585546951e+01,6.608225575295e+03,3.023802227807e+02,1.122966595270e+01,2.317204522713e-02
8.876719427578e-04,8.759502450511e+01,1.364040689214e+01,6.611427845507e+03,3.023802190414e+02,1.122966571191e+01,2.316855196072e-02
8.903250232422e-04,8.759270050926e+01,1.364497072010e+01,6.614639835053e+03,3.023802152895e+02,1.122966547057e+01,2.316504909767e-02
8.929775880212e-04,8.759036967893e+01,1.364954694014e+01,6.617861543390e+03,3.023802115250e+02,1.122966522865e+01,2.316153664678e-02
8.956296356585e-04,8.758803201637e+01,1.365413553896e+01,6.621092969973e+03,3.023802077478e+02,1.122966498618e+01,2.315801461689e-02
8.982811647197e-04,8.758568752388e+01,1.365873650325e+01,6.624334114262e+03,3.023802039579e+02,1.122966474315e+01,2.315448301682e-02
9.009321737711e-04,8.758333620376e+01,1.366334981965e+01,6.627584975714e+03,3.023802001554e+02,1.122966449955e+01,2.315094185542e-02
9.035826613802e-04,8.758097805828e+01,1.366797547478e+01,6.630845553789e+03,3.023801963402e+02,1.122966425540e+01,2.314739114156e-02
9.062326261161e-04,8.757861308977e+01,1.367261345524e+01,6.634115847946e+03,3.023801925122e+02,1.122966401069e+01,2.314383088409e-02
9.088820665486e-04,8.757624130053e+01,1.367726374757e+01,6.637395857648e+03,3.023801886716e+02,1.122966376543e+01,2.314026109189e-02
9.115309812490e-04,8.757386269287e+01,1.368192633830e+01,6.640685582357e+03,3.023801848182e+02,1.122966351961e+01,2.313668177385e-02
9.141793687897e-04,8.757147726913e+01,1.368660121393e+01,6.643985021535e+03,3.023801809521e+02,1.122966327324e+01,2.313309293886e-02
9.168272277443e-04,8.756908503162e+01,1.369128836093e+01,6.647294174648e+03,3.023801770733e+02,1.122966302632e+01,2.312949459582e-02
9.194745566876e-04,8.756668598270e+01,1.369598776572e+01,6.650613041160e+03,3.023801731817e+02,1.122966277885e+01,2.312588675366e-02
9.221213541955e-04,8.756428012469e+01,1.370069941471e+01,6.653941620538e+03,3.023801692773e+02,1.122966253084e+01,2.312226942130e-02
9.247676188454e-04,8.756186745996e+01,1.370542329429e+01,6.657279912249e+03,3.023801653602e+02,1.122966228227e+01,2.311864260766e-02
9.274133492157e-04,8.755944799086e+01,1.371015939078e+01,6.660627915763e+03,3.023801614302e+02,1.122966203317e+01,2.311500632170e-02
9.300585438860e-04,8.755702171974e+01,1.371490769050e+01,6.663985630547e+03,3.023801574875e+02,1.122966178352e+01,2.311136057236e-02
9.327032014372e-04,8.755458864899e+01,1.371966817975e+01,6.667353056075e+03,3.023801535320e+02,1.122966153333e+01,2.310770536860e-02
9.353473204513e-04,8.755214878098e+01,1.372444084477e+01,6.670730191817e+03,3.023801495636e+02,1.122966128260e+01,2.310404071940e-02
9.379908995116e-04,8.754970211808e+01,1.372922567178e+01,6.674117037246e+03,3.023801455824e+02,1.122966103134e+01,2.310036663374e-02
9.406339372028e-04,8.754724866270e+01,1.373402264699e+01,6.677513591838e+03,3.023801415883e+02,1.122966077954e+01,2.309668312060e-02
9.432764321105e-04,8.754478841722e+01,1.373883175655e+01,6.680919855067e+03,3.023801375814e+02,1.122966052720e+01,2.309299018898e-02
9.459183828218e-04,8.754232138405e+01,1.374365298661e+01,6.684335826411e+03,3.023801335617e+02,1.122966027433e+01,2.308928784788e-02
9.485597879248e-04,8.753984756560e+01,1.374848632327e+01,6.687761505348e+03,3.023801295290e+02,1.122966002093e+01,2.308557610632e-02
9.512006460091e-04,8.753736696429e+01,1.375333175260e+01,6.691196891357e+03,3.023801254835e+02,1.122965976699e+01,2.308185497332e-02
9.538409556653e-04,8.753487958253e+01,1.375818926065e+01,6.694641983920e+03,3.023801214251e+02,1.122965951253e+01,2.307812445792e-02
9.564807154854e-04,8.753238542275e+01,1.376305883344e+01,6.698096782518e+03,3.023801173537e+02,1.122965925755e+01,2.307438456914e-02
9.591199240625e-04,8.752988448740e+01,1.376794045697e+01,6.701561286635e+03,3.023801132694e+02,1.122965900204e+01,2.307063531604e-02
9.617585799912e-04,8.752737677890e+01,1.377283411718e+01,6.705035495756e+03,3.023801091722e+02,1.122965874600e+01,2.306687670768e-02
9.643966818670e-04,8.752486229972e+01,1.377773980001e+01,6.708519409367e+03,3.023801050621e+02,1.122965848944e+01,2.306310875311e-02
9.670342282869e-04,8.752234105230e+01,1.378265749137e+01,6.712013026956e+03,3.023801009389e+02,1.122965823236e+01,2.305933146140e-02
9.696712178492e-04,8.751981303911e+01,1.378758717713e+01,6.715516348012e+03,3.023800968028e+02,1.122965797477e+01,2.305554484165e-02
9.723076491533e-04,8.751727826262e+01,1.379252884312e+01,6.719029372026e+03,3.023800926538e+02,1.122965771665e+01,2.305174890293e-02
9.749435207998e-04,8.751473672529e+01,1.379748247518e+01,6.722552098491e+03,3.023800884917e+02,1.122965745802e+01,2.304794365433e-02
9.775788313908e-04,8.751218842962e+01,1.380244805908e+01,6.726084526899e+03,3.023800843166e+02,1.122965719888e+01,2.304412910497e-02
9.802135795295e-04,8.750963337808e+01,1.380742558058e+01,6.729626656747e+03,3.023800801285e+02,1.122965693922e+01,2.304030526394e-02
9.828477638205e-04,8.750707157318e+01,1.381241502542e+01,6.733178487531e+03,3.023800759274e+02,1.122965667906e+01,2.303647214037e-02
9.854813828695e-04,8.750450301740e+01,1.381741637930e+01,6.736740018749e+03,3.023800717132e+02,1.122965641838e+01,2.303262974337e-02
9.881144352836e-04,8.750192771327e+01,1.382242962788e+01,6.740311249903e+03,3.023800674860e+02,1.122965615720e+01,2.302877808209e-02
9.907469196712e-04,8.749934566329e+01,1.382745475683e+01,6.743892180493e+03,3.023800632457e+02,1.122965589551e+01,2.302491716566e-02
9.933788346417e-04,8.749675686998e+01,1.383249175176e+01,6.747482810023e+03,3.023800589924e+02,1.122965563332e+01,2.302104700322e-02
9.960101788063e-04,8.749416133587e+01,1.383754059825e+01,6.751083137998e+03,3.023800547259e+02,1.122965537062e+01,2.301716760393e-02
9.986409507769e-04,8.749155906349e+01,1.384260128187e+01,6.754693163925e+03,3.023800504463e+02,1.122965510743e+01,2.301327897695e-02
1.001271149167e-03,8.748895005538e+01,1.384767378816e+01,6.758312887312e+03,3.023800461537e+02,1.122965484373e+01,2.300938113144e-02
1.003900772592e-03,8.748633431408e+01,1.385275810262e+01,6.761942307671e+03,3.023800418479e+02,1.122965457954e+01,2.300547407657e-02
1.006529819667e-03,8.748371184216e+01,1.385785421073e+01,6.765581424512e+03,3.023800375289e+02,1.122965431485e+01,2.300155782153e-02
1.009158289010e-03,8.748108264216e+01,1.386296209795e+01,6.769230237350e+03,3.023800331969e+02,1.122965404967e+01,2.299763237549e-02
1.011786179240e-03,8.747844671665e+01,1.386808174969e+01,6.772888745701e+03,3.023800288516e+02,1.122965378399e+01,2.299369774766e-02
1.014413488976e-03,8.747580406821e+01,1.387321315137e+01,6.776556949082e+03,3.023800244932e+02,1.122965351783e+01,2.298975394723e-02
1.017040216840e-03,8.747315469940e+01,1.387835628833e+01,6.780234847014e+03,3.023800201216e+02,1.122965325117e+01,2.298580098341e-02
1.019666361454e-03,8.747049861282e+01,1.388351114594e+01,6.783922439016e+03,3.023800157368e+02,1.122965298403e+01,2.298183886540e-02
1.022291921442e-03,8.746783581106e+01,1.388867770950e+01,6.787619724612e+03,3.023800113388e+02,1.122965271640e+01,2.297786760243e-02
1.024916895430e-03,8.746516629671e+01,1.389385596431e+01,6.791326703329e+03,3.023800069275e+02,1.122965244829e+01,2.297388720371e-02
1.027541282043e-03,8.746249007237e+01,1.389904589563e+01,6.795043374692e+03,3.023800025031e+02,1.122965217969e+01,2.296989767848e-02
1.030165079911e-03,8.745980714066e+01,1.390424748868e+01,6.798769738232e+03,3.023799980653e+02,1.122965191062e+01,2.296589903597e-02
1.032788287661e-03,8.745711750419e+01,1.390946072869e+01,6.802505793480e+03,3.023799936144e+02,1.122965164106e+01,2.296189128542e-02
1.035410903924e-03,8.745442116558e+01,1.391468560084e+01,6.806251539968e+03,3.023799891501e+02,1.122965137103e+01,2.295787443607e-02
1.038032927333e-03,8.745171812747e+01,1.391992209027e+01,6.810006977233e+03,3.023799846726e+02,1.122965110052e+01,2.295384849719e-02
1.040654356520e-03,8.744900839249e+01,1.392517018212e+01,6.813772104812e+03,3.023799801817e+02,1.122965082954e+01,2.294981347803e-02
1.043275190120e-03,8.744629196328e+01,1.393042986150e+01,6.817546922244e+03,3.023799756776e+02,1.122965055809e+01,2.294576938784e-02
1.045895426769e-03,8.744356884248e+01,1.393570111347e+01,6.821331429072e+03,3.023799711601e+02,1.122965028616e+01,2.294171623590e-02
1.048515065103e-03,8.744083903276e+01,1.394098392310e+01,6.825125624839e+03,3.023799666293e+02,1.122965001377e+01,2.293765403148e-02
1.051134103761e-03,8.743810253676e+01,1.394627827539e+01,6.828929509091e+03,3.023799620852e+02,1.122964974091e+01,2.293358278387e-02
1.053752541383e-03,8.743535935717e+01,1.395158415537e+01,6.832743081378e+03,3.023799575277e+02,1.122964946758e+01,2.292950250233e-02
1.056370376610e-03,8.743260949666e+01,1.395690154798e+01,6.836566341249e+03,3.023799529568e+02,1.122964919379e+01,2.292541319617e-02
1.058987608085e-03,8.742985295789e+01,1.396223043819e+01,6.840399288257e+03,3.023799483725e+02,1.122964891954e+01,2.292131487468e-02
1.061604234452e-03,8.742708974357e+01,1.396757081092e+01,6.844241921958e+03,3.023799437748e+02,1.122964864483e+01,2.291720754714e-02
1.064220254355e-03,8.742431985637e+01,1.397292265105e+01,6.848094241909e+03,3.023799391638e+02,1.122964836966e+01,2.291309122288e-02
1.066835666441e-03,8.742154329901e+01,1.397828594347e+01,6.851956247670e+03,3.023799345393e+02,1.122964809403e+01,2.290896591120e-02
1.069450469358e-03,8.741876007417e+01,1.398366067301e+01,6.855827938803e+03,3.023799299013e+02,1.122964781795e+01,2.290483162140e-02
1.072064661756e-03,8.741597018459e+01,1.398904682449e+01,6.859709314874e+03,3.023799252500e+02,1.122964754141e+01,2.290068836280e-02
1.074678242285e-03,8.741317363297e+01,1.399444438271e+01,6.863600375448e+03,3.023799205851e+02,1.122964726443e+01,2.289653614474e-02
1.077291209597e-03,8.741037042203e+01,1.399985333244e+01,6.867501120096e+03,3.023799159068e+02,1.122964698699e+01,2.289237497653e-02
1.079903562345e-03,8.740756055451e+01,1.400527365843e+01,6.871411548389e+03,3.023799112150e+02,1.122964670911e+01,2.288820486750e-02
1.082515299184e-03,8.740474403315e+01,1.401070534538e+01,6.875331659903e+03,3.023799065097e+02,1.122964643077e+01,2.288402582700e-02
1.085126418770e-03,8.740192086068e+01,1.401614837800e+01,6.879261454213e+03,3.023799017909e+02,1.122964615200e+01,2.287983786435e-02
1.087736919762e-03,8.739909103985e+01,1.402160274096e+01,6.883200930900e+03,3.023798970585e+02,1.122964587278e+01,2.287564098890e-02
1.090346800816e-03,8.739625457343e+01,1.402706841889e+01,6.887150089546e+03,3.023798923127e+02,1.122964559312e+01,2.287143521000e-02
1.092956060595e-03,8.739341146416e+01,1.403254539642e+01,6.891108929736e+03,3.023798875532e+02,1.122964531302e+01,2.286722053699e-02
1.095564697758e-03,8.739056171483e+01,1.403803365816e+01,6.895077451056e+03,3.023798827802e+02,1.122964503248e+01,2.286299697924e-02
1.098172710971e-03,8.738770532819e+01,1.404353318865e+01,6.899055653098e+03,3.023798779937e+02,1.122964475151e+01,2.285876454611e-02
1.100780098895e-03,8.738484230704e+01,1.404904397247e+01,6.903043535453e+03,3.023798731935e+02,1.122964447011e+01,2.285452324694e-02
1.103386860199e-03,8.738197265416e+01,1.405456599411e+01,6.907041097717e+03,3.023798683797e+02,1.122964418827e+01,2.285027309112e-02
1.105992993548e-03,8.737909637233e+01,1.406009923810e+01,6.911048339488e+03,3.023798635523e+02,1.122964390600e+01,2.284601408801e-02
1.108598497611e-03,8.737621346437e+01,1.406564368889e+01,6.915065260368e+03,3.023798587113e+02,1.122964362330e+01,2.284174624698e-02
1.111203371059e-03,8.737332393307e+01,1.407119933095e+01,6.919091859960e+03,3.023798538567e+02,1.122964334018e+01,2.283746957741e-02
1.113807612562e-03,8.737042778124e+01,1.407676614869e+01,6.923128137870e+03,3.023798489883e+02,1.122964305663e+01,2.283318408868e-02
1.116411220793e-03,8.736752501171e+01,1.408234412653e+01,6.927174093707e+03,3.023798441063e+02,1.122964277266e+01,2.282888979017e-02
1.119014194427e-03,8.736461562729e+01,1.408793324884e+01,6.931229727085e+03,3.023798392107e+02,1.122964248826e+01,2.282458669127e-02
1.121616532138e-03,8.736169963081e+01,1.409353349997e+01,6.935295037618e+03,3.023798343013e+02,1.122964220345e+01,2.282027480136e-02
1.124218232605e-03,8.735877702512e+01,1.409914486426e+01,6.939370024924e+03,3.023798293782e+02,1.122964191822e+01,2.281595412985e-02
1.126819294505e-03,8.735584781305e+01,1.410476732602e+01,6.943454688624e+03,3.023798244414e+02,1.122964163257e+01,2.281162468612e-02
1.129419716518e-03,8.735291199745e+01,1.411040086953e+01,6.947549028342e+03,3.023798194909e+02,1.122964134651e+01,2.280728647958e-02
1.132019497325e-03,8.734996958117e+01,1.411604547906e+01,6.951653043705e+03,3.023798145266e+02,1.122964106004e+01,2.280293951962e-02
1.134618635610e-03,8.734702056708e+01,1.412170113884e+01,6.955766734343e+03,3.023798095486e+02,1.122964077315e+01,2.279858381565e-02
1.137217130055e-03,8.734406495803e+01,1.412736783310e+01,6.959890099889e+03,3.023798045567e+02,1.122964048586e+01,2.279421937708e-02
1.139814979347e-03,8.734110275691e+01,1.413304554603e+01,6.964023139979e+03,3.023797995511e+02,1.122964019816e+01,2.278984621331e-02
1.142412182172e-03,8.733813396660e+01,1.413873426178e+01,6.968165854252e+03,3.023797945317e+02,1.122963991005e+01,2.278546433376e-02
1.145008737218e-03,8.733515858996e+01,1.414443396453e+01,6.972318242351e+03,3.023797894985e+02,1.122963962154e+01,2.278107374784e-02
1.147604643177e-03,8.733217662991e+01,1.415014463838e+01,6.976480303921e+03,3.023797844514e+02,1.122963933263e+01,2.277667446497e-02
1.150199898737e-03,8.732918808933e+01,1.415586626745e+01,6.980652038610e+03,3.023797793905e+02,1.122963904332e+01,2.277226649456e-02
1.152794502593e-03,8.732619297113e+01,1.416159883581e+01,6.984833446071e+03,3.023797743157e+02,1.122963875362e+01,2.276784984605e-02
1.155388453438e-03,8.732319127821e+01,1.416734232753e+01,6.989024525959e+03,3.023797692271e+02,1.122963846351e+01,2.276342452885e-02
1.157981749968e-03,8.732018301349e+01,1.417309672663e+01,6.993225277931e+03,3.023797641245e+02,1.122963817301e+01,2.275899055239e-02
1.160574390880e-03,8.731716817989e+01,1.417886201713e+01,6.997435701650e+03,3.023797590081e+02,1.122963788212e+01,2.275454792610e-02
1.163166374871e-03,8.731414678035e+01,1.418463818303e+01,7.001655796781e+03,3.023797538778e+02,1.122963759084e+01,2.275009665940e-02
1.165757700643e-03,8.731111881778e+01,1.419042520829e+01,7.005885562992e+03,3.023797487335e+02,1.122963729917e+01,2.274563676174e-02
1.168348366895e-03,8.730808429514e+01,1.419622307685e+01,7.010124999955e+03,3.023797435753e+02,1.122963700712e+01,2.274116824253e-02
1.170938372332e-03,8.730504321536e+01,1.420203177266e+01,7.014374107344e+03,3.023797384031e+02,1.122963671468e+01,2.273669111123e-02
1.173527715656e-03,8.730199558141e+01,1.420785127961e+01,7.018632884839e+03,3.023797332170e+02,1.122963642185e+01,2.273220537726e-02
1.176116395574e-03,8.729894139622e+01,1.421368158158e+01,7.022901332121e+03,3.023797280169e+02,1.122963612865e+01,2.272771105007e-02
1.178704410792e-03,8.729588066278e+01,1.421952266244e+01,7.027179448876e+03,3.023797228028e+02,1.122963583506e+01,2.272320813910e-02
1.181291760020e-03,8.729281338404e+01,1.422537450602e+01,7.031467234793e+03,3.023797175747e+02,1.122963554110e+01,2.271869665379e-02
1.183878441967e-03,8.728973956299e+01,1.423123709615e+01,7.035764689565e+03,3.023797123325e+02,1.122963524676e+01,2.271417660358e-02
1.186464455345e-03,8.728665920260e+01,1.423711041662e+01,7.040071812886e+03,3.023797070764e+02,1.122963495205e+01,2.270964799792e-02
1.189049798866e-03,8.728357230587e+01,1.424299445121e+01,7.044388604458e+03,3.023797018061e+02,1.122963465697e+01,2.270511084625e-02
1.191634471246e-03,8.728047887577e+01,1.424888918367e+01,7.048715063984e+03,3.023796965218e+02,1.122963436152e+01,2.270056515803e-02
1.194218471199e-03,8.727737891533e+01,1.425479459774e+01,7.053051191170e+03,3.023796912235e+02,1.122963406570e+01,2.269601094271e-02
1.196801797443e-03,8.727427242753e+01,1.426071067713e+01,7.057396985727e+03,3.023796859110e+02,1.122963376951e+01,2.269144820973e-02
1.199384448698e-03,8.727115941539e+01,1.426663740554e+01,7.061752447370e+03,3.023796805844e+02,1.122963347296e+01,2.268687696855e-02
1.201966423682e-03,8.726803988193e+01,1.427257476664e+01,7.066117575816e+03,3.023796752437e+02,1.122963317604e+01,2.268229722861e-02
1.204547721119e-03,8.726491383017e+01,1.427852274408e+01,7.070492370788e+03,3.023796698889e+02,1.122963287877e+01,2.267770899938e-02
1.207128339731e-03,8.726178126314e+01,1.428448132148e+01,7.074876832011e+03,3.023796645199e+02,1.122963258113e+01,2.267311229031e-02
1.209708278244e-03,8.725864218387e+01,1.429045048247e+01,7.079270959215e+03,3.023796591368e+02,1.122963228314e+01,2.266850711085e-02
1.212287535382e-03,8.725549659541e+01,1.429643021064e+01,7.083674752133e+03,3.023796537394e+02,1.122963198480e+01,2.266389347047e-02
1.214866109875e-03,8.725234450080e+01,1.430242048954e+01,7.088088210501e+03,3.023796483279e+02,1.122963168610e+01,2.265927137861e-02
1.217444000450e-03,8.724918590309e+01,1.430842130275e+01,7.092511334063e+03,3.023796429022e+02,1.122963138705e+01,2.265464084474e-02
1.220021205840e-03,8.724602080534e+01,1.431443263378e+01,7.096944122561e+03,3.023796374622e+02,1.122963108765e+01,2.265000187832e-02
1.222597724776e-03,8.724284921062e+01,1.432045446614e+01,7.101386575745e+03,3.023796320080e+02,1.122963078791e+01,2.264535448880e-02
1.225173555991e-03,8.723967112200e+01,1.432648678334e+01,7.105838693369e+03,3.023796265396e+02,1.122963048782e+01,2.264069868565e-02
1.227748698222e-03,8.723648654255e+01,1.433252956883e+01,7.110300475190e+03,3.023796210569e+02,1.122963018738e+01,2.263603447833e-02
1.230323150204e-03,8.723329547535e+01,1.433858280608e+01,7.114771920967e+03,3.023796155599e+02,1.122962988660e+01,2.263136187629e-02
1.232896910676e-03,8.723009792349e+01,1.434464647851e+01,7.119253030467e+03,3.023796100487e+02,1.122962958549e+01,2.262668088900e-02
1.235469978377e-03,8.722689389007e+01,1.435072056954e+01,7.123743803459e+03,3.023796045231e+02,1.122962928404e+01,2.262199152592e-02
1.238042352049e-03,8.722368337818e+01,1.435680506256e+01,7.128244239716e+03,3.023795989832e+02,1.122962898225e+01,2.261729379652e-02
1.240614030435e-03,8.722046639093e+01,1.436289994095e+01,7.132754339015e+03,3.023795934289e+02,1.122962868012e+01,2.261258771025e-02
1.243185012278e-03,8.721724293143e+01,1.436900518806e+01,7.137274101139e+03,3.023795878603e+02,1.122962837767e+01,2.260787327657e-02
1.245755296324e-03,8.721401300280e+01,1.437512078723e+01,7.141803525873e+03,3.023795822774e+02,1.122962807488e+01,2.260315050496e-02
1.248324881321e-03,8.721077660816e+01,1.438124672178e+01,7.146342613007e+03,3.023795766801e+02,1.122962777177e+01,2.259841940487e-02
1.250893766017e-03,8.720753375063e+01,1.438738297501e+01,7.150891362336e+03,3.023795710683e+02,1.122962746833e+01,2.259367998576e-02
1.253461949164e-03,8.720428443335e+01,1.439352953020e+01,7.155449773659e+03,3.023795654422e+02,1.122962716457e+01,2.258893225711e-02
1.256029429511e-03,8.720102865947e+01,1.439968637060e+01,7.160017846779e+03,3.023795598016e+02,1.122962686048e+01,2.258417622836e-02
1.258596205813e-03,8.719776643212e+01,1.440585347947e+01,7.164595581503e+03,3.023795541466e+02,1.122962655608e+01,2.257941190898e-02
1.261162276825e-03,8.719449775446e+01,1.441203084003e+01,7.169182977643e+03,3.023795484771e+02,1.122962625135e+01,2.257463930845e-02
1.263727641303e-03,8.719122262964e+01,1.441821843549e+01,7.173780035016e+03,3.023795427932e+02,1.122962594631e+01,2.256985843620e-02
1.266292298005e-03,8.718794106083e+01,1.442441624903e+01,7.178386753442e+03,3.023795370948e+02,1.122962564096e+01,2.256506930172e-02
1.268856245690e-03,8.718465305120e+01,1.443062426382e+01,7.183003132746e+03,3.023795313819e+02,1.122962533529e+01,2.256027191445e-02
1.271419483120e-03,8.718135860392e+01,1.443684246303e+01,7.187629172758e+03,3.023795256545e+02,1.122962502931e+01,2.255546628387e-02
1.273982009056e-03,8.717805772216e+01,1.444307082978e+01,7.192264873312e+03,3.023795199125e+02,1.122962472303e+01,2.255065241942e-02
1.276543822264e-03,8.717475040912e+01,1.444930934719e+01,7.196910234248e+03,3.023795141560e+02,1.122962441643e+01,2.254583033058e-02
1.279104921508e-03,8.717143666799e+01,1.445555799835e+01,7.201565255408e+03,3.023795083850e+02,1.122962410953e+01,2.254100002679e-02
1.281665305555e-03,8.716811650196e+01,1.446181676636e+01,7.206229936641e+03,3.023795025994e+02,1.122962380233e+01,2.253616151752e-02
1.284224973175e-03,8.716478991424e+01,1.446808563428e+01,7.210904277799e+03,3.023794967991e+02,1.122962349483e+01,2.253131481223e-02
1.286783923138e-03,8.716145690803e+01,1.447436458515e+01,7.215588278740e+03,3.023794909843e+02,1.122962318703e+01,2.252645992037e-02
1.289342154215e-03,8.715811748654e+01,1.448065360200e+01,7.220281939326e+03,3.023794851549e+02,1.122962287894e+01,2.252159685140e-02
1.291899665179e-03,8.715477165301e+01,1.448695266785e+01,7.224985259424e+03,3.023794793108e+02,1.122962257054e+01,2.251672561478e-02
1.294456454806e-03,8.715141941064e+01,1.449326176568e+01,7.229698238905e+03,3.023794734521e+02,1.122962226186e+01,2.251184621995e-02
1.297012521872e-03,8.714806076268e+01,1.449958087849e+01,7.234420877645e+03,3.023794675788e+02,1.122962195288e+01,2.250695867638e-02
1.299567865155e-03,8.714469571236e+01,1.450590998923e+01,7.239153175527e+03,3.023794616907e+02,1.122962164362e+01,2.250206299352e-02
1.302122483434e-03,8.714132426292e+01,1.451224908084e+01,7.243895132436e+03,3.023794557880e+02,1.122962133407e+01,2.249715918082e-02
1.304676375491e-03,8.713794641761e+01,1.451859813626e+01,7.248646748263e+03,3.023794498705e+02,1.122962102423e+01,2.249224724772e-02
1.307229540108e-03,8.713456217968e+01,1.452495713839e+01,7.253408022905e+03,3.023794439383e+02,1.122962071411e+01,2.248732720369e-02
1.309781976070e-03,8.713117155239e+01,1.453132607014e+01,7.258178956261e+03,3.023794379914e+02,1.122962040371e+01,2.248239905816e-02
1.312333682162e-03,8.712777453901e+01,1.453770491437e+01,7.262959548239e+03,3.023794320298e+02,1.122962009304e+01,2.247746282059e-02
1.314884657172e-03,8.712437114279e+01,1.454409365395e+01,7.267749798748e+03,3.023794260533e+02,1.122961978208e+01,2.247251850042e-02
1.317434899888e-03,8.712096136703e+01,1.455049227173e+01,7.272549707705e+03,3.023794200621e+02,1.122961947085e+01,2.246756610710e-02
1.319984409101e-03,8.711754521500e+01,1.455690075054e+01,7.277359275031e+03,3.023794140561e+02,1.122961915935e+01,2.246260565007e-02
1.322533183604e-03,8.711412268999e+01,1.456331907318e+01,7.282178500652e+03,3.023794080352e+02,1.122961884757e+01,2.245763713877e-02
1.325081222189e-03,8.711069379528e+01,1.456974722247e+01,7.287007384499e+03,3.023794019996e+02,1.122961853553e+01,2.245266058265e-02
1.327628523652e-03,8.710725853418e+01,1.457618518118e+01,7.291845926509e+03,3.023793959491e+02,1.122961822322e+01,2.244767599114e-02
1.330175086790e-03,8.710381690999e+01,1.458263293208e+01,7.296694126622e+03,3.023793898837e+02,1.122961791064e+01,2.244268337368e-02
1.332720910401e-03,8.710036892602e+01,1.458909045792e+01,7.301551984787e+03,3.023793838035e+02,1.122961759780e+01,2.243768273971e-02
1.335265993286e-03,8.709691458558e+01,1.459555774143e+01,7.306419500955e+03,3.023793777083e+02,1.122961728470e+01,2.243267409866e-02
1.337810334245e-03,8.709345389199e+01,1.460203476533e+01,7.311296675083e+03,3.023793715983e+02,1.122961697135e+01,2.242765745997e-02
1.340353932082e-03,8.708998684857e+01,1.460852151234e+01,7.316183507134e+03,3.023793654733e+02,1.122961665773e+01,2.242263283307e-02
1.342896785601e-03,8.708651345866e+01,1.461501796514e+01,7.321079997077e+03,3.023793593334e+02,1.122961634386e+01,2.241760022738e-02
1.345438893610e-03,8.708303372559e+01,1.462152410640e+01,7.325986144883e+03,3.023793531786e+02,1.122961602974e+01,2.241255965234e-02
1.347980254915e-03,8.707954765270e+01,1.462803991878e+01,7.330901950534e+03,3.023793470087e+02,1.122961571537e+01,2.240751111738e-02
1.350520868327e-03,8.707605524334e+01,1.463456538494e+01,7.335827414011e+03,3.023793408239e+02,1.122961540074e+01,2.240245463191e-02
1.353060732656e-03,8.707255650086e+01,1.464110048749e+01,7.340762535306e+03,3.023793346241e+02,1.122961508588e+01,2.239739020536e-02
1.355599846715e-03,8.706905142862e+01,1.464764520905e+01,7.345707314413e+03,3.023793284093e+02,1.122961477076e+01,2.239231784714e-02
1.358138209318e-03,8.706554002998e+01,1.465419953223e+01,7.350661751333e+03,3.023793221794e+02,1.122961445541e+01,2.238723756669e-02
1.360675819282e-03,8.706202230831e+01,1.466076343960e+01,7.355625846072e+03,3.023793159345e+02,1.122961413981e+01,2.238214937342e-02
1.363212675424e-03,8.705849826698e+01,1.466733691375e+01,7.360599598642e+03,3.023793096746e+02,1.122961382397e+01,2.237705327674e-02
1.365748776562e-03,8.705496790938e+01,1.467391993723e+01,7.365583009061e+03,3.023793033995e+02,1.122961350790e+01,2.237194928606e-02
1.368284121518e-03,8.705143123887e+01,1.468051249258e+01,7.370576077352e+03,3.023792971094e+02,1.122961319159e+01,2.236683741080e-02
1.370818709114e-03,8.704788825886e+01,1.468711456233e+01,7.375578803543e+03,3.023792908041e+02,1.122961287506e+01,2.236171766036e-02
1.373352538174e-03,8.704433897275e+01,1.469372612899e+01,7.380591187669e+03,3.023792844838e+02,1.122961255829e+01,2.235659004415e-02
1.375885607523e-03,8.704078338392e+01,1.470034717508e+01,7.385613229770e+03,3.023792781482e+02,1.122961224129e+01,2.235145457157e-02
1.378417915988e-03,8.703722149578e+01,1.470697768306e+01,7.390644929893e+03,3.023792717976e+02,1.122961192406e+01,2.234631125204e-02
1.380949462399e-03,8.703365331175e+01,1.471361763543e+01,7.395686288088e+03,3.023792654317e+02,1.122961160662e+01,2.234116009493e-02
1.383480245585e-03,8.703007883525e+01,1.472026701463e+01,7.400737304414e+03,3.023792590507e+02,1.122961128894e+01,2.233600110967e-02
1.386010264380e-03,8.702649806968e+01,1.472692580311e+01,7.405797978934e+03,3.023792526544e+02,1.122961097105e+01,2.233083430563e-02
1.388539517615e-03,8.702291101849e+01,1.473359398332e+01,7.410868311718e+03,3.023792462430e+02,1.122961065294e+01,2.232565969221e-02
1.391068004126e-03,8.701931768510e+01,1.474027153766e+01,7.415948302840e+03,3.023792398163e+02,1.122961033462e+01,2.232047727881e-02
1.393595722752e-03,8.701571807295e+01,1.474695844854e+01,7.421037952382e+03,3.023792333743e+02,1.122961001608e+01,2.231528707481e-02
1.396122672328e-03,8.701211218547e+01,1.475365469836e+01,7.426137260432e+03,3.023792269171e+02,1.122960969733e+01,2.231008908959e-02
1.398648851697e-03,8.700850002613e+01,1.476036026950e+01,7.431246227081e+03,3.023792204446e+02,1.122960937837e+01,2.230488333254e-02
1.401174259700e-03,8.700488159837e+01,1.476707514432e+01,7.436364852431e+03,3.023792139568e+02,1.122960905920e+01,2.229966981304e-02
1.403698895179e-03,8.700125690565e+01,1.477379930518e+01,7.441493136586e+03,3.023792074537e+02,1.122960873982e+01,2.229444854047e-02
1.406222756981e-03,8.699762595143e+01,1.478053273442e+01,7.446631079657e+03,3.023792009352e+02,1.122960842025e+01,2.228921952419e-02
1.408745843951e-03,8.699398873918e+01,1.478727541437e+01,7.451778681763e+03,3.023791944014e+02,1.122960810047e+01,2.228398277360e-02
1.411268154938e-03,8.699034527237e+01,1.479402732735e+01,7.456935943026e+03,3.023791878522e+02,1.122960778049e+01,2.227873829805e-02
1.413789688792e-03,8.698669555449e+01,1.480078845566e+01,7.462102863577e+03,3.023791812877e+02,1.122960746031e+01,2.227348610691e-02
1.416310444364e-03,8.698303958901e+01,1.480755878160e+01,7.467279443553e+03,3.023791747077e+02,1.122960713994e+01,2.226822620954e-02
1.418830420508e-03,8.697937737944e+01,1.481433828744e+01,7.472465683095e+03,3.023791681124e+02,1.122960681937e+01,2.226295861532e-02
1.421349616078e-03,8.697570892925e+01,1.482112695545e+01,7.477661582353e+03,3.023791615016e+02,1.122960649862e+01,2.225768333359e-02
1.423868029931e-03,8.697203424195e+01,1.482792476789e+01,7.482867141481e+03,3.023791548753e+02,1.122960617767e+01,2.225240037371e-02
1.426385660925e-03,8.696835332104e+01,1.483473170700e+01,7.488082360641e+03,3.023791482336e+02,1.122960585654e+01,2.224710974504e-02
1.428902507920e-03,8.696466617004e+01,1.484154775502e+01,7.493307240001e+03,3.023791415765e+02,1.122960553522e+01,2.224181145693e-02
1.431418569777e-03,8.696097279246e+01,1.484837289415e+01,7.498541779735e+03,3.023791349038e+02,1.122960521372e+01,2.223650551872e-02
1.433933845359e-03,8.695727319181e+01,1.485520710663e+01,7.503785980023e+03,3.023791282156e+02,1.122960489204e+01,2.223119193976e-02
1.436448333531e-03,8.695356737163e+01,1.486205037463e+01,7.509039841053e+03,3.023791215119e+02,1.122960457018e+01,2.222587072939e-02
1.438962033159e-03,8.694985533543e+01,1.486890268034e+01,7.514303363019e+03,3.023791147926e+02,1.122960424814e+01,2.222054189695e-02
1.441474943111e-03,8.694613708677e+01,1.487576400595e+01,7.519576546121e+03,3.023791080578e+02,1.122960392593e+01,2.221520545177e-02
1.443987062258e-03,8.694241262917e+01,1.488263433361e+01,7.524859390565e+03,3.023791013074e+02,1.122960360354e+01,2.220986140318e-02
1.446498389469e-03,8.693868196618e+01,1.488951364547e+01,7.530151896565e+03,3.023790945414e+02,1.122960328099e+01,2.220450976053e-02
1.449008923619e-03,8.693494510136e+01,1.489640192368e+01,7.535454064340e+03,3.023790877598e+02,1.122960295827e+01,2.219915053312e-02
1.451518663582e-03,8.693120203825e+01,1.490329915037e+01,7.540765894119e+03,3.023790809626e+02,1.122960263538e+01,2.219378373029e-02
1.454027608233e-03,8.692745278041e+01,1.491020530765e+01,7.546087386134e+03,3.023790741497e+02,1.122960231233e+01,2.218840936135e-02
1.456535756452e-03,8.692369733142e+01,1.491712037764e+01,7.551418540624e+03,3.023790673212e+02,1.122960198911e+01,2.218302743563e-02
1.459043107118e-03,8.691993569484e+01,1.492404434243e+01,7.556759357838e+03,3.023790604770e+02,1.122960166574e+01,2.217763796243e-02
1.461549659112e-03,8.691616787424e+01,1.493097718411e+01,7.562109838028e+03,3.023790536171e+02,1.122960134221e+01,2.217224095106e-02
1.464055411317e-03,8.691239387321e+01,1.493791888476e+01,7.567469981455e+03,3.023790467415e+02,1.122960101852e+01,2.216683641084e-02
1.466560362617e-03,8.690861369533e+01,1.494486942644e+01,7.572839788387e+03,3.023790398501e+02,1.122960069468e+01,2.216142435106e-02
1.469064511900e-03,8.690482734419e+01,1.495182879122e+01,7.578219259098e+03,3.023790329430e+02,1.122960037069e+01,2.215600478103e-02
1.471567858052e-03,8.690103482339e+01,1.495879696113e+01,7.583608393868e+03,3.023790260202e+02,1.122960004654e+01,2.215057771004e-02
1.474070399964e-03,8.689723613651e+01,1.496577391821e+01,7.589007192986e+03,3.023790190816e+02,1.122959972226e+01,2.214514314739e-02
1.476572136527e-03,8.689343128718e+01,1.497275964449e+01,7.594415656748e+03,3.023790121272e+02,1.122959939782e+01,2.213970110237e-02
1.479073066634e-03,8.688962027899e+01,1.497975412199e+01,7.599833785454e+03,3.023790051570e+02,1.122959907325e+01,2.213425158426e-02
1.481573189179e-03,8.688580311557e+01,1.498675733272e+01,7.605261579415e+03,3.023789981709e+02,1.122959874853e+01,2.212879460235e-02
1.484072503060e-03,8.688197980052e+01,1.499376925866e+01,7.610699038946e+03,3.023789911690e+02,1.122959842367e+01,2.212333016591e-02
1.486571007174e-03,8.687815033748e+01,1.500078988181e+01,7.616146164370e+03,3.023789841513e+02,1.122959809868e+01,2.211785828423e-02
1.489068700420e-03,8.687431473007e+01,1.500781918415e+01,7.621602956019e+03,3.023789771177e+02,1.122959777356e+01,2.211237896657e-02
1.491565581700e-03,8.687047298193e+01,1.501485714764e+01,7.627069414229e+03,3.023789700682e+02,1.122959744830e+01,2.210689222222e-02
1.494061649918e-03,8.686662509670e+01,1.502190375425e+01,7.632545539346e+03,3.023789630027e+02,1.122959712291e+01,2.210139806042e-02
1.496556903978e-03,8.686277107801e+01,1.502895898593e+01,7.638031331721e+03,3.023789559214e+02,1.122959679739e+01,2.209589649045e-02
1.499051342786e-03,8.685891092951e+01,1.503602282461e+01,7.643526791714e+03,3.023789488241e+02,1.122959647175e+01,2.209038752156e-02
1.501544965251e-03,8.685504465487e+01,1.504309525224e+01,7.649031919691e+03,3.023789417108e+02,1.122959614598e+01,2.208487116302e-02
1.504037770283e-03,8.685117225773e+01,1.505017625072e+01,7.654546716026e+03,3.023789345816e+02,1.122959582009e+01,2.207934742406e-02
1.506529756793e-03,8.684729374176e+01,1.505726580199e+01,7.660071181101e+03,3.023789274364e+02,1.122959549409e+01,2.207381631394e-02
1.509020923694e-03,8.684340911062e+01,1.506436388794e+01,7.665605315304e+03,3.023789202751e+02,1.122959516796e+01,2.206827784190e-02
1.511511269901e-03,8.683951836799e+01,1.507147049048e+01,7.671149119030e+03,3.023789130979e+02,1.122959484172e+01,2.206273201719e-02
1.514000794331e-03,8.683562151754e+01,1.507858559148e+01,7.676702592685e+03,3.023789059045e+02,1.122959451537e+01,2.205717884903e-02
1.516489495902e-03,8.683171856295e+01,1.508570917284e+01,7.682265736678e+03,3.023788986952e+02,1.122959418891e+01,2.205161834667e-02
1.518977373535e-03,8.682780950792e+01,1.509284121643e+01,7.687838551428e+03,3.023788914697e+02,1.122959386233e+01,2.204605051933e-02
1.521464426150e-03,8.682389435613e+01,1.509998170411e+01,7.693421037361e+03,3.023788842281e+02,1.122959353566e+01,2.204047537624e-02
1.523950652672e-03,8.681997311127e+01,1.510713061773e+01,7.699013194910e+03,3.023788769705e+02,1.122959320887e+01,2.203489292662e-02
1.526436052025e-03,8.681604577704e+01,1.511428793916e+01,7.704615024518e+03,3.023788696967e+02,1.122959288199e+01,2.202930317968e-02
1.528920623137e-03,8.681211235716e+01,1.512145365021e+01,7.710226526632e+03,3.023788624067e+02,1.122959255500e+01,2.202370614465e-02
1.531404364936e-03,8.680817285532e+01,1.512862773274e+01,7.715847701710e+03,3.023788551006e+02,1.122959222792e+01,2.201810183073e-02
1.533887276351e-03,8.680422727525e+01,1.513581016857e+01,7.721478550216e+03,3.023788477783e+02,1.122959190074e+01,2.201249024713e-02
1.536369356316e-03,8.680027562066e+01,1.514300093950e+01,7.727119072620e+03,3.023788404398e+02,1.122959157347e+01,2.200687140305e-02
1.538850603764e-03,8.679631789527e+01,1.515020002736e+01,7.732769269404e+03,3.023788330851e+02,1.122959124610e+01,2.200124530770e-02
1.541331017629e-03,8.679235410281e+01,1.515740741395e+01,7.738429141055e+03,3.023788257141e+02,1.122959091865e+01,2.199561197025e-02
1.543810596850e-03,8.678838424702e+01,1.516462308106e+01,7.744098688067e+03,3.023788183269e+02,1.122959059111e+01,2.198997139992e-02
1.546289340365e-03,8.678440833163e+01,1.517184701048e+01,7.749777910945e+03,3.023788109235e+02,1.122959026348e+01,2.198432360588e-02
1.548767247114e-03,8.678042636038e+01,1.517907918399e+01,7.755466810199e+03,3.023788035037e+02,1.122958993577e+01,2.197866859731e-02
1.551244316041e-03,8.677643833701e+01,1.518631958337e+01,7.761165386348e+03,3.023787960677e+02,1.122958960798e+01,2.197300638340e-02
1.553720546087e-03,8.677244426529e+01,1.519356819038e+01,7.766873639920e+03,3.023787886153e+02,1.122958928012e+01,2.196733697333e-02
1.556195936201e-03,8.676844414896e+01,1.520082498678e+01,7.772591571449e+03,3.023787811465e+02,1.122958895217e+01,2.196166037625e-02
1.558670485328e-03,8.676443799178e+01,1.520808995434e+01,7.778319181478e+03,3.023787736615e+02,1.122958862415e+01,2.195597660135e-02
1.561144192418e-03,8.676042579751e+01,1.521536307479e+01,7.784056470558e+03,3.023787661600e+02,1.122958829606e+01,2.195028565777e-02
1.563617056421e-03,8.675640756993e+01,1.522264432988e+01,7.789803439249e+03,3.023787586422e+02,1.122958796790e+01,2.194458755469e-02
1.566089076291e-03,8.675238331281e+01,1.522993370134e+01,7.795560088117e+03,3.023787511079e+02,1.122958763967e+01,2.193888230126e-02
1.568560250981e-03,8.674835302993e+01,1.523723117090e+01,7.801326417737e+03,3.023787435572e+02,1.122958731138e+01,2.193316990663e-02
1.571030579448e-03,8.674431672506e+01,1.524453672028e+01,7.807102428695e+03,3.023787359901e+02,1.122958698302e+01,2.192745037994e-02
1.573500060649e-03,8.674027440199e+01,1.525185033120e+01,7.812888121580e+03,3.023787284065e+02,1.122958665461e+01,2.192172373034e-02
1.575968693544e-03,8.673622606451e+01,1.525917198537e+01,7.818683496994e+03,3.023787208065e+02,1.122958632613e+01,2.191598996696e-02
1.578436477094e-03,8.673217171643e+01,1.526650166449e+01,7.824488555544e+03,3.023787131899e+02,1.122958599760e+01,2.191024909895e-02
1.580903410262e-03,8.672811136153e+01,1.527383935027e+01,7.830303297846e+03,3.023787055569e+02,1.122958566901e+01,2.190450113543e-02
1.583369492012e-03,8.672404500363e+01,1.528118502438e+01,7.836127724526e+03,3.023786979073e+02,1.122958534037e+01,2.189874608554e-02
1.585834721311e-03,8.671997264652e+01,1.528853866853e+01,7.841961836218e+03,3.023786902411e+02,1.122958501168e+01,2.189298395838e-02
1.588299097127e-03,8.671589429403e+01,1.529590026439e+01,7.847805633561e+03,3.023786825584e+02,1.122958468294e+01,2.188721476308e-02
1.590762618430e-03,8.671180994997e+01,1.530326979363e+01,7.853659117208e+03,3.023786748591e+02,1.122958435415e+01,2.188143850876e-02
1.593225284191e-03,8.670771961816e+01,1.531064723793e+01,7.859522287815e+03,3.023786671432e+02,1.122958402532e+01,2.187565520452e-02
1.595687093384e-03,8.670362330243e+01,1.531803257896e+01,7.865395146051e+03,3.023786594107e+02,1.122958369645e+01,2.186986485947e-02
1.598148044984e-03,8.669952100660e+01,1.532542579837e+01,7.871277692590e+03,3.023786516615e+02,1.122958336754e+01,2.186406748271e-02
1.600608137968e-03,8.669541273451e+01,1.533282687782e+01,7.877169928116e+03,3.023786438957e+02,1.122958303860e+01,2.185826308334e-02
1.603067371313e-03,8.669129849001e+01,1.534023579896e+01,7.883071853323e+03,3.023786361132e+02,1.122958270962e+01,2.185245167046e-02
1.605525744001e-03,8.668717827693e+01,1.534765254344e+01,7.888983468912e+03,3.023786283141e+02,1.122958238060e+01,2.184663325314e-02
1.607983255014e-03,8.668305209911e+01,1.535507709289e+01,7.894904775592e+03,3.023786204982e+02,1.122958205156e+01,2.184080784048e-02
1.610439903335e-03,8.667891996042e+01,1.536250942895e+01,7.900835774082e+03,3.023786126656e+02,1.122958172248e+01,2.183497544155e-02
1.612895687949e-03,8.667478186471e+01,1.536994953326e+01,7.906776465110e+03,3.023786048162e+02,1.122958139338e+01,2.182913606544e-02
1.615350607845e-03,8.667063781583e+01,1.537739738743e+01,7.912726849411e+03,3.023785969501e+02,1.122958106426e+01,2.182328972121e-02
1.617804662011e-03,8.666648781765e+01,1.538485297310e+01,7.918686927730e+03,3.023785890672e+02,1.122958073512e+01,2.181743641793e-02
1.620257849437e-03,8.666233187404e+01,1.539231627188e+01,7.924656700822e+03,3.023785811675e+02,1.122958040595e+01,2.181157616467e-02
1.622710169117e-03,8.665816998887e+01,1.539978726538e+01,7.930636169447e+03,3.023785732510e+02,1.122958007677e+01,2.180570897049e-02
1.625161620045e-03,8.665400216603e+01,1.540726593522e+01,7.936625334379e+03,3.023785653177e+02,1.122957974757e+01,2.179983484443e-02
1.627612201216e-03,8.664982840938e+01,1.541475226300e+01,7.942624196395e+03,3.023785573675e+02,1.122957941836e+01,2.179395379555e-02
1.630061911628e-03,8.664564872281e+01,1.542224623032e+01,7.948632756287e+03,3.023785494004e+02,1.122957908914e+01,2.178806583290e-02
1.632510750281e-03,8.664146311022e+01,1.542974781878e+01,7.954651014853e+03,3.023785414165e+02,1.122957875991e+01,2.178217096552e-02
1.634958716177e-03,8.663727157550e+01,1.543725700998e+01,7.960678972898e+03,3.023785334156e+02,1.122957843068e+01,2.177626920245e-02
1.637405808317e-03,8.663307412253e+01,1.544477378551e+01,7.966716631240e+03,3.023785253979e+02,1.122957810144e+01,2.177036055271e-02
1.639852025708e-03,8.662887075524e+01,1.545229812695e+01,7.972763990703e+03,3.023785173631e+02,1.122957777219e+01,2.176444502534e-02
1.642297367355e-03,8.662466147752e+01,1.545983001589e+01,7.978821052122e+03,3.023785093115e+02,1.122957744295e+01,2.175852262937e-02
1.644741832267e-03,8.662044629327e+01,1.546736943391e+01,7.984887816341e+03,3.023785012428e+02,1.122957711371e+01,2.175259337381e-02
1.647185419453e-03,8.661622520642e+01,1.547491636259e+01,7.990964284211e+03,3.023784931572e+02,1.122957678448e+01,2.174665726768e-02
1.649628127927e-03,8.661199822089e+01,1.548247078350e+01,7.997050456595e+03,3.023784850545e+02,1.122957645525e+01,2.174071432000e-02
1.652069956700e-03,8.660776534059e+01,1.549003267821e+01,8.003146334363e+03,3.023784769348e+02,1.122957612603e+01,2.173476453976e-02
1.654510904789e-03,8.660352656945e+01,1.549760202829e+01,8.009251918396e+03,3.023784687981e+02,1.122957579682e+01,2.172880793597e-02
1.656950971211e-03,8.659928191140e+01,1.550517881530e+01,8.015367209583e+03,3.023784606443e+02,1.122957546763e+01,2.172284451764e-02
1.659390154985e-03,8.659503137037e+01,1.551276302082e+01,8.021492208822e+03,3.023784524734e+02,1.122957513845e+01,2.171687429375e-02
1.661828455131e-03,8.659077495030e+01,1.552035462640e+01,8.027626917023e+03,3.023784442854e+02,1.122957480929e+01,2.171089727330e-02
1.664265870671e-03,8.658651265514e+01,1.552795361359e+01,8.033771335102e+03,3.023784360802e+02,1.122957448015e+01,2.170491346526e-02
1.666702400630e-03,8.658224448883e+01,1.553555996395e+01,8.039925463986e+03,3.023784278580e+02,1.122957415103e+01,2.169892287863e-02
1.669138044034e-03,8.657797045532e+01,1.554317365904e+01,8.046089304613e+03,3.023784196186e+02,1.122957382194e+01,2.169292552238e-02
1.671572799910e-03,8.657369055856e+01,1.555079468040e+01,8.052262857926e+03,3.023784113620e+02,1.122957349287e+01,2.168692140548e-02
1.674006667288e-03,8.656940480252e+01,1.555842300958e+01,8.058446124882e+03,3.023784030882e+02,1.122957316384e+01,2.168091053690e-02
1.676439645200e-03,8.656511319115e+01,1.556605862814e+01,8.064639106445e+03,3.023783947972e+02,1.122957283483e+01,2.167489292561e-02
1.678871732677e-03,8.656081572841e+01,1.557370151760e+01,8.070841803590e+03,3.023783864889e+02,1.122957250586e+01,2.166886858056e-02
1.681302928756e-03,8.655651241828e+01,1.558135165952e+01,8.077054217301e+03,3.023783781634e+02,1.122957217692e+01,2.166283751070e-02
1.683733232472e-03,8.655220326474e+01,1.558900903543e+01,8.083276348571e+03,3.023783698207e+02,1.122957184802e+01,2.165679972499e-02
1.686162642864e-03,8.654788827175e+01,1.559667362687e+01,8.089508198403e+03,3.023783614606e+02,1.122957151916e+01,2.165075523238e-02
1.688591158972e-03,8.654356744330e+01,1.560434541539e+01,8.095749767811e+03,3.023783530833e+02,1.122957119034e+01,2.164470404181e-02
1.691018779838e-03,8.653924078338e+01,1.561202438250e+01,8.102001057817e+03,3.023783446886e+02,1.122957086157e+01,2.163864616221e-02
1.693445504505e-03,8.653490829597e+01,1.561971050976e+01,8.108262069452e+03,3.023783362766e+02,1.122957053285e+01,2.163258160251e-02
1.695871332019e-03,8.653056998507e+01,1.562740377869e+01,8.114532803760e+03,3.023783278472e+02,1.122957020417e+01,2.162651037166e-02
1.698296261428e-03,8.652622585466e+01,1.563510417081e+01,8.120813261793e+03,3.023783194004e+02,1.122956987554e+01,2.162043247856e-02
1.700720291780e-03,8.652187590876e+01,1.564281166767e+01,8.127103444611e+03,3.023783109363e+02,1.122956954697e+01,2.161434793214e-02
1.703143422125e-03,8.651752015137e+01,1.565052625079e+01,8.133403353288e+03,3.023783024547e+02,1.122956921846e+01,2.160825674131e-02
1.705565651518e-03,8.651315858649e+01,1.565824790169e+01,8.139712988903e+03,3.023782939557e+02,1.122956889000e+01,2.160215891500e-02
1.707986979011e-03,8.650879121813e+01,1.566597660191e+01,8.146032352549e+03,3.023782854392e+02,1.122956856160e+01,2.159605446209e-02
1.710407403661e-03,8.650441805031e+01,1.567371233297e+01,8.152361445327e+03,3.023782769053e+02,1.122956823327e+01,2.158994339150e-02
1.712826924527e-03,8.650003908706e+01,1.568145507640e+01,8.158700268349e+03,3.023782683538e+02,1.122956790499e+01,2.158382571213e-02
1.715245540667e-03,8.649565433238e+01,1.568920481371e+01,8.165048822736e+03,3.023782597849e+02,1.122956757679e+01,2.157770143286e-02
1.717663251143e-03,8.649126379031e+01,1.569696152644e+01,8.171407109618e+03,3.023782511984e+02,1.122956724865e+01,2.157157056258e-02
1.720080055018e-03,8.648686746488e+01,1.570472519611e+01,8.177775130139e+03,3.023782425944e+02,1.122956692059e+01,2.156543311019e-02
1.722495951358e-03,8.648246536012e+01,1.571249580423e+01,8.184152885450e+03,3.023782339729e+02,1.122956659260e+01,2.155928908455e-02
1.724910939229e-03,8.647805748007e+01,1.572027333234e+01,8.190540376712e+03,3.023782253337e+02,1.122956626469e+01,2.155313849456e-02
1.727325017700e-03,8.647364382877e+01,1.572805776196e+01,8.196937605097e+03,3.023782166769e+02,1.122956593685e+01,2.154698134907e-02
1.729738185842e-03,8.646922441027e+01,1.573584907460e+01,8.203344571789e+03,3.023782080025e+02,1.122956560909e+01,2.154081765695e-02
1.732150442726e-03,8.646479922860e+01,1.574364725180e+01,8.209761277978e+03,3.023781993105e+02,1.122956528142e+01,2.153464742708e-02
1.734561787426e-03,8.646036828783e+01,1.575145227507e+01,8.216187724869e+03,3.023781906008e+02,1.122956495383e+01,2.152847066830e-02
1.736972219019e-03,8.645593159201e+01,1.575926412593e+01,8.222623913673e+03,3.023781818735e+02,1.122956462633e+01,2.152228738947e-02
1.739381736582e-03,8.645148914520e+01,1.576708278592e+01,8.229069845615e+03,3.023781731284e+02,1.122956429892e+01,2.151609759943e-02
1.741790339194e-03,8.644704095146e+01,1.577490823655e+01,8.235525521928e+03,3.023781643657e+02,1.122956397159e+01,2.150990130705e-02
1.744198025937e-03,8.644258701486e+01,1.578274045934e+01,8.241990943856e+03,3.023781555852e+02,1.122956364437e+01,2.150369852115e-02
1.746604795893e-03,8.643812733946e+01,1.579057943583e+01,8.248466112654e+03,3.023781467869e+02,1.122956331723e+01,2.149748925057e-02
1.749010648147e-03,8.643366192935e+01,1.579842514753e+01,8.254951029587e+03,3.023781379709e+02,1.122956299020e+01,2.149127350414e-02
1.751415581786e-03,8.642919078859e+01,1.580627757597e+01,8.261445695929e+03,3.023781291371e+02,1.122956266327e+01,2.148505129070e-02
1.753819595898e-03,8.642471392127e+01,1.581413670268e+01,8.267950112969e+03,3.023781202854e+02,1.122956233644e+01,2.147882261906e-02
1.756222689573e-03,8.642023133147e+01,1.582200250919e+01,8.274464282000e+03,3.023781114160e+02,1.122956200971e+01,2.147258749805e-02
1.758624861904e-03,8.641574302328e+01,1.582987497702e+01,8.280988204333e+03,3.023781025287e+02,1.122956168309e+01,2.146634593647e-02
1.761026111983e-03,8.641124900078e+01,1.583775408770e+01,8.287521881282e+03,3.023780936235e+02,1.122956135658e+01,2.146009794314e-02
1.763426438907e-03,8.640674926808e+01,1.584563982276e+01,8.294065314177e+03,3.023780847005e+02,1.122956103019e+01,2.145384352687e-02
1.765825841772e-03,8.640224382927e+01,1.585353216374e+01,8.300618504359e+03,3.023780757595e+02,1.122956070390e+01,2.144758269646e-02
1.768224319679e-03,8.639773268845e+01,1.586143109217e+01,8.307181453174e+03,3.023780668006e+02,1.122956037773e+01,2.144131546070e-02
1.770621871727e-03,8.639321584972e+01,1.586933658958e+01,8.313754161985e+03,3.023780578238e+02,1.122956005168e+01,2.143504182838e-02
1.773018497020e-03,8.638869331720e+01,1.587724863750e+01,8.320336632163e+03,3.023780488290e+02,1.122955972575e+01,2.142876180830e-02
1.775414194662e-03,8.638416509499e+01,1.588516721749e+01,8.326928865089e+03,3.023780398163e+02,1.122955939995e+01,2.142247540924e-02
1.777808963759e-03,8.637963118722e+01,1.589309231106e+01,8.333530862157e+03,3.023780307855e+02,1.122955907427e+01,2.141618263998e-02
1.780202803420e-03,8.637509159798e+01,1.590102389978e+01,8.340142624770e+03,3.023780217368e+02,1.122955874871e+01,2.140988350929e-02
1.782595712755e-03,8.637054633142e+01,1.590896196517e+01,8.346764154343e+03,3.023780126700e+02,1.122955842329e+01,2.140357802596e-02
1.784987690875e-03,8.636599539165e+01,1.591690648878e+01,8.353395452301e+03,3.023780035851e+02,1.122955809800e+01,2.139726619873e-02
1.787378736893e-03,8.636143878280e+01,1.592485745216e+01,8.360036520081e+03,3.023779944821e+02,1.122955777284e+01,2.139094803638e-02
1.789768849926e-03,8.635687650900e+01,1.593281483686e+01,8.366687359130e+03,3.023779853611e+02,1.122955744782e+01,2.138462354766e-02
1.792158029091e-03,8.635230857438e+01,1.594077862443e+01,8.373347970907e+03,3.023779762220e+02,1.122955712293e+01,2.137829274133e-02
1.794546273506e-03,8.634773498309e+01,1.594874879642e+01,8.380018356881e+03,3.023779670647e+02,1.122955679819e+01,2.137195562614e-02
1.796933582291e-03,8.634315573926e+01,1.595672533439e+01,8.386698518532e+03,3.023779578893e+02,1.122955647359e+01,2.136561221084e-02
1.799319954571e-03,8.633857084705e+01,1.596470821990e+01,8.393388457353e+03,3.023779486957e+02,1.122955614914e+01,2.135926250415e-02
1.801705389469e-03,8.633398031058e+01,1.597269743450e+01,8.400088174845e+03,3.023779394839e+02,1.122955582483e+01,2.135290651483e-02
1.804089886111e-03,8.632938413403e+01,1.598069295976e+01,8.406797672524e+03,3.023779302539e+02,1.122955550067e+01,2.134654425161e-02
1.806473443626e-03,8.632478232154e+01,1.598869477725e+01,8.413516951913e+03,3.023779210057e+02,1.122955517667e+01,2.134017572321e-02
1.808856061143e-03,8.632017487726e+01,1.599670286853e+01,8.420246014549e+03,3.023779117392e+02,1.122955485282e+01,2.133380093835e-02
1.811237737793e-03,8.631556180536e+01,1.600471721517e+01,8.426984861981e+03,3.023779024545e+02,1.122955452912e+01,2.132741990576e-02
1.813618472711e-03,8.631094311000e+01,1.601273779876e+01,8.433733495766e+03,3.023778931514e+02,1.122955420559e+01,2.132103263416e-02
1.815998265032e-03,8.630631879535e+01,1.602076460086e+01,8.440491917475e+03,3.023778838301e+02,1.122955388221e+01,2.131463913225e-02
1.818377113892e-03,8.630168886558e+01,1.602879760306e+01,8.447260128689e+03,3.023778744905e+02,1.122955355900e+01,2.130823940874e-02
1.820755018430e-03,8.629705332486e+01,1.603683678695e+01,8.454038131001e+03,3.023778651325e+02,1.122955323595e+01,2.130183347234e-02
1.823131977788e-03,8.629241217737e+01,1.604488213410e+01,8.460825926015e+03,3.023778557561e+02,1.122955291308e+01,2.129542133174e-02
1.825507991108e-03,8.628776542728e+01,1.605293362611e+01,8.467623515348e+03,3.023778463614e+02,1.122955259037e+01,2.128900299563e-02
1.827883057533e-03,8.628311307878e+01,1.606099124458e+01,8.474430900625e+03,3.023778369483e+02,1.122955226783e+01,2.128257847272e-02
1.830257176211e-03,8.627845513606e+01,1.606905497109e+01,8.481248083486e+03,3.023778275167e+02,1.122955194547e+01,2.127614777169e-02
1.832630346289e-03,8.627379160329e+01,1.607712478726e+01,8.488075065581e+03,3.023778180667e+02,1.122955162329e+01,2.126971090121e-02
1.835002566916e-03,8.626912248468e+01,1.608520067469e+01,8.494911848571e+03,3.023778085982e+02,1.122955130128e+01,2.126326786996e-02
1.837373837245e-03,8.626444778442e+01,1.609328261498e+01,8.501758434130e+03,3.023777991113e+02,1.122955097946e+01,2.125681868663e-02
1.839744156429e-03,8.625976750670e+01,1.610137058975e+01,8.508614823942e+03,3.023777896059e+02,1.122955065782e+01,2.125036335987e-02
1.842113523623e-03,8.625508165572e+01,1.610946458062e+01,8.515481019704e+03,3.023777800819e+02,1.122955033637e+01,2.124390189836e-02
1.844481937984e-03,8.625039023570e+01,1.611756456920e+01,8.522357023124e+03,3.023777705394e+02,1.122955001510e+01,2.123743431076e-02
1.846849398672e-03,8.624569325082e+01,1.612567053712e+01,8.529242835922e+03,3.023777609784e+02,1.122954969402e+01,2.123096060571e-02
1.849215904845e-03,8.624099070532e+01,1.613378246601e+01,8.536138459830e+03,3.023777513988e+02,1.122954937314e+01,2.122448079189e-02
1.851581455668e-03,8.623628260339e+01,1.614190033750e+01,8.543043896590e+03,3.023777418006e+02,1.122954905245e+01,2.121799487793e-02
1.853946050305e-03,8.623156894925e+01,1.615002413323e+01,8.549959147958e+03,3.023777321837e+02,1.122954873196e+01,2.121150287248e-02
1.856309687920e-03,8.622684974712e+01,1.615815383485e+01,8.556884215701e+03,3.023777225483e+02,1.122954841167e+01,2.120500478418e-02
1.858672367684e-03,8.622212500122e+01,1.616628942399e+01,8.563819101597e+03,3.023777128942e+02,1.122954809158e+01,2.119850062167e-02
1.861034088764e-03,8.621739471578e+01,1.617443088231e+01,8.570763807437e+03,3.023777032214e+02,1.122954777169e+01,2.119199039358e-02
1.863394850334e-03,8.621265889502e+01,1.618257819147e+01,8.577718335024e+03,3.023776935299e+02,1.122954745201e+01,2.118547410854e-02
1.865754651565e-03,8.620791754318e+01,1.619073133312e+01,8.584682686171e+03,3.023776838197e+02,1.122954713254e+01,2.117895177518e-02
1.868113491634e-03,8.620317066447e+01,1.619889028894e+01,8.591656862706e+03,3.023776740908e+02,1.122954681328e+01,2.117242340211e-02
1.870471369718e-03,8.619841826315e+01,1.620705504059e+01,8.598640866467e+03,3.023776643431e+02,1.122954649423e+01,2.116588899795e-02
1.872828284995e-03,8.619366034344e+01,1.621522556975e+01,8.605634699304e+03,3.023776545766e+02,1.122954617540e+01,2.115934857131e-02
1.875184236645e-03,8.618889690960e+01,1.622340185809e+01,8.612638363078e+03,3.023776447914e+02,1.122954585678e+01,2.115280213081e-02
1.877539223853e-03,8.618412796586e+01,1.623158388731e+01,8.619651859667e+03,3.023776349874e+02,1.122954553839e+01,2.114624968504e-02
1.879893245801e-03,8.617935351646e+01,1.623977163909e+01,8.626675190955e+03,3.023776251645e+02,1.122954522021e+01,2.113969124261e-02
1.882246301677e-03,8.617457356567e+01,1.624796509514e+01,8.633708358842e+03,3.023776153227e+02,1.122954490226e+01,2.113312681212e-02
1.884598390667e-03,8.616978811773e+01,1.625616423715e+01,8.640751365237e+03,3.023776054622e+02,1.122954458454e+01,2.112655640215e-02
1.886949511962e-03,8.616499717690e+01,1.626436904683e+01,8.647804212066e+03,3.023775955827e+02,1.122954426704e+01,2.111998002130e-02
1.889299664754e-03,8.616020074743e+01,1.627257950590e+01,8.654866901262e+03,3.023775856843e+02,1.122954394978e+01,2.111339767814e-02
1.891648848235e-03,8.615539883358e+01,1.628079559607e+01,8.661939434773e+03,3.023775757669e+02,1.122954363275e+01,2.110680938127e-02
1.893997061602e-03,8.615059143963e+01,1.628901729906e+01,8.669021814559e+03,3.023775658307e+02,1.122954331595e+01,2.110021513926e-02
1.896344304051e-03,8.614577856982e+01,1.629724459662e+01,8.676114042594e+03,3.023775558754e+02,1.122954299939e+01,2.109361496067e-02
1.898690574781e-03,8.614096022844e+01,1.630547747046e+01,8.683216120860e+03,3.023775459012e+02,1.122954268308e+01,2.108700885408e-02
1.901035872993e-03,8.613613641976e+01,1.631371590234e+01,8.690328051354e+03,3.023775359080e+02,1.122954236700e+01,2.108039682806e-02
1.903380197890e-03,8.613130714804e+01,1.632195987401e+01,8.697449836088e+03,3.023775258957e+02,1.122954205117e+01,2.107377889117e-02
1.905723548675e-03,8.612647241756e+01,1.633020936722e+01,8.704581477080e+03,3.023775158644e+02,1.122954173559e+01,2.106715505195e-02
1.908065924556e-03,8.612163223261e+01,1.633846436372e+01,8.711722976366e+03,3.023775058140e+02,1.122954142025e+01,2.106052531898e-02
1.910407324739e-03,8.611678659747e+01,1.634672484529e+01,8.718874335994e+03,3.023774957446e+02,1.122954110517e+01,2.105388970078e-02
1.912747748436e-03,8.611193551641e+01,1.635499079370e+01,8.726035558020e+03,3.023774856560e+02,1.122954079034e+01,2.104724820593e-02
1.915087194858e-03,8.610707899373e+01,1.636326219072e+01,8.733206644518e+03,3.023774755483e+02,1.122954047576e+01,2.104060084294e-02
1.917425663218e-03,8.610221703372e+01,1.637153901815e+01,8.740387597572e+03,3.023774654215e+02,1.122954016144e+01,2.103394762036e-02
1.919763152731e-03,8.609734964066e+01,1.637982125778e+01,8.747578419277e+03,3.023774552755e+02,1.122953984739e+01,2.102728854674e-02
1.922099662615e-03,8.609247681886e+01,1.638810889141e+01,8.754779111745e+03,3.023774451103e+02,1.122953953359e+01,2.102062363059e-02
1.924435192089e-03,8.608759857260e+01,1.639640190084e+01,8.761989677097e+03,3.023774349259e+02,1.122953922006e+01,2.101395288044e-02
1.926769740374e-03,8.608271490620e+01,1.640470026788e+01,8.769210117467e+03,3.023774247223e+02,1.122953890680e+01,2.100727630481e-02
1.929103306692e-03,8.607782582395e+01,1.641300397436e+01,8.776440435004e+03,3.023774144994e+02,1.122953859381e+01,2.100059391224e-02
1.931435890268e-03,8.607293133015e+01,1.642131300211e+01,8.783680631867e+03,3.023774042573e+02,1.122953828109e+01,2.099390571122e-02
1.933767490328e-03,8.606803142912e+01,1.642962733295e+01,8.790930710230e+03,3.023773939959e+02,1.122953796864e+01,2.098721171028e-02
1.936098106101e-03,8.606312612516e+01,1.643794694873e+01,8.798190672278e+03,3.023773837152e+02,1.122953765647e+01,2.098051191792e-02
1.938427736816e-03,8.605821542258e+01,1.644627183130e+01,8.805460520210e+03,3.023773734151e+02,1.122953734458e+01,2.097380634264e-02
1.940756381705e-03,8.605329932571e+01,1.645460196251e+01,8.812740256237e+03,3.023773630957e+02,1.122953703296e+01,2.096709499295e-02
1.943084040001e-03,8.604837783885e+01,1.646293732423e+01,8.820029882584e+03,3.023773527570e+02,1.122953672163e+01,2.096037787734e-02
1.945410710941e-03,8.604345096633e+01,1.647127789832e+01,8.827329401488e+03,3.023773423988e+02,1.122953641059e+01,2.095365500430e-02
1.947736393761e-03,8.603851871246e+01,1.647962366667e+01,8.834638815199e+03,3.023773320213e+02,1.122953609983e+01,2.094692638234e-02
1.950061087701e-03,8.603358108158e+01,1.648797461116e+01,8.841958125981e+03,3.023773216243e+02,1.122953578936e+01,2.094019201992e-02
1.952384792002e-03,8.602863807801e+01,1.649633071368e+01,8.849287336110e+03,3.023773112079e+02,1.122953547919e+01,2.093345192553e-02
1.954707505906e-03,8.602368970607e+01,1.650469195614e+01,8.856626447873e+03,3.023773007720e+02,1.122953516931e+01,2.092670610766e-02
1.957029228657e-03,8.601873597010e+01,1.651305832044e+01,8.863975463575e+03,3.023772903167e+02,1.122953485972e+01,2.091995457478e-02
1.959349959504e-03,8.601377687443e+01,1.652142978850e+01,8.871334385531e+03,3.023772798418e+02,1.122953455043e+01,2.091319733535e-02
1.961669697693e-03,8.600881242340e+01,1.652980634224e+01,8.878703216067e+03,3.023772693474e+02,1.122953424145e+01,2.090643439785e-02
1.963988442475e-03,8.600384262135e+01,1.653818796360e+01,8.886081957527e+03,3.023772588335e+02,1.122953393277e+01,2.089966577074e-02
1.966306193101e-03,8.599886747261e+01,1.654657463453e+01,8.893470612265e+03,3.023772483000e+02,1.122953362439e+01,2.089289146249e-02
1.968622948826e-03,8.599388698153e+01,1.655496633696e+01,8.900869182649e+03,3.023772377469e+02,1.122953331632e+01,2.088611148154e-02
1.970938708905e-03,8.598890115246e+01,1.656336305285e+01,8.908277671058e+03,3.023772271742e+02,1.122953300856e+01,2.087932583635e-02
1.973253472596e-03,8.598390998974e+01,1.657176476418e+01,8.915696079890e+03,3.023772165819e+02,1.122953270111e+01,2.087253453537e-02
1.975567239158e-03,8.597891349771e+01,1.658017145291e+01,8.923124411550e+03,3.023772059699e+02,1.122953239398e+01,2.086573758706e-02
1.977880007851e-03,8.597391168074e+01,1.658858310103e+01,8.930562668461e+03,3.023771953383e+02,1.122953208716e+01,2.085893499985e-02
1.980191777939e-03,8.596890454318e+01,1.659699969052e+01,8.938010853054e+03,3.023771846869e+02,1.122953178066e+01,2.085212678217e-02
1.982502548687e-03,8.596389208937e+01,1.660542120340e+01,8.945468967780e+03,3.023771740159e+02,1.122953147448e+01,2.084531294248e-02
1.984812319361e-03,8.595887432369e+01,1.661384762166e+01,8.952937015098e+03,3.023771633252e+02,1.122953116863e+01,2.083849348920e-02
1.987121089229e-03,8.595385125049e+01,1.662227892733e+01,8.960414997483e+03,3.023771526147e+02,1.122953086310e+01,2.083166843075e-02
1.989428857562e-03,8.594882287413e+01,1.663071510243e+01,8.967902917423e+03,3.023771418844e+02,1.122953055790e+01,2.082483777558e-02
1.991735623632e-03,8.594378919898e+01,1.663915612899e+01,8.975400777418e+03,3.023771311343e+02,1.122953025303e+01,2.081800153209e-02
1.994041386712e-03,8.593875022940e+01,1.664760198906e+01,8.982908579985e+03,3.023771203645e+02,1.122952994849e+01,2.081115970871e-02
1.996346146079e-03,8.593370596977e+01,1.665605266469e+01,8.990426327649e+03,3.023771095748e+02,1.122952964429e+01,2.080431231385e-02
1.998649901011e-03,8.592865642445e+01,1.666450813795e+01,8.997954022956e+03,3.023770987653e+02,1.122952934043e+01,2.079745935592e-02
2.000952650785e-03,8.592360159782e+01,1.667296839090e+01,9.005491668458e+03,3.023770879359e+02,1.122952903690e+01,2.079060084334e-02
2.003254394684e-03,8.591854149426e+01,1.668143340563e+01,9.013039266726e+03,3.023770770866e+02,1.122952873371e+01,2.078373678451e-02
2.005555131991e-03,8.591347611813e+01,1.668990316423e+01,9.020596820341e+03,3.023770662174e+02,1.122952843087e+01,2.077686718783e-02
2.007854861990e-03,8.590840547382e+01,1.669837764879e+01,9.028164331901e+03,3.023770553282e+02,1.122952812837e+01,2.076999206170e-02
2.010153583969e-03,8.590332956571e+01,1.670685684143e+01,9.035741804014e+03,3.023770444192e+02,1.122952782623e+01,2.076311141452e-02
2.012451297215e-03,8.589824839819e+01,1.671534072425e+01,9.043329239306e+03,3.023770334901e+02,1.122952752443e+01,2.075622525467e-02
2.014748001020e-03,8.589316197564e+01,1.672382927940e+01,9.050926640413e+03,3.023770225411e+02,1.122952722298e+01,2.074933359056e-02
2.017043694675e-03,8.588807030244e+01,1.673232248901e+01,9.058534009986e+03,3.023770115720e+02,1.122952692189e+01,2.074243643055e-02
2.019338377474e-03,8.588297338299e+01,1.674082033522e+01,9.066151350690e+03,3.023770005829e+02,1.122952662116e+01,2.073553378304e-02
2.021632048714e-03,8.587787122167e+01,1.674932280020e+01,9.073778665204e+03,3.023769895738e+02,1.122952632079e+01,2.072862565641e-02
2.023924707691e-03,8.587276382289e+01,1.675782986610e+01,9.081415956222e+03,3.023769785446e+02,1.122952602077e+01,2.072171205903e-02
2.026216353706e-03,8.586765119103e+01,1.676634151511e+01,9.089063226447e+03,3.023769674953e+02,1.122952572113e+01,2.071479299927e-02
2.028506986061e-03,8.586253333049e+01,1.677485772942e+01,9.096720478604e+03,3.023769564259e+02,1.122952542184e+01,2.070786848550e-02
2.030796604057e-03,8.585741024568e+01,1.678337849121e+01,9.104387715423e+03,3.023769453364e+02,1.122952512293e+01,2.070093852610e-02
2.033085207000e-03,8.585228194098e+01,1.679190378271e+01,9.112064939655e+03,3.023769342267e+02,1.122952482439e+01,2.069400312941e-02
2.035372794197e-03,8.584714842081e+01,1.680043358612e+01,9.119752154061e+03,3.023769230968e+02,1.122952452621e+01,2.068706230381e-02
2.037659364957e-03,8.584200968957e+01,1.680896788368e+01,9.127449361418e+03,3.023769119468e+02,1.122952422842e+01,2.068011605765e-02
2.039944918590e-03,8.583686575167e+01,1.681750665761e+01,9.135156564516e+03,3.023769007765e+02,1.122952393100e+01,2.067316439928e-02
2.042229454408e-03,8.583171661151e+01,1.682604989018e+01,9.142873766158e+03,3.023768895860e+02,1.122952363396e+01,2.066620733706e-02
2.044512971726e-03,8.582656227351e+01,1.683459756364e+01,9.150600969164e+03,3.023768783752e+02,1.122952333730e+01,2.065924487933e-02
2.046795469859e-03,8.582140274207e+01,1.684314966025e+01,9.158338176366e+03,3.023768671442e+02,1.122952304103e+01,2.065227703444e-02
2.049076948127e-03,8.581623802161e+01,1.685170616231e+01,9.166085390611e+03,3.023768558929e+02,1.122952274514e+01,2.064530381072e-02
2.051357405847e-03,8.581106811654e+01,1.686026705210e+01,9.173842614760e+03,3.023768446212e+02,1.122952244964e+01,2.063832521652e-02
2.053636842341e-03,8.580589303129e+01,1.686883231192e+01,9.181609851686e+03,3.023768333292e+02,1.122952215454e+01,2.063134126017e-02
2.055915256933e-03,8.580071277027e+01,1.687740192409e+01,9.189387104280e+03,3.023768220169e+02,1.122952185982e+01,2.062435195001e-02
2.058192648949e-03,8.579552733790e+01,1.688597587092e+01,9.197174375446e+03,3.023768106841e+02,1.122952156550e+01,2.061735729436e-02
2.060469017714e-03,8.579033673861e+01,1.689455413476e+01,9.204971668099e+03,3.023767993310e+02,1.122952127158e+01,2.061035730155e-02
2.062744362558e-03,8.578514097682e+01,1.690313669795e+01,9.212778985175e+03,3.023767879575e+02,1.122952097806e+01,2.060335197990e-02
2.065018682812e-03,8.577994005695e+01,1.691172354284e+01,9.220596329617e+03,3.023767765635e+02,1.122952068494e+01,2.059634133773e-02
2.067291977807e-03,8.577473398343e+01,1.692031465181e+01,9.228423704386e+03,3.023767651491e+02,1.122952039222e+01,2.058932538337e-02
2.069564246879e-03,8.576952276069e+01,1.692891000722e+01,9.236261112459e+03,3.023767537141e+02,1.122952009991e+01,2.058230412512e-02
2.071835489363e-03,8.576430639317e+01,1.693750959148e+01,9.244108556823e+03,3.023767422587e+02,1.122951980801e+01,2.057527757130e-02
2.074105704596e-03,8.575908488529e+01,1.694611338699e+01,9.251966040484e+03,3.023767307828e+02,1.122951951651e+01,2.056824573021e-02
2.076374891920e-03,8.575385824150e+01,1.695472137615e+01,9.259833566459e+03,3.023767192863e+02,1.122951922544e+01,2.056120861017e-02
2.078643050676e-03,8.574862646621e+01,1.696333354139e+01,9.267711137780e+03,3.023767077692e+02,1.122951893477e+01,2.055416621947e-02
2.080910180206e-03,8.574338956389e+01,1.697194986515e+01,9.275598757496e+03,3.023766962316e+02,1.122951864453e+01,2.054711856641e-02
2.083176279856e-03,8.573814753895e+01,1.698057032988e+01,9.283496428669e+03,3.023766846734e+02,1.122951835470e+01,2.054006565929e-02
2.085441348974e-03,8.573290039584e+01,1.698919491802e+01,9.291404154374e+03,3.023766730945e+02,1.122951806530e+01,2.053300750641e-02
2.087705386907e-03,8.572764813901e+01,1.699782361207e+01,9.299321937702e+03,3.023766614950e+02,1.122951777632e+01,2.052594411605e-02
2.089968393008e-03,8.572239077290e+01,1.700645639449e+01,9.307249781758e+03,3.023766498748e+02,1.122951748777e+01,2.051887549651e-02
2.092230366628e-03,8.571712830195e+01,1.701509324779e+01,9.315187689665e+03,3.023766382340e+02,1.122951719964e+01,2.051180165607e-02
2.094491307122e-03,8.571186073061e+01,1.702373415446e+01,9.323135664554e+03,3.023766265724e+02,1.122951691195e+01,2.050472260302e-02
2.096751213845e-03,8.570658806334e+01,1.703237909703e+01,9.331093709578e+03,3.023766148901e+02,1.122951662469e+01,2.049763834563e-02
2.099010086157e-03,8.570131030457e+01,1.704102805803e+01,9.339061827897e+03,3.023766031870e+02,1.122951633786e+01,2.049054889218e-02
2.101267923416e-03,8.569602745876e+01,1.704968102000e+01,9.347040022694e+03,3.023765914632e+02,1.122951605147e+01,2.048345425095e-02
2.103524724985e-03,8.569073953036e+01,1.705833796550e+01,9.355028297161e+03,3.023765797186e+02,1.122951576553e+01,2.047635443020e-02
2.105780490227e-03,8.568544652383e+01,1.706699887708e+01,9.363026654505e+03,3.023765679532e+02,1.122951548002e+01,2.046924943821e-02
2.108035218507e-03,8.568014844362e+01,1.707566373735e+01,9.371035097953e+03,3.023765561670e+02,1.122951519496e+01,2.046213928325e-02
2.110288909192e-03,8.567484529420e+01,1.708433252887e+01,9.379053630738e+03,3.023765443598e+02,1.122951491034e+01,2.045502397358e-02
2.112541561652e-03,8.566953708001e+01,1.709300523426e+01,9.387082256118e+03,3.023765325319e+02,1.122951462618e+01,2.044790351745e-02
2.114793175257e-03,8.566422380552e+01,1.710168183614e+01,9.395120977356e+03,3.023765206830e+02,1.122951434246e+01,2.044077792314e-02
2.117043749380e-03,8.565890547519e+01,1.711036231713e+01,9.403169797738e+03,3.023765088132e+02,1.122951405920e+01,2.043364719888e-02
2.119293283395e-03,8.565358209348e+01,1.711904665987e+01,9.411228720562e+03,3.023764969225e+02,1.122951377639e+01,2.042651135295e-02
2.121541776679e-03,8.564825366486e+01,1.712773484703e+01,9.419297749138e+03,3.023764850108e+02,1.122951349404e+01,2.041937039358e-02
2.123789228608e-03,8.564292019380e+01,1.713642686126e+01,9.427376886795e+03,3.023764730782e+02,1.122951321215e+01,2.041222432903e-02
2.126035638565e-03,8.563758168475e+01,1.714512268525e+01,9.435466136876e+03,3.023764611245e+02,1.122951293072e+01,2.040507316754e-02
2.128281005929e-03,8.563223814219e+01,1.715382230168e+01,9.443565502737e+03,3.023764491499e+02,1.122951264976e+01,2.039791691735e-02
2.130525330085e-03,8.562688957059e+01,1.716252569327e+01,9.451674987752e+03,3.023764371541e+02,1.122951236926e+01,2.039075558672e-02
2.132768610419e-03,8.562153597441e+01,1.717123284273e+01,9.459794595309e+03,3.023764251374e+02,1.122951208923e+01,2.038358918386e-02
2.135010846316e-03,8.561617735814e+01,1.717994373279e+01,9.467924328810e+03,3.023764130995e+02,1.122951180967e+01,2.037641771702e-02
2.137252037166e-03,8.561081372623e+01,1.718865834621e+01,9.476064191672e+03,3.023764010406e+02,1.122951153059e+01,2.036924119443e-02
2.139492182361e-03,8.560544508318e+01,1.719737666573e+01,9.484214187331e+03,3.023763889605e+02,1.122951125198e+01,2.036205962432e-02
2.141731281292e-03,8.560007143345e+01,1.720609867412e+01,9.492374319233e+03,3.023763768593e+02,1.122951097385e+01,2.035487301492e-02
2.143969333354e-03,8.559469278152e+01,1.721482435418e+01,9.500544590841e+03,3.023763647369e+02,1.122951069619e+01,2.034768137446e-02
2.146206337944e-03,8.558930913187e+01,1.722355368869e+01,9.508725005636e+03,3.023763525933e+02,1.122951041902e+01,2.034048471115e-02
2.148442294459e-03,8.558392048897e+01,1.723228666047e+01,9.516915567110e+03,3.023763404286e+02,1.122951014234e+01,2.033328303322e-02
2.150677202299e-03,8.557852685732e+01,1.724102325234e+01,9.525116278774e+03,3.023763282426e+02,1.122950986613e+01,2.032607634889e-02
2.152911060867e-03,8.557312824139e+01,1.724976344714e+01,9.533327144150e+03,3.023763160353e+02,1.122950959042e+01,2.031886466637e-02
2.155143869564e-03,8.556772464566e+01,1.725850722773e+01,9.541548166780e+03,3.023763038068e+02,1.122950931520e+01,2.031164799387e-02
2.157375627798e-03,8.556231607462e+01,1.726725457695e+01,9.549779350219e+03,3.023762915570e+02,1.122950904047e+01,2.030442633961e-02
2.159606334975e-03,8.555690253275e+01,1.727600547770e+01,9.558020698037e+03,3.023762792859e+02,1.122950876624e+01,2.029719971179e-02
2.161835990504e-03,8.555148402455e+01,1.728475991287e+01,9.566272213819e+03,3.023762669935e+02,1.122950849250e+01,2.028996811862e-02
2.164064593796e-03,8.554606055449e+01,1.729351786536e+01,9.574533901169e+03,3.023762546797e+02,1.122950821927e+01,2.028273156830e-02
2.166292144264e-03,8.554063212707e+01,1.730227931808e+01,9.582805763700e+03,3.023762423445e+02,1.122950794653e+01,2.027549006904e-02
2.168518641321e-03,8.553519874678e+01,1.731104425398e+01,9.591087805049e+03,3.023762299879e+02,1.122950767430e+01,2.026824362904e-02
2.170744084384e-03,8.552976041810e+01,1.731981265600e+01,9.599380028860e+03,3.023762176099e+02,1.122950740257e+01,2.026099225648e-02
2.172968472872e-03,8.552431714554e+01,1.732858450710e+01,9.607682438798e+03,3.023762052105e+02,1.122950713136e+01,2.025373595957e-02
2.175191806204e-03,8.551886893357e+01,1.733735979026e+01,9.615995038542e+03,3.023761927897e+02,1.122950686065e+01,2.024647474650e-02
2.177414083801e-03,8.551341578670e+01,1.734613848846e+01,9.624317831784e+03,3.023761803473e+02,1.122950659046e+01,2.023920862545e-02
2.179635305088e-03,8.550795770943e+01,1.735492058471e+01,9.632650822239e+03,3.023761678835e+02,1.122950632078e+01,2.023193760462e-02
2.181855469489e-03,8.550249470624e+01,1.736370606202e+01,9.640994013628e+03,3.023761553981e+02,1.122950605162e+01,2.022466169219e-02
2.184074576432e-03,8.549702678164e+01,1.737249490344e+01,9.649347409693e+03,3.023761428912e+02,1.122950578298e+01,2.021738089634e-02
2.186292625345e-03,8.549155394012e+01,1.738128709200e+01,9.657711014192e+03,3.023761303627e+02,1.122950551485e+01,2.021009522526e-02
2.188509615660e-03,8.548607618618e+01,1.739008261076e+01,9.666084830897e+03,3.023761178127e+02,1.122950524726e+01,2.020280468712e-02
2.190725546808e-03,8.548059352432e+01,1.739888144280e+01,9.674468863596e+03,3.023761052410e+02,1.122950498019e+01,2.019550929010e-02
2.192940418225e-03,8.547510595905e+01,1.740768357120e+01,9.682863116095e+03,3.023760926477e+02,1.122950471364e+01,2.018820904238e-02
2.195154229346e-03,8.546961349486e+01,1.741648897908e+01,9.691267592211e+03,3.023760800328e+02,1.122950444763e+01,2.018090395212e-02
2.197366979609e-03,8.546411613626e+01,1.742529764955e+01,9.699682295780e+03,3.023760673962e+02,1.122950418215e+01,2.017359402750e-02
2.199578668454e-03,8.545861388775e+01,1.743410956574e+01,9.708107230656e+03,3.023760547379e+02,1.122950391720e+01,2.016627927669e-02
2.201789295323e-03,8.545310675384e+01,1.744292471080e+01,9.716542400702e+03,3.023760420580e+02,1.122950365279e+01,2.015895970785e-02
2.203998859658e-03,8.544759473902e+01,1.745174306789e+01,9.724987809804e+03,3.023760293562e+02,1.122950338892e+01,2.015163532914e-02
2.206207360906e-03,8.544207784782e+01,1.746056462019e+01,9.733443461862e+03,3.023760166328e+02,1.122950312560e+01,2.014430614873e-02
2.208414798513e-03,8.543655608473e+01,1.746938935089e+01,9.741909360786e+03,3.023760038875e+02,1.122950286281e+01,2.013697217478e-02
2.210621171928e-03,8.543102945427e+01,1.747821724320e+01,9.750385510511e+03,3.023759911205e+02,1.122950260057e+01,2.012963341544e-02
2.212826480602e-03,8.542549796093e+01,1.748704828033e+01,9.758871914981e+03,3.023759783317e+02,1.122950233888e+01,2.012228987887e-02
2.215030723986e-03,8.541996160924e+01,1.749588244553e+01,9.767368578160e+03,3.023759655210e+02,1.122950207773e+01,2.011494157323e-02
2.217233901536e-03,8.541442040371e+01,1.750471972204e+01,9.775875504026e+03,3.023759526884e+02,1.122950181714e+01,2.010758850666e-02
2.219436012707e-03,8.540887434883e+01,1.751356009314e+01,9.784392696574e+03,3.023759398340e+02,1.122950155711e+01,2.010023068732e-02
2.221637056957e-03,8.540332344913e+01,1.752240354210e+01,9.792920159813e+03,3.023759269577e+02,1.122950129763e+01,2.009286812335e-02
2.223837033745e-03,8.539776770912e+01,1.753125005222e+01,9.801457897773e+03,3.023759140595e+02,1.122950103871e+01,2.008550082289e-02
2.226035942533e-03,8.539220713332e+01,1.754009960682e+01,9.810005914492e+03,3.023759011393e+02,1.122950078035e+01,2.007812879410e-02
2.228233782785e-03,8.538664172623e+01,1.754895218921e+01,9.818564214033e+03,3.023758881972e+02,1.122950052255e+01,2.007075204511e-02
2.230430553965e-03,8.538107149237e+01,1.755780778274e+01,9.827132800469e+03,3.023758752331e+02,1.122950026532e+01,2.006337058407e-02
2.232626255539e-03,8.537549643626e+01,1.756666637078e+01,9.835711677891e+03,3.023758622470e+02,1.122950000865e+01,2.005598441911e-02
2.234820886978e-03,8.536991656242e+01,1.757552793669e+01,9.844300850407e+03,3.023758492388e+02,1.122949975256e+01,2.004859355836e-02
2.237014447750e-03,8.536433187535e+01,1.758439246385e+01,9.852900322138e+03,3.023758362086e+02,1.122949949703e+01,2.004119800997e-02
2.239206937329e-03,8.535874237959e+01,1.759325993569e+01,9.861510097228e+03,3.023758231564e+02,1.122949924208e+01,2.003379778205e-02
2.241398355188e-03,8.535314807964e+01,1.760213033561e+01,9.870130179829e+03,3.023758100821e+02,1.122949898771e+01,2.002639288276e-02
2.243588700803e-03,8.534754898003e+01,1.761100364705e+01,9.878760574115e+03,3.023757969856e+02,1.122949873391e+01,2.001898332020e-02
2.245777973651e-03,8.534194508528e+01,1.761987985346e+01,9.887401284273e+03,3.023757838670e+02,1.122949848070e+01,2.001156910251e-02
2.247966173212e-03,8.533633639991e+01,1.762875893832e+01,9.896052314509e+03,3.023757707263e+02,1.122949822806e+01,2.000415023782e-02
2.250153298968e-03,8.533072292844e+01,1.763764088509e+01,9.904713669044e+03,3.023757575634e+02,1.122949797601e+01,1.999672673424e-02
2.252339350400e-03,8.532510467538e+01,1.764652567728e+01,9.913385352114e+03,3.023757443783e+02,1.122949772455e+01,1.998929859990e-02
2.254524326995e-03,8.531948164527e+01,1.765541329841e+01,9.922067367974e+03,3.023757311710e+02,1.122949747368e+01,1.998186584292e-02
2.256708228238e-03,8.531385384263e+01,1.766430373200e+01,9.930759720893e+03,3.023757179414e+02,1.122949722340e+01,1.997442847141e-02
2.258891053618e-03,8.530822127197e+01,1.767319696160e+01,9.939462415160e+03,3.023757046896e+02,1.122949697371e+01,1.996698649349e-02
2.261072802624e-03,8.530258393783e+01,1.768209297077e+01,9.948175455074e+03,3.023756914156e+02,1.122949672461e+01,1.995953991727e-02
2.263253474750e-03,8.529694184472e+01,1.769099174309e+01,9.956898844957e+03,3.023756781192e+02,1.122949647612e+01,1.995208875087e-02
2.265433069488e-03,8.529129499718e+01,1.769989326215e+01,9.965632589146e+03,3.023756648005e+02,1.122949622822e+01,1.994463300240e-02
2.267611586333e-03,8.528564339973e+01,1.770879751157e+01,9.974376691989e+03,3.023756514594e+02,1.122949598093e+01,1.993717267996e-02
2.269789024785e-03,8.527998705689e+01,1.771770447496e+01,9.983131157860e+03,3.023756380960e+02,1.122949573424e+01,1.992970779167e-02
2.271965384341e-03,8.527432597319e+01,1.772661413597e+01,9.991895991140e+03,3.023756247102e+02,1.122949548815e+01,1.992223834562e-02
2.274140664502e-03,8.526866015316e+01,1.773552647827e+01,1.000067119623e+04,3.023756113021e+02,1.122949524268e+01,1.991476434993e-02
2.276314864770e-03,8.526298960132e+01,1.774444148552e+01,1.000945677756e+04,3.023755978714e+02,1.122949499781e+01,1.990728581269e-02
2.278487984652e-03,8.525731432221e+01,1.775335914141e+01,1.001825273955e+04,3.023755844184e+02,1.122949475356e+01,1.989980274200e-02
2.280660023651e-03,8.525163432035e+01,1.776227942966e+01,1.002705908666e+04,3.023755709428e+02,1.122949450992e+01,1.989231514597e-02
2.282830981278e-03,8.524594960027e+01,1.777120233399e+01,1.003587582336e+04,3.023755574448e+02,1.122949426690e+01,1.988482303269e-02
2.285000857040e-03,8.524026016650e+01,1.778012783814e+01,1.004470295413e+04,3.023755439243e+02,1.122949402450e+01,1.987732641025e-02
2.287169650450e-03,8.523456602357e+01,1.778905592586e+01,1.005354048347e+04,3.023755303812e+02,1.122949378272e+01,1.986982528675e-02
2.289337361022e-03,8.522886717601e+01,1.779798658093e+01,1.006238841591e+04,3.023755168156e+02,1.122949354156e+01,1.986231967029e-02
2.291503988271e-03,8.522316362835e+01,1.780691978714e+01,1.007124675597e+04,3.023755032274e+02,1.122949330103e+01,1.985480956894e-02
2.293669531712e-03,8.521745538513e+01,1.781585552829e+01,1.008011550822e+04,3.023754896166e+02,1.122949306113e+01,1.984729499081e-02
2.295833990865e-03,8.521174245086e+01,1.782479378822e+01,1.008899467721e+04,3.023754759832e+02,1.122949282185e+01,1.983977594398e-02
2.297997365251e-03,8.520602483009e+01,1.783373455076e+01,1.009788426754e+04,3.023754623271e+02,1.122949258321e+01,1.983225243653e-02
2.300159654391e-03,8.520030252734e+01,1.784267779976e+01,1.010678428380e+04,3.023754486484e+02,1.122949234520e+01,1.982472447656e-02
2.302320857810e-03,8.519457554715e+01,1.785162351910e+01,1.011569473062e+04,3.023754349470e+02,1.122949210783e+01,1.981719207213e-02
2.304480975034e-03,8.518884389405e+01,1.786057169268e+01,1.012461561263e+04,3.023754212229e+02,1.122949187110e+01,1.980965523134e-02
2.306640005589e-03,8.518310757257e+01,1.786952230439e+01,1.013354693449e+04,3.023754074761e+02,1.122949163500e+01,1.980211396226e-02
2.308797949006e-03,8.517736658725e+01,1.787847533817e+01,1.014248870086e+04,3.023753937065e+02,1.122949139955e+01,1.979456827298e-02
2.310954804815e-03,8.517162094261e+01,1.788743077795e+01,1.015144091643e+04,3.023753799142e+02,1.122949116475e+01,1.978701817157e-02
2.313110572550e-03,8.516587064320e+01,1.789638860769e+01,1.016040358591e+04,3.023753660991e+02,1.122949093059e+01,1.977946366610e-02
2.315265251745e-03,8.516011569354e+01,1.790534881138e+01,1.016937671402e+04,3.023753522612e+02,1.122949069708e+01,1.977190476464e-02
2.317418841937e-03,8.515435609818e+01,1.791431137299e+01,1.017836030548e+04,3.023753384004e+02,1.122949046422e+01,1.976434147529e-02
2.319571342663e-03,8.514859186164e+01,1.792327627655e+01,1.018735436507e+04,3.023753245168e+02,1.122949023201e+01,1.975677380609e-02
2.321722753463e-03,8.514282298845e+01,1.793224350608e+01,1.019635889755e+04,3.023753106103e+02,1.122949000046e+01,1.974920176512e-02
2.323873073880e-03,8.513704948317e+01,1.794121304562e+01,1.020537390771e+04,3.023752966810e+02,1.122948976957e+01,1.974162536046e-02
2.326022303457e-03,8.513127135030e+01,1.795018487923e+01,1.021439940035e+04,3.023752827287e+02,1.122948953934e+01,1.973404460016e-02
2.328170441740e-03,8.512548859440e+01,1.795915899100e+01,1.022343538031e+04,3.023752687535e+02,1.122948930976e+01,1.972645949230e-02
2.330317488274e-03,8.511970122000e+01,1.796813536501e+01,1.023248185241e+04,3.023752547553e+02,1.122948908086e+01,1.971887004493e-02
2.332463442610e-03,8.511390923163e+01,1.797711398539e+01,1.024153882151e+04,3.023752407341e+02,1.122948885261e+01,1.971127626613e-02
2.334608304297e-03,8.510811263384e+01,1.798609483626e+01,1.025060629250e+04,3.023752266900e+02,1.122948862504e+01,1.970367816394e-02
2.336752072888e-03,8.510231143114e+01,1.799507790178e+01,1.025968427026e+04,3.023752126228e+02,1.122948839814e+01,1.969607574644e-02
2.338894747937e-03,8.509650562808e+01,1.800406316610e+01,1.026877275970e+04,3.023751985325e+02,1.122948817190e+01,1.968846902168e-02
2.341036329000e-03,8.509069522920e+01,1.801305061342e+01,1.027787176574e+04,3.023751844193e+02,1.122948794635e+01,1.968085799771e-02
2.343176815635e-03,8.508488023904e+01,1.802204022792e+01,1.028698129334e+04,3.023751702829e+02,1.122948772146e+01,1.967324268260e-02
2.345316207400e-03,8.507906066211e+01,1.803103199384e+01,1.029610134745e+04,3.023751561234e+02,1.122948749726e+01,1.966562308439e-02
2.347454503858e-03,8.507323650298e+01,1.804002589541e+01,1.030523193304e+04,3.023751419408e+02,1.122948727374e+01,1.965799921115e-02
2.349591704571e-03,8.506740776616e+01,1.804902191687e+01,1.031437305512e+04,3.023751277350e+02,1.122948705090e+01,1.965037107092e-02
2.351727809103e-03,8.506157445619e+01,1.805802004251e+01,1.032352471869e+04,3.023751135061e+02,1.122948682875e+01,1.964273867175e-02
2.353862817022e-03,8.505573657762e+01,1.806702025661e+01,1.033268692879e+04,3.023750992540e+02,1.122948660728e+01,1.963510202170e-02
2.355996727894e-03,8.504989413497e+01,1.807602254348e+01,1.034185969046e+04,3.023750849787e+02,1.122948638650e+01,1.962746112881e-02
2.358129541291e-03,8.504404713279e+01,1.808502688745e+01,1.035104300877e+04,3.023750706801e+02,1.122948616642e+01,1.961981600113e-02
2.360261256784e-03,8.503819557561e+01,1.809403327285e+01,1.036023688879e+04,3.023750563583e+02,1.122948594702e+01,1.961216664671e-02
2.362391873946e-03,8.503233946796e+01,1.810304168405e+01,1.036944133564e+04,3.023750420132e+02,1.122948572832e+01,1.960451307359e-02
2.364521392353e-03,8.502647881438e+01,1.811205210543e+01,1.037865635442e+04,3.023750276447e+02,1.122948551032e+01,1.959685528981e-02
2.366649811581e-03,8.502061361941e+01,1.812106452139e+01,1.038788195027e+04,3.023750132530e+02,1.122948529302e+01,1.958919330342e-02
2.368777131209e-03,8.501474388759e+01,1.813007891633e+01,1.039711812833e+04,3.023749988380e+02,1.122948507642e+01,1.958152712245e-02
2.370903350818e-03,8.500886962344e+01,1.813909527469e+01,1.040636489379e+04,3.023749843995e+02,1.122948486053e+01,1.957385675495e-02
2.373028469989e-03,8.500299083151e+01,1.814811358093e+01,1.041562225183e+04,3.023749699377e+02,1.122948464534e+01,1.956618220896e-02
2.375152488308e-03,8.499710751632e+01,1.815713381951e+01,1.042489020764e+04,3.023749554525e+02,1.122948443086e+01,1.955850349251e-02
2.377275405358e-03,8.499121968243e+01,1.816615597491e+01,1.043416876646e+04,3.023749409439e+02,1.122948421709e+01,1.955082061364e-02
2.379397220729e-03,8.498532733435e+01,1.817518003165e+01,1.044345793351e+04,3.023749264118e+02,1.122948400403e+01,1.954313358038e-02
2.381517934009e-03,8.497943047663e+01,1.818420597425e+01,1.045275771407e+04,3.023749118562e+02,1.122948379168e+01,1.953544240077e-02
2.383637544788e-03,8.497352911381e+01,1.819323378725e+01,1.046206811340e+04,3.023748972772e+02,1.122948358005e+01,1.952774708284e-02
2.385756052661e-03,8.496762325041e+01,1.820226345521e+01,1.047138913679e+04,3.023748826746e+02,1.122948336914e+01,1.952004763463e-02
2.387873457220e-03,8.496171289097e+01,1.821129496270e+01,1.048072078956e+04,3.023748680485e+02,1.122948315895e+01,1.951234406416e-02
2.389989758063e-03,8.495579804003e+01,1.822032829434e+01,1.049006307704e+04,3.023748533988e+02,1.122948294948e+01,1.950463637946e-02
2.392104954787e-03,8.494987870211e+01,1.822936343472e+01,1.049941600455e+04,3.023748387256e+02,1.122948274074e+01,1.949692458857e-02
2.394219046991e-03,8.494395488177e+01,1.823840036848e+01,1.050877957748e+04,3.023748240288e+02,1.122948253272e+01,1.948920869951e-02
2.396332034277e-03,8.493802658352e+01,1.824743908029e+01,1.051815380120e+04,3.023748093083e+02,1.122948232544e+01,1.948148872030e-02
2.398443916249e-03,8.493209381191e+01,1.825647955480e+01,1.052753868111e+04,3.023747945642e+02,1.122948211888e+01,1.947376465897e-02
2.400554692511e-03,8.492615657146e+01,1.826552177670e+01,1.053693422263e+04,3.023747797965e+02,1.122948191305e+01,1.946603652355e-02
2.402664362670e-03,8.492021486671e+01,1.827456573071e+01,1.054634043119e+04,3.023747650050e+02,1.122948170797e+01,1.945830432206e-02
2.404772926333e-03,8.491426870220e+01,1.828361140155e+01,1.055575731223e+04,3.023747501899e+02,1.122948150361e+01,1.945056806252e-02
2.406880383112e-03,8.490831808245e+01,1.829265877397e+01,1.056518487124e+04,3.023747353510e+02,1.122948130000e+01,1.944282775295e-02
2.408986732617e-03,8.490236301200e+01,1.830170783272e+01,1.057462311370e+04,3.023747204884e+02,1.122948109713e+01,1.943508340137e-02
2.411091974462e-03,8.489640349538e+01,1.831075856259e+01,1.058407204511e+04,3.023747056020e+02,1.122948089500e+01,1.942733501580e-02
2.413196108263e-03,8.489043953713e+01,1.831981094839e+01,1.059353167099e+04,3.023746906919e+02,1.122948069362e+01,1.941958260426e-02
2.415299133637e-03,8.488447114177e+01,1.832886497493e+01,1.060300199689e+04,3.023746757579e+02,1.122948049298e+01,1.941182617477e-02
2.417401050202e-03,8.487849831383e+01,1.833792062705e+01,1.061248302837e+04,3.023746608001e+02,1.122948029310e+01,1.940406573534e-02
2.419501857579e-03,8.487252105786e+01,1.834697788960e+01,1.062197477101e+04,3.023746458184e+02,1.122948009396e+01,1.939630129399e-02
2.421601555389e-03,8.486653937836e+01,1.835603674748e+01,1.063147723039e+04,3.023746308128e+02,1.122947989558e+01,1.938853285873e-02
2.423700143257e-03,8.486055327989e+01,1.836509718555e+01,1.064099041214e+04,3.023746157834e+02,1.122947969795e+01,1.938076043757e-02
2.425797620809e-03,8.485456276697e+01,1.837415918876e+01,1.065051432187e+04,3.023746007300e+02,1.122947950109e+01,1.937298403853e-02
2.427893987671e-03,8.484856784412e+01,1.838322274201e+01,1.066004896525e+04,3.023745856527e+02,1.122947930498e+01,1.936520366962e-02
2.429989243473e-03,8.484256851588e+01,1.839228783028e+01,1.066959434793e+04,3.023745705515e+02,1.122947910963e+01,1.935741933885e-02
2.432083387846e-03,8.483656478678e+01,1.840135443852e+01,1.067915047561e+04,3.023745554262e+02,1.122947891505e+01,1.934963105423e-02
2.434176420421e-03,8.483055666134e+01,1.841042255173e+01,1.068871735399e+04,3.023745402770e+02,1.122947872123e+01,1.934183882376e-02
2.436268340834e-03,8.482454414409e+01,1.841949215492e+01,1.069829498878e+04,3.023745251037e+02,1.122947852818e+01,1.933404265546e-02
2.438359148720e-03,8.481852723956e+01,1.842856323312e+01,1.070788338573e+04,3.023745099063e+02,1.122947833590e+01,1.932624255732e-02
2.440448843716e-03,8.481250595228e+01,1.843763577136e+01,1.071748255059e+04,3.023744946849e+02,1.122947814439e+01,1.931843853737e-02
2.442537425463e-03,8.480648028677e+01,1.844670975473e+01,1.072709248914e+04,3.023744794395e+02,1.122947795366e+01,1.931063060359e-02
2.444624893601e-03,8.480045024756e+01,1.845578516830e+01,1.073671320717e+04,3.023744641699e+02,1.122947776370e+01,1.930281876400e-02
2.446711247773e-03,8.479441583917e+01,1.846486199718e+01,1.074634471050e+04,3.023744488761e+02,1.122947757452e+01,1.929500302660e-02
2.448796487624e-03,8.478837706613e+01,1.847394022649e+01,1.075598700495e+04,3.023744335582e+02,1.122947738612e+01,1.928718339938e-02
2.450880612799e-03,8.478233393297e+01,1.848301984137e+01,1.076564009638e+04,3.023744182162e+02,1.122947719851e+01,1.927935989036e-02
2.452963622948e-03,8.477628644421e+01,1.849210082699e+01,1.077530399065e+04,3.023744028499e+02,1.122947701167e+01,1.927153250754e-02
2.455045517718e-03,8.477023460437e+01,1.850118316854e+01,1.078497869364e+04,3.023743874594e+02,1.122947682563e+01,1.926370125890e-02
2.457126296762e-03,8.476417841797e+01,1.851026685120e+01,1.079466421125e+04,3.023743720447e+02,1.122947664037e+01,1.925586615245e-02
2.459205959734e-03,8.475811788955e+01,1.851935186020e+01,1.080436054942e+04,3.023743566058e+02,1.122947645590e+01,1.924802719620e-02
2.461284506286e-03,8.475205302361e+01,1.852843818079e+01,1.081406771407e+04,3.023743411425e+02,1.122947627223e+01,1.924018439813e-02
2.463361936077e-03,8.474598382468e+01,1.853752579821e+01,1.082378571117e+04,3.023743256549e+02,1.122947608934e+01,1.923233776624e-02
2.465438248764e-03,8.473991029729e+01,1.854661469775e+01,1.083351454669e+04,3.023743101430e+02,1.122947590726e+01,1.922448730852e-02
2.467513444007e-03,8.473383244595e+01,1.855570486471e+01,1.084325422663e+04,3.023742946068e+02,1.122947572597e+01,1.921663303298e-02
2.469587521467e-03,8.472775027518e+01,1.856479628440e+01,1.085300475700e+04,3.023742790462e+02,1.122947554549e+01,1.920877494761e-02
2.471660480809e-03,8.472166378950e+01,1.857388894217e+01,1.086276614384e+04,3.023742634612e+02,1.122947536580e+01,1.920091306040e-02
2.473732321697e-03,8.471557299343e+01,1.858298282336e+01,1.087253839318e+04,3.023742478518e+02,1.122947518692e+01,1.919304737933e-02
2.475803043797e-03,8.470947789149e+01,1.859207791335e+01,1.088232151110e+04,3.023742322179e+02,1.122947500885e+01,1.918517791241e-02
2.477872646778e-03,8.470337848820e+01,1.860117419754e+01,1.089211550369e+04,3.023742165596e+02,1.122947483158e+01,1.917730466763e-02
2.479941130310e-03,8.469727478806e+01,1.861027166135e+01,1.090192037705e+04,3.023742008769e+02,1.122947465513e+01,1.916942765296e-02
2.482008494066e-03,8.469116679560e+01,1.861937029021e+01,1.091173613731e+04,3.023741851696e+02,1.122947447949e+01,1.916154687641e-02
2.484074737717e-03,8.468505451534e+01,1.862847006957e+01,1.092156279060e+04,3.023741694378e+02,1.122947430466e+01,1.915366234597e-02
2.486139860940e-03,8.467893795177e+01,1.863757098491e+01,1.093140034309e+04,3.023741536815e+02,1.122947413065e+01,1.914577406960e-02
2.488203863411e-03,8.467281710943e+01,1.864667302172e+01,1.094124880096e+04,3.023741379006e+02,1.122947395746e+01,1.913788205532e-02
2.490266744809e-03,8.466669199283e+01,1.865577616552e+01,1.095110817040e+04,3.023741220951e+02,1.122947378509e+01,1.912998631110e-02
2.492328504814e-03,8.466056260646e+01,1.866488040184e+01,1.096097845764e+04,3.023741062650e+02,1.122947361354e+01,1.912208684492e-02
2.494389143108e-03,8.465442895486e+01,1.867398571623e+01,1.097085966890e+04,3.023740904103e+02,1.122947344281e+01,1.911418366478e-02
2.496448659375e-03,8.464829104252e+01,1.868309209427e+01,1.098075181044e+04,3.023740745310e+02,1.122947327291e+01,1.910627677865e-02
2.498507053300e-03,8.464214887396e+01,1.869219952155e+01,1.099065488854e+04,3.023740586270e+02,1.122947310384e+01,1.909836619452e-02
2.500564324569e-03,8.463600245369e+01,1.870130798369e+01,1.100056890948e+04,3.023740426983e+02,1.122947293560e+01,1.909045192038e-02
2.502620472872e-03,8.462985178621e+01,1.871041746630e+01,1.101049387957e+04,3.023740267449e+02,1.122947276820e+01,1.908253396419e-02
2.504675497899e-03,8.462369687604e+01,1.871952795506e+01,1.102042980514e+04,3.023740107667e+02,1.122947260163e+01,1.907461233396e-02
2.506729399342e-03,8.461753772768e+01,1.872863943563e+01,1.103037669254e+04,3.023739947638e+02,1.122947243589e+01,1.906668703765e-02
2.508782176895e-03,8.461137434563e+01,1.873775189370e+01,1.104033454814e+04,3.023739787361e+02,1.122947227099e+01,1.905875808324e-02
2.510833830252e-03,8.460520673441e+01,1.874686531498e+01,1.105030337831e+04,3.023739626836e+02,1.122947210694e+01,1.905082547871e-02
2.512884359112e-03,8.459903489851e+01,1.875597968521e+01,1.106028318946e+04,3.023739466063e+02,1.122947194372e+01,1.904288923205e-02
2.514933763172e-03,8.459285884245e+01,1.876509499015e+01,1.107027398802e+04,3.023739305042e+02,1.122947178135e+01,1.903494935123e-02
2.516982042133e-03,8.458667857071e+01,1.877421121555e+01,1.108027578042e+04,3.023739143772e+02,1.122947161983e+01,1.902700584423e-02
2.519029195698e-03,8.458049408782e+01,1.878332834723e+01,1.109028857312e+04,3.023738982253e+02,1.122947145915e+01,1.901905871902e-02
2.521075223570e-03,8.457430539825e+01,1.879244637098e+01,1.110031237261e+04,3.023738820485e+02,1.122947129933e+01,1.901110798358e-02
2.523120125455e-03,8.456811250653e+01,1.880156527264e+01,1.111034718537e+04,3.023738658468e+02,1.122947114035e+01,1.900315364588e-02
2.525163901058e-03,8.456191541714e+01,1.881068503807e+01,1.112039301792e+04,3.023738496202e+02,1.122947098224e+01,1.899519571390e-02
2.527206550091e-03,8.455571413459e+01,1.881980565313e+01,1.113044987681e+04,3.023738333685e+02,1.122947082497e+01,1.898723419562e-02
2.529248072262e-03,8.454950866336e+01,1.882892710373e+01,1.114051776858e+04,3.023738170919e+02,1.122947066857e+01,1.897926909899e-02
2.531288467284e-03,8.454329900797e+01,1.883804937577e+01,1.115059669980e+04,3.023738007903e+02,1.122947051303e+01,1.897130043201e-02
2.533327734870e-03,8.453708517290e+01,1.884717245518e+01,1.116068667707e+04,3.023737844636e+02,1.122947035834e+01,1.896332820264e-02
2.535365874737e-03,8.453086716265e+01,1.885629632793e+01,1.117078770700e+04,3.023737681119e+02,1.122947020453e+01,1.895535241884e-02
2.537402886601e-03,8.452464498171e+01,1.886542097998e+01,1.118089979621e+04,3.023737517351e+02,1.122947005158e+01,1.894737308860e-02
2.539438770181e-03,8.451841863458e+01,1.887454639733e+01,1.119102295136e+04,3.023737353333e+02,1.122946989949e+01,1.893939021988e-02
2.541473525197e-03,8.451218812575e+01,1.888367256600e+01,1.120115717911e+04,3.023737189062e+02,1.122946974828e+01,1.893140382065e-02
2.543507151372e-03,8.450595345971e+01,1.889279947202e+01,1.121130248615e+04,3.023737024541e+02,1.122946959794e+01,1.892341389888e-02
2.545539648429e-03,8.449971464094e+01,1.890192710144e+01,1.122145887918e+04,3.023736859768e+02,1.122946944847e+01,1.891542046254e-02
2.547571016094e-03,8.449347167394e+01,1.891105544034e+01,1.123162636493e+04,3.023736694743e+02,1.122946929988e+01,1.890742351959e-02
2.549601254093e-03,8.448722456320e+01,1.892018447481e+01,1.124180495015e+04,3.023736529466e+02,1.122946915217e+01,1.889942307800e-02
2.551630362155e-03,8.448097331320e+01,1.892931419098e+01,1.125199464159e+04,3.023736363937e+02,1.122946900533e+01,1.889141914574e-02
2.553658340012e-03,8.447471792843e+01,1.893844457498e+01,1.126219544603e+04,3.023736198155e+02,1.122946885938e+01,1.888341173078e-02
2.555685187394e-03,8.446845841337e+01,1.894757561296e+01,1.127240737028e+04,3.023736032121e+02,1.122946871431e+01,1.887540084107e-02
2.557710904035e-03,8.446219477251e+01,1.895670729111e+01,1.128263042116e+04,3.023735865834e+02,1.122946857013e+01,1.886738648458e-02
2.559735489671e-03,8.445592701033e+01,1.896583959561e+01,1.129286460550e+04,3.023735699293e+02,1.122946842684e+01,1.885936866928e-02
2.561758944039e-03,8.444965513131e+01,1.897497251270e+01,1.130310993016e+04,3.023735532500e+02,1.122946828443e+01,1.885134740314e-02
2.563781266876e-03,8.444337913993e+01,1.898410602861e+01,1.131336640203e+04,3.023735365453e+02,1.122946814292e+01,1.884332269410e-02
2.565802457925e-03,8.443709904067e+01,1.899324012959e+01,1.132363402799e+04,3.023735198152e+02,1.122946800230e+01,1.883529455014e-02
2.567822516926e-03,8.443081483801e+01,1.900237480193e+01,1.133391281497e+04,3.023735030597e+02,1.122946786257e+01,1.882726297922e-02
2.569841443622e-03,8.442452653643e+01,1.901151003194e+01,1.134420276989e+04,3.023734862788e+02,1.122946772375e+01,1.881922798929e-02
2.571859237759e-03,8.441823414041e+01,1.902064580592e+01,1.135450389972e+04,3.023734694724e+02,1.122946758582e+01,1.881118958832e-02
2.573875899085e-03,8.441193765441e+01,1.902978211022e+01,1.136481621142e+04,3.023734526406e+02,1.122946744879e+01,1.880314778427e-02
2.575891427347e-03,8.440563708291e+01,1.903891893120e+01,1.137513971198e+04,3.023734357833e+02,1.122946731267e+01,1.879510258509e-02
2.577905822295e-03,8.439933243039e+01,1.904805625525e+01,1.138547440843e+04,3.023734189005e+02,1.122946717745e+01,1.878705399875e-02
2.579919083682e-03,8.439302370132e+01,1.905719406878e+01,1.139582030779e+04,3.023734019922e+02,1.122946704314e+01,1.877900203321e-02
2.581931211260e-03,8.438671090016e+01,1.906633235819e+01,1.140617741711e+04,3.023733850583e+02,1.122946690973e+01,1.877094669641e-02
2.583942204784e-03,8.438039403139e+01,1.907547110994e+01,1.141654574345e+04,3.023733680989e+02,1.122946677724e+01,1.876288799633e-02
2.585952064012e-03,8.437407309947e+01,1.908461031050e+01,1.142692529392e+04,3.023733511139e+02,1.122946664566e+01,1.875482594091e-02
2.587960788701e-03,8.436774810888e+01,1.909374994635e+01,1.143731607562e+04,3.023733341032e+02,1.122946651500e+01,1.874676053811e-02
2.589968378611e-03,8.436141906407e+01,1.910289000399e+01,1.144771809567e+04,3.023733170670e+02,1.122946638525e+01,1.873869179588e-02
2.591974833504e-03,8.435508596951e+01,1.911203046996e+01,1.145813136123e+04,3.023733000051e+02,1.122946625642e+01,1.873061972219e-02
2.593980153143e-03,8.434874882967e+01,1.912117133079e+01,1.146855587946e+04,3.023732829175e+02,1.122946612851e+01,1.872254432498e-02
2.595984337293e-03,8.434240764901e+01,1.913031257307e+01,1.147899165754e+04,3.023732658042e+02,1.122946600153e+01,1.871446561221e-02
2.597987385720e-03,8.433606243198e+01,1.913945418338e+01,1.148943870268e+04,3.023732486652e+02,1.122946587546e+01,1.870638359183e-02
2.599989298192e-03,8.432971318305e+01,1.914859614833e+01,1.149989702211e+04,3.023732315004e+02,1.122946575033e+01,1.869829827180e-02
2.601990074479e-03,8.432335990667e+01,1.915773845455e+01,1.151036662308e+04,3.023732143099e+02,1.122946562612e+01,1.869020966007e-02
2.603989714351e-03,8.431700260730e+01,1.916688108870e+01,1.152084751283e+04,3.023731970936e+02,1.122946550284e+01,1.868211776458e-02
2.605988217583e-03,8.431064128941e+01,1.917602403744e+01,1.153133969867e+04,3.023731798515e+02,1.122946538049e+01,1.867402259330e-02
2.607985583948e-03,8.430427595743e+01,1.918516728747e+01,1.154184318789e+04,3.023731625836e+02,1.122946525908e+01,1.866592415416e-02
2.609981813222e-03,8.429790661583e+01,1.919431082551e+01,1.155235798781e+04,3.023731452899e+02,1.122946513860e+01,1.865782245512e-02
2.611976905183e-03,8.429153326906e+01,1.920345463828e+01,1.156288410577e+04,3.023731279702e+02,1.122946501906e+01,1.864971750414e-02
2.613970859612e-03,8.428515592156e+01,1.921259871256e+01,1.157342154915e+04,3.023731106247e+02,1.122946490047e+01,1.864160930915e-02
2.615963676287e-03,8.427877457779e+01,1.922174303510e+01,1.158397032531e+04,3.023730932533e+02,1.122946478281e+01,1.863349787811e-02
2.617955354993e-03,8.427238924220e+01,1.923088759272e+01,1.159453044167e+04,3.023730758559e+02,1.122946466609e+01,1.862538321897e-02
2.619945895512e-03,8.426599991923e+01,1.924003237222e+01,1.160510190563e+04,3.023730584326e+02,1.122946455032e+01,1.861726533966e-02
2.621935297632e-03,8.425960661332e+01,1.924917736046e+01,1.161568472464e+04,3.023730409833e+02,1.122946443550e+01,1.860914424815e-02
2.623923561138e-03,8.425320932892e+01,1.925832254428e+01,1.162627890616e+04,3.023730235081e+02,1.122946432162e+01,1.860101995237e-02
2.625910685822e-03,8.424680807047e+01,1.926746791058e+01,1.163688445767e+04,3.023730060068e+02,1.122946420870e+01,1.859289246028e-02
2.627896671472e-03,8.424040284241e+01,1.927661344625e+01,1.164750138667e+04,3.023729884794e+02,1.122946409673e+01,1.858476177981e-02
2.629881517881e-03,8.423399364919e+01,1.928575913821e+01,1.165812970067e+04,3.023729709261e+02,1.122946398572e+01,1.857662791891e-02
2.631865224842e-03,8.422758049524e+01,1.929490497342e+01,1.166876940722e+04,3.023729533466e+02,1.122946387566e+01,1.856849088553e-02
2.633847792153e-03,8.422116338499e+01,1.930405093884e+01,1.167942051387e+04,3.023729357410e+02,1.122946376656e+01,1.856035068761e-02
2.635829219608e-03,8.421474232289e+01,1.931319702145e+01,1.169008302820e+04,3.023729181093e+02,1.122946365841e+01,1.855220733309e-02
2.637809507008e-03,8.420831731336e+01,1.932234320826e+01,1.170075695781e+04,3.023729004515e+02,1.122946355124e+01,1.854406082992e-02
2.639788654151e-03,8.420188836084e+01,1.933148948630e+01,1.171144231031e+04,3.023728827675e+02,1.122946344502e+01,1.853591118603e-02
2.641766660840e-03,8.419545546977e+01,1.934063584262e+01,1.172213909335e+04,3.023728650573e+02,1.122946333977e+01,1.852775840938e-02
2.643743526878e-03,8.418901864456e+01,1.934978226429e+01,1.173284731457e+04,3.023728473209e+02,1.122946323549e+01,1.851960250789e-02
2.645719252070e-03,8.418257788965e+01,1.935892873840e+01,1.174356698166e+04,3.023728295582e+02,1.122946313218e+01,1.851144348952e-02
2.647693836223e-03,8.417613320946e+01,1.936807525206e+01,1.175429810231e+04,3.023728117694e+02,1.122946302984e+01,1.850328136219e-02
2.649667279144e-03,8.416968460842e+01,1.937722179241e+01,1.176504068425e+04,3.023727939542e+02,1.122946292847e+01,1.849511613386e-02
2.651639580644e-03,8.416323209095e+01,1.938636834661e+01,1.177579473519e+04,3.023727761128e+02,1.122946282808e+01,1.848694781246e-02
2.653610740533e-03,8.415677566148e+01,1.939551490182e+01,1.178656026291e+04,3.023727582450e+02,1.122946272867e+01,1.847877640593e-02
2.655580758626e-03,8.415031532443e+01,1.940466144524e+01,1.179733727517e+04,3.023727403509e+02,1.122946263023e+01,1.847060192220e-02
2.657549634735e-03,8.414385108420e+01,1.941380796410e+01,1.180812577978e+04,3.023727224304e+02,1.122946253278e+01,1.846242436922e-02
2.659517368677e-03,8.413738294524e+01,1.942295444562e+01,1.181892578454e+04,3.023727044836e+02,1.122946243631e+01,1.845424375492e-02
2.661483960270e-03,8.413091091193e+01,1.943210087709e+01,1.182973729730e+04,3.023726865104e+02,1.122946234082e+01,1.844606008723e-02
2.663449409333e-03,8.412443498871e+01,1.944124724576e+01,1.184056032591e+04,3.023726685107e+02,1.122946224632e+01,1.843787337411e-02
2.665413715687e-03,8.411795517999e+01,1.945039353895e+01,1.185139487824e+04,3.023726504846e+02,1.122946215280e+01,1.842968362347e-02
2.667376879153e-03,8.411147149017e+01,1.945953974398e+01,1.186224096220e+04,3.023726324321e+02,1.122946206028e+01,1.842149084325e-02
2.669338899557e-03,8.410498392367e+01,1.946868584819e+01,1.187309858569e+04,3.023726143530e+02,1.122946196875e+01,1.841329504139e-02
2.671299776723e-03,8.409849248490e+01,1.947783183895e+01,1.188396775665e+04,3.023725962475e+02,1.122946187821e+01,1.840509622583e-02
2.673259510479e-03,8.409199717825e+01,1.948697770366e+01,1.189484848304e+04,3.023725781154e+02,1.122946178867e+01,1.839689440449e-02
2.675218100653e-03,8.408549800814e+01,1.949612342970e+01,1.190574077283e+04,3.023725599567e+02,1.122946170013e+01,1.838868958531e-02
2.677175547075e-03,8.407899497897e+01,1.950526900452e+01,1.191664463402e+04,3.023725417715e+02,1.122946161258e+01,1.838048177623e-02
2.679131849578e-03,8.407248809514e+01,1.951441441557e+01,1.192756007462e+04,3.023725235598e+02,1.122946152604e+01,1.837227098516e-02
2.681087007994e-03,8.406597736106e+01,1.952355965032e+01,1.193848710268e+04,3.023725053214e+02,1.122946144049e+01,1.836405722005e-02
2.683041022158e-03,8.405946278111e+01,1.953270469626e+01,1.194942572624e+04,3.023724870563e+02,1.122946135596e+01,1.835584048883e-02
2.684993891908e-03,8.405294435970e+01,1.954184954090e+01,1.196037595338e+04,3.023724687646e+02,1.122946127243e+01,1.834762079942e-02
2.686945617079e-03,8.404642210122e+01,1.955099417178e+01,1.197133779220e+04,3.023724504462e+02,1.122946118991e+01,1.833939815976e-02
2.688896197514e-03,8.403989601007e+01,1.956013857646e+01,1.198231125081e+04,3.023724321012e+02,1.122946110840e+01,1.833117257777e-02
2.690845633052e-03,8.403336609064e+01,1.956928274252e+01,1.199329633736e+04,3.023724137294e+02,1.122946102790e+01,1.832294406138e-02
2.692793923536e-03,8.402683234731e+01,1.957842665756e+01,1.200429305999e+04,3.023723953309e+02,1.122946094841e+01,1.831471261853e-02
2.694741068810e-03,8.402029478448e+01,1.958757030918e+01,1.201530142688e+04,3.023723769056e+02,1.122946086994e+01,1.830647825714e-02
2.696687068721e-03,8.401375340653e+01,1.959671368505e+01,1.202632144624e+04,3.023723584535e+02,1.122946079249e+01,1.829824098513e-02
2.698631923116e-03,8.400720821785e+01,1.960585677282e+01,1.203735312627e+04,3.023723399746e+02,1.122946071606e+01,1.829000081043e-02
2.700575631843e-03,8.400065922282e+01,1.961499956017e+01,1.204839647522e+04,3.023723214689e+02,1.122946064064e+01,1.828175774097e-02
2.702518194752e-03,8.399410642583e+01,1.962414203481e+01,1.205945150134e+04,3.023723029364e+02,1.122946056625e+01,1.827351178468e-02
2.704459611697e-03,8.398754983125e+01,1.963328418447e+01,1.207051821291e+04,3.023722843770e+02,1.122946049289e+01,1.826526294947e-02
2.706399882530e-03,8.398098944346e+01,1.964242599690e+01,1.208159661823e+04,3.023722657907e+02,1.122946042055e+01,1.825701124328e-02
2.708339007107e-03,8.397442526683e+01,1.965156745986e+01,1.209268672562e+04,3.023722471775e+02,1.122946034924e+01,1.824875667402e-02
2.710276985284e-03,8.396785730576e+01,1.966070856115e+01,1.210378854341e+04,3.023722285373e+02,1.122946027896e+01,1.824049924963e-02
2.712213816919e-03,8.396128556459e+01,1.966984928857e+01,1.211490207996e+04,3.023722098702e+02,1.122946020972e+01,1.823223897802e-02
2.714149501872e-03,8.395471004772e+01,1.967898962997e+01,1.212602734366e+04,3.023721911761e+02,1.122946014150e+01,1.822397586711e-02
2.716084040004e-03,8.394813075949e+01,1.968812957320e+01,1.213716434291e+04,3.023721724551e+02,1.122946007433e+01,1.821570992483e-02
2.718017431178e-03,8.394154770430e+01,1.969726910612e+01,1.214831308611e+04,3.023721537070e+02,1.122946000819e+01,1.820744115910e-02
2.719949675259e-03,8.393496088649e+01,1.970640821665e+01,1.215947358172e+04,3.023721349319e+02,1.122945994309e+01,1.819916957783e-02
2.721880772112e-03,8.392837031044e+01,1.971554689269e+01,1.217064583820e+04,3.023721161297e+02,1.122945987903e+01,1.819089518896e-02
2.723810721604e-03,8.392177598050e+01,1.972468512220e+01,1.218182986402e+04,3.023720973005e+02,1.122945981601e+01,1.818261800039e-02
2.725739523604e-03,8.391517790104e+01,1.973382289312e+01,1.219302566768e+04,3.023720784441e+02,1.122945975404e+01,1.817433802005e-02
2.727667177983e-03,8.390857607642e+01,1.974296019345e+01,1.220423325772e+04,3.023720595606e+02,1.122945969311e+01,1.816605525585e-02
2.729593684613e-03,8.390197051099e+01,1.975209701118e+01,1.221545264266e+04,3.023720406500e+02,1.122945963323e+01,1.815776971571e-02
2.731519043367e-03,8.389536120910e+01,1.976123333434e+01,1.222668383108e+04,3.023720217122e+02,1.122945957440e+01,1.814948140756e-02
2.733443254120e-03,8.388874817511e+01,1.977036915098e+01,1.223792683156e+04,3.023720027473e+02,1.122945951663e+01,1.814119033930e-02
2.735366316750e-03,8.388213141338e+01,1.977950444917e+01,1.224918165270e+04,3.023719837551e+02,1.122945945990e+01,1.813289651885e-02
2.737288231132e-03,8.387551092824e+01,1.978863921700e+01,1.226044830312e+04,3.023719647357e+02,1.122945940423e+01,1.812459995412e-02
2.739208997148e-03,8.386888672406e+01,1.979777344257e+01,1.227172679148e+04,3.023719456890e+02,1.122945934962e+01,1.811630065304e-02
2.741128614678e-03,8.386225880517e+01,1.980690711402e+01,1.228301712642e+04,3.023719266151e+02,1.122945929607e+01,1.810799862352e-02
2.743047083606e-03,8.385562717591e+01,1.981604021950e+01,1.229431931666e+04,3.023719075139e+02,1.122945924358e+01,1.809969387346e-02
2.744964403814e-03,8.384899184063e+01,1.982517274719e+01,1.230563337087e+04,3.023718883854e+02,1.122945919215e+01,1.809138641079e-02
2.746880575189e-03,8.384235280368e+01,1.983430468529e+01,1.231695929781e+04,3.023718692295e+02,1.122945914179e+01,1.808307624341e-02
2.748795597618e-03,8.383571006937e+01,1.984343602200e+01,1.232829710620e+04,3.023718500463e+02,1.122945909249e+01,1.807476337924e-02
2.750709470989e-03,8.382906364207e+01,1.985256674558e+01,1.233964680482e+04,3.023718308357e+02,1.122945904426e+01,1.806644782618e-02
2.752622195193e-03,8.382241352609e+01,1.986169684428e+01,1.235100840247e+04,3.023718115977e+02,1.122945899709e+01,1.805812959215e-02
2.754533770121e-03,8.381575972577e+01,1.987082630638e+01,1.236238190794e+04,3.023717923323e+02,1.122945895100e+01,1.804980868506e-02
2.756444195666e-03,8.380910224543e+01,1.987995512018e+01,1.237376733007e+04,3.023717730395e+02,1.122945890598e+01,1.804148511282e-02
2.758353471723e-03,8.380244108942e+01,1.988908327401e+01,1.238516467771e+04,3.023717537192e+02,1.122945886204e+01,1.803315888333e-02
2.760261598188e-03,8.379577626205e+01,1.989821075622e+01,1.239657395972e+04,3.023717343714e+02,1.122945881917e+01,1.802483000450e-02
2.762168574959e-03,8.378910776765e+01,1.990733755518e+01,1.240799518501e+04,3.023717149961e+02,1.122945877739e+01,1.801649848425e-02
2.764074401936e-03,8.378243561054e+01,1.991646365926e+01,1.241942836249e+04,3.023716955933e+02,1.122945873668e+01,1.800816433047e-02
2.765979079017e-03,8.377575979504e+01,1.992558905689e+01,1.243087350108e+04,3.023716761630e+02,1.122945869705e+01,1.799982755108e-02
2.767882606107e-03,8.376908032547e+01,1.993471373649e+01,1.244233060974e+04,3.023716567051e+02,1.122945865851e+01,1.799148815398e-02
2.769784983107e-03,8.376239720615e+01,1.994383768651e+01,1.245379969745e+04,3.023716372196e+02,1.122945862105e+01,1.798314614707e-02
2.771686209925e-03,8.375571044139e+01,1.995296089544e+01,1.246528077321e+04,3.023716177065e+02,1.122945858468e+01,1.797480153825e-02
2.773586286465e-03,8.374902003550e+01,1.996208335176e+01,1.247677384602e+04,3.023715981657e+02,1.122945854939e+01,1.796645433544e-02
2.775485212637e-03,8.374232599280e+01,1.997120504400e+01,1.248827892492e+04,3.023715785973e+02,1.122945851520e+01,1.795810454654e-02
2.777382988349e-03,8.373562831759e+01,1.998032596068e+01,1.249979601899e+04,3.023715590013e+02,1.122945848210e+01,1.794975217944e-02
2.779279613513e-03,8.372892701418e+01,1.998944609038e+01,1.251132513728e+04,3.023715393775e+02,1.122945845010e+01,1.794139724205e-02
2.781175088042e-03,8.372222208687e+01,1.999856542166e+01,1.252286628890e+04,3.023715197261e+02,1.122945841918e+01,1.793303974227e-02
2.783069411849e-03,8.371551353996e+01,2.000768394315e+01,1.253441948298e+04,3.023715000469e+02,1.122945838937e+01,1.792467968799e-02
2.784962584850e-03,8.370880137776e+01,2.001680164345e+01,1.254598472864e+04,3.023714803399e+02,1.122945836066e+01,1.791631708713e-02
2.786854606962e-03,8.370208560456e+01,2.002591851121e+01,1.255756203507e+04,3.023714606052e+02,1.122945833304e+01,1.790795194757e-02
2.788745478104e-03,8.369536622466e+01,2.003503453511e+01,1.256915141143e+04,3.023714408427e+02,1.122945830653e+01,1.789958427722e-02
2.790635198195e-03,8.368864324236e+01,2.004414970382e+01,1.258075286693e+04,3.023714210524e+02,1.122945828113e+01,1.789121408396e-02
2.792523767156e-03,8.368191666194e+01,2.005326400606e+01,1.259236641080e+04,3.023714012342e+02,1.122945825683e+01,1.788284137571e-02
2.794411184912e-03,8.367518648769e+01,2.006237743056e+01,1.260399205228e+04,3.023713813881e+02,1.122945823363e+01,1.787446616036e-02
2.796297451386e-03,8.366845272391e+01,2.007148996607e+01,1.261562980064e+04,3.023713615142e+02,1.122945821155e+01,1.786608844579e-02
2.798182566503e-03,8.366171537487e+01,2.008060160136e+01,1.262727966516e+04,3.023713416124e+02,1.122945819058e+01,1.785770823991e-02
2.800066530192e-03,8.365497444487e+01,2.008971232523e+01,1.263894165515e+04,3.023713216827e+02,1.122945817072e+01,1.784932555061e-02
2.801949342381e-03,8.364822993818e+01,2.009882212650e+01,1.265061577995e+04,3.023713017250e+02,1.122945815197e+01,1.784094038578e-02
2.803831003000e-03,8.364148185908e+01,2.010793099400e+01,1.266230204890e+04,3.023712817393e+02,1.122945813434e+01,1.783255275331e-02
2.805711511981e-03,8.363473021185e+01,2.011703891660e+01,1.267400047138e+04,3.023712617257e+02,1.122945811783e+01,1.782416266110e-02
2.807590869257e-03,8.362797500077e+01,2.012614588316e+01,1.268571105677e+04,3.023712416841e+02,1.122945810244e+01,1.781577011704e-02
2.809469074763e-03,8.362121623010e+01,2.013525188260e+01,1.269743381450e+04,3.023712216144e+02,1.122945808817e+01,1.780737512901e-02
2.811346128434e-03,8.361445390412e+01,2.014435690384e+01,1.270916875399e+04,3.023712015167e+02,1.122945807503e+01,1.779897770491e-02
2.813222030209e-03,8.360768802710e+01,2.015346093583e+01,1.272091588469e+04,3.023711813909e+02,1.122945806300e+01,1.779057785262e-02
2.815096780026e-03,8.360091860330e+01,2.016256396751e+01,1.273267521610e+04,3.023711612370e+02,1.122945805211e+01,1.778217558003e-02
2.816970377825e-03,8.359414563698e+01,2.017166598790e+01,1.274444675769e+04,3.023711410551e+02,1.122945804234e+01,1.777377089504e-02
2.818842823550e-03,8.358736913242e+01,2.018076698599e+01,1.275623051901e+04,3.023711208449e+02,1.122945803371e+01,1.776536380552e-02
2.820714117141e-03,8.358058909386e+01,2.018986695081e+01,1.276802650956e+04,3.023711006067e+02,1.122945802620e+01,1.775695431936e-02
2.822584258547e-03,8.357380552556e+01,2.019896587143e+01,1.277983473894e+04,3.023710803402e+02,1.122945801983e+01,1.774854244444e-02
2.824453247710e-03,8.356701843179e+01,2.020806373689e+01,1.279165521671e+04,3.023710600456e+02,1.122945801459e+01,1.774012818866e-02
2.826321084580e-03,8.356022781679e+01,2.021716053631e+01,1.280348795247e+04,3.023710397227e+02,1.122945801049e+01,1.773171155989e-02
2.828187769107e-03,8.355343368482e+01,2.022625625880e+01,1.281533295586e+04,3.023710193716e+02,1.122945800753e+01,1.772329256601e-02
2.830053301239e-03,8.354663604012e+01,2.023535089349e+01,1.282719023652e+04,3.023709989923e+02,1.122945800570e+01,1.771487121492e-02
2.831917680929e-03,8.353983488694e+01,2.024444442955e+01,1.283905980411e+04,3.023709785847e+02,1.122945800502e+01,1.770644751447e-02
2.833780908131e-03,8.353303022952e+01,2.025353685615e+01,1.285094166832e+04,3.023709581488e+02,1.122945800549e+01,1.769802147257e-02
2.835642982800e-03,8.352622207211e+01,2.026262816248e+01,1.286283583886e+04,3.023709376845e+02,1.122945800709e+01,1.768959309708e-02
2.837503904891e-03,8.351941041895e+01,2.027171833779e+01,1.287474232546e+04,3.023709171919e+02,1.122945800985e+01,1.768116239588e-02
2.839363674362e-03,8.351259527427e+01,2.028080737130e+01,1.288666113787e+04,3.023708966710e+02,1.122945801375e+01,1.767272937686e-02
2.841222291175e-03,8.350577664230e+01,2.028989525229e+01,1.289859228588e+04,3.023708761216e+02,1.122945801880e+01,1.766429404788e-02
2.843079755286e-03,8.349895452729e+01,2.029898197003e+01,1.291053577925e+04,3.023708555439e+02,1.122945802501e+01,1.765585641683e-02
2.844936066660e-03,8.349212893346e+01,2.030806751384e+01,1.292249162782e+04,3.023708349378e+02,1.122945803237e+01,1.764741649158e-02
2.846791225260e-03,8.348529986504e+01,2.031715187304e+01,1.293445984142e+04,3.023708143032e+02,1.122945804088e+01,1.763897427999e-02
2.848645231050e-03,8.347846732626e+01,2.032623503699e+01,1.294644042991e+04,3.023707936401e+02,1.122945805055e+01,1.763052978995e-02
2.850498083997e-03,8.347163132133e+01,2.033531699505e+01,1.295843340317e+04,3.023707729485e+02,1.122945806138e+01,1.762208302933e-02
2.852349784069e-03,8.346479185449e+01,2.034439773663e+01,1.297043877109e+04,3.023707522285e+02,1.122945807336e+01,1.761363400600e-02
2.854200331235e-03,8.345794892995e+01,2.035347725112e+01,1.298245654361e+04,3.023707314799e+02,1.122945808651e+01,1.760518272783e-02
2.856049725464e-03,8.345110255192e+01,2.036255552797e+01,1.299448673065e+04,3.023707107027e+02,1.122945810083e+01,1.759672920268e-02
2.857897966730e-03,8.344425272462e+01,2.037163255664e+01,1.300652934220e+04,3.023706898970e+02,1.122945811630e+01,1.758827343843e-02
2.859745055005e-03,8.343739945227e+01,2.038070832659e+01,1.301858438822e+04,3.023706690627e+02,1.122945813295e+01,1.757981544294e-02
2.861590990265e-03,8.343054273907e+01,2.038978282734e+01,1.303065187874e+04,3.023706481998e+02,1.122945815076e+01,1.757135522409e-02
2.863435772485e-03,8.342368258923e+01,2.039885604839e+01,1.304273182377e+04,3.023706273083e+02,1.122945816974e+01,1.756289278973e-02
2.865279401643e-03,8.341681900696e+01,2.040792797930e+01,1.305482423337e+04,3.023706063881e+02,1.122945818990e+01,1.755442814773e-02
2.867121877718e-03,8.340995199646e+01,2.041699860961e+01,1.306692911761e+04,3.023705854392e+02,1.122945821123e+01,1.754596130596e-02
2.868963200692e-03,8.340308156192e+01,2.042606792893e+01,1.307904648659e+04,3.023705644616e+02,1.122945823373e+01,1.753749227227e-02
2.870803370543e-03,8.339620770755e+01,2.043513592685e+01,1.309117635041e+04,3.023705434553e+02,1.122945825741e+01,1.752902105453e-02
2.872642387259e-03,8.338933043754e+01,2.044420259300e+01,1.310331871922e+04,3.023705224203e+02,1.122945828226e+01,1.752054766061e-02
2.874480250820e-03,8.338244975609e+01,2.045326791703e+01,1.311547360317e+04,3.023705013566e+02,1.122945830830e+01,1.751207209835e-02
2.876316961215e-03,8.337556566738e+01,2.046233188859e+01,1.312764101244e+04,3.023704802640e+02,1.122945833552e+01,1.750359437563e-02
2.878152518431e-03,8.336867817561e+01,2.047139449740e+01,1.313982095723e+04,3.023704591426e+02,1.122945836392e+01,1.749511450028e-02
2.879986922456e-03,8.336178728496e+01,2.048045573315e+01,1.315201344776e+04,3.023704379925e+02,1.122945839351e+01,1.748663248019e-02
2.881820173280e-03,8.335489299961e+01,2.048951558558e+01,1.316421849427e+04,3.023704168135e+02,1.122945842428e+01,1.747814832320e-02
2.883652270896e-03,8.334799532374e+01,2.049857404444e+01,1.317643610704e+04,3.023703956056e+02,1.122945845624e+01,1.746966203716e-02
2.885483215296e-03,8.334109426155e+01,2.050763109951e+01,1.318866629634e+04,3.023703743688e+02,1.122945848939e+01,1.746117362993e-02
2.887313006474e-03,8.333418981719e+01,2.051668674058e+01,1.320090907249e+04,3.023703531032e+02,1.122945852373e+01,1.745268310936e-02
2.889141644427e-03,8.332728199484e+01,2.052574095747e+01,1.321316444582e+04,3.023703318086e+02,1.122945855926e+01,1.744419048331e-02
2.890969129150e-03,8.332037079868e+01,2.053479374002e+01,1.322543242667e+04,3.023703104851e+02,1.122945859599e+01,1.743569575962e-02
2.892795460644e-03,8.331345623287e+01,2.054384507808e+01,1.323771302542e+04,3.023702891326e+02,1.122945863391e+01,1.742719894614e-02
2.894620638908e-03,8.330653830159e+01,2.055289496155e+01,1.325000625246e+04,3.023702677511e+02,1.122945867303e+01,1.741870005073e-02
2.896444663941e-03,8.329961700899e+01,2.056194338031e+01,1.326231211821e+04,3.023702463407e+02,1.122945871335e+01,1.741019908123e-02
2.898267535750e-03,8.329269235923e+01,2.057099032429e+01,1.327463063312e+04,3.023702249012e+02,1.122945875488e+01,1.740169604549e-02
2.900089254335e-03,8.328576435649e+01,2.058003578344e+01,1.328696180762e+04,3.023702034326e+02,1.122945879760e+01,1.739319095135e-02
2.901909819705e-03,8.327883300490e+01,2.058907974772e+01,1.329930565222e+04,3.023701819350e+02,1.122945884153e+01,1.738468380666e-02
2.903729231864e-03,8.327189830863e+01,2.059812220712e+01,1.331166217741e+04,3.023701604083e+02,1.122945888666e+01,1.737617461925e-02
2.905547490821e-03,8.326496027183e+01,2.060716315164e+01,1.332403139372e+04,3.023701388525e+02,1.122945893300e+01,1.736766339699e-02
2.907364596586e-03,8.325801889864e+01,2.061620257132e+01,1.333641331169e+04,3.023701172675e+02,1.122945898055e+01,1.735915014769e-02
2.909180549168e-03,8.325107419322e+01,2.062524045619e+01,1.334880794189e+04,3.023700956534e+02,1.122945902931e+01,1.735063487921e-02
2.910995348581e-03,8.324412615971e+01,2.063427679634e+01,1.336121529492e+04,3.023700740102e+02,1.122945907928e+01,1.734211759938e-02
2.912808994840e-03,8.323717480225e+01,2.064331158185e+01,1.337363538137e+04,3.023700523377e+02,1.122945913047e+01,1.733359831604e-02
2.914621487956e-03,8.323022012497e+01,2.065234480283e+01,1.338606821189e+04,3.023700306361e+02,1.122945918287e+01,1.732507703703e-02
2.916432827949e-03,8.322326213203e+01,2.066137644943e+01,1.339851379714e+04,3.023700089052e+02,1.122945923649e+01,1.731655377018e-02
2.918243014835e-03,8.321630082753e+01,2.067040651180e+01,1.341097214778e+04,3.023699871450e+02,1.122945929132e+01,1.730802852332e-02
2.920052048632e-03,8.320933621564e+01,2.067943498009e+01,1.342344327452e+04,3.023699653556e+02,1.122945934738e+01,1.729950130430e-02
2.921859929363e-03,8.320236830046e+01,2.068846184453e+01,1.343592718808e+04,3.023699435369e+02,1.122945940466e+01,1.729097212093e-02
2.923666657048e-03,8.319539708613e+01,2.069748709532e+01,1.344842389919e+04,3.023699216889e+02,1.122945946316e+01,1.728244098106e-02
2.925472231711e-03,8.318842257676e+01,2.070651072271e+01,1.346093341864e+04,3.023698998115e+02,1.122945952288e+01,1.727390789251e-02
2.927276653376e-03,8.318144477649e+01,2.071553271695e+01,1.347345575720e+04,3.023698779048e+02,1.122945958383e+01,1.726537286311e-02
2.929079922068e-03,8.317446368944e+01,2.072455306832e+01,1.348599092567e+04,3.023698559687e+02,1.122945964601e+01,1.725683590068e-02
2.930882037815e-03,8.316747931970e+01,2.073357176713e+01,1.349853893489e+04,3.023698340032e+02,1.122945970942e+01,1.724829701306e-02
2.932683000646e-03,8.316049167141e+01,2.074258880369e+01,1.351109979572e+04,3.023698120083e+02,1.122945977406e+01,1.723975620806e-02
2.934482810589e-03,8.315350074867e+01,2.075160416835e+01,1.352367351901e+04,3.023697899839e+02,1.122945983993e+01,1.723121349351e-02
2.936281467677e-03,8.314650655558e+01,2.076061785148e+01,1.353626011569e+04,3.023697679301e+02,1.122945990704e+01,1.722266887723e-02
2.938078971943e-03,8.313950909627e+01,2.076962984347e+01,1.354885959665e+04,3.023697458468e+02,1.122945997538e+01,1.721412236705e-02
2.939875323417e-03,8.313250837482e+01,2.077864013470e+01,1.356147197283e+04,3.023697237340e+02,1.122946004496e+01,1.720557397078e-02
2.941670522140e-03,8.312550439534e+01,2.078764871563e+01,1.357409725521e+04,3.023697015917e+02,1.122946011578e+01,1.719702369623e-02
2.943464568144e-03,8.311849716193e+01,2.079665557668e+01,1.358673545477e+04,3.023696794199e+02,1.122946018784e+01,1.718847155124e-02
2.945257461467e-03,8.311148667868e+01,2.080566070834e+01,1.359938658250e+04,3.023696572185e+02,1.122946026114e+01,1.717991754361e-02
2.947049202150e-03,8.310447294969e+01,2.081466410109e+01,1.361205064944e+04,3.023696349875e+02,1.122946033568e+01,1.717136168115e-02
2.948839790234e-03,8.309745597904e+01,2.082366574544e+01,1.362472766664e+04,3.023696127269e+02,1.122946041147e+01,1.716280397168e-02
2.950629225759e-03,8.309043577083e+01,2.083266563192e+01,1.363741764516e+04,3.023695904367e+02,1.122946048850e+01,1.715424442302e-02
2.952417508769e-03,8.308341232913e+01,2.084166375109e+01,1.365012059611e+04,3.023695681168e+02,1.122946056679e+01,1.714568304297e-02
2.954204639308e-03,8.307638565804e+01,2.085066009353e+01,1.366283653060e+04,3.023695457673e+02,1.122946064632e+01,1.713711983933e-02
2.955990617422e-03,8.306935576162e+01,2.085965464981e+01,1.367556545976e+04,3.023695233881e+02,1.122946072711e+01,1.712855481993e-02
2.957775443159e-03,8.306232264396e+01,2.086864741056e+01,1.368830739476e+04,3.023695009792e+02,1.122946080914e+01,1.711998799256e-02
2.959559116566e-03,8.305528630914e+01,2.087763836642e+01,1.370106234678e+04,3.023694785406e+02,1.122946089243e+01,1.711141936503e-02
2.961341637694e-03,8.304824676121e+01,2.088662750805e+01,1.371383032702e+04,3.023694560722e+02,1.122946097698e+01,1.710284894514e-02
2.963123006592e-03,8.304120400426e+01,2.089561482610e+01,1.372661134671e+04,3.023694335741e+02,1.122946106279e+01,1.709427674070e-02
2.964903223315e-03,8.303415804235e+01,2.090460031130e+01,1.373940541710e+04,3.023694110461e+02,1.122946114985e+01,1.708570275950e-02
2.966682287915e-03,8.302710887954e+01,2.091358395435e+01,1.375221254946e+04,3.023693884884e+02,1.122946123817e+01,1.707712700934e-02
2.968460200447e-03,8.302005651989e+01,2.092256574600e+01,1.376503275508e+04,3.023693659008e+02,1.122946132776e+01,1.706854949803e-02
2.970236960969e-03,8.301300096746e+01,2.093154567700e+01,1.377786604528e+04,3.023693432834e+02,1.122946141861e+01,1.705997023336e-02
2.972012569537e-03,8.300594222630e+01,2.094052373814e+01,1.379071243140e+04,3.023693206362e+02,1.122946151072e+01,1.705138922312e-02
2.973787026209e-03,8.299888030048e+01,2.094949992022e+01,1.380357192478e+04,3.023692979590e+02,1.122946160410e+01,1.704280647511e-02
2.975560331047e-03,8.299181519404e+01,2.095847421406e+01,1.381644453682e+04,3.023692752519e+02,1.122946169875e+01,1.703422199711e-02
2.977332484112e-03,8.298474691103e+01,2.096744661050e+01,1.382933027892e+04,3.023692525149e+02,1.122946179467e+01,1.702563579693e-02
2.979103485467e-03,8.297767545548e+01,2.097641710042e+01,1.384222916251e+04,3.023692297480e+02,1.122946189186e+01,1.701704788235e-02
2.980873335176e-03,8.297060083145e+01,2.098538567468e+01,1.385514119903e+04,3.023692069511e+02,1.122946199032e+01,1.700845826115e-02
2.982642033303e-03,8.296352304297e+01,2.099435232420e+01,1.386806639996e+04,3.023691841242e+02,1.122946209006e+01,1.699986694112e-02
2.984409579917e-03,8.295644209408e+01,2.100331703991e+01,1.388100477678e+04,3.023691612673e+02,1.122946219107e+01,1.699127393005e-02
2.986175975084e-03,8.294935798882e+01,2.101227981275e+01,1.389395634102e+04,3.023691383803e+02,1.122946229336e+01,1.698267923572e-02
2.987941218874e-03,8.294227073120e+01,2.102124063368e+01,1.390692110421e+04,3.023691154633e+02,1.122946239692e+01,1.697408286591e-02
2.989705311358e-03,8.293518032527e+01,2.103019949370e+01,1.391989907792e+04,3.023690925163e+02,1.122946250177e+01,1.696548482841e-02
2.991468252607e-03,8.292808677506e+01,2.103915638381e+01,1.393289027371e+04,3.023690695391e+02,1.122946260790e+01,1.695688513098e-02
2.993230042695e-03,8.292099008456e+01,2.104811129505e+01,1.394589470321e+04,3.023690465319e+02,1.122946271531e+01,1.694828378141e-02
2.994990681696e-03,8.291389025783e+01,2.105706421845e+01,1.395891237802e+04,3.023690234945e+02,1.122946282401e+01,1.693968078747e-02
2.996750169685e-03,8.290678729885e+01,2.106601514510e+01,1.397194330982e+04,3.023690004269e+02,1.122946293399e+01,1.693107615693e-02
2.998508506740e-03,8.289968121167e+01,2.107496406608e+01,1.398498751026e+04,3.023689773292e+02,1.122946304527e+01,1.692246989757e-02
3.000265692938e-03,8.289257200027e+01,2.108391097250e+01,1.399804499104e+04,3.023689542013e+02,1.122946315783e+01,1.691386201717e-02
3.002021728360e-03,8.288545966868e+01,2.109285585550e+01,1.401111576389e+04,3.023689310432e+02,1.122946327168e+01,1.690525252347e-02
3.003776613085e-03,8.287834422090e+01,2.110179870623e+01,1.402419984053e+04,3.023689078548e+02,1.122946338682e+01,1.689664142426e-02
3.005530347196e-03,8.287122566093e+01,2.111073951585e+01,1.403729723273e+04,3.023688846362e+02,1.122946350326e+01,1.688802872730e-02
3.007282930777e-03,8.286410399278e+01,2.111967827557e+01,1.405040795227e+04,3.023688613873e+02,1.122946362099e+01,1.687941444035e-02
3.009034363911e-03,8.285697922043e+01,2.112861497659e+01,1.406353201096e+04,3.023688381082e+02,1.122946374001e+01,1.687079857118e-02
3.010784646686e-03,8.284985134790e+01,2.113754961015e+01,1.407666942064e+04,3.023688147987e+02,1.122946386034e+01,1.686218112754e-02
3.012533779187e-03,8.284272037916e+01,2.114648216750e+01,1.408982019314e+04,3.023687914589e+02,1.122946398197e+01,1.685356211720e-02
3.014281761503e-03,8.283558631821e+01,2.115541263992e+01,1.410298434034e+04,3.023687680887e+02,1.122946410489e+01,1.684494154791e-02
3.016028593724e-03,8.282844916903e+01,2.116434101871e+01,1.411616187416e+04,3.023687446881e+02,1.122946422912e+01,1.683631942743e-02
3.017774275940e-03,8.282130893561e+01,2.117326729518e+01,1.412935280648e+04,3.023687212572e+02,1.122946435466e+01,1.682769576351e-02
3.019518808244e-03,8.281416562193e+01,2.118219146066e+01,1.414255714928e+04,3.023686977958e+02,1.122946448149e+01,1.681907056390e-02
3.021262190729e-03,8.280701923197e+01,2.119111350651e+01,1.415577491449e+04,3.023686743040e+02,1.122946460964e+01,1.681044383635e-02
3.023004423489e-03,8.279986976970e+01,2.120003342411e+01,1.416900611413e+04,3.023686507818e+02,1.122946473909e+01,1.680181558862e-02
3.024745506622e-03,8.279271723909e+01,2.120895120485e+01,1.418225076018e+04,3.023686272291e+02,1.122946486986e+01,1.679318582845e-02
3.026485440223e-03,8.278556164412e+01,2.121786684016e+01,1.419550886469e+04,3.023686036459e+02,1.122946500193e+01,1.678455456358e-02
3.028224224391e-03,8.277840298875e+01,2.122678032147e+01,1.420878043972e+04,3.023685800321e+02,1.122946513532e+01,1.677592180176e-02
3.029961859226e-03,8.277124127694e+01,2.123569164023e+01,1.422206549732e+04,3.023685563879e+02,1.122946527002e+01,1.676728755072e-02
3.031698344829e-03,8.276407651266e+01,2.124460078793e+01,1.423536404962e+04,3.023685327131e+02,1.122946540604e+01,1.675865181822e-02
3.033433681301e-03,8.275690869986e+01,2.125350775606e+01,1.424867610873e+04,3.023685090077e+02,1.122946554337e+01,1.675001461198e-02
3.035167868746e-03,8.274973784250e+01,2.126241253615e+01,1.426200168679e+04,3.023684852717e+02,1.122946568203e+01,1.674137593974e-02
3.036900907268e-03,8.274256394453e+01,2.127131511973e+01,1.427534079598e+04,3.023684615051e+02,1.122946582200e+01,1.673273580924e-02
3.038632796974e-03,8.273538700991e+01,2.128021549836e+01,1.428869344848e+04,3.023684377078e+02,1.122946596329e+01,1.672409422821e-02
3.040363537970e-03,8.272820704257e+01,2.128911366362e+01,1.430205965651e+04,3.023684138799e+02,1.122946610591e+01,1.671545120438e-02
3.042093130366e-03,8.272102404646e+01,2.129800960711e+01,1.431543943231e+04,3.023683900214e+02,1.122946624985e+01,1.670680674547e-02
3.043821574269e-03,8.271383802552e+01,2.130690332044e+01,1.432883278813e+04,3.023683661321e+02,1.122946639512e+01,1.669816085922e-02
3.045548869791e-03,8.270664898370e+01,2.131579479527e+01,1.434223973625e+04,3.023683422121e+02,1.122946654172e+01,1.668951355335e-02
3.047275017045e-03,8.269945692491e+01,2.132468402324e+01,1.435566028899e+04,3.023683182614e+02,1.122946668964e+01,1.668086483558e-02
3.049000016142e-03,8.269226185311e+01,2.133357099605e+01,1.436909445866e+04,3.023682942799e+02,1.122946683889e+01,1.667221471364e-02
3.050723867197e-03,8.268506377221e+01,2.134245570538e+01,1.438254225761e+04,3.023682702677e+02,1.122946698948e+01,1.666356319524e-02
3.052446570327e-03,8.267786268615e+01,2.135133814296e+01,1.439600369824e+04,3.023682462246e+02,1.122946714140e+01,1.665491028810e-02
3.054168125648e-03,8.267065859884e+01,2.136021830053e+01,1.440947879291e+04,3.023682221508e+02,1.122946729465e+01,1.664625599993e-02
3.055888533277e-03,8.266345151421e+01,2.136909616985e+01,1.442296755406e+04,3.023681980461e+02,1.122946744924e+01,1.663760033845e-02
3.057607793335e-03,8.265624143617e+01,2.137797174270e+01,1.443646999413e+04,3.023681739105e+02,1.122946760517e+01,1.662894331138e-02
3.059325905942e-03,8.264902836864e+01,2.138684501088e+01,1.444998612558e+04,3.023681497441e+02,1.122946776243e+01,1.662028492641e-02
3.061042871219e-03,8.264181231553e+01,2.139571596622e+01,1.446351596090e+04,3.023681255468e+02,1.122946792104e+01,1.661162519125e-02
3.062758689290e-03,8.263459328075e+01,2.140458460054e+01,1.447705951260e+04,3.023681013185e+02,1.122946808098e+01,1.660296411362e-02
3.064473360277e-03,8.262737126821e+01,2.141345090571e+01,1.449061679320e+04,3.023680770594e+02,1.122946824227e+01,1.659430170122e-02
3.066186884308e-03,8.262014628180e+01,2.142231487362e+01,1.450418781528e+04,3.023680527692e+02,1.122946840491e+01,1.658563796174e-02
3.067899261508e-03,8.261291832543e+01,2.143117649616e+01,1.451777259140e+04,3.023680284481e+02,1.122946856889e+01,1.657697290289e-02
3.069610492005e-03,8.260568740300e+01,2.144003576526e+01,1.453137113417e+04,3.023680040960e+02,1.122946873421e+01,1.656830653235e-02
3.071320575928e-03,8.259845351840e+01,2.144889267285e+01,1.454498345622e+04,3.023679797129e+02,1.122946890089e+01,1.655963885784e-02
3.073029513407e-03,8.259121667551e+01,2.145774721089e+01,1.455860957018e+04,3.023679552988e+02,1.122946906891e+01,1.655096988704e-02
3.074737304573e-03,8.258397687824e+01,2.146659937136e+01,1.457224948874e+04,3.023679308535e+02,1.122946923829e+01,1.654229962764e-02
3.076443949559e-03,8.257673413046e+01,2.147544914627e+01,1.458590322458e+04,3.023679063773e+02,1.122946940902e+01,1.653362808733e-02
3.078149448499e-03,8.256948843605e+01,2.148429652764e+01,1.459957079043e+04,3.023678818699e+02,1.122946958111e+01,1.652495527380e-02
3.079853801528e-03,8.256223979890e+01,2.149314150749e+01,1.461325219902e+04,3.023678573314e+02,1.122946975455e+01,1.651628119473e-02
3.081557008780e-03,8.255498822288e+01,2.150198407790e+01,1.462694746311e+04,3.023678327618e+02,1.122946992934e+01,1.650760585781e-02
3.083259070395e-03,8.254773371186e+01,2.151082423094e+01,1.464065659550e+04,3.023678081610e+02,1.122947010550e+01,1.649892927071e-02
3.084959986511e-03,8.254047626972e+01,2.151966195871e+01,1.465437960899e+04,3.023677835290e+02,1.122947028301e+01,1.649025144112e-02
3.086659757265e-03,8.253321590032e+01,2.152849725332e+01,1.466811651641e+04,3.023677588659e+02,1.122947046189e+01,1.648157237670e-02
3.088358382801e-03,8.252595260753e+01,2.153733010693e+01,1.468186733062e+04,3.023677341715e+02,1.122947064213e+01,1.647289208514e-02
3.090055863259e-03,8.251868639521e+01,2.154616051168e+01,1.469563206449e+04,3.023677094459e+02,1.122947082373e+01,1.646421057410e-02
3.091752198785e-03,8.251141726720e+01,2.155498845975e+01,1.470941073094e+04,3.023676846891e+02,1.122947100670e+01,1.645552785126e-02
3.093447389519e-03,8.250414522739e+01,2.156381394335e+01,1.472320334287e+04,3.023676599010e+02,1.122947119104e+01,1.644684392428e-02
3.095141435610e-03,8.249687027960e+01,2.157263695468e+01,1.473700991326e+04,3.023676350816e+02,1.122947137674e+01,1.643815880082e-02
3.096834337202e-03,8.248959242770e+01,2.158145748599e+01,1.475083045504e+04,3.023676102308e+02,1.122947156381e+01,1.642947248856e-02
3.098526094446e-03,8.248231167552e+01,2.159027552954e+01,1.476466498125e+04,3.023675853488e+02,1.122947175226e+01,1.642078499515e-02
3.100216707489e-03,8.247502802692e+01,2.159909107759e+01,1.477851350487e+04,3.023675604354e+02,1.122947194208e+01,1.641209632824e-02
3.101906176482e-03,8.246774148573e+01,2.160790412244e+01,1.479237603896e+04,3.023675354906e+02,1.122947213327e+01,1.640340649550e-02
3.103594501575e-03,8.246045205579e+01,2.161671465642e+01,1.480625259657e+04,3.023675105144e+02,1.122947232583e+01,1.639471550458e-02
3.105281682922e-03,8.245315974093e+01,2.162552267185e+01,1.482014319080e+04,3.023674855068e+02,1.122947251977e+01,1.638602336312e-02
3.106967720677e-03,8.244586454499e+01,2.163432816109e+01,1.483404783476e+04,3.023674604678e+02,1.122947271509e+01,1.637733007879e-02
3.108652614993e-03,8.243856647179e+01,2.164313111651e+01,1.484796654157e+04,3.023674353973e+02,1.122947291179e+01,1.636863565922e-02
3.110336366028e-03,8.243126552516e+01,2.165193153052e+01,1.486189932441e+04,3.023674102954e+02,1.122947310987e+01,1.635994011206e-02
3.112018973936e-03,8.242396170892e+01,2.166072939551e+01,1.487584619643e+04,3.023673851619e+02,1.122947330933e+01,1.635124344495e-02
3.113700438880e-03,8.241665502688e+01,2.166952470392e+01,1.488980717087e+04,3.023673599970e+02,1.122947351018e+01,1.634254566553e-02
3.115380761016e-03,8.240934548287e+01,2.167831744822e+01,1.490378226092e+04,3.023673348005e+02,1.122947371241e+01,1.633384678145e-02
3.117059940505e-03,8.240203308070e+01,2.168710762085e+01,1.491777147985e+04,3.023673095725e+02,1.122947391602e+01,1.632514680033e-02
3.118737977511e-03,8.239471782417e+01,2.169589521433e+01,1.493177484095e+04,3.023672843129e+02,1.122947412103e+01,1.631644572980e-02
3.120414872195e-03,8.238739971710e+01,2.170468022116e+01,1.494579235748e+04,3.023672590217e+02,1.122947432742e+01,1.630774357749e-02
3.122090624720e-03,8.238007876328e+01,2.171346263386e+01,1.495982404278e+04,3.023672336989e+02,1.122947453520e+01,1.629904035105e-02
3.123765235254e-03,8.237275496652e+01,2.172224244499e+01,1.497386991020e+04,3.023672083445e+02,1.122947474437e+01,1.629033605808e-02
3.125438703961e-03,8.236542833062e+01,2.173101964712e+01,1.498792997309e+04,3.023671829584e+02,1.122947495494e+01,1.628163070622e-02
3.127111031010e-03,8.235809885937e+01,2.173979423284e+01,1.500200424487e+04,3.023671575407e+02,1.122947516690e+01,1.627292430308e-02
3.128782216568e-03,8.235076655656e+01,2.174856619474e+01,1.501609273892e+04,3.023671320913e+02,1.122947538025e+01,1.626421685628e-02
3.130452260806e-03,8.234343142597e+01,2.175733552546e+01,1.503019546869e+04,3.023671066101e+02,1.122947559501e+01,1.625550837343e-02
3.132121163895e-03,8.233609347141e+01,2.176610221765e+01,1.504431244764e+04,3.023670810973e+02,1.122947581116e+01,1.624679886216e-02
3.133788926007e-03,8.232875269663e+01,2.177486626397e+01,1.505844368926e+04,3.023670555527e+02,1.122947602871e+01,1.623808833006e-02
3.135455547314e-03,8.232140910544e+01,2.178362765710e+01,1.507258920706e+04,3.023670299763e+02,1.122947624766e+01,1.622937678475e-02
3.137121027991e-03,8.231406270159e+01,2.179238638975e+01,1.508674901457e+04,3.023670043682e+02,1.122947646801e+01,1.622066423384e-02
3.138785368214e-03,8.230671348887e+01,2.180114245463e+01,1.510092312534e+04,3.023669787282e+02,1.122947668977e+01,1.621195068492e-02
3.140448568158e-03,8.229936147104e+01,2.180989584451e+01,1.511511155294e+04,3.023669530564e+02,1.122947691293e+01,1.620323614559e-02
3.142110628002e-03,8.229200665188e+01,2.181864655212e+01,1.512931431099e+04,3.023669273528e+02,1.122947713750e+01,1.619452062346e-02
3.143771547924e-03,8.228464903513e+01,2.182739457026e+01,1.514353141311e+04,3.023669016173e+02,1.122947736347e+01,1.618580412612e-02
3.145431328105e-03,8.227728862457e+01,2.183613989172e+01,1.515776287295e+04,3.023668758499e+02,1.122947759086e+01,1.617708666116e-02
3.147089968724e-03,8.226992542395e+01,2.184488250933e+01,1.517200870417e+04,3.023668500507e+02,1.122947781965e+01,1.616836823616e-02
3.148747469965e-03,8.226255943703e+01,2.185362241591e+01,1.518626892049e+04,3.023668242195e+02,1.122947804986e+01,1.615964885873e-02
3.150403832010e-03,8.225519066755e+01,2.186235960433e+01,1.520054353561e+04,3.023667983563e+02,1.122947828148e+01,1.615092853644e-02
3.152059055044e-03,8.224781911927e+01,2.187109406747e+01,1.521483256328e+04,3.023667724612e+02,1.122947851451e+01,1.614220727688e-02
3.153713139252e-03,8.224044479593e+01,2.187982579821e+01,1.522913601727e+04,3.023667465341e+02,1.122947874896e+01,1.613348508761e-02
3.155366084822e-03,8.223306770126e+01,2.188855478947e+01,1.524345391137e+04,3.023667205751e+02,1.122947898482e+01,1.612476197623e-02
3.157017891938e-03,8.222568783902e+01,2.189728103419e+01,1.525778625939e+04,3.023666945840e+02,1.122947922210e+01,1.611603795031e-02
3.158668560793e-03,8.221830521293e+01,2.190600452532e+01,1.527213307518e+04,3.023666685608e+02,1.122947946081e+01,1.610731301741e-02
3.160318091574e-03,8.221091982673e+01,2.191472525582e+01,1.528649437259e+04,3.023666425056e+02,1.122947970093e+01,1.609858718510e-02
3.161966484474e-03,8.220353168414e+01,2.192344321869e+01,1.530087016551e+04,3.023666164183e+02,1.122947994247e+01,1.608986046095e-02
3.163613739683e-03,8.219614078889e+01,2.193215840694e+01,1.531526046786e+04,3.023665902990e+02,1.122948018544e+01,1.608113285253e-02
3.165259857395e-03,8.218874714471e+01,2.194087081359e+01,1.532966529355e+04,3.023665641475e+02,1.122948042983e+01,1.607240436739e-02
3.166904837805e-03,8.218135075531e+01,2.194958043169e+01,1.534408465656e+04,3.023665379639e+02,1.122948067565e+01,1.606367501309e-02
3.168548681107e-03,8.217395162442e+01,2.195828725431e+01,1.535851857086e+04,3.023665117481e+02,1.122948092290e+01,1.605494479719e-02
3.170191387499e-03,8.216654975573e+01,2.196699127453e+01,1.537296705046e+04,3.023664855001e+02,1.122948117157e+01,1.604621372724e-02
3.171832957177e-03,8.215914515297e+01,2.197569248545e+01,1.538743010938e+04,3.023664592200e+02,1.122948142168e+01,1.603748181078e-02
3.173473390340e-03,8.215173781984e+01,2.198439088020e+01,1.540190776169e+04,3.023664329076e+02,1.122948167321e+01,1.602874905536e-02
3.175112687187e-03,8.214432776005e+01,2.199308645191e+01,1.541640002144e+04,3.023664065630e+02,1.122948192618e+01,1.602001546853e-02
3.176750847921e-03,8.213691497729e+01,2.200177919376e+01,1.543090690276e+04,3.023663801862e+02,1.122948218058e+01,1.601128105783e-02
3.178387872741e-03,8.212949947526e+01,2.201046909890e+01,1.544542841975e+04,3.023663537770e+02,1.122948243642e+01,1.600254583080e-02
3.180023761853e-03,8.212208125766e+01,2.201915616054e+01,1.545996458657e+04,3.023663273356e+02,1.122948269369e+01,1.599380979497e-02
3.181658515458e-03,8.211466032817e+01,2.202784037191e+01,1.547451541739e+04,3.023663008619e+02,1.122948295240e+01,1.598507295786e-02
3.183292133762e-03,8.210723669050e+01,2.203652172622e+01,1.548908092640e+04,3.023662743558e+02,1.122948321255e+01,1.597633532703e-02
3.184924616972e-03,8.209981034831e+01,2.204520021674e+01,1.550366112783e+04,3.023662478174e+02,1.122948347414e+01,1.596759690997e-02
3.186555965295e-03,8.209238130529e+01,2.205387583674e+01,1.551825603592e+04,3.023662212467e+02,1.122948373717e+01,1.595885771423e-02
3.188186178939e-03,8.208494956513e+01,2.206254857951e+01,1.553286566493e+04,3.023661946435e+02,1.122948400164e+01,1.595011774732e-02
3.189815258112e-03,8.207751513149e+01,2.207121843834e+01,1.554749002915e+04,3.023661680079e+02,1.122948426756e+01,1.594137701677e-02
3.191443203027e-03,8.207007800805e+01,2.207988540659e+01,1.556212914292e+04,3.023661413400e+02,1.122948453492e+01,1.593263553007e-02
3.193070013894e-03,8.206263819848e+01,2.208854947758e+01,1.557678302056e+04,3.023661146395e+02,1.122948480373e+01,1.592389329475e-02
3.194695690925e-03,8.205519570643e+01,2.209721064468e+01,1.559145167643e+04,3.023660879066e+02,1.122948507398e+01,1.591515031832e-02
3.196320234335e-03,8.204775053558e+01,2.210586890129e+01,1.560613512493e+04,3.023660611412e+02,1.122948534569e+01,1.590640660827e-02
3.197943644337e-03,8.204030268959e+01,2.211452424079e+01,1.562083338046e+04,3.023660343433e+02,1.122948561884e+01,1.589766217212e-02
3.199565921148e-03,8.203285217210e+01,2.212317665662e+01,1.563554645747e+04,3.023660075129e+02,1.122948589345e+01,1.588891701736e-02
3.201187064984e-03,8.202539898678e+01,2.213182614220e+01,1.565027437041e+04,3.023659806500e+02,1.122948616951e+01,1.588017115148e-02
3.202807076063e-03,8.201794313727e+01,2.214047269099e+01,1.566501713377e+04,3.023659537544e+02,1.122948644702e+01,1.587142458199e-02
3.204425954605e-03,8.201048462721e+01,2.214911629648e+01,1.567977476205e+04,3.023659268263e+02,1.122948672599e+01,1.586267731638e-02
3.206043700828e-03,8.200302346026e+01,2.215775695216e+01,1.569454726979e+04,3.023658998657e+02,1.122948700642e+01,1.585392936212e-02
3.207660314954e-03,8.199555964005e+01,2.216639465153e+01,1.570933467154e+04,3.023658728723e+02,1.122948728830e+01,1.584518072670e-02
3.209275797205e-03,8.198809317021e+01,2.217502938812e+01,1.572413698188e+04,3.023658458464e+02,1.122948757164e+01,1.583643141762e-02
3.210890147804e-03,8.198062405439e+01,2.218366115550e+01,1.573895421543e+04,3.023658187878e+02,1.122948785645e+01,1.582768144233e-02
3.212503366974e-03,8.197315229621e+01,2.219228994722e+01,1.575378638680e+04,3.023657916965e+02,1.122948814271e+01,1.581893080832e-02
3.214115454942e-03,8.196567789930e+01,2.220091575687e+01,1.576863351066e+04,3.023657645725e+02,1.122948843044e+01,1.581017952307e-02
3.215726411933e-03,8.195820086728e+01,2.220953857806e+01,1.578349560167e+04,3.023657374158e+02,1.122948871963e+01,1.580142759403e-02
3.217336238173e-03,8.195072120377e+01,2.221815840440e+01,1.579837267454e+04,3.023657102264e+02,1.122948901029e+01,1.579267502868e-02
3.218944933894e-03,8.194323891239e+01,2.222677522954e+01,1.581326474401e+04,3.023656830042e+02,1.122948930241e+01,1.578392183447e-02
3.220552499321e-03,8.193575399676e+01,2.223538904713e+01,1.582817182480e+04,3.023656557492e+02,1.122948959600e+01,1.577516801887e-02
3.222158934686e-03,8.192826646048e+01,2.224399985086e+01,1.584309393172e+04,3.023656284615e+02,1.122948989106e+01,1.576641358933e-02
3.223764240222e-03,8.192077630716e+01,2.225260763442e+01,1.585803107954e+04,3.023656011409e+02,1.122949018759e+01,1.575765855330e-02
3.225368416158e-03,8.191328354041e+01,2.226121239152e+01,1.587298328309e+04,3.023655737876e+02,1.122949048559e+01,1.574890291824e-02
3.226971462730e-03,8.190578816383e+01,2.226981411589e+01,1.588795055723e+04,3.023655464013e+02,1.122949078506e+01,1.574014669159e-02
3.228573380171e-03,8.189829018102e+01,2.227841280128e+01,1.590293291682e+04,3.023655189822e+02,1.122949108601e+01,1.573138988079e-02
3.230174168718e-03,8.189078959556e+01,2.228700844146e+01,1.591793037676e+04,3.023654915302e+02,1.122949138844e+01,1.572263249328e-02
3.231773828605e-03,8.188328641105e+01,2.229560103022e+01,1.593294295197e+04,3.023654640453e+02,1.122949169234e+01,1.571387453650e-02
3.233372360072e-03,8.187578063109e+01,2.230419056136e+01,1.594797065740e+04,3.023654365275e+02,1.122949199771e+01,1.570511601789e-02
3.234969763354e-03,8.186827225925e+01,2.231277702869e+01,1.596301350800e+04,3.023654089768e+02,1.122949230457e+01,1.569635694487e-02
3.236566038695e-03,8.186076129911e+01,2.232136042607e+01,1.597807151879e+04,3.023653813930e+02,1.122949261291e+01,1.568759732486e-02
3.238161186332e-03,8.185324775426e+01,2.232994074735e+01,1.599314470477e+04,3.023653537763e+02,1.122949292272e+01,1.567883716530e-02
3.239755206507e-03,8.184573162827e+01,2.233851798640e+01,1.600823308100e+04,3.023653261266e+02,1.122949323402e+01,1.567007647360e-02
3.241348099464e-03,8.183821292471e+01,2.234709213712e+01,1.602333666253e+04,3.023652984439e+02,1.122949354681e+01,1.566131525717e-02
3.242939865445e-03,8.183069164714e+01,2.235566319341e+01,1.603845546446e+04,3.023652707281e+02,1.122949386108e+01,1.565255352344e-02
3.244530504696e-03,8.182316779914e+01,2.236423114922e+01,1.605358950191e+04,3.023652429793e+02,1.122949417683e+01,1.564379127980e-02
3.246120017460e-03,8.181564138428e+01,2.237279599848e+01,1.606873879000e+04,3.023652151974e+02,1.122949449407e+01,1.563502853368e-02
3.247708403985e-03,8.180811240609e+01,2.238135773517e+01,1.608390334393e+04,3.023651873824e+02,1.122949481280e+01,1.562626529246e-02
3.249295664520e-03,8.180058086814e+01,2.238991635326e+01,1.609908317886e+04,3.023651595343e+02,1.122949513302e+01,1.561750156355e-02
3.250881799310e-03,8.179304677399e+01,2.239847184675e+01,1.611427831002e+04,3.023651316531e+02,1.122949545474e+01,1.560873735436e-02
3.252466808608e-03,8.178551012718e+01,2.240702420967e+01,1.612948875265e+04,3.023651037387e+02,1.122949577794e+01,1.559997267225e-02
3.254050692662e-03,8.177797093126e+01,2.241557343604e+01,1.614471452200e+04,3.023650757911e+02,1.122949610264e+01,1.559120752463e-02
3.255633451725e-03,8.177042918976e+01,2.242411951994e+01,1.615995563337e+04,3.023650478104e+02,1.122949642883e+01,1.558244191888e-02
3.257215086047e-03,8.176288490623e+01,2.243266245541e+01,1.617521210206e+04,3.023650197964e+02,1.122949675651e+01,1.557367586240e-02
3.258795595886e-03,8.175533808420e+01,2.244120223658e+01,1.619048394344e+04,3.023649917492e+02,1.122949708570e+01,1.556490936253e-02
3.260374981491e-03,8.174778872722e+01,2.244973885751e+01,1.620577117283e+04,3.023649636688e+02,1.122949741638e+01,1.555614242669e-02
3.261953243121e-03,8.174023683879e+01,2.245827231236e+01,1.622107380565e+04,3.023649355551e+02,1.122949774856e+01,1.554737506221e-02
3.263530381032e-03,8.173268242246e+01,2.246680259526e+01,1.623639185729e+04,3.023649074081e+02,1.122949808225e+01,1.553860727649e-02
3.265106395480e-03,8.172512548174e+01,2.247532970037e+01,1.625172534320e+04,3.023648792278e+02,1.122949841743e+01,1.552983907688e-02
3.266681286724e-03,8.171756602015e+01,2.248385362186e+01,1.626707427882e+04,3.023648510142e+02,1.122949875412e+01,1.552107047074e-02
3.268255055024e-03,8.171000404121e+01,2.249237435395e+01,1.628243867967e+04,3.023648227672e+02,1.122949909231e+01,1.551230146543e-02
3.269827700639e-03,8.170243954843e+01,2.250089189083e+01,1.629781856124e+04,3.023647944869e+02,1.122949943200e+01,1.550353206831e-02
3.271399223832e-03,8.169487254532e+01,2.250940622673e+01,1.631321393906e+04,3.023647661732e+02,1.122949977321e+01,1.549476228672e-02
3.272969624863e-03,8.168730303539e+01,2.251791735592e+01,1.632862482870e+04,3.023647378261e+02,1.122950011592e+01,1.548599212801e-02
3.274538903997e-03,8.167973102213e+01,2.252642527265e+01,1.634405124575e+04,3.023647094456e+02,1.122950046014e+01,1.547722159952e-02
3.276107061496e-03,8.167215650906e+01,2.253492997119e+01,1.635949320580e+04,3.023646810317e+02,1.122950080586e+01,1.546845070860e-02
3.277674097629e-03,8.166457949965e+01,2.254343144587e+01,1.637495072452e+04,3.023646525843e+02,1.122950115310e+01,1.545967946256e-02
3.279240012658e-03,8.165699999742e+01,2.255192969098e+01,1.639042381753e+04,3.023646241034e+02,1.122950150186e+01,1.545090786877e-02
3.280804806852e-03,8.164941800584e+01,2.256042470087e+01,1.640591250053e+04,3.023645955890e+02,1.122950185212e+01,1.544213593453e-02
3.282368480478e-03,8.164183352840e+01,2.256891646990e+01,1.642141678924e+04,3.023645670412e+02,1.122950220390e+01,1.543336366716e-02
3.283931033807e-03,8.163424656859e+01,2.257740499242e+01,1.643693669939e+04,3.023645384597e+02,1.122950255720e+01,1.542459107401e-02
3.285492467106e-03,8.162665712988e+01,2.258589026283e+01,1.645247224672e+04,3.023645098448e+02,1.122950291201e+01,1.541581816237e-02
3.287052780649e-03,8.161906521575e+01,2.259437227554e+01,1.646802344704e+04,3.023644811963e+02,1.122950326835e+01,1.540704493957e-02
3.288611974705e-03,8.161147082967e+01,2.260285102495e+01,1.648359031614e+04,3.023644525142e+02,1.122950362620e+01,1.539827141290e-02
3.290170049548e-03,8.160387397512e+01,2.261132650552e+01,1.649917286987e+04,3.023644237985e+02,1.122950398557e+01,1.538949758969e-02
3.291727005452e-03,8.159627465555e+01,2.261979871170e+01,1.651477112408e+04,3.023643950491e+02,1.122950434646e+01,1.538072347722e-02
3.293282842691e-03,8.158867287443e+01,2.262826763796e+01,1.653038509466e+04,3.023643662662e+02,1.122950470888e+01,1.537194908281e-02
3.294837561540e-03,8.158106863523e+01,2.263673327879e+01,1.654601479750e+04,3.023643374495e+02,1.122950507282e+01,1.536317441373e-02
3.296391162279e-03,8.157346194139e+01,2.264519562871e+01,1.656166024857e+04,3.023643085992e+02,1.122950543828e+01,1.535439947729e-02
3.297943645180e-03,8.156585279638e+01,2.265365468223e+01,1.657732146379e+04,3.023642797152e+02,1.122950580527e+01,1.534562428077e-02
3.299495010526e-03,8.155824120363e+01,2.266211043390e+01,1.659299845917e+04,3.023642507975e+02,1.122950617379e+01,1.533684883144e-02
3.301045258594e-03,8.155062716659e+01,2.267056287828e+01,1.660869125071e+04,3.023642218461e+02,1.122950654384e+01,1.532807313660e-02
3.302594389665e-03,8.154301068872e+01,2.267901200995e+01,1.662439985446e+04,3.023641928608e+02,1.122950691542e+01,1.531929720351e-02
3.304142404019e-03,8.153539177344e+01,2.268745782348e+01,1.664012428645e+04,3.023641638419e+02,1.122950728852e+01,1.531052103946e-02
3.305689301941e-03,8.152777042419e+01,2.269590031351e+01,1.665586456279e+04,3.023641347891e+02,1.122950766316e+01,1.530174465169e-02
3.307235083711e-03,8.152014664442e+01,2.270433947466e+01,1.667162069958e+04,3.023641057025e+02,1.122950803934e+01,1.529296804749e-02
3.308779749615e-03,8.151252043753e+01,2.271277530156e+01,1.668739271296e+04,3.023640765821e+02,1.122950841704e+01,1.528419123410e-02
3.310323299937e-03,8.150489180697e+01,2.272120778889e+01,1.670318061909e+04,3.023640474279e+02,1.122950879629e+01,1.527541421878e-02
3.311865734962e-03,8.149726075615e+01,2.272963693132e+01,1.671898443414e+04,3.023640182397e+02,1.122950917707e+01,1.526663700879e-02
3.313407054979e-03,8.148962728850e+01,2.273806272354e+01,1.673480417435e+04,3.023639890177e+02,1.122950955938e+01,1.525785961136e-02
3.314947260274e-03,8.148199140742e+01,2.274648516028e+01,1.675063985594e+04,3.023639597618e+02,1.122950994324e+01,1.524908203375e-02
3.316486351136e-03,8.147435311634e+01,2.275490423624e+01,1.676649149516e+04,3.023639304720e+02,1.122951032863e+01,1.524030428320e-02
3.318024327854e-03,8.146671241866e+01,2.276331994620e+01,1.678235910831e+04,3.023639011482e+02,1.122951071557e+01,1.523152636694e-02
3.319561190720e-03,8.145906931778e+01,2.277173228489e+01,1.679824271171e+04,3.023638717905e+02,1.122951110405e+01,1.522274829220e-02
3.321096940023e-03,8.145142381712e+01,2.278014124712e+01,1.681414232168e+04,3.023638423988e+02,1.122951149407e+01,1.521397006621e-02
3.322631576058e-03,8.144377592006e+01,2.278854682767e+01,1.683005795460e+04,3.023638129731e+02,1.122951188564e+01,1.520519169619e-02
3.324165099115e-03,8.143612563001e+01,2.279694902135e+01,1.684598962684e+04,3.023637835134e+02,1.122951227875e+01,1.519641318936e-02
3.325697509491e-03,8.142847295035e+01,2.280534782299e+01,1.686193735483e+04,3.023637540197e+02,1.122951267341e+01,1.518763455294e-02
3.327228807479e-03,8.142081788449e+01,2.281374322745e+01,1.687790115500e+04,3.023637244919e+02,1.122951306961e+01,1.517885579413e-02
3.328758993376e-03,8.141316043579e+01,2.282213522958e+01,1.689388104382e+04,3.023636949300e+02,1.122951346737e+01,1.517007692016e-02
3.330288067478e-03,8.140550060765e+01,2.283052382428e+01,1.690987703777e+04,3.023636653341e+02,1.122951386667e+01,1.516129793820e-02
3.331816030082e-03,8.139783840345e+01,2.283890900641e+01,1.692588915336e+04,3.023636357040e+02,1.122951426753e+01,1.515251885549e-02
3.333342881489e-03,8.139017382655e+01,2.284729077092e+01,1.694191740716e+04,3.023636060399e+02,1.122951466993e+01,1.514373967919e-02
3.334868621996e-03,8.138250688033e+01,2.285566911272e+01,1.695796181571e+04,3.023635763416e+02,1.122951507390e+01,1.513496041650e-02
3.336393251904e-03,8.137483756816e+01,2.286404402677e+01,1.697402239562e+04,3.023635466091e+02,1.122951547941e+01,1.512618107461e-02
3.337916771515e-03,8.136716589342e+01,2.287241550801e+01,1.699009916348e+04,3.023635168424e+02,1.122951588648e+01,1.511740166070e-02
3.339439181130e-03,8.135949185945e+01,2.288078355144e+01,1.700619213595e+04,3.023634870416e+02,1.122951629511e+01,1.510862218196e-02
3.340960481053e-03,8.135181546961e+01,2.288914815206e+01,1.702230132971e+04,3.023634572065e+02,1.122951670530e+01,1.509984264554e-02
3.342480671587e-03,8.134413672727e+01,2.289750930487e+01,1.703842676143e+04,3.023634273372e+02,1.122951711704e+01,1.509106305863e-02
3.343999753038e-03,8.133645563577e+01,2.290586700489e+01,1.705456844785e+04,3.023633974336e+02,1.122951753035e+01,1.508228342839e-02
3.345517725711e-03,8.132877219847e+01,2.291422124719e+01,1.707072640570e+04,3.023633674958e+02,1.122951794521e+01,1.507350376197e-02
3.347034589911e-03,8.132108641871e+01,2.292257202681e+01,1.708690065175e+04,3.023633375237e+02,1.122951836164e+01,1.506472406655e-02
3.348550345948e-03,8.131339829982e+01,2.293091933885e+01,1.710309120281e+04,3.023633075173e+02,1.122951877963e+01,1.505594434926e-02
3.350064994128e-03,8.130570784516e+01,2.293926317839e+01,1.711929807569e+04,3.023632774765e+02,1.122951919919e+01,1.504716461726e-02
3.351578534763e-03,8.129801505804e+01,2.294760354054e+01,1.713552128726e+04,3.023632474014e+02,1.122951962031e+01,1.503838487768e-02
3.353090968160e-03,8.129031994181e+01,2.295594042043e+01,1.715176085436e+04,3.023632172920e+02,1.122952004299e+01,1.502960513769e-02
3.354602294631e-03,8.128262249980e+01,2.296427381321e+01,1.716801679390e+04,3.023631871481e+02,1.122952046725e+01,1.502082540440e-02
3.356112514490e-03,8.127492273533e+01,2.297260371403e+01,1.718428912282e+04,3.023631569699e+02,1.122952089307e+01,1.501204568494e-02
3.357621628046e-03,8.126722065172e+01,2.298093011807e+01,1.720057785806e+04,3.023631267572e+02,1.122952132046e+01,1.500326598645e-02
3.359129635613e-03,8.125951625229e+01,2.298925302053e+01,1.721688301658e+04,3.023630965101e+02,1.122952174943e+01,1.499448631605e-02
3.360636537508e-03,8.125180954034e+01,2.299757241661e+01,1.723320461542e+04,3.023630662286e+02,1.122952217996e+01,1.498570668084e-02
3.362142334045e-03,8.124410051921e+01,2.300588830154e+01,1.724954267157e+04,3.023630359126e+02,1.122952261207e+01,1.497692708796e-02
3.363647025538e-03,8.123638919219e+01,2.301420067055e+01,1.726589720211e+04,3.023630055621e+02,1.122952304575e+01,1.496814754451e-02
3.365150612307e-03,8.122867556259e+01,2.302250951891e+01,1.728226822410e+04,3.023629751770e+02,1.122952348101e+01,1.495936805759e-02
3.366653094669e-03,8.122095963370e+01,2.303081484189e+01,1.729865575468e+04,3.023629447575e+02,1.122952391785e+01,1.495058863430e-02
3.368154472940e-03,8.121324140884e+01,2.303911663477e+01,1.731505981092e+04,3.023629143034e+02,1.122952435626e+01,1.494180928175e-02
3.369654747444e-03,8.120552089129e+01,2.304741489287e+01,1.733148041004e+04,3.023628838147e+02,1.122952479625e+01,1.493303000701e-02
3.371153918498e-03,8.119779808433e+01,2.305570961151e+01,1.734791756919e+04,3.023628532915e+02,1.122952523782e+01,1.492425081717e-02
3.372651986424e-03,8.119007299127e+01,2.306400078602e+01,1.736437130559e+04,3.023628227337e+02,1.122952568096e+01,1.491547171933e-02
3.374148951544e-03,8.118234561539e+01,2.307228841175e+01,1.738084163646e+04,3.023627921412e+02,1.122952612570e+01,1.490669272056e-02
3.375644814182e-03,8.117461595996e+01,2.308057248408e+01,1.739732857908e+04,3.023627615141e+02,1.122952657201e+01,1.489791382792e-02
3.377139574660e-03,8.116688402826e+01,2.308885299840e+01,1.741383215073e+04,3.023627308524e+02,1.122952701991e+01,1.488913504850e-02
3.378633233304e-03,8.115914982357e+01,2.309712995009e+01,1.743035236872e+04,3.023627001559e+02,1.122952746939e+01,1.488035638935e-02
3.380125790438e-03,8.115141334916e+01,2.310540333458e+01,1.744688925039e+04,3.023626694248e+02,1.122952792046e+01,1.487157785754e-02
3.381617246390e-03,8.114367460830e+01,2.311367314731e+01,1.746344281311e+04,3.023626386590e+02,1.122952837311e+01,1.486279946012e-02
3.383107601486e-03,8.113593360424e+01,2.312193938372e+01,1.748001307427e+04,3.023626078585e+02,1.122952882735e+01,1.485402120414e-02
3.384596856054e-03,8.112819034025e+01,2.313020203928e+01,1.749660005128e+04,3.023625770232e+02,1.122952928318e+01,1.484524309665e-02
3.386085010422e-03,8.112044481959e+01,2.313846110946e+01,1.751320376159e+04,3.023625461531e+02,1.122952974060e+01,1.483646514468e-02
3.387572064922e-03,8.111269704551e+01,2.314671658977e+01,1.752982422267e+04,3.023625152483e+02,1.122953019962e+01,1.482768735528e-02
3.389058019881e-03,8.110494702126e+01,2.315496847572e+01,1.754646145201e+04,3.023624843086e+02,1.122953066022e+01,1.481890973549e-02
3.390542875634e-03,8.109719475009e+01,2.316321676283e+01,1.756311546714e+04,3.023624533342e+02,1.122953112242e+01,1.481013229231e-02
3.392026632509e-03,8.108944023524e+01,2.317146144665e+01,1.757978628560e+04,3.023624223249e+02,1.122953158621e+01,1.480135503279e-02
3.393509290843e-03,8.108168347995e+01,2.317970252273e+01,1.759647392497e+04,3.023623912807e+02,1.122953205159e+01,1.479257796394e-02
3.394990850966e-03,8.107392448747e+01,2.318793998666e+01,1.761317840284e+04,3.023623602017e+02,1.122953251858e+01,1.478380109277e-02
3.396471313214e-03,8.106616326101e+01,2.319617383403e+01,1.762989973685e+04,3.023623290878e+02,1.122953298716e+01,1.477502442629e-02
3.397950677924e-03,8.105839980381e+01,2.320440406043e+01,1.764663794465e+04,3.023622979390e+02,1.122953345734e+01,1.476624797151e-02
3.399428945430e-03,8.105063411910e+01,2.321263066150e+01,1.766339304392e+04,3.023622667552e+02,1.122953392911e+01,1.475747173542e-02
3.400906116069e-03,8.104286621010e+01,2.322085363286e+01,1.768016505236e+04,3.023622355365e+02,1.122953440249e+01,1.474869572503e-02
3.402382190180e-03,8.103509608003e+01,2.322907297018e+01,1.769695398770e+04,3.023622042829e+02,1.122953487747e+01,1.473991994731e-02
3.403857168101e-03,8.102732373211e+01,2.323728866913e+01,1.771375986771e+04,3.023621729943e+02,1.122953535405e+01,1.473114440926e-02
3.405331050172e-03,8.101954916955e+01,2.324550072537e+01,1.773058271017e+04,3.023621416706e+02,1.122953583224e+01,1.472236911786e-02
3.406803836731e-03,8.101177239556e+01,2.325370913462e+01,1.774742253287e+04,3.023621103120e+02,1.122953631203e+01,1.471359408009e-02
3.408275528122e-03,8.100399341334e+01,2.326191389259e+01,1.776427935368e+04,3.023620789183e+02,1.122953679342e+01,1.470481930291e-02
3.409746124685e-03,8.099621222609e+01,2.327011499502e+01,1.778115319045e+04,3.023620474896e+02,1.122953727642e+01,1.469604479329e-02
3.411215626762e-03,8.098842883703e+01,2.327831243764e+01,1.779804406107e+04,3.023620160258e+02,1.122953776103e+01,1.468727055820e-02
3.412684034698e-03,8.098064324934e+01,2.328650621622e+01,1.781495198345e+04,3.023619845269e+02,1.122953824725e+01,1.467849660459e-02
3.414151348837e-03,8.097285546621e+01,2.329469632654e+01,1.783187697554e+04,3.023619529929e+02,1.122953873508e+01,1.466972293940e-02
3.415617569523e-03,8.096506549083e+01,2.330288276438e+01,1.784881905531e+04,3.023619214238e+02,1.122953922452e+01,1.466094956960e-02
3.417082697103e-03,8.095727332640e+01,2.331106552556e+01,1.786577824076e+04,3.023618898195e+02,1.122953971557e+01,1.465217650212e-02
3.418546731922e-03,8.094947897608e+01,2.331924460589e+01,1.788275454991e+04,3.023618581801e+02,1.122954020823e+01,1.464340374390e-02
3.420009674328e-03,8.094168244307e+01,2.332742000122e+01,1.789974800079e+04,3.023618265055e+02,1.122954070251e+01,1.463463130188e-02
3.421471524671e-03,8.093388373052e+01,2.333559170740e+01,1.791675861152e+04,3.023617947957e+02,1.122954119840e+01,1.462585918297e-02
3.422932283297e-03,8.092608284163e+01,2.334375972029e+01,1.793378640015e+04,3.023617630507e+02,1.122954169590e+01,1.461708739410e-02
3.424391950558e-03,8.091827977955e+01,2.335192403579e+01,1.795083138484e+04,3.023617312704e+02,1.122954219503e+01,1.460831594220e-02
3.425850526803e-03,8.091047454745e+01,2.336008464979e+01,1.796789358375e+04,3.023616994549e+02,1.122954269577e+01,1.459954483417e-02
3.427308012384e-03,8.090266714850e+01,2.336824155819e+01,1.798497301504e+04,3.023616676042e+02,1.122954319813e+01,1.459077407692e-02
3.428764407653e-03,8.089485758584e+01,2.337639475695e+01,1.800206969694e+04,3.023616357181e+02,1.122954370211e+01,1.458200367736e-02
3.430219712962e-03,8.088704586264e+01,2.338454424198e+01,1.801918364767e+04,3.023616037968e+02,1.122954420770e+01,1.457323364238e-02
3.431673928666e-03,8.087923198204e+01,2.339269000927e+01,1.803631488550e+04,3.023615718401e+02,1.122954471493e+01,1.456446397888e-02
3.433127055119e-03,8.087141594720e+01,2.340083205477e+01,1.805346342872e+04,3.023615398481e+02,1.122954522377e+01,1.455569469374e-02
3.434579092677e-03,8.086359776125e+01,2.340897037449e+01,1.807062929565e+04,3.023615078208e+02,1.122954573424e+01,1.454692579384e-02
3.436030041693e-03,8.085577742735e+01,2.341710496442e+01,1.808781250462e+04,3.023614757580e+02,1.122954624633e+01,1.453815728607e-02
3.437479902527e-03,8.084795494862e+01,2.342523582059e+01,1.810501307401e+04,3.023614436599e+02,1.122954676005e+01,1.452938917731e-02
3.438928675534e-03,8.084013032821e+01,2.343336293902e+01,1.812223102221e+04,3.023614115264e+02,1.122954727539e+01,1.452062147440e-02
3.440376361074e-03,8.083230356923e+01,2.344148631576e+01,1.813946636764e+04,3.023613793574e+02,1.122954779237e+01,1.451185418423e-02
3.441822959505e-03,8.082447467483e+01,2.344960594690e+01,1.815671912876e+04,3.023613471530e+02,1.122954831097e+01,1.450308731365e-02
3.443268471187e-03,8.081664364811e+01,2.345772182849e+01,1.817398932405e+04,3.023613149131e+02,1.122954883120e+01,1.449432086950e-02
3.444712896480e-03,8.080881049222e+01,2.346583395663e+01,1.819127697200e+04,3.023612826378e+02,1.122954935306e+01,1.448555485865e-02
3.446156235747e-03,8.080097521025e+01,2.347394232744e+01,1.820858209115e+04,3.023612503270e+02,1.122954987655e+01,1.447678928792e-02
3.447598489348e-03,8.079313780532e+01,2.348204693704e+01,1.822590470005e+04,3.023612179806e+02,1.122955040168e+01,1.446802416417e-02
3.449039657646e-03,8.078529828056e+01,2.349014778156e+01,1.824324481728e+04,3.023611855987e+02,1.122955092844e+01,1.445925949421e-02
3.450479741007e-03,8.077745663905e+01,2.349824485716e+01,1.826060246148e+04,3.023611531812e+02,1.122955145683e+01,1.445049528488e-02
3.451918739792e-03,8.076961288391e+01,2.350633816001e+01,1.827797765126e+04,3.023611207282e+02,1.122955198686e+01,1.444173154301e-02
3.453356654367e-03,8.076176701823e+01,2.351442768629e+01,1.829537040529e+04,3.023610882396e+02,1.122955251853e+01,1.443296827540e-02
3.454793485100e-03,8.075391904511e+01,2.352251343219e+01,1.831278074228e+04,3.023610557154e+02,1.122955305183e+01,1.442420548887e-02
3.456229232354e-03,8.074606896765e+01,2.353059539394e+01,1.833020868093e+04,3.023610231556e+02,1.122955358677e+01,1.441544319022e-02
3.457663896499e-03,8.073821678894e+01,2.353867356774e+01,1.834765423999e+04,3.023609905601e+02,1.122955412335e+01,1.440668138627e-02
3.459097477902e-03,8.073036251205e+01,2.354674794986e+01,1.836511743825e+04,3.023609579290e+02,1.122955466158e+01,1.439792008379e-02
3.460529976931e-03,8.072250614007e+01,2.355481853654e+01,1.838259829449e+04,3.023609252622e+02,1.122955520144e+01,1.438915928959e-02
3.461961393956e-03,8.071464767610e+01,2.356288532405e+01,1.840009682754e+04,3.023608925597e+02,1.122955574294e+01,1.438039901046e-02
3.463391729348e-03,8.070678712318e+01,2.357094830868e+01,1.841761305627e+04,3.023608598215e+02,1.122955628609e+01,1.437163925315e-02
3.464820983478e-03,8.069892448441e+01,2.357900748674e+01,1.843514699956e+04,3.023608270475e+02,1.122955683088e+01,1.436288002447e-02
3.466249156716e-03,8.069105976285e+01,2.358706285452e+01,1.845269867631e+04,3.023607942379e+02,1.122955737732e+01,1.435412133117e-02
3.467676249435e-03,8.068319296157e+01,2.359511440836e+01,1.847026810546e+04,3.023607613924e+02,1.122955792541e+01,1.434536318003e-02
3.469102262009e-03,8.067532408363e+01,2.360316214461e+01,1.848785530597e+04,3.023607285112e+02,1.122955847514e+01,1.433660557779e-02
3.470527194813e-03,8.066745313208e+01,2.361120605962e+01,1.850546029685e+04,3.023606955942e+02,1.122955902652e+01,1.432784853122e-02
3.471951048218e-03,8.065958010998e+01,2.361924614977e+01,1.852308309710e+04,3.023606626413e+02,1.122955957955e+01,1.431909204706e-02
3.473373822602e-03,8.065170502039e+01,2.362728241143e+01,1.854072372577e+04,3.023606296527e+02,1.122956013422e+01,1.431033613206e-02
3.474795518341e-03,8.064382786635e+01,2.363531484102e+01,1.855838220195e+04,3.023605966281e+02,1.122956069055e+01,1.430158079295e-02
3.476216135810e-03,8.063594865092e+01,2.364334343494e+01,1.857605854471e+04,3.023605635677e+02,1.122956124853e+01,1.429282603647e-02
3.477635675388e-03,8.062806737712e+01,2.365136818963e+01,1.859375277319e+04,3.023605304715e+02,1.122956180817e+01,1.428407186935e-02
3.479054137453e-03,8.062018404800e+01,2.365938910153e+01,1.861146490657e+04,3.023604973393e+02,1.122956236946e+01,1.427531829829e-02
3.480471522384e-03,8.061229866659e+01,2.366740616709e+01,1.862919496400e+04,3.023604641712e+02,1.122956293240e+01,1.426656533004e-02
3.481887830560e-03,8.060441123593e+01,2.367541938280e+01,1.864694296471e+04,3.023604309671e+02,1.122956349700e+01,1.425781297129e-02
3.483303062360e-03,8.059652175905e+01,2.368342874513e+01,1.866470892793e+04,3.023603977271e+02,1.122956406325e+01,1.424906122875e-02
3.484717218169e-03,8.058863023895e+01,2.369143425059e+01,1.868249287294e+04,3.023603644512e+02,1.122956463116e+01,1.424031010912e-02
3.486130298365e-03,8.058073667868e+01,2.369943589569e+01,1.870029481899e+04,3.023603311392e+02,1.122956520073e+01,1.423155961910e-02
3.487542303332e-03,8.057284108125e+01,2.370743367696e+01,1.871811478546e+04,3.023602977912e+02,1.122956577196e+01,1.422280976537e-02
3.488953233453e-03,8.056494344966e+01,2.371542759095e+01,1.873595279166e+04,3.023602644072e+02,1.122956634486e+01,1.421406055462e-02
3.490363089112e-03,8.055704378694e+01,2.372341763420e+01,1.875380885697e+04,3.023602309872e+02,1.122956691941e+01,1.420531199353e-02
3.491771870693e-03,8.054914209608e+01,2.373140380330e+01,1.877168300081e+04,3.023601975311e+02,1.122956749562e+01,1.419656408877e-02
3.493179578582e-03,8.054123838010e+01,2.373938609483e+01,1.878957524259e+04,3.023601640389e+02,1.122956807350e+01,1.418781684701e-02
3.494586213164e-03,8.053333264199e+01,2.374736450538e+01,1.880748560178e+04,3.023601305107e+02,1.122956865304e+01,1.417907027491e-02
3.495991774827e-03,8.052542488476e+01,2.375533903158e+01,1.882541409786e+04,3.023600969463e+02,1.122956923425e+01,1.417032437913e-02
3.497396263957e-03,8.051751511138e+01,2.376330967005e+01,1.884336075036e+04,3.023600633458e+02,1.122956981712e+01,1.416157916631e-02
3.498799680943e-03,8.050960332487e+01,2.377127641742e+01,1.886132557880e+04,3.023600297091e+02,1.122957040166e+01,1.415283464312e-02
3.500202026172e-03,8.050168952819e+01,2.377923927036e+01,1.887930860275e+04,3.023599960363e+02,1.122957098787e+01,1.414409081618e-02
3.501603300035e-03,8.049377372434e+01,2.378719822553e+01,1.889730984183e+04,3.023599623272e+02,1.122957157574e+01,1.413534769212e-02
3.503003502922e-03,8.048585591630e+01,2.379515327962e+01,1.891532931564e+04,3.023599285820e+02,1.122957216529e+01,1.412660527759e-02
3.504402635224e-03,8.047793610703e+01,2.380310442934e+01,1.893336704386e+04,3.023598948006e+02,1.122957275650e+01,1.411786357919e-02
3.505800697331e-03,8.047001429953e+01,2.381105167137e+01,1.895142304614e+04,3.023598609829e+02,1.122957334939e+01,1.410912260355e-02
3.507197689637e-03,8.046209049674e+01,2.381899500245e+01,1.896949734221e+04,3.023598271290e+02,1.122957394395e+01,1.410038235728e-02
3.508593612533e-03,8.045416470166e+01,2.382693441932e+01,1.898758995179e+04,3.023597932388e+02,1.122957454019e+01,1.409164284700e-02
3.509988466413e-03,8.044623691722e+01,2.383486991874e+01,1.900570089467e+04,3.023597593124e+02,1.122957513809e+01,1.408290407929e-02
3.511382251672e-03,8.043830714640e+01,2.384280149746e+01,1.902383019061e+04,3.023597253496e+02,1.122957573768e+01,1.407416606075e-02
3.512774968706e-03,8.043037539214e+01,2.385072915227e+01,1.904197785946e+04,3.023596913505e+02,1.122957633894e+01,1.406542879797e-02
3.514166617907e-03,8.042244165741e+01,2.385865287996e+01,1.906014392104e+04,3.023596573150e+02,1.122957694187e+01,1.405669229755e-02
3.515557199673e-03,8.041450594516e+01,2.386657267734e+01,1.907832839524e+04,3.023596232432e+02,1.122957754649e+01,1.404795656605e-02
3.516946714401e-03,8.040656825832e+01,2.387448854123e+01,1.909653130196e+04,3.023595891351e+02,1.122957815278e+01,1.403922161004e-02
3.518335162489e-03,8.039862859984e+01,2.388240046846e+01,1.911475266115e+04,3.023595549905e+02,1.122957876075e+01,1.403048743610e-02
3.519722544335e-03,8.039068697265e+01,2.389030845589e+01,1.913299249275e+04,3.023595208096e+02,1.122957937040e+01,1.402175405079e-02
3.521108860337e-03,8.038274337971e+01,2.389821250036e+01,1.915125081675e+04,3.023594865922e+02,1.122957998174e+01,1.401302146065e-02
3.522494110893e-03,8.037479782393e+01,2.390611259876e+01,1.916952765316e+04,3.023594523383e+02,1.122958059476e+01,1.400428967225e-02
3.523878296407e-03,8.036685030825e+01,2.391400874799e+01,1.918782302205e+04,3.023594180480e+02,1.122958120946e+01,1.399555869213e-02
3.525261417278e-03,8.035890083558e+01,2.392190094493e+01,1.920613694347e+04,3.023593837213e+02,1.122958182584e+01,1.398682852681e-02
3.526643473907e-03,8.035094940886e+01,2.392978918651e+01,1.922446943753e+04,3.023593493580e+02,1.122958244391e+01,1.397809918284e-02
3.528024466697e-03,8.034299603100e+01,2.393767346965e+01,1.924282052435e+04,3.023593149582e+02,1.122958306367e+01,1.396937066675e-02
3.529404396049e-03,8.033504070492e+01,2.394555379130e+01,1.926119022409e+04,3.023592805219e+02,1.122958368511e+01,1.396064298505e-02
3.530783262369e-03,8.032708343352e+01,2.395343014842e+01,1.927957855696e+04,3.023592460491e+02,1.122958430824e+01,1.395191614425e-02
3.532161066059e-03,8.031912421972e+01,2.396130253796e+01,1.929798554313e+04,3.023592115397e+02,1.122958493306e+01,1.394319015088e-02
3.533537807526e-03,8.031116306642e+01,2.396917095693e+01,1.931641120288e+04,3.023591769937e+02,1.122958555957e+01,1.393446501142e-02
3.534913487172e-03,8.030319997653e+01,2.397703540231e+01,1.933485555646e+04,3.023591424111e+02,1.122958618777e+01,1.392574073238e-02
3.536288105406e-03,8.029523495293e+01,2.398489587111e+01,1.935331862417e+04,3.023591077919e+02,1.122958681766e+01,1.391701732026e-02
3.537661662634e-03,8.028726799853e+01,2.399275236035e+01,1.937180042634e+04,3.023590731361e+02,1.122958744924e+01,1.390829478153e-02
3.539034159262e-03,8.027929911621e+01,2.400060486707e+01,1.939030098332e+04,3.023590384436e+02,1.122958808252e+01,1.389957312268e-02
3.540405595699e-03,8.027132830887e+01,2.400845338833e+01,1.940882031551e+04,3.023590037144e+02,1.122958871749e+01,1.389085235018e-02
3.541775972354e-03,8.026335557938e+01,2.401629792118e+01,1.942735844330e+04,3.023589689486e+02,1.122958935415e+01,1.388213247050e-02
3.543145289636e-03,8.025538093063e+01,2.402413846271e+01,1.944591538716e+04,3.023589341461e+02,1.122958999251e+01,1.387341349010e-02
3.544513547954e-03,8.024740436550e+01,2.403197500998e+01,1.946449116753e+04,3.023588993068e+02,1.122959063257e+01,1.386469541543e-02
3.545880747718e-03,8.023942588686e+01,2.403980756012e+01,1.948308580491e+04,3.023588644309e+02,1.122959127432e+01,1.385597825297e-02
3.547246889342e-03,8.023144549758e+01,2.404763611024e+01,1.950169931985e+04,3.023588295181e+02,1.122959191778e+01,1.384726200912e-02
3.548611973234e-03,8.022346320053e+01,2.405546065746e+01,1.952033173288e+04,3.023587945686e+02,1.122959256293e+01,1.383854669036e-02
3.549975999810e-03,8.021547899856e+01,2.406328119893e+01,1.953898306460e+04,3.023587595824e+02,1.122959320978e+01,1.382983230310e-02
3.551338969480e-03,8.020749289455e+01,2.407109773180e+01,1.955765333561e+04,3.023587245593e+02,1.122959385833e+01,1.382111885377e-02
3.552700882659e-03,8.019950489136e+01,2.407891025323e+01,1.957634256654e+04,3.023586894994e+02,1.122959450859e+01,1.381240634881e-02
3.554061739763e-03,8.019151499181e+01,2.408671876043e+01,1.959505077810e+04,3.023586544026e+02,1.122959516055e+01,1.380369479460e-02
3.555421541202e-03,8.018352319879e+01,2.409452325055e+01,1.961377799093e+04,3.023586192690e+02,1.122959581421e+01,1.379498419758e-02
3.556780287396e-03,8.017552951512e+01,2.410232372083e+01,1.963252422582e+04,3.023585840986e+02,1.122959646958e+01,1.378627456413e-02
3.558137978760e-03,8.016753394366e+01,2.411012016849e+01,1.965128950348e+04,3.023585488912e+02,1.122959712665e+01,1.377756590066e-02
3.559494615709e-03,8.015953648724e+01,2.411791259074e+01,1.967007384471e+04,3.023585136470e+02,1.122959778543e+01,1.376885821356e-02
3.560850198662e-03,8.015153714870e+01,2.412570098484e+01,1.968887727032e+04,3.023584783658e+02,1.122959844591e+01,1.376015150921e-02
3.562204728036e-03,8.014353593087e+01,2.413348534805e+01,1.970769980114e+04,3.023584430477e+02,1.122959910810e+01,1.375144579401e-02
3.563558204252e-03,8.013553283658e+01,2.414126567764e+01,1.972654145807e+04,3.023584076926e+02,1.122959977201e+01,1.374274107429e-02
3.564910627726e-03,8.012752786866e+01,2.414904197089e+01,1.974540226198e+04,3.023583723006e+02,1.122960043762e+01,1.373403735646e-02
3.566261998878e-03,8.011952102993e+01,2.415681422509e+01,1.976428223380e+04,3.023583368715e+02,1.122960110494e+01,1.372533464686e-02
3.567612318131e-03,8.011151232321e+01,2.416458243757e+01,1.978318139451e+04,3.023583014055e+02,1.122960177397e+01,1.371663295184e-02
3.568961585903e-03,8.010350175132e+01,2.417234660563e+01,1.980209976507e+04,3.023582659024e+02,1.122960244472e+01,1.370793227777e-02
3.570309802618e-03,8.009548931706e+01,2.418010672663e+01,1.982103736652e+04,3.023582303623e+02,1.122960311718e+01,1.369923263096e-02
3.571656968697e-03,8.008747502326e+01,2.418786279790e+01,1.983999421989e+04,3.023581947852e+02,1.122960379135e+01,1.369053401778e-02
3.573003084562e-03,8.007945887271e+01,2.419561481680e+01,1.985897034624e+04,3.023581591709e+02,1.122960446723e+01,1.368183644454e-02
3.574348150638e-03,8.007144086821e+01,2.420336278071e+01,1.987796576668e+04,3.023581235196e+02,1.122960514484e+01,1.367313991758e-02
3.575692167348e-03,8.006342101257e+01,2.421110668702e+01,1.989698050237e+04,3.023580878312e+02,1.122960582416e+01,1.366444444319e-02
3.577035135116e-03,8.005539930859e+01,2.421884653312e+01,1.991601457442e+04,3.023580521056e+02,1.122960650519e+01,1.365575002771e-02
3.578377054369e-03,8.004737575904e+01,2.422658231642e+01,1.993506800406e+04,3.023580163429e+02,1.122960718795e+01,1.364705667743e-02
3.579717925530e-03,8.003935036673e+01,2.423431403435e+01,1.995414081249e+04,3.023579805431e+02,1.122960787242e+01,1.363836439866e-02
3.581057749028e-03,8.003132313444e+01,2.424204168435e+01,1.997323302095e+04,3.023579447060e+02,1.122960855861e+01,1.362967319769e-02
3.582396525289e-03,8.002329406495e+01,2.424976526386e+01,1.999234465074e+04,3.023579088318e+02,1.122960924653e+01,1.362098308080e-02
3.583734254740e-03,8.001526316103e+01,2.425748477034e+01,2.001147572314e+04,3.023578729204e+02,1.122960993616e+01,1.361229405428e-02
3.585070937809e-03,8.000723042547e+01,2.426520020127e+01,2.003062625950e+04,3.023578369717e+02,1.122961062752e+01,1.360360612440e-02
3.586406574926e-03,7.999919586104e+01,2.427291155414e+01,2.004979628118e+04,3.023578009858e+02,1.122961132060e+01,1.359491929742e-02
3.587741166519e-03,7.999115947050e+01,2.428061882644e+01,2.006898580958e+04,3.023577649627e+02,1.122961201541e+01,1.358623357962e-02
3.589074713018e-03,7.998312125662e+01,2.428832201568e+01,2.008819486610e+04,3.023577289022e+02,1.122961271194e+01,1.357754897725e-02
3.590407214853e-03,7.997508122216e+01,2.429602111940e+01,2.010742347222e+04,3.023576928045e+02,1.122961341019e+01,1.356886549655e-02
3.591738672456e-03,7.996703936988e+01,2.430371613511e+01,2.012667164940e+04,3.023576566695e+02,1.122961411018e+01,1.356018314378e-02
3.593069086258e-03,7.995899570253e+01,2.431140706039e+01,2.014593941917e+04,3.023576204971e+02,1.122961481189e+01,1.355150192516e-02
3.594398456691e-03,7.995095022287e+01,2.431909389277e+01,2.016522680305e+04,3.023575842874e+02,1.122961551532e+01,1.354282184694e-02
3.595726784188e-03,7.994290293364e+01,2.432677662984e+01,2.018453382263e+04,3.023575480403e+02,1.122961622049e+01,1.353414291533e-02
3.597054069181e-03,7.993485383760e+01,2.433445526918e+01,2.020386049949e+04,3.023575117559e+02,1.122961692739e+01,1.352546513655e-02
3.598380312107e-03,7.992680293746e+01,2.434212980839e+01,2.022320685528e+04,3.023574754340e+02,1.122961763601e+01,1.351678851681e-02
3.599705513396e-03,7.991875023600e+01,2.434980024508e+01,2.024257291162e+04,3.023574390748e+02,1.122961834637e+01,1.350811306233e-02
3.601029673487e-03,7.991069573591e+01,2.435746657687e+01,2.026195869024e+04,3.023574026781e+02,1.122961905846e+01,1.349943877929e-02
3.602352792813e-03,7.990263943996e+01,2.436512880139e+01,2.028136421283e+04,3.023573662440e+02,1.122961977229e+01,1.349076567391e-02
3.603674871810e-03,7.989458135086e+01,2.437278691630e+01,2.030078950115e+04,3.023573297724e+02,1.122962048785e+01,1.348209375235e-02
3.604995910917e-03,7.988652147133e+01,2.438044091924e+01,2.032023457697e+04,3.023572932634e+02,1.122962120514e+01,1.347342302080e-02
3.606315910568e-03,7.987845980409e+01,2.438809080790e+01,2.033969946210e+04,3.023572567168e+02,1.122962192417e+01,1.346475348543e-02
3.607634871203e-03,7.987039635188e+01,2.439573657994e+01,2.035918417836e+04,3.023572201328e+02,1.122962264493e+01,1.345608515242e-02
3.608952793260e-03,7.986233111739e+01,2.440337823308e+01,2.037868874765e+04,3.023571835112e+02,1.122962336743e+01,1.344741802792e-02
3.610269677177e-03,7.985426410334e+01,2.441101576501e+01,2.039821319183e+04,3.023571468520e+02,1.122962409167e+01,1.343875211809e-02
3.611585523394e-03,7.984619531244e+01,2.441864917345e+01,2.041775753284e+04,3.023571101553e+02,1.122962481765e+01,1.343008742908e-02
3.612900332350e-03,7.983812474739e+01,2.442627845614e+01,2.043732179263e+04,3.023570734211e+02,1.122962554537e+01,1.342142396702e-02
3.614214104487e-03,7.983005241089e+01,2.443390361081e+01,2.045690599318e+04,3.023570366492e+02,1.122962627483e+01,1.341276173807e-02
3.615526840245e-03,7.982197830564e+01,2.444152463522e+01,2.047651015651e+04,3.023569998397e+02,1.122962700603e+01,1.340410074833e-02
3.616838540067e-03,7.981390243433e+01,2.444914152714e+01,2.049613430468e+04,3.023569629926e+02,1.122962773897e+01,1.339544100394e-02
3.618149204392e-03,7.980582479966e+01,2.445675428435e+01,2.051577845973e+04,3.023569261079e+02,1.122962847365e+01,1.338678251102e-02
3.619458833666e-03,7.979774540430e+01,2.446436290463e+01,2.053544264378e+04,3.023568891855e+02,1.122962921008e+01,1.337812527567e-02
3.620767428331e-03,7.978966425095e+01,2.447196738580e+01,2.055512687898e+04,3.023568522254e+02,1.122962994825e+01,1.336946930399e-02
3.622074988829e-03,7.978158134229e+01,2.447956772565e+01,2.057483118746e+04,3.023568152276e+02,1.122963068817e+01,1.336081460210e-02
3.623381515607e-03,7.977349668099e+01,2.448716392202e+01,2.059455559144e+04,3.023567781921e+02,1.122963142983e+01,1.335216117606e-02
3.624687009108e-03,7.976541026973e+01,2.449475597276e+01,2.061430011313e+04,3.023567411189e+02,1.122963217325e+01,1.334350903198e-02
3.625991469778e-03,7.975732211117e+01,2.450234387569e+01,2.063406477479e+04,3.023567040080e+02,1.122963291840e+01,1.333485817592e-02
3.627294898064e-03,7.974923220798e+01,2.450992762870e+01,2.065384959871e+04,3.023566668592e+02,1.122963366531e+01,1.332620861395e-02
3.628597294410e-03,7.974114056284e+01,2.451750722965e+01,2.067365460717e+04,3.023566296727e+02,1.122963441397e+01,1.331756035216e-02
3.629898659264e-03,7.973304717839e+01,2.452508267642e+01,2.069347982257e+04,3.023565924485e+02,1.122963516437e+01,1.330891339657e-02
3.631198993074e-03,7.972495205729e+01,2.453265396692e+01,2.071332526723e+04,3.023565551864e+02,1.122963591653e+01,1.330026775326e-02
3.632498296287e-03,7.971685520221e+01,2.454022109904e+01,2.073319096358e+04,3.023565178864e+02,1.122963667044e+01,1.329162342827e-02
3.633796569353e-03,7.970875661577e+01,2.454778407072e+01,2.075307693407e+04,3.023564805487e+02,1.122963742610e+01,1.328298042763e-02
3.635093812719e-03,7.970065630065e+01,2.455534287987e+01,2.077298320112e+04,3.023564431731e+02,1.122963818351e+01,1.327433875738e-02
3.636390026836e-03,7.969255425948e+01,2.456289752445e+01,2.079290978726e+04,3.023564057596e+02,1.122963894268e+01,1.326569842354e-02
3.637685212153e-03,7.968445049489e+01,2.457044800241e+01,2.081285671501e+04,3.023563683082e+02,1.122963970360e+01,1.325705943212e-02
3.638979369122e-03,7.967634500952e+01,2.457799431172e+01,2.083282400692e+04,3.023563308189e+02,1.122964046628e+01,1.324842178915e-02
3.640272498193e-03,7.966823780602e+01,2.458553645035e+01,2.085281168557e+04,3.023562932916e+02,1.122964123071e+01,1.323978550063e-02
3.641564599817e-03,7.966012888701e+01,2.459307441628e+01,2.087281977357e+04,3.023562557265e+02,1.122964199690e+01,1.323115057256e-02
3.642855674448e-03,7.965201825510e+01,2.460060820753e+01,2.089284829361e+04,3.023562181233e+02,1.122964276485e+01,1.322251701092e-02
3.644145722537e-03,7.964390591294e+01,2.460813782211e+01,2.091289726832e+04,3.023561804822e+02,1.122964353456e+01,1.321388482170e-02
3.645434744536e-03,7.963579186314e+01,2.461566325802e+01,2.093296672040e+04,3.023561428031e+02,1.122964430603e+01,1.320525401090e-02
3.646722740902e-03,7.962767610831e+01,2.462318451333e+01,2.095305667264e+04,3.023561050860e+02,1.122964507925e+01,1.319662458446e-02
3.648009712087e-03,7.961955865107e+01,2.463070158607e+01,2.097316714777e+04,3.023560673309e+02,1.122964585424e+01,1.318799654836e-02
3.649295658546e-03,7.961143949403e+01,2.463821447428e+01,2.099329816859e+04,3.023560295378e+02,1.122964663099e+01,1.317936990857e-02
3.650580580734e-03,7.960331863979e+01,2.464572317606e+01,2.101344975794e+04,3.023559917065e+02,1.122964740950e+01,1.317074467103e-02
3.651864479106e-03,7.959519609096e+01,2.465322768946e+01,2.103362193867e+04,3.023559538372e+02,1.122964818978e+01,1.316212084169e-02
3.653147354120e-03,7.958707185014e+01,2.466072801260e+01,2.105381473369e+04,3.023559159299e+02,1.122964897182e+01,1.315349842648e-02
3.654429206232e-03,7.957894591992e+01,2.466822414357e+01,2.107402816591e+04,3.023558779844e+02,1.122964975562e+01,1.314487743134e-02
3.655710035896e-03,7.957081830290e+01,2.467571608047e+01,2.109426225826e+04,3.023558400008e+02,1.122965054119e+01,1.313625786220e-02
3.656989843575e-03,7.956268900166e+01,2.468320382146e+01,2.111451703376e+04,3.023558019790e+02,1.122965132853e+01,1.312763972497e-02
3.658268629723e-03,7.955455801881e+01,2.469068736464e+01,2.113479251540e+04,3.023557639191e+02,1.122965211763e+01,1.311902302557e-02
3.659546394799e-03,7.954642535691e+01,2.469816670817e+01,2.115508872622e+04,3.023557258210e+02,1.122965290850e+01,1.311040776990e-02
3.660823139265e-03,7.953829101854e+01,2.470564185023e+01,2.117540568933e+04,3.023556876848e+02,1.122965370114e+01,1.310179396385e-02
3.662098863576e-03,7.953015500629e+01,2.471311278896e+01,2.119574342778e+04,3.023556495103e+02,1.122965449555e+01,1.309318161334e-02
3.663373568197e-03,7.952201732272e+01,2.472057952256e+01,2.121610196476e+04,3.023556112976e+02,1.122965529173e+01,1.308457072422e-02
3.664647253584e-03,7.951387797041e+01,2.472804204921e+01,2.123648132340e+04,3.023555730467e+02,1.122965608968e+01,1.307596130240e-02
3.665919920201e-03,7.950573695192e+01,2.473550036713e+01,2.125688152691e+04,3.023555347575e+02,1.122965688941e+01,1.306735335373e-02
3.667191568510e-03,7.949759426981e+01,2.474295447452e+01,2.127730259854e+04,3.023554964300e+02,1.122965769090e+01,1.305874688408e-02
3.668462198969e-03,7.948944992666e+01,2.475040436960e+01,2.129774456151e+04,3.023554580643e+02,1.122965849417e+01,1.305014189932e-02
3.669731812046e-03,7.948130392500e+01,2.475785005063e+01,2.131820743915e+04,3.023554196603e+02,1.122965929921e+01,1.304153840528e-02
3.671000408198e-03,7.947315626740e+01,2.476529151583e+01,2.133869125474e+04,3.023553812179e+02,1.122966010602e+01,1.303293640783e-02
3.672267987893e-03,7.946500695640e+01,2.477272876348e+01,2.135919603169e+04,3.023553427372e+02,1.122966091462e+01,1.302433591278e-02
3.673534551593e-03,7.945685599456e+01,2.478016179184e+01,2.137972179333e+04,3.023553042182e+02,1.122966172498e+01,1.301573692598e-02
3.674800099763e-03,7.944870338441e+01,2.478759059919e+01,2.140026856310e+04,3.023552656608e+02,1.122966253713e+01,1.300713945325e-02
3.676064632867e-03,7.944054912849e+01,2.479501518382e+01,2.142083636445e+04,3.023552270650e+02,1.122966335105e+01,1.299854350041e-02
3.677328151371e-03,7.943239322935e+01,2.480243554403e+01,2.144142522085e+04,3.023551884308e+02,1.122966416675e+01,1.298994907326e-02
3.678590655740e-03,7.942423568950e+01,2.480985167815e+01,2.146203515581e+04,3.023551497582e+02,1.122966498423e+01,1.298135617762e-02
3.679852146441e-03,7.941607651149e+01,2.481726358448e+01,2.148266619287e+04,3.023551110471e+02,1.122966580349e+01,1.297276481926e-02
3.681112623941e-03,7.940791569784e+01,2.482467126138e+01,2.150331835561e+04,3.023550722976e+02,1.122966662453e+01,1.296417500400e-02
3.682372088706e-03,7.939975325107e+01,2.483207470717e+01,2.152399166761e+04,3.023550335097e+02,1.122966744735e+01,1.295558673761e-02
3.683630541203e-03,7.939158917372e+01,2.483947392021e+01,2.154468615251e+04,3.023549946833e+02,1.122966827196e+01,1.294700002587e-02
3.684887981903e-03,7.938342346827e+01,2.484686889889e+01,2.156540183402e+04,3.023549558183e+02,1.122966909834e+01,1.293841487453e-02
3.686144411271e-03,7.937525613726e+01,2.485425964156e+01,2.158613873577e+04,3.023549169149e+02,1.122966992651e+01,1.292983128938e-02
3.687399829778e-03,7.936708718320e+01,2.486164614662e+01,2.160689688152e+04,3.023548779729e+02,1.122967075647e+01,1.292124927616e-02
3.688654237894e-03,7.935891660857e+01,2.486902841248e+01,2.162767629505e+04,3.023548389924e+02,1.122967158821e+01,1.291266884061e-02
3.689907636088e-03,7.935074441591e+01,2.487640643753e+01,2.164847700011e+04,3.023547999733e+02,1.122967242173e+01,1.290408998849e-02
3.691160024829e-03,7.934257060769e+01,2.488378022020e+01,2.166929902055e+04,3.023547609156e+02,1.122967325704e+01,1.289551272554e-02
3.692411404590e-03,7.933439518643e+01,2.489114975891e+01,2.169014238020e+04,3.023547218194e+02,1.122967409414e+01,1.288693705746e-02
3.693661775842e-03,7.932621815461e+01,2.489851505212e+01,2.171100710298e+04,3.023546826845e+02,1.122967493303e+01,1.287836299000e-02
3.694911139055e-03,7.931803951472e+01,2.490587609827e+01,2.173189321277e+04,3.023546435110e+02,1.122967577371e+01,1.286979052885e-02
3.696159494702e-03,7.930985926926e+01,2.491323289583e+01,2.175280073355e+04,3.023546042989e+02,1.122967661617e+01,1.286121967973e-02
3.697406843256e-03,7.930167742069e+01,2.492058544327e+01,2.177372968928e+04,3.023545650481e+02,1.122967746043e+01,1.285265044834e-02
3.698653185190e-03,7.929349397151e+01,2.492793373907e+01,2.179468010399e+04,3.023545257586e+02,1.122967830647e+01,1.284408284036e-02
3.699898520976e-03,7.928530892419e+01,2.493527778172e+01,2.181565200170e+04,3.023544864305e+02,1.122967915431e+01,1.283551686150e-02
3.701142851091e-03,7.927712228120e+01,2.494261756973e+01,2.183664540651e+04,3.023544470636e+02,1.122968000394e+01,1.282695251741e-02
3.702386176005e-03,7.926893404502e+01,2.494995310162e+01,2.185766034250e+04,3.023544076580e+02,1.122968085537e+01,1.281838981379e-02
3.703628496197e-03,7.926074421810e+01,2.495728437591e+01,2.187869683383e+04,3.023543682137e+02,1.122968170858e+01,1.280982875629e-02
3.704869812139e-03,7.925255280292e+01,2.496461139114e+01,2.189975490467e+04,3.023543287306e+02,1.122968256360e+01,1.280126935057e-02
3.706110124308e-03,7.924435980195e+01,2.497193414585e+01,2.192083457921e+04,3.023542892088e+02,1.122968342040e+01,1.279271160228e-02
3.707349433181e-03,7.923616521761e+01,2.497925263860e+01,2.194193588170e+04,3.023542496481e+02,1.122968427901e+01,1.278415551706e-02
3.708587739232e-03,7.922796905239e+01,2.498656686795e+01,2.196305883638e+04,3.023542100487e+02,1.122968513940e+01,1.277560110056e-02
3.709825042940e-03,7.921977130872e+01,2.499387683250e+01,2.198420346759e+04,3.023541704104e+02,1.122968600160e+01,1.276704835840e-02
3.711061344782e-03,7.921157198906e+01,2.500118253081e+01,2.200536979963e+04,3.023541307333e+02,1.122968686560e+01,1.275849729621e-02
3.712296645235e-03,7.920337109584e+01,2.500848396149e+01,2.202655785687e+04,3.023540910174e+02,1.122968773139e+01,1.274994791959e-02
3.713530944777e-03,7.919516863151e+01,2.501578112314e+01,2.204776766370e+04,3.023540512625e+02,1.122968859898e+01,1.274140023417e-02
3.714764243889e-03,7.918696459851e+01,2.502307401439e+01,2.206899924456e+04,3.023540114688e+02,1.122968946838e+01,1.273285424554e-02
3.715996543047e-03,7.917875899927e+01,2.503036263386e+01,2.209025262389e+04,3.023539716362e+02,1.122969033957e+01,1.272430995929e-02
3.717227842732e-03,7.917055183621e+01,2.503764698020e+01,2.211152782621e+04,3.023539317647e+02,1.122969121257e+01,1.271576738102e-02
3.718458143423e-03,7.916234311178e+01,2.504492705204e+01,2.213282487599e+04,3.023538918543e+02,1.122969208737e+01,1.270722651631e-02
3.719687445601e-03,7.915413282839e+01,2.505220284805e+01,2.215414379784e+04,3.023538519049e+02,1.122969296397e+01,1.269868737072e-02
3.720915749747e-03,7.914592098847e+01,2.505947436690e+01,2.217548461632e+04,3.023538119165e+02,1.122969384238e+01,1.269014994983e-02
3.722143056342e-03,7.913770759441e+01,2.506674160727e+01,2.219684735607e+04,3.023537718891e+02,1.122969472259e+01,1.268161425918e-02
3.723369365866e-03,7.912949264867e+01,2.507400456784e+01,2.221823204170e+04,3.023537318228e+02,1.122969560460e+01,1.267308030435e-02
3.724594678803e-03,7.912127615362e+01,2.508126324732e+01,2.223963869795e+04,3.023536917175e+02,1.122969648842e+01,1.266454809087e-02
3.725818995634e-03,7.911305811169e+01,2.508851764441e+01,2.226106734949e+04,3.023536515731e+02,1.122969737405e+01,1.265601762427e-02
3.727042316842e-03,7.910483852528e+01,2.509576775783e+01,2.228251802108e+04,3.023536113897e+02,1.122969826149e+01,1.264748891010e-02
3.728264642911e-03,7.909661739679e+01,2.510301358633e+01,2.230399073754e+04,3.023535711672e+02,1.122969915073e+01,1.263896195387e-02
3.729485974323e-03,7.908839472862e+01,2.511025512862e+01,2.232548552363e+04,3.023535309056e+02,1.122970004178e+01,1.263043676109e-02
3.730706311563e-03,7.908017052316e+01,2.511749238346e+01,2.234700240422e+04,3.023534906050e+02,1.122970093464e+01,1.262191333729e-02
3.731925655115e-03,7.907194478281e+01,2.512472534961e+01,2.236854140419e+04,3.023534502652e+02,1.122970182931e+01,1.261339168796e-02
3.733144005465e-03,7.906371750995e+01,2.513195402585e+01,2.239010254846e+04,3.023534098863e+02,1.122970272579e+01,1.260487181860e-02
3.734361363096e-03,7.905548870697e+01,2.513917841093e+01,2.241168586194e+04,3.023533694683e+02,1.122970362409e+01,1.259635373469e-02
3.735577728495e-03,7.904725837625e+01,2.514639850367e+01,2.243329136965e+04,3.023533290111e+02,1.122970452419e+01,1.258783744171e-02
3.736793102147e-03,7.903902652017e+01,2.515361430285e+01,2.245491909657e+04,3.023532885148e+02,1.122970542611e+01,1.257932294515e-02
3.738007484540e-03,7.903079314109e+01,2.516082580729e+01,2.247656906777e+04,3.023532479793e+02,1.122970632984e+01,1.257081025045e-02
3.739220876158e-03,7.902255824142e+01,2.516803301578e+01,2.249824130827e+04,3.023532074045e+02,1.122970723539e+01,1.256229936311e-02
3.740433277491e-03,7.901432182349e+01,2.517523592719e+01,2.251993584324e+04,3.023531667906e+02,1.122970814275e+01,1.255379028853e-02
3.741644689025e-03,7.900608388968e+01,2.518243454033e+01,2.254165269779e+04,3.023531261374e+02,1.122970905193e+01,1.254528303219e-02
3.742855111248e-03,7.899784444236e+01,2.518962885406e+01,2.256339189709e+04,3.023530854450e+02,1.122970996292e+01,1.253677759952e-02
3.744064544648e-03,7.898960348388e+01,2.519681886722e+01,2.258515346634e+04,3.023530447133e+02,1.122971087573e+01,1.252827399595e-02
3.745272989715e-03,7.898136101659e+01,2.520400457870e+01,2.260693743083e+04,3.023530039423e+02,1.122971179036e+01,1.251977222690e-02
3.746480446936e-03,7.897311704286e+01,2.521118598735e+01,2.262874381575e+04,3.023529631320e+02,1.122971270680e+01,1.251127229779e-02
3.747686916802e-03,7.896487156503e+01,2.521836309208e+01,2.265057264647e+04,3.023529222824e+02,1.122971362507e+01,1.250277421402e-02
3.748892399803e-03,7.895662458544e+01,2.522553589178e+01,2.267242394830e+04,3.023528813935e+02,1.122971454515e+01,1.249427798100e-02
3.750096896428e-03,7.894837610644e+01,2.523270438535e+01,2.269429774662e+04,3.023528404652e+02,1.122971546706e+01,1.248578360413e-02
3.751300407168e-03,7.894012613037e+01,2.523986857170e+01,2.271619406681e+04,3.023527994976e+02,1.122971639078e+01,1.247729108878e-02
3.752502932514e-03,7.893187465955e+01,2.524702844976e+01,2.273811293434e+04,3.023527584906e+02,1.122971731633e+01,1.246880044034e-02
3.753704472958e-03,7.892362169634e+01,2.525418401847e+01,2.276005437467e+04,3.023527174442e+02,1.122971824370e+01,1.246031166418e-02
3.754905028990e-03,7.891536724306e+01,2.526133527677e+01,2.278201841328e+04,3.023526763584e+02,1.122971917290e+01,1.245182476567e-02
3.756104601104e-03,7.890711130203e+01,2.526848222361e+01,2.280400507574e+04,3.023526352331e+02,1.122972010391e+01,1.244333975016e-02
3.757303189792e-03,7.889885387557e+01,2.527562485796e+01,2.282601438760e+04,3.023525940684e+02,1.122972103676e+01,1.243485662301e-02
3.758500795545e-03,7.889059496602e+01,2.528276317877e+01,2.284804637445e+04,3.023525528643e+02,1.122972197142e+01,1.242637538955e-02
3.759697418859e-03,7.888233457568e+01,2.528989718506e+01,2.287010106197e+04,3.023525116207e+02,1.122972290791e+01,1.241789605513e-02
3.760893060223e-03,7.887407270687e+01,2.529702687577e+01,2.289217847576e+04,3.023524703376e+02,1.122972384623e+01,1.240941862508e-02
3.762087720138e-03,7.886580936189e+01,2.530415224996e+01,2.291427864161e+04,3.023524290150e+02,1.122972478638e+01,1.240094310469e-02
3.763281399092e-03,7.885754454306e+01,2.531127330659e+01,2.293640158519e+04,3.023523876529e+02,1.122972572835e+01,1.239246949931e-02
3.764474097582e-03,7.884927825269e+01,2.531839004470e+01,2.295854733227e+04,3.023523462513e+02,1.122972667216e+01,1.238399781424e-02
3.765665816102e-03,7.884101049306e+01,2.532550246331e+01,2.298071590868e+04,3.023523048101e+02,1.122972761779e+01,1.237552805477e-02
3.766856555150e-03,7.883274126648e+01,2.533261056148e+01,2.300290734026e+04,3.023522633293e+02,1.122972856525e+01,1.236706022619e-02
3.768046315218e-03,7.882447057525e+01,2.533971433822e+01,2.302512165284e+04,3.023522218090e+02,1.122972951454e+01,1.235859433380e-02
3.769235096805e-03,7.881619842165e+01,2.534681379262e+01,2.304735887237e+04,3.023521802490e+02,1.122973046566e+01,1.235013038286e-02
3.770422900406e-03,7.880792480797e+01,2.535390892373e+01,2.306961902476e+04,3.023521386495e+02,1.122973141862e+01,1.234166837866e-02
3.771609726517e-03,7.879964973650e+01,2.536099973062e+01,2.309190213599e+04,3.023520970103e+02,1.122973237340e+01,1.233320832644e-02
3.772795575638e-03,7.879137320951e+01,2.536808621239e+01,2.311420823206e+04,3.023520553315e+02,1.122973333002e+01,1.232475023147e-02
3.773980448263e-03,7.878309522930e+01,2.537516836812e+01,2.313653733900e+04,3.023520136130e+02,1.122973428848e+01,1.231629409899e-02
3.775164344892e-03,7.877481579813e+01,2.538224619691e+01,2.315888948289e+04,3.023519718548e+02,1.122973524877e+01,1.230783993425e-02
3.776347266023e-03,7.876653491827e+01,2.538931969789e+01,2.318126468984e+04,3.023519300570e+02,1.122973621089e+01,1.229938774247e-02
3.777529212152e-03,7.875825259200e+01,2.539638887015e+01,2.320366298596e+04,3.023518882194e+02,1.122973717485e+01,1.229093752890e-02
3.778710183783e-03,7.874996882156e+01,2.540345371285e+01,2.322608439749e+04,3.023518463421e+02,1.122973814064e+01,1.228248929872e-02
3.779890181410e-03,7.874168360925e+01,2.541051422512e+01,2.324852895056e+04,3.023518044251e+02,1.122973910828e+01,1.227404305718e-02
3.781069205535e-03,7.873339695731e+01,2.541757040609e+01,2.327099667144e+04,3.023517624683e+02,1.122974007775e+01,1.226559880946e-02
3.782247256657e-03,7.872510886799e+01,2.542462225494e+01,2.329348758643e+04,3.023517204718e+02,1.122974104905e+01,1.225715656076e-02
3.783424335277e-03,7.871681934355e+01,2.543166977083e+01,2.331600172180e+04,3.023516784355e+02,1.122974202220e+01,1.224871631628e-02
3.784600441895e-03,7.870852838624e+01,2.543871295292e+01,2.333853910390e+04,3.023516363593e+02,1.122974299719e+01,1.224027808119e-02
3.785775577013e-03,7.870023599830e+01,2.544575180042e+01,2.336109975914e+04,3.023515942434e+02,1.122974397401e+01,1.223184186067e-02
3.786949741130e-03,7.869194218199e+01,2.545278631250e+01,2.338368371388e+04,3.023515520876e+02,1.122974495268e+01,1.222340765988e-02
3.788122934750e-03,7.868364693953e+01,2.545981648838e+01,2.340629099461e+04,3.023515098920e+02,1.122974593319e+01,1.221497548399e-02
3.789295158372e-03,7.867535027317e+01,2.546684232725e+01,2.342892162776e+04,3.023514676565e+02,1.122974691554e+01,1.220654533815e-02
3.790466412502e-03,7.866705218513e+01,2.547386382835e+01,2.345157563989e+04,3.023514253811e+02,1.122974789974e+01,1.219811722748e-02
3.791636697638e-03,7.865875267767e+01,2.548088099088e+01,2.347425305751e+04,3.023513830659e+02,1.122974888578e+01,1.218969115716e-02
3.792806014288e-03,7.865045175297e+01,2.548789381413e+01,2.349695390726e+04,3.023513407107e+02,1.122974987366e+01,1.218126713228e-02
3.793974362950e-03,7.864214941330e+01,2.549490229728e+01,2.351967821566e+04,3.023512983156e+02,1.122975086339e+01,1.217284515799e-02
3.795141744131e-03,7.863384566086e+01,2.550190643964e+01,2.354242600945e+04,3.023512558806e+02,1.122975185496e+01,1.216442523938e-02
3.796308158334e-03,7.862554049787e+01,2.550890624044e+01,2.356519731526e+04,3.023512134056e+02,1.122975284838e+01,1.215600738158e-02
3.797473606062e-03,7.861723392654e+01,2.551590169897e+01,2.358799215983e+04,3.023511708906e+02,1.122975384364e+01,1.214759158968e-02
3.798638087822e-03,7.860892594908e+01,2.552289281452e+01,2.361081056993e+04,3.023511283356e+02,1.122975484076e+01,1.213917786876e-02
3.799801604115e-03,7.860061656772e+01,2.552987958634e+01,2.363365257228e+04,3.023510857407e+02,1.122975583972e+01,1.213076622394e-02
3.800964155451e-03,7.859230578464e+01,2.553686201378e+01,2.365651819379e+04,3.023510431057e+02,1.122975684053e+01,1.212235666025e-02
3.802125742331e-03,7.858399360206e+01,2.554384009611e+01,2.367940746126e+04,3.023510004307e+02,1.122975784319e+01,1.211394918279e-02
3.803286365263e-03,7.857568002216e+01,2.555081383266e+01,2.370232040160e+04,3.023509577156e+02,1.122975884770e+01,1.210554379662e-02
3.804446024752e-03,7.856736504715e+01,2.555778322276e+01,2.372525704173e+04,3.023509149605e+02,1.122975985405e+01,1.209714050679e-02
3.805604721305e-03,7.855904867922e+01,2.556474826574e+01,2.374821740861e+04,3.023508721653e+02,1.122976086226e+01,1.208873931835e-02
3.806762455429e-03,7.855073092056e+01,2.557170896094e+01,2.377120152925e+04,3.023508293300e+02,1.122976187233e+01,1.208034023633e-02
3.807919227630e-03,7.854241177336e+01,2.557866530770e+01,2.379420943064e+04,3.023507864546e+02,1.122976288424e+01,1.207194326578e-02
3.809075038417e-03,7.853409123978e+01,2.558561730540e+01,2.381724113990e+04,3.023507435390e+02,1.122976389801e+01,1.206354841171e-02
3.810229888295e-03,7.852576932203e+01,2.559256495340e+01,2.384029668407e+04,3.023507005833e+02,1.122976491363e+01,1.205515567915e-02
3.811383777774e-03,7.851744602227e+01,2.559950825108e+01,2.386337609033e+04,3.023506575875e+02,1.122976593111e+01,1.204676507309e-02
3.812536707361e-03,7.850912134268e+01,2.560644719781e+01,2.388647938583e+04,3.023506145515e+02,1.122976695044e+01,1.203837659855e-02
3.813688677566e-03,7.850079528543e+01,2.561338179300e+01,2.390960659778e+04,3.023505714753e+02,1.122976797162e+01,1.202999026051e-02
3.814839688896e-03,7.849246785268e+01,2.562031203605e+01,2.393275775340e+04,3.023505283589e+02,1.122976899466e+01,1.202160606398e-02
3.815989741861e-03,7.848413904661e+01,2.562723792636e+01,2.395593287999e+04,3.023504852022e+02,1.122977001956e+01,1.201322401392e-02
3.817138836972e-03,7.847580886935e+01,2.563415946337e+01,2.397913200486e+04,3.023504420054e+02,1.122977104632e+01,1.200484411530e-02
3.818286974734e-03,7.846747732310e+01,2.564107664648e+01,2.400235515530e+04,3.023503987683e+02,1.122977207493e+01,1.199646637310e-02
3.819434155663e-03,7.845914440998e+01,2.564798947515e+01,2.402560235877e+04,3.023503554909e+02,1.122977310541e+01,1.198809079227e-02
3.820580380264e-03,7.845081013217e+01,2.565489794880e+01,2.404887364261e+04,3.023503121732e+02,1.122977413774e+01,1.197971737776e-02
3.821725649052e-03,7.844247449179e+01,2.566180206691e+01,2.407216903432e+04,3.023502688152e+02,1.122977517193e+01,1.197134613450e-02
3.822869962535e-03,7.843413749100e+01,2.566870182892e+01,2.409548856135e+04,3.023502254170e+02,1.122977620798e+01,1.196297706744e-02
3.824013321225e-03,7.842579913194e+01,2.567559723432e+01,2.411883225125e+04,3.023501819784e+02,1.122977724590e+01,1.195461018150e-02
3.825155725633e-03,7.841745941676e+01,2.568248828256e+01,2.414220013154e+04,3.023501384994e+02,1.122977828567e+01,1.194624548161e-02
3.826297176272e-03,7.840911834758e+01,2.568937497315e+01,2.416559222985e+04,3.023500949801e+02,1.122977932731e+01,1.193788297267e-02
3.827437673653e-03,7.840077592654e+01,2.569625730558e+01,2.418900857377e+04,3.023500514204e+02,1.122978037081e+01,1.192952265958e-02
3.828577218288e-03,7.839243215576e+01,2.570313527934e+01,2.421244919098e+04,3.023500078204e+02,1.122978141618e+01,1.192116454724e-02
3.829715810690e-03,7.838408703739e+01,2.571000889395e+01,2.423591410916e+04,3.023499641799e+02,1.122978246341e+01,1.191280864055e-02
3.830853451374e-03,7.837574057353e+01,2.571687814893e+01,2.425940335608e+04,3.023499204990e+02,1.122978351250e+01,1.190445494438e-02
3.831990140848e-03,7.836739276632e+01,2.572374304380e+01,2.428291695943e+04,3.023498767777e+02,1.122978456346e+01,1.189610346361e-02
3.833125879630e-03,7.835904361786e+01,2.573060357810e+01,2.430645494708e+04,3.023498330159e+02,1.122978561629e+01,1.188775420310e-02
3.834260668233e-03,7.835069313026e+01,2.573745975138e+01,2.433001734687e+04,3.023497892137e+02,1.122978667098e+01,1.187940716771e-02
3.835394507171e-03,7.834234130565e+01,2.574431156319e+01,2.435360418664e+04,3.023497453709e+02,1.122978772754e+01,1.187106236229e-02
3.836527396956e-03,7.833398814614e+01,2.575115901307e+01,2.437721549429e+04,3.023497014877e+02,1.122978878596e+01,1.186271979169e-02
3.837659338105e-03,7.832563365381e+01,2.575800210062e+01,2.440085129781e+04,3.023496575640e+02,1.122978984626e+01,1.185437946074e-02
3.838790331130e-03,7.831727783079e+01,2.576484082538e+01,2.442451162514e+04,3.023496135997e+02,1.122979090842e+01,1.184604137427e-02
3.839920376550e-03,7.830892067916e+01,2.577167518697e+01,2.444819650432e+04,3.023495695949e+02,1.122979197246e+01,1.183770553710e-02
3.841049474879e-03,7.830056220101e+01,2.577850518496e+01,2.447190596341e+04,3.023495255496e+02,1.122979303836e+01,1.182937195404e-02
3.842177626629e-03,7.829220239846e+01,2.578533081895e+01,2.449564003044e+04,3.023494814636e+02,1.122979410614e+01,1.182104062991e-02
3.843304832322e-03,7.828384127357e+01,2.579215208856e+01,2.451939873363e+04,3.023494373371e+02,1.122979517578e+01,1.181271156947e-02
3.844431092469e-03,7.827547882845e+01,2.579896899339e+01,2.454318210103e+04,3.023493931700e+02,1.122979624730e+01,1.180438477756e-02
3.845556407590e-03,7.826711506516e+01,2.580578153309e+01,2.456699016093e+04,3.023493489622e+02,1.122979732069e+01,1.179606025892e-02
3.846680778199e-03,7.825874998580e+01,2.581258970727e+01,2.459082294150e+04,3.023493047138e+02,1.122979839596e+01,1.178773801836e-02
3.847804204814e-03,7.825038359244e+01,2.581939351557e+01,2.461468047103e+04,3.023492604248e+02,1.122979947310e+01,1.177941806062e-02
3.848926687953e-03,7.824201588715e+01,2.582619295765e+01,2.463856277785e+04,3.023492160951e+02,1.122980055211e+01,1.177110039046e-02
3.850048228133e-03,7.823364687200e+01,2.583298803315e+01,2.466246989025e+04,3.023491717247e+02,1.122980163300e+01,1.176278501265e-02
3.851168825871e-03,7.822527654907e+01,2.583977874175e+01,2.468640183664e+04,3.023491273137e+02,1.122980271576e+01,1.175447193192e-02
3.852288481685e-03,7.821690492041e+01,2.584656508312e+01,2.471035864542e+04,3.023490828619e+02,1.122980380040e+01,1.174616115301e-02
3.853407196094e-03,7.820853198809e+01,2.585334705693e+01,2.473434034503e+04,3.023490383694e+02,1.122980488692e+01,1.173785268066e-02
3.854524969616e-03,7.820015775417e+01,2.586012466287e+01,2.475834696396e+04,3.023489938361e+02,1.122980597532e+01,1.172954651957e-02
3.855641802771e-03,7.819178222069e+01,2.586689790063e+01,2.478237853075e+04,3.023489492621e+02,1.122980706559e+01,1.172124267447e-02
3.856757696076e-03,7.818340538973e+01,2.587366676993e+01,2.480643507392e+04,3.023489046474e+02,1.122980815774e+01,1.171294115006e-02
3.857872650051e-03,7.817502726331e+01,2.588043127046e+01,2.483051662211e+04,3.023488599918e+02,1.122980925177e+01,1.170464195103e-02
3.858986665217e-03,7.816664784350e+01,2.588719140196e+01,2.485462320392e+04,3.023488152954e+02,1.122981034768e+01,1.169634508208e-02
3.860099742091e-03,7.815826713233e+01,2.589394716413e+01,2.487875484799e+04,3.023487705582e+02,1.122981144547e+01,1.168805054790e-02
3.861211881194e-03,7.814988513184e+01,2.590069855672e+01,2.490291158308e+04,3.023487257802e+02,1.122981254514e+01,1.167975835315e-02
3.862323083048e-03,7.814150184408e+01,2.590744557948e+01,2.492709343791e+04,3.023486809614e+02,1.122981364670e+01,1.167146850250e-02
3.863433348172e-03,7.813311727106e+01,2.591418823214e+01,2.495130044123e+04,3.023486361016e+02,1.122981475013e+01,1.166318100062e-02
3.864542677087e-03,7.812473141483e+01,2.592092651447e+01,2.497553262190e+04,3.023485912010e+02,1.122981585545e+01,1.165489585215e-02
3.865651070312e-03,7.811634427742e+01,2.592766042621e+01,2.499979000869e+04,3.023485462595e+02,1.122981696265e+01,1.164661306175e-02
3.866758528372e-03,7.810795586084e+01,2.593438996717e+01,2.502407263058e+04,3.023485012771e+02,1.122981807174e+01,1.163833263403e-02
3.867865051785e-03,7.809956616712e+01,2.594111513711e+01,2.504838051643e+04,3.023484562538e+02,1.122981918271e+01,1.163005457364e-02
3.868970641075e-03,7.809117519828e+01,2.594783593581e+01,2.507271369523e+04,3.023484111895e+02,1.122982029556e+01,1.162177888520e-02
3.870075296763e-03,7.808278295634e+01,2.595455236308e+01,2.509707219595e+04,3.023483660843e+02,1.122982141030e+01,1.161350557332e-02
3.871179019371e-03,7.807438944329e+01,2.596126441871e+01,2.512145604765e+04,3.023483209381e+02,1.122982252693e+01,1.160523464260e-02
3.872281809420e-03,7.806599466118e+01,2.596797210251e+01,2.514586527935e+04,3.023482757509e+02,1.122982364544e+01,1.159696609766e-02
3.873383667437e-03,7.805759861197e+01,2.597467541431e+01,2.517029992024e+04,3.023482305228e+02,1.122982476585e+01,1.158869994305e-02
3.874484593941e-03,7.804920129770e+01,2.598137435392e+01,2.519475999941e+04,3.023481852536e+02,1.122982588813e+01,1.158043618339e-02
3.875584589454e-03,7.804080272036e+01,2.598806892117e+01,2.521924554601e+04,3.023481399434e+02,1.122982701231e+01,1.157217482325e-02
3.876683654505e-03,7.803240288192e+01,2.599475911593e+01,2.524375658935e+04,3.023480945921e+02,1.122982813838e+01,1.156391586717e-02
3.877781789611e-03,7.802400178442e+01,2.600144493801e+01,2.526829315859e+04,3.023480491998e+02,1.122982926634e+01,1.155565931974e-02
3.878878995301e-03,7.801559942982e+01,2.600812638729e+01,2.529285528308e+04,3.023480037664e+02,1.122983039618e+01,1.154740518549e-02
3.879975272094e-03,7.800719582013e+01,2.601480346361e+01,2.531744299212e+04,3.023479582919e+02,1.122983152792e+01,1.153915346898e-02
3.881070620518e-03,7.799879095732e+01,2.602147616685e+01,2.534205631508e+04,3.023479127763e+02,1.122983266155e+01,1.153090417475e-02
3.882165041098e-03,7.799038484336e+01,2.602814449690e+01,2.536669528141e+04,3.023478672196e+02,1.122983379707e+01,1.152265730730e-02
3.883258534354e-03,7.798197748026e+01,2.603480845362e+01,2.539135992046e+04,3.023478216217e+02,1.122983493449e+01,1.151441287119e-02
3.884351100817e-03,7.797356886997e+01,2.604146803693e+01,2.541605026182e+04,3.023477759827e+02,1.122983607379e+01,1.150617087089e-02
3.885442741006e-03,7.796515901449e+01,2.604812324669e+01,2.544076633488e+04,3.023477303026e+02,1.122983721499e+01,1.149793131095e-02
3.886533455450e-03,7.795674791577e+01,2.605477408283e+01,2.546550816930e+04,3.023476845812e+02,1.122983835809e+01,1.148969419583e-02
3.887623244675e-03,7.794833557577e+01,2.606142054527e+01,2.549027579463e+04,3.023476388187e+02,1.122983950308e+01,1.148145953004e-02
3.888712109204e-03,7.793992199648e+01,2.606806263392e+01,2.551506924048e+04,3.023475930149e+02,1.122984064996e+01,1.147322731806e-02
3.889800049565e-03,7.793150717983e+01,2.607470034871e+01,2.553988853655e+04,3.023475471700e+02,1.122984179874e+01,1.146499756436e-02
3.890887066283e-03,7.792309112781e+01,2.608133368956e+01,2.556473371252e+04,3.023475012838e+02,1.122984294942e+01,1.145677027341e-02
3.891973159886e-03,7.791467384235e+01,2.608796265644e+01,2.558960479814e+04,3.023474553563e+02,1.122984410200e+01,1.144854544967e-02
3.893058330898e-03,7.790625532543e+01,2.609458724927e+01,2.561450182317e+04,3.023474093875e+02,1.122984525647e+01,1.144032309759e-02
3.894142579848e-03,7.789783557896e+01,2.610120746804e+01,2.563942481746e+04,3.023473633775e+02,1.122984641284e+01,1.143210322160e-02
3.895225907262e-03,7.788941460492e+01,2.610782331268e+01,2.566437381083e+04,3.023473173262e+02,1.122984757111e+01,1.142388582616e-02
3.896308313668e-03,7.788099240524e+01,2.611443478317e+01,2.568934883319e+04,3.023472712335e+02,1.122984873128e+01,1.141567091568e-02
3.897389799594e-03,7.787256898186e+01,2.612104187951e+01,2.571434991449e+04,3.023472250996e+02,1.122984989335e+01,1.140745849458e-02
3.898470365565e-03,7.786414433671e+01,2.612764460166e+01,2.573937708465e+04,3.023471789242e+02,1.122985105732e+01,1.139924856729e-02
3.899550012110e-03,7.785571847175e+01,2.613424294961e+01,2.576443037369e+04,3.023471327076e+02,1.122985222319e+01,1.139104113820e-02
3.900628739757e-03,7.784729138889e+01,2.614083692338e+01,2.578950981166e+04,3.023470864495e+02,1.122985339096e+01,1.138283621171e-02
3.901706549037e-03,7.783886309004e+01,2.614742652296e+01,2.581461542869e+04,3.023470401500e+02,1.122985456063e+01,1.137463379220e-02
3.902783440473e-03,7.783043357717e+01,2.615401174837e+01,2.583974725481e+04,3.023469938092e+02,1.122985573221e+01,1.136643388406e-02
3.903859414598e-03,7.782200285217e+01,2.616059259962e+01,2.586490532023e+04,3.023469474269e+02,1.122985690569e+01,1.135823649167e-02
3.904934471939e-03,7.781357091697e+01,2.616716907675e+01,2.589008965513e+04,3.023469010032e+02,1.122985808107e+01,1.135004161939e-02
3.906008613027e-03,7.780513777348e+01,2.617374117979e+01,2.591530028977e+04,3.023468545380e+02,1.122985925836e+01,1.134184927156e-02
3.907081838388e-03,7.779670342362e+01,2.618030890878e+01,2.594053725439e+04,3.023468080314e+02,1.122986043756e+01,1.133365945256e-02
3.908154148553e-03,7.778826786929e+01,2.618687226376e+01,2.596580057931e+04,3.023467614833e+02,1.122986161866e+01,1.132547216672e-02
3.909225544050e-03,7.777983111243e+01,2.619343124479e+01,2.599109029484e+04,3.023467148937e+02,1.122986280166e+01,1.131728741838e-02
3.910296025413e-03,7.777139315489e+01,2.619998585195e+01,2.601640643148e+04,3.023466682626e+02,1.122986398657e+01,1.130910521184e-02
3.911365593168e-03,7.776295399862e+01,2.620653608527e+01,2.604174901953e+04,3.023466215899e+02,1.122986517339e+01,1.130092555145e-02
3.912434247847e-03,7.775451364549e+01,2.621308194487e+01,2.606711808953e+04,3.023465748757e+02,1.122986636212e+01,1.129274844150e-02
3.913501989979e-03,7.774607209741e+01,2.621962343079e+01,2.609251367193e+04,3.023465281200e+02,1.122986755275e+01,1.128457388632e-02
3.914568820096e-03,7.773762935626e+01,2.622616054315e+01,2.611793579734e+04,3.023464813227e+02,1.122986874529e+01,1.127640189017e-02
3.915634738727e-03,7.772918542395e+01,2.623269328202e+01,2.614338449625e+04,3.023464344838e+02,1.122986993975e+01,1.126823245738e-02
3.916699746406e-03,7.772074030233e+01,2.623922164754e+01,2.616885979939e+04,3.023463876033e+02,1.122987113611e+01,1.126006559218e-02
3.917763843659e-03,7.771229399334e+01,2.624574563977e+01,2.619436173726e+04,3.023463406812e+02,1.122987233438e+01,1.125190129890e-02
3.918827031020e-03,7.770384649882e+01,2.625226525887e+01,2.621989034069e+04,3.023462937174e+02,1.122987353457e+01,1.124373958176e-02
3.919889309023e-03,7.769539782063e+01,2.625878050494e+01,2.624544564039e+04,3.023462467121e+02,1.122987473666e+01,1.123558044502e-02
3.920950678197e-03,7.768694796068e+01,2.626529137812e+01,2.627102766711e+04,3.023461996650e+02,1.122987594067e+01,1.122742389294e-02
3.922011139073e-03,7.767849692084e+01,2.627179787854e+01,2.629663645164e+04,3.023461525763e+02,1.122987714659e+01,1.121926992977e-02
3.923070692184e-03,7.767004470297e+01,2.627830000634e+01,2.632227202488e+04,3.023461054459e+02,1.122987835442e+01,1.121111855973e-02
3.924129338062e-03,7.766159130894e+01,2.628479776167e+01,2.634793441765e+04,3.023460582738e+02,1.122987956417e+01,1.120296978705e-02
3.925187077240e-03,7.765313674060e+01,2.629129114470e+01,2.637362366098e+04,3.023460110599e+02,1.122988077583e+01,1.119482361593e-02
3.926243910249e-03,7.764468099982e+01,2.629778015558e+01,2.639933978573e+04,3.023459638044e+02,1.122988198941e+01,1.118668005062e-02
3.927299837622e-03,7.763622408847e+01,2.630426479447e+01,2.642508282296e+04,3.023459165070e+02,1.122988320490e+01,1.117853909529e-02
3.928354859894e-03,7.762776600838e+01,2.631074506158e+01,2.645085280373e+04,3.023458691680e+02,1.122988442231e+01,1.117040075413e-02
3.929408977596e-03,7.761930676141e+01,2.631722095706e+01,2.647664975911e+04,3.023458217871e+02,1.122988564163e+01,1.116226503134e-02
3.930462191261e-03,7.761084634941e+01,2.632369248111e+01,2.650247372021e+04,3.023457743644e+02,1.122988686287e+01,1.115413193111e-02
3.931514501421e-03,7.760238477424e+01,2.633015963392e+01,2.652832471817e+04,3.023457269000e+02,1.122988808603e+01,1.114600145760e-02
3.932565908614e-03,7.759392203771e+01,2.633662241572e+01,2.655420278426e+04,3.023456793937e+02,1.122988931110e+01,1.113787361495e-02
3.933616413370e-03,7.758545814168e+01,2.634308082669e+01,2.658010794969e+04,3.023456318455e+02,1.122989053810e+01,1.112974840734e-02
3.934666016224e-03,7.757699308798e+01,2.634953486705e+01,2.660604024573e+04,3.023455842556e+02,1.122989176701e+01,1.112162583892e-02
3.935714717710e-03,7.756852687846e+01,2.635598453703e+01,2.663199970369e+04,3.023455366237e+02,1.122989299785e+01,1.111350591382e-02
3.936762518360e-03,7.756005951494e+01,2.636242983684e+01,2.665798635494e+04,3.023454889500e+02,1.122989423060e+01,1.110538863617e-02
3.937809418711e-03,7.755159099924e+01,2.636887076674e+01,2.668400023088e+04,3.023454412343e+02,1.122989546527e+01,1.109727401011e-02
3.938855419298e-03,7.754312133319e+01,2.637530732696e+01,2.671004136298e+04,3.023453934768e+02,1.122989670187e+01,1.108916203973e-02
3.939900520653e-03,7.753465051861e+01,2.638173951775e+01,2.673610978268e+04,3.023453456773e+02,1.122989794039e+01,1.108105272915e-02
3.940944723311e-03,7.752617855734e+01,2.638816733935e+01,2.676220552147e+04,3.023452978359e+02,1.122989918083e+01,1.107294608249e-02
3.941988027810e-03,7.751770545116e+01,2.639459079204e+01,2.678832861101e+04,3.023452499525e+02,1.122990042319e+01,1.106484210380e-02
3.943030434683e-03,7.750923120190e+01,2.640100987609e+01,2.681447908282e+04,3.023452020272e+02,1.122990166747e+01,1.105674079719e-02
3.944071944463e-03,7.750075581139e+01,2.640742459174e+01,2.684065696850e+04,3.023451540599e+02,1.122990291368e+01,1.104864216676e-02
3.945112557689e-03,7.749227928141e+01,2.641383493930e+01,2.686686229981e+04,3.023451060505e+02,1.122990416182e+01,1.104054621654e-02
3.946152274895e-03,7.748380161377e+01,2.642024091905e+01,2.689309510844e+04,3.023450579992e+02,1.122990541188e+01,1.103245295060e-02
3.947191096617e-03,7.747532281028e+01,2.642664253128e+01,2.691935542613e+04,3.023450099058e+02,1.122990666386e+01,1.102436237301e-02
3.948229023391e-03,7.746684287272e+01,2.643303977629e+01,2.694564328472e+04,3.023449617704e+02,1.122990791777e+01,1.101627448779e-02
3.949266055750e-03,7.745836180294e+01,2.643943265437e+01,2.697195871592e+04,3.023449135929e+02,1.122990917361e+01,1.100818929902e-02
3.950302194237e-03,7.744987960265e+01,2.644582116586e+01,2.699830175180e+04,3.023448653733e+02,1.122991043137e+01,1.100010681067e-02
3.951337439381e-03,7.744139627370e+01,2.645220531105e+01,2.702467242414e+04,3.023448171117e+02,1.122991169106e+01,1.099202702681e-02
3.952371791723e-03,7.743291181786e+01,2.645858509028e+01,2.705107076493e+04,3.023447688079e+02,1.122991295268e+01,1.098394995144e-02
3.953405251796e-03,7.742442623693e+01,2.646496050386e+01,2.707749680615e+04,3.023447204620e+02,1.122991421623e+01,1.097587558857e-02
3.954437820138e-03,7.741593953267e+01,2.647133155214e+01,2.710395057983e+04,3.023446720740e+02,1.122991548170e+01,1.096780394220e-02
3.955469497291e-03,7.740745170684e+01,2.647769823549e+01,2.713043211818e+04,3.023446236439e+02,1.122991674911e+01,1.095973501628e-02
3.956500283785e-03,7.739896276126e+01,2.648406055420e+01,2.715694145315e+04,3.023445751715e+02,1.122991801845e+01,1.095166881485e-02
3.957530180156e-03,7.739047269771e+01,2.649041850864e+01,2.718347861688e+04,3.023445266570e+02,1.122991928971e+01,1.094360534189e-02
3.958559186952e-03,7.738198151788e+01,2.649677209923e+01,2.721004364181e+04,3.023444781003e+02,1.122992056291e+01,1.093554460129e-02
3.959587304696e-03,7.737348922364e+01,2.650312132624e+01,2.723663655985e+04,3.023444295014e+02,1.122992183804e+01,1.092748659710e-02
3.960614533939e-03,7.736499581667e+01,2.650946619013e+01,2.726325740360e+04,3.023443808603e+02,1.122992311511e+01,1.091943133319e-02
3.961640875207e-03,7.735650129880e+01,2.651580669121e+01,2.728990620509e+04,3.023443321769e+02,1.122992439410e+01,1.091137881358e-02
3.962666329047e-03,7.734800567172e+01,2.652214282992e+01,2.731658299691e+04,3.023442834513e+02,1.122992567503e+01,1.090332904215e-02
3.963690895991e-03,7.733950893724e+01,2.652847460661e+01,2.734328781131e+04,3.023442346834e+02,1.122992695789e+01,1.089528202286e-02
3.964714576580e-03,7.733101109709e+01,2.653480202170e+01,2.737002068083e+04,3.023441858732e+02,1.122992824269e+01,1.088723775961e-02
3.965737371351e-03,7.732251215302e+01,2.654112507559e+01,2.739678163790e+04,3.023441370208e+02,1.122992952942e+01,1.087919625632e-02
3.966759280841e-03,7.731401210680e+01,2.654744376866e+01,2.742357071500e+04,3.023440881260e+02,1.122993081808e+01,1.087115751692e-02
3.967780305593e-03,7.730551096012e+01,2.655375810137e+01,2.745038794483e+04,3.023440391889e+02,1.122993210869e+01,1.086312154525e-02
3.968800446141e-03,7.729700871478e+01,2.656006807411e+01,2.747723335988e+04,3.023439902094e+02,1.122993340123e+01,1.085508834524e-02
3.969819703024e-03,7.728850537249e+01,2.656637368732e+01,2.750410699281e+04,3.023439411876e+02,1.122993469570e+01,1.084705792078e-02
3.970838076785e-03,7.728000093498e+01,2.657267494143e+01,2.753100887637e+04,3.023438921234e+02,1.122993599211e+01,1.083903027570e-02
3.971855567957e-03,7.727149540401e+01,2.657897183686e+01,2.755793904320e+04,3.023438430169e+02,1.122993729047e+01,1.083100541390e-02
3.972872177083e-03,7.726298878128e+01,2.658526437408e+01,2.758489752612e+04,3.023437938679e+02,1.122993859075e+01,1.082298333924e-02
3.973887904703e-03,7.725448106852e+01,2.659155255354e+01,2.761188435800e+04,3.023437446766e+02,1.122993989298e+01,1.081496405553e-02
3.974902751351e-03,7.724597226750e+01,2.659783637566e+01,2.763889957151e+04,3.023436954427e+02,1.122994119715e+01,1.080694756668e-02
3.975916717571e-03,7.723746237988e+01,2.660411584094e+01,2.766594319973e+04,3.023436461665e+02,1.122994250326e+01,1.079893387646e-02
3.976929803903e-03,7.722895140740e+01,2.661039094985e+01,2.769301527553e+04,3.023435968478e+02,1.122994381130e+01,1.079092298872e-02
3.977942010885e-03,7.722043935179e+01,2.661666170284e+01,2.772011583187e+04,3.023435474866e+02,1.122994512129e+01,1.078291490728e-02
3.978953339055e-03,7.721192621475e+01,2.662292810039e+01,2.774724490175e+04,3.023434980830e+02,1.122994643322e+01,1.077490963595e-02
3.979963788953e-03,7.720341199801e+01,2.662919014298e+01,2.777440251821e+04,3.023434486368e+02,1.122994774710e+01,1.076690717855e-02
3.980973361126e-03,7.719489670323e+01,2.663544783115e+01,2.780158871451e+04,3.023433991481e+02,1.122994906291e+01,1.075890753882e-02
3.981982056103e-03,7.718638033217e+01,2.664170116533e+01,2.782880352356e+04,3.023433496169e+02,1.122995038067e+01,1.075091072061e-02
3.982989874434e-03,7.717786288649e+01,2.664795014607e+01,2.785604697872e+04,3.023433000431e+02,1.122995170037e+01,1.074291672766e-02
3.983996816652e-03,7.716934436793e+01,2.665419477384e+01,2.788331911307e+04,3.023432504268e+02,1.122995302201e+01,1.073492556377e-02
3.985002883304e-03,7.716082477812e+01,2.666043504919e+01,2.791061996006e+04,3.023432007679e+02,1.122995434560e+01,1.072693723267e-02
3.986008074923e-03,7.715230411884e+01,2.666667097261e+01,2.793794955278e+04,3.023431510664e+02,1.122995567114e+01,1.071895173815e-02
3.987012392058e-03,7.714378239170e+01,2.667290254466e+01,2.796530792479e+04,3.023431013223e+02,1.122995699862e+01,1.071096908392e-02
3.988015835242e-03,7.713525959845e+01,2.667912976583e+01,2.799269510930e+04,3.023430515356e+02,1.122995832804e+01,1.070298927377e-02
3.989018405020e-03,7.712673574073e+01,2.668535263667e+01,2.802011113985e+04,3.023430017062e+02,1.122995965941e+01,1.069501231139e-02
3.990020101933e-03,7.711821082024e+01,2.669157115774e+01,2.804755604990e+04,3.023429518342e+02,1.122996099273e+01,1.068703820051e-02
3.991020926520e-03,7.710968483868e+01,2.669778532956e+01,2.807502987290e+04,3.023429019196e+02,1.122996232800e+01,1.067906694487e-02
3.992020879325e-03,7.710115779769e+01,2.670399515271e+01,2.810253264252e+04,3.023428519622e+02,1.122996366521e+01,1.067109854815e-02
3.993019960888e-03,7.709262969894e+01,2.671020062775e+01,2.813006439233e+04,3.023428019622e+02,1.122996500438e+01,1.066313301406e-02
3.994018171748e-03,7.708410054415e+01,2.671640175520e+01,2.815762515586e+04,3.023427519194e+02,1.122996634549e+01,1.065517034632e-02
3.995015512449e-03,7.707557033495e+01,2.672259853567e+01,2.818521496691e+04,3.023427018340e+02,1.122996768855e+01,1.064721054858e-02
3.996011983534e-03,7.706703907300e+01,2.672879096974e+01,2.821283385922e+04,3.023426517058e+02,1.122996903356e+01,1.063925362452e-02
3.997007585539e-03,7.705850676000e+01,2.673497905795e+01,2.824048186644e+04,3.023426015348e+02,1.122997038052e+01,1.063129957784e-02
3.998002319010e-03,7.704997339758e+01,2.674116280092e+01,2.826815902247e+04,3.023425513211e+02,1.122997172944e+01,1.062334841218e-02
3.998996184493e-03,7.704143898736e+01,2.674734219926e+01,2.829586536128e+04,3.023425010646e+02,1.122997308030e+01,1.061540013115e-02
3.999989182517e-03,7.703290353111e+01,2.675351725349e+01,2.832360091641e+04,3.023424507653e+02,1.122997443312e+01,1.060745473852e-02
4.000981313640e-03,7.702436703033e+01,2.675968796432e+01,2.835136572226e+04,3.023424004232e+02,1.122997578788e+01,1.059951223777e-02
4.001972578390e-03,7.701582948680e+01,2.676585433227e+01,2.837915981241e+04,3.023423500383e+02,1.122997714460e+01,1.059157263267e-02
4.002962977317e-03,7.700729090210e+01,2.677201635798e+01,2.840698322107e+04,3.023422996105e+02,1.122997850328e+01,1.058363592677e-02
4.003952510963e-03,7.699875127787e+01,2.677817404210e+01,2.843483598237e+04,3.023422491399e+02,1.122997986391e+01,1.057570212367e-02
4.004941179868e-03,7.699021061577e+01,2.678432738521e+01,2.846271813028e+04,3.023421986264e+02,1.122998122649e+01,1.056777122703e-02
4.005928984577e-03,7.698166891743e+01,2.679047638797e+01,2.849062969904e+04,3.023421480701e+02,1.122998259103e+01,1.055984324040e-02
4.006915925629e-03,7.697312618450e+01,2.679662105100e+01,2.851857072278e+04,3.023420974708e+02,1.122998395752e+01,1.055191816742e-02
4.007902003567e-03,7.696458241860e+01,2.680276137493e+01,2.854654123572e+04,3.023420468286e+02,1.122998532597e+01,1.054399601165e-02
4.008887218936e-03,7.695603762136e+01,2.680889736043e+01,2.857454127224e+04,3.023419961435e+02,1.122998669638e+01,1.053607677666e-02
4.009871572281e-03,7.694749179438e+01,2.681502900815e+01,2.860257086665e+04,3.023419454155e+02,1.122998806874e+01,1.052816046600e-02
4.010855064139e-03,7.693894493932e+01,2.682115631873e+01,2.863063005323e+04,3.023418946445e+02,1.122998944306e+01,1.052024708328e-02
4.011837695057e-03,7.693039705779e+01,2.682727929284e+01,2.865871886646e+04,3.023418438305e+02,1.122999081933e+01,1.051233663201e-02
4.012819465575e-03,7.692184815141e+01,2.683339793114e+01,2.868683734074e+04,3.023417929735e+02,1.122999219757e+01,1.050442911575e-02
4.013800376238e-03,7.691329822180e+01,2.683951223431e+01,2.871498551058e+04,3.023417420736e+02,1.122999357776e+01,1.049652453805e-02
4.014780427591e-03,7.690474727055e+01,2.684562220304e+01,2.874316341059e+04,3.023416911306e+02,1.122999495992e+01,1.048862290241e-02
4.015759620174e-03,7.689619529930e+01,2.685172783798e+01,2.877137107524e+04,3.023416401446e+02,1.122999634403e+01,1.048072421237e-02
4.016737954533e-03,7.688764230962e+01,2.685782913985e+01,2.879960853926e+04,3.023415891156e+02,1.122999773010e+01,1.047282847143e-02
4.017715431207e-03,7.687908830317e+01,2.686392610931e+01,2.882787583719e+04,3.023415380435e+02,1.122999911814e+01,1.046493568312e-02
4.018692050745e-03,7.687053328149e+01,2.687001874710e+01,2.885617300387e+04,3.023414869283e+02,1.123000050813e+01,1.045704585092e-02
4.019667813686e-03,7.686197724622e+01,2.687610705388e+01,2.888450007396e+04,3.023414357701e+02,1.123000190009e+01,1.044915897832e-02
4.020642720578e-03,7.685342019893e+01,2.688219103040e+01,2.891285708236e+04,3.023413845687e+02,1.123000329401e+01,1.044127506879e-02
4.021616771961e-03,7.684486214124e+01,2.688827067734e+01,2.894124406380e+04,3.023413333243e+02,1.123000468989e+01,1.043339412583e-02
4.022589968380e-03,7.683630307472e+01,2.689434599544e+01,2.896966105324e+04,3.023412820367e+02,1.123000608773e+01,1.042551615290e-02
4.023562310378e-03,7.682774300098e+01,2.690041698541e+01,2.899810808556e+04,3.023412307059e+02,1.123000748754e+01,1.041764115345e-02
4.024533798500e-03,7.681918192159e+01,2.690648364798e+01,2.902658519574e+04,3.023411793320e+02,1.123000888931e+01,1.040976913093e-02
4.025504433289e-03,7.681061983812e+01,2.691254598389e+01,2.905509241883e+04,3.023411279149e+02,1.123001029305e+01,1.040190008879e-02
4.026474215293e-03,7.680205675215e+01,2.691860399390e+01,2.908362978994e+04,3.023410764547e+02,1.123001169875e+01,1.039403403045e-02
4.027443145048e-03,7.679349266531e+01,2.692465767870e+01,2.911219734398e+04,3.023410249512e+02,1.123001310642e+01,1.038617095938e-02
4.028411223106e-03,7.678492757910e+01,2.693070703909e+01,2.914079511632e+04,3.023409734045e+02,1.123001451605e+01,1.037831087894e-02
4.029378450007e-03,7.677636149515e+01,2.693675207580e+01,2.916942314200e+04,3.023409218146e+02,1.123001592765e+01,1.037045379259e-02
4.030344826298e-03,7.676779441498e+01,2.694279278961e+01,2.919808145638e+04,3.023408701815e+02,1.123001734122e+01,1.036259970369e-02
4.031310352519e-03,7.675922634021e+01,2.694882918125e+01,2.922677009460e+04,3.023408185051e+02,1.123001875675e+01,1.035474861568e-02
4.032275029219e-03,7.675065727235e+01,2.695486125152e+01,2.925548909211e+04,3.023407667854e+02,1.123002017426e+01,1.034690053193e-02
4.033238856939e-03,7.674208721301e+01,2.696088900117e+01,2.928423848416e+04,3.023407150224e+02,1.123002159373e+01,1.033905545582e-02
4.034201836226e-03,7.673351616371e+01,2.696691243101e+01,2.931301830627e+04,3.023406632161e+02,1.123002301517e+01,1.033121339072e-02
4.035163967624e-03,7.672494412601e+01,2.697293154180e+01,2.934182859385e+04,3.023406113665e+02,1.123002443857e+01,1.032337434000e-02
4.036125251676e-03,7.671637110148e+01,2.697894633433e+01,2.937066938240e+04,3.023405594736e+02,1.123002586395e+01,1.031553830701e-02
4.037085688929e-03,7.670779709167e+01,2.698495680941e+01,2.939954070747e+04,3.023405075373e+02,1.123002729130e+01,1.030770529511e-02
4.038045279924e-03,7.669922209812e+01,2.699096296781e+01,2.942844260459e+04,3.023404555577e+02,1.123002872062e+01,1.029987530765e-02
4.039004025211e-03,7.669064612237e+01,2.699696481037e+01,2.945737510952e+04,3.023404035346e+02,1.123003015191e+01,1.029204834794e-02
4.039961925330e-03,7.668206916597e+01,2.700296233786e+01,2.948633825781e+04,3.023403514682e+02,1.123003158517e+01,1.028422441932e-02
4.040918980829e-03,7.667349123045e+01,2.700895555113e+01,2.951533208529e+04,3.023402993584e+02,1.123003302041e+01,1.027640352511e-02
4.041875192251e-03,7.666491231736e+01,2.701494445097e+01,2.954435662762e+04,3.023402472052e+02,1.123003445761e+01,1.026858566862e-02
4.042830560145e-03,7.665633242820e+01,2.702092903823e+01,2.957341192078e+04,3.023401950085e+02,1.123003589679e+01,1.026077085312e-02
4.043785085048e-03,7.664775156457e+01,2.702690931370e+01,2.960249800038e+04,3.023401427684e+02,1.123003733795e+01,1.025295908198e-02
4.044738767513e-03,7.663916972793e+01,2.703288527826e+01,2.963161490254e+04,3.023400904848e+02,1.123003878108e+01,1.024515035841e-02
4.045691608082e-03,7.663058691983e+01,2.703885693271e+01,2.966076266314e+04,3.023400381578e+02,1.123004022618e+01,1.023734468573e-02
4.046643607298e-03,7.662200314181e+01,2.704482427790e+01,2.968994131809e+04,3.023399857872e+02,1.123004167325e+01,1.022954206722e-02
4.047594765708e-03,7.661341839538e+01,2.705078731468e+01,2.971915090349e+04,3.023399333732e+02,1.123004312231e+01,1.022174250612e-02
4.048545083860e-03,7.660483268203e+01,2.705674604391e+01,2.974839145551e+04,3.023398809156e+02,1.123004457333e+01,1.021394600569e-02
4.049494562297e-03,7.659624600330e+01,2.706270046645e+01,2.977766301017e+04,3.023398284145e+02,1.123004602634e+01,1.020615256917e-02
4.050443201564e-03,7.658765836070e+01,2.706865058315e+01,2.980696560369e+04,3.023397758699e+02,1.123004748132e+01,1.019836219982e-02
4.051391002203e-03,7.657906975578e+01,2.707459639484e+01,2.983629927211e+04,3.023397232816e+02,1.123004893828e+01,1.019057490090e-02
4.052337964767e-03,7.657048018996e+01,2.708053790247e+01,2.986566405201e+04,3.023396706498e+02,1.123005039721e+01,1.018279067557e-02
4.053284089795e-03,7.656188966482e+01,2.708647510685e+01,2.989505997944e+04,3.023396179745e+02,1.123005185813e+01,1.017500952709e-02
4.054229377836e-03,7.655329818182e+01,2.709240800889e+01,2.992448709090e+04,3.023395652555e+02,1.123005332102e+01,1.016723145866e-02
4.055173829432e-03,7.654470574250e+01,2.709833660945e+01,2.995394542264e+04,3.023395124928e+02,1.123005478589e+01,1.015945647350e-02
4.056117445134e-03,7.653611234830e+01,2.710426090946e+01,2.998343501132e+04,3.023394596866e+02,1.123005625275e+01,1.015168457475e-02
4.057060225482e-03,7.652751800076e+01,2.711018090977e+01,3.001295589320e+04,3.023394068367e+02,1.123005772158e+01,1.014391576566e-02
4.058002171025e-03,7.651892270136e+01,2.711609661130e+01,3.004250810496e+04,3.023393539431e+02,1.123005919239e+01,1.013615004938e-02
4.058943282308e-03,7.651032645157e+01,2.712200801495e+01,3.007209168313e+04,3.023393010059e+02,1.123006066518e+01,1.012838742908e-02
4.059883559875e-03,7.650172925290e+01,2.712791512163e+01,3.010170666434e+04,3.023392480249e+02,1.123006213996e+01,1.012062790793e-02
4.060823004272e-03,7.649313110684e+01,2.713381793224e+01,3.013135308523e+04,3.023391950003e+02,1.123006361672e+01,1.011287148909e-02
4.061761616049e-03,7.648453201482e+01,2.713971644772e+01,3.016103098264e+04,3.023391419319e+02,1.123006509546e+01,1.010511817569e-02
4.062699395747e-03,7.647593197837e+01,2.714561066897e+01,3.019074039319e+04,3.023390888198e+02,1.123006657618e+01,1.009736797088e-02
4.063636343912e-03,7.646733099896e+01,2.715150059692e+01,3.022048135375e+04,3.023390356640e+02,1.123006805888e+01,1.008962087781e-02
4.064572461093e-03,7.645872907803e+01,2.715738623250e+01,3.025025390120e+04,3.023389824643e+02,1.123006954357e+01,1.008187689957e-02
4.065507747833e-03,7.645012621708e+01,2.716326757665e+01,3.028005807239e+04,3.023389292209e+02,1.123007103024e+01,1.007413603931e-02
4.066442204677e-03,7.644152241759e+01,2.716914463029e+01,3.030989390422e+04,3.023388759337e+02,1.123007251890e+01,1.006639830014e-02
4.067375832176e-03,7.643291768096e+01,2.717501739441e+01,3.033976143388e+04,3.023388226027e+02,1.123007400954e+01,1.005866368511e-02
4.068308630870e-03,7.642431200873e+01,2.718088586990e+01,3.036966069820e+04,3.023387692279e+02,1.123007550217e+01,1.005093219737e-02
4.069240601308e-03,7.641570540231e+01,2.718675005775e+01,3.039959173438e+04,3.023387158092e+02,1.123007699679e+01,1.004320383999e-02
4.070171744033e-03,7.640709786320e+01,2.719260995888e+01,3.042955457942e+04,3.023386623467e+02,1.123007849339e+01,1.003547861607e-02
4.071102059599e-03,7.639848939278e+01,2.719846557432e+01,3.045954927078e+04,3.023386088404e+02,1.123007999198e+01,1.002775652861e-02
4.072031548542e-03,7.638987999259e+01,2.720431690495e+01,3.048957584535e+04,3.023385552901e+02,1.123008149255e+01,1.002003758076e-02
4.072960211414e-03,7.638126966402e+01,2.721016395181e+01,3.051963434063e+04,3.023385016959e+02,1.123008299511e+01,1.001232177552e-02
4.073888048758e-03,7.637265840855e+01,2.721600671583e+01,3.054972479381e+04,3.023384480579e+02,1.123008449967e+01,1.000460911596e-02
4.074815061122e-03,7.636404622760e+01,2.722184519801e+01,3.057984724233e+04,3.023383943759e+02,1.123008600621e+01,9.996899605112e-03
4.075741249053e-03,7.635543312261e+01,2.722767939933e+01,3.061000172361e+04,3.023383406500e+02,1.123008751474e+01,9.989193246002e-03
4.076666613095e-03,7.634681909503e+01,2.723350932077e+01,3.064018827506e+04,3.023382868801e+02,1.123008902525e+01,9.981490041669e-03
4.077591153792e-03,7.633820414632e+01,2.723933496332e+01,3.067040693412e+04,3.023382330662e+02,1.123009053776e+01,9.973789995143e-03
4.078514871694e-03,7.632958827788e+01,2.724515632799e+01,3.070065773850e+04,3.023381792084e+02,1.123009205226e+01,9.966093109397e-03
4.079437767346e-03,7.632097149114e+01,2.725097341577e+01,3.073094072569e+04,3.023381253066e+02,1.123009356875e+01,9.958399387458e-03
4.080359841295e-03,7.631235378755e+01,2.725678622766e+01,3.076125593338e+04,3.023380713608e+02,1.123009508724e+01,9.950708832307e-03
4.081281094085e-03,7.630373516852e+01,2.726259476468e+01,3.079160339923e+04,3.023380173709e+02,1.123009660771e+01,9.943021446942e-03
4.082201526261e-03,7.629511563550e+01,2.726839902782e+01,3.082198316091e+04,3.023379633370e+02,1.123009813018e+01,9.935337234355e-03
4.083121138377e-03,7.628649518984e+01,2.727419901815e+01,3.085239525648e+04,3.023379092591e+02,1.123009965464e+01,9.927656197453e-03
4.084039930968e-03,7.627787383305e+01,2.727999473663e+01,3.088283972342e+04,3.023378551370e+02,1.123010118109e+01,9.919978339285e-03
4.084957904588e-03,7.626925156648e+01,2.728578618432e+01,3.091331659983e+04,3.023378009710e+02,1.123010270953e+01,9.912303662751e-03
4.085875059780e-03,7.626062839158e+01,2.729157336224e+01,3.094382592357e+04,3.023377467608e+02,1.123010423997e+01,9.904632170821e-03
4.086791397092e-03,7.625200430973e+01,2.729735627143e+01,3.097436773265e+04,3.023376925065e+02,1.123010577241e+01,9.896963866421e-03
4.087706917069e-03,7.624337932236e+01,2.730313491292e+01,3.100494206508e+04,3.023376382080e+02,1.123010730684e+01,9.889298752488e-03
4.088621620256e-03,7.623475343088e+01,2.730890928775e+01,3.103554895887e+04,3.023375838655e+02,1.123010884326e+01,9.881636831967e-03
4.089535507200e-03,7.622612663668e+01,2.731467939696e+01,3.106618845216e+04,3.023375294788e+02,1.123011038169e+01,9.873978107762e-03
4.090448578448e-03,7.621749894117e+01,2.732044524162e+01,3.109686058315e+04,3.023374750479e+02,1.123011192210e+01,9.866322582782e-03
4.091360834548e-03,7.620887034571e+01,2.732620682279e+01,3.112756539011e+04,3.023374205728e+02,1.123011346452e+01,9.858670259909e-03
4.092272276044e-03,7.620024085173e+01,2.733196414151e+01,3.115830291123e+04,3.023373660536e+02,1.123011500893e+01,9.851021142057e-03
4.093182903480e-03,7.619161046063e+01,2.733771719885e+01,3.118907318478e+04,3.023373114901e+02,1.123011655534e+01,9.843375232124e-03
4.094092717404e-03,7.618297917380e+01,2.734346599585e+01,3.121987624910e+04,3.023372568824e+02,1.123011810375e+01,9.835732532991e-03
4.095001718365e-03,7.617434699258e+01,2.734921053364e+01,3.125071214278e+04,3.023372022304e+02,1.123011965415e+01,9.828093047486e-03
4.095909906905e-03,7.616571391841e+01,2.735495081324e+01,3.128158090405e+04,3.023371475343e+02,1.123012120656e+01,9.820456778524e-03
4.096817283573e-03,7.615707995265e+01,2.736068683575e+01,3.131248257153e+04,3.023370927938e+02,1.123012276096e+01,9.812823728935e-03
4.097723848912e-03,7.614844509668e+01,2.736641860225e+01,3.134341718371e+04,3.023370380091e+02,1.123012431737e+01,9.805193901583e-03
4.098629603472e-03,7.613980935188e+01,2.737214611384e+01,3.137438477924e+04,3.023369831800e+02,1.123012587577e+01,9.797567299292e-03
4.099534547797e-03,7.613117271961e+01,2.737786937160e+01,3.140538539677e+04,3.023369283067e+02,1.123012743618e+01,9.789943924898e-03
4.100438682431e-03,7.612253520128e+01,2.738358837661e+01,3.143641907485e+04,3.023368733890e+02,1.123012899859e+01,9.782323781260e-03
4.101342007927e-03,7.611389679819e+01,2.738930313001e+01,3.146748585248e+04,3.023368184270e+02,1.123013056300e+01,9.774706871132e-03
4.102244524823e-03,7.610525751180e+01,2.739501363284e+01,3.149858576815e+04,3.023367634207e+02,1.123013212941e+01,9.767093197399e-03
4.103146233671e-03,7.609661734339e+01,2.740071988628e+01,3.152971886097e+04,3.023367083699e+02,1.123013369782e+01,9.759482762796e-03
4.104047135014e-03,7.608797629437e+01,2.740642189138e+01,3.156088516962e+04,3.023366532748e+02,1.123013526824e+01,9.751875570172e-03
4.104947229398e-03,7.607933436609e+01,2.741211964929e+01,3.159208473313e+04,3.023365981353e+02,1.123013684066e+01,9.744271622289e-03
4.105846517372e-03,7.607069155989e+01,2.741781316112e+01,3.162331759053e+04,3.023365429514e+02,1.123013841508e+01,9.736670921919e-03
4.106744999478e-03,7.606204787716e+01,2.742350242798e+01,3.165458378069e+04,3.023364877230e+02,1.123013999151e+01,9.729073471869e-03
4.107642676266e-03,7.605340331920e+01,2.742918745102e+01,3.168588334288e+04,3.023364324503e+02,1.123014156995e+01,9.721479274863e-03
4.108539548281e-03,7.604475788739e+01,2.743486823136e+01,3.171721631615e+04,3.023363771330e+02,1.123014315038e+01,9.713888333674e-03
4.109435616065e-03,7.603611158310e+01,2.744054477011e+01,3.174858273955e+04,3.023363217713e+02,1.123014473283e+01,9.706300651084e-03
4.110330880169e-03,7.602746440763e+01,2.744621706844e+01,3.177998265251e+04,3.023362663651e+02,1.123014631728e+01,9.698716229790e-03
4.111225341136e-03,7.601881636236e+01,2.745188512748e+01,3.181141609418e+04,3.023362109144e+02,1.123014790374e+01,9.691135072553e-03
4.112118999515e-03,7.601016744859e+01,2.745754894837e+01,3.184288310395e+04,3.023361554193e+02,1.123014949220e+01,9.683557182087e-03
4.113011855848e-03,7.600151766769e+01,2.746320853227e+01,3.187438372112e+04,3.023360998795e+02,1.123015108267e+01,9.675982561128e-03
4.113903910684e-03,7.599286702097e+01,2.746886388034e+01,3.190591798524e+04,3.023360442953e+02,1.123015267515e+01,9.668411212360e-03
4.114795164567e-03,7.598421550978e+01,2.747451499371e+01,3.193748593562e+04,3.023359886665e+02,1.123015426964e+01,9.660843138523e-03
4.115685618045e-03,7.597556313543e+01,2.748016187357e+01,3.196908761193e+04,3.023359329931e+02,1.123015586613e+01,9.653278342283e-03
4.116575271661e-03,7.596690989928e+01,2.748580452106e+01,3.200072305360e+04,3.023358772751e+02,1.123015746464e+01,9.645716826359e-03
4.117464125964e-03,7.595825580262e+01,2.749144293736e+01,3.203239230037e+04,3.023358215126e+02,1.123015906515e+01,9.638158593406e-03
4.118352181494e-03,7.594960084680e+01,2.749707712363e+01,3.206409539177e+04,3.023357657054e+02,1.123016066768e+01,9.630603646132e-03
4.119239438807e-03,7.594094503308e+01,2.750270708109e+01,3.209583236780e+04,3.023357098536e+02,1.123016227221e+01,9.623051987140e-03
4.120125898439e-03,7.593228836285e+01,2.750833281087e+01,3.212760326789e+04,3.023356539572e+02,1.123016387876e+01,9.615503619165e-03
4.121011560939e-03,7.592363083741e+01,2.751395431415e+01,3.215940813199e+04,3.023355980161e+02,1.123016548732e+01,9.607958544830e-03
4.121896426853e-03,7.591497245804e+01,2.751957159215e+01,3.219124700001e+04,3.023355420303e+02,1.123016709789e+01,9.600416766769e-03
4.122780496730e-03,7.590631322604e+01,2.752518464606e+01,3.222311991193e+04,3.023354859999e+02,1.123016871047e+01,9.592878287606e-03
4.123663771110e-03,7.589765314276e+01,2.753079347705e+01,3.225502690757e+04,3.023354299248e+02,1.123017032506e+01,9.585343110004e-03
4.124546250538e-03,7.588899220952e+01,2.753639808632e+01,3.228696802691e+04,3.023353738049e+02,1.123017194167e+01,9.577811236594e-03
4.125427935566e-03,7.588033042755e+01,2.754199847509e+01,3.231894331021e+04,3.023353176403e+02,1.123017356029e+01,9.570282669942e-03
4.126308826737e-03,7.587166779817e+01,2.754759464457e+01,3.235095279755e+04,3.023352614310e+02,1.123017518093e+01,9.562757412666e-03
4.127188924591e-03,7.586300432274e+01,2.755318659591e+01,3.238299652886e+04,3.023352051770e+02,1.123017680358e+01,9.555235467424e-03
4.128068229682e-03,7.585434000247e+01,2.755877433040e+01,3.241507454468e+04,3.023351488781e+02,1.123017842824e+01,9.547716836727e-03
4.128946742550e-03,7.584567483871e+01,2.756435784922e+01,3.244718688510e+04,3.023350925345e+02,1.123018005492e+01,9.540201523206e-03
4.129824463742e-03,7.583700883273e+01,2.756993715358e+01,3.247933359042e+04,3.023350361461e+02,1.123018168361e+01,9.532689529436e-03
4.130701393801e-03,7.582834198582e+01,2.757551224471e+01,3.251151470104e+04,3.023349797129e+02,1.123018331432e+01,9.525180857985e-03
4.131577533278e-03,7.581967429924e+01,2.758108312385e+01,3.254373025748e+04,3.023349232349e+02,1.123018494705e+01,9.517675511388e-03
4.132452882712e-03,7.581100577430e+01,2.758664979222e+01,3.257598030007e+04,3.023348667120e+02,1.123018658180e+01,9.510173492235e-03
4.133327442652e-03,7.580233641228e+01,2.759221225105e+01,3.260826486939e+04,3.023348101442e+02,1.123018821856e+01,9.502674803054e-03
4.134201213644e-03,7.579366621443e+01,2.759777050159e+01,3.264058400607e+04,3.023347535316e+02,1.123018985734e+01,9.495179446374e-03
4.135074196228e-03,7.578499518207e+01,2.760332454506e+01,3.267293775053e+04,3.023346968742e+02,1.123019149813e+01,9.487687424774e-03
4.135946390953e-03,7.577632331644e+01,2.760887438271e+01,3.270532614362e+04,3.023346401718e+02,1.123019314095e+01,9.480198740735e-03
4.136817798364e-03,7.576765061881e+01,2.761442001580e+01,3.273774922603e+04,3.023345834245e+02,1.123019478578e+01,9.472713396785e-03
4.137688419007e-03,7.575897709045e+01,2.761996144558e+01,3.277020703853e+04,3.023345266323e+02,1.123019643264e+01,9.465231395429e-03
4.138558253425e-03,7.575030273263e+01,2.762549867330e+01,3.280269962196e+04,3.023344697951e+02,1.123019808151e+01,9.457752739172e-03
4.139427302163e-03,7.574162754661e+01,2.763103170021e+01,3.283522701713e+04,3.023344129130e+02,1.123019973241e+01,9.450277430519e-03
4.140295565765e-03,7.573295153367e+01,2.763656052757e+01,3.286778926495e+04,3.023343559859e+02,1.123020138533e+01,9.442805471963e-03
4.141163044781e-03,7.572427469501e+01,2.764208515667e+01,3.290038640656e+04,3.023342990139e+02,1.123020304026e+01,9.435336865945e-03
4.142029739750e-03,7.571559703194e+01,2.764760558876e+01,3.293301848282e+04,3.023342419968e+02,1.123020469722e+01,9.427871614978e-03
4.142895651219e-03,7.570691854569e+01,2.765312182510e+01,3.296568553489e+04,3.023341849348e+02,1.123020635620e+01,9.420409721508e-03
4.143760779731e-03,7.569823923754e+01,2.765863386698e+01,3.299838760381e+04,3.023341278277e+02,1.123020801720e+01,9.412951188015e-03
4.144625125835e-03,7.568955910868e+01,2.766414171568e+01,3.303112473092e+04,3.023340706755e+02,1.123020968023e+01,9.405496016909e-03
4.145488690071e-03,7.568087816041e+01,2.766964537248e+01,3.306389695731e+04,3.023340134784e+02,1.123021134528e+01,9.398044210672e-03
4.146351472986e-03,7.567219639394e+01,2.767514483865e+01,3.309670432432e+04,3.023339562361e+02,1.123021301235e+01,9.390595771719e-03
4.147213475125e-03,7.566351381053e+01,2.768064011550e+01,3.312954687331e+04,3.023338989488e+02,1.123021468145e+01,9.383150702478e-03
4.148074697030e-03,7.565483041141e+01,2.768613120431e+01,3.316242464560e+04,3.023338416164e+02,1.123021635257e+01,9.375709005383e-03
4.148935139246e-03,7.564614619782e+01,2.769161810637e+01,3.319533768267e+04,3.023337842388e+02,1.123021802572e+01,9.368270682841e-03
4.149794802322e-03,7.563746117096e+01,2.769710082301e+01,3.322828602611e+04,3.023337268162e+02,1.123021970089e+01,9.360835737231e-03
4.150653686794e-03,7.562877533213e+01,2.770257935548e+01,3.326126971723e+04,3.023336693484e+02,1.123022137809e+01,9.353404171008e-03
4.151511793214e-03,7.562008868249e+01,2.770805370513e+01,3.329428879785e+04,3.023336118354e+02,1.123022305731e+01,9.345975986510e-03
4.152369122123e-03,7.561140122329e+01,2.771352387325e+01,3.332734330955e+04,3.023335542773e+02,1.123022473857e+01,9.338551186137e-03
4.153225674062e-03,7.560271295578e+01,2.771898986114e+01,3.336043329392e+04,3.023334966740e+02,1.123022642184e+01,9.331129772291e-03
4.154081449579e-03,7.559402388117e+01,2.772445167013e+01,3.339355879278e+04,3.023334390255e+02,1.123022810715e+01,9.323711747323e-03
4.154936449220e-03,7.558533400063e+01,2.772990930155e+01,3.342671984808e+04,3.023333813318e+02,1.123022979448e+01,9.316297113564e-03
4.155790673525e-03,7.557664331543e+01,2.773536275669e+01,3.345991650148e+04,3.023333235929e+02,1.123023148385e+01,9.308885873409e-03
4.156644123037e-03,7.556795182678e+01,2.774081203689e+01,3.349314879490e+04,3.023332658087e+02,1.123023317524e+01,9.301478029205e-03
4.157496798306e-03,7.555925953585e+01,2.774625714349e+01,3.352641677049e+04,3.023332079793e+02,1.123023486866e+01,9.294073583248e-03
4.158348699867e-03,7.555056644392e+01,2.775169807779e+01,3.355972046995e+04,3.023331501046e+02,1.123023656411e+01,9.286672537939e-03
4.159199828272e-03,7.554187255211e+01,2.775713484116e+01,3.359305993570e+04,3.023330921847e+02,1.123023826159e+01,9.279274895527e-03
4.160050184061e-03,7.553317786169e+01,2.776256743492e+01,3.362643520961e+04,3.023330342194e+02,1.123023996110e+01,9.271880658380e-03
4.160899767774e-03,7.552448237387e+01,2.776799586039e+01,3.365984633381e+04,3.023329762089e+02,1.123024166264e+01,9.264489828820e-03
4.161748579962e-03,7.551578608978e+01,2.777342011895e+01,3.369329335080e+04,3.023329181530e+02,1.123024336621e+01,9.257102409089e-03
4.162596621163e-03,7.550708901068e+01,2.777884021193e+01,3.372677630261e+04,3.023328600517e+02,1.123024507181e+01,9.249718401536e-03
4.163443891923e-03,7.549839113773e+01,2.778425614067e+01,3.376029523168e+04,3.023328019052e+02,1.123024677945e+01,9.242337808423e-03
4.164290392783e-03,7.548969247217e+01,2.778966790653e+01,3.379385018025e+04,3.023327437132e+02,1.123024848912e+01,9.234960632063e-03
4.165136124291e-03,7.548099301510e+01,2.779507551089e+01,3.382744119106e+04,3.023326854759e+02,1.123025020082e+01,9.227586874663e-03
4.165981086982e-03,7.547229276782e+01,2.780047895506e+01,3.386106830619e+04,3.023326271932e+02,1.123025191456e+01,9.220216538578e-03
4.166825281409e-03,7.546359173142e+01,2.780587824045e+01,3.389473156858e+04,3.023325688650e+02,1.123025363033e+01,9.212849625980e-03
4.167668708107e-03,7.545488990714e+01,2.781127336839e+01,3.392843102050e+04,3.023325104915e+02,1.123025534813e+01,9.205486139192e-03
4.168511367623e-03,7.544618729615e+01,2.781666434027e+01,3.396216670476e+04,3.023324520725e+02,1.123025706797e+01,9.198126080421e-03
4.169353260499e-03,7.543748389961e+01,2.782205115745e+01,3.399593866403e+04,3.023323936080e+02,1.123025878984e+01,9.190769451910e-03
4.170194387279e-03,7.542877971870e+01,2.782743382132e+01,3.402974694112e+04,3.023323350981e+02,1.123026051375e+01,9.183416255879e-03
4.171034748503e-03,7.542007475461e+01,2.783281233323e+01,3.406359157872e+04,3.023322765427e+02,1.123026223970e+01,9.176066494575e-03
4.171874344715e-03,7.541136900851e+01,2.783818669458e+01,3.409747261976e+04,3.023322179419e+02,1.123026396768e+01,9.168720170198e-03
4.172713176461e-03,7.540266248154e+01,2.784355690676e+01,3.413139010722e+04,3.023321592955e+02,1.123026569769e+01,9.161377284942e-03
4.173551244276e-03,7.539395517492e+01,2.784892297111e+01,3.416534408383e+04,3.023321006036e+02,1.123026742975e+01,9.154037841058e-03
4.174388548712e-03,7.538524708974e+01,2.785428488909e+01,3.419933459293e+04,3.023320418661e+02,1.123026916384e+01,9.146701840670e-03
4.175225090305e-03,7.537653822721e+01,2.785964266206e+01,3.423336167745e+04,3.023319830831e+02,1.123027089997e+01,9.139369285998e-03
4.176060869596e-03,7.536782858852e+01,2.786499629138e+01,3.426742538036e+04,3.023319242545e+02,1.123027263814e+01,9.132040179255e-03
4.176895887133e-03,7.535911817476e+01,2.787034577851e+01,3.430152574510e+04,3.023318653804e+02,1.123027437835e+01,9.124714522555e-03
4.177730143454e-03,7.535040698713e+01,2.787569112480e+01,3.433566281472e+04,3.023318064607e+02,1.123027612060e+01,9.117392318103e-03
4.178563639103e-03,7.534169502675e+01,2.788103233168e+01,3.436983663266e+04,3.023317474953e+02,1.123027786488e+01,9.110073568026e-03
4.179396374622e-03,7.533298229478e+01,2.788636940057e+01,3.440404724221e+04,3.023316884843e+02,1.123027961121e+01,9.102758274485e-03
4.180228350551e-03,7.532426879240e+01,2.789170233284e+01,3.443829468668e+04,3.023316294277e+02,1.123028135958e+01,9.095446439642e-03
4.181059567434e-03,7.531555452072e+01,2.789703112993e+01,3.447257900963e+04,3.023315703255e+02,1.123028310998e+01,9.088138065609e-03
4.181890025813e-03,7.530683948088e+01,2.790235579326e+01,3.450690025459e+04,3.023315111775e+02,1.123028486243e+01,9.080833154511e-03
4.182719726226e-03,7.529812367405e+01,2.790767632423e+01,3.454125846497e+04,3.023314519839e+02,1.123028661692e+01,9.073531708500e-03
4.183548669219e-03,7.528940710134e+01,2.791299272427e+01,3.457565368454e+04,3.023313927446e+02,1.123028837346e+01,9.066233729658e-03
4.184376855332e-03,7.528068976391e+01,2.791830499480e+01,3.461008595689e+04,3.023313334596e+02,1.123029013203e+01,9.058939220109e-03
4.185204285107e-03,7.527197166286e+01,2.792361313727e+01,3.464455532584e+04,3.023312741289e+02,1.123029189265e+01,9.051648181932e-03
4.186030959084e-03,7.526325279936e+01,2.792891715308e+01,3.467906183504e+04,3.023312147524e+02,1.123029365531e+01,9.044360617248e-03
4.186856877806e-03,7.525453317450e+01,2.793421704368e+01,3.471360552845e+04,3.023311553302e+02,1.123029542002e+01,9.037076528117e-03
4.187682041809e-03,7.524581278949e+01,2.793951281047e+01,3.474818644971e+04,3.023310958623e+02,1.123029718677e+01,9.029795916666e-03
4.188506451643e-03,7.523709164533e+01,2.794480445495e+01,3.478280464316e+04,3.023310363485e+02,1.123029895556e+01,9.022518784884e-03
4.189330107842e-03,7.522836974323e+01,2.795009197852e+01,3.481746015250e+04,3.023309767889e+02,1.123030072640e+01,9.015245134899e-03
4.190153010950e-03,7.521964708428e+01,2.795537538263e+01,3.485215302190e+04,3.023309171836e+02,1.123030249929e+01,9.007974968744e-03
4.190975161506e-03,7.521092366961e+01,2.796065466873e+01,3.488688329541e+04,3.023308575324e+02,1.123030427422e+01,9.000708288479e-03
4.191796560053e-03,7.520219950032e+01,2.796592983827e+01,3.492165101727e+04,3.023307978354e+02,1.123030605119e+01,8.993445096130e-03
4.192617207131e-03,7.519347457752e+01,2.797120089271e+01,3.495645623170e+04,3.023307380925e+02,1.123030783022e+01,8.986185393734e-03
4.193437103277e-03,7.518474890237e+01,2.797646783347e+01,3.499129898279e+04,3.023306783038e+02,1.123030961129e+01,8.978929183357e-03
4.194256249040e-03,7.517602247588e+01,2.798173066208e+01,3.502617931527e+04,3.023306184692e+02,1.123031139441e+01,8.971676466936e-03
4.195074644950e-03,7.516729529928e+01,2.798698937991e+01,3.506109727304e+04,3.023305585887e+02,1.123031317957e+01,8.964427246587e-03
4.195892291556e-03,7.515856737356e+01,2.799224398849e+01,3.509605290095e+04,3.023304986623e+02,1.123031496679e+01,8.957181524231e-03
4.196709189391e-03,7.514983869990e+01,2.799749448925e+01,3.513104624320e+04,3.023304386900e+02,1.123031675605e+01,8.949939301930e-03
4.197525339001e-03,7.514110927936e+01,2.800274088368e+01,3.516607734455e+04,3.023303786717e+02,1.123031854736e+01,8.942700581633e-03
4.198340740922e-03,7.513237911305e+01,2.800798317323e+01,3.520114624948e+04,3.023303186075e+02,1.123032034072e+01,8.935465365352e-03
4.199155395696e-03,7.512364820206e+01,2.801322135940e+01,3.523625300275e+04,3.023302584973e+02,1.123032213613e+01,8.928233655045e-03
4.199969303865e-03,7.511491654746e+01,2.801845544366e+01,3.527139764911e+04,3.023301983411e+02,1.123032393359e+01,8.921005452675e-03
4.200782465961e-03,7.510618415042e+01,2.802368542744e+01,3.530658023304e+04,3.023301381390e+02,1.123032573311e+01,8.913780760272e-03
4.201594882533e-03,7.509745101192e+01,2.802891131231e+01,3.534180079982e+04,3.023300778908e+02,1.123032753467e+01,8.906559579696e-03
4.202406554114e-03,7.508871713313e+01,2.803413309968e+01,3.537705939401e+04,3.023300175967e+02,1.123032933828e+01,8.899341912969e-03
4.203217481248e-03,7.507998251506e+01,2.803935079108e+01,3.541235606075e+04,3.023299572565e+02,1.123033114395e+01,8.892127761988e-03
4.204027664469e-03,7.507124715887e+01,2.804456438797e+01,3.544769084486e+04,3.023298968702e+02,1.123033295167e+01,8.884917128731e-03
4.204837104322e-03,7.506251106558e+01,2.804977389187e+01,3.548306379156e+04,3.023298364379e+02,1.123033476144e+01,8.877710015089e-03
4.205645801343e-03,7.505377423628e+01,2.805497930426e+01,3.551847494592e+04,3.023297759595e+02,1.123033657327e+01,8.870506422997e-03
4.206453756069e-03,7.504503667207e+01,2.806018062662e+01,3.555392435299e+04,3.023297154350e+02,1.123033838714e+01,8.863306354388e-03
4.207260969042e-03,7.503629837400e+01,2.806537786048e+01,3.558941205813e+04,3.023296548644e+02,1.123034020308e+01,8.856109811149e-03
4.208067440802e-03,7.502755934313e+01,2.807057100733e+01,3.562493810665e+04,3.023295942477e+02,1.123034202106e+01,8.848916795172e-03
4.208873171885e-03,7.501881958054e+01,2.807576006868e+01,3.566050254381e+04,3.023295335848e+02,1.123034384110e+01,8.841727308365e-03
4.209678162833e-03,7.501007908727e+01,2.808094504604e+01,3.569610541512e+04,3.023294728758e+02,1.123034566320e+01,8.834541352592e-03
4.210482414178e-03,7.500133786446e+01,2.808612594089e+01,3.573174676575e+04,3.023294121206e+02,1.123034748735e+01,8.827358929792e-03
4.211285926463e-03,7.499259591310e+01,2.809130275477e+01,3.576742664147e+04,3.023293513193e+02,1.123034931356e+01,8.820180041782e-03
4.212088700230e-03,7.498385323422e+01,2.809647548921e+01,3.580314508795e+04,3.023292904718e+02,1.123035114183e+01,8.813004690409e-03
4.212890736008e-03,7.497510982897e+01,2.810164414568e+01,3.583890215045e+04,3.023292295780e+02,1.123035297215e+01,8.805832877603e-03
4.213692034344e-03,7.496636569832e+01,2.810680872576e+01,3.587469787504e+04,3.023291686380e+02,1.123035480453e+01,8.798664605140e-03
4.214492595768e-03,7.495762084339e+01,2.811196923091e+01,3.591053230711e+04,3.023291076518e+02,1.123035663896e+01,8.791499874929e-03
4.215292420826e-03,7.494887526517e+01,2.811712566270e+01,3.594640549276e+04,3.023290466194e+02,1.123035847546e+01,8.784338688752e-03
4.216091510050e-03,7.494012896474e+01,2.812227802264e+01,3.598231747765e+04,3.023289855407e+02,1.123036031401e+01,8.777181048475e-03
4.216889863979e-03,7.493138194313e+01,2.812742631227e+01,3.601826830777e+04,3.023289244157e+02,1.123036215462e+01,8.770026955906e-03
4.217687483150e-03,7.492263420142e+01,2.813257053310e+01,3.605425802899e+04,3.023288632444e+02,1.123036399729e+01,8.762876412879e-03
4.218484368104e-03,7.491388574059e+01,2.813771068669e+01,3.609028668753e+04,3.023288020268e+02,1.123036584202e+01,8.755729421171e-03
4.219280519374e-03,7.490513656172e+01,2.814284677456e+01,3.612635432931e+04,3.023287407629e+02,1.123036768881e+01,8.748585982609e-03
4.220075937502e-03,7.489638666580e+01,2.814797879828e+01,3.616246100067e+04,3.023286794527e+02,1.123036953766e+01,8.741446098955e-03
4.220870623017e-03,7.488763605395e+01,2.815310675933e+01,3.619860674746e+04,3.023286180961e+02,1.123037138857e+01,8.734309772066e-03
4.221664576463e-03,7.487888472713e+01,2.815823065931e+01,3.623479161621e+04,3.023285566932e+02,1.123037324155e+01,8.727177003665e-03
4.222457798375e-03,7.487013268638e+01,2.816335049975e+01,3.627101565321e+04,3.023284952438e+02,1.123037509658e+01,8.720047795537e-03
4.223250289291e-03,7.486137993274e+01,2.816846628220e+01,3.630727890481e+04,3.023284337481e+02,1.123037695368e+01,8.712922149451e-03
4.224042049746e-03,7.485262646721e+01,2.817357800821e+01,3.634358141750e+04,3.023283722060e+02,1.123037881284e+01,8.705800067158e-03
4.224833080275e-03,7.484387229087e+01,2.817868567932e+01,3.637992323754e+04,3.023283106175e+02,1.123038067406e+01,8.698681550456e-03
4.225623381418e-03,7.483511740468e+01,2.818378929711e+01,3.641630441179e+04,3.023282489825e+02,1.123038253734e+01,8.691566601030e-03
4.226412953708e-03,7.482636180969e+01,2.818888886313e+01,3.645272498664e+04,3.023281873011e+02,1.123038440269e+01,8.684455220665e-03
4.227201797686e-03,7.481760550688e+01,2.819398437894e+01,3.648918500893e+04,3.023281255732e+02,1.123038627010e+01,8.677347411057e-03
4.227989913882e-03,7.480884849731e+01,2.819907584610e+01,3.652568452521e+04,3.023280637988e+02,1.123038813958e+01,8.670243173967e-03
4.228777302835e-03,7.480009078198e+01,2.820416326617e+01,3.656222358232e+04,3.023280019780e+02,1.123039001112e+01,8.663142511102e-03
4.229563965080e-03,7.479133236188e+01,2.820924664072e+01,3.659880222715e+04,3.023279401106e+02,1.123039188473e+01,8.656045424169e-03
4.230349901153e-03,7.478257323805e+01,2.821432597133e+01,3.663542050652e+04,3.023278781967e+02,1.123039376040e+01,8.648951914883e-03
4.231135111593e-03,7.477381341142e+01,2.821940125958e+01,3.667207846761e+04,3.023278162363e+02,1.123039563814e+01,8.641861984902e-03
4.231919596930e-03,7.476505288308e+01,2.822447250702e+01,3.670877615714e+04,3.023277542293e+02,1.123039751795e+01,8.634775635976e-03
4.232703357703e-03,7.475629165398e+01,2.822953971524e+01,3.674551362241e+04,3.023276921758e+02,1.123039939982e+01,8.627692869746e-03
4.233486394443e-03,7.474752972516e+01,2.823460288581e+01,3.678229091036e+04,3.023276300757e+02,1.123040128376e+01,8.620613687928e-03
4.234268707689e-03,7.473876709758e+01,2.823966202032e+01,3.681910806833e+04,3.023275679290e+02,1.123040316977e+01,8.613538092165e-03
4.235050297976e-03,7.473000377224e+01,2.824471712035e+01,3.685596514358e+04,3.023275057357e+02,1.123040505784e+01,8.606466084120e-03
4.235831165838e-03,7.472123975012e+01,2.824976818749e+01,3.689286218338e+04,3.023274434958e+02,1.123040694798e+01,8.599397665456e-03
4.236611311810e-03,7.471247503224e+01,2.825481522333e+01,3.692979923514e+04,3.023273812093e+02,1.123040884020e+01,8.592332837822e-03
4.237390736423e-03,7.470370961959e+01,2.825985822944e+01,3.696677634613e+04,3.023273188761e+02,1.123041073448e+01,8.585271602888e-03
4.238169440218e-03,7.469494351309e+01,2.826489720745e+01,3.700379356417e+04,3.023272564962e+02,1.123041263083e+01,8.578213962230e-03
4.238947423723e-03,7.468617671382e+01,2.826993215890e+01,3.704085093645e+04,3.023271940697e+02,1.123041452925e+01,8.571159917547e-03
4.239724687480e-03,7.467740922265e+01,2.827496308546e+01,3.707794851098e+04,3.023271315965e+02,1.123041642974e+01,8.564109470384e-03
4.240501232012e-03,7.466864104068e+01,2.827998998865e+01,3.711508633496e+04,3.023270690765e+02,1.123041833231e+01,8.557062622450e-03
4.241277057863e-03,7.465987216880e+01,2.828501287012e+01,3.715226445650e+04,3.023270065099e+02,1.123042023694e+01,8.550019375283e-03
4.242052165560e-03,7.465110260803e+01,2.829003173145e+01,3.718948292316e+04,3.023269438965e+02,1.123042214365e+01,8.542979730526e-03
4.242826555645e-03,7.464233235926e+01,2.829504657428e+01,3.722674178312e+04,3.023268812364e+02,1.123042405242e+01,8.535943689714e-03
4.243600228641e-03,7.463356142359e+01,2.830005740017e+01,3.726404108382e+04,3.023268185295e+02,1.123042596327e+01,8.528911254526e-03
4.244373185087e-03,7.462478980191e+01,2.830506421075e+01,3.730138087354e+04,3.023267557758e+02,1.123042787620e+01,8.521882426488e-03
4.245145425519e-03,7.461601749517e+01,2.831006700765e+01,3.733876120033e+04,3.023266929753e+02,1.123042979119e+01,8.514857207168e-03
4.245916950465e-03,7.460724450437e+01,2.831506579246e+01,3.737618211213e+04,3.023266301281e+02,1.123043170826e+01,8.507835598167e-03
4.246687760462e-03,7.459847083045e+01,2.832006056681e+01,3.741364365723e+04,3.023265672340e+02,1.123043362740e+01,8.500817601017e-03
4.247457856041e-03,7.458969647438e+01,2.832505133231e+01,3.745114588382e+04,3.023265042931e+02,1.123043554862e+01,8.493803217283e-03
4.248227237734e-03,7.458092143712e+01,2.833003809057e+01,3.748868884006e+04,3.023264413053e+02,1.123043747192e+01,8.486792448531e-03
4.248995906075e-03,7.457214571962e+01,2.833502084323e+01,3.752627257440e+04,3.023263782707e+02,1.123043939728e+01,8.479785296281e-03
4.249763861595e-03,7.456336932284e+01,2.833999959190e+01,3.756389713515e+04,3.023263151892e+02,1.123044132473e+01,8.472781762086e-03
4.250531104830e-03,7.455459224770e+01,2.834497433822e+01,3.760156257094e+04,3.023262520608e+02,1.123044325425e+01,8.465781847441e-03
4.251297636305e-03,7.454581449523e+01,2.834994508379e+01,3.763926892993e+04,3.023261888855e+02,1.123044518584e+01,8.458785553934e-03
4.252063456564e-03,7.453703606622e+01,2.835491183030e+01,3.767701626131e+04,3.023261256632e+02,1.123044711952e+01,8.451792882968e-03
4.252828566123e-03,7.452825696182e+01,2.835987457929e+01,3.771480461292e+04,3.023260623941e+02,1.123044905527e+01,8.444803836194e-03
4.253592965528e-03,7.451947718280e+01,2.836483333249e+01,3.775263403416e+04,3.023259990780e+02,1.123045099310e+01,8.437818414989e-03
4.254356655308e-03,7.451069673014e+01,2.836978809149e+01,3.779050457359e+04,3.023259357149e+02,1.123045293300e+01,8.430836620882e-03
4.255119635984e-03,7.450191560488e+01,2.837473885789e+01,3.782841627966e+04,3.023258723049e+02,1.123045487499e+01,8.423858455434e-03
4.255881908103e-03,7.449313380780e+01,2.837968563342e+01,3.786636920188e+04,3.023258088479e+02,1.123045681905e+01,8.416883920004e-03
4.256643472182e-03,7.448435133997e+01,2.838462841963e+01,3.790436338861e+04,3.023257453438e+02,1.123045876519e+01,8.409913016181e-03
4.257404328762e-03,7.447556820223e+01,2.838956721823e+01,3.794239888926e+04,3.023256817928e+02,1.123046071341e+01,8.402945745355e-03
4.258164478372e-03,7.446678439553e+01,2.839450203084e+01,3.798047575280e+04,3.023256181947e+02,1.123046266371e+01,8.395982109009e-03
4.258923921539e-03,7.445799992082e+01,2.839943285911e+01,3.801859402827e+04,3.023255545495e+02,1.123046461610e+01,8.389022108611e-03
4.259682658799e-03,7.444921477900e+01,2.840435970469e+01,3.805675376499e+04,3.023254908573e+02,1.123046657056e+01,8.382065745586e-03
4.260440690676e-03,7.444042897103e+01,2.840928256922e+01,3.809495501200e+04,3.023254271181e+02,1.123046852710e+01,8.375113021415e-03
4.261198017705e-03,7.443164249780e+01,2.841420145437e+01,3.813319781882e+04,3.023253633317e+02,1.123047048573e+01,8.368163937496e-03
4.261954640418e-03,7.442285536021e+01,2.841911636180e+01,3.817148223487e+04,3.023252994982e+02,1.123047244644e+01,8.361218495251e-03
4.262710559342e-03,7.441406755920e+01,2.842402729316e+01,3.820980830950e+04,3.023252356176e+02,1.123047440923e+01,8.354276696113e-03
4.263465775006e-03,7.440527909571e+01,2.842893425010e+01,3.824817609211e+04,3.023251716899e+02,1.123047637410e+01,8.347338541520e-03
4.264220287941e-03,7.439648997063e+01,2.843383723427e+01,3.828658563234e+04,3.023251077150e+02,1.123047834106e+01,8.340404032866e-03
4.264974098680e-03,7.438770018483e+01,2.843873624738e+01,3.832503697997e+04,3.023250436930e+02,1.123048031010e+01,8.333473171524e-03
4.265727207747e-03,7.437890973928e+01,2.844363129105e+01,3.836353018448e+04,3.023249796238e+02,1.123048228122e+01,8.326545958926e-03
4.266479615675e-03,7.437011863485e+01,2.844852236697e+01,3.840206529574e+04,3.023249155074e+02,1.123048425443e+01,8.319622396439e-03
4.267231322993e-03,7.436132687246e+01,2.845340947680e+01,3.844064236352e+04,3.023248513437e+02,1.123048622972e+01,8.312702485455e-03
4.267982330228e-03,7.435253445301e+01,2.845829262221e+01,3.847926143769e+04,3.023247871329e+02,1.123048820710e+01,8.305786227352e-03
4.268732637913e-03,7.434374137736e+01,2.846317180489e+01,3.851792256836e+04,3.023247228748e+02,1.123049018656e+01,8.298873623462e-03
4.269482246572e-03,7.433494764648e+01,2.846804702648e+01,3.855662580525e+04,3.023246585695e+02,1.123049216811e+01,8.291964675205e-03
4.270231156737e-03,7.432615326121e+01,2.847291828868e+01,3.859537119866e+04,3.023245942169e+02,1.123049415174e+01,8.285059383889e-03
4.270979368934e-03,7.431735822247e+01,2.847778559316e+01,3.863415879853e+04,3.023245298171e+02,1.123049613747e+01,8.278157750900e-03
4.271726883693e-03,7.430856253115e+01,2.848264894159e+01,3.867298865515e+04,3.023244653699e+02,1.123049812528e+01,8.271259777561e-03
4.272473701545e-03,7.429976618809e+01,2.848750833569e+01,3.871186081896e+04,3.023244008755e+02,1.123050011517e+01,8.264365465178e-03
4.273219823012e-03,7.429096919426e+01,2.849236377710e+01,3.875077533995e+04,3.023243363337e+02,1.123050210716e+01,8.257474815135e-03
4.273965248625e-03,7.428217155049e+01,2.849721526752e+01,3.878973226866e+04,3.023242717446e+02,1.123050410123e+01,8.250587828731e-03
4.274709978915e-03,7.427337325765e+01,2.850206280866e+01,3.882873165571e+04,3.023242071081e+02,1.123050609739e+01,8.243704507248e-03
4.275454014404e-03,7.426457431666e+01,2.850690640217e+01,3.886777355132e+04,3.023241424243e+02,1.123050809564e+01,8.236824852049e-03
4.276197355619e-03,7.425577472842e+01,2.851174604974e+01,3.890685800606e+04,3.023240776931e+02,1.123051009598e+01,8.229948864435e-03
4.276940003091e-03,7.424697449376e+01,2.851658175308e+01,3.894598507072e+04,3.023240129145e+02,1.123051209841e+01,8.223076545678e-03
4.277681957351e-03,7.423817361351e+01,2.852141351392e+01,3.898515479621e+04,3.023239480885e+02,1.123051410293e+01,8.216207897031e-03
4.278423218921e-03,7.422937208860e+01,2.852624133391e+01,3.902436723305e+04,3.023238832151e+02,1.123051610954e+01,8.209342919822e-03
4.279163788322e-03,7.422056991997e+01,2.853106521471e+01,3.906362243180e+04,3.023238182943e+02,1.123051811825e+01,8.202481615373e-03
4.279903666088e-03,7.421176710840e+01,2.853588515808e+01,3.910292044366e+04,3.023237533260e+02,1.123052012904e+01,8.195623984902e-03
4.280642852749e-03,7.420296365472e+01,2.854070116573e+01,3.914226131983e+04,3.023236883102e+02,1.123052214193e+01,8.188770029630e-03
4.281381348824e-03,7.419415955986e+01,2.854551323932e+01,3.918164511097e+04,3.023236232469e+02,1.123052415690e+01,8.181919750880e-03
4.282119154842e-03,7.418535482468e+01,2.855032138057e+01,3.922107186823e+04,3.023235581362e+02,1.123052617397e+01,8.175073149889e-03
4.282856271329e-03,7.417654945003e+01,2.855512559119e+01,3.926054164281e+04,3.023234929780e+02,1.123052819314e+01,8.168230227896e-03
4.283592698807e-03,7.416774343680e+01,2.855992587286e+01,3.930005448578e+04,3.023234277722e+02,1.123053021439e+01,8.161390986163e-03
4.284328437811e-03,7.415893678575e+01,2.856472222734e+01,3.933961044877e+04,3.023233625189e+02,1.123053223774e+01,8.154555425860e-03
4.285063488861e-03,7.415012949780e+01,2.856951465631e+01,3.937920958294e+04,3.023232972180e+02,1.123053426319e+01,8.147723548247e-03
4.285797852476e-03,7.414132157386e+01,2.857430316145e+01,3.941885193937e+04,3.023232318696e+02,1.123053629073e+01,8.140895354600e-03
4.286531529194e-03,7.413251301465e+01,2.857908774454e+01,3.945853757016e+04,3.023231664736e+02,1.123053832036e+01,8.134070846021e-03
4.287264519532e-03,7.412370382111e+01,2.858386840725e+01,3.949826652640e+04,3.023231010300e+02,1.123054035209e+01,8.127250023794e-03
4.287996824014e-03,7.411489399409e+01,2.858864515130e+01,3.953803885973e+04,3.023230355388e+02,1.123054238592e+01,8.120432889115e-03
4.288728443171e-03,7.410608353437e+01,2.859341797844e+01,3.957785462203e+04,3.023229700000e+02,1.123054442184e+01,8.113619443138e-03
4.289459377525e-03,7.409727244279e+01,2.859818689037e+01,3.961771386504e+04,3.023229044136e+02,1.123054645986e+01,8.106809687051e-03
4.290189627596e-03,7.408846072028e+01,2.860295188879e+01,3.965761664026e+04,3.023228387794e+02,1.123054849997e+01,8.100003622087e-03
4.290919193913e-03,7.407964836761e+01,2.860771297545e+01,3.969756299977e+04,3.023227730977e+02,1.123055054218e+01,8.093201249380e-03
4.291648076999e-03,7.407083538562e+01,2.861247015208e+01,3.973755299553e+04,3.023227073682e+02,1.123055258649e+01,8.086402570096e-03
4.292376277377e-03,7.406202177516e+01,2.861722342038e+01,3.977758667941e+04,3.023226415911e+02,1.123055463290e+01,8.079607585416e-03
4.293103795573e-03,7.405320753703e+01,2.862197278210e+01,3.981766410362e+04,3.023225757662e+02,1.123055668141e+01,8.072816296472e-03
4.293830632109e-03,7.404439267209e+01,2.862671823897e+01,3.985778532020e+04,3.023225098936e+02,1.123055873201e+01,8.066028704424e-03
4.294556787509e-03,7.403557718116e+01,2.863145979271e+01,3.989795038138e+04,3.023224439733e+02,1.123056078472e+01,8.059244810414e-03
4.295282262294e-03,7.402676106508e+01,2.863619744504e+01,3.993815933931e+04,3.023223780052e+02,1.123056283952e+01,8.052464615590e-03
4.296007056990e-03,7.401794432465e+01,2.864093119772e+01,3.997841224641e+04,3.023223119894e+02,1.123056489643e+01,8.045688121070e-03
4.296731172120e-03,7.400912696068e+01,2.864566105249e+01,4.001870915519e+04,3.023222459258e+02,1.123056695543e+01,8.038915327956e-03
4.297454608206e-03,7.400030897400e+01,2.865038701107e+01,4.005905011799e+04,3.023221798144e+02,1.123056901654e+01,8.032146237385e-03
4.298177365769e-03,7.399149036546e+01,2.865510907519e+01,4.009943518723e+04,3.023221136552e+02,1.123057107975e+01,8.025380850486e-03
4.298899445334e-03,7.398267113583e+01,2.865982724661e+01,4.013986441570e+04,3.023220474481e+02,1.123057314506e+01,8.018619168328e-03
4.299620847421e-03,7.397385128596e+01,2.866454152707e+01,4.018033785591e+04,3.023219811932e+02,1.123057521247e+01,8.011861192036e-03
4.300341572553e-03,7.396503081662e+01,2.866925191830e+01,4.022085556069e+04,3.023219148905e+02,1.123057728198e+01,8.005106922683e-03
4.301061621252e-03,7.395620972867e+01,2.867395842205e+01,4.026141758272e+04,3.023218485399e+02,1.123057935360e+01,7.998356361373e-03
4.301780994040e-03,7.394738802288e+01,2.867866104007e+01,4.030202397494e+04,3.023217821414e+02,1.123058142732e+01,7.991609509172e-03
4.302499691442e-03,7.393856570002e+01,2.868335977413e+01,4.034267479044e+04,3.023217156950e+02,1.123058350314e+01,7.984866367124e-03
4.303217713971e-03,7.392974276100e+01,2.868805462592e+01,4.038337008178e+04,3.023216492007e+02,1.123058558107e+01,7.978126936369e-03
4.303935062153e-03,7.392091920656e+01,2.869274559723e+01,4.042410990229e+04,3.023215826585e+02,1.123058766110e+01,7.971391217922e-03
4.304651736515e-03,7.391209503743e+01,2.869743268984e+01,4.046489430534e+04,3.023215160684e+02,1.123058974324e+01,7.964659212795e-03
4.305367737567e-03,7.390327025453e+01,2.870211590544e+01,4.050572334364e+04,3.023214494302e+02,1.123059182748e+01,7.957930922116e-03
4.306083065837e-03,7.389444485857e+01,2.870679524583e+01,4.054659707078e+04,3.023213827442e+02,1.123059391383e+01,7.951206346874e-03
4.306797721840e-03,7.388561885042e+01,2.871147071273e+01,4.058751553980e+04,3.023213160101e+02,1.123059600228e+01,7.944485488152e-03
4.307511706106e-03,7.387679223074e+01,2.871614230796e+01,4.062847880462e+04,3.023212492280e+02,1.123059809284e+01,7.937768346889e-03
4.308225019145e-03,7.386796500045e+01,2.872081003321e+01,4.066948691816e+04,3.023211823980e+02,1.123060018551e+01,7.931054924200e-03
4.308937661480e-03,7.385913716031e+01,2.872547389027e+01,4.071053993412e+04,3.023211155199e+02,1.123060228028e+01,7.924345221076e-03
4.309649633633e-03,7.385030871106e+01,2.873013388091e+01,4.075163790619e+04,3.023210485937e+02,1.123060437717e+01,7.917639238507e-03
4.310360936122e-03,7.384147965352e+01,2.873479000687e+01,4.079278088793e+04,3.023209816195e+02,1.123060647616e+01,7.910936977519e-03
4.311071569470e-03,7.383264998842e+01,2.873944226996e+01,4.083396893332e+04,3.023209145973e+02,1.123060857725e+01,7.904238439068e-03
4.311781534191e-03,7.382381971659e+01,2.874409067189e+01,4.087520209588e+04,3.023208475269e+02,1.123061068046e+01,7.897543624192e-03
4.312490830803e-03,7.381498883885e+01,2.874873521444e+01,4.091648042934e+04,3.023207804085e+02,1.123061278578e+01,7.890852533901e-03
4.313199459834e-03,7.380615735586e+01,2.875337589941e+01,4.095780398818e+04,3.023207132419e+02,1.123061489320e+01,7.884165169084e-03
4.313907421796e-03,7.379732526846e+01,2.875801272855e+01,4.099917282604e+04,3.023206460272e+02,1.123061700274e+01,7.877481530776e-03
4.314614717209e-03,7.378849257741e+01,2.876264570364e+01,4.104058699707e+04,3.023205787644e+02,1.123061911438e+01,7.870801619932e-03
4.315321346589e-03,7.377965928350e+01,2.876727482643e+01,4.108204655533e+04,3.023205114534e+02,1.123062122814e+01,7.864125437525e-03
4.316027310457e-03,7.377082538749e+01,2.877190009870e+01,4.112355155508e+04,3.023204440942e+02,1.123062334401e+01,7.857452984502e-03
4.316732609333e-03,7.376199089010e+01,2.877652152225e+01,4.116510205079e+04,3.023203766869e+02,1.123062546198e+01,7.850784261785e-03
4.317437243732e-03,7.375315579214e+01,2.878113909884e+01,4.120669809659e+04,3.023203092313e+02,1.123062758208e+01,7.844119270350e-03
4.318141214167e-03,7.374432009441e+01,2.878575283021e+01,4.124833974674e+04,3.023202417276e+02,1.123062970428e+01,7.837458011157e-03
4.318844521169e-03,7.373548379752e+01,2.879036271823e+01,4.129002705637e+04,3.023201741756e+02,1.123063182859e+01,7.830800485036e-03
4.319547165239e-03,7.372664690244e+01,2.879496876458e+01,4.133176007915e+04,3.023201065753e+02,1.123063395502e+01,7.824146693053e-03
4.320249146909e-03,7.371780940971e+01,2.879957097113e+01,4.137353887062e+04,3.023200389269e+02,1.123063608357e+01,7.817496635978e-03
4.320950466683e-03,7.370897132026e+01,2.880416933959e+01,4.141536348469e+04,3.023199712301e+02,1.123063821422e+01,7.810850314851e-03
4.321651125091e-03,7.370013263469e+01,2.880876387180e+01,4.145723397683e+04,3.023199034850e+02,1.123064034699e+01,7.804207730465e-03
4.322351122636e-03,7.369129335391e+01,2.881335456949e+01,4.149915040113e+04,3.023198356917e+02,1.123064248188e+01,7.797568883837e-03
4.323050459844e-03,7.368245347853e+01,2.881794143450e+01,4.154111281311e+04,3.023197678500e+02,1.123064461888e+01,7.790933775765e-03
4.323749137230e-03,7.367361300934e+01,2.882252446860e+01,4.158312126757e+04,3.023196999600e+02,1.123064675799e+01,7.784302407163e-03
4.324447155304e-03,7.366477194714e+01,2.882710367355e+01,4.162517581929e+04,3.023196320217e+02,1.123064889923e+01,7.777674778954e-03
4.325144514589e-03,7.365593029260e+01,2.883167905118e+01,4.166727652374e+04,3.023195640349e+02,1.123065104257e+01,7.771050891959e-03
4.325841215597e-03,7.364708804649e+01,2.883625060326e+01,4.170942343587e+04,3.023194959999e+02,1.123065318804e+01,7.764430747081e-03
4.326537258846e-03,7.363824520951e+01,2.884081833160e+01,4.175161661122e+04,3.023194279164e+02,1.123065533562e+01,7.757814345144e-03
4.327232644845e-03,7.362940178250e+01,2.884538223795e+01,4.179385610456e+04,3.023193597845e+02,1.123065748532e+01,7.751201687086e-03
4.327927374120e-03,7.362055776605e+01,2.884994232418e+01,4.183614197203e+04,3.023192916042e+02,1.123065963713e+01,7.744592773647e-03
4.328621447176e-03,7.361171316100e+01,2.885449859202e+01,4.187847426851e+04,3.023192233755e+02,1.123066179107e+01,7.737987605760e-03
4.329314864532e-03,7.360286796803e+01,2.885905104330e+01,4.192085304977e+04,3.023191550983e+02,1.123066394712e+01,7.731386184229e-03
4.330007626703e-03,7.359402218788e+01,2.886359967981e+01,4.196327837142e+04,3.023190867727e+02,1.123066610529e+01,7.724788509888e-03
4.330699734200e-03,7.358517582130e+01,2.886814450333e+01,4.200575028899e+04,3.023190183986e+02,1.123066826559e+01,7.718194583585e-03
4.331391187542e-03,7.357632886898e+01,2.887268551570e+01,4.204826885840e+04,3.023189499760e+02,1.123067042800e+01,7.711604406117e-03
4.332081987240e-03,7.356748133165e+01,2.887722271870e+01,4.209083413544e+04,3.023188815048e+02,1.123067259253e+01,7.705017978301e-03
4.332772133810e-03,7.355863321001e+01,2.888175611414e+01,4.213344617604e+04,3.023188129852e+02,1.123067475918e+01,7.698435300940e-03
4.333461627760e-03,7.354978450486e+01,2.888628570380e+01,4.217610503587e+04,3.023187444170e+02,1.123067692795e+01,7.691856374884e-03
4.334150469610e-03,7.354093521682e+01,2.889081148952e+01,4.221881077131e+04,3.023186758003e+02,1.123067909885e+01,7.685281200878e-03
4.334838659869e-03,7.353208534668e+01,2.889533347308e+01,4.226156343823e+04,3.023186071350e+02,1.123068127186e+01,7.678709779745e-03
4.335526199055e-03,7.352323489506e+01,2.889985165633e+01,4.230436309311e+04,3.023185384212e+02,1.123068344700e+01,7.672142112227e-03
4.336213087673e-03,7.351438386279e+01,2.890436604101e+01,4.234720979172e+04,3.023184696587e+02,1.123068562426e+01,7.665578199174e-03
4.336899326243e-03,7.350553225050e+01,2.890887662899e+01,4.239010359077e+04,3.023184008477e+02,1.123068780365e+01,7.659018041301e-03
4.337584915275e-03,7.349668005888e+01,2.891338342206e+01,4.243304454662e+04,3.023183319880e+02,1.123068998515e+01,7.652461639379e-03
4.338269855278e-03,7.348782728872e+01,2.891788642202e+01,4.247603271541e+04,3.023182630797e+02,1.123069216879e+01,7.645908994220e-03
4.338954146771e-03,7.347897394063e+01,2.892238563071e+01,4.251906815411e+04,3.023181941227e+02,1.123069435454e+01,7.639360106512e-03
4.339637790259e-03,7.347012001538e+01,2.892688104991e+01,4.256215091901e+04,3.023181251171e+02,1.123069654242e+01,7.632814977054e-03
4.340320786258e-03,7.346126551363e+01,2.893137268147e+01,4.260528106693e+04,3.023180560627e+02,1.123069873242e+01,7.626273606567e-03
4.341003135276e-03,7.345241043611e+01,2.893586052718e+01,4.264845865445e+04,3.023179869597e+02,1.123070092455e+01,7.619735995814e-03
4.341684837827e-03,7.344355478349e+01,2.894034458886e+01,4.269168373852e+04,3.023179178080e+02,1.123070311881e+01,7.613202145508e-03
4.342365894425e-03,7.343469855643e+01,2.894482486837e+01,4.273495637631e+04,3.023178486075e+02,1.123070531519e+01,7.606672056336e-03
4.343046305572e-03,7.342584175572e+01,2.894930136745e+01,4.277827662413e+04,3.023177793583e+02,1.123070751370e+01,7.600145729113e-03
4.343726071788e-03,7.341698438194e+01,2.895377408800e+01,4.282164453967e+04,3.023177100604e+02,1.123070971433e+01,7.593623164459e-03
4.344405193575e-03,7.340812643589e+01,2.895824303178e+01,4.286506017948e+04,3.023176407137e+02,1.123071191709e+01,7.587104363166e-03
4.345083671453e-03,7.339926791812e+01,2.896270820068e+01,4.290852360133e+04,3.023175713182e+02,1.123071412198e+01,7.580589325849e-03
4.345761505923e-03,7.339040882946e+01,2.896716959644e+01,4.295203486187e+04,3.023175018739e+02,1.123071632900e+01,7.574078053296e-03
4.346438697502e-03,7.338154917046e+01,2.897162722096e+01,4.299559401900e+04,3.023174323808e+02,1.123071853815e+01,7.567570546112e-03
4.347115246694e-03,7.337268894191e+01,2.897608107602e+01,4.303920112963e+04,3.023173628389e+02,1.123072074942e+01,7.561066805055e-03
4.347791154012e-03,7.336382814442e+01,2.898053116346e+01,4.308285625153e+04,3.023172932481e+02,1.123072296283e+01,7.554566830762e-03
4.348466419965e-03,7.335496677868e+01,2.898497748511e+01,4.312655944222e+04,3.023172236084e+02,1.123072517836e+01,7.548070623912e-03
4.349141045059e-03,7.334610484541e+01,2.898942004278e+01,4.317031075908e+04,3.023171539199e+02,1.123072739602e+01,7.541578185207e-03
4.349815029809e-03,7.333724234519e+01,2.899385883835e+01,4.321411026027e+04,3.023170841825e+02,1.123072961582e+01,7.535089515241e-03
4.350488374717e-03,7.332837927880e+01,2.899829387358e+01,4.325795800303e+04,3.023170143962e+02,1.123073183774e+01,7.528604614749e-03
4.351161080299e-03,7.331951564679e+01,2.900272515037e+01,4.330185404572e+04,3.023169445610e+02,1.123073406180e+01,7.522123484304e-03
4.351833147055e-03,7.331065144994e+01,2.900715267050e+01,4.334579844579e+04,3.023168746769e+02,1.123073628799e+01,7.515646124621e-03
4.352504575497e-03,7.330178668887e+01,2.901157643582e+01,4.338979126138e+04,3.023168047438e+02,1.123073851630e+01,7.509172536316e-03
4.353175366136e-03,7.329292136421e+01,2.901599644818e+01,4.343383255081e+04,3.023167347618e+02,1.123074074676e+01,7.502702719986e-03
4.353845519476e-03,7.328405547665e+01,2.902041270940e+01,4.347792237196e+04,3.023166647307e+02,1.123074297934e+01,7.496236676294e-03
4.354515036022e-03,7.327518902691e+01,2.902482522130e+01,4.352206078284e+04,3.023165946507e+02,1.123074521406e+01,7.489774405893e-03
4.355183916287e-03,7.326632201554e+01,2.902923398575e+01,4.356624784221e+04,3.023165245217e+02,1.123074745091e+01,7.483315909330e-03
4.355852160776e-03,7.325745444325e+01,2.903363900458e+01,4.361048360818e+04,3.023164543437e+02,1.123074968990e+01,7.476861187250e-03
4.356519769996e-03,7.324858631068e+01,2.903804027962e+01,4.365476813925e+04,3.023163841166e+02,1.123075193102e+01,7.470410240251e-03
4.357186744450e-03,7.323971761853e+01,2.904243781269e+01,4.369910149374e+04,3.023163138405e+02,1.123075417427e+01,7.463963068958e-03
4.357853084652e-03,7.323084836736e+01,2.904683160568e+01,4.374348373059e+04,3.023162435153e+02,1.123075641966e+01,7.457519673912e-03
4.358518791100e-03,7.322197855793e+01,2.905122166038e+01,4.378791490802e+04,3.023161731411e+02,1.123075866719e+01,7.451080055765e-03
4.359183864308e-03,7.321310819077e+01,2.905560797868e+01,4.383239508525e+04,3.023161027177e+02,1.123076091685e+01,7.444644215028e-03
4.359848304776e-03,7.320423726660e+01,2.905999056238e+01,4.387692432069e+04,3.023160322453e+02,1.123076316865e+01,7.438212152334e-03
4.360512113012e-03,7.319536578606e+01,2.906436941335e+01,4.392150267336e+04,3.023159617237e+02,1.123076542258e+01,7.431783868236e-03
4.361175289522e-03,7.318649374975e+01,2.906874453343e+01,4.396613020232e+04,3.023158911530e+02,1.123076767865e+01,7.425359363282e-03
4.361837834808e-03,7.317762115837e+01,2.907311592446e+01,4.401080696636e+04,3.023158205331e+02,1.123076993686e+01,7.418938638068e-03
4.362499749376e-03,7.316874801254e+01,2.907748358827e+01,4.405553302468e+04,3.023157498641e+02,1.123077219721e+01,7.412521693134e-03
4.363161033738e-03,7.315987431281e+01,2.908184752677e+01,4.410030843681e+04,3.023156791459e+02,1.123077445969e+01,7.406108528976e-03
4.363821688387e-03,7.315100005995e+01,2.908620774173e+01,4.414513326139e+04,3.023156083785e+02,1.123077672432e+01,7.399699146228e-03
4.364481713840e-03,7.314212525444e+01,2.909056423507e+01,4.419000755855e+04,3.023155375619e+02,1.123077899108e+01,7.393293545313e-03
4.365141110588e-03,7.313324989708e+01,2.909491700857e+01,4.423493138678e+04,3.023154666960e+02,1.123078125998e+01,7.386891726892e-03
4.365799879144e-03,7.312437398838e+01,2.909926606413e+01,4.427990480619e+04,3.023153957810e+02,1.123078353103e+01,7.380493691402e-03
4.366458020009e-03,7.311549752899e+01,2.910361140359e+01,4.432492787622e+04,3.023153248166e+02,1.123078580421e+01,7.374099439382e-03
4.367115533687e-03,7.310662051956e+01,2.910795302879e+01,4.437000065642e+04,3.023152538030e+02,1.123078807953e+01,7.367708971355e-03
4.367772420683e-03,7.309774296067e+01,2.911229094161e+01,4.441512320664e+04,3.023151827401e+02,1.123079035700e+01,7.361322287816e-03
4.368428681498e-03,7.308886485297e+01,2.911662514388e+01,4.446029558662e+04,3.023151116280e+02,1.123079263660e+01,7.354939389271e-03
4.369084316632e-03,7.307998619712e+01,2.912095563744e+01,4.450551785593e+04,3.023150404665e+02,1.123079491835e+01,7.348560276262e-03
4.369739326595e-03,7.307110699364e+01,2.912528242419e+01,4.455079007510e+04,3.023149692556e+02,1.123079720224e+01,7.342184949196e-03
4.370393711882e-03,7.306222724325e+01,2.912960550594e+01,4.459611230353e+04,3.023148979955e+02,1.123079948828e+01,7.335813408649e-03
4.371047473006e-03,7.305334694643e+01,2.913392488461e+01,4.464148460207e+04,3.023148266859e+02,1.123080177645e+01,7.329445654996e-03
4.371700610456e-03,7.304446610395e+01,2.913824056199e+01,4.468690703007e+04,3.023147553270e+02,1.123080406677e+01,7.323081688826e-03
4.372353124740e-03,7.303558471633e+01,2.914255253996e+01,4.473237964821e+04,3.023146839187e+02,1.123080635924e+01,7.316721510551e-03
4.373005016363e-03,7.302670278416e+01,2.914686082041e+01,4.477790251696e+04,3.023146124610e+02,1.123080865385e+01,7.310365120615e-03
4.373656285823e-03,7.301782030808e+01,2.915116540517e+01,4.482347569650e+04,3.023145409539e+02,1.123081095060e+01,7.304012519506e-03
4.374306933618e-03,7.300893728874e+01,2.915546629608e+01,4.486909924712e+04,3.023144693974e+02,1.123081324950e+01,7.297663707707e-03
4.374956960254e-03,7.300005372666e+01,2.915976349504e+01,4.491477322976e+04,3.023143977914e+02,1.123081555054e+01,7.291318685612e-03
4.375606366233e-03,7.299116962246e+01,2.916405700392e+01,4.496049770507e+04,3.023143261359e+02,1.123081785373e+01,7.284977453660e-03
4.376255152051e-03,7.298228497677e+01,2.916834682454e+01,4.500627273347e+04,3.023142544310e+02,1.123082015906e+01,7.278640012329e-03
4.376903318210e-03,7.297339979018e+01,2.917263295880e+01,4.505209837591e+04,3.023141826766e+02,1.123082246655e+01,7.272306362031e-03
4.377550865209e-03,7.296451406331e+01,2.917691540852e+01,4.509797469305e+04,3.023141108726e+02,1.123082477618e+01,7.265976503217e-03
4.378197793556e-03,7.295562779662e+01,2.918119417565e+01,4.514390174657e+04,3.023140390192e+02,1.123082708795e+01,7.259650436210e-03
4.378844103737e-03,7.294674099089e+01,2.918546926195e+01,4.518987959647e+04,3.023139671162e+02,1.123082940188e+01,7.253328161564e-03
4.379489796264e-03,7.293785364658e+01,2.918974066937e+01,4.523590830465e+04,3.023138951637e+02,1.123083171795e+01,7.247009679578e-03
4.380134871625e-03,7.292896576438e+01,2.919400839971e+01,4.528198793165e+04,3.023138231616e+02,1.123083403617e+01,7.240694990748e-03
4.380779330333e-03,7.292007734473e+01,2.919827245492e+01,4.532811853956e+04,3.023137511099e+02,1.123083635654e+01,7.234384095354e-03
4.381423172876e-03,7.291118838834e+01,2.920253283680e+01,4.537430018903e+04,3.023136790086e+02,1.123083867906e+01,7.228076993888e-03
4.382066399754e-03,7.290229889579e+01,2.920678954722e+01,4.542053294153e+04,3.023136068577e+02,1.123084100373e+01,7.221773686727e-03
4.382709011468e-03,7.289340886760e+01,2.921104258808e+01,4.546681685887e+04,3.023135346572e+02,1.123084333055e+01,7.215474174214e-03
4.383351008520e-03,7.288451830432e+01,2.921529196126e+01,4.551315200273e+04,3.023134624070e+02,1.123084565953e+01,7.209178456708e-03
4.383992391399e-03,7.287562720665e+01,2.921953766859e+01,4.555953843422e+04,3.023133901072e+02,1.123084799065e+01,7.202886534656e-03
4.384633160606e-03,7.286673557512e+01,2.922377971195e+01,4.560597621522e+04,3.023133177577e+02,1.123085032392e+01,7.196598408403e-03
4.385273316646e-03,7.285784341019e+01,2.922801809326e+01,4.565246540818e+04,3.023132453585e+02,1.123085265935e+01,7.190314078225e-03
4.385912860006e-03,7.284895071258e+01,2.923225281433e+01,4.569900607424e+04,3.023131729096e+02,1.123085499693e+01,7.184033544579e-03
4.386551791190e-03,7.284005748278e+01,2.923648387708e+01,4.574559827578e+04,3.023131004111e+02,1.123085733666e+01,7.177756807758e-03
4.387190110690e-03,7.283116372141e+01,2.924071128335e+01,4.579224207460e+04,3.023130278627e+02,1.123085967854e+01,7.171483868141e-03
4.387827819005e-03,7.282226942902e+01,2.924493503502e+01,4.583893753285e+04,3.023129552647e+02,1.123086202258e+01,7.165214726064e-03
4.388464916635e-03,7.281337460610e+01,2.924915513400e+01,4.588568471320e+04,3.023128826168e+02,1.123086436877e+01,7.158949381800e-03
4.389101404069e-03,7.280447925335e+01,2.925337158212e+01,4.593248367727e+04,3.023128099192e+02,1.123086671711e+01,7.152687835767e-03
4.389737281814e-03,7.279558337116e+01,2.925758438131e+01,4.597933448823e+04,3.023127371719e+02,1.123086906761e+01,7.146430088180e-03
4.390372550349e-03,7.278668696031e+01,2.926179353336e+01,4.602623720743e+04,3.023126643747e+02,1.123087142027e+01,7.140176139505e-03
4.391007210186e-03,7.277779002116e+01,2.926599904024e+01,4.607319189843e+04,3.023125915276e+02,1.123087377508e+01,7.133925989916e-03
4.391641261814e-03,7.276889255433e+01,2.927020090379e+01,4.612019862349e+04,3.023125186308e+02,1.123087613205e+01,7.127679639768e-03
4.392274705724e-03,7.275999456044e+01,2.927439912587e+01,4.616725744498e+04,3.023124456841e+02,1.123087849117e+01,7.121437089402e-03
4.392907542417e-03,7.275109603996e+01,2.927859370839e+01,4.621436842612e+04,3.023123726875e+02,1.123088085245e+01,7.115198339059e-03
4.393539772388e-03,7.274219699343e+01,2.928278465323e+01,4.626153162981e+04,3.023122996411e+02,1.123088321589e+01,7.108963389023e-03
4.394171396124e-03,7.273329742153e+01,2.928697196223e+01,4.630874711834e+04,3.023122265447e+02,1.123088558148e+01,7.102732239662e-03
4.394802414130e-03,7.272439732462e+01,2.929115563733e+01,4.635601495559e+04,3.023121533985e+02,1.123088794923e+01,7.096504891146e-03
4.395432826891e-03,7.271549670339e+01,2.929533568036e+01,4.640333520405e+04,3.023120802023e+02,1.123089031914e+01,7.090281343828e-03
4.396062634905e-03,7.270659555833e+01,2.929951209322e+01,4.645070792704e+04,3.023120069562e+02,1.123089269121e+01,7.084061597958e-03
4.396691838666e-03,7.269769388997e+01,2.930368487781e+01,4.649813318799e+04,3.023119336601e+02,1.123089506544e+01,7.077845653780e-03
4.397320438663e-03,7.268879169890e+01,2.930785403598e+01,4.654561104990e+04,3.023118603141e+02,1.123089744183e+01,7.071633511597e-03
4.397948435398e-03,7.267988898556e+01,2.931201956967e+01,4.659314157679e+04,3.023117869180e+02,1.123089982038e+01,7.065425171586e-03
4.398575829354e-03,7.267098575061e+01,2.931618148069e+01,4.664072483145e+04,3.023117134720e+02,1.123090220109e+01,7.059220634086e-03
4.399202621028e-03,7.266208199451e+01,2.932033977097e+01,4.668836087786e+04,3.023116399760e+02,1.123090458396e+01,7.053019899292e-03
4.399828810915e-03,7.265317771780e+01,2.932449444239e+01,4.673604977975e+04,3.023115664299e+02,1.123090696899e+01,7.046822967433e-03
4.400454399503e-03,7.264427292103e+01,2.932864549683e+01,4.678379160064e+04,3.023114928338e+02,1.123090935618e+01,7.040629838773e-03
4.401079387286e-03,7.263536760472e+01,2.933279293617e+01,4.683158640448e+04,3.023114191876e+02,1.123091174553e+01,7.034440513521e-03
4.401703774756e-03,7.262646176940e+01,2.933693676231e+01,4.687943425517e+04,3.023113454913e+02,1.123091413705e+01,7.028254991904e-03
4.402327562405e-03,7.261755541557e+01,2.934107697714e+01,4.692733521683e+04,3.023112717450e+02,1.123091653073e+01,7.022073274123e-03
4.402950750720e-03,7.260864854384e+01,2.934521358251e+01,4.697528935311e+04,3.023111979485e+02,1.123091892657e+01,7.015895360446e-03
4.403573340201e-03,7.259974115459e+01,2.934934658038e+01,4.702329672892e+04,3.023111241019e+02,1.123092132458e+01,7.009721250982e-03
4.404195331332e-03,7.259083324844e+01,2.935347597258e+01,4.707135740796e+04,3.023110502052e+02,1.123092372475e+01,7.003550946005e-03
4.404816724599e-03,7.258192482597e+01,2.935760176098e+01,4.711947145421e+04,3.023109762584e+02,1.123092612708e+01,6.997384445754e-03
4.405437520507e-03,7.257301588751e+01,2.936172394756e+01,4.716763893314e+04,3.023109022613e+02,1.123092853158e+01,6.991221750284e-03
4.406057719534e-03,7.256410643375e+01,2.936584253412e+01,4.721585990832e+04,3.023108282141e+02,1.123093093824e+01,6.985062859903e-03
4.406677322170e-03,7.255519646517e+01,2.936995752256e+01,4.726413444440e+04,3.023107541167e+02,1.123093334707e+01,6.978907774778e-03
4.407296328916e-03,7.254628598215e+01,2.937406891485e+01,4.731246260688e+04,3.023106799691e+02,1.123093575807e+01,6.972756494982e-03
4.407914740250e-03,7.253737498538e+01,2.937817671278e+01,4.736084445947e+04,3.023106057713e+02,1.123093817123e+01,6.966609020814e-03
4.408532556664e-03,7.252846347529e+01,2.938228091830e+01,4.740928006744e+04,3.023105315232e+02,1.123094058656e+01,6.960465352386e-03
4.409149778650e-03,7.251955145236e+01,2.938638153329e+01,4.745776949581e+04,3.023104572248e+02,1.123094300406e+01,6.954325489843e-03
4.409766406699e-03,7.251063891708e+01,2.939047855966e+01,4.750631280964e+04,3.023103828762e+02,1.123094542372e+01,6.948189433332e-03
4.410382441290e-03,7.250172587007e+01,2.939457199925e+01,4.755491007350e+04,3.023103084773e+02,1.123094784555e+01,6.942057183069e-03
4.410997882917e-03,7.249281231177e+01,2.939866185399e+01,4.760356135273e+04,3.023102340281e+02,1.123095026955e+01,6.935928739176e-03
4.411612732074e-03,7.248389824258e+01,2.940274812580e+01,4.765226671326e+04,3.023101595286e+02,1.123095269572e+01,6.929804101706e-03
4.412226989238e-03,7.247498366316e+01,2.940683081652e+01,4.770102621941e+04,3.023100849787e+02,1.123095512406e+01,6.923683270922e-03
4.412840654901e-03,7.246606857394e+01,2.941090992806e+01,4.774983993703e+04,3.023100103785e+02,1.123095755457e+01,6.917566246899e-03
4.413453729557e-03,7.245715297534e+01,2.941498546235e+01,4.779870793204e+04,3.023099357280e+02,1.123095998725e+01,6.911453029710e-03
4.414066213682e-03,7.244823686800e+01,2.941905742123e+01,4.784763026921e+04,3.023098610270e+02,1.123096242210e+01,6.905343619577e-03
4.414678107772e-03,7.243932025228e+01,2.942312580664e+01,4.789660701486e+04,3.023097862757e+02,1.123096485912e+01,6.899238016531e-03
4.415289412309e-03,7.243040312874e+01,2.942719062046e+01,4.794563823447e+04,3.023097114740e+02,1.123096729831e+01,6.893136220718e-03
4.415900127782e-03,7.242148549784e+01,2.943125186459e+01,4.799472399396e+04,3.023096366218e+02,1.123096973967e+01,6.887038232232e-03
4.416510254671e-03,7.241256736013e+01,2.943530954089e+01,4.804386435886e+04,3.023095617192e+02,1.123097218321e+01,6.880944051222e-03
4.417119793472e-03,7.240364871600e+01,2.943936365132e+01,4.809305939582e+04,3.023094867661e+02,1.123097462891e+01,6.874853677702e-03
4.417728744668e-03,7.239472956592e+01,2.944341419776e+01,4.814230917090e+04,3.023094117626e+02,1.123097707679e+01,6.868767111767e-03
4.418337108734e-03,7.238580991057e+01,2.944746118203e+01,4.819161374926e+04,3.023093367086e+02,1.123097952685e+01,6.862684353628e-03
4.418944886170e-03,7.237688975019e+01,2.945150460614e+01,4.824097319841e+04,3.023092616040e+02,1.123098197908e+01,6.856605403208e-03
4.419552077453e-03,7.236796908537e+01,2.945554447193e+01,4.829038758409e+04,3.023091864490e+02,1.123098443348e+01,6.850530260661e-03
4.420158683071e-03,7.235904791656e+01,2.945958078131e+01,4.833985697293e+04,3.023091112435e+02,1.123098689006e+01,6.844458926031e-03
4.420764703506e-03,7.235012624428e+01,2.946361353616e+01,4.838938143119e+04,3.023090359873e+02,1.123098934881e+01,6.838391399415e-03
4.421370139246e-03,7.234120406893e+01,2.946764273842e+01,4.843896102586e+04,3.023089606807e+02,1.123099180973e+01,6.832327680824e-03
4.421974990769e-03,7.233228139107e+01,2.947166838994e+01,4.848859582312e+04,3.023088853234e+02,1.123099427284e+01,6.826267770381e-03
4.422579258566e-03,7.232335821108e+01,2.947569049266e+01,4.853828589030e+04,3.023088099156e+02,1.123099673812e+01,6.820211668063e-03
4.423182943115e-03,7.231443452951e+01,2.947970904845e+01,4.858803129375e+04,3.023087344572e+02,1.123099920557e+01,6.814159373981e-03
4.423786044905e-03,7.230551034673e+01,2.948372405924e+01,4.863783210096e+04,3.023086589481e+02,1.123100167521e+01,6.808110888110e-03
4.424388564415e-03,7.229658566327e+01,2.948773552692e+01,4.868768837866e+04,3.023085833884e+02,1.123100414702e+01,6.802066210521e-03
4.424990502128e-03,7.228766047961e+01,2.949174345336e+01,4.873760019381e+04,3.023085077780e+02,1.123100662100e+01,6.796025341266e-03
4.425591858528e-03,7.227873479619e+01,2.949574784049e+01,4.878756761383e+04,3.023084321170e+02,1.123100909717e+01,6.789988280345e-03
4.426192634098e-03,7.226980861344e+01,2.949974869022e+01,4.883759070605e+04,3.023083564053e+02,1.123101157552e+01,6.783955027774e-03
4.426792829322e-03,7.226088193181e+01,2.950374600445e+01,4.888766953800e+04,3.023082806429e+02,1.123101405604e+01,6.777925583551e-03
4.427392444677e-03,7.225195475182e+01,2.950773978506e+01,4.893780417678e+04,3.023082048298e+02,1.123101653874e+01,6.771899947734e-03
4.427991480647e-03,7.224302707391e+01,2.951173003395e+01,4.898799469002e+04,3.023081289659e+02,1.123101902363e+01,6.765878120319e-03
4.428589937714e-03,7.223409889852e+01,2.951571675304e+01,4.903824114546e+04,3.023080530513e+02,1.123102151069e+01,6.759860101295e-03
4.429187816365e-03,7.222517022599e+01,2.951969994427e+01,4.908854361137e+04,3.023079770860e+02,1.123102399994e+01,6.753845890596e-03
4.429785117067e-03,7.221624105702e+01,2.952367960943e+01,4.913890215426e+04,3.023079010699e+02,1.123102649137e+01,6.747835488372e-03
4.430381840318e-03,7.220731139178e+01,2.952765575056e+01,4.918931684359e+04,3.023078250030e+02,1.123102898497e+01,6.741828894419e-03
4.430977986584e-03,7.219838123093e+01,2.953162836946e+01,4.923978774612e+04,3.023077488852e+02,1.123103148076e+01,6.735826108872e-03
4.431573556351e-03,7.218945057483e+01,2.953559746808e+01,4.929031493045e+04,3.023076727167e+02,1.123103397874e+01,6.729827131645e-03
4.432168550103e-03,7.218051942388e+01,2.953956304832e+01,4.934089846496e+04,3.023075964973e+02,1.123103647889e+01,6.723831962685e-03
4.432762968316e-03,7.217158777857e+01,2.954352511209e+01,4.939153841760e+04,3.023075202271e+02,1.123103898123e+01,6.717840601995e-03
4.433356811466e-03,7.216265563940e+01,2.954748366125e+01,4.944223485652e+04,3.023074439060e+02,1.123104148575e+01,6.711853049565e-03
4.433950080041e-03,7.215372300666e+01,2.955143869777e+01,4.949298785083e+04,3.023073675340e+02,1.123104399246e+01,6.705869305272e-03
4.434542774512e-03,7.214478988092e+01,2.955539022350e+01,4.954379746841e+04,3.023072911111e+02,1.123104650135e+01,6.699889369145e-03
4.435134895363e-03,7.213585626255e+01,2.955933824037e+01,4.959466377821e+04,3.023072146373e+02,1.123104901243e+01,6.693913241094e-03
4.435726443073e-03,7.212692215196e+01,2.956328275031e+01,4.964558684904e+04,3.023071381126e+02,1.123105152569e+01,6.687940921049e-03
4.436317418115e-03,7.211798754968e+01,2.956722375516e+01,4.969656674919e+04,3.023070615369e+02,1.123105404114e+01,6.681972409007e-03
4.436907820973e-03,7.210905245604e+01,2.957116125688e+01,4.974760354808e+04,3.023069849103e+02,1.123105655877e+01,6.676007704842e-03
4.437497652124e-03,7.210011687148e+01,2.957509525737e+01,4.979869731461e+04,3.023069082327e+02,1.123105907859e+01,6.670046808491e-03
4.438086912038e-03,7.209118079654e+01,2.957902575848e+01,4.984984811718e+04,3.023068315041e+02,1.123106160060e+01,6.664089719955e-03
4.438675601209e-03,7.208224423141e+01,2.958295276222e+01,4.990105602633e+04,3.023067547245e+02,1.123106412479e+01,6.658136438993e-03
4.439263720094e-03,7.207330717680e+01,2.958687627037e+01,4.995232110959e+04,3.023066778939e+02,1.123106665117e+01,6.652186965718e-03
4.439851269186e-03,7.206436963292e+01,2.959079628494e+01,5.000364343761e+04,3.023066010122e+02,1.123106917974e+01,6.646241299887e-03
4.440438248956e-03,7.205543160024e+01,2.959471280781e+01,5.005502307940e+04,3.023065240795e+02,1.123107171050e+01,6.640299441455e-03
4.441024659878e-03,7.204649307925e+01,2.959862584084e+01,5.010646010418e+04,3.023064470957e+02,1.123107424345e+01,6.634361390356e-03
4.441610502435e-03,7.203755407023e+01,2.960253538601e+01,5.015795458223e+04,3.023063700609e+02,1.123107677859e+01,6.628427146408e-03
4.442195777092e-03,7.202861457377e+01,2.960644144514e+01,5.020950658228e+04,3.023062929749e+02,1.123107931592e+01,6.622496709613e-03
4.442780484335e-03,7.201967459015e+01,2.961034402021e+01,5.026111617496e+04,3.023062158378e+02,1.123108185544e+01,6.616570079761e-03
4.443364624635e-03,7.201073411983e+01,2.961424311310e+01,5.031278342974e+04,3.023061386496e+02,1.123108439714e+01,6.610647256780e-03
4.443948198472e-03,7.200179316316e+01,2.961813872573e+01,5.036450841696e+04,3.023060614103e+02,1.123108694104e+01,6.604728240504e-03
4.444531206312e-03,7.199285172067e+01,2.962203085997e+01,5.041629120600e+04,3.023059841198e+02,1.123108948714e+01,6.598813030886e-03
4.445113648638e-03,7.198390979264e+01,2.962591951778e+01,5.046813186776e+04,3.023059067781e+02,1.123109203542e+01,6.592901627704e-03
4.445695525920e-03,7.197496737957e+01,2.962980470102e+01,5.052003047190e+04,3.023058293852e+02,1.123109458590e+01,6.586994030890e-03
4.446276838636e-03,7.196602448179e+01,2.963368641163e+01,5.057198708916e+04,3.023057519411e+02,1.123109713857e+01,6.581090240256e-03
4.446857587254e-03,7.195708109979e+01,2.963756465148e+01,5.062400178947e+04,3.023056744458e+02,1.123109969343e+01,6.575190255710e-03
4.447437772258e-03,7.194813723382e+01,2.964143942254e+01,5.067607464421e+04,3.023055968992e+02,1.123110225049e+01,6.569294077006e-03
4.448017394112e-03,7.193919288444e+01,2.964531072666e+01,5.072820572310e+04,3.023055193014e+02,1.123110480974e+01,6.563401704088e-03
4.448596453289e-03,7.193024805202e+01,2.964917856574e+01,5.078039509688e+04,3.023054416524e+02,1.123110737118e+01,6.557513136792e-03
4.449174950273e-03,7.192130273680e+01,2.965304294178e+01,5.083264283732e+04,3.023053639520e+02,1.123110993482e+01,6.551628374841e-03
4.449752885525e-03,7.191235693936e+01,2.965690385658e+01,5.088494901420e+04,3.023052862003e+02,1.123111250066e+01,6.545747418192e-03
4.450330259525e-03,7.190341065998e+01,2.966076131212e+01,5.093731369919e+04,3.023052083974e+02,1.123111506869e+01,6.539870266592e-03
4.450907072737e-03,7.189446389917e+01,2.966461531024e+01,5.098973696255e+04,3.023051305430e+02,1.123111763892e+01,6.533996919954e-03
4.451483325645e-03,7.188551665714e+01,2.966846585293e+01,5.104221887656e+04,3.023050526374e+02,1.123112021134e+01,6.528127377971e-03
4.452059018708e-03,7.187656893447e+01,2.967231294202e+01,5.109475951133e+04,3.023049746804e+02,1.123112278596e+01,6.522261640580e-03
4.452634152413e-03,7.186762073133e+01,2.967615657951e+01,5.114735893948e+04,3.023048966720e+02,1.123112536278e+01,6.516399707451e-03
4.453208727211e-03,7.185867204837e+01,2.967999676719e+01,5.120001723084e+04,3.023048186122e+02,1.123112794180e+01,6.510541578563e-03
4.453782743595e-03,7.184972288570e+01,2.968383350708e+01,5.125273445863e+04,3.023047405010e+02,1.123113052302e+01,6.504687253529e-03
4.454356202020e-03,7.184077324388e+01,2.968766680102e+01,5.130551069329e+04,3.023046623383e+02,1.123113310643e+01,6.498836732275e-03
4.454929102963e-03,7.183182312323e+01,2.969149665095e+01,5.135834600701e+04,3.023045841243e+02,1.123113569205e+01,6.492990014538e-03
4.455501446891e-03,7.182287252417e+01,2.969532305874e+01,5.141124047126e+04,3.023045058587e+02,1.123113827986e+01,6.487147100142e-03
4.456073234283e-03,7.181392144693e+01,2.969914602638e+01,5.146419415880e+04,3.023044275417e+02,1.123114086987e+01,6.481307988773e-03
4.456644465597e-03,7.180496989207e+01,2.970296555569e+01,5.151720714059e+04,3.023043491732e+02,1.123114346209e+01,6.475472680321e-03
4.457215141304e-03,7.179601785995e+01,2.970678164859e+01,5.157027948880e+04,3.023042707532e+02,1.123114605650e+01,6.469641174551e-03
4.457785261884e-03,7.178706535077e+01,2.971059430705e+01,5.162341127656e+04,3.023041922817e+02,1.123114865312e+01,6.463813471127e-03
4.458354827800e-03,7.177811236499e+01,2.971440353295e+01,5.167660257566e+04,3.023041137587e+02,1.123115125194e+01,6.457989569862e-03
4.458923839515e-03,7.176915890308e+01,2.971820932815e+01,5.172985345789e+04,3.023040351841e+02,1.123115385296e+01,6.452169470585e-03
4.459492297506e-03,7.176020496527e+01,2.972201169461e+01,5.178316399645e+04,3.023039565579e+02,1.123115645618e+01,6.446353172963e-03
4.460060202240e-03,7.175125055195e+01,2.972581063425e+01,5.183653426386e+04,3.023038778802e+02,1.123115906161e+01,6.440540676757e-03
4.460627554177e-03,7.174229566359e+01,2.972960614892e+01,5.188996433204e+04,3.023037991508e+02,1.123116166924e+01,6.434731981787e-03
4.461194353795e-03,7.173334030041e+01,2.973339824058e+01,5.194345427459e+04,3.023037203698e+02,1.123116427907e+01,6.428927087705e-03
4.461760601559e-03,7.172438446281e+01,2.973718691113e+01,5.199700416423e+04,3.023036415372e+02,1.123116689111e+01,6.423125994260e-03
4.462326297936e-03,7.171542815116e+01,2.974097216247e+01,5.205061407372e+04,3.023035626530e+02,1.123116950535e+01,6.417328701206e-03
4.462891443388e-03,7.170647136587e+01,2.974475399649e+01,5.210428407577e+04,3.023034837171e+02,1.123117212180e+01,6.411535208301e-03
4.463456038386e-03,7.169751410724e+01,2.974853241512e+01,5.215801424389e+04,3.023034047295e+02,1.123117474045e+01,6.405745515232e-03
4.464020083401e-03,7.168855637558e+01,2.975230742029e+01,5.221180465161e+04,3.023033256903e+02,1.123117736131e+01,6.399959621684e-03
4.464583578894e-03,7.167959817131e+01,2.975607901388e+01,5.226565537181e+04,3.023032465993e+02,1.123117998438e+01,6.394177527418e-03
4.465146525328e-03,7.167063949482e+01,2.975984719777e+01,5.231956647762e+04,3.023031674566e+02,1.123118260965e+01,6.388399232176e-03
4.465708923181e-03,7.166168034627e+01,2.976361197395e+01,5.237353804374e+04,3.023030882621e+02,1.123118523713e+01,6.382624735537e-03
4.466270772903e-03,7.165272072626e+01,2.976737334424e+01,5.242757014228e+04,3.023030090159e+02,1.123118786682e+01,6.376854037363e-03
4.466832074970e-03,7.164376063496e+01,2.977113131060e+01,5.248166284798e+04,3.023029297180e+02,1.123119049872e+01,6.371087137239e-03
4.467392829841e-03,7.163480007282e+01,2.977488587491e+01,5.253581623400e+04,3.023028503682e+02,1.123119313282e+01,6.365324034928e-03
4.467953037989e-03,7.162583904005e+01,2.977863703912e+01,5.259003037506e+04,3.023027709666e+02,1.123119576914e+01,6.359564730029e-03
4.468512699874e-03,7.161687753706e+01,2.978238480511e+01,5.264430534471e+04,3.023026915132e+02,1.123119840766e+01,6.353809222275e-03
4.469071815954e-03,7.160791556428e+01,2.978612917476e+01,5.269864121653e+04,3.023026120080e+02,1.123120104839e+01,6.348057511400e-03
4.469630386703e-03,7.159895312191e+01,2.978987015003e+01,5.275303806551e+04,3.023025324510e+02,1.123120369134e+01,6.342309596995e-03
4.470188412580e-03,7.158999021036e+01,2.979360773280e+01,5.280749596553e+04,3.023024528420e+02,1.123120633649e+01,6.336565478774e-03
4.470745894050e-03,7.158102682991e+01,2.979734192499e+01,5.286201499127e+04,3.023023731812e+02,1.123120898386e+01,6.330825156369e-03
4.471302831573e-03,7.157206298099e+01,2.980107272848e+01,5.291659521670e+04,3.023022934685e+02,1.123121163344e+01,6.325088629502e-03
4.471859225618e-03,7.156309866382e+01,2.980480014522e+01,5.297123671699e+04,3.023022137039e+02,1.123121428523e+01,6.319355897764e-03
4.472415076641e-03,7.155413387883e+01,2.980852417707e+01,5.302593956626e+04,3.023021338873e+02,1.123121693923e+01,6.313626960869e-03
4.472970385114e-03,7.154516862621e+01,2.981224482599e+01,5.308070384005e+04,3.023020540188e+02,1.123121959545e+01,6.307901818386e-03
4.473525151490e-03,7.153620290641e+01,2.981596209385e+01,5.313552961258e+04,3.023019740983e+02,1.123122225388e+01,6.302180470031e-03
4.474079376232e-03,7.152723671978e+01,2.981967598254e+01,5.319041695870e+04,3.023018941259e+02,1.123122491452e+01,6.296462915454e-03
4.474633059806e-03,7.151827006654e+01,2.982338649401e+01,5.324536595398e+04,3.023018141014e+02,1.123122757738e+01,6.290749154241e-03
4.475186202676e-03,7.150930294700e+01,2.982709363017e+01,5.330037667377e+04,3.023017340250e+02,1.123123024245e+01,6.285039186006e-03
4.475738805294e-03,7.150033536161e+01,2.983079739287e+01,5.335544919245e+04,3.023016538965e+02,1.123123290974e+01,6.279333010468e-03
4.476290868128e-03,7.149136731059e+01,2.983449778407e+01,5.341058358615e+04,3.023015737160e+02,1.123123557924e+01,6.273630627172e-03
4.476842391636e-03,7.148239879428e+01,2.983819480565e+01,5.346577993000e+04,3.023014934834e+02,1.123123825096e+01,6.267932035772e-03
4.477393376282e-03,7.147342981297e+01,2.984188845955e+01,5.352103829991e+04,3.023014131988e+02,1.123124092489e+01,6.262237235849e-03
4.477943822523e-03,7.146446036700e+01,2.984557874763e+01,5.357635877122e+04,3.023013328620e+02,1.123124360105e+01,6.256546227045e-03
4.478493730815e-03,7.145549045676e+01,2.984926567180e+01,5.363174141936e+04,3.023012524732e+02,1.123124627942e+01,6.250859009003e-03
4.479043101629e-03,7.144652008239e+01,2.985294923402e+01,5.368718632115e+04,3.023011720322e+02,1.123124896000e+01,6.245175581226e-03
4.479591935417e-03,7.143754924430e+01,2.985662943615e+01,5.374269355195e+04,3.023010915391e+02,1.123125164281e+01,6.239495943376e-03
4.480140232637e-03,7.142857794283e+01,2.986030628009e+01,5.379826318767e+04,3.023010109938e+02,1.123125432783e+01,6.233820095061e-03
4.480687993752e-03,7.141960617822e+01,2.986397976777e+01,5.385389530486e+04,3.023009303964e+02,1.123125701508e+01,6.228148035832e-03
4.481235219218e-03,7.141063395082e+01,2.986764990107e+01,5.390958997951e+04,3.023008497468e+02,1.123125970454e+01,6.222479765303e-03
4.481781909493e-03,7.140166126093e+01,2.987131668191e+01,5.396534728794e+04,3.023007690450e+02,1.123126239622e+01,6.216815283059e-03
4.482328065041e-03,7.139268810877e+01,2.987498011222e+01,5.402116730721e+04,3.023006882909e+02,1.123126509013e+01,6.211154588618e-03
4.482873686313e-03,7.138371449477e+01,2.987864019385e+01,5.407705011304e+04,3.023006074847e+02,1.123126778625e+01,6.205497681637e-03
4.483418773767e-03,7.137474041918e+01,2.988229692873e+01,5.413299578233e+04,3.023005266262e+02,1.123127048460e+01,6.199844561663e-03
4.483963327870e-03,7.136576588217e+01,2.988595031881e+01,5.418900439275e+04,3.023004457154e+02,1.123127318517e+01,6.194195228169e-03
4.484507349062e-03,7.135679088431e+01,2.988960036588e+01,5.424507601938e+04,3.023003647523e+02,1.123127588796e+01,6.188549680897e-03
4.485050837819e-03,7.134781542559e+01,2.989324707198e+01,5.430121074115e+04,3.023002837370e+02,1.123127859297e+01,6.182907919204e-03
4.485593794586e-03,7.133883950650e+01,2.989689043893e+01,5.435740863383e+04,3.023002026693e+02,1.123128130020e+01,6.177269942775e-03
4.486136219823e-03,7.132986312725e+01,2.990053046865e+01,5.441366977515e+04,3.023001215493e+02,1.123128400966e+01,6.171635751103e-03
4.486678113982e-03,7.132088628819e+01,2.990416716304e+01,5.446999424192e+04,3.023000403769e+02,1.123128672134e+01,6.166005343775e-03
4.487219477523e-03,7.131190898958e+01,2.990780052400e+01,5.452638211172e+04,3.022999591522e+02,1.123128943525e+01,6.160378720314e-03
4.487760310903e-03,7.130293123165e+01,2.991143055346e+01,5.458283346243e+04,3.022998778751e+02,1.123129215138e+01,6.154755880215e-03
4.488300614576e-03,7.129395301473e+01,2.991505725330e+01,5.463934837130e+04,3.022997965456e+02,1.123129486974e+01,6.149136823043e-03
4.488840388991e-03,7.128497433918e+01,2.991868062540e+01,5.469592691557e+04,3.022997151637e+02,1.123129759032e+01,6.143521548369e-03
4.489379634613e-03,7.127599520514e+01,2.992230067172e+01,5.475256917379e+04,3.022996337294e+02,1.123130031313e+01,6.137910055641e-03
4.489918351888e-03,7.126701561301e+01,2.992591739410e+01,5.480927522322e+04,3.022995522426e+02,1.123130303817e+01,6.132302344440e-03
4.490456541280e-03,7.125803556294e+01,2.992953079451e+01,5.486604514266e+04,3.022994707034e+02,1.123130576543e+01,6.126698414203e-03
4.490994203235e-03,7.124905505531e+01,2.993314087480e+01,5.492287900944e+04,3.022993891117e+02,1.123130849492e+01,6.121098264517e-03
4.491531338203e-03,7.124007409046e+01,2.993674763685e+01,5.497977690140e+04,3.022993074675e+02,1.123131122664e+01,6.115501894922e-03
4.492067946651e-03,7.123109266846e+01,2.994035108264e+01,5.503673889814e+04,3.022992257708e+02,1.123131396059e+01,6.109909304796e-03
4.492604029026e-03,7.122211078970e+01,2.994395121402e+01,5.509376507736e+04,3.022991440216e+02,1.123131669677e+01,6.104320493706e-03
4.493139585771e-03,7.121312845457e+01,2.994754803285e+01,5.515085551670e+04,3.022990622198e+02,1.123131943517e+01,6.098735461233e-03
4.493674617358e-03,7.120414566305e+01,2.995114154114e+01,5.520801029661e+04,3.022989803655e+02,1.123132217581e+01,6.093154206688e-03
4.494209124225e-03,7.119516241567e+01,2.995473174069e+01,5.526522949425e+04,3.022988984586e+02,1.123132491867e+01,6.087576729710e-03
4.494743106827e-03,7.118617871260e+01,2.995831863343e+01,5.532251318892e+04,3.022988164991e+02,1.123132766377e+01,6.082003029735e-03
4.495276565620e-03,7.117719455409e+01,2.996190222128e+01,5.537986145975e+04,3.022987344870e+02,1.123133041109e+01,6.076433106223e-03
4.495809501052e-03,7.116820994043e+01,2.996548250612e+01,5.543727438545e+04,3.022986524223e+02,1.123133316065e+01,6.070866958680e-03
4.496341913578e-03,7.115922487185e+01,2.996905948986e+01,5.549475204550e+04,3.022985703050e+02,1.123133591244e+01,6.065304586541e-03
4.496873803644e-03,7.115023934867e+01,2.997263317437e+01,5.555229451857e+04,3.022984881350e+02,1.123133866646e+01,6.059745989331e-03
4.497405171709e-03,7.114125337106e+01,2.997620356160e+01,5.560990188477e+04,3.022984059123e+02,1.123134142272e+01,6.054191166439e-03
4.497936018216e-03,7.113226693935e+01,2.997977065340e+01,5.566757422288e+04,3.022983236370e+02,1.123134418121e+01,6.048640117386e-03
4.498466343617e-03,7.112328005380e+01,2.998333445168e+01,5.572531161253e+04,3.022982413089e+02,1.123134694193e+01,6.043092841622e-03
4.498996148366e-03,7.111429271460e+01,2.998689495836e+01,5.578311413375e+04,3.022981589281e+02,1.123134970489e+01,6.037549338561e-03
4.499525432911e-03,7.110530492203e+01,2.999045217532e+01,5.584098186610e+04,3.022980764946e+02,1.123135247008e+01,6.032009607672e-03
4.500054197695e-03,7.109631667646e+01,2.999400610442e+01,5.589891488871e+04,3.022979940084e+02,1.123135523751e+01,6.026473648466e-03
4.500582443181e-03,7.108732797790e+01,2.999755674764e+01,5.595691328310e+04,3.022979114693e+02,1.123135800717e+01,6.020941460238e-03
4.501110169808e-03,7.107833882678e+01,3.000110410682e+01,5.601497712815e+04,3.022978288775e+02,1.123136077907e+01,6.015413042536e-03
4.501637378026e-03,7.106934922333e+01,3.000464818384e+01,5.607310650410e+04,3.022977462329e+02,1.123136355320e+01,6.009888394787e-03
4.502164068287e-03,7.106035916773e+01,3.000818898064e+01,5.613130149171e+04,3.022976635355e+02,1.123136632957e+01,6.004367516375e-03
4.502690241036e-03,7.105136866029e+01,3.001172649908e+01,5.618956217089e+04,3.022975807852e+02,1.123136910818e+01,5.998850406769e-03
4.503215896725e-03,7.104237770118e+01,3.001526074109e+01,5.624788862266e+04,3.022974979821e+02,1.123137188903e+01,5.993337065342e-03
4.503741035798e-03,7.103338629068e+01,3.001879170854e+01,5.630628092729e+04,3.022974151261e+02,1.123137467212e+01,5.987827491541e-03
4.504265658704e-03,7.102439442906e+01,3.002231940332e+01,5.636473916537e+04,3.022973322172e+02,1.123137745744e+01,5.982321684790e-03
4.504789765888e-03,7.101540211656e+01,3.002584382733e+01,5.642326341768e+04,3.022972492555e+02,1.123138024500e+01,5.976819644503e-03
4.505313357804e-03,7.100640935330e+01,3.002936498249e+01,5.648185376583e+04,3.022971662408e+02,1.123138303481e+01,5.971321370021e-03
4.505836434894e-03,7.099741613963e+01,3.003288287066e+01,5.654051029024e+04,3.022970831732e+02,1.123138582685e+01,5.965826860802e-03
4.506358997600e-03,7.098842247580e+01,3.003639749372e+01,5.659923307175e+04,3.022970000526e+02,1.123138862113e+01,5.960336116272e-03
4.506881046374e-03,7.097942836199e+01,3.003990885360e+01,5.665802219210e+04,3.022969168791e+02,1.123139141766e+01,5.954849135778e-03
4.507402581666e-03,7.097043379835e+01,3.004341695220e+01,5.671687773306e+04,3.022968336526e+02,1.123139421642e+01,5.949365918671e-03
4.507923603912e-03,7.096143878528e+01,3.004692179136e+01,5.677579977504e+04,3.022967503731e+02,1.123139701743e+01,5.943886464438e-03
4.508444113565e-03,7.095244332288e+01,3.005042337301e+01,5.683478840042e+04,3.022966670406e+02,1.123139982068e+01,5.938410772382e-03
4.508964111065e-03,7.094344741145e+01,3.005392169903e+01,5.689384369036e+04,3.022965836550e+02,1.123140262618e+01,5.932938841932e-03
4.509483596857e-03,7.093445105122e+01,3.005741677129e+01,5.695296572659e+04,3.022965002164e+02,1.123140543391e+01,5.927470672469e-03
4.510002571395e-03,7.092545424228e+01,3.006090859175e+01,5.701215459199e+04,3.022964167248e+02,1.123140824389e+01,5.922006263270e-03
4.510521035112e-03,7.091645698500e+01,3.006439716222e+01,5.707141036745e+04,3.022963331800e+02,1.123141105612e+01,5.916545613807e-03
4.511038988457e-03,7.090745927955e+01,3.006788248463e+01,5.713073313542e+04,3.022962495822e+02,1.123141387059e+01,5.911088723412e-03
4.511556431875e-03,7.089846112611e+01,3.007136456087e+01,5.719012297841e+04,3.022961659312e+02,1.123141668730e+01,5.905635591418e-03
4.512073365804e-03,7.088946252502e+01,3.007484339278e+01,5.724957997797e+04,3.022960822272e+02,1.123141950626e+01,5.900186217252e-03
4.512589790696e-03,7.088046347633e+01,3.007831898233e+01,5.730910421761e+04,3.022959984700e+02,1.123142232747e+01,5.894740600171e-03
4.513105706989e-03,7.087146398034e+01,3.008179133136e+01,5.736869577922e+04,3.022959146596e+02,1.123142515092e+01,5.889298739580e-03
4.513621115122e-03,7.086246403732e+01,3.008526044174e+01,5.742835474515e+04,3.022958307960e+02,1.123142797662e+01,5.883860634853e-03
4.514136015547e-03,7.085346364735e+01,3.008872631541e+01,5.748808119905e+04,3.022957468792e+02,1.123143080457e+01,5.878426285252e-03
4.514650408697e-03,7.084446281076e+01,3.009218895421e+01,5.754787522292e+04,3.022956629093e+02,1.123143363477e+01,5.872995690194e-03
4.515164295024e-03,7.083546152762e+01,3.009564836007e+01,5.760773690068e+04,3.022955788861e+02,1.123143646721e+01,5.867568848926e-03
4.515677674955e-03,7.082645979838e+01,3.009910453479e+01,5.766766631388e+04,3.022954948096e+02,1.123143930190e+01,5.862145760920e-03
4.516190548951e-03,7.081745762292e+01,3.010255748039e+01,5.772766354785e+04,3.022954106799e+02,1.123144213884e+01,5.856726425311e-03
4.516702917436e-03,7.080845500170e+01,3.010600719863e+01,5.778772868410e+04,3.022953264969e+02,1.123144497804e+01,5.851310841584e-03
4.517214780856e-03,7.079945193490e+01,3.010945369144e+01,5.784786180636e+04,3.022952422607e+02,1.123144781948e+01,5.845899009030e-03
4.517726139662e-03,7.079044842249e+01,3.011289696076e+01,5.790806299961e+04,3.022951579711e+02,1.123145066317e+01,5.840490926836e-03
4.518236994279e-03,7.078144446495e+01,3.011633700838e+01,5.796833234561e+04,3.022950736281e+02,1.123145350911e+01,5.835086594484e-03
4.518747345156e-03,7.077244006235e+01,3.011977383624e+01,5.802866992898e+04,3.022949892319e+02,1.123145635731e+01,5.829686011203e-03
4.519257192728e-03,7.076343521494e+01,3.012320744619e+01,5.808907583333e+04,3.022949047822e+02,1.123145920776e+01,5.824289176323e-03
4.519766537442e-03,7.075442992280e+01,3.012663784016e+01,5.814955014332e+04,3.022948202792e+02,1.123146206046e+01,5.818896089083e-03
4.520275379734e-03,7.074542418619e+01,3.013006502001e+01,5.821009294258e+04,3.022947357228e+02,1.123146491541e+01,5.813506748823e-03
4.520783720035e-03,7.073641800544e+01,3.013348898757e+01,5.827070431444e+04,3.022946511130e+02,1.123146777262e+01,5.808121154914e-03
4.521291558800e-03,7.072741138044e+01,3.013690974483e+01,5.833138434514e+04,3.022945664498e+02,1.123147063208e+01,5.802739306475e-03
4.521798896453e-03,7.071840431166e+01,3.014032729357e+01,5.839213311738e+04,3.022944817331e+02,1.123147349379e+01,5.797361202947e-03
4.522305733435e-03,7.070939679923e+01,3.014374163569e+01,5.845295071594e+04,3.022943969629e+02,1.123147635776e+01,5.791986843590e-03
4.522812070196e-03,7.070038884313e+01,3.014715277314e+01,5.851383722693e+04,3.022943121393e+02,1.123147922399e+01,5.786616227556e-03
4.523317907156e-03,7.069138044387e+01,3.015056070770e+01,5.857479273294e+04,3.022942272622e+02,1.123148209247e+01,5.781249354313e-03
4.523823244768e-03,7.068237160133e+01,3.015396544133e+01,5.863581732086e+04,3.022941423315e+02,1.123148496321e+01,5.775886222957e-03
4.524328083459e-03,7.067336231589e+01,3.015736697586e+01,5.869691107438e+04,3.022940573474e+02,1.123148783620e+01,5.770526832869e-03
4.524832423668e-03,7.066435258769e+01,3.016076531318e+01,5.875807407882e+04,3.022939723097e+02,1.123149071145e+01,5.765171183297e-03
4.525336265837e-03,7.065534241684e+01,3.016416045518e+01,5.881930641989e+04,3.022938872184e+02,1.123149358896e+01,5.759819273458e-03
4.525839610394e-03,7.064633180362e+01,3.016755240371e+01,5.888060818223e+04,3.022938020735e+02,1.123149646873e+01,5.754471102673e-03
4.526342457788e-03,7.063732074804e+01,3.017094116071e+01,5.894197945242e+04,3.022937168751e+02,1.123149935075e+01,5.749126670095e-03
4.526844808435e-03,7.062830925057e+01,3.017432672794e+01,5.900342031403e+04,3.022936316230e+02,1.123150223504e+01,5.743785975150e-03
4.527346662793e-03,7.061929731103e+01,3.017770910740e+01,5.906493085506e+04,3.022935463173e+02,1.123150512158e+01,5.738449016883e-03
4.527848021279e-03,7.061028492989e+01,3.018108830087e+01,5.912651115931e+04,3.022934609580e+02,1.123150801039e+01,5.733115794709e-03
4.528348884338e-03,7.060127210715e+01,3.018446431028e+01,5.918816131391e+04,3.022933755450e+02,1.123151090145e+01,5.727786307764e-03
4.528849252408e-03,7.059225884294e+01,3.018783713752e+01,5.924988140502e+04,3.022932900783e+02,1.123151379478e+01,5.722460555271e-03
4.529349125913e-03,7.058324513761e+01,3.019120678440e+01,5.931167151760e+04,3.022932045579e+02,1.123151669037e+01,5.717138536565e-03
4.529848505294e-03,7.057423099120e+01,3.019457325283e+01,5.937353173875e+04,3.022931189838e+02,1.123151958822e+01,5.711820250803e-03
4.530347390984e-03,7.056521640388e+01,3.019793654469e+01,5.943546215471e+04,3.022930333559e+02,1.123152248833e+01,5.706505697222e-03
4.530845783414e-03,7.055620137589e+01,3.020129666182e+01,5.949746285158e+04,3.022929476744e+02,1.123152539071e+01,5.701194875076e-03
4.531343683023e-03,7.054718590729e+01,3.020465360613e+01,5.955953391656e+04,3.022928619390e+02,1.123152829534e+01,5.695887783534e-03
4.531841090241e-03,7.053816999828e+01,3.020800737947e+01,5.962167543609e+04,3.022927761499e+02,1.123153120225e+01,5.690584421834e-03
4.532338005497e-03,7.052915364909e+01,3.021135798369e+01,5.968388749645e+04,3.022926903070e+02,1.123153411141e+01,5.685284789235e-03
4.532834429237e-03,7.052013685968e+01,3.021470542074e+01,5.974617018604e+04,3.022926044102e+02,1.123153702285e+01,5.679988884823e-03
4.533330361871e-03,7.051111963056e+01,3.021804969235e+01,5.980852358940e+04,3.022925184597e+02,1.123153993654e+01,5.674696708015e-03
4.533825803857e-03,7.050210196144e+01,3.022139080055e+01,5.987094779678e+04,3.022924324552e+02,1.123154285251e+01,5.669408257755e-03
4.534320755610e-03,7.049308385278e+01,3.022472874710e+01,5.993344289343e+04,3.022923463969e+02,1.123154577074e+01,5.664123533413e-03
4.534815217562e-03,7.048406530474e+01,3.022806353387e+01,5.999600896659e+04,3.022922602848e+02,1.123154869123e+01,5.658842534199e-03
4.535309190154e-03,7.047504631726e+01,3.023139516280e+01,6.005864610528e+04,3.022921741187e+02,1.123155161399e+01,5.653565259178e-03
4.535802673809e-03,7.046602689066e+01,3.023472363569e+01,6.012135439594e+04,3.022920878987e+02,1.123155453903e+01,5.648291707640e-03
4.536295668958e-03,7.045700702508e+01,3.023804895442e+01,6.018413392637e+04,3.022920016248e+02,1.123155746632e+01,5.643021878766e-03
4.536788176040e-03,7.044798672052e+01,3.024137112090e+01,6.024698478545e+04,3.022919152969e+02,1.123156039589e+01,5.637755771654e-03
4.537280195473e-03,7.043896597734e+01,3.024469013691e+01,6.030990705969e+04,3.022918289150e+02,1.123156332773e+01,5.632493385607e-03
4.537771727695e-03,7.042994479553e+01,3.024800600439e+01,6.037290083828e+04,3.022917424792e+02,1.123156626183e+01,5.627234719708e-03
4.538262773136e-03,7.042092317525e+01,3.025131872518e+01,6.043596620926e+04,3.022916559894e+02,1.123156919821e+01,5.621979773146e-03
4.538753332224e-03,7.041190111664e+01,3.025462830115e+01,6.049910326102e+04,3.022915694455e+02,1.123157213686e+01,5.616728545084e-03
4.539243405384e-03,7.040287861995e+01,3.025793473412e+01,6.056231208127e+04,3.022914828476e+02,1.123157507778e+01,5.611481034752e-03
4.539732993048e-03,7.039385568522e+01,3.026123802600e+01,6.062559275925e+04,3.022913961957e+02,1.123157802097e+01,5.606237241255e-03
4.540222095647e-03,7.038483231259e+01,3.026453817864e+01,6.068894538357e+04,3.022913094896e+02,1.123158096643e+01,5.600997163759e-03
4.540710713610e-03,7.037580850215e+01,3.026783519391e+01,6.075237004342e+04,3.022912227295e+02,1.123158391416e+01,5.595760801389e-03
4.541198847360e-03,7.036678425413e+01,3.027112907366e+01,6.081586682711e+04,3.022911359153e+02,1.123158686417e+01,5.590528153348e-03
4.541686497329e-03,7.035775956861e+01,3.027441981974e+01,6.087943582396e+04,3.022910490470e+02,1.123158981645e+01,5.585299218764e-03
4.542173663943e-03,7.034873444572e+01,3.027770743402e+01,6.094307712311e+04,3.022909621245e+02,1.123159277101e+01,5.580073996783e-03
4.542660347627e-03,7.033970888566e+01,3.028099191835e+01,6.100679081352e+04,3.022908751479e+02,1.123159572783e+01,5.574852486574e-03
4.543146548814e-03,7.033068288842e+01,3.028427327461e+01,6.107057698538e+04,3.022907881170e+02,1.123159868694e+01,5.569634687215e-03
4.543632267925e-03,7.032165645428e+01,3.028755150462e+01,6.113443572734e+04,3.022907010320e+02,1.123160164832e+01,5.564420597911e-03
4.544117505391e-03,7.031262958323e+01,3.029082661029e+01,6.119836712985e+04,3.022906138928e+02,1.123160461197e+01,5.559210217730e-03
4.544602261636e-03,7.030360227545e+01,3.029409859344e+01,6.126237128234e+04,3.022905266994e+02,1.123160757791e+01,5.554003545828e-03
4.545086537087e-03,7.029457453105e+01,3.029736745594e+01,6.132644827477e+04,3.022904394517e+02,1.123161054612e+01,5.548800581326e-03
4.545570332165e-03,7.028554635025e+01,3.030063319961e+01,6.139059819650e+04,3.022903521498e+02,1.123161351660e+01,5.543601323398e-03
4.546053647300e-03,7.027651773307e+01,3.030389582634e+01,6.145482113830e+04,3.022902647936e+02,1.123161648937e+01,5.538405771114e-03
4.546536482920e-03,7.026748867958e+01,3.030715533800e+01,6.151911719085e+04,3.022901773830e+02,1.123161946441e+01,5.533213923553e-03
4.547018839442e-03,7.025845919003e+01,3.031041173639e+01,6.158348644346e+04,3.022900899182e+02,1.123162244173e+01,5.528025779915e-03
4.547500717298e-03,7.024942926443e+01,3.031366502341e+01,6.164792898746e+04,3.022900023991e+02,1.123162542133e+01,5.522841339243e-03
4.547982116910e-03,7.024039890289e+01,3.031691520091e+01,6.171244491346e+04,3.022899148256e+02,1.123162840321e+01,5.517660600642e-03
4.548463038699e-03,7.023136810564e+01,3.032016227070e+01,6.177703431140e+04,3.022898271977e+02,1.123163138737e+01,5.512483563281e-03
4.548943483096e-03,7.022233687259e+01,3.032340623470e+01,6.184169727353e+04,3.022897395154e+02,1.123163437381e+01,5.507310226146e-03
4.549423450511e-03,7.021330520416e+01,3.032664709465e+01,6.190643388869e+04,3.022896517788e+02,1.123163736254e+01,5.502140588508e-03
4.549902941382e-03,7.020427310015e+01,3.032988485251e+01,6.197124425004e+04,3.022895639877e+02,1.123164035354e+01,5.496974649295e-03
4.550381956125e-03,7.019524056082e+01,3.033311951008e+01,6.203612844790e+04,3.022894761423e+02,1.123164334683e+01,5.491812407670e-03
4.550860495168e-03,7.018620758616e+01,3.033635106924e+01,6.210108657436e+04,3.022893882423e+02,1.123164634240e+01,5.486653862660e-03
4.551338558919e-03,7.017717417655e+01,3.033957953175e+01,6.216611871885e+04,3.022893002879e+02,1.123164934025e+01,5.481499013513e-03
4.551816147822e-03,7.016814033169e+01,3.034280489959e+01,6.223122497595e+04,3.022892122790e+02,1.123165234039e+01,5.476347859072e-03
4.552293262282e-03,7.015910605198e+01,3.034602717451e+01,6.229640543522e+04,3.022891242156e+02,1.123165534281e+01,5.471200398586e-03
4.552769902723e-03,7.015007133751e+01,3.034924635836e+01,6.236166018861e+04,3.022890360977e+02,1.123165834752e+01,5.466056631121e-03
4.553246069574e-03,7.014103618819e+01,3.035246245303e+01,6.242698932929e+04,3.022889479252e+02,1.123166135451e+01,5.460916555653e-03
4.553721763250e-03,7.013200060428e+01,3.035567546034e+01,6.249239294833e+04,3.022888596982e+02,1.123166436379e+01,5.455780171331e-03
4.554196984174e-03,7.012296458579e+01,3.035888538214e+01,6.255787113854e+04,3.022887714166e+02,1.123166737535e+01,5.450647477172e-03
4.554671732765e-03,7.011392813288e+01,3.036209222025e+01,6.262342399169e+04,3.022886830804e+02,1.123167038920e+01,5.445518472283e-03
4.555146009447e-03,7.010489124556e+01,3.036529597657e+01,6.268905160102e+04,3.022885946897e+02,1.123167340534e+01,5.440393155663e-03
4.555619814633e-03,7.009585392404e+01,3.036849665286e+01,6.275475405801e+04,3.022885062442e+02,1.123167642376e+01,5.435271526452e-03
4.556093148749e-03,7.008681616832e+01,3.037169425102e+01,6.282053145627e+04,3.022884177442e+02,1.123167944448e+01,5.430153583635e-03
4.556566012212e-03,7.007777797850e+01,3.037488877288e+01,6.288638388841e+04,3.022883291895e+02,1.123168246748e+01,5.425039326277e-03
4.557038405442e-03,7.006873935470e+01,3.037808022027e+01,6.295231144719e+04,3.022882405801e+02,1.123168549277e+01,5.419928753441e-03
4.557510328859e-03,7.005970029695e+01,3.038126859504e+01,6.301831422613e+04,3.022881519160e+02,1.123168852035e+01,5.414821864136e-03
4.557981782877e-03,7.005066080543e+01,3.038445389901e+01,6.308439231772e+04,3.022880631972e+02,1.123169155022e+01,5.409718657459e-03
4.558452767922e-03,7.004162088008e+01,3.038763613406e+01,6.315054581643e+04,3.022879744237e+02,1.123169458238e+01,5.404619132359e-03
4.558923284404e-03,7.003258052114e+01,3.039081530197e+01,6.321677481442e+04,3.022878855954e+02,1.123169761684e+01,5.399523287971e-03
4.559393332747e-03,7.002353972858e+01,3.039399140461e+01,6.328307940619e+04,3.022877967124e+02,1.123170065358e+01,5.394431123256e-03
4.559862913363e-03,7.001449850257e+01,3.039716444380e+01,6.334945968468e+04,3.022877077746e+02,1.123170369262e+01,5.389342637301e-03
4.560332026679e-03,7.000545684300e+01,3.040033442142e+01,6.341591574526e+04,3.022876187820e+02,1.123170673395e+01,5.384257829014e-03
4.560800673101e-03,6.999641475020e+01,3.040350133924e+01,6.348244768002e+04,3.022875297345e+02,1.123170977758e+01,5.379176697561e-03
4.561268853051e-03,6.998737222408e+01,3.040666519913e+01,6.354905558415e+04,3.022874406322e+02,1.123171282349e+01,5.374099241877e-03
4.561736566945e-03,6.997832926477e+01,3.040982600292e+01,6.361573955157e+04,3.022873514751e+02,1.123171587171e+01,5.369025461001e-03
4.562203815195e-03,6.996928587240e+01,3.041298375241e+01,6.368249967609e+04,3.022872622631e+02,1.123171892221e+01,5.363955353987e-03
4.562670598231e-03,6.996024204680e+01,3.041613844952e+01,6.374933605413e+04,3.022871729962e+02,1.123172197501e+01,5.358888919697e-03
4.563136916450e-03,6.995119778837e+01,3.041929009596e+01,6.381624877770e+04,3.022870836745e+02,1.123172503011e+01,5.353826157335e-03
4.563602770281e-03,6.994215309693e+01,3.042243869366e+01,6.388323794345e+04,3.022869942977e+02,1.123172808751e+01,5.348767065759e-03
4.564068160129e-03,6.993310797274e+01,3.042558424437e+01,6.395030364487e+04,3.022869048661e+02,1.123173114720e+01,5.343711644074e-03
4.564533086419e-03,6.992406241566e+01,3.042872675000e+01,6.401744597832e+04,3.022868153795e+02,1.123173420919e+01,5.338659891175e-03
4.564997549561e-03,6.991501642585e+01,3.043186621233e+01,6.408466503825e+04,3.022867258379e+02,1.123173727347e+01,5.333611806105e-03
4.565461549963e-03,6.990597000349e+01,3.043500263316e+01,6.415196091912e+04,3.022866362413e+02,1.123174034006e+01,5.328567387917e-03
4.565925088055e-03,6.989692314836e+01,3.043813601441e+01,6.421933371834e+04,3.022865465897e+02,1.123174340894e+01,5.323526635447e-03
4.566388164231e-03,6.988787586088e+01,3.044126635778e+01,6.428678352874e+04,3.022864568831e+02,1.123174648012e+01,5.318489547881e-03
4.566850778920e-03,6.987882814079e+01,3.044439366521e+01,6.435431044835e+04,3.022863671214e+02,1.123174955360e+01,5.313456124022e-03
4.567312932531e-03,6.986977998828e+01,3.044751793847e+01,6.442191457189e+04,3.022862773047e+02,1.123175262939e+01,5.308426362929e-03
4.567774625469e-03,6.986073140350e+01,3.045063917936e+01,6.448959599456e+04,3.022861874328e+02,1.123175570747e+01,5.303400263630e-03
4.568235858157e-03,6.985168238636e+01,3.045375738975e+01,6.455735481352e+04,3.022860975059e+02,1.123175878786e+01,5.298377825015e-03
4.568696631007e-03,6.984263293687e+01,3.045687257147e+01,6.462519112518e+04,3.022860075239e+02,1.123176187054e+01,5.293359046036e-03
4.569156944423e-03,6.983358305529e+01,3.045998472628e+01,6.469310502431e+04,3.022859174867e+02,1.123176495553e+01,5.288343925774e-03
4.569616798821e-03,6.982453274155e+01,3.046309385604e+01,6.476109660822e+04,3.022858273944e+02,1.123176804283e+01,5.283332463126e-03
4.570076194619e-03,6.981548199561e+01,3.046619996259e+01,6.482916597408e+04,3.022857372469e+02,1.123177113242e+01,5.278324657011e-03
4.570535132215e-03,6.980643081774e+01,3.046930304768e+01,6.489731321694e+04,3.022856470442e+02,1.123177422432e+01,5.273320506507e-03
4.570993612033e-03,6.979737920776e+01,3.047240311321e+01,6.496553843527e+04,3.022855567863e+02,1.123177731853e+01,5.268320010448e-03
4.571451634479e-03,6.978832716580e+01,3.047550016097e+01,6.503384172537e+04,3.022854664731e+02,1.123178041504e+01,5.263323167836e-03
4.571909199961e-03,6.977927469195e+01,3.047859419275e+01,6.510222318397e+04,3.022853761048e+02,1.123178351385e+01,5.258329977645e-03
4.572366308889e-03,6.977022178628e+01,3.048168521037e+01,6.517068290811e+04,3.022852856811e+02,1.123178661497e+01,5.253340438835e-03
4.572822961683e-03,6.976116844859e+01,3.048477321571e+01,6.523922099684e+04,3.022851952022e+02,1.123178971840e+01,5.248354550228e-03
4.573279158735e-03,6.975211467930e+01,3.048785821048e+01,6.530783754487e+04,3.022851046680e+02,1.123179282414e+01,5.243372310965e-03
4.573734900469e-03,6.974306047816e+01,3.049094019657e+01,6.537653265185e+04,3.022850140785e+02,1.123179593218e+01,5.238393719837e-03
4.574190187287e-03,6.973400584534e+01,3.049401917575e+01,6.544530641456e+04,3.022849234336e+02,1.123179904253e+01,5.233418775849e-03
4.574645019608e-03,6.972495078068e+01,3.049709514991e+01,6.551415893239e+04,3.022848327334e+02,1.123180215519e+01,5.228447477824e-03
4.575099397822e-03,6.971589528457e+01,3.050016812074e+01,6.558309030058e+04,3.022847419778e+02,1.123180527016e+01,5.223479824894e-03
4.575553322358e-03,6.970683935666e+01,3.050323809017e+01,6.565210062012e+04,3.022846511669e+02,1.123180838744e+01,5.218515815778e-03
4.576006793602e-03,6.969778299737e+01,3.050630505988e+01,6.572118998634e+04,3.022845603005e+02,1.123181150703e+01,5.213555449613e-03
4.576459811988e-03,6.968872620627e+01,3.050936903184e+01,6.579035850125e+04,3.022844693787e+02,1.123181462893e+01,5.208598725064e-03
4.576912377901e-03,6.967966898380e+01,3.051243000772e+01,6.585960626005e+04,3.022843784014e+02,1.123181775314e+01,5.203645641287e-03
4.577364491762e-03,6.967061132972e+01,3.051548798941e+01,6.592893336357e+04,3.022842873687e+02,1.123182087966e+01,5.198696197045e-03
4.577816153965e-03,6.966155324432e+01,3.051854297864e+01,6.599833990862e+04,3.022841962806e+02,1.123182400849e+01,5.193750391394e-03
4.578267364931e-03,6.965249472733e+01,3.052159497731e+01,6.606782599628e+04,3.022841051369e+02,1.123182713964e+01,5.188808223091e-03
4.578718125058e-03,6.964343577895e+01,3.052464398716e+01,6.613739172432e+04,3.022840139377e+02,1.123183027310e+01,5.183869691138e-03
4.579168434753e-03,6.963437639917e+01,3.052769001001e+01,6.620703719212e+04,3.022839226830e+02,1.123183340888e+01,5.178934794427e-03
4.579618294420e-03,6.962531658807e+01,3.053073304764e+01,6.627676249867e+04,3.022838313727e+02,1.123183654697e+01,5.174003531887e-03
4.580067704475e-03,6.961625634546e+01,3.053377310193e+01,6.634656774493e+04,3.022837400069e+02,1.123183968737e+01,5.169075902312e-03
4.580516665310e-03,6.960719567162e+01,3.053681017459e+01,6.641645302857e+04,3.022836485855e+02,1.123184283009e+01,5.164151904736e-03
4.580965177343e-03,6.959813456629e+01,3.053984426752e+01,6.648641845139e+04,3.022835571085e+02,1.123184597513e+01,5.159231537910e-03
4.581413240959e-03,6.958907302990e+01,3.054287538237e+01,6.655646411018e+04,3.022834655758e+02,1.123184912248e+01,5.154314800941e-03
4.581860856584e-03,6.958001106202e+01,3.054590352109e+01,6.662659010823e+04,3.022833739875e+02,1.123185227215e+01,5.149401692490e-03
4.582308024615e-03,6.957094866284e+01,3.054892868543e+01,6.669679654440e+04,3.022832823436e+02,1.123185542413e+01,5.144492211534e-03
4.582754745449e-03,6.956188583247e+01,3.055195087715e+01,6.676708351823e+04,3.022831906440e+02,1.123185857844e+01,5.139586357008e-03
4.583201019497e-03,6.955282257081e+01,3.055497009808e+01,6.683745113100e+04,3.022830988887e+02,1.123186173506e+01,5.134684127734e-03
4.583646847156e-03,6.954375887797e+01,3.055798634998e+01,6.690789948240e+04,3.022830070776e+02,1.123186489400e+01,5.129785522651e-03
4.584092228842e-03,6.953469475371e+01,3.056099963473e+01,6.697842867505e+04,3.022829152109e+02,1.123186805527e+01,5.124890540501e-03
4.584537164945e-03,6.952563019828e+01,3.056400995405e+01,6.704903880797e+04,3.022828232884e+02,1.123187121885e+01,5.119999180283e-03
4.584981655869e-03,6.951656521169e+01,3.056701730973e+01,6.711972998206e+04,3.022827313101e+02,1.123187438475e+01,5.115111440872e-03
4.585425702024e-03,6.950749979375e+01,3.057002170363e+01,6.719050229982e+04,3.022826392760e+02,1.123187755298e+01,5.110227321040e-03
4.585869303807e-03,6.949843394461e+01,3.057302313748e+01,6.726135586154e+04,3.022825471861e+02,1.123188072352e+01,5.105346819719e-03
4.586312461618e-03,6.948936766426e+01,3.057602161308e+01,6.733229076852e+04,3.022824550405e+02,1.123188389639e+01,5.100469935776e-03
4.586755175857e-03,6.948030095276e+01,3.057901713221e+01,6.740330712185e+04,3.022823628389e+02,1.123188707158e+01,5.095596668099e-03
4.587197446941e-03,6.947123380977e+01,3.058200969676e+01,6.747440502584e+04,3.022822705815e+02,1.123189024910e+01,5.090727015368e-03
4.587639275243e-03,6.946216623587e+01,3.058499930833e+01,6.754558457770e+04,3.022821782683e+02,1.123189342894e+01,5.085860976747e-03
4.588080661192e-03,6.945309823047e+01,3.058798596890e+01,6.761684588404e+04,3.022820858991e+02,1.123189661110e+01,5.080998550771e-03
4.588521605173e-03,6.944402979389e+01,3.059096968015e+01,6.768818904429e+04,3.022819934740e+02,1.123189979559e+01,5.076139736470e-03
4.588962107584e-03,6.943496092615e+01,3.059395044386e+01,6.775961416041e+04,3.022819009930e+02,1.123190298241e+01,5.071284532708e-03
4.589402168834e-03,6.942589162706e+01,3.059692826187e+01,6.783112133634e+04,3.022818084560e+02,1.123190617155e+01,5.066432938220e-03
4.589841789317e-03,6.941682189673e+01,3.059990313593e+01,6.790271067349e+04,3.022817158631e+02,1.123190936301e+01,5.061584951924e-03
4.590280969433e-03,6.940775173512e+01,3.060287506783e+01,6.797438227474e+04,3.022816232142e+02,1.123191255681e+01,5.056740572640e-03
4.590719709588e-03,6.939868114210e+01,3.060584405940e+01,6.804613624386e+04,3.022815305092e+02,1.123191575293e+01,5.051899799138e-03
4.591158010166e-03,6.938961011795e+01,3.060881011231e+01,6.811797268135e+04,3.022814377483e+02,1.123191895138e+01,5.047062630414e-03
4.591595871576e-03,6.938053866242e+01,3.061177322842e+01,6.818989169226e+04,3.022813449313e+02,1.123192215216e+01,5.042229065166e-03
4.592033294223e-03,6.937146677539e+01,3.061473340956e+01,6.826189338046e+04,3.022812520582e+02,1.123192535527e+01,5.037399102177e-03
4.592470278481e-03,6.936239445730e+01,3.061769065734e+01,6.833397784565e+04,3.022811591291e+02,1.123192856071e+01,5.032572740516e-03
4.592906824779e-03,6.935332170750e+01,3.062064497376e+01,6.840614519645e+04,3.022810661438e+02,1.123193176848e+01,5.027749978664e-03
4.593342933484e-03,6.934424852660e+01,3.062359636038e+01,6.847839553138e+04,3.022809731025e+02,1.123193497858e+01,5.022930815783e-03
4.593778605014e-03,6.933517491415e+01,3.062654481912e+01,6.855072895764e+04,3.022808800050e+02,1.123193819101e+01,5.018115250460e-03
4.594213839764e-03,6.932610087017e+01,3.062949035175e+01,6.862314557882e+04,3.022807868513e+02,1.123194140577e+01,5.013303281534e-03
4.594648638120e-03,6.931702639482e+01,3.063243295997e+01,6.869564549737e+04,3.022806936415e+02,1.123194462287e+01,5.008494907923e-03
4.595083000479e-03,6.930795148811e+01,3.063537264555e+01,6.876822881738e+04,3.022806003755e+02,1.123194784230e+01,5.003690128445e-03
4.595516927254e-03,6.929887614962e+01,3.063830941040e+01,6.884089564613e+04,3.022805070533e+02,1.123195106406e+01,4.998888941713e-03
4.595950418823e-03,6.928980037972e+01,3.064124325614e+01,6.891364608506e+04,3.022804136748e+02,1.123195428816e+01,4.994091346734e-03
4.596383475589e-03,6.928072417821e+01,3.064417418462e+01,6.898648024005e+04,3.022803202401e+02,1.123195751459e+01,4.989297342228e-03
4.596816097942e-03,6.927164754518e+01,3.064710219756e+01,6.905939821491e+04,3.022802267492e+02,1.123196074336e+01,4.984506927057e-03
4.597248286286e-03,6.926257048037e+01,3.065002729680e+01,6.913240011642e+04,3.022801332019e+02,1.123196397446e+01,4.979720099897e-03
4.597680041005e-03,6.925349298402e+01,3.065294948402e+01,6.920548604734e+04,3.022800395983e+02,1.123196720790e+01,4.974936859694e-03
4.598111362504e-03,6.924441505585e+01,3.065586876108e+01,6.927865611500e+04,3.022799459385e+02,1.123197044368e+01,4.970157205101e-03
4.598542251164e-03,6.923533669609e+01,3.065878512964e+01,6.935191042238e+04,3.022798522222e+02,1.123197368179e+01,4.965381135063e-03
4.598972707394e-03,6.922625790442e+01,3.066169859158e+01,6.942524907744e+04,3.022797584497e+02,1.123197692224e+01,4.960608648207e-03
4.599402731577e-03,6.921717868098e+01,3.066460914859e+01,6.949867218419e+04,3.022796646207e+02,1.123198016504e+01,4.955839743423e-03
4.599832324112e-03,6.920809902561e+01,3.066751680248e+01,6.957217984944e+04,3.022795707354e+02,1.123198341017e+01,4.951074419429e-03
4.600261485383e-03,6.919901893851e+01,3.067042155494e+01,6.964577217721e+04,3.022794767936e+02,1.123198665764e+01,4.946312675127e-03
4.600690215800e-03,6.918993841924e+01,3.067332340784e+01,6.971944927666e+04,3.022793827954e+02,1.123198990745e+01,4.941554509096e-03
4.601118515737e-03,6.918085746814e+01,3.067622236285e+01,6.979321125103e+04,3.022792887407e+02,1.123199315960e+01,4.936799920303e-03
4.601546385593e-03,6.917177608504e+01,3.067911842174e+01,6.986705820753e+04,3.022791946296e+02,1.123199641409e+01,4.932048907468e-03
4.601973825765e-03,6.916269426977e+01,3.068201158632e+01,6.994099025379e+04,3.022791004620e+02,1.123199967093e+01,4.927301469288e-03
4.602400836641e-03,6.915361202237e+01,3.068490185832e+01,7.001500749565e+04,3.022790062379e+02,1.123200293010e+01,4.922557604583e-03
4.602827418609e-03,6.914452934284e+01,3.068778923949e+01,7.008911003954e+04,3.022789119572e+02,1.123200619162e+01,4.917817312144e-03
4.603253572068e-03,6.913544623101e+01,3.069067373161e+01,7.016329799331e+04,3.022788176200e+02,1.123200945549e+01,4.913080590677e-03
4.603679297393e-03,6.912636268712e+01,3.069355533636e+01,7.023757146177e+04,3.022787232262e+02,1.123201272170e+01,4.908347439087e-03
4.604104594996e-03,6.911727871067e+01,3.069643405562e+01,7.031193055570e+04,3.022786287759e+02,1.123201599025e+01,4.903617855909e-03
4.604529465254e-03,6.910819430192e+01,3.069930989105e+01,7.038637537998e+04,3.022785342689e+02,1.123201926115e+01,4.898891840058e-03
4.604953908558e-03,6.909910946075e+01,3.070218284443e+01,7.046090604259e+04,3.022784397053e+02,1.123202253439e+01,4.894169390261e-03
4.605377925301e-03,6.909002418706e+01,3.070505291751e+01,7.053552265167e+04,3.022783450851e+02,1.123202580999e+01,4.889450505238e-03
4.605801515872e-03,6.908093848080e+01,3.070792011206e+01,7.061022531491e+04,3.022782504082e+02,1.123202908792e+01,4.884735183750e-03
4.606224680656e-03,6.907185234199e+01,3.071078442978e+01,7.068501413956e+04,3.022781556747e+02,1.123203236821e+01,4.880023424589e-03
4.606647420048e-03,6.906276577046e+01,3.071364587248e+01,7.075988923479e+04,3.022780608844e+02,1.123203565084e+01,4.875315226433e-03
4.607069734431e-03,6.905367876624e+01,3.071650444186e+01,7.083485070798e+04,3.022779660374e+02,1.123203893583e+01,4.870610588081e-03
4.607491624198e-03,6.904459132921e+01,3.071936013969e+01,7.090989866806e+04,3.022778711337e+02,1.123204222316e+01,4.865909508242e-03
4.607913089736e-03,6.903550345927e+01,3.072221296773e+01,7.098503322381e+04,3.022777761732e+02,1.123204551284e+01,4.861211985640e-03
4.608334131433e-03,6.902641515640e+01,3.072506292770e+01,7.106025448373e+04,3.022776811560e+02,1.123204880487e+01,4.856518019024e-03
4.608754749673e-03,6.901732642059e+01,3.072791002135e+01,7.113556255609e+04,3.022775860819e+02,1.123205209925e+01,4.851827607166e-03
4.609174944845e-03,6.900823725173e+01,3.073075425041e+01,7.121095755027e+04,3.022774909511e+02,1.123205539599e+01,4.847140748773e-03
4.609594717343e-03,6.899914764962e+01,3.073359561667e+01,7.128643957653e+04,3.022773957634e+02,1.123205869507e+01,4.842457442507e-03
4.610014067544e-03,6.899005761437e+01,3.073643412183e+01,7.136200874268e+04,3.022773005189e+02,1.123206199651e+01,4.837777687186e-03
4.610432995835e-03,6.898096714593e+01,3.073926976761e+01,7.143766515805e+04,3.022772052175e+02,1.123206530031e+01,4.833101481545e-03
4.610851502605e-03,6.897187624413e+01,3.074210255578e+01,7.151340893294e+04,3.022771098592e+02,1.123206860645e+01,4.828428824262e-03
4.611269588249e-03,6.896278490874e+01,3.074493248812e+01,7.158924017845e+04,3.022770144440e+02,1.123207191495e+01,4.823759713976e-03
4.611687253140e-03,6.895369313992e+01,3.074775956631e+01,7.166515900260e+04,3.022769189718e+02,1.123207522581e+01,4.819094149521e-03
4.612104497662e-03,6.894460093764e+01,3.075058379207e+01,7.174116551507e+04,3.022768234428e+02,1.123207853902e+01,4.814432129635e-03
4.612521322209e-03,6.893550830162e+01,3.075340516719e+01,7.181725982766e+04,3.022767278567e+02,1.123208185459e+01,4.809773652936e-03
4.612937727165e-03,6.892641523181e+01,3.075622369339e+01,7.189344205057e+04,3.022766322137e+02,1.123208517251e+01,4.805118718143e-03
4.613353712909e-03,6.891732172826e+01,3.075903937237e+01,7.196971229322e+04,3.022765365137e+02,1.123208849279e+01,4.800467324035e-03
4.613769279826e-03,6.890822779084e+01,3.076185220589e+01,7.204607066665e+04,3.022764407566e+02,1.123209181543e+01,4.795819469293e-03
4.614184428308e-03,6.889913341929e+01,3.076466219571e+01,7.212251728318e+04,3.022763449425e+02,1.123209514043e+01,4.791175152534e-03
4.614599158728e-03,6.889003861381e+01,3.076746934349e+01,7.219905225147e+04,3.022762490714e+02,1.123209846778e+01,4.786534372597e-03
4.615013471476e-03,6.888094337411e+01,3.077027365102e+01,7.227567568428e+04,3.022761531431e+02,1.123210179750e+01,4.781897128086e-03
4.615427366936e-03,6.887184770014e+01,3.077307512001e+01,7.235238769267e+04,3.022760571578e+02,1.123210512958e+01,4.777263417712e-03
4.615840845483e-03,6.886275159193e+01,3.077587375216e+01,7.242918838700e+04,3.022759611153e+02,1.123210846401e+01,4.772633240235e-03
4.616253907507e-03,6.885365504926e+01,3.077866954923e+01,7.250607787998e+04,3.022758650157e+02,1.123211180081e+01,4.768006594281e-03
4.616666553394e-03,6.884455807197e+01,3.078146251297e+01,7.258305628405e+04,3.022757688590e+02,1.123211513997e+01,4.763383478499e-03
4.617078783515e-03,6.883546066018e+01,3.078425264504e+01,7.266012370920e+04,3.022756726451e+02,1.123211848149e+01,4.758763891694e-03
4.617490598258e-03,6.882636281369e+01,3.078703994720e+01,7.273728026841e+04,3.022755763739e+02,1.123212182538e+01,4.754147832496e-03
4.617901998003e-03,6.881726453241e+01,3.078982442116e+01,7.281452607395e+04,3.022754800456e+02,1.123212517163e+01,4.749535299586e-03
4.618312983135e-03,6.880816581618e+01,3.079260606866e+01,7.289186123857e+04,3.022753836600e+02,1.123212852024e+01,4.744926291624e-03
4.618723554029e-03,6.879906666503e+01,3.079538489140e+01,7.296928587388e+04,3.022752872172e+02,1.123213187122e+01,4.740320807344e-03
4.619133711076e-03,6.878996707865e+01,3.079816089114e+01,7.304680009424e+04,3.022751907171e+02,1.123213522456e+01,4.735718845325e-03
4.619543454641e-03,6.878086705724e+01,3.080093406952e+01,7.312440400993e+04,3.022750941597e+02,1.123213858027e+01,4.731120404395e-03
4.619952785116e-03,6.877176660049e+01,3.080370442833e+01,7.320209773585e+04,3.022749975450e+02,1.123214193834e+01,4.726525483111e-03
4.620361702882e-03,6.876266570822e+01,3.080647196929e+01,7.327988138573e+04,3.022749008729e+02,1.123214529878e+01,4.721934080114e-03
4.620770208302e-03,6.875356438074e+01,3.080923669400e+01,7.335775506933e+04,3.022748041435e+02,1.123214866159e+01,4.717346194281e-03
4.621178301785e-03,6.874446261726e+01,3.081199860438e+01,7.343571890596e+04,3.022747073568e+02,1.123215202677e+01,4.712761823933e-03
4.621585983680e-03,6.873536041837e+01,3.081475770194e+01,7.351377300340e+04,3.022746105126e+02,1.123215539432e+01,4.708180968082e-03
4.621993254377e-03,6.872625778367e+01,3.081751398847e+01,7.359191747778e+04,3.022745136110e+02,1.123215876424e+01,4.703603625249e-03
4.622400114266e-03,6.871715471282e+01,3.082026746575e+01,7.367015244509e+04,3.022744166520e+02,1.123216213652e+01,4.699029793977e-03
4.622806563711e-03,6.870805120605e+01,3.082301813540e+01,7.374847801650e+04,3.022743196356e+02,1.123216551118e+01,4.694459473095e-03
4.623212603094e-03,6.869894726312e+01,3.082576599915e+01,7.382689430739e+04,3.022742225617e+02,1.123216888821e+01,4.689892661193e-03
4.623618232791e-03,6.868984288398e+01,3.082851105871e+01,7.390540143165e+04,3.022741254303e+02,1.123217226761e+01,4.685329356956e-03
4.624023453187e-03,6.868073806833e+01,3.083125331583e+01,7.398399950539e+04,3.022740282413e+02,1.123217564938e+01,4.680769558946e-03
4.624428264651e-03,6.867163281626e+01,3.083399277216e+01,7.406268864157e+04,3.022739309949e+02,1.123217903352e+01,4.676213265918e-03
4.624832667560e-03,6.866252712762e+01,3.083672942941e+01,7.414146895540e+04,3.022738336909e+02,1.123218242004e+01,4.671660476500e-03
4.625236662297e-03,6.865342100218e+01,3.083946328932e+01,7.422034056296e+04,3.022737363294e+02,1.123218580894e+01,4.667111189279e-03
4.625640249233e-03,6.864431443992e+01,3.084219435356e+01,7.429930357846e+04,3.022736389102e+02,1.123218920020e+01,4.662565402955e-03
4.626043428744e-03,6.863520744075e+01,3.084492262383e+01,7.437835811717e+04,3.022735414335e+02,1.123219259385e+01,4.658023116177e-03
4.626446201215e-03,6.862610000432e+01,3.084764810189e+01,7.445750429651e+04,3.022734438991e+02,1.123219598986e+01,4.653484327476e-03
4.626848567005e-03,6.861699213086e+01,3.085037078934e+01,7.453674222909e+04,3.022733463071e+02,1.123219938826e+01,4.648949035666e-03
4.627250526508e-03,6.860788381987e+01,3.085309068799e+01,7.461607203405e+04,3.022732486574e+02,1.123220278903e+01,4.644417239195e-03
4.627652080080e-03,6.859877507161e+01,3.085580779943e+01,7.469549382408e+04,3.022731509500e+02,1.123220619218e+01,4.639888936885e-03
4.628053228111e-03,6.858966588565e+01,3.085852212544e+01,7.477500771800e+04,3.022730531849e+02,1.123220959771e+01,4.635364127218e-03
4.628453970973e-03,6.858055626188e+01,3.086123366770e+01,7.485461383190e+04,3.022729553621e+02,1.123221300562e+01,4.630842808837e-03
4.628854309028e-03,6.857144620047e+01,3.086394242783e+01,7.493431227977e+04,3.022728574816e+02,1.123221641590e+01,4.626324980512e-03
4.629254242671e-03,6.856233570080e+01,3.086664840767e+01,7.501410318250e+04,3.022727595433e+02,1.123221982857e+01,4.621810640628e-03
4.629653772251e-03,6.855322476329e+01,3.086935160874e+01,7.509398665208e+04,3.022726615472e+02,1.123222324362e+01,4.617299788084e-03
4.630052898163e-03,6.854411338734e+01,3.087205203287e+01,7.517396280963e+04,3.022725634933e+02,1.123222666104e+01,4.612792421265e-03
4.630451620768e-03,6.853500157307e+01,3.087474968168e+01,7.525403176998e+04,3.022724653816e+02,1.123223008085e+01,4.608288538924e-03
4.630849940436e-03,6.852588932043e+01,3.087744455683e+01,7.533419364979e+04,3.022723672120e+02,1.123223350305e+01,4.603788139713e-03
4.631247857560e-03,6.851677662879e+01,3.088013666016e+01,7.541444857083e+04,3.022722689846e+02,1.123223692762e+01,4.599291222007e-03
4.631645372486e-03,6.850766349863e+01,3.088282599317e+01,7.549479664526e+04,3.022721706993e+02,1.123224035458e+01,4.594797784727e-03
4.632042485600e-03,6.849854992949e+01,3.088551255764e+01,7.557523799378e+04,3.022720723561e+02,1.123224378393e+01,4.590307826321e-03
4.632439197273e-03,6.848943592124e+01,3.088819635525e+01,7.565577273423e+04,3.022719739549e+02,1.123224721566e+01,4.585821345407e-03
4.632835507878e-03,6.848032147370e+01,3.089087738770e+01,7.573640098501e+04,3.022718754958e+02,1.123225064977e+01,4.581338340577e-03
4.633231417781e-03,6.847120658686e+01,3.089355565663e+01,7.581712286336e+04,3.022717769788e+02,1.123225408627e+01,4.576858810496e-03
4.633626927350e-03,6.846209126064e+01,3.089623116371e+01,7.589793848715e+04,3.022716784038e+02,1.123225752516e+01,4.572382753800e-03
4.634022036972e-03,6.845297549450e+01,3.089890391073e+01,7.597884797842e+04,3.022715797707e+02,1.123226096643e+01,4.567910168901e-03
4.634416746998e-03,6.844385928875e+01,3.090157389923e+01,7.605985145197e+04,3.022714810797e+02,1.123226441009e+01,4.563441054620e-03
4.634811057810e-03,6.843474264299e+01,3.090424113097e+01,7.614094902901e+04,3.022713823306e+02,1.123226785614e+01,4.558975409430e-03
4.635204969771e-03,6.842562555719e+01,3.090690560759e+01,7.622214082755e+04,3.022712835234e+02,1.123227130458e+01,4.554513231989e-03
4.635598483261e-03,6.841650803098e+01,3.090956733084e+01,7.630342696892e+04,3.022711846582e+02,1.123227475541e+01,4.550054520779e-03
4.635991598632e-03,6.840739006462e+01,3.091222630225e+01,7.638480756878e+04,3.022710857349e+02,1.123227820863e+01,4.545599274601e-03
4.636384316272e-03,6.839827165748e+01,3.091488252366e+01,7.646628275109e+04,3.022709867534e+02,1.123228166424e+01,4.541147491805e-03
4.636776636540e-03,6.838915280969e+01,3.091753599665e+01,7.654785263312e+04,3.022708877138e+02,1.123228512225e+01,4.536699171120e-03
4.637168559801e-03,6.838003352111e+01,3.092018672288e+01,7.662951733462e+04,3.022707886160e+02,1.123228858264e+01,4.532254311142e-03
4.637560086433e-03,6.837091379139e+01,3.092283470409e+01,7.671127697752e+04,3.022706894600e+02,1.123229204543e+01,4.527812910358e-03
4.637951216794e-03,6.836179362060e+01,3.092547994187e+01,7.679313167994e+04,3.022705902459e+02,1.123229551061e+01,4.523374967468e-03
4.638341951259e-03,6.835267300843e+01,3.092812243794e+01,7.687508156384e+04,3.022704909735e+02,1.123229897818e+01,4.518940480972e-03
4.638732290195e-03,6.834355195469e+01,3.093076219398e+01,7.695712675011e+04,3.022703916429e+02,1.123230244815e+01,4.514509449435e-03
4.639122233967e-03,6.833443045928e+01,3.093339921163e+01,7.703926735883e+04,3.022702922540e+02,1.123230592052e+01,4.510081871472e-03
4.639511782941e-03,6.832530852206e+01,3.093603349255e+01,7.712150351094e+04,3.022701928068e+02,1.123230939528e+01,4.505657745661e-03
4.639900937479e-03,6.831618614299e+01,3.093866503838e+01,7.720383532645e+04,3.022700933013e+02,1.123231287244e+01,4.501237070634e-03
4.640289697959e-03,6.830706332162e+01,3.094129385084e+01,7.728626292911e+04,3.022699937375e+02,1.123231635199e+01,4.496819844833e-03
4.640678064742e-03,6.829794005787e+01,3.094391993159e+01,7.736878643962e+04,3.022698941153e+02,1.123231983394e+01,4.492406066868e-03
4.641066038191e-03,6.828881635168e+01,3.094654328225e+01,7.745140597877e+04,3.022697944348e+02,1.123232331829e+01,4.487995735353e-03
4.641453618670e-03,6.827969220293e+01,3.094916390447e+01,7.753412166792e+04,3.022696946959e+02,1.123232680504e+01,4.483588848878e-03
4.641840806556e-03,6.827056761111e+01,3.095178180000e+01,7.761693363202e+04,3.022695948986e+02,1.123233029419e+01,4.479185405849e-03
4.642227602193e-03,6.826144257656e+01,3.095439697035e+01,7.769984198860e+04,3.022694950429e+02,1.123233378574e+01,4.474785405076e-03
4.642614005973e-03,6.825231709851e+01,3.095700941735e+01,7.778284686551e+04,3.022693951287e+02,1.123233727969e+01,4.470388844825e-03
4.643000018231e-03,6.824319117744e+01,3.095961914248e+01,7.786594837925e+04,3.022692951560e+02,1.123234077604e+01,4.465995723973e-03
4.643385639358e-03,6.823406481255e+01,3.096222614755e+01,7.794914665823e+04,3.022691951249e+02,1.123234427480e+01,4.461606040772e-03
4.643770869702e-03,6.822493800402e+01,3.096483043413e+01,7.803244182192e+04,3.022690950352e+02,1.123234777595e+01,4.457219793958e-03
4.644155709627e-03,6.821581075170e+01,3.096743200385e+01,7.811583399322e+04,3.022689948871e+02,1.123235127951e+01,4.452836982088e-03
4.644540159504e-03,6.820668305520e+01,3.097003085843e+01,7.819932329717e+04,3.022688946803e+02,1.123235478547e+01,4.448457603617e-03
4.644924219689e-03,6.819755491451e+01,3.097262699947e+01,7.828290985557e+04,3.022687944150e+02,1.123235829384e+01,4.444081657176e-03
4.645307890547e-03,6.818842632941e+01,3.097522042862e+01,7.836659379242e+04,3.022686940911e+02,1.123236180462e+01,4.439709141291e-03
4.645691172443e-03,6.817929729964e+01,3.097781114756e+01,7.845037523189e+04,3.022685937086e+02,1.123236531780e+01,4.435340054480e-03
4.646074065739e-03,6.817016782506e+01,3.098039915792e+01,7.853425429771e+04,3.022684932675e+02,1.123236883338e+01,4.430974395299e-03
4.646456570793e-03,6.816103790553e+01,3.098298446133e+01,7.861823111340e+04,3.022683927677e+02,1.123237235137e+01,4.426612162317e-03
4.646838687977e-03,6.815190754064e+01,3.098556705949e+01,7.870230580533e+04,3.022682922093e+02,1.123237587177e+01,4.422253353964e-03
4.647220417631e-03,6.814277673071e+01,3.098814695392e+01,7.878647849306e+04,3.022681915921e+02,1.123237939458e+01,4.417897969030e-03
4.647601760145e-03,6.813364547488e+01,3.099072414643e+01,7.887074930753e+04,3.022680909163e+02,1.123238291980e+01,4.413546005723e-03
4.647982715850e-03,6.812451377364e+01,3.099329863848e+01,7.895511836715e+04,3.022679901817e+02,1.123238644743e+01,4.409197462907e-03
4.648363285135e-03,6.811538162615e+01,3.099587043189e+01,7.903958580283e+04,3.022678893883e+02,1.123238997747e+01,4.404852338808e-03
4.648743468335e-03,6.810624903284e+01,3.099843952812e+01,7.912415173399e+04,3.022677885362e+02,1.123239350991e+01,4.400510632249e-03
4.649123265833e-03,6.809711599292e+01,3.100100592897e+01,7.920881629130e+04,3.022676876253e+02,1.123239704477e+01,4.396172341486e-03
4.649502677975e-03,6.808798250653e+01,3.100356963600e+01,7.929357959724e+04,3.022675866556e+02,1.123240058205e+01,4.391837465199e-03
4.649881705117e-03,6.807884857360e+01,3.100613065079e+01,7.937844177624e+04,3.022674856270e+02,1.123240412173e+01,4.387506001977e-03
4.650260347634e-03,6.806971419354e+01,3.100868897508e+01,7.946340295767e+04,3.022673845396e+02,1.123240766383e+01,4.383177950164e-03
4.650638605871e-03,6.806057936645e+01,3.101124461044e+01,7.954846326482e+04,3.022672833933e+02,1.123241120834e+01,4.378853308420e-03
4.651016480193e-03,6.805144409205e+01,3.101379755851e+01,7.963362282468e+04,3.022671821880e+02,1.123241475527e+01,4.374532075227e-03
4.651393970953e-03,6.804230837018e+01,3.101634782090e+01,7.971888176300e+04,3.022670809239e+02,1.123241830461e+01,4.370214249135e-03
4.651771078524e-03,6.803317220038e+01,3.101889539933e+01,7.980424020888e+04,3.022669796009e+02,1.123242185637e+01,4.365899828530e-03
4.652147803240e-03,6.802403558294e+01,3.102144029528e+01,7.988969828439e+04,3.022668782188e+02,1.123242541055e+01,4.361588812165e-03
4.652524145485e-03,6.801489851707e+01,3.102398251053e+01,7.997525612181e+04,3.022667767778e+02,1.123242896714e+01,4.357281198282e-03
4.652900105593e-03,6.800576100311e+01,3.102652204657e+01,8.006091384312e+04,3.022666752778e+02,1.123243252615e+01,4.352976985650e-03
4.653275683942e-03,6.799662304034e+01,3.102905890516e+01,8.014667158033e+04,3.022665737188e+02,1.123243608758e+01,4.348676172542e-03
4.653650880869e-03,6.798748462905e+01,3.103159308778e+01,8.023252945618e+04,3.022664721007e+02,1.123243965143e+01,4.344378757702e-03
4.654025696744e-03,6.797834576870e+01,3.103412459615e+01,8.031848760143e+04,3.022663704235e+02,1.123244321770e+01,4.340084739480e-03
4.654400131920e-03,6.796920645916e+01,3.103665343186e+01,8.040454614306e+04,3.022662686873e+02,1.123244678638e+01,4.335794116423e-03
4.654774186757e-03,6.796006670010e+01,3.103917959657e+01,8.049070521015e+04,3.022661668919e+02,1.123245035749e+01,4.331506886982e-03
4.655147861602e-03,6.795092649155e+01,3.104170309182e+01,8.057696492857e+04,3.022660650375e+02,1.123245393103e+01,4.327223049771e-03
4.655521156813e-03,6.794178583321e+01,3.104422391926e+01,8.066332542726e+04,3.022659631238e+02,1.123245750698e+01,4.322942603262e-03
4.655894072753e-03,6.793264472471e+01,3.104674208055e+01,8.074978683640e+04,3.022658611510e+02,1.123246108536e+01,4.318665545873e-03
4.656266609765e-03,6.792350316608e+01,3.104925757723e+01,8.083634928221e+04,3.022657591191e+02,1.123246466616e+01,4.314391876223e-03
4.656638768216e-03,6.791436115686e+01,3.105177041098e+01,8.092301289590e+04,3.022656570279e+02,1.123246824938e+01,4.310121592694e-03
4.657010548455e-03,6.790521869690e+01,3.105428058340e+01,8.100977780583e+04,3.022655548774e+02,1.123247183503e+01,4.305854693817e-03
4.657381950832e-03,6.789607578610e+01,3.105678809606e+01,8.109664414001e+04,3.022654526677e+02,1.123247542311e+01,4.301591178144e-03
4.657752975705e-03,6.788693242416e+01,3.105929295059e+01,8.118361202870e+04,3.022653503988e+02,1.123247901361e+01,4.297331044126e-03
4.658123623428e-03,6.787778861083e+01,3.106179514862e+01,8.127068160171e+04,3.022652480705e+02,1.123248260654e+01,4.293074290243e-03
4.658493894357e-03,6.786864434582e+01,3.106429469176e+01,8.135785298942e+04,3.022651456829e+02,1.123248620190e+01,4.288820914955e-03
4.658863788839e-03,6.785949962906e+01,3.106679158157e+01,8.144512632030e+04,3.022650432360e+02,1.123248979968e+01,4.284570916823e-03
4.659233307235e-03,6.785035446011e+01,3.106928581973e+01,8.153250172657e+04,3.022649407297e+02,1.123249339990e+01,4.280324294231e-03
4.659602449882e-03,6.784120883914e+01,3.107177740772e+01,8.161997933469e+04,3.022648381641e+02,1.123249700254e+01,4.276081045853e-03
4.659971217154e-03,6.783206276539e+01,3.107426634730e+01,8.170755928028e+04,3.022647355390e+02,1.123250060762e+01,4.271841169922e-03
4.660339609383e-03,6.782291623909e+01,3.107675263994e+01,8.179524168958e+04,3.022646328545e+02,1.123250421512e+01,4.267604665137e-03
4.660707626938e-03,6.781376925964e+01,3.107923628734e+01,8.188302669709e+04,3.022645301106e+02,1.123250782506e+01,4.263371529802e-03
4.661075270160e-03,6.780462182701e+01,3.108171729104e+01,8.197091443192e+04,3.022644273072e+02,1.123251143743e+01,4.259141762491e-03
4.661442539400e-03,6.779547394099e+01,3.108419565264e+01,8.205890502506e+04,3.022643244443e+02,1.123251505223e+01,4.254915361692e-03
4.661809435007e-03,6.778632560140e+01,3.108667137371e+01,8.214699860737e+04,3.022642215219e+02,1.123251866947e+01,4.250692325909e-03
4.662175957348e-03,6.777717680758e+01,3.108914445597e+01,8.223519531457e+04,3.022641185400e+02,1.123252228914e+01,4.246472653419e-03
4.662542106751e-03,6.776802755988e+01,3.109161490086e+01,8.232349527286e+04,3.022640154986e+02,1.123252591124e+01,4.242256342964e-03
4.662907883589e-03,6.775887785745e+01,3.109408271012e+01,8.241189862002e+04,3.022639123975e+02,1.123252953578e+01,4.238043392736e-03
4.663273288186e-03,6.774972770074e+01,3.109654788516e+01,8.250040548174e+04,3.022638092369e+02,1.123253316276e+01,4.233833801516e-03
4.663638320915e-03,6.774057708891e+01,3.109901042774e+01,8.258901599596e+04,3.022637060166e+02,1.123253679217e+01,4.229627567507e-03
4.664002982113e-03,6.773142602200e+01,3.110147033938e+01,8.267773029274e+04,3.022636027367e+02,1.123254042402e+01,4.225424689292e-03
4.664367272137e-03,6.772227449958e+01,3.110392762169e+01,8.276654850643e+04,3.022634993972e+02,1.123254405831e+01,4.221225165262e-03
4.664731191323e-03,6.771312252175e+01,3.110638227619e+01,8.285547076679e+04,3.022633959979e+02,1.123254769504e+01,4.217028994030e-03
4.665094740027e-03,6.770397008806e+01,3.110883430452e+01,8.294449720876e+04,3.022632925390e+02,1.123255133421e+01,4.212836173971e-03
4.665457918603e-03,6.769481719811e+01,3.111128370828e+01,8.303362796728e+04,3.022631890204e+02,1.123255497582e+01,4.208646703469e-03
4.665820727399e-03,6.768566385166e+01,3.111373048908e+01,8.312286317559e+04,3.022630854420e+02,1.123255861987e+01,4.204460580996e-03
4.666183166750e-03,6.767651004877e+01,3.111617464840e+01,8.321220296454e+04,3.022629818038e+02,1.123256226636e+01,4.200277805143e-03
4.666545237010e-03,6.766735578905e+01,3.111861618787e+01,8.330164746934e+04,3.022628781059e+02,1.123256591529e+01,4.196098374303e-03
4.666906938535e-03,6.765820107198e+01,3.112105510913e+01,8.339119682658e+04,3.022627743481e+02,1.123256956667e+01,4.191922286812e-03
4.667268271657e-03,6.764904589773e+01,3.112349141365e+01,8.348085116645e+04,3.022626705305e+02,1.123257322049e+01,4.187749541316e-03
4.667629236733e-03,6.763989026577e+01,3.112592510308e+01,8.357061062607e+04,3.022625666531e+02,1.123257687675e+01,4.183580136139e-03
4.667989834109e-03,6.763073417584e+01,3.112835617900e+01,8.366047534017e+04,3.022624627158e+02,1.123258053546e+01,4.179414069730e-03
4.668350064132e-03,6.762157762769e+01,3.113078464297e+01,8.375044544346e+04,3.022623587185e+02,1.123258419661e+01,4.175251340542e-03
4.668709927134e-03,6.761242062137e+01,3.113321049650e+01,8.384052106800e+04,3.022622546614e+02,1.123258786021e+01,4.171091947160e-03
4.669069423480e-03,6.760326315614e+01,3.113563374127e+01,8.393070235363e+04,3.022621505444e+02,1.123259152626e+01,4.166935887816e-03
4.669428553504e-03,6.759410523207e+01,3.113805437878e+01,8.402098943266e+04,3.022620463673e+02,1.123259519476e+01,4.162783161099e-03
4.669787317560e-03,6.758494684863e+01,3.114047241066e+01,8.411138244317e+04,3.022619421303e+02,1.123259886570e+01,4.158633765337e-03
4.670145715976e-03,6.757578800599e+01,3.114288783837e+01,8.420188151688e+04,3.022618378333e+02,1.123260253909e+01,4.154487699159e-03
4.670503749116e-03,6.756662870339e+01,3.114530066360e+01,8.429248679448e+04,3.022617334763e+02,1.123260621493e+01,4.150344960790e-03
4.670861417318e-03,6.755746894072e+01,3.114771088788e+01,8.438319841069e+04,3.022616290592e+02,1.123260989323e+01,4.146205548737e-03
4.671218720915e-03,6.754830871802e+01,3.115011851270e+01,8.447401649897e+04,3.022615245821e+02,1.123261357397e+01,4.142069461570e-03
4.671575660264e-03,6.753914803464e+01,3.115252353970e+01,8.456494119948e+04,3.022614200448e+02,1.123261725717e+01,4.137936697561e-03
4.671932235706e-03,6.752998689042e+01,3.115492597044e+01,8.465597264807e+04,3.022613154475e+02,1.123262094282e+01,4.133807255186e-03
4.672288447584e-03,6.752082528506e+01,3.115732580648e+01,8.474711098188e+04,3.022612107900e+02,1.123262463092e+01,4.129681132873e-03
4.672644296238e-03,6.751166321838e+01,3.115972304934e+01,8.483835633725e+04,3.022611060724e+02,1.123262832147e+01,4.125558329088e-03
4.672999782008e-03,6.750250069016e+01,3.116211770059e+01,8.492970885096e+04,3.022610012945e+02,1.123263201448e+01,4.121438842290e-03
4.673354905249e-03,6.749333769981e+01,3.116450976185e+01,8.502116866364e+04,3.022608964565e+02,1.123263570995e+01,4.117322670767e-03
4.673709666286e-03,6.748417424753e+01,3.116689923456e+01,8.511273590846e+04,3.022607915583e+02,1.123263940787e+01,4.113209813155e-03
4.674064065479e-03,6.747501033251e+01,3.116928612041e+01,8.520441072860e+04,3.022606865998e+02,1.123264310824e+01,4.109100267644e-03
4.674418103153e-03,6.746584595496e+01,3.117167042083e+01,8.529619325737e+04,3.022605815811e+02,1.123264681108e+01,4.104994032876e-03
4.674771779662e-03,6.745668111423e+01,3.117405213746e+01,8.538808363670e+04,3.022604765020e+02,1.123265051637e+01,4.100891107114e-03
4.675125095343e-03,6.744751581018e+01,3.117643127182e+01,8.548008200386e+04,3.022603713627e+02,1.123265422412e+01,4.096791488837e-03
4.675478050536e-03,6.743835004254e+01,3.117880782546e+01,8.557218849740e+04,3.022602661630e+02,1.123265793433e+01,4.092695176475e-03
4.675830645577e-03,6.742918381114e+01,3.118118179990e+01,8.566440325512e+04,3.022601609030e+02,1.123266164700e+01,4.088602168497e-03
4.676182880819e-03,6.742001711536e+01,3.118355319676e+01,8.575672641962e+04,3.022600555826e+02,1.123266536214e+01,4.084512463169e-03
4.676534756588e-03,6.741084995529e+01,3.118592201750e+01,8.584915812632e+04,3.022599502018e+02,1.123266907973e+01,4.080426059080e-03
4.676886273229e-03,6.740168233049e+01,3.118828826370e+01,8.594169851647e+04,3.022598447606e+02,1.123267279978e+01,4.076342954570e-03
4.677237431095e-03,6.739251424035e+01,3.119065193698e+01,8.603434773289e+04,3.022597392589e+02,1.123267652230e+01,4.072263147918e-03
4.677588230496e-03,6.738334568530e+01,3.119301303871e+01,8.612710590827e+04,3.022596336968e+02,1.123268024728e+01,4.068186637855e-03
4.677938671799e-03,6.737417666438e+01,3.119537157060e+01,8.621997318964e+04,3.022595280742e+02,1.123268397473e+01,4.064113422489e-03
4.678288755332e-03,6.736500717753e+01,3.119772753412e+01,8.631294971490e+04,3.022594223911e+02,1.123268770464e+01,4.060043500339e-03
4.678638481430e-03,6.735583722456e+01,3.120008093078e+01,8.640603562352e+04,3.022593166474e+02,1.123269143701e+01,4.055976869860e-03
4.678987850434e-03,6.734666680510e+01,3.120243176215e+01,8.649923105712e+04,3.022592108432e+02,1.123269517186e+01,4.051913529421e-03
4.679336862680e-03,6.733749591890e+01,3.120478002975e+01,8.659253615600e+04,3.022591049784e+02,1.123269890916e+01,4.047853477457e-03
4.679685518520e-03,6.732832456531e+01,3.120712573520e+01,8.668595106506e+04,3.022589990531e+02,1.123270264894e+01,4.043796712209e-03
4.680033818269e-03,6.731915274460e+01,3.120946887988e+01,8.677947591988e+04,3.022588930671e+02,1.123270639119e+01,4.039743232332e-03
4.680381762279e-03,6.730998045608e+01,3.121180946544e+01,8.687311086589e+04,3.022587870204e+02,1.123271013590e+01,4.035693036060e-03
4.680729350879e-03,6.730080769968e+01,3.121414749334e+01,8.696685604250e+04,3.022586809132e+02,1.123271388309e+01,4.031646121895e-03
4.681076584421e-03,6.729163447467e+01,3.121648296522e+01,8.706071159611e+04,3.022585747452e+02,1.123271763274e+01,4.027602488046e-03
4.681423463218e-03,6.728246078138e+01,3.121881588244e+01,8.715467766239e+04,3.022584685165e+02,1.123272138487e+01,4.023562133192e-03
4.681769987619e-03,6.727328661914e+01,3.122114624663e+01,8.724875438737e+04,3.022583622271e+02,1.123272513947e+01,4.019525055572e-03
4.682116157970e-03,6.726411198738e+01,3.122347405938e+01,8.734294191648e+04,3.022582558769e+02,1.123272889654e+01,4.015491253459e-03
4.682461974582e-03,6.725493688648e+01,3.122579932204e+01,8.743724038536e+04,3.022581494659e+02,1.123273265608e+01,4.011460725556e-03
4.682807437811e-03,6.724576131554e+01,3.122812203627e+01,8.753164994305e+04,3.022580429942e+02,1.123273641810e+01,4.007433469995e-03
4.683152547991e-03,6.723658527432e+01,3.123044220359e+01,8.762617073207e+04,3.022579364616e+02,1.123274018259e+01,4.003409485198e-03
4.683497305442e-03,6.722740876286e+01,3.123275982542e+01,8.772080289215e+04,3.022578298682e+02,1.123274394956e+01,3.999388769713e-03
4.683841710510e-03,6.721823178055e+01,3.123507490336e+01,8.781554657002e+04,3.022577232139e+02,1.123274771901e+01,3.995371321796e-03
4.684185763526e-03,6.720905432720e+01,3.123738743890e+01,8.791040190833e+04,3.022576164988e+02,1.123275149093e+01,3.991357139886e-03
4.684529464826e-03,6.719987640240e+01,3.123969743358e+01,8.800536905190e+04,3.022575097227e+02,1.123275526533e+01,3.987346222334e-03
4.684872814747e-03,6.719069800579e+01,3.124200488891e+01,8.810044814540e+04,3.022574028857e+02,1.123275904221e+01,3.983338567510e-03
4.685215813610e-03,6.718151913734e+01,3.124430980635e+01,8.819563933051e+04,3.022572959877e+02,1.123276282156e+01,3.979334173914e-03
4.685558461764e-03,6.717233979634e+01,3.124661218750e+01,8.829094275574e+04,3.022571890288e+02,1.123276660340e+01,3.975333039767e-03
4.685900759531e-03,6.716315998276e+01,3.124891203380e+01,8.838635856296e+04,3.022570820088e+02,1.123277038772e+01,3.971335163577e-03
4.686242707245e-03,6.715397969625e+01,3.125120934677e+01,8.848188689751e+04,3.022569749279e+02,1.123277417452e+01,3.967340543713e-03
4.686584305249e-03,6.714479893619e+01,3.125350412799e+01,8.857752790790e+04,3.022568677859e+02,1.123277796380e+01,3.963349178421e-03
4.686925553858e-03,6.713561770271e+01,3.125579637886e+01,8.867328173487e+04,3.022567605828e+02,1.123278175556e+01,3.959361066276e-03
4.687266453412e-03,6.712643599531e+01,3.125808610092e+01,8.876914852572e+04,3.022566533186e+02,1.123278554981e+01,3.955376205589e-03
4.687607004253e-03,6.711725381333e+01,3.126037329576e+01,8.886512843007e+04,3.022565459933e+02,1.123278934654e+01,3.951394594582e-03
4.687947206698e-03,6.710807115688e+01,3.126265796478e+01,8.896122158935e+04,3.022564386069e+02,1.123279314575e+01,3.947416231825e-03
4.688287061087e-03,6.709888802538e+01,3.126494010955e+01,8.905742815258e+04,3.022563311593e+02,1.123279694745e+01,3.943441115582e-03
4.688626567739e-03,6.708970441879e+01,3.126721973148e+01,8.915374826320e+04,3.022562236505e+02,1.123280075164e+01,3.939469244351e-03
4.688965726994e-03,6.708052033660e+01,3.126949683212e+01,8.925018206995e+04,3.022561160806e+02,1.123280455832e+01,3.935500616423e-03
4.689304539189e-03,6.707133577820e+01,3.127177141304e+01,8.934672972244e+04,3.022560084494e+02,1.123280836748e+01,3.931535230059e-03
4.689643004638e-03,6.706215074375e+01,3.127404347562e+01,8.944339136295e+04,3.022559007569e+02,1.123281217913e+01,3.927573083830e-03
4.689981123688e-03,6.705296523246e+01,3.127631302146e+01,8.954016714349e+04,3.022557930032e+02,1.123281599327e+01,3.923614175915e-03
4.690318896648e-03,6.704377924453e+01,3.127858005192e+01,8.963705720615e+04,3.022556851882e+02,1.123281980990e+01,3.919658504906e-03
4.690656323869e-03,6.703459277903e+01,3.128084456865e+01,8.973406170474e+04,3.022555773118e+02,1.123282362902e+01,3.915706068924e-03
4.690993405664e-03,6.702540583611e+01,3.128310657300e+01,8.983118078243e+04,3.022554693741e+02,1.123282745063e+01,3.911756866532e-03
4.691330142372e-03,6.701621841506e+01,3.128536606658e+01,8.992841459114e+04,3.022553613751e+02,1.123283127474e+01,3.907810895945e-03
4.691666534315e-03,6.700703051580e+01,3.128762305078e+01,9.002576327660e+04,3.022552533146e+02,1.123283510134e+01,3.903868155635e-03
4.692002581826e-03,6.699784213782e+01,3.128987752716e+01,9.012322698944e+04,3.022551451928e+02,1.123283893043e+01,3.899928643884e-03
4.692338285228e-03,6.698865328092e+01,3.129212949716e+01,9.022080587682e+04,3.022550370095e+02,1.123284276201e+01,3.895992359124e-03
4.692673644855e-03,6.697946394460e+01,3.129437896229e+01,9.031850008954e+04,3.022549287648e+02,1.123284659609e+01,3.892059299645e-03
4.693008661029e-03,6.697027412864e+01,3.129662592402e+01,9.041630977556e+04,3.022548204585e+02,1.123285043267e+01,3.888129463858e-03
4.693343334079e-03,6.696108383265e+01,3.129887038383e+01,9.051423508501e+04,3.022547120908e+02,1.123285427174e+01,3.884202850099e-03
4.693677664331e-03,6.695189305633e+01,3.130111234320e+01,9.061227616696e+04,3.022546036616e+02,1.123285811331e+01,3.880279456750e-03
4.694011652116e-03,6.694270179921e+01,3.130335180362e+01,9.071043317270e+04,3.022544951708e+02,1.123286195738e+01,3.876359282113e-03
4.694345297754e-03,6.693351006109e+01,3.130558876656e+01,9.080870625076e+04,3.022543866184e+02,1.123286580395e+01,3.872442324608e-03
4.694678601581e-03,6.692431784140e+01,3.130782323352e+01,9.090709555406e+04,3.022542780044e+02,1.123286965302e+01,3.868528582488e-03
4.695011563913e-03,6.691512513999e+01,3.131005520595e+01,9.100560123079e+04,3.022541693288e+02,1.123287350458e+01,3.864618054201e-03
4.695344185076e-03,6.690593195653e+01,3.131228468530e+01,9.110422343165e+04,3.022540605916e+02,1.123287735865e+01,3.860710738103e-03
4.695676465406e-03,6.689673829043e+01,3.131451167310e+01,9.120296231030e+04,3.022539517927e+02,1.123288121522e+01,3.856806632441e-03
4.696008405220e-03,6.688754414145e+01,3.131673617081e+01,9.130181801660e+04,3.022538429321e+02,1.123288507429e+01,3.852905735620e-03
4.696340004836e-03,6.687834950951e+01,3.131895817982e+01,9.140079069909e+04,3.022537340098e+02,1.123288893587e+01,3.849008046104e-03
4.696671264593e-03,6.686915439382e+01,3.132117770170e+01,9.149988051415e+04,3.022536250257e+02,1.123289279995e+01,3.845113562055e-03
4.697002184814e-03,6.685995879406e+01,3.132339473791e+01,9.159908761337e+04,3.022535159799e+02,1.123289666654e+01,3.841222281833e-03
4.697332765807e-03,6.685076271033e+01,3.132560928981e+01,9.169841214372e+04,3.022534068723e+02,1.123290053563e+01,3.837334203986e-03
4.697663007909e-03,6.684156614189e+01,3.132782135895e+01,9.179785426182e+04,3.022532977030e+02,1.123290440722e+01,3.833449326690e-03
4.697992911453e-03,6.683236908811e+01,3.133003094685e+01,9.189741412299e+04,3.022531884717e+02,1.123290828133e+01,3.829567648183e-03
4.698322476737e-03,6.682317154934e+01,3.133223805482e+01,9.199709187245e+04,3.022530791787e+02,1.123291215794e+01,3.825689167102e-03
4.698651704108e-03,6.681397352452e+01,3.133444268446e+01,9.209688767064e+04,3.022529698237e+02,1.123291603706e+01,3.821813881500e-03
4.698980593876e-03,6.680477501370e+01,3.133664483715e+01,9.219680166636e+04,3.022528604069e+02,1.123291991869e+01,3.817941789889e-03
4.699309146366e-03,6.679557601637e+01,3.133884451438e+01,9.229683401457e+04,3.022527509281e+02,1.123292380283e+01,3.814072890551e-03
4.699637361899e-03,6.678637653228e+01,3.134104171756e+01,9.239698486779e+04,3.022526413874e+02,1.123292768948e+01,3.810207181868e-03
4.699965240798e-03,6.677717656097e+01,3.134323644819e+01,9.249725438080e+04,3.022525317847e+02,1.123293157864e+01,3.806344662146e-03
4.700292783397e-03,6.676797610174e+01,3.134542870778e+01,9.259764271127e+04,3.022524221200e+02,1.123293547031e+01,3.802485329585e-03
4.700619989993e-03,6.675877515491e+01,3.134761849763e+01,9.269815000617e+04,3.022523123933e+02,1.123293936450e+01,3.798629182803e-03
4.700946860928e-03,6.674957371952e+01,3.134980581932e+01,9.279877642641e+04,3.022522026045e+02,1.123294326120e+01,3.794776219892e-03
4.701273396508e-03,6.674037179563e+01,3.135199067420e+01,9.289952212205e+04,3.022520927537e+02,1.123294716042e+01,3.790926439368e-03
4.701599597071e-03,6.673116938237e+01,3.135417306384e+01,9.300038725363e+04,3.022519828408e+02,1.123295106215e+01,3.787079839353e-03
4.701925462924e-03,6.672196647973e+01,3.135635298960e+01,9.310137197225e+04,3.022518728658e+02,1.123295496639e+01,3.783236418336e-03
4.702250994395e-03,6.671276308711e+01,3.135853045296e+01,9.320247643576e+04,3.022517628287e+02,1.123295887316e+01,3.779396174559e-03
4.702576191792e-03,6.670355920451e+01,3.136070545529e+01,9.330370079601e+04,3.022516527294e+02,1.123296278244e+01,3.775559106498e-03
4.702901055452e-03,6.669435483100e+01,3.136287799816e+01,9.340504521470e+04,3.022515425679e+02,1.123296669424e+01,3.771725212263e-03
4.703225585680e-03,6.668514996666e+01,3.136504808290e+01,9.350650984302e+04,3.022514323442e+02,1.123297060856e+01,3.767894490370e-03
4.703549782801e-03,6.667594461090e+01,3.136721571099e+01,9.360809483973e+04,3.022513220583e+02,1.123297452540e+01,3.764066939056e-03
4.703873647134e-03,6.666673876336e+01,3.136938088388e+01,9.370980036109e+04,3.022512117101e+02,1.123297844476e+01,3.760242556662e-03
4.704197179006e-03,6.665753242342e+01,3.137154360304e+01,9.381162656648e+04,3.022511012997e+02,1.123298236664e+01,3.756421341416e-03
4.704520378712e-03,6.664832559131e+01,3.137370386978e+01,9.391357360623e+04,3.022509908269e+02,1.123298629105e+01,3.752603291896e-03
4.704843246596e-03,6.663911826600e+01,3.137586168567e+01,9.401564164487e+04,3.022508802918e+02,1.123299021797e+01,3.748788406155e-03
4.705165782959e-03,6.662991044748e+01,3.137801705206e+01,9.411783083555e+04,3.022507696944e+02,1.123299414742e+01,3.744976682679e-03
4.705487988133e-03,6.662070213502e+01,3.138016997046e+01,9.422014133995e+04,3.022506590346e+02,1.123299807940e+01,3.741168119643e-03
4.705809862421e-03,6.661149332860e+01,3.138232044221e+01,9.432257331192e+04,3.022505483124e+02,1.123300201390e+01,3.737362715523e-03
4.706131406149e-03,6.660228402760e+01,3.138446846879e+01,9.442512691214e+04,3.022504375277e+02,1.123300595093e+01,3.733560468546e-03
4.706452619628e-03,6.659307423178e+01,3.138661405159e+01,9.452780229744e+04,3.022503266806e+02,1.123300989048e+01,3.729761377091e-03
4.706773503185e-03,6.658386394044e+01,3.138875719212e+01,9.463059962990e+04,3.022502157711e+02,1.123301383256e+01,3.725965439351e-03
4.707094057118e-03,6.657465315373e+01,3.139089789166e+01,9.473351906223e+04,3.022501047991e+02,1.123301777717e+01,3.722172653872e-03
4.707414281766e-03,6.656544187058e+01,3.139303615180e+01,9.483656076135e+04,3.022499937645e+02,1.123302172431e+01,3.718383018683e-03
4.707734177427e-03,6.655623009110e+01,3.139517197384e+01,9.493972488070e+04,3.022498826674e+02,1.123302567398e+01,3.714596532319e-03
4.708053744430e-03,6.654701781451e+01,3.139730535928e+01,9.504301158436e+04,3.022497715077e+02,1.123302962618e+01,3.710813192930e-03
4.708372983082e-03,6.653780504069e+01,3.139943630948e+01,9.514642102897e+04,3.022496602855e+02,1.123303358092e+01,3.707032998948e-03
4.708691893686e-03,6.652859176950e+01,3.140156482580e+01,9.524995337162e+04,3.022495490006e+02,1.123303753818e+01,3.703255948794e-03
4.709010476591e-03,6.651937799962e+01,3.140369090985e+01,9.535360878289e+04,3.022494376531e+02,1.123304149798e+01,3.699482040405e-03
4.709328732077e-03,6.651016373160e+01,3.140581456285e+01,9.545738741278e+04,3.022493262429e+02,1.123304546031e+01,3.695711272476e-03
4.709646660487e-03,6.650094896424e+01,3.140793578638e+01,9.556128943099e+04,3.022492147701e+02,1.123304942518e+01,3.691943642995e-03
4.709964262105e-03,6.649173369799e+01,3.141005458165e+01,9.566531498881e+04,3.022491032345e+02,1.123305339258e+01,3.688179150623e-03
4.710281537269e-03,6.648251793172e+01,3.141217095025e+01,9.576946425562e+04,3.022489916362e+02,1.123305736252e+01,3.684417793375e-03
4.710598486281e-03,6.647330166539e+01,3.141428489349e+01,9.587373738883e+04,3.022488799751e+02,1.123306133499e+01,3.680659569704e-03
4.710915109459e-03,6.646408489842e+01,3.141639641282e+01,9.597813455201e+04,3.022487682513e+02,1.123306531001e+01,3.676904477853e-03
4.711231407116e-03,6.645486763041e+01,3.141850550964e+01,9.608265590718e+04,3.022486564646e+02,1.123306928756e+01,3.673152516125e-03
4.711547379565e-03,6.644564986094e+01,3.142061218536e+01,9.618730161635e+04,3.022485446151e+02,1.123307326765e+01,3.669403682831e-03
4.711863027113e-03,6.643643158976e+01,3.142271644135e+01,9.629207184043e+04,3.022484327028e+02,1.123307725028e+01,3.665657976333e-03
4.712178350084e-03,6.642721281611e+01,3.142481827909e+01,9.639696674582e+04,3.022483207275e+02,1.123308123546e+01,3.661915394799e-03
4.712493348773e-03,6.641799354007e+01,3.142691769985e+01,9.650198648973e+04,3.022482086894e+02,1.123308522317e+01,3.658175936737e-03
4.712808023507e-03,6.640877376080e+01,3.142901470514e+01,9.660713124039e+04,3.022480965883e+02,1.123308921343e+01,3.654439600267e-03
4.713122374591e-03,6.639955347801e+01,3.143110929632e+01,9.671240115953e+04,3.022479844243e+02,1.123309320623e+01,3.650706383749e-03
4.713436402335e-03,6.639033269139e+01,3.143320147476e+01,9.681779640957e+04,3.022478721973e+02,1.123309720158e+01,3.646976285528e-03
4.713750107057e-03,6.638111140024e+01,3.143529124193e+01,9.692331715766e+04,3.022477599073e+02,1.123310119947e+01,3.643249303787e-03
4.714063489063e-03,6.637188960434e+01,3.143737859916e+01,9.702896356553e+04,3.022476475542e+02,1.123310519991e+01,3.639525436909e-03
4.714376548661e-03,6.636266730329e+01,3.143946354785e+01,9.713473579735e+04,3.022475351381e+02,1.123310920289e+01,3.635804683199e-03
4.714689286160e-03,6.635344449672e+01,3.144154608937e+01,9.724063401707e+04,3.022474226590e+02,1.123311320842e+01,3.632087040976e-03
4.715001701889e-03,6.634422118367e+01,3.144362622523e+01,9.734665839563e+04,3.022473101167e+02,1.123311721650e+01,3.628372508323e-03
4.715313796128e-03,6.633499736454e+01,3.144570395662e+01,9.745280908866e+04,3.022471975113e+02,1.123312122713e+01,3.624661083867e-03
4.715625569206e-03,6.632577303836e+01,3.144777928507e+01,9.755908626769e+04,3.022470848427e+02,1.123312524031e+01,3.620952765686e-03
4.715937021428e-03,6.631654820481e+01,3.144985221192e+01,9.766549009701e+04,3.022469721110e+02,1.123312925604e+01,3.617247552118e-03
4.716248153109e-03,6.630732286328e+01,3.145192273861e+01,9.777202074468e+04,3.022468593161e+02,1.123313327432e+01,3.613545441379e-03
4.716558964542e-03,6.629809701380e+01,3.145399086640e+01,9.787867837120e+04,3.022467464579e+02,1.123313729515e+01,3.609846431954e-03
4.716869456051e-03,6.628887065547e+01,3.145605659678e+01,9.798546314837e+04,3.022466335365e+02,1.123314131854e+01,3.606150521945e-03
4.717179627937e-03,6.627964378811e+01,3.145811993107e+01,9.809237523991e+04,3.022465205518e+02,1.123314534448e+01,3.602457709741e-03
4.717489480509e-03,6.627041641119e+01,3.146018087068e+01,9.819941481352e+04,3.022464075038e+02,1.123314937297e+01,3.598767993599e-03
4.717799014077e-03,6.626118852423e+01,3.146223941698e+01,9.830658203687e+04,3.022462943925e+02,1.123315340403e+01,3.595081371790e-03
4.718108228947e-03,6.625196012685e+01,3.146429557134e+01,9.841387707657e+04,3.022461812178e+02,1.123315743763e+01,3.591397842624e-03
4.718417125423e-03,6.624273121869e+01,3.146634933511e+01,9.852130009918e+04,3.022460679798e+02,1.123316147380e+01,3.587717404423e-03
4.718725703820e-03,6.623350179908e+01,3.146840070971e+01,9.862885127527e+04,3.022459546784e+02,1.123316551252e+01,3.584040055378e-03
4.719033964434e-03,6.622427186789e+01,3.147044969645e+01,9.873653076904e+04,3.022458413135e+02,1.123316955380e+01,3.580365793908e-03
4.719341907586e-03,6.621504142426e+01,3.147249629678e+01,9.884433875392e+04,3.022457278852e+02,1.123317359764e+01,3.576694618121e-03
4.719649533565e-03,6.620581046821e+01,3.147454051197e+01,9.895227539278e+04,3.022456143934e+02,1.123317764405e+01,3.573026526497e-03
4.719956842686e-03,6.619657899904e+01,3.147658234344e+01,9.906034085748e+04,3.022455008381e+02,1.123318169301e+01,3.569361517214e-03
4.720263835263e-03,6.618734701608e+01,3.147862179261e+01,9.916853531968e+04,3.022453872193e+02,1.123318574453e+01,3.565699588468e-03
4.720570511586e-03,6.617811451935e+01,3.148065886072e+01,9.927685894307e+04,3.022452735369e+02,1.123318979862e+01,3.562040738729e-03
4.720876871970e-03,6.616888150806e+01,3.148269354923e+01,9.938531190138e+04,3.022451597909e+02,1.123319385527e+01,3.558384966137e-03
4.721182916715e-03,6.615964798194e+01,3.148472585945e+01,9.949389436200e+04,3.022450459814e+02,1.123319791449e+01,3.554732269056e-03
4.721488646126e-03,6.615041394051e+01,3.148675579273e+01,9.960260649553e+04,3.022449321082e+02,1.123320197627e+01,3.551082645746e-03
4.721794060521e-03,6.614117938295e+01,3.148878335053e+01,9.971144847654e+04,3.022448181714e+02,1.123320604062e+01,3.547436094345e-03
4.722099160178e-03,6.613194430954e+01,3.149080853403e+01,9.982042046683e+04,3.022447041709e+02,1.123321010754e+01,3.543792613422e-03
4.722403945427e-03,6.612270871905e+01,3.149283134476e+01,9.992952264642e+04,3.022445901067e+02,1.123321417702e+01,3.540152200950e-03
4.722708416554e-03,6.611347261156e+01,3.149485178395e+01,1.000387551799e+05,3.022444759788e+02,1.123321824908e+01,3.536514855420e-03
4.723012573880e-03,6.610423598613e+01,3.149686985306e+01,1.001481182444e+05,3.022443617871e+02,1.123322232370e+01,3.532880574917e-03
4.723316417680e-03,6.609499884307e+01,3.149888555327e+01,1.002576120021e+05,3.022442475316e+02,1.123322640089e+01,3.529249358025e-03
4.723619948288e-03,6.608576118103e+01,3.150089888612e+01,1.003672366357e+05,3.022441332124e+02,1.123323048065e+01,3.525621202663e-03
4.723923165989e-03,6.607652300006e+01,3.150290985285e+01,1.004769923110e+05,3.022440188293e+02,1.123323456299e+01,3.521996107312e-03
4.724226071086e-03,6.606728429971e+01,3.150491845480e+01,1.005868792003e+05,3.022439043823e+02,1.123323864790e+01,3.518374070247e-03
4.724528663887e-03,6.605804507928e+01,3.150692469335e+01,1.006968974788e+05,3.022437898715e+02,1.123324273538e+01,3.514755089655e-03
4.724830944697e-03,6.604880533829e+01,3.150892856987e+01,1.008070473196e+05,3.022436752968e+02,1.123324682544e+01,3.511139163798e-03
4.725132913812e-03,6.603956507640e+01,3.151093008566e+01,1.009173288941e+05,3.022435606581e+02,1.123325091807e+01,3.507526291005e-03
4.725434571528e-03,6.603032429331e+01,3.151292924202e+01,1.010277423740e+05,3.022434459555e+02,1.123325501328e+01,3.503916469604e-03
4.725735918155e-03,6.602108298825e+01,3.151492604036e+01,1.011382879362e+05,3.022433311889e+02,1.123325911107e+01,3.500309697757e-03
4.726036953988e-03,6.601184116099e+01,3.151692048196e+01,1.012489657517e+05,3.022432163583e+02,1.123326321144e+01,3.496705973826e-03
4.726337679346e-03,6.600259881048e+01,3.151891256829e+01,1.013597760017e+05,3.022431014637e+02,1.123326731438e+01,3.493105295853e-03
4.726638094496e-03,6.599335593725e+01,3.152090230045e+01,1.014707188485e+05,3.022429865050e+02,1.123327141990e+01,3.489507662500e-03
4.726938199767e-03,6.598411253998e+01,3.152288967996e+01,1.015817944767e+05,3.022428714822e+02,1.123327552801e+01,3.485913071708e-03
4.727237995449e-03,6.597486861843e+01,3.152487470810e+01,1.016930030586e+05,3.022427563953e+02,1.123327963869e+01,3.482321521832e-03
4.727537481838e-03,6.596562417232e+01,3.152685738616e+01,1.018043447669e+05,3.022426412443e+02,1.123328375196e+01,3.478733011220e-03
4.727836659239e-03,6.595637920093e+01,3.152883771551e+01,1.019158197798e+05,3.022425260291e+02,1.123328786781e+01,3.475147538046e-03
4.728135527959e-03,6.594713370359e+01,3.153081569753e+01,1.020274282756e+05,3.022424107498e+02,1.123329198624e+01,3.471565100495e-03
4.728434088271e-03,6.593788768058e+01,3.153279133337e+01,1.021391704208e+05,3.022422954062e+02,1.123329610726e+01,3.467985697134e-03
4.728732340499e-03,6.592864113065e+01,3.153476462453e+01,1.022510464009e+05,3.022421799984e+02,1.123330023087e+01,3.464409325929e-03
4.729030284933e-03,6.591939405360e+01,3.153673557226e+01,1.023630563890e+05,3.022420645263e+02,1.123330435706e+01,3.460835985253e-03
4.729327921870e-03,6.591014644898e+01,3.153870417787e+01,1.024752005614e+05,3.022419489899e+02,1.123330848584e+01,3.457265673381e-03
4.729625251608e-03,6.590089831627e+01,3.154067044270e+01,1.025874790956e+05,3.022418333892e+02,1.123331261721e+01,3.453698388564e-03
4.729922274449e-03,6.589164965487e+01,3.154263436808e+01,1.026998921699e+05,3.022417177242e+02,1.123331675116e+01,3.450134129026e-03
4.730218990686e-03,6.588240046442e+01,3.154459595530e+01,1.028124399607e+05,3.022416019948e+02,1.123332088771e+01,3.446572893071e-03
4.730515400624e-03,6.587315074421e+01,3.154655520572e+01,1.029251226482e+05,3.022414862010e+02,1.123332502685e+01,3.443014678879e-03
4.730811504544e-03,6.586390049426e+01,3.154851212055e+01,1.030379404044e+05,3.022413703428e+02,1.123332916858e+01,3.439459484905e-03
4.731107302752e-03,6.585464971371e+01,3.155046670117e+01,1.031508934119e+05,3.022412544202e+02,1.123333331290e+01,3.435907309270e-03
4.731402795556e-03,6.584539840179e+01,3.155241894895e+01,1.032639818528e+05,3.022411384330e+02,1.123333745981e+01,3.432358150127e-03
4.731697983229e-03,6.583614655869e+01,3.155436886506e+01,1.033772058975e+05,3.022410223814e+02,1.123334160932e+01,3.428812005996e-03
4.731992866096e-03,6.582689418303e+01,3.155631645099e+01,1.034905657361e+05,3.022409062653e+02,1.123334576143e+01,3.425268874797e-03
4.732287444418e-03,6.581764127536e+01,3.155826170783e+01,1.036040615349e+05,3.022407900846e+02,1.123334991613e+01,3.421728755193e-03
4.732581718519e-03,6.580838783436e+01,3.156020463704e+01,1.037176934839e+05,3.022406738393e+02,1.123335407342e+01,3.418191645118e-03
4.732875688687e-03,6.579913385967e+01,3.156214523991e+01,1.038314617611e+05,3.022405575294e+02,1.123335823332e+01,3.414657542889e-03
4.733169355203e-03,6.578987935128e+01,3.156408351762e+01,1.039453665407e+05,3.022404411549e+02,1.123336239581e+01,3.411126446951e-03
4.733462718388e-03,6.578062430788e+01,3.156601947166e+01,1.040594080133e+05,3.022403247158e+02,1.123336656090e+01,3.407598355244e-03
4.733755778512e-03,6.577136872966e+01,3.156795310317e+01,1.041735863508e+05,3.022402082120e+02,1.123337072860e+01,3.404073266296e-03
4.734048535876e-03,6.576211261601e+01,3.156988441346e+01,1.042879017357e+05,3.022400916434e+02,1.123337489889e+01,3.400551178314e-03
4.734340990786e-03,6.575285596594e+01,3.157181340395e+01,1.044023543551e+05,3.022399750101e+02,1.123337907179e+01,3.397032089371e-03
4.734633143521e-03,6.574359877949e+01,3.157374007579e+01,1.045169443839e+05,3.022398583121e+02,1.123338324729e+01,3.393515997932e-03
4.734924994379e-03,6.573434105599e+01,3.157566443033e+01,1.046316720059e+05,3.022397415493e+02,1.123338742539e+01,3.390002902180e-03
4.735216543667e-03,6.572508279447e+01,3.157758646894e+01,1.047465374089e+05,3.022396247217e+02,1.123339160610e+01,3.386492800198e-03
4.735507791656e-03,6.571582399513e+01,3.157950619277e+01,1.048615407664e+05,3.022395078292e+02,1.123339578941e+01,3.382985690510e-03
4.735798738642e-03,6.570656465736e+01,3.158142360312e+01,1.049766822622e+05,3.022393908719e+02,1.123339997533e+01,3.379481571326e-03
4.736089384938e-03,6.569730477999e+01,3.158333870141e+01,1.050919620875e+05,3.022392738496e+02,1.123340416386e+01,3.375980440651e-03
4.736379730817e-03,6.568804436311e+01,3.158525148881e+01,1.052073804178e+05,3.022391567625e+02,1.123340835500e+01,3.372482296966e-03
4.736669776574e-03,6.567878340614e+01,3.158716196661e+01,1.053229374375e+05,3.022390396104e+02,1.123341254874e+01,3.368987138488e-03
4.736959522516e-03,6.566952190806e+01,3.158907013619e+01,1.054386333365e+05,3.022389223934e+02,1.123341674510e+01,3.365494963287e-03
4.737248968907e-03,6.566025986924e+01,3.159097599865e+01,1.055544682878e+05,3.022388051113e+02,1.123342094406e+01,3.362005769941e-03
4.737538116059e-03,6.565099728851e+01,3.159287955541e+01,1.056704424839e+05,3.022386877642e+02,1.123342514564e+01,3.358519556451e-03
4.737826964263e-03,6.564173416530e+01,3.159478080774e+01,1.057865561096e+05,3.022385703521e+02,1.123342934983e+01,3.355036321055e-03
4.738115513795e-03,6.563247049963e+01,3.159667975682e+01,1.059028093433e+05,3.022384528749e+02,1.123343355663e+01,3.351556062198e-03
4.738403764968e-03,6.562320629018e+01,3.159857640408e+01,1.060192023800e+05,3.022383353326e+02,1.123343776605e+01,3.348078777831e-03
4.738691718046e-03,6.561394153737e+01,3.160047075059e+01,1.061357353933e+05,3.022382177251e+02,1.123344197809e+01,3.344604466551e-03
4.738979373348e-03,6.560467623965e+01,3.160236279784e+01,1.062524085816e+05,3.022381000525e+02,1.123344619274e+01,3.341133126222e-03
4.739266731140e-03,6.559541039731e+01,3.160425254693e+01,1.063692221207e+05,3.022379823148e+02,1.123345041000e+01,3.337664755397e-03
4.739553791720e-03,6.558614400955e+01,3.160613999918e+01,1.064861762000e+05,3.022378645118e+02,1.123345462989e+01,3.334199352222e-03
4.739840555377e-03,6.557687707584e+01,3.160802515587e+01,1.066032710065e+05,3.022377466435e+02,1.123345885239e+01,3.330736914932e-03
4.740127022410e-03,6.556760959534e+01,3.160990801830e+01,1.067205067304e+05,3.022376287100e+02,1.123346307752e+01,3.327277441666e-03
4.740413193090e-03,6.555834156809e+01,3.161178858764e+01,1.068378835517e+05,3.022375107112e+02,1.123346730526e+01,3.323820930879e-03
4.740699067721e-03,6.554907299303e+01,3.161366686524e+01,1.069554016646e+05,3.022373926471e+02,1.123347153563e+01,3.320367380614e-03
4.740984646579e-03,6.553980387010e+01,3.161554285228e+01,1.070730612504e+05,3.022372745177e+02,1.123347576862e+01,3.316916789294e-03
4.741269929962e-03,6.553053419838e+01,3.161741655009e+01,1.071908625023e+05,3.022371563229e+02,1.123348000423e+01,3.313469155015e-03
4.741554918156e-03,6.552126397742e+01,3.161928795990e+01,1.073088056069e+05,3.022370380626e+02,1.123348424247e+01,3.310024476060e-03
4.741839611449e-03,6.551199320664e+01,3.162115708299e+01,1.074268907537e+05,3.022369197370e+02,1.123348848333e+01,3.306582750642e-03
4.742124010118e-03,6.550272188590e+01,3.162302392051e+01,1.075451181260e+05,3.022368013459e+02,1.123349272682e+01,3.303143977163e-03
4.742408114467e-03,6.549345001405e+01,3.162488847386e+01,1.076634879207e+05,3.022366828893e+02,1.123349697293e+01,3.299708153632e-03
4.742691924774e-03,6.548417759087e+01,3.162675074421e+01,1.077820003232e+05,3.022365643672e+02,1.123350122167e+01,3.296275278407e-03
4.742975441326e-03,6.547490461582e+01,3.162861073281e+01,1.079006555230e+05,3.022364457796e+02,1.123350547305e+01,3.292845349733e-03
4.743258664408e-03,6.546563108836e+01,3.163046844091e+01,1.080194537097e+05,3.022363271264e+02,1.123350972705e+01,3.289418365852e-03
4.743541594306e-03,6.545635700801e+01,3.163232386975e+01,1.081383950731e+05,3.022362084076e+02,1.123351398368e+01,3.285994325022e-03
4.743824231318e-03,6.544708237375e+01,3.163417702065e+01,1.082574798094e+05,3.022360896232e+02,1.123351824294e+01,3.282573225312e-03
4.744106575710e-03,6.543780718573e+01,3.163602789472e+01,1.083767081005e+05,3.022359707732e+02,1.123352250484e+01,3.279155065216e-03
4.744388627783e-03,6.542853144290e+01,3.163787649331e+01,1.084960801440e+05,3.022358518574e+02,1.123352676937e+01,3.275739842785e-03
4.744670387820e-03,6.541925514477e+01,3.163972281764e+01,1.086155961302e+05,3.022357328760e+02,1.123353103654e+01,3.272327556287e-03
4.744951856097e-03,6.540997829107e+01,3.164156686889e+01,1.087352562473e+05,3.022356138289e+02,1.123353530634e+01,3.268918204055e-03
4.745233032912e-03,6.540070088079e+01,3.164340864839e+01,1.088550606932e+05,3.022354947160e+02,1.123353957877e+01,3.265511784160e-03
4.745513918531e-03,6.539142291405e+01,3.164524815725e+01,1.089750096511e+05,3.022353755373e+02,1.123354385385e+01,3.262108295089e-03
4.745794513267e-03,6.538214438931e+01,3.164708539688e+01,1.090951033264e+05,3.022352562929e+02,1.123354813156e+01,3.258707734714e-03
4.746074817374e-03,6.537286530698e+01,3.164892036833e+01,1.092153418994e+05,3.022351369825e+02,1.123355241191e+01,3.255310101627e-03
4.746354831147e-03,6.536358566619e+01,3.165075307289e+01,1.093357255673e+05,3.022350176064e+02,1.123355669490e+01,3.251915393946e-03
4.746634554886e-03,6.535430546576e+01,3.165258351192e+01,1.094562545312e+05,3.022348981643e+02,1.123356098053e+01,3.248523609685e-03
4.746913988846e-03,6.534502470613e+01,3.165441168644e+01,1.095769289722e+05,3.022347786563e+02,1.123356526880e+01,3.245134747436e-03
4.747193133333e-03,6.533574338595e+01,3.165623759783e+01,1.096977490942e+05,3.022346590824e+02,1.123356955972e+01,3.241748805153e-03
4.747471988613e-03,6.532646150522e+01,3.165806124721e+01,1.098187150842e+05,3.022345394425e+02,1.123357385328e+01,3.238365781272e-03
4.747750554981e-03,6.531717906299e+01,3.165988263587e+01,1.099398271419e+05,3.022344197366e+02,1.123357814948e+01,3.234985673884e-03
4.748028832715e-03,6.530789605876e+01,3.166170176503e+01,1.100610854611e+05,3.022342999647e+02,1.123358244833e+01,3.231608481252e-03
4.748306822098e-03,6.529861249204e+01,3.166351863588e+01,1.101824902360e+05,3.022341801267e+02,1.123358674982e+01,3.228234201632e-03
4.748584523408e-03,6.528932836231e+01,3.166533324963e+01,1.103040416614e+05,3.022340602226e+02,1.123359105397e+01,3.224862833275e-03
4.748861936933e-03,6.528004366880e+01,3.166714560755e+01,1.104257399357e+05,3.022339402524e+02,1.123359536076e+01,3.221494374341e-03
4.749139062949e-03,6.527075841113e+01,3.166895571081e+01,1.105475852525e+05,3.022338202161e+02,1.123359967020e+01,3.218128823128e-03
4.749415901738e-03,6.526147258871e+01,3.167076356061e+01,1.106695778082e+05,3.022337001136e+02,1.123360398229e+01,3.214766177867e-03
4.749692453594e-03,6.525218620055e+01,3.167256915827e+01,1.107917178049e+05,3.022335799449e+02,1.123360829703e+01,3.211406436634e-03
4.749968718769e-03,6.524289924696e+01,3.167437250480e+01,1.109140054280e+05,3.022334597100e+02,1.123361261442e+01,3.208049597983e-03
4.750244697572e-03,6.523361172648e+01,3.167617360160e+01,1.110364408862e+05,3.022333394089e+02,1.123361693447e+01,3.204695659822e-03
4.750520390265e-03,6.522432363909e+01,3.167797244977e+01,1.111590243700e+05,3.022332190414e+02,1.123362125717e+01,3.201344620581e-03
4.750795797144e-03,6.521503498369e+01,3.167976905060e+01,1.112817560837e+05,3.022330986077e+02,1.123362558253e+01,3.197996478307e-03
4.751070918472e-03,6.520574576027e+01,3.168156340519e+01,1.114046362180e+05,3.022329781076e+02,1.123362991054e+01,3.194651231433e-03
4.751345754539e-03,6.519645596790e+01,3.168335551482e+01,1.115276649762e+05,3.022328575412e+02,1.123363424121e+01,3.191308878057e-03
4.751620305622e-03,6.518716560609e+01,3.168514538066e+01,1.116508425556e+05,3.022327369083e+02,1.123363857453e+01,3.187969416448e-03
4.751894571999e-03,6.517787467422e+01,3.168693300392e+01,1.117741691557e+05,3.022326162091e+02,1.123364291052e+01,3.184632844818e-03
4.752168553951e-03,6.516858317171e+01,3.168871838580e+01,1.118976449758e+05,3.022324954434e+02,1.123364724916e+01,3.181299161400e-03
4.752442251747e-03,6.515929109823e+01,3.169050152744e+01,1.120212702121e+05,3.022323746112e+02,1.123365159046e+01,3.177968364510e-03
4.752715665684e-03,6.514999845260e+01,3.169228243015e+01,1.121450450724e+05,3.022322537125e+02,1.123365593443e+01,3.174640452167e-03
4.752988796029e-03,6.514070523457e+01,3.169406109505e+01,1.122689697526e+05,3.022321327473e+02,1.123366028106e+01,3.171315422718e-03
4.753261643047e-03,6.513141144404e+01,3.169583752326e+01,1.123930444465e+05,3.022320117156e+02,1.123366463035e+01,3.167993274564e-03
4.753534207046e-03,6.512211707935e+01,3.169761171615e+01,1.125172693693e+05,3.022318906172e+02,1.123366898231e+01,3.164674005554e-03
4.753806488283e-03,6.511282214059e+01,3.169938367478e+01,1.126416447132e+05,3.022317694522e+02,1.123367333693e+01,3.161357614152e-03
4.754078487034e-03,6.510352662721e+01,3.170115340034e+01,1.127661706787e+05,3.022316482206e+02,1.123367769422e+01,3.158044098607e-03
4.754350203580e-03,6.509423053848e+01,3.170292089404e+01,1.128908474697e+05,3.022315269223e+02,1.123368205417e+01,3.154733457092e-03
4.754621638198e-03,6.508493387376e+01,3.170468615706e+01,1.130156752887e+05,3.022314055573e+02,1.123368641680e+01,3.151425687821e-03
4.754892791166e-03,6.507563663247e+01,3.170644919058e+01,1.131406543382e+05,3.022312841256e+02,1.123369078209e+01,3.148120789018e-03
4.755163662763e-03,6.506633881385e+01,3.170820999582e+01,1.132657848225e+05,3.022311626271e+02,1.123369515005e+01,3.144818758862e-03
4.755434253258e-03,6.505704041756e+01,3.170996857390e+01,1.133910669415e+05,3.022310410619e+02,1.123369952069e+01,3.141519595662e-03
4.755704562924e-03,6.504774144307e+01,3.171172492598e+01,1.135165008974e+05,3.022309194298e+02,1.123370389399e+01,3.138223297671e-03
4.755974592046e-03,6.503844188947e+01,3.171347905331e+01,1.136420868979e+05,3.022307977309e+02,1.123370826997e+01,3.134929863006e-03
4.756244340904e-03,6.502914175599e+01,3.171523095707e+01,1.137678251495e+05,3.022306759651e+02,1.123371264863e+01,3.131639289830e-03
4.756513809754e-03,6.501984104265e+01,3.171698063834e+01,1.138937158477e+05,3.022305541324e+02,1.123371702995e+01,3.128351576587e-03
4.756782998884e-03,6.501053974844e+01,3.171872809835e+01,1.140197592026e+05,3.022304322327e+02,1.123372141396e+01,3.125066721362e-03
4.757051908562e-03,6.500123787291e+01,3.172047333823e+01,1.141459554169e+05,3.022303102661e+02,1.123372580064e+01,3.121784722435e-03
4.757320539073e-03,6.499193541514e+01,3.172221635923e+01,1.142723047002e+05,3.022301882326e+02,1.123373019000e+01,3.118505577912e-03
4.757588890681e-03,6.498263237483e+01,3.172395716244e+01,1.143988072534e+05,3.022300661320e+02,1.123373458204e+01,3.115229286134e-03
4.757856963664e-03,6.497332875120e+01,3.172569574906e+01,1.145254632849e+05,3.022299439643e+02,1.123373897675e+01,3.111955845263e-03
4.758124758292e-03,6.496402454382e+01,3.172743212022e+01,1.146522729983e+05,3.022298217296e+02,1.123374337415e+01,3.108685253581e-03
4.758392274847e-03,6.495471975174e+01,3.172916627714e+01,1.147792366047e+05,3.022296994278e+02,1.123374777423e+01,3.105417509193e-03
4.758659513593e-03,6.494541437468e+01,3.173089822092e+01,1.149063543061e+05,3.022295770589e+02,1.123375217700e+01,3.102152610443e-03
4.758926474800e-03,6.493610841209e+01,3.173262795270e+01,1.150336263088e+05,3.022294546228e+02,1.123375658244e+01,3.098890555576e-03
4.759193158755e-03,6.492680186285e+01,3.173435547373e+01,1.151610528268e+05,3.022293321195e+02,1.123376099058e+01,3.095631342638e-03
4.759459565720e-03,6.491749472672e+01,3.173608078510e+01,1.152886340631e+05,3.022292095490e+02,1.123376540139e+01,3.092374969977e-03
4.759725695968e-03,6.490818700306e+01,3.173780388796e+01,1.154163702254e+05,3.022290869112e+02,1.123376981490e+01,3.089121435818e-03
4.759991549773e-03,6.489887869115e+01,3.173952478347e+01,1.155442615240e+05,3.022289642062e+02,1.123377423109e+01,3.085870738337e-03
4.760257127408e-03,6.488956979036e+01,3.174124347280e+01,1.156723081671e+05,3.022288414339e+02,1.123377864997e+01,3.082622875763e-03
4.760522429145e-03,6.488026029999e+01,3.174295995710e+01,1.158005103652e+05,3.022287185942e+02,1.123378307154e+01,3.079377846281e-03
4.760787455240e-03,6.487095021998e+01,3.174467423741e+01,1.159288683197e+05,3.022285956872e+02,1.123378749580e+01,3.076135648312e-03
4.761052205990e-03,6.486163954877e+01,3.174638631506e+01,1.160573822528e+05,3.022284727128e+02,1.123379192276e+01,3.072896279755e-03
4.761316681647e-03,6.485232828644e+01,3.174809619104e+01,1.161860523651e+05,3.022283496709e+02,1.123379635240e+01,3.069659739071e-03
4.761580882495e-03,6.484301643180e+01,3.174980386661e+01,1.163148788742e+05,3.022282265616e+02,1.123380078474e+01,3.066426024291e-03
4.761844808789e-03,6.483370398482e+01,3.175150934280e+01,1.164438619827e+05,3.022281033848e+02,1.123380521978e+01,3.063195133840e-03
4.762108460804e-03,6.482439094470e+01,3.175321262077e+01,1.165730019037e+05,3.022279801406e+02,1.123380965751e+01,3.059967065881e-03
4.762371838818e-03,6.481507731045e+01,3.175491370173e+01,1.167022988535e+05,3.022278568287e+02,1.123381409793e+01,3.056741818506e-03
4.762634943102e-03,6.480576308145e+01,3.175661258680e+01,1.168317530434e+05,3.022277334493e+02,1.123381854106e+01,3.053519389942e-03
4.762897773903e-03,6.479644825783e+01,3.175830927699e+01,1.169613646745e+05,3.022276100024e+02,1.123382298688e+01,3.050299778675e-03
4.763160331517e-03,6.478713283801e+01,3.176000377359e+01,1.170911339724e+05,3.022274864877e+02,1.123382743540e+01,3.047082982598e-03
4.763422616198e-03,6.477781682184e+01,3.176169607764e+01,1.172210611427e+05,3.022273629055e+02,1.123383188663e+01,3.043869000095e-03
4.763684628224e-03,6.476850020839e+01,3.176338619033e+01,1.173511464023e+05,3.022272392555e+02,1.123383634055e+01,3.040657829286e-03
4.763946367849e-03,6.475918299754e+01,3.176507411269e+01,1.174813899572e+05,3.022271155378e+02,1.123384079718e+01,3.037449468571e-03
4.764207835358e-03,6.474986518800e+01,3.176675984595e+01,1.176117920300e+05,3.022269917524e+02,1.123384525651e+01,3.034243915944e-03
4.764469031005e-03,6.474054677963e+01,3.176844339116e+01,1.177423528274e+05,3.022268678992e+02,1.123384971855e+01,3.031041169796e-03
4.764729955070e-03,6.473122777136e+01,3.177012474951e+01,1.178730725696e+05,3.022267439782e+02,1.123385418329e+01,3.027841228200e-03
4.764990607813e-03,6.472190816286e+01,3.177180392206e+01,1.180039514668e+05,3.022266199894e+02,1.123385865074e+01,3.024644089481e-03
4.765250989499e-03,6.471258795347e+01,3.177348090993e+01,1.181349897337e+05,3.022264959327e+02,1.123386312090e+01,3.021449751857e-03
4.765511100403e-03,6.470326714231e+01,3.177515571428e+01,1.182661875891e+05,3.022263718081e+02,1.123386759376e+01,3.018258213461e-03
4.765770940782e-03,6.469394572907e+01,3.177682833617e+01,1.183975452436e+05,3.022262476156e+02,1.123387206934e+01,3.015069472627e-03
4.766030510917e-03,6.468462371257e+01,3.177849877680e+01,1.185290629204e+05,3.022261233552e+02,1.123387654763e+01,3.011883527395e-03
4.766289811059e-03,6.467530109270e+01,3.178016703719e+01,1.186607408280e+05,3.022259990267e+02,1.123388102862e+01,3.008700376169e-03
4.766548841483e-03,6.466597786854e+01,3.178183311850e+01,1.187925791869e+05,3.022258746303e+02,1.123388551234e+01,3.005520017069e-03
4.766807602452e-03,6.465665403943e+01,3.178349702183e+01,1.189245782136e+05,3.022257501658e+02,1.123388999876e+01,3.002342448319e-03
4.767066094238e-03,6.464732960461e+01,3.178515874831e+01,1.190567381272e+05,3.022256256332e+02,1.123389448790e+01,2.999167668093e-03
4.767324317092e-03,6.463800456386e+01,3.178681829896e+01,1.191890591387e+05,3.022255010326e+02,1.123389897976e+01,2.995995674763e-03
4.767582271297e-03,6.462867891589e+01,3.178847567501e+01,1.193215414751e+05,3.022253763638e+02,1.123390347433e+01,2.992826466323e-03
4.767839957106e-03,6.461935266045e+01,3.179013087748e+01,1.194541853486e+05,3.022252516268e+02,1.123390797162e+01,2.989660041139e-03
4.768097374781e-03,6.461002579703e+01,3.179178390744e+01,1.195869909755e+05,3.022251268217e+02,1.123391247163e+01,2.986496397474e-03
4.768354524604e-03,6.460069832427e+01,3.179343476612e+01,1.197199585849e+05,3.022250019483e+02,1.123391697436e+01,2.983335533307e-03
4.768611406819e-03,6.459137024229e+01,3.179508345447e+01,1.198530883846e+05,3.022248770067e+02,1.123392147981e+01,2.980177447123e-03
4.768868021698e-03,6.458204155011e+01,3.179672997365e+01,1.199863805986e+05,3.022247519968e+02,1.123392598799e+01,2.977022137029e-03
4.769124369518e-03,6.457271224659e+01,3.179837432483e+01,1.201198354537e+05,3.022246269186e+02,1.123393049889e+01,2.973869601081e-03
4.769380450515e-03,6.456338233206e+01,3.180001650892e+01,1.202534531556e+05,3.022245017720e+02,1.123393501251e+01,2.970719837839e-03
4.769636264975e-03,6.455405180499e+01,3.180165652718e+01,1.203872339374e+05,3.022243765571e+02,1.123393952885e+01,2.967572845219e-03
4.769891813158e-03,6.454472066490e+01,3.180329438065e+01,1.205211780172e+05,3.022242512737e+02,1.123394404793e+01,2.964428621507e-03
4.770147095315e-03,6.453538891144e+01,3.180493007036e+01,1.206552856115e+05,3.022241259220e+02,1.123394856973e+01,2.961287165029e-03
4.770402111723e-03,6.452605654353e+01,3.180656359748e+01,1.207895569480e+05,3.022240005017e+02,1.123395309425e+01,2.958148473857e-03
4.770656862635e-03,6.451672356074e+01,3.180819496303e+01,1.209239922448e+05,3.022238750130e+02,1.123395762151e+01,2.955012546296e-03
4.770911348319e-03,6.450738996223e+01,3.180982416814e+01,1.210585917268e+05,3.022237494558e+02,1.123396215150e+01,2.951879380501e-03
4.771165569026e-03,6.449805574772e+01,3.181145121381e+01,1.211933556107e+05,3.022236238300e+02,1.123396668422e+01,2.948748974825e-03
4.771419525038e-03,6.448872091575e+01,3.181307610126e+01,1.213282841308e+05,3.022234981356e+02,1.123397121967e+01,2.945621327221e-03
4.771673216593e-03,6.447938546655e+01,3.181469883140e+01,1.214633774972e+05,3.022233723726e+02,1.123397575786e+01,2.942496436209e-03
4.771926643970e-03,6.447004939877e+01,3.181631940543e+01,1.215986359435e+05,3.022232465409e+02,1.123398029878e+01,2.939374299778e-03
4.772179807430e-03,6.446071271172e+01,3.181793782442e+01,1.217340596935e+05,3.022231206406e+02,1.123398484244e+01,2.936254916144e-03
4.772432707221e-03,6.445137540516e+01,3.181955408937e+01,1.218696489653e+05,3.022229946716e+02,1.123398938883e+01,2.933138283667e-03
4.772685343611e-03,6.444203747819e+01,3.182116820138e+01,1.220054039866e+05,3.022228686338e+02,1.123399393796e+01,2.930024400496e-03
4.772937716856e-03,6.443269893024e+01,3.182278016150e+01,1.221413249808e+05,3.022227425272e+02,1.123399848983e+01,2.926913264883e-03
4.773189827228e-03,6.442335976020e+01,3.182438997088e+01,1.222774121795e+05,3.022226163519e+02,1.123400304444e+01,2.923804874897e-03
4.773441674974e-03,6.441401996783e+01,3.182599763049e+01,1.224136658019e+05,3.022224901077e+02,1.123400760180e+01,2.920699228910e-03
4.773693260361e-03,6.440467955221e+01,3.182760314145e+01,1.225500860774e+05,3.022223637947e+02,1.123401216189e+01,2.917596325057e-03
4.773944583650e-03,6.439533851256e+01,3.182920650482e+01,1.226866732337e+05,3.022222374128e+02,1.123401672473e+01,2.914496161525e-03
4.774195645098e-03,6.438599684826e+01,3.183080772166e+01,1.228234274966e+05,3.022221109619e+02,1.123402129031e+01,2.911398736554e-03
4.774446444950e-03,6.437665455915e+01,3.183240679293e+01,1.229603490854e+05,3.022219844421e+02,1.123402585863e+01,2.908304048534e-03
4.774696983490e-03,6.436731164359e+01,3.183400371986e+01,1.230974382415e+05,3.022218578533e+02,1.123403042971e+01,2.905212095369e-03
4.774947260957e-03,6.435796810160e+01,3.183559850337e+01,1.232346951823e+05,3.022217311955e+02,1.123403500353e+01,2.902122875509e-03
4.775197277620e-03,6.434862393211e+01,3.183719114458e+01,1.233721201415e+05,3.022216044687e+02,1.123403958009e+01,2.899036387046e-03
4.775447033730e-03,6.433927913466e+01,3.183878164450e+01,1.235097133439e+05,3.022214776728e+02,1.123404415941e+01,2.895952628278e-03
4.775696529558e-03,6.432993370806e+01,3.184037000426e+01,1.236474750259e+05,3.022213508077e+02,1.123404874148e+01,2.892871597255e-03
4.775945765341e-03,6.432058765236e+01,3.184195622479e+01,1.237854054055e+05,3.022212238736e+02,1.123405332630e+01,2.889793292442e-03
4.776194741359e-03,6.431124096606e+01,3.184354030726e+01,1.239235047242e+05,3.022210968702e+02,1.123405791387e+01,2.886717711791e-03
4.776443457845e-03,6.430189364931e+01,3.184512225258e+01,1.240617731995e+05,3.022209697977e+02,1.123406250420e+01,2.883644853796e-03
4.776691915081e-03,6.429254570045e+01,3.184670206195e+01,1.242002110756e+05,3.022208426559e+02,1.123406709728e+01,2.880574716361e-03
4.776940113303e-03,6.428319711960e+01,3.184827973628e+01,1.243388185712e+05,3.022207154449e+02,1.123407169312e+01,2.877507297973e-03
4.777188052785e-03,6.427384790534e+01,3.184985527671e+01,1.244775959278e+05,3.022205881645e+02,1.123407629172e+01,2.874442596611e-03
4.777435733768e-03,6.426449805760e+01,3.185142868419e+01,1.246165433675e+05,3.022204608149e+02,1.123408089307e+01,2.871380610701e-03
4.777683156512e-03,6.425514757547e+01,3.185299995977e+01,1.247556611250e+05,3.022203333959e+02,1.123408549718e+01,2.868321338391e-03
4.777930321289e-03,6.424579645762e+01,3.185456910461e+01,1.248949494414e+05,3.022202059074e+02,1.123409010406e+01,2.865264777699e-03
4.778177228324e-03,6.423644470448e+01,3.185613611954e+01,1.250344085325e+05,3.022200783496e+02,1.123409471369e+01,2.862210927212e-03
4.778423877902e-03,6.422709231427e+01,3.185770100576e+01,1.251740386470e+05,3.022199507223e+02,1.123409932609e+01,2.859159784793e-03
4.778670270271e-03,6.421773928650e+01,3.185926376428e+01,1.253138400147e+05,3.022198230255e+02,1.123410394125e+01,2.856111348737e-03
4.778916405666e-03,6.420838562121e+01,3.186082439599e+01,1.254538128580e+05,3.022196952593e+02,1.123410855918e+01,2.853065617501e-03
4.779162284361e-03,6.419903131695e+01,3.186238290205e+01,1.255939574217e+05,3.022195674234e+02,1.123411317987e+01,2.850022589064e-03
4.779407906611e-03,6.418967637298e+01,3.186393928347e+01,1.257342739405e+05,3.022194395180e+02,1.123411780333e+01,2.846982261637e-03
4.779653272670e-03,6.418032078857e+01,3.186549354128e+01,1.258747626493e+05,3.022193115430e+02,1.123412242955e+01,2.843944633431e-03
4.779898382777e-03,6.417096456360e+01,3.186704567640e+01,1.260154237740e+05,3.022191834983e+02,1.123412705855e+01,2.840909702858e-03
4.780143237202e-03,6.416160769666e+01,3.186859568997e+01,1.261562575605e+05,3.022190553840e+02,1.123413169031e+01,2.837877467908e-03
4.780387836191e-03,6.415225018738e+01,3.187014358295e+01,1.262972642392e+05,3.022189271999e+02,1.123413632485e+01,2.834847926914e-03
4.780632180001e-03,6.414289203489e+01,3.187168935637e+01,1.264384440484e+05,3.022187989462e+02,1.123414096216e+01,2.831821078046e-03
4.780876268889e-03,6.413353323824e+01,3.187323301128e+01,1.265797972281e+05,3.022186706226e+02,1.123414560224e+01,2.828796919445e-03
4.781120103090e-03,6.412417379745e+01,3.187477454857e+01,1.267213240039e+05,3.022185422293e+02,1.123415024510e+01,2.825775449570e-03
4.781363682879e-03,6.411481371091e+01,3.187631396940e+01,1.268630246264e+05,3.022184137661e+02,1.123415489073e+01,2.822756666354e-03
4.781607008507e-03,6.410545297792e+01,3.187785127478e+01,1.270048993328e+05,3.022182852330e+02,1.123415953915e+01,2.819740568020e-03
4.781850080201e-03,6.409609159877e+01,3.187938646553e+01,1.271469483456e+05,3.022181566301e+02,1.123416419033e+01,2.816727153115e-03
4.782092898239e-03,6.408672957167e+01,3.188091954284e+01,1.272891719191e+05,3.022180279572e+02,1.123416884430e+01,2.813716419520e-03
4.782335462870e-03,6.407736689602e+01,3.188245050769e+01,1.274315702903e+05,3.022178992144e+02,1.123417350105e+01,2.810708365485e-03
4.782577774328e-03,6.406800357173e+01,3.188397936098e+01,1.275741436883e+05,3.022177704015e+02,1.123417816058e+01,2.807702989444e-03
4.782819832885e-03,6.405863959726e+01,3.188550610383e+01,1.277168923650e+05,3.022176415187e+02,1.123418282289e+01,2.804700289349e-03
4.783061638776e-03,6.404927497253e+01,3.188703073714e+01,1.278598165502e+05,3.022175125658e+02,1.123418748798e+01,2.801700263629e-03
4.783303192273e-03,6.403990969593e+01,3.188855326205e+01,1.280029164975e+05,3.022173835428e+02,1.123419215586e+01,2.798702910221e-03
4.783544493599e-03,6.403054376780e+01,3.189007367937e+01,1.281461924309e+05,3.022172544496e+02,1.123419682653e+01,2.795708227693e-03
4.783785543028e-03,6.402117718650e+01,3.189159199025e+01,1.282896446053e+05,3.022171252863e+02,1.123420149998e+01,2.792716213971e-03
4.784026340797e-03,6.401180995181e+01,3.189310819558e+01,1.284332732540e+05,3.022169960529e+02,1.123420617622e+01,2.789726867439e-03
4.784266887161e-03,6.400244206273e+01,3.189462229640e+01,1.285770786227e+05,3.022168667492e+02,1.123421085525e+01,2.786740186234e-03
4.784507182375e-03,6.399307351836e+01,3.189613429373e+01,1.287210609561e+05,3.022167373753e+02,1.123421553707e+01,2.783756168521e-03
4.784747226672e-03,6.398370431855e+01,3.189764418845e+01,1.288652204874e+05,3.022166079310e+02,1.123422022168e+01,2.780774812712e-03
4.784987020319e-03,6.397433446186e+01,3.189915198166e+01,1.290095574701e+05,3.022164784165e+02,1.123422490909e+01,2.777796116805e-03
4.785226563556e-03,6.396496394791e+01,3.190065767427e+01,1.291540721420e+05,3.022163488316e+02,1.123422959929e+01,2.774820079129e-03
4.785465856635e-03,6.395559277586e+01,3.190216126729e+01,1.292987647481e+05,3.022162191764e+02,1.123423429228e+01,2.771846697879e-03
4.785704899806e-03,6.394622094482e+01,3.190366276172e+01,1.294436355346e+05,3.022160894507e+02,1.123423898807e+01,2.768875971226e-03
4.785943693307e-03,6.393684845450e+01,3.190516215846e+01,1.295886847387e+05,3.022159596546e+02,1.123424368665e+01,2.765907897538e-03
4.786182237413e-03,6.392747530305e+01,3.190665945866e+01,1.297339126223e+05,3.022158297879e+02,1.123424838804e+01,2.762942474685e-03
4.786420532336e-03,6.391810149116e+01,3.190815466306e+01,1.298793194081e+05,3.022156998508e+02,1.123425309222e+01,2.759979701343e-03
4.786658578346e-03,6.390872701719e+01,3.190964777277e+01,1.300249053555e+05,3.022155698432e+02,1.123425779920e+01,2.757019575450e-03
4.786896375693e-03,6.389935188024e+01,3.191113878879e+01,1.301706707126e+05,3.022154397649e+02,1.123426250899e+01,2.754062095182e-03
4.787133924619e-03,6.388997607977e+01,3.191262771205e+01,1.303166157225e+05,3.022153096161e+02,1.123426722158e+01,2.751107258827e-03
4.787371225354e-03,6.388059961573e+01,3.191411454341e+01,1.304627406209e+05,3.022151793966e+02,1.123427193697e+01,2.748155064824e-03
4.787608278181e-03,6.387122248585e+01,3.191559928407e+01,1.306090456784e+05,3.022150491064e+02,1.123427665517e+01,2.745205510922e-03
4.787845083312e-03,6.386184469082e+01,3.191708193475e+01,1.307555311200e+05,3.022149187456e+02,1.123428137617e+01,2.742258595794e-03
4.788081641026e-03,6.385246622853e+01,3.191856249664e+01,1.309021972143e+05,3.022147883139e+02,1.123428609998e+01,2.739314317241e-03
4.788317951536e-03,6.384308709951e+01,3.192004097049e+01,1.310490441897e+05,3.022146578115e+02,1.123429082660e+01,2.736372673886e-03
4.788554015105e-03,6.383370730234e+01,3.192151735736e+01,1.311960723049e+05,3.022145272383e+02,1.123429555603e+01,2.733433663746e-03
4.788789831986e-03,6.382432683595e+01,3.192299165826e+01,1.313432818140e+05,3.022143965943e+02,1.123430028827e+01,2.730497284944e-03
4.789025402413e-03,6.381494570003e+01,3.192446387406e+01,1.314906729593e+05,3.022142658794e+02,1.123430502332e+01,2.727563535843e-03
4.789260726632e-03,6.380556389377e+01,3.192593400572e+01,1.316382459909e+05,3.022141350936e+02,1.123430976119e+01,2.724632414657e-03
4.789495804890e-03,6.379618141634e+01,3.192740205421e+01,1.317860011605e+05,3.022140042368e+02,1.123431450187e+01,2.721703919582e-03
4.789730637439e-03,6.378679826666e+01,3.192886802051e+01,1.319339387233e+05,3.022138733091e+02,1.123431924536e+01,2.718778048746e-03
4.789965224518e-03,6.377741444414e+01,3.193033190555e+01,1.320820589275e+05,3.022137423103e+02,1.123432399167e+01,2.715854800428e-03
4.790199566374e-03,6.376802994796e+01,3.193179371029e+01,1.322303620255e+05,3.022136112406e+02,1.123432874080e+01,2.712934172833e-03
4.790433663239e-03,6.375864477777e+01,3.193325343559e+01,1.323788482620e+05,3.022134800997e+02,1.123433349275e+01,2.710016164320e-03
4.790667515378e-03,6.374925893199e+01,3.193471108252e+01,1.325275179024e+05,3.022133488877e+02,1.123433824752e+01,2.707100772853e-03
4.790901123008e-03,6.373987241086e+01,3.193616665187e+01,1.326763711831e+05,3.022132176046e+02,1.123434300511e+01,2.704187996975e-03
4.791134486409e-03,6.373048521217e+01,3.193762014479e+01,1.328254083797e+05,3.022130862504e+02,1.123434776553e+01,2.701277834465e-03
4.791367605790e-03,6.372109733651e+01,3.193907156201e+01,1.329746297240e+05,3.022129548249e+02,1.123435252876e+01,2.698370283969e-03
4.791600481418e-03,6.371170878215e+01,3.194052090461e+01,1.331240354849e+05,3.022128233282e+02,1.123435729482e+01,2.695465343415e-03
4.791833113524e-03,6.370231954870e+01,3.194196817346e+01,1.332736259103e+05,3.022126917602e+02,1.123436206371e+01,2.692563011152e-03
4.792065502344e-03,6.369292963569e+01,3.194341336944e+01,1.334234012501e+05,3.022125601209e+02,1.123436683543e+01,2.689663285493e-03
4.792297648148e-03,6.368353904122e+01,3.194485649365e+01,1.335733617768e+05,3.022124284102e+02,1.123437160997e+01,2.686766164323e-03
4.792529551142e-03,6.367414776595e+01,3.194629754680e+01,1.337235077228e+05,3.022122966282e+02,1.123437638734e+01,2.683871646313e-03
4.792761211602e-03,6.366475580773e+01,3.194773653002e+01,1.338738393660e+05,3.022121647748e+02,1.123438116755e+01,2.680979729260e-03
4.792992629742e-03,6.365536316683e+01,3.194917344407e+01,1.340243569456e+05,3.022120328499e+02,1.123438595058e+01,2.678090411720e-03
4.793223805822e-03,6.364596984176e+01,3.195060828999e+01,1.341750607294e+05,3.022119008535e+02,1.123439073645e+01,2.675203691697e-03
4.793454740084e-03,6.363657583169e+01,3.195204106869e+01,1.343259509752e+05,3.022117687857e+02,1.123439552515e+01,2.672319567408e-03
4.793685432755e-03,6.362718113638e+01,3.195347178101e+01,1.344770279315e+05,3.022116366463e+02,1.123440031669e+01,2.669438037245e-03
4.793915884082e-03,6.361778575479e+01,3.195490042790e+01,1.346282918601e+05,3.022115044353e+02,1.123440511107e+01,2.666559099360e-03
4.794146094321e-03,6.360838968547e+01,3.195632701038e+01,1.347797430300e+05,3.022113721527e+02,1.123440990828e+01,2.663682751775e-03
4.794376063693e-03,6.359899292840e+01,3.195775152925e+01,1.349313816874e+05,3.022112397985e+02,1.123441470833e+01,2.660808992953e-03
4.794605792441e-03,6.358959548271e+01,3.195917398541e+01,1.350832080923e+05,3.022111073725e+02,1.123441951123e+01,2.657937821102e-03
4.794835280816e-03,6.358019734716e+01,3.196059437986e+01,1.352352225118e+05,3.022109748749e+02,1.123442431696e+01,2.655069234305e-03
4.795064529053e-03,6.357079852107e+01,3.196201271347e+01,1.353874252035e+05,3.022108423055e+02,1.123442912554e+01,2.652203230833e-03
4.795293537384e-03,6.356139900395e+01,3.196342898711e+01,1.355398164230e+05,3.022107096643e+02,1.123443393696e+01,2.649339809002e-03
4.795522306055e-03,6.355199879477e+01,3.196484320171e+01,1.356923964345e+05,3.022105769514e+02,1.123443875122e+01,2.646478966973e-03
4.795750835317e-03,6.354259789222e+01,3.196625535826e+01,1.358451655077e+05,3.022104441665e+02,1.123444356834e+01,2.643620702813e-03
4.795979125389e-03,6.353319629625e+01,3.196766545753e+01,1.359981238916e+05,3.022103113098e+02,1.123444838830e+01,2.640765014987e-03
4.796207176512e-03,6.352379400599e+01,3.196907350043e+01,1.361512718496e+05,3.022101783812e+02,1.123445321110e+01,2.637911901695e-03
4.796434988949e-03,6.351439101966e+01,3.197047948802e+01,1.363046096596e+05,3.022100453806e+02,1.123445803676e+01,2.635061360876e-03
4.796662562907e-03,6.350498733766e+01,3.197188342099e+01,1.364581375651e+05,3.022099123080e+02,1.123446286527e+01,2.632213391119e-03
4.796889898646e-03,6.349558295831e+01,3.197328530037e+01,1.366118558432e+05,3.022097791634e+02,1.123446769663e+01,2.629367990394e-03
4.797116996386e-03,6.348617788148e+01,3.197468512696e+01,1.367657647466e+05,3.022096459467e+02,1.123447253085e+01,2.626525157132e-03
4.797343856392e-03,6.347677210527e+01,3.197608290180e+01,1.369198645574e+05,3.022095126579e+02,1.123447736792e+01,2.623684889232e-03
4.797570478869e-03,6.346736563021e+01,3.197747862558e+01,1.370741555179e+05,3.022093792971e+02,1.123448220785e+01,2.620847185332e-03
4.797796864073e-03,6.345795845464e+01,3.197887229930e+01,1.372286379068e+05,3.022092458640e+02,1.123448705063e+01,2.618012043407e-03
4.798023012250e-03,6.344855057740e+01,3.198026392391e+01,1.373833119953e+05,3.022091123588e+02,1.123449189627e+01,2.615179461579e-03
4.798248923617e-03,6.343914199847e+01,3.198165350017e+01,1.375381780361e+05,3.022089787813e+02,1.123449674478e+01,2.612349438321e-03
4.798474598423e-03,6.342973271652e+01,3.198304102903e+01,1.376932363037e+05,3.022088451315e+02,1.123450159614e+01,2.609521971706e-03
4.798700036895e-03,6.342032273107e+01,3.198442651132e+01,1.378484870593e+05,3.022087114095e+02,1.123450645036e+01,2.606697060070e-03
4.798925239284e-03,6.341091204071e+01,3.198580994800e+01,1.380039305794e+05,3.022085776151e+02,1.123451130745e+01,2.603874701467e-03
4.799150205813e-03,6.340150064516e+01,3.198719133987e+01,1.381595671229e+05,3.022084437484e+02,1.123451616740e+01,2.601054894288e-03
4.799374936725e-03,6.339208854325e+01,3.198857068785e+01,1.383153969630e+05,3.022083098092e+02,1.123452103022e+01,2.598237636665e-03
4.799599432245e-03,6.338267573461e+01,3.198994799274e+01,1.384714203609e+05,3.022081757976e+02,1.123452589591e+01,2.595422926958e-03
4.799823692635e-03,6.337326221724e+01,3.199132325559e+01,1.386276376047e+05,3.022080417135e+02,1.123453076446e+01,2.592610763055e-03
4.800047718097e-03,6.336384799169e+01,3.199269647705e+01,1.387840489405e+05,3.022079075570e+02,1.123453563589e+01,2.589801143599e-03
4.800271508882e-03,6.335443305652e+01,3.199406765809e+01,1.389406546486e+05,3.022077733278e+02,1.123454051018e+01,2.586994066635e-03
4.800495065237e-03,6.334501741029e+01,3.199543679965e+01,1.390974550086e+05,3.022076390261e+02,1.123454538735e+01,2.584189530220e-03
4.800718387367e-03,6.333560105345e+01,3.199680390240e+01,1.392544502701e+05,3.022075046518e+02,1.123455026739e+01,2.581387532966e-03
4.800941475539e-03,6.332618398372e+01,3.199816896743e+01,1.394116407281e+05,3.022073702048e+02,1.123455515030e+01,2.578588072674e-03
4.801164329964e-03,6.331676620129e+01,3.199953199544e+01,1.395690266367e+05,3.022072356852e+02,1.123456003609e+01,2.575791147884e-03
4.801386950885e-03,6.330734770488e+01,3.200089298734e+01,1.397266082753e+05,3.022071010928e+02,1.123456492476e+01,2.572996756698e-03
4.801609338533e-03,6.329792849378e+01,3.200225194398e+01,1.398843859139e+05,3.022069664277e+02,1.123456981631e+01,2.570204897385e-03
4.801831493149e-03,6.328850856678e+01,3.200360886625e+01,1.400423598314e+05,3.022068316897e+02,1.123457471073e+01,2.567415568074e-03
4.802053414958e-03,6.327908792338e+01,3.200496375497e+01,1.402005302954e+05,3.022066968790e+02,1.123457960804e+01,2.564628767095e-03
4.802275104193e-03,6.326966656279e+01,3.200631661096e+01,1.403588975783e+05,3.022065619954e+02,1.123458450823e+01,2.561844492704e-03
4.802496561096e-03,6.326024448366e+01,3.200766743516e+01,1.405174619628e+05,3.022064270388e+02,1.123458941130e+01,2.559062742982e-03
4.802717785883e-03,6.325082168595e+01,3.200901622828e+01,1.406762237098e+05,3.022062920094e+02,1.123459431725e+01,2.556283516402e-03
4.802938778818e-03,6.324139816735e+01,3.201036299139e+01,1.408351831189e+05,3.022061569069e+02,1.123459922609e+01,2.553506810768e-03
4.803159540090e-03,6.323197392893e+01,3.201170772504e+01,1.409943404331e+05,3.022060217315e+02,1.123460413782e+01,2.550732624883e-03
4.803380069964e-03,6.322254896834e+01,3.201305043030e+01,1.411536959533e+05,3.022058864830e+02,1.123460905244e+01,2.547960956540e-03
4.803600368671e-03,6.321312328482e+01,3.201439110798e+01,1.413132499545e+05,3.022057511615e+02,1.123461396995e+01,2.545191804002e-03
4.803820436417e-03,6.320369687856e+01,3.201572975877e+01,1.414730026956e+05,3.022056157668e+02,1.123461889034e+01,2.542425165810e-03
4.804040273468e-03,6.319426974720e+01,3.201706638373e+01,1.416329544793e+05,3.022054802990e+02,1.123462381363e+01,2.539661039761e-03
4.804259880023e-03,6.318484189124e+01,3.201840098348e+01,1.417931055600e+05,3.022053447580e+02,1.123462873982e+01,2.536899424491e-03
4.804479256337e-03,6.317541330883e+01,3.201973355901e+01,1.419534562328e+05,3.022052091438e+02,1.123463366889e+01,2.534140317943e-03
4.804698402620e-03,6.316598399994e+01,3.202106411101e+01,1.421140067622e+05,3.022050734563e+02,1.123463860087e+01,2.531383718597e-03
4.804917319125e-03,6.315655396275e+01,3.202239264046e+01,1.422747574431e+05,3.022049376956e+02,1.123464353574e+01,2.528629624414e-03
4.805136006072e-03,6.314712319683e+01,3.202371914812e+01,1.424357085480e+05,3.022048018615e+02,1.123464847351e+01,2.525878033754e-03
4.805354463689e-03,6.313769170138e+01,3.202504363480e+01,1.425968603551e+05,3.022046659540e+02,1.123465341418e+01,2.523128944880e-03
4.805572692201e-03,6.312825947577e+01,3.202636610129e+01,1.427582131412e+05,3.022045299731e+02,1.123465835775e+01,2.520382356091e-03
4.805790691861e-03,6.311882651806e+01,3.202768654856e+01,1.429197672053e+05,3.022043939188e+02,1.123466330422e+01,2.517638265317e-03
4.806008462866e-03,6.310939282881e+01,3.202900497722e+01,1.430815228038e+05,3.022042577911e+02,1.123466825360e+01,2.514896671216e-03
4.806226005472e-03,6.309995840598e+01,3.203032138825e+01,1.432434802389e+05,3.022041215898e+02,1.123467320588e+01,2.512157571682e-03
4.806443319896e-03,6.309052324919e+01,3.203163578241e+01,1.434056397841e+05,3.022039853150e+02,1.123467816106e+01,2.509420965100e-03
4.806660406372e-03,6.308108735731e+01,3.203294816053e+01,1.435680017265e+05,3.022038489665e+02,1.123468311916e+01,2.506686849634e-03
4.806877265124e-03,6.307165072971e+01,3.203425852339e+01,1.437305663447e+05,3.022037125445e+02,1.123468808016e+01,2.503955223598e-03
4.807093896380e-03,6.306221336551e+01,3.203556687181e+01,1.438933339226e+05,3.022035760488e+02,1.123469304408e+01,2.501226085229e-03
4.807310300375e-03,6.305277526352e+01,3.203687320662e+01,1.440563047493e+05,3.022034394795e+02,1.123469801090e+01,2.498499432678e-03
4.807526477333e-03,6.304333642300e+01,3.203817752862e+01,1.442194791071e+05,3.022033028363e+02,1.123470298064e+01,2.495775264226e-03
4.807742427485e-03,6.303389684294e+01,3.203947983862e+01,1.443828572829e+05,3.022031661195e+02,1.123470795329e+01,2.493053578078e-03
4.807958151055e-03,6.302445652259e+01,3.204078013741e+01,1.445464395598e+05,3.022030293288e+02,1.123471292886e+01,2.490334372516e-03
4.808173648264e-03,6.301501546135e+01,3.204207842575e+01,1.447102262189e+05,3.022028924643e+02,1.123471790734e+01,2.487617645859e-03
4.808388919362e-03,6.300557365732e+01,3.204337470457e+01,1.448742175639e+05,3.022027555259e+02,1.123472288874e+01,2.484903396059e-03
4.808603964547e-03,6.299613111085e+01,3.204466897450e+01,1.450384138603e+05,3.022026185136e+02,1.123472787307e+01,2.482191621716e-03
4.808818784078e-03,6.298668781964e+01,3.204596123652e+01,1.452028154196e+05,3.022024814274e+02,1.123473286031e+01,2.479482320668e-03
4.809033378142e-03,6.297724378458e+01,3.204725149118e+01,1.453674224989e+05,3.022023442671e+02,1.123473785047e+01,2.476775491664e-03
4.809247747005e-03,6.296779900295e+01,3.204853973952e+01,1.455322354178e+05,3.022022070329e+02,1.123474284356e+01,2.474071132429e-03
4.809461890871e-03,6.295835347482e+01,3.204982598220e+01,1.456972544483e+05,3.022020697246e+02,1.123474783957e+01,2.471369241484e-03
4.809675809968e-03,6.294890719925e+01,3.205111022001e+01,1.458624798806e+05,3.022019323422e+02,1.123475283850e+01,2.468669817052e-03
4.809889504528e-03,6.293946017500e+01,3.205239245377e+01,1.460279120098e+05,3.022017948856e+02,1.123475784037e+01,2.465972857289e-03
4.810102974774e-03,6.293001240130e+01,3.205367268426e+01,1.461935511240e+05,3.022016573549e+02,1.123476284516e+01,2.463278360470e-03
4.810316220929e-03,6.292056387735e+01,3.205495091224e+01,1.463593975121e+05,3.022015197500e+02,1.123476785288e+01,2.460586324870e-03
4.810529243230e-03,6.291111460173e+01,3.205622713855e+01,1.465254514740e+05,3.022013820708e+02,1.123477286354e+01,2.457896748589e-03
4.810742041879e-03,6.290166457449e+01,3.205750136385e+01,1.466917132846e+05,3.022012443174e+02,1.123477787712e+01,2.455209630142e-03
4.810954617129e-03,6.289221379349e+01,3.205877358907e+01,1.468581832577e+05,3.022011064896e+02,1.123478289364e+01,2.452524967422e-03
4.811166969177e-03,6.288276225904e+01,3.206004381483e+01,1.470248616640e+05,3.022009685875e+02,1.123478791310e+01,2.449842759025e-03
4.811379098270e-03,6.287330996921e+01,3.206131204203e+01,1.471917488147e+05,3.022008306110e+02,1.123479293549e+01,2.447163002905e-03
4.811591004616e-03,6.286385692376e+01,3.206257827135e+01,1.473588449913e+05,3.022006925600e+02,1.123479796081e+01,2.444485697500e-03
4.811802688458e-03,6.285440312100e+01,3.206384250366e+01,1.475261505016e+05,3.022005544346e+02,1.123480298908e+01,2.441810840836e-03
4.812014149997e-03,6.284494856094e+01,3.206510473960e+01,1.476936656234e+05,3.022004162347e+02,1.123480802029e+01,2.439138431423e-03
4.812225389476e-03,6.283549324178e+01,3.206636498005e+01,1.478613906674e+05,3.022002779602e+02,1.123481305444e+01,2.436468467260e-03
4.812436407095e-03,6.282603716372e+01,3.206762322564e+01,1.480293259094e+05,3.022001396112e+02,1.123481809153e+01,2.433800946904e-03
4.812647203111e-03,6.281658032425e+01,3.206887947731e+01,1.481974716731e+05,3.022000011875e+02,1.123482313157e+01,2.431135868161e-03
4.812857777722e-03,6.280712272354e+01,3.207013373570e+01,1.483658282356e+05,3.021998626892e+02,1.123482817455e+01,2.428473229586e-03
4.813068131159e-03,6.279766436037e+01,3.207138600159e+01,1.485343958992e+05,3.021997241162e+02,1.123483322048e+01,2.425813029342e-03
4.813278263639e-03,6.278820523396e+01,3.207263627573e+01,1.487031749585e+05,3.021995854684e+02,1.123483826936e+01,2.423155265719e-03
4.813488175395e-03,6.277874534295e+01,3.207388455890e+01,1.488721657191e+05,3.021994467459e+02,1.123484332119e+01,2.420499936846e-03
4.813697866639e-03,6.276928468683e+01,3.207513085183e+01,1.490413684718e+05,3.021993079486e+02,1.123484837597e+01,2.417847041090e-03
4.813907337591e-03,6.275982326474e+01,3.207637515523e+01,1.492107835142e+05,3.021991690764e+02,1.123485343370e+01,2.415196576722e-03
4.814116588491e-03,6.275036107493e+01,3.207761746997e+01,1.493804111602e+05,3.021990301293e+02,1.123485849439e+01,2.412548541761e-03
4.814325619537e-03,6.274089811757e+01,3.207885779664e+01,1.495502516899e+05,3.021988911074e+02,1.123486355803e+01,2.409902934767e-03
4.814534430972e-03,6.273143439065e+01,3.208009613613e+01,1.497203054231e+05,3.021987520104e+02,1.123486862463e+01,2.407259753688e-03
4.814743022995e-03,6.272196989427e+01,3.208133248905e+01,1.498905726415e+05,3.021986128385e+02,1.123487369418e+01,2.404618997070e-03
4.814951395857e-03,6.271250462611e+01,3.208256685630e+01,1.500610536715e+05,3.021984735915e+02,1.123487876670e+01,2.401980662779e-03
4.815159549743e-03,6.270303858687e+01,3.208379923842e+01,1.502317487855e+05,3.021983342695e+02,1.123488384217e+01,2.399344749517e-03
4.815367484908e-03,6.269357177401e+01,3.208502963635e+01,1.504026583142e+05,3.021981948723e+02,1.123488892061e+01,2.396711255101e-03
4.815575201539e-03,6.268410418805e+01,3.208625805062e+01,1.505737825345e+05,3.021980554000e+02,1.123489400201e+01,2.394080178184e-03
4.815782699881e-03,6.267463582697e+01,3.208748448212e+01,1.507451217686e+05,3.021979158525e+02,1.123489908638e+01,2.391451516725e-03
4.815989980159e-03,6.266516668953e+01,3.208870893160e+01,1.509166763259e+05,3.021977762297e+02,1.123490417371e+01,2.388825268893e-03
4.816197042558e-03,6.265569677638e+01,3.208993139959e+01,1.510884464815e+05,3.021976365317e+02,1.123490926401e+01,2.386201433389e-03
4.816403887335e-03,6.264622608488e+01,3.209115188704e+01,1.512604325713e+05,3.021974967584e+02,1.123491435728e+01,2.383580007993e-03
4.816610514684e-03,6.263675461518e+01,3.209237039451e+01,1.514326348800e+05,3.021973569098e+02,1.123491945352e+01,2.380960991272e-03
4.816816924841e-03,6.262728236557e+01,3.209358692283e+01,1.516050537276e+05,3.021972169858e+02,1.123492455273e+01,2.378344381266e-03
4.817023118019e-03,6.261780933536e+01,3.209480147269e+01,1.517776894154e+05,3.021970769863e+02,1.123492965491e+01,2.375730176306e-03
4.817229094438e-03,6.260833552351e+01,3.209601404481e+01,1.519505422518e+05,3.021969369114e+02,1.123493476007e+01,2.373118374624e-03
4.817434854304e-03,6.259886092960e+01,3.209722463985e+01,1.521236125343e+05,3.021967967610e+02,1.123493986821e+01,2.370508974626e-03
4.817640397858e-03,6.258938555170e+01,3.209843325863e+01,1.522969005884e+05,3.021966565351e+02,1.123494497932e+01,2.367901974300e-03
4.817845725298e-03,6.257990938972e+01,3.209963990176e+01,1.524704067065e+05,3.021965162336e+02,1.123495009341e+01,2.365297372144e-03
4.818050836860e-03,6.257043244178e+01,3.210084457006e+01,1.526441312141e+05,3.021963758564e+02,1.123495521048e+01,2.362695166166e-03
4.818255732742e-03,6.256095470798e+01,3.210204726411e+01,1.528180744014e+05,3.021962354036e+02,1.123496033053e+01,2.360095354910e-03
4.818460413174e-03,6.255147618661e+01,3.210324798471e+01,1.529922365917e+05,3.021960948752e+02,1.123496545356e+01,2.357497936434e-03
4.818664878388e-03,6.254199687614e+01,3.210444673262e+01,1.531666181058e+05,3.021959542709e+02,1.123497057958e+01,2.354902908841e-03
4.818869128565e-03,6.253251677713e+01,3.210564350837e+01,1.533412192264e+05,3.021958135910e+02,1.123497570859e+01,2.352310270812e-03
4.819073163939e-03,6.252303588794e+01,3.210683831274e+01,1.535160402772e+05,3.021956728352e+02,1.123498084058e+01,2.349720020422e-03
4.819276984744e-03,6.251355420673e+01,3.210803114652e+01,1.536910815860e+05,3.021955320035e+02,1.123498597556e+01,2.347132155694e-03
4.819480591171e-03,6.250407173367e+01,3.210922201028e+01,1.538663434445e+05,3.021953910960e+02,1.123499111353e+01,2.344546675198e-03
4.819683983458e-03,6.249458846683e+01,3.211041090482e+01,1.540418261830e+05,3.021952501126e+02,1.123499625449e+01,2.341963576939e-03
4.819887161799e-03,6.248510440623e+01,3.211159783072e+01,1.542175300967e+05,3.021951090531e+02,1.123500139844e+01,2.339382859447e-03
4.820090126436e-03,6.247561954963e+01,3.211278278883e+01,1.543934555229e+05,3.021949679177e+02,1.123500654539e+01,2.336804520640e-03
4.820292877558e-03,6.246613389736e+01,3.211396577966e+01,1.545696027517e+05,3.021948267062e+02,1.123501169533e+01,2.334228559140e-03
4.820495415394e-03,6.245664744771e+01,3.211514680399e+01,1.547459721119e+05,3.021946854187e+02,1.123501684827e+01,2.331654973008e-03
4.820697740164e-03,6.244716019954e+01,3.211632586253e+01,1.549225639216e+05,3.021945440550e+02,1.123502200421e+01,2.329083760468e-03
4.820899852071e-03,6.243767215242e+01,3.211750295589e+01,1.550993784869e+05,3.021944026151e+02,1.123502716315e+01,2.326514919932e-03
4.821101751350e-03,6.242818330438e+01,3.211867808487e+01,1.552764161426e+05,3.021942610991e+02,1.123503232509e+01,2.323948449398e-03
4.821303438187e-03,6.241869365577e+01,3.211985124999e+01,1.554536771810e+05,3.021941195068e+02,1.123503749003e+01,2.321384347491e-03
4.821504912823e-03,6.240920320437e+01,3.212102245207e+01,1.556311619425e+05,3.021939778382e+02,1.123504265798e+01,2.318822612146e-03
4.821706175458e-03,6.239971194983e+01,3.212219169170e+01,1.558088707334e+05,3.021938360933e+02,1.123504782893e+01,2.316263241802e-03
4.821907226307e-03,6.239021989117e+01,3.212335896957e+01,1.559868038723e+05,3.021936942721e+02,1.123505300289e+01,2.313706234723e-03
4.822108065590e-03,6.238072702703e+01,3.212452428638e+01,1.561649616851e+05,3.021935523744e+02,1.123505817986e+01,2.311151589083e-03
4.822308693515e-03,6.237123335670e+01,3.212568764277e+01,1.563433444864e+05,3.021934104003e+02,1.123506335983e+01,2.308599303222e-03
4.822509110308e-03,6.236173887855e+01,3.212684903948e+01,1.565219526082e+05,3.021932683497e+02,1.123506854282e+01,2.306049375240e-03
4.822709316156e-03,6.235224359291e+01,3.212800847700e+01,1.567007863464e+05,3.021931262226e+02,1.123507372882e+01,2.303501803759e-03
4.822909311307e-03,6.234274749701e+01,3.212916595624e+01,1.568798460557e+05,3.021929840189e+02,1.123507891784e+01,2.300956586573e-03
4.823109095941e-03,6.233325059150e+01,3.213032147763e+01,1.570591320270e+05,3.021928417386e+02,1.123508410987e+01,2.298413722394e-03
4.823308670299e-03,6.232375287394e+01,3.213147504201e+01,1.572386446097e+05,3.021926993817e+02,1.123508930491e+01,2.295873209107e-03
4.823508034567e-03,6.231425434461e+01,3.213262664988e+01,1.574183841025e+05,3.021925569481e+02,1.123509450298e+01,2.293335045323e-03
4.823707188982e-03,6.230475500137e+01,3.213377630204e+01,1.575983508503e+05,3.021924144377e+02,1.123509970407e+01,2.290799229013e-03
4.823906133746e-03,6.229525484360e+01,3.213492399909e+01,1.577785451700e+05,3.021922718506e+02,1.123510490817e+01,2.288265758547e-03
4.824104869062e-03,6.228575387078e+01,3.213606974162e+01,1.579589673766e+05,3.021921291867e+02,1.123511011530e+01,2.285734632332e-03
4.824303395158e-03,6.227625208105e+01,3.213721353038e+01,1.581396178116e+05,3.021919864460e+02,1.123511532546e+01,2.283205848409e-03
4.824501712227e-03,6.226674947435e+01,3.213835536590e+01,1.583204967825e+05,3.021918436284e+02,1.123512053864e+01,2.280679405305e-03
4.824699820510e-03,6.225724604816e+01,3.213949524901e+01,1.585016046442e+05,3.021917007338e+02,1.123512575484e+01,2.278155300891e-03
4.824897720179e-03,6.224774180341e+01,3.214063318011e+01,1.586829416860e+05,3.021915577623e+02,1.123513097408e+01,2.275633533962e-03
4.825095411488e-03,6.223823673692e+01,3.214176916011e+01,1.588645082770e+05,3.021914147138e+02,1.123513619634e+01,2.273114102212e-03
4.825292894599e-03,6.222873085005e+01,3.214290318936e+01,1.590463046993e+05,3.021912715882e+02,1.123514142164e+01,2.270597004547e-03
4.825490169782e-03,6.221922413896e+01,3.214403526883e+01,1.592283313354e+05,3.021911283855e+02,1.123514664997e+01,2.268082238496e-03
4.825687237187e-03,6.220971660543e+01,3.214516539882e+01,1.594105884603e+05,3.021909851057e+02,1.123515188134e+01,2.265569803078e-03
4.825884097064e-03,6.220020824658e+01,3.214629358019e+01,1.595930764394e+05,3.021908417487e+02,1.123515711574e+01,2.263059696072e-03
4.826080749606e-03,6.219069906218e+01,3.214741981346e+01,1.597757955872e+05,3.021906983146e+02,1.123516235318e+01,2.260551915969e-03
4.826277195037e-03,6.218118905048e+01,3.214854409936e+01,1.599587462482e+05,3.021905548031e+02,1.123516759365e+01,2.258046460854e-03
4.826473433551e-03,6.217167821121e+01,3.214966643842e+01,1.601419287392e+05,3.021904112144e+02,1.123517283717e+01,2.255543329201e-03
4.826669465369e-03,6.216216654282e+01,3.215078683133e+01,1.603253434018e+05,3.021902675483e+02,1.123517808373e+01,2.253042519153e-03
4.826865290691e-03,6.215265404461e+01,3.215190527866e+01,1.605089905618e+05,3.021901238049e+02,1.123518333333e+01,2.250544029075e-03
4.827060909733e-03,6.214314071527e+01,3.215302178107e+01,1.606928705571e+05,3.021899799841e+02,1.123518858598e+01,2.248047857176e-03
4.827256322713e-03,6.213362655329e+01,3.215413633924e+01,1.608769837309e+05,3.021898360857e+02,1.123519384168e+01,2.245554001605e-03
4.827451529815e-03,6.212411155885e+01,3.215524895363e+01,1.610613303931e+05,3.021896921099e+02,1.123519910042e+01,2.243062460963e-03
4.827646531260e-03,6.211459573024e+01,3.215635962494e+01,1.612459108911e+05,3.021895480566e+02,1.123520436221e+01,2.240573233357e-03
4.827841327258e-03,6.210507906636e+01,3.215746835379e+01,1.614307255615e+05,3.021894039257e+02,1.123520962705e+01,2.238086317047e-03
4.828035918029e-03,6.209556156558e+01,3.215857514085e+01,1.616157747512e+05,3.021892597171e+02,1.123521489495e+01,2.235601710162e-03
4.828230303762e-03,6.208604322776e+01,3.215967998664e+01,1.618010587788e+05,3.021891154309e+02,1.123522016590e+01,2.233119411219e-03
4.828424484667e-03,6.207652405170e+01,3.216078289177e+01,1.619865779839e+05,3.021889710669e+02,1.123522543990e+01,2.230639418462e-03
4.828618460970e-03,6.206700403547e+01,3.216188385694e+01,1.621723327213e+05,3.021888266253e+02,1.123523071696e+01,2.228161729941e-03
4.828812232847e-03,6.205748317955e+01,3.216298288259e+01,1.623583232989e+05,3.021886821058e+02,1.123523599708e+01,2.225686344339e-03
4.829005800533e-03,6.204796148147e+01,3.216407996947e+01,1.625445500828e+05,3.021885375085e+02,1.123524128026e+01,2.223213259568e-03
4.829199164215e-03,6.203843894118e+01,3.216517511808e+01,1.627310133925e+05,3.021883928333e+02,1.123524656650e+01,2.220742474175e-03
4.829392324133e-03,6.202891555596e+01,3.216626832918e+01,1.629177136003e+05,3.021882480802e+02,1.123525185581e+01,2.218273986011e-03
4.829585280439e-03,6.201939132747e+01,3.216735960308e+01,1.631046509930e+05,3.021881032492e+02,1.123525714818e+01,2.215807794064e-03
4.829778033394e-03,6.200986625188e+01,3.216844894067e+01,1.632918259659e+05,3.021879583402e+02,1.123526244361e+01,2.213343895902e-03
4.829970583183e-03,6.200034032923e+01,3.216953634242e+01,1.634792388387e+05,3.021878133531e+02,1.123526774211e+01,2.210882290095e-03
4.830162929991e-03,6.199081355948e+01,3.217062180881e+01,1.636668899333e+05,3.021876682879e+02,1.123527304368e+01,2.208422975193e-03
4.830355074057e-03,6.198128593984e+01,3.217170534060e+01,1.638547796258e+05,3.021875231446e+02,1.123527834832e+01,2.205965949040e-03
4.830547015557e-03,6.197175747078e+01,3.217278693822e+01,1.640429082294e+05,3.021873779232e+02,1.123528365604e+01,2.203511210314e-03
4.830738754740e-03,6.196222814902e+01,3.217386660248e+01,1.642312761311e+05,3.021872326235e+02,1.123528896682e+01,2.201058756740e-03
4.830930291750e-03,6.195269797654e+01,3.217494433364e+01,1.644198836154e+05,3.021870872456e+02,1.123529428068e+01,2.198608587382e-03
4.831121626856e-03,6.194316694903e+01,3.217602013263e+01,1.646087310906e+05,3.021869417893e+02,1.123529959762e+01,2.196160699703e-03
4.831312760208e-03,6.193363506822e+01,3.217709399970e+01,1.647978188471e+05,3.021867962548e+02,1.123530491764e+01,2.193715092708e-03
4.831503692056e-03,6.192410233072e+01,3.217816593570e+01,1.649871472763e+05,3.021866506419e+02,1.123531024074e+01,2.191271764097e-03
4.831694422567e-03,6.191456873729e+01,3.217923594099e+01,1.651767166888e+05,3.021865049505e+02,1.123531556691e+01,2.188830712626e-03
4.831884951978e-03,6.190503428525e+01,3.218030401631e+01,1.653665274634e+05,3.021863591807e+02,1.123532089617e+01,2.186391936177e-03
4.832075280464e-03,6.189549897490e+01,3.218137016208e+01,1.655565799204e+05,3.021862133324e+02,1.123532622852e+01,2.183955433397e-03
4.832265408241e-03,6.188596280463e+01,3.218243437893e+01,1.657468744186e+05,3.021860674055e+02,1.123533156395e+01,2.181521202440e-03
4.832455335521e-03,6.187642577291e+01,3.218349666746e+01,1.659374113161e+05,3.021859214000e+02,1.123533690247e+01,2.179089241483e-03
4.832645062499e-03,6.186688787900e+01,3.218455702819e+01,1.661281909551e+05,3.021857753159e+02,1.123534224408e+01,2.176659548910e-03
4.832834589386e-03,6.185734912151e+01,3.218561546173e+01,1.663192136922e+05,3.021856291531e+02,1.123534758877e+01,2.174232122936e-03
4.833023916361e-03,6.184780950049e+01,3.218667196849e+01,1.665104798553e+05,3.021854829117e+02,1.123535293656e+01,2.171806962143e-03
4.833213043670e-03,6.183826901269e+01,3.218772654928e+01,1.667019898387e+05,3.021853365914e+02,1.123535828745e+01,2.169384064278e-03
4.833401971461e-03,6.182872765976e+01,3.218877920434e+01,1.668937439393e+05,3.021851901923e+02,1.123536364143e+01,2.166963428335e-03
4.833590699995e-03,6.181918543771e+01,3.218982993454e+01,1.670857425681e+05,3.021850437144e+02,1.123536899850e+01,2.164545051868e-03
4.833779229433e-03,6.180964234742e+01,3.219087874021e+01,1.672779860381e+05,3.021848971576e+02,1.123537435868e+01,2.162128933681e-03
4.833967559988e-03,6.180009838730e+01,3.219192562196e+01,1.674704747133e+05,3.021847505218e+02,1.123537972195e+01,2.159715071941e-03
4.834155691867e-03,6.179055355599e+01,3.219297058035e+01,1.676632089530e+05,3.021846038071e+02,1.123538508832e+01,2.157303464880e-03
4.834343625267e-03,6.178100785261e+01,3.219401361590e+01,1.678561891076e+05,3.021844570134e+02,1.123539045780e+01,2.154894110855e-03
4.834531360398e-03,6.177146127565e+01,3.219505472919e+01,1.680494155410e+05,3.021843101406e+02,1.123539583039e+01,2.152487008056e-03
4.834718897448e-03,6.176191382460e+01,3.219609392071e+01,1.682428885974e+05,3.021841631886e+02,1.123540120607e+01,2.150082154934e-03
4.834906236640e-03,6.175236549736e+01,3.219713119109e+01,1.684366086532e+05,3.021840161576e+02,1.123540658487e+01,2.147679549540e-03
4.835093378143e-03,6.174281629433e+01,3.219816654070e+01,1.686305760355e+05,3.021838690473e+02,1.123541196678e+01,2.145279190551e-03
4.835280322175e-03,6.173326621354e+01,3.219919997017e+01,1.688247911197e+05,3.021837218578e+02,1.123541735180e+01,2.142881076051e-03
4.835467068955e-03,6.172371525301e+01,3.220023148012e+01,1.690192542821e+05,3.021835745890e+02,1.123542273993e+01,2.140485204123e-03
4.835653618651e-03,6.171416341314e+01,3.220126107092e+01,1.692139658505e+05,3.021834272409e+02,1.123542813117e+01,2.138091573451e-03
4.835839971485e-03,6.170461069184e+01,3.220228874318e+01,1.694089262052e+05,3.021832798134e+02,1.123543352553e+01,2.135700182089e-03
4.836026127652e-03,6.169505708821e+01,3.220331449742e+01,1.696041357018e+05,3.021831323065e+02,1.123543892301e+01,2.133311028395e-03
4.836212087346e-03,6.168550260136e+01,3.220433833413e+01,1.697995946967e+05,3.021829847201e+02,1.123544432360e+01,2.130924110731e-03
4.836397850776e-03,6.167594722973e+01,3.220536025388e+01,1.699953035605e+05,3.021828370543e+02,1.123544972732e+01,2.128539427290e-03
4.836583418142e-03,6.166639097217e+01,3.220638025718e+01,1.701912626562e+05,3.021826893088e+02,1.123545513416e+01,2.126156976366e-03
4.836768789612e-03,6.165683382913e+01,3.220739834437e+01,1.703874723139e+05,3.021825414839e+02,1.123546054412e+01,2.123776756664e-03
4.836953965443e-03,6.164727579651e+01,3.220841451630e+01,1.705839329585e+05,3.021823935792e+02,1.123546595721e+01,2.121398765742e-03
4.837138945784e-03,6.163771687578e+01,3.220942877320e+01,1.707806449006e+05,3.021822455949e+02,1.123547137342e+01,2.119023002555e-03
4.837323730863e-03,6.162815706428e+01,3.221044111572e+01,1.709776085366e+05,3.021820975309e+02,1.123547679276e+01,2.116649465026e-03
4.837508320862e-03,6.161859636167e+01,3.221145154431e+01,1.711748242151e+05,3.021819493871e+02,1.123548221524e+01,2.114278151665e-03
4.837692715991e-03,6.160903476634e+01,3.221246005950e+01,1.713722923123e+05,3.021818011634e+02,1.123548764084e+01,2.111909060655e-03
4.837876916433e-03,6.159947227783e+01,3.221346666173e+01,1.715700131808e+05,3.021816528600e+02,1.123549306958e+01,2.109542190474e-03
4.838060922406e-03,6.158990889396e+01,3.221447135162e+01,1.717679872090e+05,3.021815044766e+02,1.123549850145e+01,2.107177539176e-03
4.838244734099e-03,6.158034461406e+01,3.221547412960e+01,1.719662147555e+05,3.021813560133e+02,1.123550393646e+01,2.104815105180e-03
4.838428351698e-03,6.157077943763e+01,3.221647499611e+01,1.721646961755e+05,3.021812074700e+02,1.123550937461e+01,2.102454886958e-03
4.838611775431e-03,6.156121336192e+01,3.221747395180e+01,1.723634318711e+05,3.021810588467e+02,1.123551481590e+01,2.100096882423e-03
4.838795005455e-03,6.155164638780e+01,3.221847099696e+01,1.725624221706e+05,3.021809101433e+02,1.123552026033e+01,2.097741090382e-03
4.838978041999e-03,6.154207851257e+01,3.221946613224e+01,1.727616674764e+05,3.021807613597e+02,1.123552570790e+01,2.095387508766e-03
4.839160885243e-03,6.153250973586e+01,3.222045935805e+01,1.729611681435e+05,3.021806124960e+02,1.123553115862e+01,2.093036136077e-03
4.839343535399e-03,6.152294005578e+01,3.222145067494e+01,1.731609245591e+05,3.021804635521e+02,1.123553661248e+01,2.090686970443e-03
4.839525992652e-03,6.151336947173e+01,3.222244008334e+01,1.733609370836e+05,3.021803145279e+02,1.123554206950e+01,2.088340010319e-03
4.839708257194e-03,6.150379798282e+01,3.222342758370e+01,1.735612060847e+05,3.021801654234e+02,1.123554752966e+01,2.085995254080e-03
4.839890329231e-03,6.149422558737e+01,3.222441317656e+01,1.737617319469e+05,3.021800162386e+02,1.123555299297e+01,2.083652699913e-03
4.840072208961e-03,6.148465228408e+01,3.222539686241e+01,1.739625150473e+05,3.021798669734e+02,1.123555845944e+01,2.081312346097e-03
4.840253896579e-03,6.147507807178e+01,3.222637864171e+01,1.741635557612e+05,3.021797176277e+02,1.123556392906e+01,2.078974190946e-03
4.840435392269e-03,6.146550295003e+01,3.222735851488e+01,1.743648544489e+05,3.021795682016e+02,1.123556940183e+01,2.076638232952e-03
4.840616696234e-03,6.145592691722e+01,3.222833648242e+01,1.745664114957e+05,3.021794186950e+02,1.123557487777e+01,2.074304470325e-03
4.840797808667e-03,6.144634997231e+01,3.222931254478e+01,1.747682272763e+05,3.021792691077e+02,1.123558035686e+01,2.071972901407e-03
4.840978729785e-03,6.143677211286e+01,3.223028670257e+01,1.749703021944e+05,3.021791194399e+02,1.123558583912e+01,2.069643524212e-03
4.841159459738e-03,6.142719334021e+01,3.223125895599e+01,1.751726365755e+05,3.021789696913e+02,1.123559132454e+01,2.067316337667e-03
4.841339998763e-03,6.141761365090e+01,3.223222930573e+01,1.753752308468e+05,3.021788198621e+02,1.123559681312e+01,2.064991339532e-03
4.841520347043e-03,6.140803304433e+01,3.223319775220e+01,1.755780853755e+05,3.021786699521e+02,1.123560230487e+01,2.062668528269e-03
4.841700504753e-03,6.139845152036e+01,3.223416429574e+01,1.757812005197e+05,3.021785199613e+02,1.123560779978e+01,2.060347902449e-03
4.841880472123e-03,6.138886907596e+01,3.223512893700e+01,1.759845766995e+05,3.021783698897e+02,1.123561329787e+01,2.058029459943e-03
4.842060249304e-03,6.137928571214e+01,3.223609167621e+01,1.761882142498e+05,3.021782197372e+02,1.123561879913e+01,2.055713199602e-03
4.842239836516e-03,6.136970142636e+01,3.223705251395e+01,1.763921135815e+05,3.021780695037e+02,1.123562430356e+01,2.053399119420e-03
4.842419233961e-03,6.136011621703e+01,3.223801145072e+01,1.765962750861e+05,3.021779191893e+02,1.123562981116e+01,2.051087217619e-03
4.842598441819e-03,6.135053008361e+01,3.223896848689e+01,1.768006991331e+05,3.021777687938e+02,1.123563532195e+01,2.048777492682e-03
4.842777460274e-03,6.134094302539e+01,3.223992362286e+01,1.770053860965e+05,3.021776183172e+02,1.123564083590e+01,2.046469943045e-03
4.842956289545e-03,6.133135503989e+01,3.224087685920e+01,1.772103363886e+05,3.021774677595e+02,1.123564635304e+01,2.044164566719e-03
4.843134929790e-03,6.132176612767e+01,3.224182819617e+01,1.774155503572e+05,3.021773171207e+02,1.123565187336e+01,2.041861362455e-03
4.843313381241e-03,6.131217628550e+01,3.224277763442e+01,1.776210284322e+05,3.021771664006e+02,1.123565739687e+01,2.039560328084e-03
4.843491644056e-03,6.130258551402e+01,3.224372517420e+01,1.778267709607e+05,3.021770155993e+02,1.123566292356e+01,2.037261462376e-03
4.843669718458e-03,6.129299381040e+01,3.224467081609e+01,1.780327783654e+05,3.021768647167e+02,1.123566845343e+01,2.034964763264e-03
4.843847604614e-03,6.128340117471e+01,3.224561456041e+01,1.782390510069e+05,3.021767137527e+02,1.123567398649e+01,2.032670229381e-03
4.844025302728e-03,6.127380760520e+01,3.224655640764e+01,1.784455892859e+05,3.021765627073e+02,1.123567952274e+01,2.030377858922e-03
4.844202812994e-03,6.126421310049e+01,3.224749635822e+01,1.786523935957e+05,3.021764115805e+02,1.123568506219e+01,2.028087650172e-03
4.844380135593e-03,6.125461765993e+01,3.224843441252e+01,1.788594643143e+05,3.021762603722e+02,1.123569060482e+01,2.025799601594e-03
4.844557270733e-03,6.124502128144e+01,3.224937057105e+01,1.790668018513e+05,3.021761090823e+02,1.123569615066e+01,2.023513711309e-03
4.844734218590e-03,6.123542396466e+01,3.225030483414e+01,1.792744065797e+05,3.021759577109e+02,1.123570169968e+01,2.021229977850e-03
4.844910979355e-03,6.122582570835e+01,3.225123720221e+01,1.794822788926e+05,3.021758062578e+02,1.123570725191e+01,2.018948399539e-03
4.845087553232e-03,6.121622651054e+01,3.225216767575e+01,1.796904191989e+05,3.021756547230e+02,1.123571280734e+01,2.016668974531e-03
4.845263940405e-03,6.120662637047e+01,3.225309625513e+01,1.798988278826e+05,3.021755031065e+02,1.123571836597e+01,2.014391701260e-03
4.845440141057e-03,6.119702528730e+01,3.225402294073e+01,1.801075053293e+05,3.021753514083e+02,1.123572392780e+01,2.012116578154e-03
4.845616155397e-03,6.118742325877e+01,3.225494773305e+01,1.803164519569e+05,3.021751996282e+02,1.123572949284e+01,2.009843603293e-03
4.845791983598e-03,6.117782028456e+01,3.225587063241e+01,1.805256681410e+05,3.021750477663e+02,1.123573506108e+01,2.007572775230e-03
4.845967625860e-03,6.116821636296e+01,3.225679163925e+01,1.807351542885e+05,3.021748958224e+02,1.123574063253e+01,2.005304092184e-03
4.846143082357e-03,6.115861149361e+01,3.225771075391e+01,1.809449107778e+05,3.021747437966e+02,1.123574620720e+01,2.003037552690e-03
4.846318353302e-03,6.114900567398e+01,3.225862797691e+01,1.811549380348e+05,3.021745916887e+02,1.123575178507e+01,2.000773154778e-03
4.846493438876e-03,6.113939890327e+01,3.225954330859e+01,1.813652364484e+05,3.021744394988e+02,1.123575736616e+01,1.998510896886e-03
4.846668339259e-03,6.112979118080e+01,3.226045674930e+01,1.815758064054e+05,3.021742872268e+02,1.123576295046e+01,1.996250777483e-03
4.846843054641e-03,6.112018250527e+01,3.226136829945e+01,1.817866483076e+05,3.021741348727e+02,1.123576853799e+01,1.993992794884e-03
4.847017585226e-03,6.111057287462e+01,3.226227795949e+01,1.819977625727e+05,3.021739824364e+02,1.123577412873e+01,1.991736947240e-03
4.847191931194e-03,6.110096228813e+01,3.226318572978e+01,1.822091495912e+05,3.021738299178e+02,1.123577972269e+01,1.989483233006e-03
4.847366092729e-03,6.109135074479e+01,3.226409161066e+01,1.824208097596e+05,3.021736773169e+02,1.123578531987e+01,1.987231650577e-03
4.847540070031e-03,6.108173824263e+01,3.226499560260e+01,1.826327434963e+05,3.021735246336e+02,1.123579092028e+01,1.984982198123e-03
4.847713863276e-03,6.107212478117e+01,3.226589770590e+01,1.828449511878e+05,3.021733718680e+02,1.123579652392e+01,1.982734874165e-03
4.847887472647e-03,6.106251035947e+01,3.226679792092e+01,1.830574332315e+05,3.021732190200e+02,1.123580213078e+01,1.980489677110e-03
4.848060898362e-03,6.105289497452e+01,3.226769624819e+01,1.832701900709e+05,3.021730660894e+02,1.123580774087e+01,1.978246604891e-03
4.848234140581e-03,6.104327862669e+01,3.226859268794e+01,1.834832220755e+05,3.021729130764e+02,1.123581335420e+01,1.976005656228e-03
4.848407199494e-03,6.103366131453e+01,3.226948724057e+01,1.836965296556e+05,3.021727599807e+02,1.123581897075e+01,1.973766829421e-03
4.848580075301e-03,6.102404303613e+01,3.227037990649e+01,1.839101132330e+05,3.021726068024e+02,1.123582459054e+01,1.971530122654e-03
4.848752768180e-03,6.101442379068e+01,3.227127068604e+01,1.841239732048e+05,3.021724535415e+02,1.123583021357e+01,1.969295534380e-03
4.848925278323e-03,6.100480357666e+01,3.227215957961e+01,1.843381099851e+05,3.021723001978e+02,1.123583583984e+01,1.967063062883e-03
4.849097605901e-03,6.099518239377e+01,3.227304658746e+01,1.845525239619e+05,3.021721467713e+02,1.123584146934e+01,1.964832706728e-03
4.849269751128e-03,6.098556023907e+01,3.227393171013e+01,1.847672155817e+05,3.021719932620e+02,1.123584710209e+01,1.962604463875e-03
4.849441714181e-03,6.097593711202e+01,3.227481494789e+01,1.849821852391e+05,3.021718396699e+02,1.123585273809e+01,1.960378332836e-03
4.849613495220e-03,6.096631301264e+01,3.227569630099e+01,1.851974333165e+05,3.021716859948e+02,1.123585837732e+01,1.958154312257e-03
4.849785094465e-03,6.095668793785e+01,3.227657576995e+01,1.854129602657e+05,3.021715322368e+02,1.123586401981e+01,1.955932400068e-03
4.849956512102e-03,6.094706188635e+01,3.227745335512e+01,1.856287665003e+05,3.021713783957e+02,1.123586966554e+01,1.953712594611e-03
4.850127748279e-03,6.093743485905e+01,3.227832905665e+01,1.858448523847e+05,3.021712244716e+02,1.123587531453e+01,1.951494894737e-03
4.850298803234e-03,6.092780685163e+01,3.227920287517e+01,1.860612184012e+05,3.021710704643e+02,1.123588096677e+01,1.949279298094e-03
4.850469677109e-03,6.091817786535e+01,3.228007481079e+01,1.862778649074e+05,3.021709163739e+02,1.123588662226e+01,1.947065803617e-03
4.850640370115e-03,6.090854789744e+01,3.228094486399e+01,1.864947923525e+05,3.021707622003e+02,1.123589228101e+01,1.944854409314e-03
4.850810882424e-03,6.089891694729e+01,3.228181303505e+01,1.867120011372e+05,3.021706079434e+02,1.123589794302e+01,1.942645113695e-03
4.850981214219e-03,6.088928501382e+01,3.228267932428e+01,1.869294916742e+05,3.021704536032e+02,1.123590360828e+01,1.940437915152e-03
4.851151365697e-03,6.087965209502e+01,3.228354373210e+01,1.871472643973e+05,3.021702991797e+02,1.123590927681e+01,1.938232811876e-03
4.851321337043e-03,6.087001818956e+01,3.228440625883e+01,1.873653197261e+05,3.021701446727e+02,1.123591494860e+01,1.936029802210e-03
4.851491128419e-03,6.086038329744e+01,3.228526690469e+01,1.875836580502e+05,3.021699900823e+02,1.123592062366e+01,1.933828884804e-03
4.851660740041e-03,6.085074741551e+01,3.228612567018e+01,1.878022798319e+05,3.021698354084e+02,1.123592630198e+01,1.931630057588e-03
4.851830172063e-03,6.084111054423e+01,3.228698255547e+01,1.880211854517e+05,3.021696806509e+02,1.123593198358e+01,1.929433319319e-03
4.851999424696e-03,6.083147268079e+01,3.228783756101e+01,1.882403753656e+05,3.021695258099e+02,1.123593766844e+01,1.927238668004e-03
4.852168498103e-03,6.082183382505e+01,3.228869068703e+01,1.884598499695e+05,3.021693708851e+02,1.123594335658e+01,1.925046102267e-03
4.852337392483e-03,6.081219397476e+01,3.228954193392e+01,1.886796097075e+05,3.021692158767e+02,1.123594904799e+01,1.922855620249e-03
4.852506108000e-03,6.080255312982e+01,3.229039130191e+01,1.888996549760e+05,3.021690607845e+02,1.123595474268e+01,1.920667220581e-03
4.852674644864e-03,6.079291128730e+01,3.229123879145e+01,1.891199862365e+05,3.021689056085e+02,1.123596044064e+01,1.918480901254e-03
4.852843003224e-03,6.078326844790e+01,3.229208440266e+01,1.893406038681e+05,3.021687503486e+02,1.123596614189e+01,1.916296661080e-03
4.853011183299e-03,6.077362460821e+01,3.229292813606e+01,1.895615083449e+05,3.021685950049e+02,1.123597184642e+01,1.914114497944e-03
4.853179185249e-03,6.076397976821e+01,3.229376999183e+01,1.897827000637e+05,3.021684395772e+02,1.123597755423e+01,1.911934410501e-03
4.853347009251e-03,6.075433392695e+01,3.229460997025e+01,1.900041794438e+05,3.021682840655e+02,1.123598326532e+01,1.909756397191e-03
4.853514655512e-03,6.074468708166e+01,3.229544807175e+01,1.902259469465e+05,3.021681284697e+02,1.123598897971e+01,1.907580456051e-03
4.853682124202e-03,6.073503923174e+01,3.229628429656e+01,1.904480029842e+05,3.021679727898e+02,1.123599469738e+01,1.905406585604e-03
4.853849415492e-03,6.072539037643e+01,3.229711864494e+01,1.906703479737e+05,3.021678170258e+02,1.123600041834e+01,1.903234784340e-03
4.854016529568e-03,6.071574051425e+01,3.229795111720e+01,1.908929823490e+05,3.021676611776e+02,1.123600614260e+01,1.901065050588e-03
4.854183466637e-03,6.070608964241e+01,3.229878171375e+01,1.911159065755e+05,3.021675052451e+02,1.123601187015e+01,1.898897382379e-03
4.854350226839e-03,6.069643776196e+01,3.229961043469e+01,1.913391210295e+05,3.021673492283e+02,1.123601760100e+01,1.896731778618e-03
4.854516810387e-03,6.068678486972e+01,3.230043728046e+01,1.915626261871e+05,3.021671931272e+02,1.123602333514e+01,1.894568237251e-03
4.854683217456e-03,6.067713096473e+01,3.230126225131e+01,1.917864224732e+05,3.021670369416e+02,1.123602907259e+01,1.892406756729e-03
4.854849448217e-03,6.066747604620e+01,3.230208534749e+01,1.920105103091e+05,3.021668806716e+02,1.123603481334e+01,1.890247335542e-03
4.855015502842e-03,6.065782011334e+01,3.230290656924e+01,1.922348901174e+05,3.021667243171e+02,1.123604055739e+01,1.888089972179e-03
4.855181381554e-03,6.064816316235e+01,3.230372591703e+01,1.924595623910e+05,3.021665678780e+02,1.123604630475e+01,1.885934664458e-03
4.855347084479e-03,6.063850519505e+01,3.230454339088e+01,1.926845274931e+05,3.021664113544e+02,1.123605205542e+01,1.883781411455e-03
4.855512611845e-03,6.062884620732e+01,3.230535899130e+01,1.929097859257e+05,3.021662547460e+02,1.123605780939e+01,1.881630210918e-03
4.855677963802e-03,6.061918619954e+01,3.230617271842e+01,1.931353380866e+05,3.021660980530e+02,1.123606356668e+01,1.879481061605e-03
4.855843140534e-03,6.060952517018e+01,3.230698457252e+01,1.933611844190e+05,3.021659412752e+02,1.123606932728e+01,1.877333961844e-03
4.856008142225e-03,6.059986311762e+01,3.230779455390e+01,1.935873253693e+05,3.021657844126e+02,1.123607509120e+01,1.875188909945e-03
4.856172969066e-03,6.059020003989e+01,3.230860266286e+01,1.938137613921e+05,3.021656274651e+02,1.123608085843e+01,1.873045904147e-03
4.856337621214e-03,6.058053593686e+01,3.230940889958e+01,1.940404929002e+05,3.021654704327e+02,1.123608662898e+01,1.870904943091e-03
4.856502098856e-03,6.057087080672e+01,3.231021326435e+01,1.942675203462e+05,3.021653133153e+02,1.123609240286e+01,1.868766025053e-03
4.856666402192e-03,6.056120464699e+01,3.231101575752e+01,1.944948441994e+05,3.021651561129e+02,1.123609818005e+01,1.866629148156e-03
4.856830531369e-03,6.055153745811e+01,3.231181637920e+01,1.947224648610e+05,3.021649988254e+02,1.123610396058e+01,1.864494311177e-03
4.856994486581e-03,6.054186923782e+01,3.231261512972e+01,1.949503827965e+05,3.021648414529e+02,1.123610974442e+01,1.862361512292e-03
4.857158268008e-03,6.053219998469e+01,3.231341200933e+01,1.951785984530e+05,3.021646839951e+02,1.123611553160e+01,1.860230749860e-03
4.857321875826e-03,6.052252969752e+01,3.231420701827e+01,1.954071122724e+05,3.021645264521e+02,1.123612132211e+01,1.858102022299e-03
4.857485310211e-03,6.051285837500e+01,3.231500015678e+01,1.956359247001e+05,3.021643688239e+02,1.123612711595e+01,1.855975327998e-03
4.857648571350e-03,6.050318601536e+01,3.231579142514e+01,1.958650361931e+05,3.021642111103e+02,1.123613291312e+01,1.853850665248e-03
4.857811659411e-03,6.049351261769e+01,3.231658082355e+01,1.960944471889e+05,3.021640533114e+02,1.123613871363e+01,1.851728032532e-03
4.857974574566e-03,6.048383818101e+01,3.231736835221e+01,1.963241581274e+05,3.021638954270e+02,1.123614451748e+01,1.849607428315e-03
4.858137317010e-03,6.047416270285e+01,3.231815401147e+01,1.965541694844e+05,3.021637374571e+02,1.123615032467e+01,1.847488850738e-03
4.858299886914e-03,6.046448618231e+01,3.231893780150e+01,1.967844816997e+05,3.021635794017e+02,1.123615613520e+01,1.845372298287e-03
4.858462284432e-03,6.045480861936e+01,3.231971972243e+01,1.970150951923e+05,3.021634212607e+02,1.123616194907e+01,1.843257769641e-03
4.858624509783e-03,6.044513001010e+01,3.232049977470e+01,1.972460104747e+05,3.021632630341e+02,1.123616776629e+01,1.841145262633e-03
4.858786563124e-03,6.043545035429e+01,3.232127795843e+01,1.974772279732e+05,3.021631047217e+02,1.123617358686e+01,1.839034775895e-03
4.858948444621e-03,6.042576965123e+01,3.232205427381e+01,1.977087481248e+05,3.021629463236e+02,1.123617941078e+01,1.836926307966e-03
4.859110154454e-03,6.041608789936e+01,3.232282872106e+01,1.979405713889e+05,3.021627878398e+02,1.123618523805e+01,1.834819857188e-03
4.859271692818e-03,6.040640509608e+01,3.232360130050e+01,1.981726982500e+05,3.021626292701e+02,1.123619106867e+01,1.832715421687e-03
4.859433059867e-03,6.039672124142e+01,3.232437201223e+01,1.984051291303e+05,3.021624706144e+02,1.123619690265e+01,1.830613000158e-03
4.859594255796e-03,6.038703633282e+01,3.232514085657e+01,1.986378645148e+05,3.021623118728e+02,1.123620273999e+01,1.828512590740e-03
4.859755280760e-03,6.037735037009e+01,3.232590783362e+01,1.988709048333e+05,3.021621530453e+02,1.123620858068e+01,1.826414192076e-03
4.859916134946e-03,6.036766335122e+01,3.232667294365e+01,1.991042505587e+05,3.021619941316e+02,1.123621442474e+01,1.824317802428e-03
4.860076818539e-03,6.035797527418e+01,3.232743618692e+01,1.993379021663e+05,3.021618351318e+02,1.123622027216e+01,1.822223420047e-03
4.860237331688e-03,6.034828613920e+01,3.232819756349e+01,1.995718600772e+05,3.021616760459e+02,1.123622612295e+01,1.820131043676e-03
4.860397674598e-03,6.033859594299e+01,3.232895707373e+01,1.998061247978e+05,3.021615168738e+02,1.123623197710e+01,1.818040671304e-03
4.860557847429e-03,6.032890468520e+01,3.232971471774e+01,2.000406967655e+05,3.021613576153e+02,1.123623783462e+01,1.815952301545e-03
4.860717850357e-03,6.031921236420e+01,3.233047049574e+01,2.002755764482e+05,3.021611982706e+02,1.123624369552e+01,1.813865932748e-03
4.860877683549e-03,6.030951897915e+01,3.233122440789e+01,2.005107642960e+05,3.021610388394e+02,1.123624955979e+01,1.811781563428e-03
4.861037347196e-03,6.029982452757e+01,3.233197645445e+01,2.007462607996e+05,3.021608793219e+02,1.123625542743e+01,1.809699191750e-03
4.861196841450e-03,6.029012900948e+01,3.233272663551e+01,2.009820663893e+05,3.021607197178e+02,1.123626129845e+01,1.807618816419e-03
4.861356166519e-03,6.028043242128e+01,3.233347495142e+01,2.012181815848e+05,3.021605600272e+02,1.123626717285e+01,1.805540435359e-03
4.861515322545e-03,6.027073476360e+01,3.233422140221e+01,2.014546068032e+05,3.021604002501e+02,1.123627305063e+01,1.803464047411e-03
4.861674309719e-03,6.026103603397e+01,3.233496598814e+01,2.016913425383e+05,3.021602403862e+02,1.123627893179e+01,1.801389650743e-03
4.861833128201e-03,6.025133623175e+01,3.233570870934e+01,2.019283892399e+05,3.021600804357e+02,1.123628481634e+01,1.799317243921e-03
4.861991778175e-03,6.024163535488e+01,3.233644956602e+01,2.021657473926e+05,3.021599203984e+02,1.123629070428e+01,1.797246825213e-03
4.862150259827e-03,6.023193340119e+01,3.233718855843e+01,2.024034174858e+05,3.021597602743e+02,1.123629659561e+01,1.795178392855e-03
4.862308573297e-03,6.022223037127e+01,3.233792568657e+01,2.026413999410e+05,3.021596000633e+02,1.123630249032e+01,1.793111945682e-03
4.862466718775e-03,6.021252626261e+01,3.233866095070e+01,2.028796952569e+05,3.021594397655e+02,1.123630838843e+01,1.791047481863e-03
4.862624696439e-03,6.020282107351e+01,3.233939435101e+01,2.031183039133e+05,3.021592793806e+02,1.123631428994e+01,1.788984999743e-03
4.862782506468e-03,6.019311480212e+01,3.234012588770e+01,2.033572263943e+05,3.021591189087e+02,1.123632019484e+01,1.786924497638e-03
4.862940149010e-03,6.018340744848e+01,3.234085556081e+01,2.035964631381e+05,3.021589583498e+02,1.123632610314e+01,1.784865974265e-03
4.863097624260e-03,6.017369900986e+01,3.234158337060e+01,2.038360146524e+05,3.021587977037e+02,1.123633201485e+01,1.782809427753e-03
4.863254932378e-03,6.016398948542e+01,3.234230931719e+01,2.040758813985e+05,3.021586369704e+02,1.123633792995e+01,1.780754856637e-03
4.863412073534e-03,6.015427887389e+01,3.234303340071e+01,2.043160638496e+05,3.021584761499e+02,1.123634384846e+01,1.778702259360e-03
4.863569047925e-03,6.014456717237e+01,3.234375562143e+01,2.045565625199e+05,3.021583152421e+02,1.123634977038e+01,1.776651634018e-03
4.863725855677e-03,6.013485438206e+01,3.234447597930e+01,2.047973778229e+05,3.021581542469e+02,1.123635569571e+01,1.774602979580e-03
4.863882497000e-03,6.012514049926e+01,3.234519447463e+01,2.050385102942e+05,3.021579931643e+02,1.123636162445e+01,1.772556293979e-03
4.864038972061e-03,6.011542552272e+01,3.234591110755e+01,2.052799604097e+05,3.021578319943e+02,1.123636755661e+01,1.770511575666e-03
4.864195280997e-03,6.010570945318e+01,3.234662587805e+01,2.055217285964e+05,3.021576707367e+02,1.123637349217e+01,1.768468823514e-03
4.864351424033e-03,6.009599228571e+01,3.234733878651e+01,2.057638154230e+05,3.021575093916e+02,1.123637943116e+01,1.766428035203e-03
4.864507401303e-03,6.008627402120e+01,3.234804983291e+01,2.060062213150e+05,3.021573479588e+02,1.123638537357e+01,1.764389209635e-03
4.864663212978e-03,6.007655465823e+01,3.234875901737e+01,2.062489467551e+05,3.021571864384e+02,1.123639131939e+01,1.762352345234e-03
4.864818859239e-03,6.006683419454e+01,3.234946634009e+01,2.064919922487e+05,3.021570248302e+02,1.123639726865e+01,1.760317440243e-03
4.864974340256e-03,6.005711262885e+01,3.235017180117e+01,2.067353582772e+05,3.021568631343e+02,1.123640322132e+01,1.758284493114e-03
4.865129656214e-03,6.004738995860e+01,3.235087540084e+01,2.069790453543e+05,3.021567013504e+02,1.123640917743e+01,1.756253502037e-03
4.865284807233e-03,6.003766618554e+01,3.235157713896e+01,2.072230538878e+05,3.021565394787e+02,1.123641513696e+01,1.754224466095e-03
4.865439793542e-03,6.002794130454e+01,3.235227701595e+01,2.074673844578e+05,3.021563775190e+02,1.123642109993e+01,1.752197382942e-03
4.865594615277e-03,6.001821531610e+01,3.235297503176e+01,2.077120375043e+05,3.021562154713e+02,1.123642706633e+01,1.750172251406e-03
4.865749272608e-03,6.000848821882e+01,3.235367118651e+01,2.079570135157e+05,3.021560533356e+02,1.123643303617e+01,1.748149069922e-03
4.865903765721e-03,5.999876001016e+01,3.235436548039e+01,2.082023130105e+05,3.021558911117e+02,1.123643900944e+01,1.746127836684e-03
4.866058094775e-03,5.998903068925e+01,3.235505791347e+01,2.084479364650e+05,3.021557287996e+02,1.123644498616e+01,1.744108550240e-03
4.866212259938e-03,5.997930025469e+01,3.235574848585e+01,2.086938843705e+05,3.021555663993e+02,1.123645096632e+01,1.742091209028e-03
4.866366261380e-03,5.996956870489e+01,3.235643719765e+01,2.089401572237e+05,3.021554039107e+02,1.123645694992e+01,1.740075811443e-03
4.866520099263e-03,5.995983603888e+01,3.235712404893e+01,2.091867555065e+05,3.021552413338e+02,1.123646293697e+01,1.738062356014e-03
4.866673773783e-03,5.995010225331e+01,3.235780903992e+01,2.094336797614e+05,3.021550786684e+02,1.123646892746e+01,1.736050840781e-03
4.866827285070e-03,5.994036734915e+01,3.235849217055e+01,2.096809304232e+05,3.021549159146e+02,1.123647492141e+01,1.734041264673e-03
4.866980633324e-03,5.993063132291e+01,3.235917344105e+01,2.099285080399e+05,3.021547530722e+02,1.123648091881e+01,1.732033625703e-03
4.867133818685e-03,5.992089417487e+01,3.235985285140e+01,2.101764130650e+05,3.021545901413e+02,1.123648691967e+01,1.730027922661e-03
4.867286841343e-03,5.991115590216e+01,3.236053040177e+01,2.104246460324e+05,3.021544271218e+02,1.123649292398e+01,1.728024153690e-03
4.867439701460e-03,5.990141650355e+01,3.236120609225e+01,2.106732074362e+05,3.021542640135e+02,1.123649893175e+01,1.726022317270e-03
4.867592399200e-03,5.989167597789e+01,3.236187992288e+01,2.109220977684e+05,3.021541008165e+02,1.123650494298e+01,1.724022411900e-03
4.867744934733e-03,5.988193432336e+01,3.236255189378e+01,2.111713175391e+05,3.021539375307e+02,1.123651095768e+01,1.722024435945e-03
4.867897308219e-03,5.987219153902e+01,3.236322200499e+01,2.114208672371e+05,3.021537741561e+02,1.123651697584e+01,1.720028387946e-03
4.868049519829e-03,5.986244762309e+01,3.236389025659e+01,2.116707473727e+05,3.021536106926e+02,1.123652299747e+01,1.718034266282e-03
4.868201569750e-03,5.985270257278e+01,3.236455664876e+01,2.119209584844e+05,3.021534471400e+02,1.123652902257e+01,1.716042069115e-03
4.868353458122e-03,5.984295638818e+01,3.236522118145e+01,2.121715010362e+05,3.021532834984e+02,1.123653505114e+01,1.714051795209e-03
4.868505185124e-03,5.983320906713e+01,3.236588385479e+01,2.124223755519e+05,3.021531197678e+02,1.123654108318e+01,1.712063442860e-03
4.868656750899e-03,5.982346060957e+01,3.236654466873e+01,2.126735825014e+05,3.021529559480e+02,1.123654711870e+01,1.710077010798e-03
4.868808155657e-03,5.981371101109e+01,3.236720362353e+01,2.129251224677e+05,3.021527920390e+02,1.123655315770e+01,1.708092496869e-03
4.868959399526e-03,5.980396027269e+01,3.236786071910e+01,2.131769958954e+05,3.021526280408e+02,1.123655920018e+01,1.706109900019e-03
4.869110482702e-03,5.979420839091e+01,3.236851595561e+01,2.134292033447e+05,3.021524639532e+02,1.123656524614e+01,1.704129218290e-03
4.869261405318e-03,5.978445536625e+01,3.236916933299e+01,2.136817452750e+05,3.021522997762e+02,1.123657129559e+01,1.702150450527e-03
4.869412167576e-03,5.977470119491e+01,3.236982085144e+01,2.139346222570e+05,3.021521355099e+02,1.123657734852e+01,1.700173594707e-03
4.869562769603e-03,5.976494587790e+01,3.237047051085e+01,2.141878347383e+05,3.021519711540e+02,1.123658340494e+01,1.698198649783e-03
4.869713211583e-03,5.975518941231e+01,3.237111831135e+01,2.144413832685e+05,3.021518067086e+02,1.123658946486e+01,1.696225613913e-03
4.869863493700e-03,5.974543179546e+01,3.237176425307e+01,2.146952683928e+05,3.021516421736e+02,1.123659552826e+01,1.694254485304e-03
4.870013616089e-03,5.973567302784e+01,3.237240833591e+01,2.149494905746e+05,3.021514775489e+02,1.123660159517e+01,1.692285262805e-03
4.870163578934e-03,5.972591310655e+01,3.237305056001e+01,2.152040503660e+05,3.021513128345e+02,1.123660766557e+01,1.690317944582e-03
4.870313382373e-03,5.971615203174e+01,3.237369092529e+01,2.154589482411e+05,3.021511480303e+02,1.123661373946e+01,1.688352529416e-03
4.870463026610e-03,5.970638979941e+01,3.237432943194e+01,2.157141847826e+05,3.021509831363e+02,1.123661981687e+01,1.686389015258e-03
4.870612511788e-03,5.969662640937e+01,3.237496607992e+01,2.159697604753e+05,3.021508181524e+02,1.123662589777e+01,1.684427400820e-03
4.870761838067e-03,5.968686186032e+01,3.237560086923e+01,2.162256758332e+05,3.021506530785e+02,1.123663198218e+01,1.682467684597e-03
4.870911005608e-03,5.967709615089e+01,3.237623379989e+01,2.164819313736e+05,3.021504879146e+02,1.123663807010e+01,1.680509865068e-03
4.871060014596e-03,5.966732927815e+01,3.237686487200e+01,2.167385276549e+05,3.021503226607e+02,1.123664416153e+01,1.678553940405e-03
4.871208865176e-03,5.965756124180e+01,3.237749408553e+01,2.169954651682e+05,3.021501573166e+02,1.123665025648e+01,1.676599909303e-03
4.871357557514e-03,5.964779204007e+01,3.237812144048e+01,2.172527444434e+05,3.021499918823e+02,1.123665635494e+01,1.674647770168e-03
4.871506091779e-03,5.963802167101e+01,3.237874693691e+01,2.175103660168e+05,3.021498263578e+02,1.123666245691e+01,1.672697521367e-03
4.871654468146e-03,5.962825013236e+01,3.237937057488e+01,2.177683304330e+05,3.021496607429e+02,1.123666856241e+01,1.670749161211e-03
4.871802686750e-03,5.961847742433e+01,3.237999235427e+01,2.180266381728e+05,3.021494950377e+02,1.123667467142e+01,1.668802688504e-03
4.871950747772e-03,5.960870354420e+01,3.238061227518e+01,2.182852897951e+05,3.021493292421e+02,1.123668078396e+01,1.666858101464e-03
4.872098651350e-03,5.959892849200e+01,3.238123033750e+01,2.185442857874e+05,3.021491633560e+02,1.123668690003e+01,1.664915398860e-03
4.872246397712e-03,5.958915226179e+01,3.238184654152e+01,2.188036267954e+05,3.021489973794e+02,1.123669301963e+01,1.662974578277e-03
4.872393986939e-03,5.957937485746e+01,3.238246088688e+01,2.190633132061e+05,3.021488313121e+02,1.123669914275e+01,1.661035639252e-03
4.872541419235e-03,5.956959627469e+01,3.238307337377e+01,2.193233456243e+05,3.021486651542e+02,1.123670526941e+01,1.659098579693e-03
4.872688694777e-03,5.955981651082e+01,3.238368400224e+01,2.195837246123e+05,3.021484989056e+02,1.123671139960e+01,1.657163397841e-03
4.872835813688e-03,5.955003556687e+01,3.238429277211e+01,2.198444506355e+05,3.021483325661e+02,1.123671753334e+01,1.655230092664e-03
4.872982776153e-03,5.954025343972e+01,3.238489968348e+01,2.201055242700e+05,3.021481661359e+02,1.123672367061e+01,1.653298662314e-03
4.873129582342e-03,5.953047012723e+01,3.238550473636e+01,2.203669460669e+05,3.021479996147e+02,1.123672981142e+01,1.651369105140e-03
4.873276232388e-03,5.952068562972e+01,3.238610793063e+01,2.206287165128e+05,3.021478330026e+02,1.123673595577e+01,1.649441419973e-03
4.873422726484e-03,5.951089994348e+01,3.238670926638e+01,2.208908362025e+05,3.021476662995e+02,1.123674210368e+01,1.647515604855e-03
4.873569064753e-03,5.950111306943e+01,3.238730874345e+01,2.211533056082e+05,3.021474995052e+02,1.123674825513e+01,1.645591658738e-03
4.873715247397e-03,5.949132500331e+01,3.238790636197e+01,2.214161253418e+05,3.021473326199e+02,1.123675441013e+01,1.643669579557e-03
4.873861274559e-03,5.948153574455e+01,3.238850212186e+01,2.216792959166e+05,3.021471656433e+02,1.123676056868e+01,1.641749365978e-03
4.874007146396e-03,5.947174529196e+01,3.238909602305e+01,2.219428178644e+05,3.021469985755e+02,1.123676673079e+01,1.639831016539e-03
4.874152863056e-03,5.946195364476e+01,3.238968806546e+01,2.222066917062e+05,3.021468314163e+02,1.123677289646e+01,1.637914529864e-03
4.874298424750e-03,5.945216079782e+01,3.239027824927e+01,2.224709180812e+05,3.021466641658e+02,1.123677906568e+01,1.635999903728e-03
4.874443831572e-03,5.944236675408e+01,3.239086657417e+01,2.227354974124e+05,3.021464968238e+02,1.123678523847e+01,1.634087137481e-03
4.874589083740e-03,5.943257150795e+01,3.239145304036e+01,2.230004303536e+05,3.021463293903e+02,1.123679141482e+01,1.632176228810e-03
4.874734181355e-03,5.942277506191e+01,3.239203764754e+01,2.232657173412e+05,3.021461618653e+02,1.123679759474e+01,1.630267176981e-03
4.874879124630e-03,5.941297741063e+01,3.239262039589e+01,2.235313590247e+05,3.021459942486e+02,1.123680377823e+01,1.628359979733e-03
4.875023913718e-03,5.940317855303e+01,3.239320128533e+01,2.237973559386e+05,3.021458265403e+02,1.123680996529e+01,1.626454635641e-03
4.875168548738e-03,5.939337849010e+01,3.239378031565e+01,2.240637085627e+05,3.021456587402e+02,1.123681615592e+01,1.624551143678e-03
4.875313029884e-03,5.938357721804e+01,3.239435748692e+01,2.243304175075e+05,3.021454908483e+02,1.123682235013e+01,1.622649501889e-03
4.875457357315e-03,5.937377473506e+01,3.239493279910e+01,2.245974833304e+05,3.021453228645e+02,1.123682854791e+01,1.620749708709e-03
4.875601531179e-03,5.936397104035e+01,3.239550625207e+01,2.248649065622e+05,3.021451547888e+02,1.123683474928e+01,1.618851762772e-03
4.875745551637e-03,5.935416613209e+01,3.239607784578e+01,2.251326877627e+05,3.021449866210e+02,1.123684095423e+01,1.616955662509e-03
4.875889418846e-03,5.934436000882e+01,3.239664758016e+01,2.254008274832e+05,3.021448183613e+02,1.123684716276e+01,1.615061406424e-03
4.876033132968e-03,5.933455266861e+01,3.239721545515e+01,2.256693262880e+05,3.021446500094e+02,1.123685337488e+01,1.613168992933e-03
4.876176694157e-03,5.932474411012e+01,3.239778147067e+01,2.259381847270e+05,3.021444815654e+02,1.123685959059e+01,1.611278420566e-03
4.876320102577e-03,5.931493433137e+01,3.239834562666e+01,2.262074033679e+05,3.021443130291e+02,1.123686580989e+01,1.609389687733e-03
4.876463358402e-03,5.930512332959e+01,3.239890792310e+01,2.264769828017e+05,3.021441444005e+02,1.123687203279e+01,1.607502792691e-03
4.876606461750e-03,5.929531110583e+01,3.239946835976e+01,2.267469235150e+05,3.021439756795e+02,1.123687825928e+01,1.605617734434e-03
4.876749412794e-03,5.928549765749e+01,3.240002693661e+01,2.270172260955e+05,3.021438068661e+02,1.123688448937e+01,1.603734511257e-03
4.876892211723e-03,5.927568298064e+01,3.240058365369e+01,2.272878911697e+05,3.021436379602e+02,1.123689072306e+01,1.601853121194e-03
4.877034858664e-03,5.926586707575e+01,3.240113851079e+01,2.275589192425e+05,3.021434689618e+02,1.123689696036e+01,1.599973563138e-03
4.877177353758e-03,5.925604994233e+01,3.240169150776e+01,2.278303108468e+05,3.021432998708e+02,1.123690320126e+01,1.598095835784e-03
4.877319697215e-03,5.924623157501e+01,3.240224264471e+01,2.281020666513e+05,3.021431306871e+02,1.123690944577e+01,1.596219936907e-03
4.877461889137e-03,5.923641197598e+01,3.240279192133e+01,2.283741871167e+05,3.021429614106e+02,1.123691569389e+01,1.594345865719e-03
4.877603929723e-03,5.922659114060e+01,3.240333933767e+01,2.286466728937e+05,3.021427920414e+02,1.123692194562e+01,1.592473620135e-03
4.877745819087e-03,5.921676907022e+01,3.240388489348e+01,2.289195244679e+05,3.021426225793e+02,1.123692820097e+01,1.590603199211e-03
4.877887557438e-03,5.920694575953e+01,3.240442858883e+01,2.291927425105e+05,3.021424530243e+02,1.123693445993e+01,1.588734600737e-03
4.878029144895e-03,5.919712120937e+01,3.240497042350e+01,2.294663275236e+05,3.021422833762e+02,1.123694072252e+01,1.586867823674e-03
4.878170581622e-03,5.918729541760e+01,3.240551039738e+01,2.297402800924e+05,3.021421136352e+02,1.123694698872e+01,1.585002866417e-03
4.878311867779e-03,5.917746838229e+01,3.240604851038e+01,2.300146007973e+05,3.021419438010e+02,1.123695325856e+01,1.583139727406e-03
4.878453003514e-03,5.916764010219e+01,3.240658476236e+01,2.302892902015e+05,3.021417738736e+02,1.123695953201e+01,1.581278405204e-03
4.878593988997e-03,5.915781057472e+01,3.240711915324e+01,2.305643489055e+05,3.021416038530e+02,1.123696580910e+01,1.579418898131e-03
4.878734824371e-03,5.914797979902e+01,3.240765168286e+01,2.308397774630e+05,3.021414337391e+02,1.123697208982e+01,1.577561204829e-03
4.878875509794e-03,5.913814777333e+01,3.240818235109e+01,2.311155764539e+05,3.021412635319e+02,1.123697837418e+01,1.575705323774e-03
4.879016045435e-03,5.912831449481e+01,3.240871115787e+01,2.313917464899e+05,3.021410932311e+02,1.123698466217e+01,1.573851253236e-03
4.879156431415e-03,5.911847996436e+01,3.240923810292e+01,2.316682880777e+05,3.021409228370e+02,1.123699095379e+01,1.571998992196e-03
4.879296667938e-03,5.910864417673e+01,3.240976318630e+01,2.319452018989e+05,3.021407523492e+02,1.123699724906e+01,1.570148538473e-03
4.879436755101e-03,5.909880713429e+01,3.241028640765e+01,2.322224884210e+05,3.021405817678e+02,1.123700354798e+01,1.568299891324e-03
4.879576693128e-03,5.908896883048e+01,3.241080776709e+01,2.325001483644e+05,3.021404110927e+02,1.123700985054e+01,1.566453048330e-03
4.879716482107e-03,5.907912926835e+01,3.241132726423e+01,2.327781821796e+05,3.021402403239e+02,1.123701615675e+01,1.564608008876e-03
4.879856122246e-03,5.906928844226e+01,3.241184489912e+01,2.330565905632e+05,3.021400694613e+02,1.123702246661e+01,1.562764770717e-03
4.879995613645e-03,5.905944635444e+01,3.241236067141e+01,2.333353739903e+05,3.021398985048e+02,1.123702878012e+01,1.560923333088e-03
4.880134956495e-03,5.904960300060e+01,3.241287458108e+01,2.336145331219e+05,3.021397274544e+02,1.123703509729e+01,1.559083693999e-03
4.880274150964e-03,5.903975837792e+01,3.241338662803e+01,2.338940685782e+05,3.021395563099e+02,1.123704141811e+01,1.557245851742e-03
4.880413197170e-03,5.902991248728e+01,3.241389681196e+01,2.341739808759e+05,3.021393850714e+02,1.123704774260e+01,1.555409805297e-03
4.880552095265e-03,5.902006532711e+01,3.241440513272e+01,2.344542706014e+05,3.021392137387e+02,1.123705407075e+01,1.553575553191e-03
4.880690845444e-03,5.901021689261e+01,3.241491159029e+01,2.347349384344e+05,3.021390423119e+02,1.123706040256e+01,1.551743093351e-03
4.880829447824e-03,5.900036718486e+01,3.241541618435e+01,2.350159848891e+05,3.021388707907e+02,1.123706673805e+01,1.549912424795e-03
4.880967902571e-03,5.899051620099e+01,3.241591891481e+01,2.352974105918e+05,3.021386991753e+02,1.123707307720e+01,1.548083545816e-03
4.881106209831e-03,5.898066393986e+01,3.241641978145e+01,2.355792161219e+05,3.021385274654e+02,1.123707942002e+01,1.546256455020e-03
4.881244369767e-03,5.897081039910e+01,3.241691878413e+01,2.358614020940e+05,3.021383556611e+02,1.123708576653e+01,1.544431150793e-03
4.881382382534e-03,5.896095557666e+01,3.241741592268e+01,2.361439691150e+05,3.021381837623e+02,1.123709211671e+01,1.542607631582e-03
4.881520248269e-03,5.895109947204e+01,3.241791119687e+01,2.364269177487e+05,3.021380117688e+02,1.123709847056e+01,1.540785896115e-03
4.881657967133e-03,5.894124208286e+01,3.241840460653e+01,2.367102486132e+05,3.021378396807e+02,1.123710482810e+01,1.538965942784e-03
4.881795539268e-03,5.893138340808e+01,3.241889615145e+01,2.369939622898e+05,3.021376674979e+02,1.123711118933e+01,1.537147770220e-03
4.881932964857e-03,5.892152344372e+01,3.241938583155e+01,2.372780594452e+05,3.021374952203e+02,1.123711755424e+01,1.535331376518e-03
4.882070244020e-03,5.891166219036e+01,3.241987364650e+01,2.375625406159e+05,3.021373228479e+02,1.123712392285e+01,1.533516760615e-03
4.882207376927e-03,5.890179964494e+01,3.242035959619e+01,2.378474064444e+05,3.021371503805e+02,1.123713029514e+01,1.531703920778e-03
4.882344363718e-03,5.889193580660e+01,3.242084368036e+01,2.381326575104e+05,3.021369778182e+02,1.123713667113e+01,1.529892855682e-03
4.882481204541e-03,5.888207067377e+01,3.242132589881e+01,2.384182944161e+05,3.021368051608e+02,1.123714305082e+01,1.528083563866e-03
4.882617899579e-03,5.887220424235e+01,3.242180625144e+01,2.387043178370e+05,3.021366324082e+02,1.123714943421e+01,1.526276043416e-03
4.882754448945e-03,5.886233651353e+01,3.242228473790e+01,2.389907282968e+05,3.021364595605e+02,1.123715582130e+01,1.524470293383e-03
4.882890852804e-03,5.885246748436e+01,3.242276135803e+01,2.392775264407e+05,3.021362866176e+02,1.123716221210e+01,1.522666312060e-03
4.883027111310e-03,5.884259715295e+01,3.242323611162e+01,2.395647128833e+05,3.021361135793e+02,1.123716860660e+01,1.520864097941e-03
4.883163224615e-03,5.883272551742e+01,3.242370899846e+01,2.398522882415e+05,3.021359404457e+02,1.123717500481e+01,1.519063649516e-03
4.883299192872e-03,5.882285257575e+01,3.242418001834e+01,2.401402531358e+05,3.021357672166e+02,1.123718140674e+01,1.517264965256e-03
4.883435016226e-03,5.881297832668e+01,3.242464917102e+01,2.404286081665e+05,3.021355938919e+02,1.123718781238e+01,1.515468043773e-03
4.883570694808e-03,5.880310276983e+01,3.242511645618e+01,2.407173539088e+05,3.021354204718e+02,1.123719422173e+01,1.513672883836e-03
4.883706228820e-03,5.879322589958e+01,3.242558187380e+01,2.410064910931e+05,3.021352469559e+02,1.123720063481e+01,1.511879483261e-03
4.883841618360e-03,5.878334771795e+01,3.242604542345e+01,2.412960202260e+05,3.021350733443e+02,1.123720705161e+01,1.510087841262e-03
4.883976863599e-03,5.877346822167e+01,3.242650710497e+01,2.415859419712e+05,3.021348996370e+02,1.123721347213e+01,1.508297956085e-03
4.884111964685e-03,5.876358740900e+01,3.242696691811e+01,2.418762569483e+05,3.021347258338e+02,1.123721989638e+01,1.506509826260e-03
4.884246921789e-03,5.875370527668e+01,3.242742486269e+01,2.421669658222e+05,3.021345519347e+02,1.123722632437e+01,1.504723450043e-03
4.884381735017e-03,5.874382182599e+01,3.242788093834e+01,2.424580691265e+05,3.021343779396e+02,1.123723275608e+01,1.502938826509e-03
4.884516404550e-03,5.873393705292e+01,3.242833514491e+01,2.427495675504e+05,3.021342038484e+02,1.123723919153e+01,1.501155953782e-03
4.884650930525e-03,5.872405095646e+01,3.242878748209e+01,2.430414616966e+05,3.021340296612e+02,1.123724563072e+01,1.499374830528e-03
4.884785313113e-03,5.871416353328e+01,3.242923794972e+01,2.433337522375e+05,3.021338553777e+02,1.123725207364e+01,1.497595454992e-03
4.884919552423e-03,5.870427478444e+01,3.242968654739e+01,2.436264397159e+05,3.021336809980e+02,1.123725852031e+01,1.495817826221e-03
4.885053648625e-03,5.869438470662e+01,3.243013327493e+01,2.439195248064e+05,3.021335065220e+02,1.123726497073e+01,1.494041942463e-03
4.885187601892e-03,5.868449329617e+01,3.243057813213e+01,2.442130081938e+05,3.021333319495e+02,1.123727142489e+01,1.492267801917e-03
4.885321412330e-03,5.867460055447e+01,3.243102111861e+01,2.445068904156e+05,3.021331572806e+02,1.123727788281e+01,1.490495403682e-03
4.885455080109e-03,5.866470647798e+01,3.243146223415e+01,2.448011721552e+05,3.021329825152e+02,1.123728434447e+01,1.488724745979e-03
4.885588605376e-03,5.865481106510e+01,3.243190147847e+01,2.450958540409e+05,3.021328076532e+02,1.123729080989e+01,1.486955827374e-03
4.885721988281e-03,5.864491431379e+01,3.243233885132e+01,2.453909367145e+05,3.021326326945e+02,1.123729727907e+01,1.485188646359e-03
4.885855228952e-03,5.863501622368e+01,3.243277435233e+01,2.456864207690e+05,3.021324576391e+02,1.123730375201e+01,1.483423201726e-03
4.885988327584e-03,5.862511678946e+01,3.243320798139e+01,2.459823069463e+05,3.021322824869e+02,1.123731022872e+01,1.481659491384e-03
4.886121284263e-03,5.861521601394e+01,3.243363973801e+01,2.462785957473e+05,3.021321072378e+02,1.123731670919e+01,1.479897514690e-03
4.886254099184e-03,5.860531389158e+01,3.243406962204e+01,2.465752879225e+05,3.021319318918e+02,1.123732319343e+01,1.478137269521e-03
4.886386772472e-03,5.859541042236e+01,3.243449763314e+01,2.468723840596e+05,3.021317564487e+02,1.123732968144e+01,1.476378754731e-03
4.886519304286e-03,5.858550560353e+01,3.243492377102e+01,2.471698848284e+05,3.021315809086e+02,1.123733617322e+01,1.474621968695e-03
4.886651694761e-03,5.857559943404e+01,3.243534803537e+01,2.474677908491e+05,3.021314052714e+02,1.123734266878e+01,1.472866910090e-03
4.886783944058e-03,5.856569191115e+01,3.243577042592e+01,2.477661027941e+05,3.021312295369e+02,1.123734916812e+01,1.471113577292e-03
4.886916052300e-03,5.855578303458e+01,3.243619094230e+01,2.480648212626e+05,3.021310537051e+02,1.123735567124e+01,1.469361969116e-03
4.887048019653e-03,5.854587280120e+01,3.243660958425e+01,2.483639469407e+05,3.021308777760e+02,1.123736217814e+01,1.467612083876e-03
4.887179846268e-03,5.853596120876e+01,3.243702635148e+01,2.486634804897e+05,3.021307017495e+02,1.123736868884e+01,1.465863920038e-03
4.887311532295e-03,5.852604825514e+01,3.243744124367e+01,2.489634225677e+05,3.021305256255e+02,1.123737520332e+01,1.464117476099e-03
4.887443077838e-03,5.851613394158e+01,3.243785426040e+01,2.492637737325e+05,3.021303494039e+02,1.123738172159e+01,1.462372751142e-03
4.887574483095e-03,5.850621826229e+01,3.243826540149e+01,2.495645347558e+05,3.021301730846e+02,1.123738824366e+01,1.460629743020e-03
4.887705748168e-03,5.849630121884e+01,3.243867466648e+01,2.498657061874e+05,3.021299966677e+02,1.123739476952e+01,1.458888450878e-03
4.887836873240e-03,5.848638280647e+01,3.243908205516e+01,2.501672887700e+05,3.021298201530e+02,1.123740129919e+01,1.457148872754e-03
4.887967858454e-03,5.847646302351e+01,3.243948756719e+01,2.504692831549e+05,3.021296435405e+02,1.123740783266e+01,1.455411007223e-03
4.888098703919e-03,5.846654187075e+01,3.243989120214e+01,2.507716899183e+05,3.021294668300e+02,1.123741436993e+01,1.453674853300e-03
4.888229409817e-03,5.845661934372e+01,3.244029295976e+01,2.510745097984e+05,3.021292900216e+02,1.123742091101e+01,1.451940409076e-03
4.888359976288e-03,5.844669544071e+01,3.244069283970e+01,2.513777434503e+05,3.021291131150e+02,1.123742745590e+01,1.450207673129e-03
4.888490403452e-03,5.843677016195e+01,3.244109084155e+01,2.516813914716e+05,3.021289361104e+02,1.123743400461e+01,1.448476644371e-03
4.888620691468e-03,5.842684350434e+01,3.244148696500e+01,2.519854545616e+05,3.021287590076e+02,1.123744055713e+01,1.446747321143e-03
4.888750840508e-03,5.841691546395e+01,3.244188120978e+01,2.522899334475e+05,3.021285818065e+02,1.123744711347e+01,1.445019701637e-03
4.888880850673e-03,5.840698604216e+01,3.244227357542e+01,2.525948286948e+05,3.021284045071e+02,1.123745367363e+01,1.443293784971e-03
4.889010722125e-03,5.839705523581e+01,3.244266406159e+01,2.529001410084e+05,3.021282271092e+02,1.123746023761e+01,1.441569569477e-03
4.889140455032e-03,5.838712304118e+01,3.244305266802e+01,2.532058711128e+05,3.021280496129e+02,1.123746680543e+01,1.439847053393e-03
4.889270049487e-03,5.837718946027e+01,3.244343939418e+01,2.535120195577e+05,3.021278720180e+02,1.123747337707e+01,1.438126235942e-03
4.889399505688e-03,5.836725448695e+01,3.244382423988e+01,2.538185871433e+05,3.021276943245e+02,1.123747995254e+01,1.436407114951e-03
4.889528823735e-03,5.835731812284e+01,3.244420720461e+01,2.541255744332e+05,3.021275165323e+02,1.123748653185e+01,1.434689689582e-03
4.889658003808e-03,5.834738036310e+01,3.244458828811e+01,2.544329821913e+05,3.021273386414e+02,1.123749311499e+01,1.432973957882e-03
4.889787046032e-03,5.833744120734e+01,3.244496748994e+01,2.547408110450e+05,3.021271606515e+02,1.123749970198e+01,1.431259918673e-03
4.889915950536e-03,5.832750065472e+01,3.244534480968e+01,2.550490616370e+05,3.021269825628e+02,1.123750629281e+01,1.429547570695e-03
4.890044717499e-03,5.831755870054e+01,3.244572024706e+01,2.553577347308e+05,3.021268043751e+02,1.123751288748e+01,1.427836912026e-03
4.890173347033e-03,5.830761534533e+01,3.244609380160e+01,2.556668309286e+05,3.021266260884e+02,1.123751948601e+01,1.426127941650e-03
4.890301839291e-03,5.829767058643e+01,3.244646547293e+01,2.559763509332e+05,3.021264477025e+02,1.123752608838e+01,1.424420657997e-03
4.890430194434e-03,5.828772442039e+01,3.244683526071e+01,2.562862954733e+05,3.021262692174e+02,1.123753269461e+01,1.422715059366e-03
4.890558412567e-03,5.827777684827e+01,3.244720316445e+01,2.565966651385e+05,3.021260906331e+02,1.123753930469e+01,1.421011144830e-03
4.890686493869e-03,5.826782786529e+01,3.244756918385e+01,2.569074607007e+05,3.021259119494e+02,1.123754591864e+01,1.419308912467e-03
4.890814438469e-03,5.825787747058e+01,3.244793331846e+01,2.572186828126e+05,3.021257331663e+02,1.123755253645e+01,1.417608361018e-03
4.890942246484e-03,5.824792566411e+01,3.244829556780e+01,2.575303321006e+05,3.021255542837e+02,1.123755915812e+01,1.415909489375e-03
4.891069918110e-03,5.823797243988e+01,3.244865593162e+01,2.578424093799e+05,3.021253753015e+02,1.123756578366e+01,1.414212295409e-03
4.891197453441e-03,5.822801779953e+01,3.244901440938e+01,2.581549152270e+05,3.021251962197e+02,1.123757241307e+01,1.412516778297e-03
4.891324852649e-03,5.821806173890e+01,3.244937100073e+01,2.584678504017e+05,3.021250170382e+02,1.123757904635e+01,1.410822936231e-03
4.891452115853e-03,5.820810425773e+01,3.244972570520e+01,2.587812155434e+05,3.021248377569e+02,1.123758568351e+01,1.409130768061e-03
4.891579243204e-03,5.819814535330e+01,3.245007852239e+01,2.590950113689e+05,3.021246583758e+02,1.123759232454e+01,1.407440272228e-03
4.891706234856e-03,5.818818502279e+01,3.245042945191e+01,2.594092386002e+05,3.021244788947e+02,1.123759896946e+01,1.405751447154e-03
4.891833090929e-03,5.817822326582e+01,3.245077849326e+01,2.597238978833e+05,3.021242993136e+02,1.123760561827e+01,1.404064291677e-03
4.891959811590e-03,5.816826007838e+01,3.245112564609e+01,2.600389899800e+05,3.021241196325e+02,1.123761227096e+01,1.402378804021e-03
4.892086396938e-03,5.815829546185e+01,3.245147090985e+01,2.603545154834e+05,3.021239398512e+02,1.123761892754e+01,1.400694983322e-03
4.892212847172e-03,5.814832940969e+01,3.245181428425e+01,2.606704752386e+05,3.021237599697e+02,1.123762558801e+01,1.399012827380e-03
4.892339162375e-03,5.813836192450e+01,3.245215576869e+01,2.609868698016e+05,3.021235799878e+02,1.123763225238e+01,1.397332335541e-03
4.892465342729e-03,5.812839300102e+01,3.245249536284e+01,2.613036999792e+05,3.021233999056e+02,1.123763892064e+01,1.395653505827e-03
4.892591388348e-03,5.811842263932e+01,3.245283306618e+01,2.616209664112e+05,3.021232197230e+02,1.123764559281e+01,1.393976337153e-03
4.892717299394e-03,5.810845083576e+01,3.245316887832e+01,2.619386698553e+05,3.021230394398e+02,1.123765226888e+01,1.392300827821e-03
4.892843076007e-03,5.809847758830e+01,3.245350279878e+01,2.622568110208e+05,3.021228590561e+02,1.123765894886e+01,1.390626976394e-03
4.892968718278e-03,5.808850289897e+01,3.245383482699e+01,2.625753904873e+05,3.021226785717e+02,1.123766563275e+01,1.388954782127e-03
4.893094226432e-03,5.807852675885e+01,3.245416496271e+01,2.628944091858e+05,3.021224979865e+02,1.123767232055e+01,1.387284242436e-03
4.893219600536e-03,5.806854917186e+01,3.245449320527e+01,2.632138676390e+05,3.021223173005e+02,1.123767901227e+01,1.385615356888e-03
4.893344840764e-03,5.805857013331e+01,3.245481955430e+01,2.635337666449e+05,3.021221365136e+02,1.123768570790e+01,1.383948123616e-03
4.893469947253e-03,5.804858964124e+01,3.245514400932e+01,2.638541069166e+05,3.021219556257e+02,1.123769240745e+01,1.382282541206e-03
4.893594920123e-03,5.803860769528e+01,3.245546656979e+01,2.641748891168e+05,3.021217746369e+02,1.123769911093e+01,1.380618608512e-03
4.893719759546e-03,5.802862429084e+01,3.245578723532e+01,2.644961140450e+05,3.021215935468e+02,1.123770581834e+01,1.378956323688e-03
4.893844465633e-03,5.801863942811e+01,3.245610600536e+01,2.648177823491e+05,3.021214123556e+02,1.123771252967e+01,1.377295685680e-03
4.893969038530e-03,5.800865310448e+01,3.245642287943e+01,2.651398947676e+05,3.021212310631e+02,1.123771924494e+01,1.375636692976e-03
4.894093478376e-03,5.799866531799e+01,3.245673785705e+01,2.654624520195e+05,3.021210496693e+02,1.123772596414e+01,1.373979344170e-03
4.894217785339e-03,5.798867606426e+01,3.245705093779e+01,2.657854549036e+05,3.021208681740e+02,1.123773268728e+01,1.372323637457e-03
4.894341959493e-03,5.797868534641e+01,3.245736212100e+01,2.661089039777e+05,3.021206865773e+02,1.123773941436e+01,1.370669572274e-03
4.894466001048e-03,5.796869315671e+01,3.245767140634e+01,2.664328001515e+05,3.021205048790e+02,1.123774614539e+01,1.369017146265e-03
4.894589910076e-03,5.795869949842e+01,3.245797879316e+01,2.667571439802e+05,3.021203230790e+02,1.123775288036e+01,1.367366358895e-03
4.894713686778e-03,5.794870436443e+01,3.245828428109e+01,2.670819363567e+05,3.021201411773e+02,1.123775961928e+01,1.365717207913e-03
4.894837331253e-03,5.793870775591e+01,3.245858786953e+01,2.674071779067e+05,3.021199591738e+02,1.123776636215e+01,1.364069692439e-03
4.894960843645e-03,5.792870967027e+01,3.245888955798e+01,2.677328693787e+05,3.021197770684e+02,1.123777310898e+01,1.362423810974e-03
4.895084224093e-03,5.791871010541e+01,3.245918934592e+01,2.680590115075e+05,3.021195948610e+02,1.123777985977e+01,1.360779562100e-03
4.895207472736e-03,5.790870905917e+01,3.245948723283e+01,2.683856050307e+05,3.021194125517e+02,1.123778661452e+01,1.359136944389e-03
4.895330589725e-03,5.789870652829e+01,3.245978321823e+01,2.687126507229e+05,3.021192301402e+02,1.123779337323e+01,1.357495956238e-03
4.895453575167e-03,5.788870251333e+01,3.246007730149e+01,2.690401492358e+05,3.021190476265e+02,1.123780013591e+01,1.355856596670e-03
4.895576429230e-03,5.787869700974e+01,3.246036948218e+01,2.693681013894e+05,3.021188650105e+02,1.123780690256e+01,1.354218863871e-03
4.895699152024e-03,5.786869001747e+01,3.246065975968e+01,2.696965078575e+05,3.021186822923e+02,1.123781367319e+01,1.352582756766e-03
4.895821743704e-03,5.785868153321e+01,3.246094813350e+01,2.700253694226e+05,3.021184994716e+02,1.123782044778e+01,1.350948273746e-03
4.895944204405e-03,5.784867155490e+01,3.246123460309e+01,2.703546868267e+05,3.021183165484e+02,1.123782722636e+01,1.349315413414e-03
4.896066534274e-03,5.783866007966e+01,3.246151916792e+01,2.706844608410e+05,3.021181335226e+02,1.123783400892e+01,1.347684174234e-03
4.896188733417e-03,5.782864710799e+01,3.246180182738e+01,2.710146921265e+05,3.021179503942e+02,1.123784079547e+01,1.346054555226e-03
4.896310801980e-03,5.781863263686e+01,3.246208258093e+01,2.713453814621e+05,3.021177671630e+02,1.123784758600e+01,1.344426554832e-03
4.896432740125e-03,5.780861666223e+01,3.246236142807e+01,2.716765296603e+05,3.021175838291e+02,1.123785438052e+01,1.342800171339e-03
4.896554547984e-03,5.779859918232e+01,3.246263836823e+01,2.720081374624e+05,3.021174003922e+02,1.123786117904e+01,1.341175403394e-03
4.896676225646e-03,5.778858019882e+01,3.246291340074e+01,2.723402054941e+05,3.021172168524e+02,1.123786798155e+01,1.339552250217e-03
4.896797773284e-03,5.777855970673e+01,3.246318652512e+01,2.726727346056e+05,3.021170332096e+02,1.123787478806e+01,1.337930709935e-03
4.896919191063e-03,5.776853770147e+01,3.246345774085e+01,2.730057256336e+05,3.021168494636e+02,1.123788159858e+01,1.336310780756e-03
4.897040479044e-03,5.775851418701e+01,3.246372704720e+01,2.733391791334e+05,3.021166656144e+02,1.123788841310e+01,1.334692462260e-03
4.897161637433e-03,5.774848915562e+01,3.246399444373e+01,2.736730960492e+05,3.021164816620e+02,1.123789523163e+01,1.333075752149e-03
4.897282666327e-03,5.773846260817e+01,3.246425992979e+01,2.740074770420e+05,3.021162976062e+02,1.123790205417e+01,1.331460649507e-03
4.897403565859e-03,5.772843454290e+01,3.246452350478e+01,2.743423228602e+05,3.021161134469e+02,1.123790888073e+01,1.329847153000e-03
4.897524336199e-03,5.771840495469e+01,3.246478516819e+01,2.746776343669e+05,3.021159291842e+02,1.123791571130e+01,1.328235260750e-03
4.897644977445e-03,5.770837384445e+01,3.246504491933e+01,2.750134122245e+05,3.021157448178e+02,1.123792254589e+01,1.326624971856e-03
4.897765489742e-03,5.769834120941e+01,3.246530275764e+01,2.753496572205e+05,3.021155603478e+02,1.123792938451e+01,1.325016284821e-03
4.897885873242e-03,5.768830704582e+01,3.246555868256e+01,2.756863701765e+05,3.021153757740e+02,1.123793622715e+01,1.323409197995e-03
4.898006128040e-03,5.767827135486e+01,3.246581269338e+01,2.760235517492e+05,3.021151910964e+02,1.123794307383e+01,1.321803710523e-03
4.898126254318e-03,5.766823413061e+01,3.246606478961e+01,2.763612028368e+05,3.021150063149e+02,1.123794992453e+01,1.320199820406e-03
4.898246252190e-03,5.765819537243e+01,3.246631497059e+01,2.766993241599e+05,3.021148214294e+02,1.123795677927e+01,1.318597526501e-03
4.898366121776e-03,5.764815507951e+01,3.246656323566e+01,2.770379164472e+05,3.021146364398e+02,1.123796363805e+01,1.316996827633e-03
4.898485863227e-03,5.763811324819e+01,3.246680958425e+01,2.773769805246e+05,3.021144513460e+02,1.123797050088e+01,1.315397722174e-03
4.898605476659e-03,5.762806987783e+01,3.246705401570e+01,2.777165171177e+05,3.021142661481e+02,1.123797736774e+01,1.313800208978e-03
4.898724962251e-03,5.761802496252e+01,3.246729652947e+01,2.780565271309e+05,3.021140808458e+02,1.123798423866e+01,1.312204286067e-03
4.898844320067e-03,5.760797850603e+01,3.246753712479e+01,2.783970111433e+05,3.021138954391e+02,1.123799111362e+01,1.310609952999e-03
4.898963550302e-03,5.759793050094e+01,3.246777580115e+01,2.787379701147e+05,3.021137099279e+02,1.123799799264e+01,1.309017207554e-03
4.899082653063e-03,5.758788094728e+01,3.246801255785e+01,2.790794047527e+05,3.021135243122e+02,1.123800487572e+01,1.307426048703e-03
4.899201628479e-03,5.757782984337e+01,3.246824739425e+01,2.794213158251e+05,3.021133385919e+02,1.123801176286e+01,1.305836475140e-03
4.899320476682e-03,5.756777718701e+01,3.246848030969e+01,2.797637041189e+05,3.021131527668e+02,1.123801865406e+01,1.304248485480e-03
4.899439197830e-03,5.755772297402e+01,3.246871130358e+01,2.801065704896e+05,3.021129668370e+02,1.123802554932e+01,1.302662078028e-03
4.899557792026e-03,5.754766720469e+01,3.246894037521e+01,2.804499156423e+05,3.021127808022e+02,1.123803244866e+01,1.301077251796e-03
4.899676259423e-03,5.753760987519e+01,3.246916752395e+01,2.807937404235e+05,3.021125946625e+02,1.123803935207e+01,1.299494005147e-03
4.899794600132e-03,5.752755098510e+01,3.246939274911e+01,2.811380455650e+05,3.021124084178e+02,1.123804625955e+01,1.297912336983e-03
4.899912814309e-03,5.751749053031e+01,3.246961605006e+01,2.814828319268e+05,3.021122220679e+02,1.123805317111e+01,1.296332245624e-03
4.900030902089e-03,5.750742850829e+01,3.246983742614e+01,2.818281003151e+05,3.021120356128e+02,1.123806008676e+01,1.294753729647e-03
4.900148863558e-03,5.749736492087e+01,3.247005687660e+01,2.821738513895e+05,3.021118490525e+02,1.123806700649e+01,1.293176788305e-03
4.900266698908e-03,5.748729976083e+01,3.247027440085e+01,2.825200861203e+05,3.021116623867e+02,1.123807393031e+01,1.291601419443e-03
4.900384408227e-03,5.747723302955e+01,3.247048999816e+01,2.828668051849e+05,3.021114756156e+02,1.123808085821e+01,1.290027622246e-03
4.900501991684e-03,5.746716472170e+01,3.247070366789e+01,2.832140094927e+05,3.021112887388e+02,1.123808779022e+01,1.288455394857e-03
4.900619449368e-03,5.745709483883e+01,3.247091540929e+01,2.835616997172e+05,3.021111017565e+02,1.123809472632e+01,1.286884736493e-03
4.900736781446e-03,5.744702337559e+01,3.247112522173e+01,2.839098767721e+05,3.021109146685e+02,1.123810166652e+01,1.285315645292e-03
4.900853988033e-03,5.743695033123e+01,3.247133310448e+01,2.842585414132e+05,3.021107274747e+02,1.123810861083e+01,1.283748120117e-03
4.900971069267e-03,5.742687570286e+01,3.247153905686e+01,2.846076944715e+05,3.021105401750e+02,1.123811555924e+01,1.282182159498e-03
4.901088025276e-03,5.741679948873e+01,3.247174307815e+01,2.849573367413e+05,3.021103527693e+02,1.123812251176e+01,1.280617762139e-03
4.901204856178e-03,5.740672168756e+01,3.247194516763e+01,2.853074690006e+05,3.021101652577e+02,1.123812946839e+01,1.279054926822e-03
4.901321562128e-03,5.739664229508e+01,3.247214532463e+01,2.856580921339e+05,3.021099776399e+02,1.123813642915e+01,1.277493651866e-03
4.901438143242e-03,5.738656131039e+01,3.247234354840e+01,2.860092069098e+05,3.021097899159e+02,1.123814339402e+01,1.275933936112e-03
4.901554599649e-03,5.737647873140e+01,3.247253983824e+01,2.863608141390e+05,3.021096020857e+02,1.123815036301e+01,1.274375778223e-03
4.901670931490e-03,5.736639455489e+01,3.247273419343e+01,2.867129146741e+05,3.021094141491e+02,1.123815733613e+01,1.272819176684e-03
4.901787138885e-03,5.735630877963e+01,3.247292661322e+01,2.870655092995e+05,3.021092261060e+02,1.123816431338e+01,1.271264130290e-03
4.901903221983e-03,5.734622140166e+01,3.247311709693e+01,2.874185988968e+05,3.021090379564e+02,1.123817129476e+01,1.269710637415e-03
4.902019180877e-03,5.733613242194e+01,3.247330564375e+01,2.877721841761e+05,3.021088497002e+02,1.123817828028e+01,1.268158697198e-03
4.902135015712e-03,5.732604183707e+01,3.247349225298e+01,2.881262660030e+05,3.021086613373e+02,1.123818526994e+01,1.266608308098e-03
4.902250726667e-03,5.731594964034e+01,3.247367692394e+01,2.884808453593e+05,3.021084728675e+02,1.123819226374e+01,1.265059468081e-03
4.902366313787e-03,5.730585583690e+01,3.247385965576e+01,2.888359228135e+05,3.021082842910e+02,1.123819926168e+01,1.263512176921e-03
4.902481777283e-03,5.729576041751e+01,3.247404044783e+01,2.891914994404e+05,3.021080956074e+02,1.123820626377e+01,1.261966432197e-03
4.902597117213e-03,5.728566338600e+01,3.247421929926e+01,2.895475758571e+05,3.021079068168e+02,1.123821327001e+01,1.260422233486e-03
4.902712333749e-03,5.727556473643e+01,3.247439620938e+01,2.899041530257e+05,3.021077179191e+02,1.123822028041e+01,1.258879578872e-03
4.902827427003e-03,5.726546446816e+01,3.247457117738e+01,2.902612317232e+05,3.021075289142e+02,1.123822729497e+01,1.257338467254e-03
4.902942397134e-03,5.725536257607e+01,3.247474420257e+01,2.906188128868e+05,3.021073398020e+02,1.123823431369e+01,1.255798896844e-03
4.903057244233e-03,5.724525906133e+01,3.247491528409e+01,2.909768972325e+05,3.021071505824e+02,1.123824133657e+01,1.254260866820e-03
4.903171968441e-03,5.723515392056e+01,3.247508442122e+01,2.913354856394e+05,3.021069612554e+02,1.123824836362e+01,1.252724375660e-03
4.903286569885e-03,5.722504715167e+01,3.247525161315e+01,2.916945789413e+05,3.021067718208e+02,1.123825539484e+01,1.251189422048e-03
4.903401048709e-03,5.721493875106e+01,3.247541685913e+01,2.920541780290e+05,3.021065822786e+02,1.123826243024e+01,1.249656004435e-03
4.903515405028e-03,5.720482871741e+01,3.247558015837e+01,2.924142837121e+05,3.021063926286e+02,1.123826946981e+01,1.248124121623e-03
4.903629638984e-03,5.719471704741e+01,3.247574151008e+01,2.927748968739e+05,3.021062028708e+02,1.123827651357e+01,1.246593772111e-03
4.903743750668e-03,5.718460374202e+01,3.247590091343e+01,2.931360182463e+05,3.021060130052e+02,1.123828356150e+01,1.245064955047e-03
4.903857740243e-03,5.717448879573e+01,3.247605836766e+01,2.934976487937e+05,3.021058230315e+02,1.123829061363e+01,1.243537668602e-03
4.903971607834e-03,5.716437220657e+01,3.247621387197e+01,2.938597893560e+05,3.021056329498e+02,1.123829766995e+01,1.242011911483e-03
4.904085353556e-03,5.715425397340e+01,3.247636742554e+01,2.942224407453e+05,3.021054427599e+02,1.123830473046e+01,1.240487682524e-03
4.904198977552e-03,5.714413409251e+01,3.247651902757e+01,2.945856038670e+05,3.021052524618e+02,1.123831179517e+01,1.238964980171e-03
4.904312479926e-03,5.713401256365e+01,3.247666867723e+01,2.949492795035e+05,3.021050620554e+02,1.123831886408e+01,1.237443803396e-03
4.904425860831e-03,5.712388938219e+01,3.247681637373e+01,2.953134685968e+05,3.021048715405e+02,1.123832593720e+01,1.235924150513e-03
4.904539120388e-03,5.711376454649e+01,3.247696211623e+01,2.956781719832e+05,3.021046809172e+02,1.123833301452e+01,1.234406020282e-03
4.904652258693e-03,5.710363805685e+01,3.247710590388e+01,2.960433904298e+05,3.021044901852e+02,1.123834009605e+01,1.232889411763e-03
4.904765275928e-03,5.709350990612e+01,3.247724773592e+01,2.964091249752e+05,3.021042993446e+02,1.123834718180e+01,1.231374322893e-03
4.904878172177e-03,5.708338009573e+01,3.247738761145e+01,2.967753763485e+05,3.021041083952e+02,1.123835427176e+01,1.229860752902e-03
4.904990947576e-03,5.707324862263e+01,3.247752552965e+01,2.971421454438e+05,3.021039173370e+02,1.123836136595e+01,1.228348700346e-03
4.905103602256e-03,5.706311548403e+01,3.247766148969e+01,2.975094331462e+05,3.021037261698e+02,1.123836846435e+01,1.226838163825e-03
4.905216136343e-03,5.705298067757e+01,3.247779549071e+01,2.978772403277e+05,3.021035348936e+02,1.123837556699e+01,1.225329142001e-03
4.905328549990e-03,5.704284419855e+01,3.247792753190e+01,2.982455679468e+05,3.021033435082e+02,1.123838267386e+01,1.223821633194e-03
4.905440843270e-03,5.703270604940e+01,3.247805761234e+01,2.986144167038e+05,3.021031520137e+02,1.123838978496e+01,1.222315636783e-03
4.905553016336e-03,5.702256622536e+01,3.247818573120e+01,2.989837875636e+05,3.021029604099e+02,1.123839690030e+01,1.220811151077e-03
4.905665069311e-03,5.701242472431e+01,3.247831188763e+01,2.993536813950e+05,3.021027686967e+02,1.123840401988e+01,1.219308174785e-03
4.905777002343e-03,5.700228154188e+01,3.247843608076e+01,2.997240991516e+05,3.021025768740e+02,1.123841114371e+01,1.217806706279e-03
4.905888815532e-03,5.699213667807e+01,3.247855830972e+01,3.000950416292e+05,3.021023849418e+02,1.123841827178e+01,1.216306744582e-03
4.906000509001e-03,5.698199013075e+01,3.247867857361e+01,3.004665097027e+05,3.021021928999e+02,1.123842540410e+01,1.214808288400e-03
4.906112082888e-03,5.697184189631e+01,3.247879687158e+01,3.008385043025e+05,3.021020007483e+02,1.123843254068e+01,1.213311336227e-03
4.906223537302e-03,5.696169197401e+01,3.247891320272e+01,3.012110262562e+05,3.021018084869e+02,1.123843968152e+01,1.211815886977e-03
4.906334872426e-03,5.695154035612e+01,3.247902756621e+01,3.015840766498e+05,3.021016161154e+02,1.123844682662e+01,1.210321938539e-03
4.906446088284e-03,5.694138704947e+01,3.247913996104e+01,3.019576560352e+05,3.021014236341e+02,1.123845397598e+01,1.208829490944e-03
4.906557185089e-03,5.693123204362e+01,3.247925038642e+01,3.023317656015e+05,3.021012310426e+02,1.123846112961e+01,1.207338541686e-03
4.906668162926e-03,5.692107533976e+01,3.247935884140e+01,3.027064061116e+05,3.021010383410e+02,1.123846828752e+01,1.205849089970e-03
4.906779021929e-03,5.691091693479e+01,3.247946532508e+01,3.030815784881e+05,3.021008455290e+02,1.123847544970e+01,1.204361134372e-03
4.906889762228e-03,5.690075682581e+01,3.247956983657e+01,3.034572836481e+05,3.021006526067e+02,1.123848261615e+01,1.202874673497e-03
4.907000383917e-03,5.689059501303e+01,3.247967237493e+01,3.038335223945e+05,3.021004595740e+02,1.123848978689e+01,1.201389706410e-03
4.907110887169e-03,5.688043148980e+01,3.247977293927e+01,3.042102957871e+05,3.021002664307e+02,1.123849696192e+01,1.199906231172e-03
4.907221272071e-03,5.687026625690e+01,3.247987152865e+01,3.045876046117e+05,3.021000731767e+02,1.123850414123e+01,1.198424246931e-03
4.907331538763e-03,5.686009931059e+01,3.247996814215e+01,3.049654498231e+05,3.020998798121e+02,1.123851132484e+01,1.196943752178e-03
4.907441687362e-03,5.684993064913e+01,3.248006277883e+01,3.053438323038e+05,3.020996863366e+02,1.123851851274e+01,1.195464745696e-03
4.907551717992e-03,5.683976026994e+01,3.248015543778e+01,3.057227529692e+05,3.020994927502e+02,1.123852570494e+01,1.193987226148e-03
4.907661630784e-03,5.682958817002e+01,3.248024611804e+01,3.061022127525e+05,3.020992990528e+02,1.123853290145e+01,1.192511192135e-03
4.907771425860e-03,5.681941434705e+01,3.248033481868e+01,3.064822125628e+05,3.020991052443e+02,1.123854010226e+01,1.191036642362e-03
4.907881103344e-03,5.680923879858e+01,3.248042153875e+01,3.068627533160e+05,3.020989113246e+02,1.123854730738e+01,1.189563575514e-03
4.907990663348e-03,5.679906152322e+01,3.248050627728e+01,3.072438358902e+05,3.020987172936e+02,1.123855451681e+01,1.188091990432e-03
4.908100105998e-03,5.678888251811e+01,3.248058903334e+01,3.076254612198e+05,3.020985231513e+02,1.123856173056e+01,1.186621885747e-03
4.908209431433e-03,5.677870177956e+01,3.248066980597e+01,3.080076302727e+05,3.020983288975e+02,1.123856894864e+01,1.185153259966e-03
4.908318639745e-03,5.676851930794e+01,3.248074859417e+01,3.083903438661e+05,3.020981345322e+02,1.123857617103e+01,1.183686112190e-03
4.908427731104e-03,5.675833509631e+01,3.248082539702e+01,3.087736030937e+05,3.020979400552e+02,1.123858339776e+01,1.182220440462e-03
4.908536705603e-03,5.674814914497e+01,3.248090021353e+01,3.091574087776e+05,3.020977454665e+02,1.123859062881e+01,1.180756243878e-03
4.908645563357e-03,5.673796145222e+01,3.248097304270e+01,3.095417618187e+05,3.020975507659e+02,1.123859786420e+01,1.179293521236e-03
4.908754304483e-03,5.672777201621e+01,3.248104388356e+01,3.099266631239e+05,3.020973559535e+02,1.123860510393e+01,1.177832271323e-03
4.908862929156e-03,5.671758082936e+01,3.248111273515e+01,3.103121138191e+05,3.020971610290e+02,1.123861234800e+01,1.176372492099e-03
4.908971437421e-03,5.670738789662e+01,3.248117959644e+01,3.106981145578e+05,3.020969659924e+02,1.123861959641e+01,1.174914183327e-03
4.909079829480e-03,5.669719320782e+01,3.248124446647e+01,3.110846665678e+05,3.020967708435e+02,1.123862684918e+01,1.173457342604e-03
4.909188105389e-03,5.668699676681e+01,3.248130734421e+01,3.114717705480e+05,3.020965755825e+02,1.123863410629e+01,1.172001969531e-03
4.909296265305e-03,5.667679856772e+01,3.248136822868e+01,3.118594275666e+05,3.020963802090e+02,1.123864136776e+01,1.170548062327e-03
4.909404309336e-03,5.666659860931e+01,3.248142711886e+01,3.122476385186e+05,3.020961847230e+02,1.123864863359e+01,1.169095619869e-03
4.909512237619e-03,5.665639688778e+01,3.248148401374e+01,3.126364043979e+05,3.020959891244e+02,1.123865590379e+01,1.167644640674e-03
4.909620050244e-03,5.664619340356e+01,3.248153891229e+01,3.130257260397e+05,3.020957934132e+02,1.123866317835e+01,1.166195123858e-03
4.909727747371e-03,5.663598815043e+01,3.248159181352e+01,3.134156045339e+05,3.020955975892e+02,1.123867045728e+01,1.164747067597e-03
4.909835329111e-03,5.662578112695e+01,3.248164271638e+01,3.138060407901e+05,3.020954016524e+02,1.123867774059e+01,1.163300470747e-03
4.909942795568e-03,5.661557233207e+01,3.248169161984e+01,3.141970357048e+05,3.020952056025e+02,1.123868502827e+01,1.161855332219e-03
4.910050146860e-03,5.660536176370e+01,3.248173852287e+01,3.145885902156e+05,3.020950094397e+02,1.123869232034e+01,1.160411650779e-03
4.910157383130e-03,5.659514941728e+01,3.248178342443e+01,3.149807053577e+05,3.020948131637e+02,1.123869961679e+01,1.158969424842e-03
4.910264504492e-03,5.658493529077e+01,3.248182632348e+01,3.153733820702e+05,3.020946167745e+02,1.123870691763e+01,1.157528653187e-03
4.910371511064e-03,5.657471938184e+01,3.248186721897e+01,3.157666213060e+05,3.020944202719e+02,1.123871422286e+01,1.156089334550e-03
4.910478402981e-03,5.656450168687e+01,3.248190610985e+01,3.161604240697e+05,3.020942236559e+02,1.123872153249e+01,1.154651467486e-03
4.910585180319e-03,5.655428220727e+01,3.248194299505e+01,3.165547911731e+05,3.020940269264e+02,1.123872884651e+01,1.153215051259e-03
4.910691843247e-03,5.654406093596e+01,3.248197787352e+01,3.169497237578e+05,3.020938300832e+02,1.123873616494e+01,1.151780083944e-03
4.910798391858e-03,5.653383787307e+01,3.248201074419e+01,3.173452226896e+05,3.020936331264e+02,1.123874348778e+01,1.150346564625e-03
4.910904826288e-03,5.652361301432e+01,3.248204160599e+01,3.177412890051e+05,3.020934360557e+02,1.123875081502e+01,1.148914491774e-03
4.911011146634e-03,5.651338635959e+01,3.248207045784e+01,3.181379235828e+05,3.020932388711e+02,1.123875814668e+01,1.147483864445e-03
4.911117353047e-03,5.650315790314e+01,3.248209729866e+01,3.185351275209e+05,3.020930415725e+02,1.123876548276e+01,1.146054680905e-03
4.911223445642e-03,5.649292764302e+01,3.248212212738e+01,3.189329017722e+05,3.020928441598e+02,1.123877282326e+01,1.144626939957e-03
4.911329424505e-03,5.648269557974e+01,3.248214494290e+01,3.193312471963e+05,3.020926466329e+02,1.123878016819e+01,1.143200640744e-03
4.911435289764e-03,5.647246171003e+01,3.248216574411e+01,3.197301648000e+05,3.020924489917e+02,1.123878751754e+01,1.141775781888e-03
4.911541041601e-03,5.646222602513e+01,3.248218452994e+01,3.201296558083e+05,3.020922512361e+02,1.123879487133e+01,1.140352361242e-03
4.911646680021e-03,5.645198853364e+01,3.248220129927e+01,3.205297207693e+05,3.020920533661e+02,1.123880222955e+01,1.138930379082e-03
4.911752205271e-03,5.644174922050e+01,3.248221605100e+01,3.209303611575e+05,3.020918553814e+02,1.123880959222e+01,1.137509832394e-03
4.911857617375e-03,5.643150809243e+01,3.248222878402e+01,3.213315775986e+05,3.020916572821e+02,1.123881695933e+01,1.136090721188e-03
4.911962916485e-03,5.642126514343e+01,3.248223949720e+01,3.217333712161e+05,3.020914590680e+02,1.123882433088e+01,1.134673043715e-03
4.912068102729e-03,5.641102037028e+01,3.248224818943e+01,3.221357430290e+05,3.020912607390e+02,1.123883170689e+01,1.133256798608e-03
4.912173176201e-03,5.640077377248e+01,3.248225485957e+01,3.225386939489e+05,3.020910622950e+02,1.123883908735e+01,1.131841984884e-03
4.912278137062e-03,5.639052534350e+01,3.248225950651e+01,3.229422251287e+05,3.020908637359e+02,1.123884647227e+01,1.130428600721e-03
4.912382985367e-03,5.638027508691e+01,3.248226212910e+01,3.233463373245e+05,3.020906650617e+02,1.123885386165e+01,1.129016645698e-03
4.912487721270e-03,5.637002299641e+01,3.248226272620e+01,3.237510316829e+05,3.020904662722e+02,1.123886125550e+01,1.127606118031e-03
4.912592344922e-03,5.635976906632e+01,3.248226129667e+01,3.241563093291e+05,3.020902673673e+02,1.123886865382e+01,1.126197016026e-03
4.912696856388e-03,5.634951329923e+01,3.248225783936e+01,3.245621710628e+05,3.020900683470e+02,1.123887605662e+01,1.124789339128e-03
4.912801255792e-03,5.633925569188e+01,3.248225235312e+01,3.249686179173e+05,3.020898692111e+02,1.123888346389e+01,1.123383085976e-03
4.912905543276e-03,5.632899623914e+01,3.248224483678e+01,3.253756510016e+05,3.020896699595e+02,1.123889087564e+01,1.121978254958e-03
4.913009718975e-03,5.631873493684e+01,3.248223528918e+01,3.257832713894e+05,3.020894705921e+02,1.123889829188e+01,1.120574844593e-03
4.913113782924e-03,5.630847179051e+01,3.248222370915e+01,3.261914797709e+05,3.020892711090e+02,1.123890571261e+01,1.119172854728e-03
4.913217735334e-03,5.629820678806e+01,3.248221009553e+01,3.266002775380e+05,3.020890715098e+02,1.123891313783e+01,1.117772282805e-03
4.913321576278e-03,5.628793993139e+01,3.248219444712e+01,3.270096655288e+05,3.020888717945e+02,1.123892056755e+01,1.116373128178e-03
4.913425305858e-03,5.627767121922e+01,3.248217676276e+01,3.274196447094e+05,3.020886719632e+02,1.123892800177e+01,1.114975389767e-03
4.913528924233e-03,5.626740064485e+01,3.248215704124e+01,3.278302162644e+05,3.020884720155e+02,1.123893544049e+01,1.113579065756e-03
4.913632431496e-03,5.625712820798e+01,3.248213528138e+01,3.282413811252e+05,3.020882719514e+02,1.123894288372e+01,1.112184155201e-03
4.913735827745e-03,5.624685390786e+01,3.248211148199e+01,3.286531402422e+05,3.020880717710e+02,1.123895033147e+01,1.110790657099e-03
4.913839113143e-03,5.623657773705e+01,3.248208564185e+01,3.290654948367e+05,3.020878714739e+02,1.123895778373e+01,1.109398569538e-03
4.913942287756e-03,5.622629969809e+01,3.248205775977e+01,3.294784457311e+05,3.020876710602e+02,1.123896524051e+01,1.108007891965e-03
4.914045351757e-03,5.621601978249e+01,3.248202783452e+01,3.298919941931e+05,3.020874705296e+02,1.123897270181e+01,1.106618622330e-03
4.914148305203e-03,5.620573799374e+01,3.248199586491e+01,3.303061410110e+05,3.020872698823e+02,1.123898016764e+01,1.105230760209e-03
4.914251148232e-03,5.619545432675e+01,3.248196184970e+01,3.307208873202e+05,3.020870691179e+02,1.123898763801e+01,1.103844304014e-03
4.914353881001e-03,5.618516877487e+01,3.248192578765e+01,3.311362343206e+05,3.020868682365e+02,1.123899511291e+01,1.102459251958e-03
4.914456503575e-03,5.617488134042e+01,3.248188767756e+01,3.315521828533e+05,3.020866672379e+02,1.123900259235e+01,1.101075603456e-03
4.914559016068e-03,5.616459202096e+01,3.248184751818e+01,3.319687339525e+05,3.020864661220e+02,1.123901007633e+01,1.099693357287e-03
4.914661418648e-03,5.615430080854e+01,3.248180530826e+01,3.323858888784e+05,3.020862648887e+02,1.123901756486e+01,1.098312511490e-03
4.914763711362e-03,5.614400770730e+01,3.248176104657e+01,3.328036484025e+05,3.020860635380e+02,1.123902505794e+01,1.096933065730e-03
4.914865894380e-03,5.613371270912e+01,3.248171473185e+01,3.332220137970e+05,3.020858620697e+02,1.123903255557e+01,1.095555018026e-03
4.914967967782e-03,5.612341581478e+01,3.248166636286e+01,3.336409859732e+05,3.020856604837e+02,1.123904005777e+01,1.094178367595e-03
4.915069931727e-03,5.611311701713e+01,3.248161593830e+01,3.340605661682e+05,3.020854587799e+02,1.123904756452e+01,1.092803112593e-03
4.915171786288e-03,5.610281631781e+01,3.248156345694e+01,3.344807552626e+05,3.020852569582e+02,1.123905507585e+01,1.091429252352e-03
4.915273531558e-03,5.609251371625e+01,3.248150891752e+01,3.349015542292e+05,3.020850550186e+02,1.123906259174e+01,1.090056785907e-03
4.915375167750e-03,5.608220919986e+01,3.248145231872e+01,3.353229645341e+05,3.020848529608e+02,1.123907011221e+01,1.088685710696e-03
4.915476694865e-03,5.607190277734e+01,3.248139365930e+01,3.357449867743e+05,3.020846507849e+02,1.123907763726e+01,1.087316026996e-03
4.915578113112e-03,5.606159443643e+01,3.248133293794e+01,3.361676224081e+05,3.020844484905e+02,1.123908516689e+01,1.085947732291e-03
4.915679422518e-03,5.605128418322e+01,3.248127015340e+01,3.365908721423e+05,3.020842460779e+02,1.123909270111e+01,1.084580826510e-03
4.915780623281e-03,5.604097200657e+01,3.248120530432e+01,3.370147373948e+05,3.020840435467e+02,1.123910023992e+01,1.083215307291e-03
4.915881715461e-03,5.603065790923e+01,3.248113838945e+01,3.374392190128e+05,3.020838408969e+02,1.123910778333e+01,1.081851174123e-03
4.915982699177e-03,5.602034188790e+01,3.248106940747e+01,3.378643180958e+05,3.020836381283e+02,1.123911533133e+01,1.080488425688e-03
4.916083574581e-03,5.601002393596e+01,3.248099835705e+01,3.382900358820e+05,3.020834352409e+02,1.123912288394e+01,1.079127060234e-03
4.916184341729e-03,5.599970405652e+01,3.248092523692e+01,3.387163732105e+05,3.020832322347e+02,1.123913044115e+01,1.077767077294e-03
4.916285000783e-03,5.598938224207e+01,3.248085004571e+01,3.391433313606e+05,3.020830291094e+02,1.123913800297e+01,1.076408475004e-03
4.916385551829e-03,5.597905849246e+01,3.248077278212e+01,3.395709113104e+05,3.020828258649e+02,1.123914556941e+01,1.075051252466e-03
4.916485995031e-03,5.596873279988e+01,3.248069344479e+01,3.399991143559e+05,3.020826225011e+02,1.123915314047e+01,1.073695407784e-03
4.916586330404e-03,5.595840517170e+01,3.248061203246e+01,3.404279411675e+05,3.020824190181e+02,1.123916071615e+01,1.072340941051e-03
4.916686558153e-03,5.594807559547e+01,3.248052854370e+01,3.408573932388e+05,3.020822154156e+02,1.123916829645e+01,1.070987849763e-03
4.916786678354e-03,5.593774407248e+01,3.248044297722e+01,3.412874714959e+05,3.020820116935e+02,1.123917588139e+01,1.069636133218e-03
4.916886691132e-03,5.592741059862e+01,3.248035533163e+01,3.417181770916e+05,3.020818078517e+02,1.123918347097e+01,1.068285790008e-03
4.916986596574e-03,5.591707517382e+01,3.248026560562e+01,3.421495110119e+05,3.020816038903e+02,1.123919106518e+01,1.066936819257e-03
4.917086394835e-03,5.590673779081e+01,3.248017379778e+01,3.425814745457e+05,3.020813998088e+02,1.123919866404e+01,1.065589219148e-03
4.917186085998e-03,5.589639845001e+01,3.248007990677e+01,3.430140686631e+05,3.020811956074e+02,1.123920626754e+01,1.064242988870e-03
4.917285670162e-03,5.588605715001e+01,3.247998393123e+01,3.434472944128e+05,3.020809912860e+02,1.123921387570e+01,1.062898127372e-03
4.917385147487e-03,5.587571388287e+01,3.247988586975e+01,3.438811531185e+05,3.020807868443e+02,1.123922148851e+01,1.061554632759e-03
4.917484518045e-03,5.586536865026e+01,3.247978572097e+01,3.443156457042e+05,3.020805822823e+02,1.123922910598e+01,1.060212504385e-03
4.917583781963e-03,5.585502144753e+01,3.247968348350e+01,3.447507733608e+05,3.020803775999e+02,1.123923672811e+01,1.058871740784e-03
4.917682939354e-03,5.584467227204e+01,3.247957915595e+01,3.451865371970e+05,3.020801727970e+02,1.123924435492e+01,1.057532340754e-03
4.917781990331e-03,5.583432112065e+01,3.247947273691e+01,3.456229383451e+05,3.020799678734e+02,1.123925198639e+01,1.056194303026e-03
4.917880935009e-03,5.582396799038e+01,3.247936422498e+01,3.460599779331e+05,3.020797628291e+02,1.123925962254e+01,1.054857626357e-03
4.917979773486e-03,5.581361287972e+01,3.247925361876e+01,3.464976570281e+05,3.020795576639e+02,1.123926726338e+01,1.053522309695e-03
4.918078505876e-03,5.580325578555e+01,3.247914091685e+01,3.469359767684e+05,3.020793523779e+02,1.123927490889e+01,1.052188351780e-03
4.918177132306e-03,5.579289670359e+01,3.247902611779e+01,3.473749383434e+05,3.020791469707e+02,1.123928255910e+01,1.050855751204e-03
4.918275652894e-03,5.578253563011e+01,3.247890922017e+01,3.478145429212e+05,3.020789414423e+02,1.123929021400e+01,1.049524506635e-03
4.918374067701e-03,5.577217256762e+01,3.247879022261e+01,3.482547914080e+05,3.020787357928e+02,1.123929787359e+01,1.048194617539e-03
4.918472376906e-03,5.576180750607e+01,3.247866912360e+01,3.486956852453e+05,3.020785300217e+02,1.123930553789e+01,1.046866081774e-03
4.918570580569e-03,5.575144044804e+01,3.247854592176e+01,3.491372253399e+05,3.020783241292e+02,1.123931320689e+01,1.045538898821e-03
4.918668678827e-03,5.574107138793e+01,3.247842061561e+01,3.495794129496e+05,3.020781181151e+02,1.123932088061e+01,1.044213067109e-03
4.918766671788e-03,5.573070032314e+01,3.247829320370e+01,3.500222492054e+05,3.020779119793e+02,1.123932855903e+01,1.042888585459e-03
4.918864559551e-03,5.572032725210e+01,3.247816368460e+01,3.504657351976e+05,3.020777057217e+02,1.123933624218e+01,1.041565452822e-03
4.918962342234e-03,5.570995217102e+01,3.247803205683e+01,3.509098721135e+05,3.020774993421e+02,1.123934393005e+01,1.040243667866e-03
4.919060019963e-03,5.569957507549e+01,3.247789831890e+01,3.513546611696e+05,3.020772928404e+02,1.123935162264e+01,1.038923229182e-03
4.919157592822e-03,5.568919596535e+01,3.247776246939e+01,3.518001034019e+05,3.020770862167e+02,1.123935931996e+01,1.037604135906e-03
4.919255060940e-03,5.567881483571e+01,3.247762450678e+01,3.522462000518e+05,3.020768794706e+02,1.123936702203e+01,1.036286386572e-03
4.919352424401e-03,5.566843168641e+01,3.247748442963e+01,3.526929521598e+05,3.020766726022e+02,1.123937472882e+01,1.034969980315e-03
4.919449683369e-03,5.565804650903e+01,3.247734223638e+01,3.531403611247e+05,3.020764656112e+02,1.123938244037e+01,1.033654915226e-03
4.919546837897e-03,5.564765930644e+01,3.247719792561e+01,3.535884278608e+05,3.020762584977e+02,1.123939015666e+01,1.032341190828e-03
4.919643888123e-03,5.563727007291e+01,3.247705149579e+01,3.540371536555e+05,3.020760512615e+02,1.123939787770e+01,1.031028805556e-03
4.919740834160e-03,5.562687880515e+01,3.247690294540e+01,3.544865396932e+05,3.020758439024e+02,1.123940560350e+01,1.029717758155e-03
4.919837676111e-03,5.561648550091e+01,3.247675227295e+01,3.549365871162e+05,3.020756364204e+02,1.123941333406e+01,1.028408047504e-03
4.919934414065e-03,5.560609015932e+01,3.247659947695e+01,3.553872970090e+05,3.020754288154e+02,1.123942106939e+01,1.027099672654e-03
4.920031048164e-03,5.559569277423e+01,3.247644455583e+01,3.558386706871e+05,3.020752210873e+02,1.123942880949e+01,1.025792631997e-03
4.920127578522e-03,5.558529334195e+01,3.247628750805e+01,3.562907093622e+05,3.020750132358e+02,1.123943655436e+01,1.024486924234e-03
4.920224005204e-03,5.557489186442e+01,3.247612833216e+01,3.567434140033e+05,3.020748052609e+02,1.123944430400e+01,1.023182548776e-03
4.920320328361e-03,5.556448833415e+01,3.247596702654e+01,3.571967859924e+05,3.020745971626e+02,1.123945205843e+01,1.021879503848e-03
4.920416548097e-03,5.555408274870e+01,3.247580358967e+01,3.576508264935e+05,3.020743889406e+02,1.123945981765e+01,1.020577788316e-03
4.920512664498e-03,5.554367510760e+01,3.247563802004e+01,3.581055365878e+05,3.020741805950e+02,1.123946758166e+01,1.019277401287e-03
4.920608677669e-03,5.553326540816e+01,3.247547031609e+01,3.585609174542e+05,3.020739721255e+02,1.123947535046e+01,1.017978341599e-03
4.920704587786e-03,5.552285364033e+01,3.247530047615e+01,3.590169705976e+05,3.020737635320e+02,1.123948312407e+01,1.016680607168e-03
4.920800394864e-03,5.551243981110e+01,3.247512849881e+01,3.594736967788e+05,3.020735548145e+02,1.123949090247e+01,1.015384198037e-03
4.920896099073e-03,5.550202391094e+01,3.247495438241e+01,3.599310974846e+05,3.020733459728e+02,1.123949868569e+01,1.014089112194e-03
4.920991700513e-03,5.549160593758e+01,3.247477812537e+01,3.603891738867e+05,3.020731370068e+02,1.123950647372e+01,1.012795348530e-03
4.921087199258e-03,5.548118589198e+01,3.247459972618e+01,3.608479270158e+05,3.020729279165e+02,1.123951426657e+01,1.011502906341e-03
4.921182595479e-03,5.547076376411e+01,3.247441918314e+01,3.613073583895e+05,3.020727187015e+02,1.123952206424e+01,1.010211783561e-03
4.921277889218e-03,5.546033955826e+01,3.247423649476e+01,3.617674688976e+05,3.020725093620e+02,1.123952986673e+01,1.008921979896e-03
4.921373080619e-03,5.544991326744e+01,3.247405165939e+01,3.622282599283e+05,3.020722998977e+02,1.123953767406e+01,1.007633493663e-03
4.921468169782e-03,5.543948488940e+01,3.247386467544e+01,3.626897326644e+05,3.020720903086e+02,1.123954548622e+01,1.006346323762e-03
4.921563156825e-03,5.542905442022e+01,3.247367554127e+01,3.631518883637e+05,3.020718805944e+02,1.123955330322e+01,1.005060468892e-03
4.921658041850e-03,5.541862185731e+01,3.247348425528e+01,3.636147282294e+05,3.020716707552e+02,1.123956112507e+01,1.003775927913e-03
4.921752824940e-03,5.540818720028e+01,3.247329081590e+01,3.640782533672e+05,3.020714607908e+02,1.123956895176e+01,1.002492699963e-03
4.921847506256e-03,5.539775044030e+01,3.247309522139e+01,3.645424652626e+05,3.020712507010e+02,1.123957678331e+01,1.001210783138e-03
4.921942085829e-03,5.538731158268e+01,3.247289747027e+01,3.650073647729e+05,3.020710404859e+02,1.123958461971e+01,9.999301772755e-04
4.922036563857e-03,5.537687061443e+01,3.247269756071e+01,3.654729535731e+05,3.020708301451e+02,1.123959246098e+01,9.986508799699e-04
4.922130940371e-03,5.536642754080e+01,3.247249549124e+01,3.659392325286e+05,3.020706196787e+02,1.123960030711e+01,9.973728910508e-04
4.922225215527e-03,5.535598235330e+01,3.247229126009e+01,3.664062031197e+05,3.020704090865e+02,1.123960815811e+01,9.960962086668e-04
4.922319389380e-03,5.534553505475e+01,3.247208486572e+01,3.668738663240e+05,3.020701983684e+02,1.123961601399e+01,9.948208323515e-04
4.922413462115e-03,5.533508563321e+01,3.247187630630e+01,3.673422237814e+05,3.020699875242e+02,1.123962387475e+01,9.935467598394e-04
4.922507433761e-03,5.532463409432e+01,3.247166558033e+01,3.678112763478e+05,3.020697765539e+02,1.123963174039e+01,9.922739910098e-04
4.922601304458e-03,5.531418043132e+01,3.247145268606e+01,3.682810254375e+05,3.020695654574e+02,1.123963961092e+01,9.910025242298e-04
4.922695074345e-03,5.530372463733e+01,3.247123762174e+01,3.687514724723e+05,3.020693542344e+02,1.123964748635e+01,9.897323578586e-04
4.922788743451e-03,5.529326671798e+01,3.247102038585e+01,3.692226183145e+05,3.020691428850e+02,1.123965536667e+01,9.884634917743e-04
4.922882311970e-03,5.528280666048e+01,3.247080097651e+01,3.696944646583e+05,3.020689314090e+02,1.123966325190e+01,9.871959236198e-04
4.922975779925e-03,5.527234447083e+01,3.247057939221e+01,3.701670123532e+05,3.020687198062e+02,1.123967114203e+01,9.859296533196e-04
4.923069147469e-03,5.526188014071e+01,3.247035563113e+01,3.706402628972e+05,3.020685080766e+02,1.123967903708e+01,9.846646790638e-04
4.923162414725e-03,5.525141366515e+01,3.247012969154e+01,3.711142176400e+05,3.020682962200e+02,1.123968693704e+01,9.834009994520e-04
4.923255581763e-03,5.524094504504e+01,3.246990157178e+01,3.715888776694e+05,3.020680842363e+02,1.123969484193e+01,9.821386137906e-04
4.923348648674e-03,5.523047427879e+01,3.246967127019e+01,3.720642441867e+05,3.020678721255e+02,1.123970275173e+01,9.808775210882e-04
4.923441615611e-03,5.522000135801e+01,3.246943878492e+01,3.725403187053e+05,3.020676598873e+02,1.123971066647e+01,9.796177195358e-04
4.923534482677e-03,5.520952627989e+01,3.246920411424e+01,3.730171024874e+05,3.020674475216e+02,1.123971858615e+01,9.783592080002e-04
4.923627249936e-03,5.519904904581e+01,3.246896725651e+01,3.734945966072e+05,3.020672350284e+02,1.123972651076e+01,9.771019858519e-04
4.923719917528e-03,5.518856964886e+01,3.246872820990e+01,3.739728025193e+05,3.020670224075e+02,1.123973444032e+01,9.758460514657e-04
4.923812485519e-03,5.517808809021e+01,3.246848697276e+01,3.744517213124e+05,3.020668096589e+02,1.123974237482e+01,9.745914041868e-04
4.923904954079e-03,5.516760435938e+01,3.246824354317e+01,3.749313546087e+05,3.020665967822e+02,1.123975031428e+01,9.733380419711e-04
4.923997323266e-03,5.515711845852e+01,3.246799791948e+01,3.754117034584e+05,3.020663837775e+02,1.123975825870e+01,9.720859642812e-04
4.924089593186e-03,5.514663038437e+01,3.246775009992e+01,3.758927691590e+05,3.020661706446e+02,1.123976620808e+01,9.708351699391e-04
4.924181763938e-03,5.513614013431e+01,3.246750008274e+01,3.763745529822e+05,3.020659573835e+02,1.123977416242e+01,9.695856578424e-04
4.924273835680e-03,5.512564769906e+01,3.246724786600e+01,3.768570565093e+05,3.020657439939e+02,1.123978212174e+01,9.683374260962e-04
4.924365808450e-03,5.511515308316e+01,3.246699344810e+01,3.773402806882e+05,3.020655304759e+02,1.123979008604e+01,9.670904744542e-04
4.924457682363e-03,5.510465628211e+01,3.246673682722e+01,3.778242268843e+05,3.020653168292e+02,1.123979805531e+01,9.658448015952e-04
4.924549457574e-03,5.509415728701e+01,3.246647800142e+01,3.783088966706e+05,3.020651030536e+02,1.123980602958e+01,9.646004056764e-04
4.924641134150e-03,5.508365609868e+01,3.246621696898e+01,3.787942911729e+05,3.020648891492e+02,1.123981400883e+01,9.633572860136e-04
4.924732712187e-03,5.507315271517e+01,3.246595372814e+01,3.792804116489e+05,3.020646751158e+02,1.123982199308e+01,9.621154415897e-04
4.924824191811e-03,5.506264713047e+01,3.246568827700e+01,3.797672595450e+05,3.020644609532e+02,1.123982998233e+01,9.608748709144e-04
4.924915573094e-03,5.505213934504e+01,3.246542061382e+01,3.802548360120e+05,3.020642466614e+02,1.123983797658e+01,9.596355732595e-04
4.925006856192e-03,5.504162934984e+01,3.246515073664e+01,3.807431426438e+05,3.020640322401e+02,1.123984597585e+01,9.583975467787e-04
4.925098041165e-03,5.503111714647e+01,3.246487864374e+01,3.812321805426e+05,3.020638176894e+02,1.123985398013e+01,9.571607908833e-04
4.925189128113e-03,5.502060273220e+01,3.246460433329e+01,3.817219510153e+05,3.020636030090e+02,1.123986198943e+01,9.559253044707e-04
4.925280117211e-03,5.501008609550e+01,3.246432780321e+01,3.822124557800e+05,3.020633881988e+02,1.123987000375e+01,9.546910854140e-04
4.925371008423e-03,5.499956724926e+01,3.246404905209e+01,3.827036954210e+05,3.020631732589e+02,1.123987802310e+01,9.534581344456e-04
4.925461802017e-03,5.498904617116e+01,3.246376807756e+01,3.831956721668e+05,3.020629581887e+02,1.123988604749e+01,9.522264481764e-04
4.925552497988e-03,5.497852287041e+01,3.246348487807e+01,3.836883867769e+05,3.020627429886e+02,1.123989407691e+01,9.509960269118e-04
4.925643096452e-03,5.496799734221e+01,3.246319945172e+01,3.841818406674e+05,3.020625276582e+02,1.123990211138e+01,9.497668693180e-04
4.925733597546e-03,5.495746957947e+01,3.246291179651e+01,3.846760353665e+05,3.020623121973e+02,1.123991015090e+01,9.485389737929e-04
4.925824001352e-03,5.494693958116e+01,3.246262191063e+01,3.851709721192e+05,3.020620966060e+02,1.123991819547e+01,9.473123394485e-04
4.925914307970e-03,5.493640734454e+01,3.246232979219e+01,3.856666522546e+05,3.020618808841e+02,1.123992624509e+01,9.460869651941e-04
4.926004517497e-03,5.492587286673e+01,3.246203543931e+01,3.861630771101e+05,3.020616650314e+02,1.123993429978e+01,9.448628499276e-04
4.926094630083e-03,5.491533613903e+01,3.246173884993e+01,3.866602483012e+05,3.020614490477e+02,1.123994235954e+01,9.436399918706e-04
4.926184645737e-03,5.490479716908e+01,3.246144002245e+01,3.871581666754e+05,3.020612329332e+02,1.123995042437e+01,9.424183911422e-04
4.926274564688e-03,5.489425593870e+01,3.246113895451e+01,3.876568343013e+05,3.020610166874e+02,1.123995849427e+01,9.411980448720e-04
4.926364386929e-03,5.488371245742e+01,3.246083564457e+01,3.881562519424e+05,3.020608003104e+02,1.123996656926e+01,9.399789533971e-04
4.926454112597e-03,5.487316671770e+01,3.246053009058e+01,3.886564211699e+05,3.020605838020e+02,1.123997464934e+01,9.387611150843e-04
4.926543741821e-03,5.486261871310e+01,3.246022229049e+01,3.891573435088e+05,3.020603671621e+02,1.123998273451e+01,9.375445284258e-04
4.926633274667e-03,5.485206844458e+01,3.245991224250e+01,3.896590201337e+05,3.020601503905e+02,1.123999082477e+01,9.363291927732e-04
4.926722711246e-03,5.484151590767e+01,3.245959994462e+01,3.901614524810e+05,3.020599334872e+02,1.123999892014e+01,9.351151068502e-04
4.926812051682e-03,5.483096109641e+01,3.245928539481e+01,3.906646420606e+05,3.020597164519e+02,1.124000702061e+01,9.339022692132e-04
4.926901296037e-03,5.482040401215e+01,3.245896859125e+01,3.911685900369e+05,3.020594992847e+02,1.124001512620e+01,9.326906792591e-04
4.926990444453e-03,5.480984464670e+01,3.245864953182e+01,3.916732980328e+05,3.020592819853e+02,1.124002323690e+01,9.314803352908e-04
4.927079497038e-03,5.479928299590e+01,3.245832821452e+01,3.921787674818e+05,3.020590645535e+02,1.124003135273e+01,9.302712360767e-04
4.927168453799e-03,5.478871906761e+01,3.245800463772e+01,3.926849992441e+05,3.020588469895e+02,1.124003947367e+01,9.290633817611e-04
4.927257314978e-03,5.477815284174e+01,3.245767879890e+01,3.931919955224e+05,3.020586292927e+02,1.124004759976e+01,9.278567692930e-04
4.927346080536e-03,5.476758433145e+01,3.245735069658e+01,3.936997569274e+05,3.020584114635e+02,1.124005573097e+01,9.266513994230e-04
4.927434750694e-03,5.475701351925e+01,3.245702032831e+01,3.942082855443e+05,3.020581935013e+02,1.124006386733e+01,9.254472694045e-04
4.927523325514e-03,5.474644040634e+01,3.245668769224e+01,3.947175825638e+05,3.020579754062e+02,1.124007200884e+01,9.242443786255e-04
4.927611805030e-03,5.473586499724e+01,3.245635278659e+01,3.952276490184e+05,3.020577571782e+02,1.124008015550e+01,9.230427268498e-04
4.927700189450e-03,5.472528727570e+01,3.245601560893e+01,3.957384869455e+05,3.020575388168e+02,1.124008830732e+01,9.218423114813e-04
4.927788478778e-03,5.471470724994e+01,3.245567615760e+01,3.962500972039e+05,3.020573203222e+02,1.124009646429e+01,9.206431327070e-04
4.927876673202e-03,5.470412490591e+01,3.245533443023e+01,3.967624817321e+05,3.020571016941e+02,1.124010462644e+01,9.194451881872e-04
4.927964772746e-03,5.469354024952e+01,3.245499042507e+01,3.972756415050e+05,3.020568829325e+02,1.124011279375e+01,9.182484778477e-04
4.928052777550e-03,5.468295327259e+01,3.245464413992e+01,3.977895781840e+05,3.020566640371e+02,1.124012096624e+01,9.170530000167e-04
4.928140687726e-03,5.467236397011e+01,3.245429557266e+01,3.983042932789e+05,3.020564450079e+02,1.124012914392e+01,9.158587533883e-04
4.928228503312e-03,5.466177234617e+01,3.245394472149e+01,3.988197878615e+05,3.020562258448e+02,1.124013732678e+01,9.146657376786e-04
4.928316224501e-03,5.465117838621e+01,3.245359158396e+01,3.993360639123e+05,3.020560065474e+02,1.124014551483e+01,9.134739505089e-04
4.928403851335e-03,5.464058209354e+01,3.245323615822e+01,3.998531225460e+05,3.020557871159e+02,1.124015370808e+01,9.122833915126e-04
4.928491383900e-03,5.462998346658e+01,3.245287844225e+01,4.003709651182e+05,3.020555675500e+02,1.124016190653e+01,9.110940597712e-04
4.928578822347e-03,5.461938249556e+01,3.245251843375e+01,4.008895933864e+05,3.020553478495e+02,1.124017011020e+01,9.099059534529e-04
4.928666166711e-03,5.460877918492e+01,3.245215613088e+01,4.014090084186e+05,3.020551280145e+02,1.124017831907e+01,9.087190723156e-04
4.928753417154e-03,5.459817352342e+01,3.245179153127e+01,4.019292120511e+05,3.020549080447e+02,1.124018653316e+01,9.075334143675e-04
4.928840573718e-03,5.458756551466e+01,3.245142463307e+01,4.024502053972e+05,3.020546879400e+02,1.124019475247e+01,9.063489792753e-04
4.928927636578e-03,5.457695514606e+01,3.245105543383e+01,4.029719903673e+05,3.020544677002e+02,1.124020297702e+01,9.051657649014e-04
4.929014605747e-03,5.456634242440e+01,3.245068393179e+01,4.034945679234e+05,3.020542473254e+02,1.124021120679e+01,9.039837712692e-04
4.929101481405e-03,5.455572733633e+01,3.245031012446e+01,4.040179400208e+05,3.020540268151e+02,1.124021944180e+01,9.028029961610e-04
4.929188263577e-03,5.454510988748e+01,3.244993401004e+01,4.045421076826e+05,3.020538061695e+02,1.124022768206e+01,9.016234394736e-04
4.929274952394e-03,5.453449007033e+01,3.244955558623e+01,4.050670725843e+05,3.020535853883e+02,1.124023592756e+01,9.004450996396e-04
4.929361547988e-03,5.452386787743e+01,3.244917485074e+01,4.055928364008e+05,3.020533644713e+02,1.124024417833e+01,8.992679751059e-04
4.929448050407e-03,5.451324331121e+01,3.244879180163e+01,4.061194003220e+05,3.020531434186e+02,1.124025243435e+01,8.980920654139e-04
4.929534459785e-03,5.450261636410e+01,3.244840643658e+01,4.066467660348e+05,3.020529222298e+02,1.124026069563e+01,8.969173690015e-04
4.929620776174e-03,5.449198703797e+01,3.244801875361e+01,4.071749347623e+05,3.020527009050e+02,1.124026896218e+01,8.957438853483e-04
4.929706999735e-03,5.448135532172e+01,3.244762875026e+01,4.077039083744e+05,3.020524794438e+02,1.124027723401e+01,8.945716125053e-04
4.929793130515e-03,5.447072121808e+01,3.244723642458e+01,4.082336880568e+05,3.020522578463e+02,1.124028551112e+01,8.934005500507e-04
4.929879168614e-03,5.446008472338e+01,3.244684177437e+01,4.087642753154e+05,3.020520361124e+02,1.124029379351e+01,8.922306968585e-04
4.929965114185e-03,5.444944582702e+01,3.244644479717e+01,4.092956720076e+05,3.020518142417e+02,1.124030208120e+01,8.910620510406e-04
4.930050967276e-03,5.443880453183e+01,3.244604549100e+01,4.098278793214e+05,3.020515922342e+02,1.124031037418e+01,8.898946121906e-04
4.930136727995e-03,5.442816083293e+01,3.244564385360e+01,4.103608988339e+05,3.020513700898e+02,1.124031867246e+01,8.887283790536e-04
4.930222396429e-03,5.441751472794e+01,3.244523988278e+01,4.108947320006e+05,3.020511478084e+02,1.124032697605e+01,8.875633506500e-04
4.930307972702e-03,5.440686621019e+01,3.244483357621e+01,4.114293804944e+05,3.020509253898e+02,1.124033528495e+01,8.863995255342e-04
4.930393456901e-03,5.439621527719e+01,3.244442493169e+01,4.119648457826e+05,3.020507028338e+02,1.124034359917e+01,8.852369027189e-04
4.930478849132e-03,5.438556192450e+01,3.244401394693e+01,4.125011294341e+05,3.020504801403e+02,1.124035191871e+01,8.840754810040e-04
4.930564149434e-03,5.437490615560e+01,3.244360061996e+01,4.130382326201e+05,3.020502573093e+02,1.124036024358e+01,8.829152600568e-04
4.930649357983e-03,5.436424795713e+01,3.244318494814e+01,4.135761573661e+05,3.020500343404e+02,1.124036857378e+01,8.817562377071e-04
4.930734474879e-03,5.435358732512e+01,3.244276692920e+01,4.141149052266e+05,3.020498112336e+02,1.124037690933e+01,8.805984128152e-04
4.930819500119e-03,5.434292426851e+01,3.244234656134e+01,4.146544771059e+05,3.020495879889e+02,1.124038525021e+01,8.794417856416e-04
4.930904433921e-03,5.433225876830e+01,3.244192384168e+01,4.151948753264e+05,3.020493646059e+02,1.124039359645e+01,8.782863534137e-04
4.930989276305e-03,5.432159083067e+01,3.244149876832e+01,4.157361009371e+05,3.020491410846e+02,1.124040194804e+01,8.771321160966e-04
4.931074027364e-03,5.431092045251e+01,3.244107133899e+01,4.162781554620e+05,3.020489174250e+02,1.124041030499e+01,8.759790726441e-04
4.931158687241e-03,5.430024762405e+01,3.244064155114e+01,4.168210407668e+05,3.020486936267e+02,1.124041866730e+01,8.748272212935e-04
4.931243256028e-03,5.428957234246e+01,3.244020940249e+01,4.173647583679e+05,3.020484696896e+02,1.124042703499e+01,8.736765610361e-04
4.931327733794e-03,5.427889460752e+01,3.243977489086e+01,4.179093096516e+05,3.020482456137e+02,1.124043540806e+01,8.725270911447e-04
4.931412120637e-03,5.426821441520e+01,3.243933801391e+01,4.184546962016e+05,3.020480213988e+02,1.124044378650e+01,8.713788104818e-04
4.931496416680e-03,5.425753175858e+01,3.243889876917e+01,4.190009197528e+05,3.020477970447e+02,1.124045217034e+01,8.702317176021e-04
4.931580621976e-03,5.424684663931e+01,3.243845715454e+01,4.195479816054e+05,3.020475725514e+02,1.124046055956e+01,8.690858119814e-04
4.931664736665e-03,5.423615904825e+01,3.243801316742e+01,4.200958836150e+05,3.020473479186e+02,1.124046895419e+01,8.679410919392e-04
4.931748760817e-03,5.422546898498e+01,3.243756680560e+01,4.206446271936e+05,3.020471231462e+02,1.124047735422e+01,8.667975567331e-04
4.931832694544e-03,5.421477644363e+01,3.243711806663e+01,4.211942140362e+05,3.020468982341e+02,1.124048575966e+01,8.656552050382e-04
4.931916537939e-03,5.420408142101e+01,3.243666694817e+01,4.217446457045e+05,3.020466731821e+02,1.124049417051e+01,8.645140358161e-04
4.932000291091e-03,5.419338391416e+01,3.243621344785e+01,4.222959237508e+05,3.020464479901e+02,1.124050258679e+01,8.633740480560e-04
4.932083954076e-03,5.418268392180e+01,3.243575756341e+01,4.228480496440e+05,3.020462226580e+02,1.124051100849e+01,8.622352409268e-04
4.932167527032e-03,5.417198143483e+01,3.243529929222e+01,4.234010252598e+05,3.020459971856e+02,1.124051943562e+01,8.610976127676e-04
4.932251010012e-03,5.416127645494e+01,3.243483863211e+01,4.239548519214e+05,3.020457715728e+02,1.124052786819e+01,8.599611630633e-04
4.932334403158e-03,5.415056897231e+01,3.243437558042e+01,4.245095315484e+05,3.020455458193e+02,1.124053630621e+01,8.588258900833e-04
4.932417706512e-03,5.413985899015e+01,3.243391013502e+01,4.250650653914e+05,3.020453199252e+02,1.124054474967e+01,8.576917934757e-04
4.932500920231e-03,5.412914649666e+01,3.243344229314e+01,4.256214554815e+05,3.020450938901e+02,1.124055319859e+01,8.565588713026e-04
4.932584044344e-03,5.411843149656e+01,3.243297205273e+01,4.261787029954e+05,3.020448677141e+02,1.124056165296e+01,8.554271233761e-04
4.932667078990e-03,5.410771398043e+01,3.243249941110e+01,4.267368098491e+05,3.020446413969e+02,1.124057011280e+01,8.542965480123e-04
4.932750024259e-03,5.409699394504e+01,3.243202436582e+01,4.272957776395e+05,3.020444149384e+02,1.124057857811e+01,8.531671441858e-04
4.932832880234e-03,5.408627138830e+01,3.243154691452e+01,4.278556079071e+05,3.020441883385e+02,1.124058704890e+01,8.520389109926e-04
4.932915646986e-03,5.407554630928e+01,3.243106705486e+01,4.284163021358e+05,3.020439615970e+02,1.124059552517e+01,8.509118476491e-04
4.932998324671e-03,5.406481869624e+01,3.243058478401e+01,4.289778623783e+05,3.020437347137e+02,1.124060400693e+01,8.497859522383e-04
4.933080913353e-03,5.405408854931e+01,3.243010009969e+01,4.295402900689e+05,3.020435076885e+02,1.124061249418e+01,8.486612240954e-04
4.933163413110e-03,5.404335586685e+01,3.242961299948e+01,4.301035867390e+05,3.020432805213e+02,1.124062098693e+01,8.475376623663e-04
4.933245824032e-03,5.403262064555e+01,3.242912348094e+01,4.306677540103e+05,3.020430532120e+02,1.124062948519e+01,8.464152660243e-04
4.933328146261e-03,5.402188287550e+01,3.242863154128e+01,4.312327938555e+05,3.020428257603e+02,1.124063798896e+01,8.452940333544e-04
4.933410379829e-03,5.401114256074e+01,3.242813717835e+01,4.317987075161e+05,3.020425981662e+02,1.124064649824e+01,8.441739641024e-04
4.933492524900e-03,5.400039968825e+01,3.242764038921e+01,4.323654971365e+05,3.020423704293e+02,1.124065501304e+01,8.430550562343e-04
4.933574581504e-03,5.398965426279e+01,3.242714117174e+01,4.329331639276e+05,3.020421425498e+02,1.124066353338e+01,8.419373095700e-04
4.933656549739e-03,5.397890627964e+01,3.242663952337e+01,4.335017096028e+05,3.020419145274e+02,1.124067205924e+01,8.408207229432e-04
4.933738429753e-03,5.396815572800e+01,3.242613544122e+01,4.340711362015e+05,3.020416863618e+02,1.124068059065e+01,8.397052945593e-04
4.933820221622e-03,5.395740260635e+01,3.242562892286e+01,4.346414452763e+05,3.020414580530e+02,1.124068912760e+01,8.385910235897e-04
4.933901925381e-03,5.394664691830e+01,3.242511996609e+01,4.352126381096e+05,3.020412296009e+02,1.124069767010e+01,8.374779097379e-04
4.933983541165e-03,5.393588865474e+01,3.242460856810e+01,4.357847166638e+05,3.020410010054e+02,1.124070621815e+01,8.363659513874e-04
4.934065069124e-03,5.392512780399e+01,3.242409472594e+01,4.363576830413e+05,3.020407722660e+02,1.124071477178e+01,8.352551466658e-04
4.934146509216e-03,5.391436438027e+01,3.242357843790e+01,4.369315379695e+05,3.020405433830e+02,1.124072333096e+01,8.341454963721e-04
4.934227861672e-03,5.390359836131e+01,3.242305970050e+01,4.375062841244e+05,3.020403143559e+02,1.124073189573e+01,8.330369975414e-04
4.934309126524e-03,5.389282975118e+01,3.242253851154e+01,4.380819227802e+05,3.020400851847e+02,1.124074046607e+01,8.319296499306e-04
4.934390303867e-03,5.388205854585e+01,3.242201486841e+01,4.386584556480e+05,3.020398558692e+02,1.124074904200e+01,8.308234524590e-04
4.934471393729e-03,5.387128474986e+01,3.242148876890e+01,4.392358839814e+05,3.020396264096e+02,1.124075762351e+01,8.297184049291e-04
4.934552396361e-03,5.386050833844e+01,3.242096020938e+01,4.398142106117e+05,3.020393968050e+02,1.124076621064e+01,8.286145041361e-04
4.934633311715e-03,5.384972932609e+01,3.242042918812e+01,4.403934362652e+05,3.020391670559e+02,1.124077480336e+01,8.275117509071e-04
4.934714139922e-03,5.383894770399e+01,3.241989570224e+01,4.409735629243e+05,3.020389371620e+02,1.124078340168e+01,8.264101436773e-04
4.934794881099e-03,5.382816346464e+01,3.241935974893e+01,4.415545925049e+05,3.020387071230e+02,1.124079200563e+01,8.253096810207e-04
4.934875535330e-03,5.381737660531e+01,3.241882132559e+01,4.421365266700e+05,3.020384769388e+02,1.124080061520e+01,8.242103620012e-04
4.934956102685e-03,5.380658712512e+01,3.241828042971e+01,4.427193669860e+05,3.020382466093e+02,1.124080923039e+01,8.231121858718e-04
4.935036583282e-03,5.379579501643e+01,3.241773705844e+01,4.433031153880e+05,3.020380161343e+02,1.124081785122e+01,8.220151511987e-04
4.935116977180e-03,5.378500027988e+01,3.241719120934e+01,4.438877733680e+05,3.020377855137e+02,1.124082647768e+01,8.209192573903e-04
4.935197284550e-03,5.377420290064e+01,3.241664287916e+01,4.444733432579e+05,3.020375547472e+02,1.124083510979e+01,8.198245022901e-04
4.935277505353e-03,5.376340289253e+01,3.241609206612e+01,4.450598258419e+05,3.020373238350e+02,1.124084374755e+01,8.187308866445e-04
4.935357639803e-03,5.375260023480e+01,3.241553876666e+01,4.456472237830e+05,3.020370927765e+02,1.124085239097e+01,8.176384076996e-04
4.935437687923e-03,5.374179493303e+01,3.241498297856e+01,4.462355383185e+05,3.020368615719e+02,1.124086104005e+01,8.165470653694e-04
4.935517649841e-03,5.373098697803e+01,3.241442469883e+01,4.468247714918e+05,3.020366302208e+02,1.124086969480e+01,8.154568580765e-04
4.935597525620e-03,5.372017636965e+01,3.241386392495e+01,4.474149248585e+05,3.020363987231e+02,1.124087835522e+01,8.143677851569e-04
4.935677315350e-03,5.370936310404e+01,3.241330065419e+01,4.480060001789e+05,3.020361670788e+02,1.124088702133e+01,8.132798455746e-04
4.935757019179e-03,5.369854716965e+01,3.241273488341e+01,4.485979996401e+05,3.020359352875e+02,1.124089569312e+01,8.121930375203e-04
4.935836637109e-03,5.368772857439e+01,3.241216661048e+01,4.491909243656e+05,3.020357033494e+02,1.124090437060e+01,8.111073611451e-04
4.935916169292e-03,5.367690730584e+01,3.241159583220e+01,4.497847765987e+05,3.020354712640e+02,1.124091305379e+01,8.100228145546e-04
4.935995615808e-03,5.366608336159e+01,3.241102254589e+01,4.503795580356e+05,3.020352390312e+02,1.124092174268e+01,8.089393968669e-04
4.936074976756e-03,5.365525673633e+01,3.241044674870e+01,4.509752705376e+05,3.020350066509e+02,1.124093043728e+01,8.078571069074e-04
4.936154252205e-03,5.364442742908e+01,3.240986843800e+01,4.515719157305e+05,3.020347741230e+02,1.124093913760e+01,8.067759439375e-04
4.936233442230e-03,5.363359543773e+01,3.240928761112e+01,4.521694953073e+05,3.020345414474e+02,1.124094784364e+01,8.056959071031e-04
4.936312546996e-03,5.362276074822e+01,3.240870426470e+01,4.527680116219e+05,3.020343086236e+02,1.124095655541e+01,8.046169943667e-04
4.936391566517e-03,5.361192336683e+01,3.240811839649e+01,4.533674659118e+05,3.020340756519e+02,1.124096527292e+01,8.035392057143e-04
4.936470500897e-03,5.360108328759e+01,3.240753000357e+01,4.539678600935e+05,3.020338425318e+02,1.124097399616e+01,8.024625399142e-04
4.936549350287e-03,5.359024049794e+01,3.240693908265e+01,4.545691964533e+05,3.020336092632e+02,1.124098272516e+01,8.013869950840e-04
4.936628114678e-03,5.357939500758e+01,3.240634563164e+01,4.551714760480e+05,3.020333758462e+02,1.124099145991e+01,8.003125715500e-04
4.936706794238e-03,5.356854680156e+01,3.240574964710e+01,4.557747013050e+05,3.020331422803e+02,1.124100020042e+01,7.992392671969e-04
4.936785389054e-03,5.355769587620e+01,3.240515112620e+01,4.563788740310e+05,3.020329085654e+02,1.124100894670e+01,7.981670810296e-04
4.936863899163e-03,5.354684223461e+01,3.240455006647e+01,4.569839956578e+05,3.020326747016e+02,1.124101769876e+01,7.970960127236e-04
4.936942324660e-03,5.353598587197e+01,3.240394646500e+01,4.575900680637e+05,3.020324406886e+02,1.124102645658e+01,7.960260611688e-04
4.937020665757e-03,5.352512676723e+01,3.240334031796e+01,4.581970940366e+05,3.020322065259e+02,1.124103522020e+01,7.949572236645e-04
4.937098922330e-03,5.351426494576e+01,3.240273162412e+01,4.588050737741e+05,3.020319722139e+02,1.124104398961e+01,7.938895020797e-04
4.937177094665e-03,5.350340037629e+01,3.240212037905e+01,4.594140106478e+05,3.020317377521e+02,1.124105276481e+01,7.928228927088e-04
4.937255182767e-03,5.349253306614e+01,3.240150658049e+01,4.600239058711e+05,3.020315031403e+02,1.124106154582e+01,7.917573956489e-04
4.937333186680e-03,5.348166301755e+01,3.240089022588e+01,4.606347609461e+05,3.020312683787e+02,1.124107033264e+01,7.906930104911e-04
4.937411106583e-03,5.347079021388e+01,3.240027131160e+01,4.612465784389e+05,3.020310334668e+02,1.124107912528e+01,7.896297349821e-04
4.937488942527e-03,5.345991465609e+01,3.239964983499e+01,4.618593599319e+05,3.020307984044e+02,1.124108792374e+01,7.885675685930e-04
4.937566694596e-03,5.344903634080e+01,3.239902579315e+01,4.624731072549e+05,3.020305631916e+02,1.124109672803e+01,7.875065103709e-04
4.937644362879e-03,5.343815526385e+01,3.239839918314e+01,4.630878222851e+05,3.020303278281e+02,1.124110553815e+01,7.864465592892e-04
4.937721947481e-03,5.342727141857e+01,3.239777000185e+01,4.637035070462e+05,3.020300923137e+02,1.124111435412e+01,7.853877140786e-04
4.937799448464e-03,5.341638480469e+01,3.239713824653e+01,4.643201632043e+05,3.020298566483e+02,1.124112317593e+01,7.843299740934e-04
4.937876865930e-03,5.340549541599e+01,3.239650391410e+01,4.649377927658e+05,3.020296208317e+02,1.124113200360e+01,7.832733381110e-04
4.937954200007e-03,5.339460324275e+01,3.239586700123e+01,4.655563979416e+05,3.020293848637e+02,1.124114083714e+01,7.822178045712e-04
4.938031450685e-03,5.338370829445e+01,3.239522750573e+01,4.661759798551e+05,3.020291487443e+02,1.124114967653e+01,7.811633737766e-04
4.938108618176e-03,5.337281054947e+01,3.239458542358e+01,4.667965414019e+05,3.020289124731e+02,1.124115852181e+01,7.801100430202e-04
4.938185702482e-03,5.336191001587e+01,3.239394075247e+01,4.674180837932e+05,3.020286760501e+02,1.124116737296e+01,7.790578124690e-04
4.938262703691e-03,5.335100668922e+01,3.239329348938e+01,4.680406089560e+05,3.020284394752e+02,1.124117623000e+01,7.780066810794e-04
4.938339621938e-03,5.334010055873e+01,3.239264363088e+01,4.686641191834e+05,3.020282027480e+02,1.124118509293e+01,7.769566472010e-04
4.938416457309e-03,5.332919162037e+01,3.239199117393e+01,4.692886163882e+05,3.020279658684e+02,1.124119396177e+01,7.759077098365e-04
4.938493209868e-03,5.331827987306e+01,3.239133611568e+01,4.699141023186e+05,3.020277288363e+02,1.124120283651e+01,7.748598682726e-04
4.938569879669e-03,5.330736531760e+01,3.239067845337e+01,4.705405786173e+05,3.020274916517e+02,1.124121171716e+01,7.738131219773e-04
4.938646466843e-03,5.329644794331e+01,3.239001818354e+01,4.711680475922e+05,3.020272543142e+02,1.124122060373e+01,7.727674693154e-04
4.938722971530e-03,5.328552773851e+01,3.238935530266e+01,4.717965116115e+05,3.020270168235e+02,1.124122949624e+01,7.717229085663e-04
4.938799393688e-03,5.327460471730e+01,3.238868980876e+01,4.724259715660e+05,3.020267791799e+02,1.124123839466e+01,7.706794404721e-04
4.938875733515e-03,5.326367885958e+01,3.238802169777e+01,4.730564303194e+05,3.020265413828e+02,1.124124729903e+01,7.696370625069e-04
4.938951991071e-03,5.325275016500e+01,3.238735096682e+01,4.736878896017e+05,3.020263034321e+02,1.124125620935e+01,7.685957740365e-04
4.939028166420e-03,5.324181863236e+01,3.238667761300e+01,4.743203511960e+05,3.020260653278e+02,1.124126512562e+01,7.675555743445e-04
4.939104259662e-03,5.323088425570e+01,3.238600163306e+01,4.749538171652e+05,3.020258270697e+02,1.124127404784e+01,7.665164622615e-04
4.939180270869e-03,5.321994703257e+01,3.238532302400e+01,4.755882893728e+05,3.020255886575e+02,1.124128297603e+01,7.654784369544e-04
4.939256200183e-03,5.320900695085e+01,3.238464178217e+01,4.762237702472e+05,3.020253500911e+02,1.124129191020e+01,7.644414966761e-04
4.939332047584e-03,5.319806402146e+01,3.238395790537e+01,4.768602608846e+05,3.020251113705e+02,1.124130085033e+01,7.634056418614e-04
4.939407813310e-03,5.318711821845e+01,3.238327138909e+01,4.774977645289e+05,3.020248724951e+02,1.124130979646e+01,7.623708694572e-04
4.939483497303e-03,5.317616955794e+01,3.238258223144e+01,4.781362819786e+05,3.020246334652e+02,1.124131874858e+01,7.613371803940e-04
4.939559099754e-03,5.316521802068e+01,3.238189042829e+01,4.787758160988e+05,3.020243942803e+02,1.124132770670e+01,7.603045722585e-04
4.939634620677e-03,5.315426361277e+01,3.238119597710e+01,4.794163682797e+05,3.020241549404e+02,1.124133667082e+01,7.592730450329e-04
4.939710060205e-03,5.314330632301e+01,3.238049887425e+01,4.800579409268e+05,3.020239154453e+02,1.124134564095e+01,7.582425970689e-04
4.939785418411e-03,5.313234614878e+01,3.237979911663e+01,4.807005359481e+05,3.020236757948e+02,1.124135461711e+01,7.572132275300e-04
4.939860695336e-03,5.312138309225e+01,3.237909670143e+01,4.813441549751e+05,3.020234359888e+02,1.124136359928e+01,7.561849360274e-04
4.939935891182e-03,5.311041713241e+01,3.237839162437e+01,4.819888010040e+05,3.020231960269e+02,1.124137258749e+01,7.551577200032e-04
4.940011005883e-03,5.309944828658e+01,3.237768388358e+01,4.826344747841e+05,3.020229559093e+02,1.124138158174e+01,7.541315804906e-04
4.940086039685e-03,5.308847652724e+01,3.237697347434e+01,4.832811797064e+05,3.020227156354e+02,1.124139058203e+01,7.531065143284e-04
4.940160992527e-03,5.307750187115e+01,3.237626039474e+01,4.839289165590e+05,3.020224752054e+02,1.124139958838e+01,7.520825224964e-04
4.940235864596e-03,5.306652429922e+01,3.237554464056e+01,4.845776882476e+05,3.020222346189e+02,1.124140860078e+01,7.510596026277e-04
4.940310655936e-03,5.305554381293e+01,3.237482620891e+01,4.852274964689e+05,3.020219938758e+02,1.124141761925e+01,7.500377542774e-04
4.940385366632e-03,5.304456040802e+01,3.237410509651e+01,4.858783432639e+05,3.020217529759e+02,1.124142664380e+01,7.490169764642e-04
4.940459996805e-03,5.303357407476e+01,3.237338129970e+01,4.865302310008e+05,3.020215119190e+02,1.124143567442e+01,7.479972677044e-04
4.940534546479e-03,5.302258481753e+01,3.237265481576e+01,4.871831612174e+05,3.020212707051e+02,1.124144471113e+01,7.469786278215e-04
4.940609015791e-03,5.301159262430e+01,3.237192564087e+01,4.878371364285e+05,3.020210293338e+02,1.124145375393e+01,7.459610551214e-04
4.940683404814e-03,5.300059749242e+01,3.237119377182e+01,4.884921585970e+05,3.020207878050e+02,1.124146280284e+01,7.449445487813e-04
4.940757713609e-03,5.298959942082e+01,3.237045920548e+01,4.891482295968e+05,3.020205461186e+02,1.124147185784e+01,7.439291081230e-04
4.940831942313e-03,5.297859839726e+01,3.236972193799e+01,4.898053519720e+05,3.020203042742e+02,1.124148091897e+01,7.429147314403e-04
4.940906090947e-03,5.296759442684e+01,3.236898196664e+01,4.904635272359e+05,3.020200622720e+02,1.124148998621e+01,7.419014186285e-04
4.940980159682e-03,5.295658749203e+01,3.236823928717e+01,4.911227582606e+05,3.020198201114e+02,1.124149905959e+01,7.408891674986e-04
4.941054148474e-03,5.294557760758e+01,3.236749389751e+01,4.917830459878e+05,3.020195777926e+02,1.124150813909e+01,7.398779788350e-04
4.941128057526e-03,5.293456475112e+01,3.236674579304e+01,4.924443935916e+05,3.020193353152e+02,1.124151722474e+01,7.388678500075e-04
4.941201886878e-03,5.292354892497e+01,3.236599497085e+01,4.931068027677e+05,3.020190926791e+02,1.124152631654e+01,7.378587806607e-04
4.941275636604e-03,5.291253012587e+01,3.236524142759e+01,4.937702755530e+05,3.020188498840e+02,1.124153541449e+01,7.368507699238e-04
4.941349306841e-03,5.290150834140e+01,3.236448515930e+01,4.944348145390e+05,3.020186069298e+02,1.124154451861e+01,7.358438160940e-04
4.941422897589e-03,5.289048357980e+01,3.236372616344e+01,4.951004210788e+05,3.020183638164e+02,1.124155362889e+01,7.348379193545e-04
4.941496409022e-03,5.287945582273e+01,3.236296443561e+01,4.957670981320e+05,3.020181205435e+02,1.124156274535e+01,7.338330774661e-04
4.941569841114e-03,5.286842508220e+01,3.236219997351e+01,4.964348468306e+05,3.020178771111e+02,1.124157186799e+01,7.328292909557e-04
4.941643194054e-03,5.285739133775e+01,3.236143277256e+01,4.971036702756e+05,3.020176335188e+02,1.124158099683e+01,7.318265573949e-04
4.941716467897e-03,5.284635458926e+01,3.236066282960e+01,4.977735703400e+05,3.020173897665e+02,1.124159013186e+01,7.308248762130e-04
4.941789662719e-03,5.283531483320e+01,3.235989014123e+01,4.984445491110e+05,3.020171458540e+02,1.124159927310e+01,7.298242465249e-04
4.941862778584e-03,5.282427206788e+01,3.235911470415e+01,4.991166085655e+05,3.020169017812e+02,1.124160842055e+01,7.288246676168e-04
4.941935815605e-03,5.281322628417e+01,3.235833651453e+01,4.997897511402e+05,3.020166575478e+02,1.124161757422e+01,7.278261381001e-04
4.942008773878e-03,5.280217747571e+01,3.235755556875e+01,5.004639791074e+05,3.020164131536e+02,1.124162673412e+01,7.268286568420e-04
4.942081653409e-03,5.279112564928e+01,3.235677186407e+01,5.011392939418e+05,3.020161685988e+02,1.124163590025e+01,7.258322238955e-04
4.942154454383e-03,5.278007078491e+01,3.235598539588e+01,5.018156987581e+05,3.020159238826e+02,1.124164507262e+01,7.248368369014e-04
4.942227176799e-03,5.276901289091e+01,3.235519616155e+01,5.024931949457e+05,3.020156790054e+02,1.124165425123e+01,7.238424960524e-04
4.942299820852e-03,5.275795194527e+01,3.235440415627e+01,5.031717857564e+05,3.020154339664e+02,1.124166343611e+01,7.228491988157e-04
4.942372386467e-03,5.274688796740e+01,3.235360937821e+01,5.038514719073e+05,3.020151887661e+02,1.124167262724e+01,7.218569463787e-04
4.942444873861e-03,5.273582093243e+01,3.235281182234e+01,5.045322568376e+05,3.020149434038e+02,1.124168182464e+01,7.208657359569e-04
4.942517283074e-03,5.272475084189e+01,3.235201148550e+01,5.052141423702e+05,3.020146978794e+02,1.124169102832e+01,7.198755671378e-04
4.942589614166e-03,5.271367769476e+01,3.235120836437e+01,5.058971304901e+05,3.020144521929e+02,1.124170023829e+01,7.188864392774e-04
4.942661867235e-03,5.270260148391e+01,3.235040245516e+01,5.065812235623e+05,3.020142063441e+02,1.124170945454e+01,7.178983511884e-04
4.942734042408e-03,5.269152219767e+01,3.234959375373e+01,5.072664242379e+05,3.020139603325e+02,1.124171867710e+01,7.169113012835e-04
4.942806139651e-03,5.268043984918e+01,3.234878225776e+01,5.079527336407e+05,3.020137141585e+02,1.124172790595e+01,7.159252901821e-04
4.942878159209e-03,5.266935440886e+01,3.234796796178e+01,5.086401555414e+05,3.020134678212e+02,1.124173714113e+01,7.149403147078e-04
4.942950101011e-03,5.265826589556e+01,3.234715086386e+01,5.093286907166e+05,3.020132213210e+02,1.124174638261e+01,7.139563759898e-04
4.943021965252e-03,5.264717428686e+01,3.234633095904e+01,5.100183425076e+05,3.020129746574e+02,1.124175563043e+01,7.129734714930e-04
4.943093751942e-03,5.263607958950e+01,3.234550824450e+01,5.107091124501e+05,3.020127278303e+02,1.124176488459e+01,7.119916012711e-04
4.943165461234e-03,5.262498178736e+01,3.234468271569e+01,5.114010035061e+05,3.020124808394e+02,1.124177414509e+01,7.110107633566e-04
4.943237093102e-03,5.261388089247e+01,3.234385437017e+01,5.120940168895e+05,3.020122336849e+02,1.124178341193e+01,7.100309582699e-04
4.943308647777e-03,5.260277687706e+01,3.234302320251e+01,5.127881563021e+05,3.020119863659e+02,1.124179268514e+01,7.090521830207e-04
4.943380125162e-03,5.259166976385e+01,3.234218921105e+01,5.134834222972e+05,3.020117388831e+02,1.124180196470e+01,7.080744390711e-04
4.943451525543e-03,5.258055951641e+01,3.234135238968e+01,5.141798191336e+05,3.020114912354e+02,1.124181125064e+01,7.070977226760e-04
4.943522848821e-03,5.256944615793e+01,3.234051273677e+01,5.148773473404e+05,3.020112434233e+02,1.124182054296e+01,7.061220353392e-04
4.943594095165e-03,5.255832966996e+01,3.233967024753e+01,5.155760100626e+05,3.020109954464e+02,1.124182984166e+01,7.051473749023e-04
4.943665264658e-03,5.254721004748e+01,3.233882491817e+01,5.162758096088e+05,3.020107473044e+02,1.124183914676e+01,7.041737403907e-04
4.943736357372e-03,5.253608728706e+01,3.233797674504e+01,5.169767481929e+05,3.020104989971e+02,1.124184845827e+01,7.032011309705e-04
4.943807373374e-03,5.252496138594e+01,3.233712572449e+01,5.176788279903e+05,3.020102505245e+02,1.124185777618e+01,7.022295458680e-04
4.943878312757e-03,5.251383233757e+01,3.233627185259e+01,5.183820514218e+05,3.020100018862e+02,1.124186710051e+01,7.012589839783e-04
4.943949175593e-03,5.250270013825e+01,3.233541512564e+01,5.190864207326e+05,3.020097530822e+02,1.124187643126e+01,7.002894444489e-04
4.944019961980e-03,5.249156478076e+01,3.233455553961e+01,5.197919383978e+05,3.020095041121e+02,1.124188576844e+01,6.993209261191e-04
4.944090672010e-03,5.248042625820e+01,3.233369309052e+01,5.204986068749e+05,3.020092549759e+02,1.124189511206e+01,6.983534278637e-04
4.944161305725e-03,5.246928457169e+01,3.233282777499e+01,5.212064281214e+05,3.020090056733e+02,1.124190446213e+01,6.973869492501e-04
4.944231863219e-03,5.245813971457e+01,3.233195958903e+01,5.219154045913e+05,3.020087562041e+02,1.124191381866e+01,6.964214891738e-04
4.944302344629e-03,5.244699167270e+01,3.233108852804e+01,5.226255392210e+05,3.020085065680e+02,1.124192318165e+01,6.954570458863e-04
4.944372749919e-03,5.243584045965e+01,3.233021458959e+01,5.233368331884e+05,3.020082567652e+02,1.124193255110e+01,6.944936200354e-04
4.944443079314e-03,5.242468604762e+01,3.232933776800e+01,5.240492903123e+05,3.020080067950e+02,1.124194192704e+01,6.935312086979e-04
4.944513332751e-03,5.241352845423e+01,3.232845806113e+01,5.247629115206e+05,3.020077566577e+02,1.124195130946e+01,6.925698128702e-04
4.944583510422e-03,5.240236765706e+01,3.232757546370e+01,5.254777003031e+05,3.020075063526e+02,1.124196069837e+01,6.916094300991e-04
4.944653612368e-03,5.239120365721e+01,3.232668997224e+01,5.261936586520e+05,3.020072558798e+02,1.124197009379e+01,6.906500599609e-04
4.944723638661e-03,5.238003645100e+01,3.232580158293e+01,5.269107888700e+05,3.020070052391e+02,1.124197949571e+01,6.896917016199e-04
4.944793589346e-03,5.236886603900e+01,3.232491029226e+01,5.276290929923e+05,3.020067544304e+02,1.124198890414e+01,6.887343546051e-04
4.944863464620e-03,5.235769239756e+01,3.232401609478e+01,5.283485746173e+05,3.020065034530e+02,1.124199831911e+01,6.877780163738e-04
4.944933264423e-03,5.234651554398e+01,3.232311898829e+01,5.290692347130e+05,3.020062523074e+02,1.124200774059e+01,6.868226878918e-04
4.945002988973e-03,5.233533545122e+01,3.232221896703e+01,5.297910771103e+05,3.020060009927e+02,1.124201716863e+01,6.858683663334e-04
4.945072638195e-03,5.232415213880e+01,3.232131602900e+01,5.305141026422e+05,3.020057495094e+02,1.124202660321e+01,6.849150528496e-04
4.945142212298e-03,5.231296558120e+01,3.232041016852e+01,5.312383150545e+05,3.020054978568e+02,1.124203604434e+01,6.839627447524e-04
4.945211711326e-03,5.230177577887e+01,3.231950138201e+01,5.319637164230e+05,3.020052460348e+02,1.124204549204e+01,6.830114415692e-04
4.945281135340e-03,5.229058272973e+01,3.231858966568e+01,5.326903089899e+05,3.020049940434e+02,1.124205494631e+01,6.820611426133e-04
4.945350484422e-03,5.227938642846e+01,3.231767501547e+01,5.334180952133e+05,3.020047418822e+02,1.124206440715e+01,6.811118469236e-04
4.945419758667e-03,5.226818686724e+01,3.231675742708e+01,5.341470777213e+05,3.020044895510e+02,1.124207387458e+01,6.801635533271e-04
4.945488958136e-03,5.225698404401e+01,3.231583689670e+01,5.348772587702e+05,3.020042370497e+02,1.124208334861e+01,6.792162611439e-04
4.945558082960e-03,5.224577794532e+01,3.231491341956e+01,5.356086413673e+05,3.020039843779e+02,1.124209282924e+01,6.782699687297e-04
4.945627133092e-03,5.223456858633e+01,3.231398699323e+01,5.363412266563e+05,3.020037315359e+02,1.124210231647e+01,6.773246768588e-04
4.945696108793e-03,5.222335593254e+01,3.231305761118e+01,5.370750190318e+05,3.020034785228e+02,1.124211181033e+01,6.763803821177e-04
4.945765009999e-03,5.221214000192e+01,3.231212527119e+01,5.378100194625e+05,3.020032253389e+02,1.124212131081e+01,6.754370855195e-04
4.945833836875e-03,5.220092077545e+01,3.231118996798e+01,5.385462313464e+05,3.020029719836e+02,1.124213081793e+01,6.744947849603e-04
4.945902589392e-03,5.218969826533e+01,3.231025169886e+01,5.392836560364e+05,3.020027184573e+02,1.124214033169e+01,6.735534809647e-04
4.945971267761e-03,5.217847244486e+01,3.230931045787e+01,5.400222974489e+05,3.020024647592e+02,1.124214985210e+01,6.726131707916e-04
4.946039871985e-03,5.216724332120e+01,3.230836624187e+01,5.407621572790e+05,3.020022108894e+02,1.124215937916e+01,6.716738545446e-04
4.946108402128e-03,5.215601089161e+01,3.230741904688e+01,5.415032378789e+05,3.020019568476e+02,1.124216891289e+01,6.707355314942e-04
4.946176858371e-03,5.214477513389e+01,3.230646886727e+01,5.422455428904e+05,3.020017026335e+02,1.124217845330e+01,6.697981992916e-04
4.946245240649e-03,5.213353606667e+01,3.230551570086e+01,5.429890732650e+05,3.020014482471e+02,1.124218800038e+01,6.688618589958e-04
4.946313549124e-03,5.212229367076e+01,3.230455954224e+01,5.437338324603e+05,3.020011936882e+02,1.124219755416e+01,6.679265085100e-04
4.946381783890e-03,5.211104793823e+01,3.230360038694e+01,5.444798231941e+05,3.020009389563e+02,1.124220711464e+01,6.669921466841e-04
4.946449945031e-03,5.209979886313e+01,3.230263823065e+01,5.452270480624e+05,3.020006840513e+02,1.124221668183e+01,6.660587725318e-04
4.946518032491e-03,5.208854646221e+01,3.230167307101e+01,5.459755081545e+05,3.020004289734e+02,1.124222625571e+01,6.651263869508e-04
4.946586046531e-03,5.207729069970e+01,3.230070490113e+01,5.467252080599e+05,3.020001737218e+02,1.124223583634e+01,6.641949864851e-04
4.946653987133e-03,5.206603158654e+01,3.229973371811e+01,5.474761492657e+05,3.019999182966e+02,1.124224542369e+01,6.632645715540e-04
4.946721854400e-03,5.205476911314e+01,3.229875951728e+01,5.482283346329e+05,3.019996626976e+02,1.124225501778e+01,6.623351408759e-04
4.946789648366e-03,5.204350328143e+01,3.229778229497e+01,5.489817662577e+05,3.019994069246e+02,1.124226461861e+01,6.614066941232e-04
4.946857369150e-03,5.203223407921e+01,3.229680204625e+01,5.497364471891e+05,3.019991509772e+02,1.124227422620e+01,6.604792298017e-04
4.946925016880e-03,5.202096149286e+01,3.229581876607e+01,5.504923805767e+05,3.019988948552e+02,1.124228384057e+01,6.595527463091e-04
4.946992591516e-03,5.200968553649e+01,3.229483245176e+01,5.512495677171e+05,3.019986385588e+02,1.124229346169e+01,6.586272443214e-04
4.947060093254e-03,5.199840618507e+01,3.229384309726e+01,5.520080125405e+05,3.019983820872e+02,1.124230308960e+01,6.577027213004e-04
4.947127522059e-03,5.198712345194e+01,3.229285069981e+01,5.527677164044e+05,3.019981254407e+02,1.124231272430e+01,6.567791778578e-04
4.947194878063e-03,5.197583732263e+01,3.229185525425e+01,5.535286825410e+05,3.019978686188e+02,1.124232236579e+01,6.558566123278e-04
4.947262161399e-03,5.196454778242e+01,3.229085675533e+01,5.542909142116e+05,3.019976116213e+02,1.124233201409e+01,6.549350230271e-04
4.947329372096e-03,5.195325483408e+01,3.228985519937e+01,5.550544134994e+05,3.019973544479e+02,1.124234166921e+01,6.540144097080e-04
4.947396510162e-03,5.194195848343e+01,3.228885058294e+01,5.558191822883e+05,3.019970970988e+02,1.124235133114e+01,6.530947723638e-04
4.947463575802e-03,5.193065870388e+01,3.228784289970e+01,5.565852246614e+05,3.019968395733e+02,1.124236099991e+01,6.521761083535e-04
4.947530569011e-03,5.191935550370e+01,3.228683214643e+01,5.573525423467e+05,3.019965818715e+02,1.124237067551e+01,6.512584178767e-04
4.947597489837e-03,5.190804888232e+01,3.228581831910e+01,5.581211376765e+05,3.019963239932e+02,1.124238035796e+01,6.503417004100e-04
4.947664338487e-03,5.189673881234e+01,3.228480141126e+01,5.588910148146e+05,3.019960659378e+02,1.124239004727e+01,6.494259532593e-04
4.947731114931e-03,5.188542530601e+01,3.228378142000e+01,5.596621752333e+05,3.019958077054e+02,1.124239974344e+01,6.485111769476e-04
4.947797819215e-03,5.187410836353e+01,3.228275834132e+01,5.604346212303e+05,3.019955492959e+02,1.124240944648e+01,6.475973710159e-04
4.947864451561e-03,5.186278795442e+01,3.228173216846e+01,5.612083572032e+05,3.019952907087e+02,1.124241915641e+01,6.466845325353e-04
4.947931011905e-03,5.185146409705e+01,3.228070289903e+01,5.619833842213e+05,3.019950319439e+02,1.124242887323e+01,6.457726625191e-04
4.947997500399e-03,5.184013677321e+01,3.227967052733e+01,5.627597058600e+05,3.019947730011e+02,1.124243859694e+01,6.448617590317e-04
4.948063917105e-03,5.182880597970e+01,3.227863504902e+01,5.635373246734e+05,3.019945138802e+02,1.124244832756e+01,6.439518213513e-04
4.948130262050e-03,5.181747171936e+01,3.227759646027e+01,5.643162428078e+05,3.019942545811e+02,1.124245806509e+01,6.430428492384e-04
4.948196535376e-03,5.180613397530e+01,3.227655475547e+01,5.650964637706e+05,3.019939951032e+02,1.124246780955e+01,6.421348408738e-04
4.948262737135e-03,5.179479274649e+01,3.227550993043e+01,5.658779899867e+05,3.019937354466e+02,1.124247756094e+01,6.412277957116e-04
4.948328867434e-03,5.178344802152e+01,3.227446197998e+01,5.666608246006e+05,3.019934756109e+02,1.124248731928e+01,6.403217123793e-04
4.948394926267e-03,5.177209980917e+01,3.227341090083e+01,5.674449693724e+05,3.019932155961e+02,1.124249708456e+01,6.394165911147e-04
4.948460913803e-03,5.176074808787e+01,3.227235668684e+01,5.682304281631e+05,3.019929554016e+02,1.124250685680e+01,6.385124297372e-04
4.948526830042e-03,5.174939286486e+01,3.227129933457e+01,5.690172028487e+05,3.019926950277e+02,1.124251663601e+01,6.376092283645e-04
4.948592675149e-03,5.173803411921e+01,3.227023883789e+01,5.698052972624e+05,3.019924344736e+02,1.124252642220e+01,6.367069848747e-04
4.948658449080e-03,5.172667186598e+01,3.226917519407e+01,5.705947127486e+05,3.019921737397e+02,1.124253621536e+01,6.358057000065e-04
4.948724152029e-03,5.171530607909e+01,3.226810839648e+01,5.713854535138e+05,3.019919128251e+02,1.124254601552e+01,6.349053712349e-04
4.948789783991e-03,5.170393676668e+01,3.226703844171e+01,5.721775213940e+05,3.019916517302e+02,1.124255582269e+01,6.340059987501e-04
4.948855345089e-03,5.169256391508e+01,3.226596532428e+01,5.729709197481e+05,3.019913904543e+02,1.124256563686e+01,6.331075810172e-04
4.948920835399e-03,5.168118751815e+01,3.226488903939e+01,5.737656514195e+05,3.019911289974e+02,1.124257545806e+01,6.322101170989e-04
4.948986254960e-03,5.166980757664e+01,3.226380958289e+01,5.745617187750e+05,3.019908673592e+02,1.124258528628e+01,6.313136066034e-04
4.949051603842e-03,5.165842408592e+01,3.226272695013e+01,5.753591245630e+05,3.019906055397e+02,1.124259512154e+01,6.304180487145e-04
4.949116882151e-03,5.164703703473e+01,3.226164113578e+01,5.761578720055e+05,3.019903435385e+02,1.124260496385e+01,6.295234420948e-04
4.949182089959e-03,5.163564641774e+01,3.226055213508e+01,5.769579639138e+05,3.019900813553e+02,1.124261481321e+01,6.286297858785e-04
4.949247227359e-03,5.162425222630e+01,3.225945994294e+01,5.777594033404e+05,3.019898189899e+02,1.124262466963e+01,6.277370789409e-04
4.949312294388e-03,5.161285446114e+01,3.225836455515e+01,5.785621926857e+05,3.019895564421e+02,1.124263453313e+01,6.268453208921e-04
4.949377291146e-03,5.160145311222e+01,3.225726596646e+01,5.793663351125e+05,3.019892937117e+02,1.124264440371e+01,6.259545105023e-04
4.949442217709e-03,5.159004817338e+01,3.225616417197e+01,5.801718335199e+05,3.019890307984e+02,1.124265428139e+01,6.250646468459e-04
4.949507074108e-03,5.157863964668e+01,3.225505916756e+01,5.809786902313e+05,3.019887677022e+02,1.124266416615e+01,6.241757296397e-04
4.949571860452e-03,5.156722751999e+01,3.225395094775e+01,5.817869085798e+05,3.019885044227e+02,1.124267405803e+01,6.232877574959e-04
4.949636576846e-03,5.155581178237e+01,3.225283950712e+01,5.825964918235e+05,3.019882409595e+02,1.124268395703e+01,6.224007291226e-04
4.949701223352e-03,5.154439243014e+01,3.225172484096e+01,5.834074427124e+05,3.019879773125e+02,1.124269386315e+01,6.215146437964e-04
4.949765799984e-03,5.153296946803e+01,3.225060694539e+01,5.842197634054e+05,3.019877134817e+02,1.124270377641e+01,6.206295014446e-04
4.949830306883e-03,5.152154287855e+01,3.224948581430e+01,5.850334576470e+05,3.019874494666e+02,1.124271369681e+01,6.197453002738e-04
4.949894744086e-03,5.151011266211e+01,3.224836144337e+01,5.858485279164e+05,3.019871852671e+02,1.124272362437e+01,6.188620398793e-04
4.949959111700e-03,5.149867880738e+01,3.224723382707e+01,5.866649775368e+05,3.019869208828e+02,1.124273355909e+01,6.179797189492e-04
4.950023409752e-03,5.148724131656e+01,3.224610296121e+01,5.874828088703e+05,3.019866563137e+02,1.124274350098e+01,6.170983372200e-04
4.950087638371e-03,5.147580017416e+01,3.224496883984e+01,5.883020255528e+05,3.019863915593e+02,1.124275345006e+01,6.162178930634e-04
4.950151797631e-03,5.146435537407e+01,3.224383145792e+01,5.891226305557e+05,3.019861266195e+02,1.124276340633e+01,6.153383855800e-04
4.950215887519e-03,5.145290692610e+01,3.224269081197e+01,5.899446257161e+05,3.019858614943e+02,1.124277336979e+01,6.144598150903e-04
4.950279908189e-03,5.144145480962e+01,3.224154689548e+01,5.907680150614e+05,3.019855961831e+02,1.124278334046e+01,6.135821795792e-04
4.950343859727e-03,5.142999901686e+01,3.224039970320e+01,5.915928017049e+05,3.019853306857e+02,1.124279331835e+01,6.127054780240e-04
4.950407742163e-03,5.141853954932e+01,3.223924923081e+01,5.924189880977e+05,3.019850650021e+02,1.124280330347e+01,6.118297101134e-04
4.950471555541e-03,5.140707640665e+01,3.223809547376e+01,5.932465768320e+05,3.019847991320e+02,1.124281329582e+01,6.109548753905e-04
4.950535300055e-03,5.139560956084e+01,3.223693842473e+01,5.940755725032e+05,3.019845330749e+02,1.124282329543e+01,6.100809712940e-04
4.950598975635e-03,5.138413903195e+01,3.223577808122e+01,5.949059762420e+05,3.019842668310e+02,1.124283330228e+01,6.092079989276e-04
4.950662582472e-03,5.137266479277e+01,3.223461443595e+01,5.957377926044e+05,3.019840003995e+02,1.124284331640e+01,6.083359557964e-04
4.950726120527e-03,5.136118685746e+01,3.223344748580e+01,5.965710231577e+05,3.019837337809e+02,1.124285333779e+01,6.074648425531e-04
4.950789589985e-03,5.134970519981e+01,3.223227722355e+01,5.974056724031e+05,3.019834669742e+02,1.124286336647e+01,6.065946567880e-04
4.950852990882e-03,5.133821982038e+01,3.223110364468e+01,5.982417429093e+05,3.019831999795e+02,1.124287340245e+01,6.057253981242e-04
4.950916323209e-03,5.132673072786e+01,3.222992674551e+01,5.990792366556e+05,3.019829327969e+02,1.124288344571e+01,6.048570667988e-04
4.950979587141e-03,5.131523789800e+01,3.222874651894e+01,5.999181580296e+05,3.019826654256e+02,1.124289349629e+01,6.039896605591e-04
4.951042782770e-03,5.130374132105e+01,3.222756295937e+01,6.007585103717e+05,3.019823978654e+02,1.124290355420e+01,6.031231782552e-04
4.951105910052e-03,5.129224101206e+01,3.222637606372e+01,6.016002952165e+05,3.019821301165e+02,1.124291361944e+01,6.022576206041e-04
4.951168969132e-03,5.128073695189e+01,3.222518582538e+01,6.024435166035e+05,3.019818621784e+02,1.124292369201e+01,6.013929857493e-04
4.951231960125e-03,5.126922912658e+01,3.222399223826e+01,6.032881782061e+05,3.019815940506e+02,1.124293377194e+01,6.005292722285e-04
4.951294883002e-03,5.125771754855e+01,3.222279529898e+01,6.041342817661e+05,3.019813257334e+02,1.124294385922e+01,5.996664805620e-04
4.951357737893e-03,5.124620220132e+01,3.222159500116e+01,6.049818311563e+05,3.019810572262e+02,1.124295395387e+01,5.988046091000e-04
4.951420524887e-03,5.123468307541e+01,3.222039133912e+01,6.058308297431e+05,3.019807885288e+02,1.124296405590e+01,5.979436567239e-04
4.951483244038e-03,5.122316016814e+01,3.221918430788e+01,6.066812804009e+05,3.019805196409e+02,1.124297416532e+01,5.970836228237e-04
4.951545895402e-03,5.121163347636e+01,3.221797390240e+01,6.075331860431e+05,3.019802505624e+02,1.124298428213e+01,5.962245067564e-04
4.951608479070e-03,5.120010299021e+01,3.221676011691e+01,6.083865500887e+05,3.019799812930e+02,1.124299440635e+01,5.953663073787e-04
4.951670995121e-03,5.118856870241e+01,3.221554294591e+01,6.092413757724e+05,3.019797118324e+02,1.124300453799e+01,5.945090237436e-04
4.951733443597e-03,5.117703061213e+01,3.221432238455e+01,6.100976658604e+05,3.019794421804e+02,1.124301467705e+01,5.936526553828e-04
4.951795824561e-03,5.116548871489e+01,3.221309842760e+01,6.109554233944e+05,3.019791723370e+02,1.124302482355e+01,5.927972015582e-04
4.951858138181e-03,5.115394298663e+01,3.221187106773e+01,6.118146528815e+05,3.019789023013e+02,1.124303497750e+01,5.919426600843e-04
4.951920384439e-03,5.114239343774e+01,3.221064030125e+01,6.126753562732e+05,3.019786320736e+02,1.124304513890e+01,5.910890313310e-04
4.951982563378e-03,5.113084006714e+01,3.220940612323e+01,6.135375363818e+05,3.019783616537e+02,1.124305530776e+01,5.902363148133e-04
4.952044675211e-03,5.111928284227e+01,3.220816852538e+01,6.144011983759e+05,3.019780910407e+02,1.124306548411e+01,5.893845077311e-04
4.952106719853e-03,5.110772178607e+01,3.220692750532e+01,6.152663432888e+05,3.019778202352e+02,1.124307566794e+01,5.885336113763e-04
4.952168697458e-03,5.109615687699e+01,3.220568305589e+01,6.161329754863e+05,3.019775492364e+02,1.124308585926e+01,5.876836237625e-04
4.952230608086e-03,5.108458811039e+01,3.220443517174e+01,6.170010980764e+05,3.019772780442e+02,1.124309605808e+01,5.868345441539e-04
4.952292451761e-03,5.107301548915e+01,3.220318384830e+01,6.178707136110e+05,3.019770066586e+02,1.124310626441e+01,5.859863723640e-04
4.952354228686e-03,5.106143898229e+01,3.220192907733e+01,6.187418271935e+05,3.019767350787e+02,1.124311647829e+01,5.851391057302e-04
4.952415938814e-03,5.104985860526e+01,3.220067085560e+01,6.196144404463e+05,3.019764633047e+02,1.124312669969e+01,5.842927449910e-04
4.952477582166e-03,5.103827436127e+01,3.219940917855e+01,6.204885559150e+05,3.019761913367e+02,1.124313692862e+01,5.834472899847e-04
4.952539159014e-03,5.102668620622e+01,3.219814403646e+01,6.213641797252e+05,3.019759191735e+02,1.124314716513e+01,5.826027371032e-04
4.952600669244e-03,5.101509416843e+01,3.219687542746e+01,6.222413125423e+05,3.019756468156e+02,1.124315740918e+01,5.817590880230e-04
4.952662112996e-03,5.100349822841e+01,3.219560334447e+01,6.231199586534e+05,3.019753742626e+02,1.124316766082e+01,5.809163409328e-04
4.952723490337e-03,5.099189838052e+01,3.219432778191e+01,6.240001213054e+05,3.019751015141e+02,1.124317792004e+01,5.800744950349e-04
4.952784801341e-03,5.098029461764e+01,3.219304873400e+01,6.248818038645e+05,3.019748285700e+02,1.124318818685e+01,5.792335494271e-04
4.952846046099e-03,5.096868692954e+01,3.219176619463e+01,6.257650099439e+05,3.019745554298e+02,1.124319846127e+01,5.783935029819e-04
4.952907224622e-03,5.095707532106e+01,3.219048015931e+01,6.266497420169e+05,3.019742820936e+02,1.124320874330e+01,5.775543556648e-04
4.952968337026e-03,5.094545977693e+01,3.218919062133e+01,6.275360040964e+05,3.019740085608e+02,1.124321903295e+01,5.767161059870e-04
4.953029383428e-03,5.093384028183e+01,3.218789757394e+01,6.284238002089e+05,3.019737348311e+02,1.124322933025e+01,5.758787524633e-04
4.953090363755e-03,5.092221685661e+01,3.218660101442e+01,6.293131316266e+05,3.019734609048e+02,1.124323963518e+01,5.750422962123e-04
4.953151278214e-03,5.091058946866e+01,3.218530093407e+01,6.302040037145e+05,3.019731867811e+02,1.124324994777e+01,5.742067345067e-04
4.953212126842e-03,5.089895811777e+01,3.218399732776e+01,6.310964193713e+05,3.019729124598e+02,1.124326026803e+01,5.733720669533e-04
4.953272909684e-03,5.088732280201e+01,3.218269019020e+01,6.319903816321e+05,3.019726379409e+02,1.124327059597e+01,5.725382930356e-04
4.953333626805e-03,5.087568351613e+01,3.218137951568e+01,6.328858937950e+05,3.019723632239e+02,1.124328093158e+01,5.717054119994e-04
4.953394278324e-03,5.086404024394e+01,3.218006529726e+01,6.337829600091e+05,3.019720883086e+02,1.124329127490e+01,5.708734223104e-04
4.953454864229e-03,5.085239299445e+01,3.217874753081e+01,6.346815824904e+05,3.019718131949e+02,1.124330162592e+01,5.700423242368e-04
4.953515384678e-03,5.084074174451e+01,3.217742620857e+01,6.355817659431e+05,3.019715378822e+02,1.124331198465e+01,5.692121157524e-04
4.953575839693e-03,5.082908649611e+01,3.217610132559e+01,6.364835131398e+05,3.019712623706e+02,1.124332235112e+01,5.683827966276e-04
4.953636229364e-03,5.081742723929e+01,3.217477287554e+01,6.373868277867e+05,3.019709866595e+02,1.124333272532e+01,5.675543657806e-04
4.953696553702e-03,5.080576397831e+01,3.217344085374e+01,6.382917124936e+05,3.019707107491e+02,1.124334310726e+01,5.667268231427e-04
4.953756812889e-03,5.079409668490e+01,3.217210525174e+01,6.391981724033e+05,3.019704346385e+02,1.124335349697e+01,5.659001663398e-04
4.953817006921e-03,5.078242536666e+01,3.217076606517e+01,6.401062098855e+05,3.019701583278e+02,1.124336389445e+01,5.650743955424e-04
4.953877135841e-03,5.077075002181e+01,3.216942328859e+01,6.410158280422e+05,3.019698818169e+02,1.124337429970e+01,5.642495102563e-04
4.953937199836e-03,5.075907062096e+01,3.216807691338e+01,6.419270321378e+05,3.019696051049e+02,1.124338471276e+01,5.634255080399e-04
4.953997198769e-03,5.074738719750e+01,3.216672693811e+01,6.428398225483e+05,3.019693281927e+02,1.124339513359e+01,5.626023908815e-04
4.954057132936e-03,5.073569970065e+01,3.216537335162e+01,6.437542062287e+05,3.019690510787e+02,1.124340556225e+01,5.617801548393e-04
4.954117002249e-03,5.072400815388e+01,3.216401615135e+01,6.446701843416e+05,3.019687737635e+02,1.124341599873e+01,5.609588012027e-04
4.954176806888e-03,5.071231252911e+01,3.216265532870e+01,6.455877620922e+05,3.019684962464e+02,1.124342644304e+01,5.601383276369e-04
4.954236546826e-03,5.070061283832e+01,3.216129087976e+01,6.465069415546e+05,3.019682185274e+02,1.124343689519e+01,5.593187346217e-04
4.954296222191e-03,5.068890906285e+01,3.215992279699e+01,6.474277272150e+05,3.019679406061e+02,1.124344735520e+01,5.585000204897e-04
4.954355833021e-03,5.067720120221e+01,3.215855107499e+01,6.483501221431e+05,3.019676624823e+02,1.124345782306e+01,5.576821848468e-04
4.954415379438e-03,5.066548923906e+01,3.215717570634e+01,6.492741307427e+05,3.019673841555e+02,1.124346829881e+01,5.568652261257e-04
4.954474861428e-03,5.065377318281e+01,3.215579668677e+01,6.501997553170e+05,3.019671056257e+02,1.124347878244e+01,5.560491446260e-04
4.954534279138e-03,5.064205301105e+01,3.215441400822e+01,6.511270006906e+05,3.019668268925e+02,1.124348927397e+01,5.552339384308e-04
4.954593632567e-03,5.063032873095e+01,3.215302766614e+01,6.520558693587e+05,3.019665479558e+02,1.124349977339e+01,5.544196076844e-04
4.954652921837e-03,5.061860032464e+01,3.215163765297e+01,6.529863658075e+05,3.019662688151e+02,1.124351028074e+01,5.536061507912e-04
4.954712146990e-03,5.060686779064e+01,3.215024396308e+01,6.539184932332e+05,3.019659894702e+02,1.124352079602e+01,5.527935672970e-04
4.954771308110e-03,5.059513111913e+01,3.214884658985e+01,6.548522555033e+05,3.019657099209e+02,1.124353131923e+01,5.519818561704e-04
4.954830405321e-03,5.058339029171e+01,3.214744552559e+01,6.557876571791e+05,3.019654301665e+02,1.124354185041e+01,5.511710157912e-04
4.954889438528e-03,5.057164533419e+01,3.214604076791e+01,6.567246993067e+05,3.019651502075e+02,1.124355238953e+01,5.503610475918e-04
4.954948407964e-03,5.055989620667e+01,3.214463230650e+01,6.576633881822e+05,3.019648700430e+02,1.124356293663e+01,5.495519484701e-04
4.955007313551e-03,5.054814293126e+01,3.214322013851e+01,6.586037251574e+05,3.019645896732e+02,1.124357349170e+01,5.487437196029e-04
4.955066155606e-03,5.053638545148e+01,3.214180425159e+01,6.595457178840e+05,3.019643090969e+02,1.124358405479e+01,5.479363567623e-04
4.955124933842e-03,5.052462383090e+01,3.214038464785e+01,6.604893644055e+05,3.019640283153e+02,1.124359462586e+01,5.471298639681e-04
4.955183648651e-03,5.051285799776e+01,3.213896131305e+01,6.614346736235e+05,3.019637473266e+02,1.124360520496e+01,5.463242359550e-04
4.955242299940e-03,5.050108797750e+01,3.213753424468e+01,6.623816466514e+05,3.019634661314e+02,1.124361579209e+01,5.455194741264e-04
4.955300887743e-03,5.048931376955e+01,3.213610343707e+01,6.633302866971e+05,3.019631847294e+02,1.124362638724e+01,5.447155780980e-04
4.955359412272e-03,5.047753533775e+01,3.213466888019e+01,6.642805998463e+05,3.019629031199e+02,1.124363699046e+01,5.439125450615e-04
4.955417873455e-03,5.046575270341e+01,3.213323057101e+01,6.652325875597e+05,3.019626213030e+02,1.124364760172e+01,5.431103761329e-04
4.955476271437e-03,5.045396584372e+01,3.213178850110e+01,6.661862548698e+05,3.019623392782e+02,1.124365822106e+01,5.423090694186e-04
4.955534606208e-03,5.044217476701e+01,3.213034266580e+01,6.671416042994e+05,3.019620570456e+02,1.124366884848e+01,5.415086251468e-04
4.955592877989e-03,5.043037943542e+01,3.212889305479e+01,6.680986421227e+05,3.019617746041e+02,1.124367948400e+01,5.407090404136e-04
4.955651086708e-03,5.041857986963e+01,3.212743966490e+01,6.690573698783e+05,3.019614919541e+02,1.124369012762e+01,5.399103162883e-04
4.955709232453e-03,5.040677605836e+01,3.212598248903e+01,6.700177917063e+05,3.019612090953e+02,1.124370077936e+01,5.391124516703e-04
4.955767315317e-03,5.039496798943e+01,3.212452151995e+01,6.709799118290e+05,3.019609260272e+02,1.124371143922e+01,5.383154454039e-04
4.955825335408e-03,5.038315564719e+01,3.212305674997e+01,6.719437347655e+05,3.019606427493e+02,1.124372210723e+01,5.375192961020e-04
4.955883292691e-03,5.037133904518e+01,3.212158817500e+01,6.729092626603e+05,3.019603592619e+02,1.124373278337e+01,5.367240043470e-04
4.955941187334e-03,5.035951815555e+01,3.212011578580e+01,6.738765010476e+05,3.019600755642e+02,1.124374346769e+01,5.359295679351e-04
4.955999019367e-03,5.034769297840e+01,3.211863957659e+01,6.748454531889e+05,3.019597916560e+02,1.124375416018e+01,5.351359865464e-04
4.956056788794e-03,5.033586351978e+01,3.211715954230e+01,6.758161218655e+05,3.019595075374e+02,1.124376486084e+01,5.343432602570e-04
4.956114495800e-03,5.032402974784e+01,3.211567567313e+01,6.767885129765e+05,3.019592232075e+02,1.124377556971e+01,5.335513866071e-04
4.956172140350e-03,5.031219167633e+01,3.211418796494e+01,6.777626286867e+05,3.019589386666e+02,1.124378628678e+01,5.327603661935e-04
4.956229722559e-03,5.030034928790e+01,3.211269640970e+01,6.787384737282e+05,3.019586539140e+02,1.124379701207e+01,5.319701975308e-04
4.956287242490e-03,5.028850257608e+01,3.211120100071e+01,6.797160519480e+05,3.019583689496e+02,1.124380774559e+01,5.311808798649e-04
4.956344700227e-03,5.027665152983e+01,3.210970173068e+01,6.806953675791e+05,3.019580837729e+02,1.124381848736e+01,5.303924121402e-04
4.956402095783e-03,5.026479615266e+01,3.210819859414e+01,6.816764236634e+05,3.019577983839e+02,1.124382923737e+01,5.296047942685e-04
4.956459429310e-03,5.025293641963e+01,3.210669158200e+01,6.826592256056e+05,3.019575127819e+02,1.124383999565e+01,5.288180242748e-04
4.956516700718e-03,5.024107235583e+01,3.210518069149e+01,6.836437746750e+05,3.019572269674e+02,1.124385076219e+01,5.280321035031e-04
4.956573910290e-03,5.022920390889e+01,3.210366590999e+01,6.846300785770e+05,3.019569409390e+02,1.124386153705e+01,5.272470281671e-04
4.956631057925e-03,5.021733110591e+01,3.210214723498e+01,6.856181384288e+05,3.019566546973e+02,1.124387232019e+01,5.264627997460e-04
4.956688143751e-03,5.020545392655e+01,3.210062465785e+01,6.866079593000e+05,3.019563682415e+02,1.124388311164e+01,5.256794165791e-04
4.956745167819e-03,5.019357236681e+01,3.209909817207e+01,6.875995449110e+05,3.019560815716e+02,1.124389391141e+01,5.248968780885e-04
4.956802130170e-03,5.018168642406e+01,3.209756777129e+01,6.885928988756e+05,3.019557946873e+02,1.124390471952e+01,5.241151837869e-04
4.956859031004e-03,5.016979606310e+01,3.209603344491e+01,6.895880275441e+05,3.019555075877e+02,1.124391553598e+01,5.233343310497e-04
4.956915870196e-03,5.015790131594e+01,3.209449519100e+01,6.905849316516e+05,3.019552202734e+02,1.124392636079e+01,5.225543216695e-04
4.956972647937e-03,5.014600214941e+01,3.209295299919e+01,6.915836174027e+05,3.019549327435e+02,1.124393719398e+01,5.217751531584e-04
4.957029364222e-03,5.013409857025e+01,3.209140686425e+01,6.925840876637e+05,3.019546449981e+02,1.124394803554e+01,5.209968256506e-04
4.957086019195e-03,5.012219055464e+01,3.208985677697e+01,6.935863478814e+05,3.019543570364e+02,1.124395888550e+01,5.202193372807e-04
4.957142612855e-03,5.011027810894e+01,3.208830273204e+01,6.945904009742e+05,3.019540688585e+02,1.124396974386e+01,5.194426881583e-04
4.957199145297e-03,5.009836121956e+01,3.208674472153e+01,6.955962515492e+05,3.019537804640e+02,1.124398061065e+01,5.186668770916e-04
4.957255616601e-03,5.008643987566e+01,3.208518273787e+01,6.966039039935e+05,3.019534918524e+02,1.124399148586e+01,5.178919030725e-04
4.957312026784e-03,5.007451407959e+01,3.208361677516e+01,6.976133615905e+05,3.019532030237e+02,1.124400236951e+01,5.171177659499e-04
4.957368375959e-03,5.006258381413e+01,3.208204682494e+01,6.986246292895e+05,3.019529139773e+02,1.124401326162e+01,5.163444643034e-04
4.957424664132e-03,5.005064908371e+01,3.208047288158e+01,6.996377102149e+05,3.019526247134e+02,1.124402416219e+01,5.155719981191e-04
4.957480891453e-03,5.003870986290e+01,3.207889493548e+01,7.006526100359e+05,3.019523352310e+02,1.124403507124e+01,5.148003654518e-04
4.957537057917e-03,5.002676615896e+01,3.207731298134e+01,7.016693316576e+05,3.019520455303e+02,1.124404598878e+01,5.140295664719e-04
4.957593163665e-03,5.001481794775e+01,3.207572700968e+01,7.026878806647e+05,3.019517556105e+02,1.124405691483e+01,5.132595993261e-04
4.957649208607e-03,5.000286525459e+01,3.207413701757e+01,7.037082584391e+05,3.019514654723e+02,1.124406784937e+01,5.124904653464e-04
4.957705192997e-03,4.999090803158e+01,3.207254299233e+01,7.047304726183e+05,3.019511751141e+02,1.124407879246e+01,5.117221611553e-04
4.957761116847e-03,4.997894628224e+01,3.207094492810e+01,7.057545264644e+05,3.019508845362e+02,1.124408974409e+01,5.109546866893e-04
4.957816980077e-03,4.996698002941e+01,3.206934282158e+01,7.067804215898e+05,3.019505937388e+02,1.124410070424e+01,5.101880431177e-04
4.957872782969e-03,4.995500921909e+01,3.206773665918e+01,7.078081662046e+05,3.019503027205e+02,1.124411167299e+01,5.094222266877e-04
4.957928525424e-03,4.994303387858e+01,3.206612643816e+01,7.088377615561e+05,3.019500114819e+02,1.124412265029e+01,5.086572388567e-04
4.957984207543e-03,4.993105399212e+01,3.206451215002e+01,7.098692125951e+05,3.019497200225e+02,1.124413363618e+01,5.078930783260e-04
4.958039829512e-03,4.991906952549e+01,3.206289378372e+01,7.109025258817e+05,3.019494283412e+02,1.124414463069e+01,5.071297426260e-04
4.958095391191e-03,4.990708051514e+01,3.206127133774e+01,7.119377018924e+05,3.019491364390e+02,1.124415563379e+01,5.063672337908e-04
4.958150892828e-03,4.989508691355e+01,3.205964479920e+01,7.129747483594e+05,3.019488443145e+02,1.124416664552e+01,5.056055485107e-04
4.958206334405e-03,4.988308873049e+01,3.205801416294e+01,7.140136680805e+05,3.019485519678e+02,1.124417766590e+01,5.048446871234e-04
4.958261715951e-03,4.987108596569e+01,3.205637942242e+01,7.150544647291e+05,3.019482593987e+02,1.124418869491e+01,5.040846493254e-04
4.958317037590e-03,4.985907859813e+01,3.205474056829e+01,7.160971437872e+05,3.019479666067e+02,1.124419973260e+01,5.033254335023e-04
4.958372299342e-03,4.984706662976e+01,3.205309759426e+01,7.171417087567e+05,3.019476735917e+02,1.124421077895e+01,5.025670394948e-04
4.958427501361e-03,4.983505003261e+01,3.205145048997e+01,7.181881657533e+05,3.019473803529e+02,1.124422183400e+01,5.018094652572e-04
4.958482643583e-03,4.982302882694e+01,3.204979925161e+01,7.192365167037e+05,3.019470868906e+02,1.124423289774e+01,5.010527117875e-04
4.958537726143e-03,4.981100298895e+01,3.204814386935e+01,7.202867673838e+05,3.019467932041e+02,1.124424397019e+01,5.002967773068e-04
4.958592749142e-03,4.979897250261e+01,3.204648433435e+01,7.213389229086e+05,3.019464992929e+02,1.124425505138e+01,4.995416605312e-04
4.958647712570e-03,4.978693737620e+01,3.204482064113e+01,7.223929862768e+05,3.019462051572e+02,1.124426614130e+01,4.987873617050e-04
4.958702616493e-03,4.977489760064e+01,3.204315278181e+01,7.234489620161e+05,3.019459107964e+02,1.124427723997e+01,4.980338799812e-04
4.958757461049e-03,4.976285315204e+01,3.204148074639e+01,7.245068559664e+05,3.019456162100e+02,1.124428834740e+01,4.972812135914e-04
4.958812246239e-03,4.975080403569e+01,3.203980452894e+01,7.255666714178e+05,3.019453213980e+02,1.124429946362e+01,4.965293625948e-04
4.958866972142e-03,4.973875024011e+01,3.203812412115e+01,7.266284131466e+05,3.019450263599e+02,1.124431058862e+01,4.957783260014e-04
4.958921638804e-03,4.972669176136e+01,3.203643951576e+01,7.276920852746e+05,3.019447310955e+02,1.124432172241e+01,4.950281032945e-04
4.958976246296e-03,4.971462858918e+01,3.203475070459e+01,7.287576924926e+05,3.019444356044e+02,1.124433286503e+01,4.942786935647e-04
4.959030794726e-03,4.970256070578e+01,3.203305767838e+01,7.298252401693e+05,3.019441398861e+02,1.124434401647e+01,4.935300954399e-04
4.959085284092e-03,4.969048811722e+01,3.203136043122e+01,7.308947315783e+05,3.019438439405e+02,1.124435517675e+01,4.927823090275e-04
4.959139714501e-03,4.967841080561e+01,3.202965895378e+01,7.319661721224e+05,3.019435477672e+02,1.124436634589e+01,4.920353329525e-04
4.959194086050e-03,4.966632875510e+01,3.202795323701e+01,7.330395670392e+05,3.019432513656e+02,1.124437752390e+01,4.912891659716e-04
4.959248398681e-03,4.965424198469e+01,3.202624327676e+01,7.341149184803e+05,3.019429547361e+02,1.124438871078e+01,4.905438089929e-04
4.959302652571e-03,4.964215046041e+01,3.202452906137e+01,7.351922333183e+05,3.019426578776e+02,1.124439990656e+01,4.897992596574e-04
4.959356847689e-03,4.963005419498e+01,3.202281058575e+01,7.362715142825e+05,3.019423607904e+02,1.124441111123e+01,4.890555184850e-04
4.959410984233e-03,4.961795314995e+01,3.202108783756e+01,7.373527686776e+05,3.019420634734e+02,1.124442232484e+01,4.883125828522e-04
4.959465062176e-03,4.960584733724e+01,3.201936081156e+01,7.384359993248e+05,3.019417659268e+02,1.124443354737e+01,4.875704532338e-04
4.959519081492e-03,4.959373676803e+01,3.201762950241e+01,7.395212091159e+05,3.019414681507e+02,1.124444477884e+01,4.868291300523e-04
4.959573042445e-03,4.958162138890e+01,3.201589389553e+01,7.406084067461e+05,3.019411701436e+02,1.124445601928e+01,4.860886097795e-04
4.959626944956e-03,4.956950122353e+01,3.201415398733e+01,7.416975940084e+05,3.019408719060e+02,1.124446726869e+01,4.853488936101e-04
4.959680789127e-03,4.955737625423e+01,3.201240976827e+01,7.427887764219e+05,3.019405734374e+02,1.124447852708e+01,4.846099802063e-04
4.959734574997e-03,4.954524647823e+01,3.201066123093e+01,7.438819581735e+05,3.019402747376e+02,1.124448979446e+01,4.838718691457e-04
4.959788302716e-03,4.953311186730e+01,3.200890836420e+01,7.449771457621e+05,3.019399758057e+02,1.124450107087e+01,4.831345584576e-04
4.959841972197e-03,4.952097244635e+01,3.200715116463e+01,7.460743408996e+05,3.019396766422e+02,1.124451235629e+01,4.823980494041e-04
4.959895583642e-03,4.950882817557e+01,3.200538961938e+01,7.471735511593e+05,3.019393772459e+02,1.124452365076e+01,4.816623393166e-04
4.959949137051e-03,4.949667906054e+01,3.200362372215e+01,7.482747800221e+05,3.019390776170e+02,1.124453495428e+01,4.809274282860e-04
4.960002632456e-03,4.948452509957e+01,3.200185346558e+01,7.493780316375e+05,3.019387777553e+02,1.124454626685e+01,4.801933159590e-04
4.960056069981e-03,4.947236626982e+01,3.200007883921e+01,7.504833120849e+05,3.019384776599e+02,1.124455758852e+01,4.794600007092e-04
4.960109449681e-03,4.946020256476e+01,3.199829983491e+01,7.515906259811e+05,3.019381773307e+02,1.124456891927e+01,4.787274818968e-04
4.960162771569e-03,4.944803398668e+01,3.199651644584e+01,7.526999771468e+05,3.019378767676e+02,1.124458025913e+01,4.779957594147e-04
4.960216035767e-03,4.943586051339e+01,3.199472866155e+01,7.538113716496e+05,3.019375759698e+02,1.124459160811e+01,4.772648316834e-04
4.960269242295e-03,4.942368214564e+01,3.199293647492e+01,7.549248134745e+05,3.019372749374e+02,1.124460296622e+01,4.765346985063e-04
4.960322391217e-03,4.941149887454e+01,3.199113987741e+01,7.560403075000e+05,3.019369736698e+02,1.124461433348e+01,4.758053591075e-04
4.960375482606e-03,4.939931068876e+01,3.198933886007e+01,7.571578588412e+05,3.019366721668e+02,1.124462570989e+01,4.750768125671e-04
4.960428516510e-03,4.938711758259e+01,3.198753341477e+01,7.582774721118e+05,3.019363704280e+02,1.124463709548e+01,4.743490583031e-04
4.960481493065e-03,4.937491953018e+01,3.198572353038e+01,7.593991537871e+05,3.019360684527e+02,1.124464849027e+01,4.736220945369e-04
4.960534412182e-03,4.936271655777e+01,3.198390920347e+01,7.605229055677e+05,3.019357662413e+02,1.124465989425e+01,4.728959225928e-04
4.960587274053e-03,4.935050862648e+01,3.198209042090e+01,7.616487351563e+05,3.019354637928e+02,1.124467130744e+01,4.721705399197e-04
4.960640078726e-03,4.933829573033e+01,3.198026717441e+01,7.627766472446e+05,3.019351611069e+02,1.124468272988e+01,4.714459459292e-04
4.960692826215e-03,4.932607787169e+01,3.197843945696e+01,7.639066457627e+05,3.019348581835e+02,1.124469416155e+01,4.707221405282e-04
4.960745516557e-03,4.931385504757e+01,3.197660726070e+01,7.650387351457e+05,3.019345550225e+02,1.124470560247e+01,4.699991233043e-04
4.960798149895e-03,4.930162722972e+01,3.197477057394e+01,7.661729221838e+05,3.019342516229e+02,1.124471705267e+01,4.692768923537e-04
4.960850726307e-03,4.928939440596e+01,3.197292938741e+01,7.673092121943e+05,3.019339479844e+02,1.124472851216e+01,4.685554467303e-04
4.960903245679e-03,4.927715660749e+01,3.197108369831e+01,7.684476064741e+05,3.019336441075e+02,1.124473998093e+01,4.678347880420e-04
4.960955708276e-03,4.926491377850e+01,3.196923349074e+01,7.695881144223e+05,3.019333399908e+02,1.124475145904e+01,4.671149127726e-04
4.961008114077e-03,4.925266592872e+01,3.196737875863e+01,7.707307393590e+05,3.019330356343e+02,1.124476294647e+01,4.663958212691e-04
4.961060463057e-03,4.924041306963e+01,3.196551949618e+01,7.718754844420e+05,3.019327310383e+02,1.124477444322e+01,4.656775139773e-04
4.961112755464e-03,4.922815514850e+01,3.196365568784e+01,7.730223588461e+05,3.019324262012e+02,1.124478594935e+01,4.649599875805e-04
4.961164991217e-03,4.921589218925e+01,3.196178732963e+01,7.741713645927e+05,3.019321211235e+02,1.124479746485e+01,4.642432432582e-04
4.961217170373e-03,4.920362418418e+01,3.195991441277e+01,7.753225066726e+05,3.019318158050e+02,1.124480898972e+01,4.635272803335e-04
4.961269293081e-03,4.919135110314e+01,3.195803692505e+01,7.764757921977e+05,3.019315102446e+02,1.124482052399e+01,4.628120968255e-04
4.961321359362e-03,4.917907294664e+01,3.195615485886e+01,7.776312254172e+05,3.019312044423e+02,1.124483206769e+01,4.620976925458e-04
4.961373369279e-03,4.916678970502e+01,3.195426820506e+01,7.787888115499e+05,3.019308983977e+02,1.124484362081e+01,4.613840667127e-04
4.961425322794e-03,4.915450139232e+01,3.195237695810e+01,7.799485535900e+05,3.019305921110e+02,1.124485518335e+01,4.606712199206e-04
4.961477220133e-03,4.914220796061e+01,3.195048110289e+01,7.811104603942e+05,3.019302855809e+02,1.124486675537e+01,4.599591491714e-04
4.961529061267e-03,4.912990942153e+01,3.194858063346e+01,7.822745352117e+05,3.019299788075e+02,1.124487833685e+01,4.592478549249e-04
4.961580846262e-03,4.911760576482e+01,3.194667554048e+01,7.834407833695e+05,3.019296717905e+02,1.124488992782e+01,4.585373363732e-04
4.961632575216e-03,4.910529697224e+01,3.194476581331e+01,7.846092109706e+05,3.019293645292e+02,1.124490152829e+01,4.578275922490e-04
4.961684248102e-03,4.909298305566e+01,3.194285144600e+01,7.857798212714e+05,3.019290570237e+02,1.124491313827e+01,4.571186230230e-04
4.961735865111e-03,4.908066397402e+01,3.194093242431e+01,7.869526225729e+05,3.019287492731e+02,1.124492475779e+01,4.564104261204e-04
4.961787426129e-03,4.906833976036e+01,3.193900874555e+01,7.881276161387e+05,3.019284412778e+02,1.124493638683e+01,4.557030032290e-04
4.961838931379e-03,4.905601036594e+01,3.193708039422e+01,7.893048110371e+05,3.019281330366e+02,1.124494802545e+01,4.549963513406e-04
4.961890380849e-03,4.904367579906e+01,3.193514736370e+01,7.904842109139e+05,3.019278245495e+02,1.124495967363e+01,4.542904707244e-04
4.961941774637e-03,4.903133604103e+01,3.193320964315e+01,7.916658220061e+05,3.019275158159e+02,1.124497133141e+01,4.535853601045e-04
4.961993112716e-03,4.901899110336e+01,3.193126722641e+01,7.928496476731e+05,3.019272068359e+02,1.124498299878e+01,4.528810199314e-04
4.962044395236e-03,4.900664095537e+01,3.192932010068e+01,7.940356953304e+05,3.019268976088e+02,1.124499467577e+01,4.521774482492e-04
4.962095622201e-03,4.899428560059e+01,3.192736825853e+01,7.952239691280e+05,3.019265881343e+02,1.124500636239e+01,4.514746450556e-04
4.962146793726e-03,4.898192501688e+01,3.192541168844e+01,7.964144756970e+05,3.019262784118e+02,1.124501805867e+01,4.507726088890e-04
4.962197909818e-03,4.896955920694e+01,3.192345038277e+01,7.976072192928e+05,3.019259684412e+02,1.124502976460e+01,4.500713397019e-04
4.962248970533e-03,4.895718816257e+01,3.192148433216e+01,7.988022052334e+05,3.019256582223e+02,1.124504148021e+01,4.493708368270e-04
4.962299975984e-03,4.894481186113e+01,3.191951352493e+01,7.999994402472e+05,3.019253477541e+02,1.124505320551e+01,4.486710987834e-04
4.962350926207e-03,4.893243029905e+01,3.191753795238e+01,8.011989292357e+05,3.019250370367e+02,1.124506494052e+01,4.479721251730e-04
4.962401821237e-03,4.892004347258e+01,3.191555760578e+01,8.024006771306e+05,3.019247260696e+02,1.124507668525e+01,4.472739155865e-04
4.962452661114e-03,4.890765137696e+01,3.191357247620e+01,8.036046889725e+05,3.019244148526e+02,1.124508843971e+01,4.465764695584e-04
4.962503445988e-03,4.889525398030e+01,3.191158255034e+01,8.048109724573e+05,3.019241033848e+02,1.124510020393e+01,4.458797850990e-04
4.962554175859e-03,4.888285128792e+01,3.190958782083e+01,8.060195316779e+05,3.019237916662e+02,1.124511197792e+01,4.451838623161e-04
4.962604850766e-03,4.887044329467e+01,3.190758827863e+01,8.072303717575e+05,3.019234796965e+02,1.124512376169e+01,4.444887007273e-04
4.962655470808e-03,4.885802998136e+01,3.190558391236e+01,8.084434992049e+05,3.019231674751e+02,1.124513555526e+01,4.437942990660e-04
4.962706035975e-03,4.884561135554e+01,3.190357471497e+01,8.096589179311e+05,3.019228550020e+02,1.124514735863e+01,4.431006575627e-04
4.962756546476e-03,4.883318737022e+01,3.190156067054e+01,8.108766372008e+05,3.019225422758e+02,1.124515917185e+01,4.424077734055e-04
4.962807002227e-03,4.882075805107e+01,3.189954177489e+01,8.120966591768e+05,3.019222292972e+02,1.124517099490e+01,4.417156478407e-04
4.962857403298e-03,4.880832338567e+01,3.189751801765e+01,8.133189897684e+05,3.019219160656e+02,1.124518282780e+01,4.410242799861e-04
4.962907749807e-03,4.879588334967e+01,3.189548938647e+01,8.145436360726e+05,3.019216025802e+02,1.124519467059e+01,4.403336683028e-04
4.962958041787e-03,4.878343793959e+01,3.189345587237e+01,8.157706031546e+05,3.019212888409e+02,1.124520652327e+01,4.396438124131e-04
4.963008279294e-03,4.877098714636e+01,3.189141746544e+01,8.169998966414e+05,3.019209748473e+02,1.124521838585e+01,4.389547116313e-04
4.963058462440e-03,4.875853094679e+01,3.188937415342e+01,8.182315235714e+05,3.019206605985e+02,1.124523025836e+01,4.382663644942e-04
4.963108591095e-03,4.874606937786e+01,3.188732593389e+01,8.194654850477e+05,3.019203460955e+02,1.124524214078e+01,4.375787728602e-04
4.963158665626e-03,4.873360235329e+01,3.188527278416e+01,8.207017943913e+05,3.019200313359e+02,1.124525403319e+01,4.368919317904e-04
4.963208685817e-03,4.872112993158e+01,3.188321470532e+01,8.219404505927e+05,3.019197163209e+02,1.124526593555e+01,4.362058443321e-04
4.963258651827e-03,4.870865207711e+01,3.188115168295e+01,8.231814619927e+05,3.019194010497e+02,1.124527784789e+01,4.355205083427e-04
4.963308563769e-03,4.869616876702e+01,3.187908370467e+01,8.244248356837e+05,3.019190855214e+02,1.124528977024e+01,4.348359223936e-04
4.963358421618e-03,4.868368001165e+01,3.187701076359e+01,8.256705754702e+05,3.019187697361e+02,1.124530170260e+01,4.341520868772e-04
4.963408225465e-03,4.867118579315e+01,3.187493284810e+01,8.269186879813e+05,3.019184536933e+02,1.124531364499e+01,4.334690006401e-04
4.963457975325e-03,4.865868611213e+01,3.187284994965e+01,8.281691780157e+05,3.019181373928e+02,1.124532559742e+01,4.327866635417e-04
4.963507671399e-03,4.864618092274e+01,3.187076205191e+01,8.294220550400e+05,3.019178208333e+02,1.124533755994e+01,4.321050729099e-04
4.963557313533e-03,4.863367026803e+01,3.186866915334e+01,8.306773196341e+05,3.019175040157e+02,1.124534953251e+01,4.314242309192e-04
4.963606902002e-03,4.862115408388e+01,3.186657123449e+01,8.319349831362e+05,3.019171869383e+02,1.124536151520e+01,4.307441339114e-04
4.963656436599e-03,4.860863242644e+01,3.186446829599e+01,8.331950448235e+05,3.019168696023e+02,1.124537350796e+01,4.300647847672e-04
4.963705917725e-03,4.859610519890e+01,3.186236031281e+01,8.344575193765e+05,3.019165520052e+02,1.124538551090e+01,4.293861780675e-04
4.963755345113e-03,4.858357247363e+01,3.186024728828e+01,8.357224044539e+05,3.019162341486e+02,1.124539752395e+01,4.287083175688e-04
4.963804719010e-03,4.857103419244e+01,3.185812920377e+01,8.369897108911e+05,3.019159160309e+02,1.124540954717e+01,4.280311999553e-04
4.963854039433e-03,4.855849035533e+01,3.185600605039e+01,8.382594436704e+05,3.019155976519e+02,1.124542158057e+01,4.273548250661e-04
4.963903306416e-03,4.854594095785e+01,3.185387781850e+01,8.395316082392e+05,3.019152790114e+02,1.124543362416e+01,4.266791924978e-04
4.963952519996e-03,4.853338599534e+01,3.185174449838e+01,8.408062100788e+05,3.019149601091e+02,1.124544567795e+01,4.260043018364e-04
4.964001680341e-03,4.852082542942e+01,3.184960607456e+01,8.420832581128e+05,3.019146409439e+02,1.124545774198e+01,4.253301508604e-04
4.964050787304e-03,4.850825930158e+01,3.184746254513e+01,8.433627531618e+05,3.019143215166e+02,1.124546981622e+01,4.246567416355e-04
4.964099841209e-03,4.849568753361e+01,3.184531388773e+01,8.446447082477e+05,3.019140018251e+02,1.124548190076e+01,4.239840698124e-04
4.964148841899e-03,4.848311017012e+01,3.184316010097e+01,8.459291238940e+05,3.019136818705e+02,1.124549399555e+01,4.233121376248e-04
4.964197789509e-03,4.847052718057e+01,3.184100117054e+01,8.472160083059e+05,3.019133616518e+02,1.124550610063e+01,4.226409432814e-04
4.964246684084e-03,4.845793855778e+01,3.183883708615e+01,8.485053673178e+05,3.019130411685e+02,1.124551821602e+01,4.219704862456e-04
4.964295525704e-03,4.844534428558e+01,3.183666783588e+01,8.497972077058e+05,3.019127204203e+02,1.124553034173e+01,4.213007655022e-04
4.964344314458e-03,4.843274434525e+01,3.183449340738e+01,8.510915365251e+05,3.019123994064e+02,1.124554247780e+01,4.206317799066e-04
4.964393050261e-03,4.842013876261e+01,3.183231379594e+01,8.523883562717e+05,3.019120781273e+02,1.124555462420e+01,4.199635306760e-04
4.964441733303e-03,4.840752749330e+01,3.183012898468e+01,8.536876766707e+05,3.019117565818e+02,1.124556678099e+01,4.192960153070e-04
4.964490363633e-03,4.839491052856e+01,3.182793896287e+01,8.549895038076e+05,3.019114347695e+02,1.124557894817e+01,4.186292331902e-04
4.964538941214e-03,4.838228788245e+01,3.182574372370e+01,8.562938414274e+05,3.019111126905e+02,1.124559112575e+01,4.179631849191e-04
4.964587466204e-03,4.836965951773e+01,3.182354325142e+01,8.576006985895e+05,3.019107903438e+02,1.124560331376e+01,4.172978683812e-04
4.964635938634e-03,4.835702543069e+01,3.182133753606e+01,8.589100809064e+05,3.019104677292e+02,1.124561551221e+01,4.166332832386e-04
4.964684358537e-03,4.834438561674e+01,3.181912656749e+01,8.602219941002e+05,3.019101448462e+02,1.124562772112e+01,4.159694291048e-04
4.964732725942e-03,4.833174007269e+01,3.181691033580e+01,8.615364437580e+05,3.019098216948e+02,1.124563994050e+01,4.153063056680e-04
4.964781040978e-03,4.831908876868e+01,3.181468882636e+01,8.628534382598e+05,3.019094982740e+02,1.124565217037e+01,4.146439112202e-04
4.964829303696e-03,4.830643169554e+01,3.181246202813e+01,8.641729838547e+05,3.019091745833e+02,1.124566441077e+01,4.139822451436e-04
4.964877514030e-03,4.829376887477e+01,3.181022993546e+01,8.654950836086e+05,3.019088506232e+02,1.124567666166e+01,4.133213084190e-04
4.964925672215e-03,4.828110024879e+01,3.180799252872e+01,8.668197488554e+05,3.019085263921e+02,1.124568892312e+01,4.126610979033e-04
4.964973778207e-03,4.826842583271e+01,3.180574980106e+01,8.681469833599e+05,3.019082018901e+02,1.124570119514e+01,4.120016142496e-04
4.965021832037e-03,4.825574562283e+01,3.180350174231e+01,8.694767928641e+05,3.019078771170e+02,1.124571347773e+01,4.113428571271e-04
4.965069833816e-03,4.824305959358e+01,3.180124833837e+01,8.708091854234e+05,3.019075520721e+02,1.124572577091e+01,4.106848250712e-04
4.965117783590e-03,4.823036773703e+01,3.179898957824e+01,8.721441672596e+05,3.019072267549e+02,1.124573807471e+01,4.100275175389e-04
4.965165681384e-03,4.821767005032e+01,3.179672545179e+01,8.734817440826e+05,3.019069011652e+02,1.124575038914e+01,4.093709342470e-04
4.965213527323e-03,4.820496650442e+01,3.179445594419e+01,8.748219243711e+05,3.019065753020e+02,1.124576271422e+01,4.087150735656e-04
4.965261321395e-03,4.819225710627e+01,3.179218104700e+01,8.761647128365e+05,3.019062491655e+02,1.124577504996e+01,4.080599357223e-04
4.965309063664e-03,4.817954184284e+01,3.178990074819e+01,8.775101163082e+05,3.019059227551e+02,1.124578739638e+01,4.074055199162e-04
4.965356754189e-03,4.816682070225e+01,3.178761503589e+01,8.788581415172e+05,3.019055960704e+02,1.124579975350e+01,4.067518254059e-04
4.965404393069e-03,4.815409366236e+01,3.178532389635e+01,8.802087963013e+05,3.019052691106e+02,1.124581212134e+01,4.060988509277e-04
4.965451980325e-03,4.814136072064e+01,3.178302731933e+01,8.815620864355e+05,3.019049418754e+02,1.124582449992e+01,4.054465962284e-04
4.965499516025e-03,4.812862186346e+01,3.178072529252e+01,8.829180188953e+05,3.019046143644e+02,1.124583688925e+01,4.047950604847e-04
4.965547000164e-03,4.811587709557e+01,3.177841780695e+01,8.842765987125e+05,3.019042865776e+02,1.124584928934e+01,4.041442438158e-04
4.965594432883e-03,4.810312638274e+01,3.177610484652e+01,8.856378350957e+05,3.019039585139e+02,1.124586170023e+01,4.034941443500e-04
4.965641814207e-03,4.809036972243e+01,3.177378640085e+01,8.870017338930e+05,3.019036301730e+02,1.124587412192e+01,4.028447618390e-04
4.965689144165e-03,4.807760711051e+01,3.177146245926e+01,8.883683011378e+05,3.019033015547e+02,1.124588655444e+01,4.021960959524e-04
4.965736422797e-03,4.806483853982e+01,3.176913301047e+01,8.897375432038e+05,3.019029726586e+02,1.124589899778e+01,4.015481462055e-04
4.965783650281e-03,4.805206396604e+01,3.176679803638e+01,8.911094704751e+05,3.019026434834e+02,1.124591145201e+01,4.009009102335e-04
4.965830826570e-03,4.803928340552e+01,3.176445752993e+01,8.924840868433e+05,3.019023140295e+02,1.124592391712e+01,4.002543887516e-04
4.965877951645e-03,4.802649686700e+01,3.176211148267e+01,8.938613970254e+05,3.019019842968e+02,1.124593639309e+01,3.996085820833e-04
4.965925025755e-03,4.801370428660e+01,3.175975987277e+01,8.952414135851e+05,3.019016542835e+02,1.124594888001e+01,3.989634868881e-04
4.965972048775e-03,4.800090570208e+01,3.175740269705e+01,8.966241381462e+05,3.019013239904e+02,1.124596137784e+01,3.983191049595e-04
4.966019020838e-03,4.798810108089e+01,3.175503993935e+01,8.980095799394e+05,3.019009934166e+02,1.124597388662e+01,3.976754345434e-04
4.966065942096e-03,4.797529038492e+01,3.175267158245e+01,8.993977488249e+05,3.019006625608e+02,1.124598640640e+01,3.970324736186e-04
4.966112812344e-03,4.796247367376e+01,3.175029762714e+01,9.007886440941e+05,3.019003314245e+02,1.124599893712e+01,3.963902250645e-04
4.966159631943e-03,4.794965085212e+01,3.174791804553e+01,9.021822818572e+05,3.019000000051e+02,1.124601147888e+01,3.957486839972e-04
4.966206400673e-03,4.793682198444e+01,3.174553283927e+01,9.035786608989e+05,3.018996683039e+02,1.124602403164e+01,3.951078535348e-04
4.966253118821e-03,4.792398699458e+01,3.174314198391e+01,9.049777953110e+05,3.018993363189e+02,1.124603659546e+01,3.944677297671e-04
4.966299786309e-03,4.791114590814e+01,3.174074547385e+01,9.063796881279e+05,3.018990040506e+02,1.124604917034e+01,3.938283138709e-04
4.966346403164e-03,4.789829872104e+01,3.173834329797e+01,9.077843456350e+05,3.018986714986e+02,1.124606175628e+01,3.931896055350e-04
4.966392969549e-03,4.788544539147e+01,3.173593543803e+01,9.091917782625e+05,3.018983386618e+02,1.124607435334e+01,3.925516025792e-04
4.966439485441e-03,4.787258592941e+01,3.173352188545e+01,9.106019907967e+05,3.018980055402e+02,1.124608696150e+01,3.919143053996e-04
4.966485950928e-03,4.785972031400e+01,3.173110262585e+01,9.120149914219e+05,3.018976721332e+02,1.124609958081e+01,3.912777128617e-04
4.966532366011e-03,4.784684854823e+01,3.172867764928e+01,9.134307857233e+05,3.018973384405e+02,1.124611221125e+01,3.906418250136e-04
4.966578730869e-03,4.783397058592e+01,3.172624693651e+01,9.148493847161e+05,3.018970044610e+02,1.124612485289e+01,3.900066394781e-04
4.966625045392e-03,4.782108646099e+01,3.172381048335e+01,9.162707906142e+05,3.018966701951e+02,1.124613750570e+01,3.893721578328e-04
4.966671309785e-03,4.780819611942e+01,3.172136826900e+01,9.176950153499e+05,3.018963356415e+02,1.124615016974e+01,3.887383773212e-04
4.966717524030e-03,4.779529956990e+01,3.171892028445e+01,9.191220639547e+05,3.018960008001e+02,1.124616284501e+01,3.881052982799e-04
4.966763688116e-03,4.778239681857e+01,3.171646652020e+01,9.205519417531e+05,3.018956656709e+02,1.124617553151e+01,3.874729209154e-04
4.966809802157e-03,4.776948783685e+01,3.171400696013e+01,9.219846579391e+05,3.018953302530e+02,1.124618822927e+01,3.868412437310e-04
4.966855866288e-03,4.775657259015e+01,3.171154158691e+01,9.234202223990e+05,3.018949945454e+02,1.124620093834e+01,3.862102649478e-04
4.966901880504e-03,4.774365108331e+01,3.170907039067e+01,9.248586406667e+05,3.018946585480e+02,1.124621365872e+01,3.855799847161e-04
4.966947844705e-03,4.773072334735e+01,3.170659336656e+01,9.262999153658e+05,3.018943222613e+02,1.124622639038e+01,3.849504044566e-04
4.966993759259e-03,4.771778928204e+01,3.170411048454e+01,9.277440637765e+05,3.018939856827e+02,1.124623913344e+01,3.843215192030e-04
4.967039623952e-03,4.770484895059e+01,3.170162174587e+01,9.291910849697e+05,3.018936488137e+02,1.124625188784e+01,3.836933319464e-04
4.967085438894e-03,4.769190232539e+01,3.169912713433e+01,9.306409881679e+05,3.018933116532e+02,1.124626465361e+01,3.830658412572e-04
4.967131204259e-03,4.767894936049e+01,3.169662663015e+01,9.320937846820e+05,3.018929741999e+02,1.124627743080e+01,3.824390448272e-04
4.967176919957e-03,4.766599008396e+01,3.169412022776e+01,9.335494775466e+05,3.018926364545e+02,1.124629021940e+01,3.818129439338e-04
4.967222586093e-03,4.765302446925e+01,3.169160791103e+01,9.350080759428e+05,3.018922984160e+02,1.124630301944e+01,3.811875372106e-04
4.967268202772e-03,4.764005248988e+01,3.168908966380e+01,9.364695890703e+05,3.018919600835e+02,1.124631583095e+01,3.805628233033e-04
4.967313769956e-03,4.762707415933e+01,3.168656547759e+01,9.379340216522e+05,3.018916214573e+02,1.124632865393e+01,3.799388027821e-04
4.967359287771e-03,4.761408944461e+01,3.168403533490e+01,9.394013836691e+05,3.018912825362e+02,1.124634148841e+01,3.793154739835e-04
4.967404756221e-03,4.760109834818e+01,3.168149922506e+01,9.408716811251e+05,3.018909433203e+02,1.124635433441e+01,3.786928369491e-04
4.967450175455e-03,4.758810082962e+01,3.167895712899e+01,9.423449248974e+05,3.018906038081e+02,1.124636719197e+01,3.780708896693e-04
4.967495545343e-03,4.757509692969e+01,3.167640904348e+01,9.438211166821e+05,3.018902640008e+02,1.124638006106e+01,3.774496340205e-04
4.967540866138e-03,4.756208657820e+01,3.167385494351e+01,9.453002707893e+05,3.018899238961e+02,1.124639294175e+01,3.768290665750e-04
4.967586137719e-03,4.754906981321e+01,3.167129482527e+01,9.467823892523e+05,3.018895834949e+02,1.124640583401e+01,3.762091890778e-04
4.967631360262e-03,4.753604658676e+01,3.166872866803e+01,9.482674839094e+05,3.018892427958e+02,1.124641873791e+01,3.755899991737e-04
4.967676533813e-03,4.752301688854e+01,3.166615645840e+01,9.497555623434e+05,3.018889017984e+02,1.124643165346e+01,3.749714963062e-04
4.967721658318e-03,4.750998073704e+01,3.166357818864e+01,9.512466288604e+05,3.018885605029e+02,1.124644458064e+01,3.743536812844e-04
4.967766733966e-03,4.749693808022e+01,3.166099383704e+01,9.527406958548e+05,3.018882189079e+02,1.124645751952e+01,3.737365515751e-04
4.967811760736e-03,4.748388892663e+01,3.165840339383e+01,9.542377688137e+05,3.018878770132e+02,1.124647047010e+01,3.731201075197e-04
4.967856738653e-03,4.747083327240e+01,3.165580684676e+01,9.557378546610e+05,3.018875348188e+02,1.124648343238e+01,3.725043488698e-04
4.967901667855e-03,4.745777107985e+01,3.165320417681e+01,9.572409642311e+05,3.018871923233e+02,1.124649640642e+01,3.718892737860e-04
4.967946548291e-03,4.744470236651e+01,3.165059537590e+01,9.587471020324e+05,3.018868495270e+02,1.124650939220e+01,3.712748830313e-04
4.967991380133e-03,4.743162708515e+01,3.164798042300e+01,9.602562800536e+05,3.018865064287e+02,1.124652238978e+01,3.706611743260e-04
4.968036163301e-03,4.741854526126e+01,3.164535931158e+01,9.617685019196e+05,3.018861630286e+02,1.124653539914e+01,3.700481488070e-04
4.968080897995e-03,4.740545683958e+01,3.164273201889e+01,9.632837806074e+05,3.018858193253e+02,1.124654842035e+01,3.694358038273e-04
4.968125584081e-03,4.739236186155e+01,3.164009854154e+01,9.648021179274e+05,3.018854753195e+02,1.124656145336e+01,3.688241412678e-04
4.968170221841e-03,4.737926024731e+01,3.163745885172e+01,9.663235297716e+05,3.018851310090e+02,1.124657449828e+01,3.682131573431e-04
4.968214811106e-03,4.736615204873e+01,3.163481294811e+01,9.678480167674e+05,3.018847863951e+02,1.124658755505e+01,3.676028544200e-04
4.968259352107e-03,4.735303720095e+01,3.163216080578e+01,9.693755931325e+05,3.018844414757e+02,1.124660062374e+01,3.669932294242e-04
4.968303844727e-03,4.733991574018e+01,3.162950242021e+01,9.709062613448e+05,3.018840962517e+02,1.124661370434e+01,3.663842839862e-04
4.968348289214e-03,4.732678759648e+01,3.162683776532e+01,9.724400362783e+05,3.018837507210e+02,1.124662679691e+01,3.657760148115e-04
4.968392685391e-03,4.731365282395e+01,3.162416684018e+01,9.739769183516e+05,3.018834048849e+02,1.124663990142e+01,3.651684243562e-04
4.968437033514e-03,4.730051134970e+01,3.162148961799e+01,9.755169228508e+05,3.018830587413e+02,1.124665301793e+01,3.645615091990e-04
4.968481333508e-03,4.728736319854e+01,3.161880609179e+01,9.770600536536e+05,3.018827122906e+02,1.124666614644e+01,3.639552704399e-04
4.968525585461e-03,4.727420834595e+01,3.161611624456e+01,9.786063204374e+05,3.018823655320e+02,1.124667928698e+01,3.633497069010e-04
4.968569789535e-03,4.726104674679e+01,3.161342005495e+01,9.801557353408e+05,3.018820184641e+02,1.124669243960e+01,3.627448164635e-04
4.968613945529e-03,4.724787846297e+01,3.161071752354e+01,9.817082979206e+05,3.018816710884e+02,1.124670560425e+01,3.621406019275e-04
4.968658053719e-03,4.723470341450e+01,3.160800862176e+01,9.832640244745e+05,3.018813234025e+02,1.124671878101e+01,3.615370595772e-04
4.968702114110e-03,4.722152160227e+01,3.160529333759e+01,9.848229217941e+05,3.018809754064e+02,1.124673196989e+01,3.609341894177e-04
4.968746126683e-03,4.720833303416e+01,3.160257166041e+01,9.863849958630e+05,3.018806270999e+02,1.124674517090e+01,3.603319917684e-04
4.968790091515e-03,4.719513768924e+01,3.159984357364e+01,9.879502560945e+05,3.018802784824e+02,1.124675838406e+01,3.597304656328e-04
4.968834008739e-03,4.718193552972e+01,3.159710905716e+01,9.895187139338e+05,3.018799295527e+02,1.124677160942e+01,3.591296092532e-04
4.968877878298e-03,4.716872657492e+01,3.159436810260e+01,9.910903740700e+05,3.018795803111e+02,1.124678484697e+01,3.585294234738e-04
4.968921700300e-03,4.715551079471e+01,3.159162069133e+01,9.926652470905e+05,3.018792307566e+02,1.124679809674e+01,3.579299068901e-04
4.968965474687e-03,4.714228820874e+01,3.158886681501e+01,9.942433376800e+05,3.018788808895e+02,1.124681135872e+01,3.573310603552e-04
4.969009201790e-03,4.712905871863e+01,3.158610644067e+01,9.958246646344e+05,3.018785307071e+02,1.124682463303e+01,3.567328793859e-04
4.969052881320e-03,4.711582241453e+01,3.158333957462e+01,9.974092242547e+05,3.018781802115e+02,1.124683791958e+01,3.561353680283e-04
4.969096513568e-03,4.710257920957e+01,3.158056618615e+01,9.989970340331e+05,3.018778294002e+02,1.124685121846e+01,3.555385223282e-04
4.969140098451e-03,4.708932913143e+01,3.157778626847e+01,1.000588097774e+06,3.018774782738e+02,1.124686452966e+01,3.549423435058e-04
4.969183636100e-03,4.707607214248e+01,3.157499980106e+01,1.002182427140e+06,3.018771268311e+02,1.124687785321e+01,3.543468298394e-04
4.969227126485e-03,4.706280825314e+01,3.157220677344e+01,1.003780028043e+06,3.018767750722e+02,1.124689118913e+01,3.537519817704e-04
4.969270569783e-03,4.704953741200e+01,3.156940716207e+01,1.005380913866e+06,3.018764229954e+02,1.124690453747e+01,3.531577969696e-04
4.969313965929e-03,4.703625964034e+01,3.156660095870e+01,1.006985089262e+06,3.018760706012e+02,1.124691789821e+01,3.525642763673e-04
4.969357314974e-03,4.702297492481e+01,3.156378814773e+01,1.008592563074e+06,3.018757178891e+02,1.124693127139e+01,3.519714193413e-04
4.969400617137e-03,4.700968320013e+01,3.156096870248e+01,1.010203350470e+06,3.018753648570e+02,1.124694465706e+01,3.513792229602e-04
4.969443872167e-03,4.699638454496e+01,3.155814262679e+01,1.011817449202e+06,3.018750115070e+02,1.124695805517e+01,3.507876907069e-04
4.969487080411e-03,4.698307885443e+01,3.155530988545e+01,1.013434879304e+06,3.018746578359e+02,1.124697146583e+01,3.501968178958e-04
4.969530241768e-03,4.696976616145e+01,3.155247047251e+01,1.015055644114e+06,3.018743038445e+02,1.124698488900e+01,3.496066059757e-04
4.969573356260e-03,4.695644646107e+01,3.154962437394e+01,1.016679751588e+06,3.018739495324e+02,1.124699832471e+01,3.490170547066e-04
4.969616424058e-03,4.694311970222e+01,3.154677156578e+01,1.018307215338e+06,3.018735948981e+02,1.124701177302e+01,3.484281618131e-04
4.969659445162e-03,4.692978588670e+01,3.154391203534e+01,1.019938042553e+06,3.018732399415e+02,1.124702523393e+01,3.478399273650e-04
4.969702419540e-03,4.691644502554e+01,3.154104577186e+01,1.021572239313e+06,3.018728846626e+02,1.124703870744e+01,3.472523518335e-04
4.969745347297e-03,4.690309708826e+01,3.153817275565e+01,1.023209816803e+06,3.018725290604e+02,1.124705219359e+01,3.466654338612e-04
4.969788228589e-03,4.688974202795e+01,3.153529296340e+01,1.024850788264e+06,3.018721731335e+02,1.124706569243e+01,3.460791713790e-04
4.969831063324e-03,4.687637987485e+01,3.153240638837e+01,1.026495157486e+06,3.018718168824e+02,1.124707920395e+01,3.454935657073e-04
4.969873851617e-03,4.686301059447e+01,3.152951300985e+01,1.028142936242e+06,3.018714603061e+02,1.124709272818e+01,3.449086153258e-04
4.969916593456e-03,4.684963419198e+01,3.152661281561e+01,1.029794131449e+06,3.018711034045e+02,1.124710626514e+01,3.443243204525e-04
4.969959289008e-03,4.683625061676e+01,3.152370578131e+01,1.031448756935e+06,3.018707461759e+02,1.124711981488e+01,3.437406788728e-04
4.970001938157e-03,4.682285990675e+01,3.152079190177e+01,1.033106815616e+06,3.018703886214e+02,1.124713337736e+01,3.431576922354e-04
4.970044541143e-03,4.680946198804e+01,3.151787114746e+01,1.034768324271e+06,3.018700307386e+02,1.124714695268e+01,3.425753573206e-04
4.970087097883e-03,4.679605688798e+01,3.151494351083e+01,1.036433287171e+06,3.018696725281e+02,1.124716054082e+01,3.419936753177e-04
4.970129608485e-03,4.678264457422e+01,3.151200897127e+01,1.038101716011e+06,3.018693139888e+02,1.124717414182e+01,3.414126448226e-04
4.970172072898e-03,4.676922506376e+01,3.150906751892e+01,1.039773616383e+06,3.018689551209e+02,1.124718775566e+01,3.408322665696e-04
4.970214491339e-03,4.675579828988e+01,3.150611912553e+01,1.041449004330e+06,3.018685959226e+02,1.124720138243e+01,3.402525376761e-04
4.970256863724e-03,4.674236427994e+01,3.150316378341e+01,1.043127884200e+06,3.018682363942e+02,1.124721502211e+01,3.396734593289e-04
4.970299190206e-03,4.672892298686e+01,3.150020146849e+01,1.044810269661e+06,3.018678765344e+02,1.124722867475e+01,3.390950295039e-04
4.970341470758e-03,4.671547442068e+01,3.149723216922e+01,1.046496167268e+06,3.018675163432e+02,1.124724234035e+01,3.385172486415e-04
4.970383705367e-03,4.670201858655e+01,3.149425587293e+01,1.048185584209e+06,3.018671558205e+02,1.124725601892e+01,3.379401169647e-04
4.970425894234e-03,4.668855542174e+01,3.149127255190e+01,1.049878536219e+06,3.018667949644e+02,1.124726971052e+01,3.373636317915e-04
4.970468037308e-03,4.667508494354e+01,3.148828219606e+01,1.051575029017e+06,3.018664337753e+02,1.124728341516e+01,3.367877938741e-04
4.970510134737e-03,4.666160710603e+01,3.148528478127e+01,1.053275076302e+06,3.018660722516e+02,1.124729713288e+01,3.362126012624e-04
4.970552186462e-03,4.664812192859e+01,3.148228029784e+01,1.054978683574e+06,3.018657103936e+02,1.124731086368e+01,3.356380547971e-04
4.970594192528e-03,4.663462939859e+01,3.147926872894e+01,1.056685860393e+06,3.018653482009e+02,1.124732460758e+01,3.350641539499e-04
4.970636153060e-03,4.662112947644e+01,3.147625005165e+01,1.058396619763e+06,3.018649856721e+02,1.124733836462e+01,3.344908970510e-04
4.970678068115e-03,4.660762214501e+01,3.147322424802e+01,1.060110971881e+06,3.018646228066e+02,1.124735213484e+01,3.339182833926e-04
4.970719937636e-03,4.659410742359e+01,3.147019130819e+01,1.061828922346e+06,3.018642596047e+02,1.124736591822e+01,3.333463138086e-04
4.970761761815e-03,4.658058525099e+01,3.146715120421e+01,1.063550487014e+06,3.018638960644e+02,1.124737971483e+01,3.327749857286e-04
4.970803540514e-03,4.656705567293e+01,3.146410393212e+01,1.065275668165e+06,3.018635321870e+02,1.124739352464e+01,3.322043011029e-04
4.970845273974e-03,4.655351861243e+01,3.146104946026e+01,1.067004483744e+06,3.018631679699e+02,1.124740734774e+01,3.316342567045e-04
4.970886962165e-03,4.653997407971e+01,3.145798777657e+01,1.068736940610e+06,3.018628034134e+02,1.124742118412e+01,3.310648529900e-04
4.970928605128e-03,4.652642206222e+01,3.145491886383e+01,1.070473048553e+06,3.018624385169e+02,1.124743503380e+01,3.304960894555e-04
4.970970202855e-03,4.651286256362e+01,3.145184270841e+01,1.072212815316e+06,3.018620732802e+02,1.124744889680e+01,3.299279662766e-04
4.971011755460e-03,4.649929554748e+01,3.144875928757e+01,1.073956253809e+06,3.018617077022e+02,1.124746277315e+01,3.293604819510e-04
4.971053263093e-03,4.648572096541e+01,3.144566857575e+01,1.075703378527e+06,3.018613417813e+02,1.124747666292e+01,3.287936344869e-04
4.971094725627e-03,4.647213885961e+01,3.144257056796e+01,1.077454192338e+06,3.018609755184e+02,1.124749056608e+01,3.282274256773e-04
4.971136143169e-03,4.645854919584e+01,3.143946524177e+01,1.079208707977e+06,3.018606089125e+02,1.124750448266e+01,3.276618541209e-04
4.971177515781e-03,4.644495195473e+01,3.143635257807e+01,1.080966936297e+06,3.018602419627e+02,1.124751841269e+01,3.270969190427e-04
4.971218843513e-03,4.643134711983e+01,3.143323255836e+01,1.082728887808e+06,3.018598746685e+02,1.124753235621e+01,3.265326197921e-04
4.971260126455e-03,4.641773466209e+01,3.143010516118e+01,1.084494574685e+06,3.018595070287e+02,1.124754631326e+01,3.259689552006e-04
4.971301364515e-03,4.640411461285e+01,3.142697037893e+01,1.086264001300e+06,3.018591390442e+02,1.124756028380e+01,3.254059265990e-04
4.971342557913e-03,4.639048689986e+01,3.142382818009e+01,1.088037185504e+06,3.018587707125e+02,1.124757426792e+01,3.248435310363e-04
4.971383706628e-03,4.637685152999e+01,3.142067855130e+01,1.089814134908e+06,3.018584020339e+02,1.124758826563e+01,3.242817688373e-04
4.971424810631e-03,4.636320851395e+01,3.141752148008e+01,1.091594856636e+06,3.018580330082e+02,1.124760227692e+01,3.237206404798e-04
4.971465870088e-03,4.634955779703e+01,3.141435693875e+01,1.093379366382e+06,3.018576636338e+02,1.124761630187e+01,3.231601437534e-04
4.971506884997e-03,4.633589937958e+01,3.141118491230e+01,1.095167672689e+06,3.018572939105e+02,1.124763034047e+01,3.226002787156e-04
4.971547855355e-03,4.632223326377e+01,3.140800538613e+01,1.096959783881e+06,3.018569238382e+02,1.124764439274e+01,3.220410454963e-04
4.971588781379e-03,4.630855937716e+01,3.140481832819e+01,1.098755718105e+06,3.018565534146e+02,1.124765845876e+01,3.214824411782e-04
4.971629662871e-03,4.629487778592e+01,3.140162373869e+01,1.100555475340e+06,3.018561826413e+02,1.124767253847e+01,3.209244685097e-04
4.971670500071e-03,4.628118841029e+01,3.139842158375e+01,1.102359074779e+06,3.018558115160e+02,1.124768663197e+01,3.203671242814e-04
4.971711292955e-03,4.626749125861e+01,3.139521184998e+01,1.104166524057e+06,3.018554400386e+02,1.124770073925e+01,3.198104088831e-04
4.971752041614e-03,4.625378630049e+01,3.139199451488e+01,1.105977835947e+06,3.018550682081e+02,1.124771486035e+01,3.192543211310e-04
4.971792745959e-03,4.624007356595e+01,3.138876957010e+01,1.107793015268e+06,3.018546960251e+02,1.124772899526e+01,3.186988622903e-04
4.971833406268e-03,4.622635296119e+01,3.138553697809e+01,1.109612083262e+06,3.018543234867e+02,1.124774314409e+01,3.181440286148e-04
4.971874022361e-03,4.621262454721e+01,3.138229673769e+01,1.111435040696e+06,3.018539505946e+02,1.124775730677e+01,3.175898226255e-04
4.971914594391e-03,4.619888827232e+01,3.137904882113e+01,1.113261903309e+06,3.018535773469e+02,1.124777148337e+01,3.170362422862e-04
4.971955122498e-03,4.618514408954e+01,3.137579320168e+01,1.115092686270e+06,3.018532037422e+02,1.124778567395e+01,3.164832857643e-04
4.971995606498e-03,4.617139206037e+01,3.137252987822e+01,1.116927390330e+06,3.018528297820e+02,1.124779987846e+01,3.159309555896e-04
4.972036046701e-03,4.615763208038e+01,3.136925881023e+01,1.118766038394e+06,3.018524554631e+02,1.124781409701e+01,3.153792476262e-04
4.972076442903e-03,4.614386421829e+01,3.136597999828e+01,1.120608630287e+06,3.018520807873e+02,1.124782832954e+01,3.148281646895e-04
4.972116795368e-03,4.613008838428e+01,3.136269340513e+01,1.122455187065e+06,3.018517057519e+02,1.124784257616e+01,3.142777032441e-04
4.972157104006e-03,4.611630460867e+01,3.135939902213e+01,1.124305713736e+06,3.018513303574e+02,1.124785683685e+01,3.137278645665e-04
4.972197368842e-03,4.610251288285e+01,3.135609683129e+01,1.126160220548e+06,3.018509546033e+02,1.124787111161e+01,3.131786483721e-04
4.972237590105e-03,4.608871312840e+01,3.135278679783e+01,1.128018727181e+06,3.018505784874e+02,1.124788540055e+01,3.126300516049e-04
4.972277767641e-03,4.607490539717e+01,3.134946891814e+01,1.129881235816e+06,3.018502020108e+02,1.124789970363e+01,3.120820763950e-04
4.972317901586e-03,4.606108964310e+01,3.134614316507e+01,1.131747761856e+06,3.018498251720e+02,1.124791402089e+01,3.115347209777e-04
4.972357992069e-03,4.604726582091e+01,3.134280951154e+01,1.133618320652e+06,3.018494479695e+02,1.124792835239e+01,3.109879836325e-04
4.972398038919e-03,4.603343398916e+01,3.133946795547e+01,1.135492913534e+06,3.018490704048e+02,1.124794269809e+01,3.104418667437e-04
4.972438042388e-03,4.601959406027e+01,3.133611845946e+01,1.137371561660e+06,3.018486924751e+02,1.124795705809e+01,3.098963669225e-04
4.972478002477e-03,4.600574603380e+01,3.133276100707e+01,1.139254274418e+06,3.018483141803e+02,1.124797143239e+01,3.093514842289e-04
4.972517919097e-03,4.599188994014e+01,3.132939558931e+01,1.141141057029e+06,3.018479355209e+02,1.124798582098e+01,3.088072199294e-04
4.972557792484e-03,4.597802569646e+01,3.132602216963e+01,1.143031930156e+06,3.018475564945e+02,1.124800022395e+01,3.082635708449e-04
4.972597622620e-03,4.596415330862e+01,3.132264073297e+01,1.144926902429e+06,3.018471771009e+02,1.124801464130e+01,3.077205372862e-04
4.972637409490e-03,4.595027278170e+01,3.131925126405e+01,1.146825982605e+06,3.018467973400e+02,1.124802907305e+01,3.071781195296e-04
4.972677153117e-03,4.593638410652e+01,3.131585374404e+01,1.148729181418e+06,3.018464172115e+02,1.124804351921e+01,3.066363172905e-04
4.972716853734e-03,4.592248720104e+01,3.131244813622e+01,1.150636519636e+06,3.018460367128e+02,1.124805797987e+01,3.060951274510e-04
4.972756511208e-03,4.590858211145e+01,3.130903443521e+01,1.152548000475e+06,3.018456558448e+02,1.124807245500e+01,3.055545518955e-04
4.972796125676e-03,4.589466878844e+01,3.130561261215e+01,1.154463640299e+06,3.018452746062e+02,1.124808694466e+01,3.050145887886e-04
4.972835697084e-03,4.588074725084e+01,3.130218265485e+01,1.156383446133e+06,3.018448929970e+02,1.124810144884e+01,3.044752389437e-04
4.972875225669e-03,4.586681741400e+01,3.129874452560e+01,1.158307439305e+06,3.018445110148e+02,1.124811596764e+01,3.039364991705e-04
4.972914711226e-03,4.585287934958e+01,3.129529822515e+01,1.160235619609e+06,3.018441286612e+02,1.124813050100e+01,3.033983723262e-04
4.972954154019e-03,4.583893296339e+01,3.129184371324e+01,1.162168009790e+06,3.018437459335e+02,1.124814504902e+01,3.028608548616e-04
4.972993553938e-03,4.582497829366e+01,3.128838098230e+01,1.164104614309e+06,3.018433628325e+02,1.124815961167e+01,3.023239483407e-04
4.973032911170e-03,4.581101527269e+01,3.128490999843e+01,1.166045452353e+06,3.018429793561e+02,1.124817418904e+01,3.017876502503e-04
4.973072225637e-03,4.579704392745e+01,3.128143075118e+01,1.167990529999e+06,3.018425955047e+02,1.124818878111e+01,3.012519617200e-04
4.973111497484e-03,4.578306420541e+01,3.127794321026e+01,1.169939864418e+06,3.018422112766e+02,1.124820338794e+01,3.007168808291e-04
4.973150726606e-03,4.576907614282e+01,3.127444736745e+01,1.171893460445e+06,3.018418266727e+02,1.124821800951e+01,3.001824090581e-04
4.973189913312e-03,4.575507962831e+01,3.127094317758e+01,1.173851343570e+06,3.018414416897e+02,1.124823264594e+01,2.996485422505e-04
4.973229057324e-03,4.574107476023e+01,3.126743064789e+01,1.175813509996e+06,3.018410563299e+02,1.124824729714e+01,2.991152842555e-04
4.973268158955e-03,4.572706142551e+01,3.126390973259e+01,1.177779985561e+06,3.018406705900e+02,1.124826196325e+01,2.985826308639e-04
4.973307218124e-03,4.571303965149e+01,3.126038042104e+01,1.179750776467e+06,3.018402844706e+02,1.124827664423e+01,2.980505832195e-04
4.973346234887e-03,4.569900941722e+01,3.125684269040e+01,1.181725895729e+06,3.018398979708e+02,1.124829134013e+01,2.975191406273e-04
4.973385209358e-03,4.568497067990e+01,3.125329651225e+01,1.183705359479e+06,3.018395110891e+02,1.124830605100e+01,2.969883015714e-04
4.973424141435e-03,4.567092347537e+01,3.124974187798e+01,1.185689172801e+06,3.018391238264e+02,1.124832077682e+01,2.964580675102e-04
4.973463031343e-03,4.565686772123e+01,3.124617874898e+01,1.187677357511e+06,3.018387361801e+02,1.124833551768e+01,2.959284354383e-04
4.973501879003e-03,4.564280344394e+01,3.124260711417e+01,1.189669920084e+06,3.018383481507e+02,1.124835027356e+01,2.953994064628e-04
4.973540684450e-03,4.562873063009e+01,3.123902695229e+01,1.191666872661e+06,3.018379597376e+02,1.124836504449e+01,2.948709801836e-04
4.973579447870e-03,4.561464921004e+01,3.123543822769e+01,1.193668235416e+06,3.018375709386e+02,1.124837983055e+01,2.943431540980e-04
4.973618169175e-03,4.560055921496e+01,3.123184093033e+01,1.195674014246e+06,3.018371817542e+02,1.124839463173e+01,2.938159294875e-04
4.973656848423e-03,4.558646062147e+01,3.122823503621e+01,1.197684222831e+06,3.018367921837e+02,1.124840944805e+01,2.932893055875e-04
4.973695485695e-03,4.557235339890e+01,3.122462051938e+01,1.199698875941e+06,3.018364022259e+02,1.124842427956e+01,2.927632813649e-04
4.973734081105e-03,4.555823750396e+01,3.122099735057e+01,1.201717990197e+06,3.018360118793e+02,1.124843912632e+01,2.922378553252e-04
4.973772634549e-03,4.554411297250e+01,3.121736552076e+01,1.203741570946e+06,3.018356211448e+02,1.124845398830e+01,2.917130289189e-04
4.973811146143e-03,4.552997976070e+01,3.121372500040e+01,1.205769634964e+06,3.018352300208e+02,1.124846886555e+01,2.911888006331e-04
4.973849615982e-03,4.551583783183e+01,3.121007576167e+01,1.207802198075e+06,3.018348385060e+02,1.124848375814e+01,2.906651692262e-04
4.973888044015e-03,4.550168720273e+01,3.120641779050e+01,1.209839268441e+06,3.018344466007e+02,1.124849866604e+01,2.901421354431e-04
4.973926430370e-03,4.548752782454e+01,3.120275105578e+01,1.211880863715e+06,3.018340543033e+02,1.124851358933e+01,2.896196975991e-04
4.973964775039e-03,4.547335969815e+01,3.119907553921e+01,1.213926994432e+06,3.018336616136e+02,1.124852852801e+01,2.890978558512e-04
4.974003078042e-03,4.545918281431e+01,3.119539121979e+01,1.215977672621e+06,3.018332685309e+02,1.124854348210e+01,2.885766099806e-04
4.974041339568e-03,4.544499710089e+01,3.119169806011e+01,1.218032919455e+06,3.018328750532e+02,1.124855845170e+01,2.880559574646e-04
4.974079559508e-03,4.543080259637e+01,3.118799605143e+01,1.220092740139e+06,3.018324811811e+02,1.124857343677e+01,2.875358998450e-04
4.974117737988e-03,4.541659925204e+01,3.118428516226e+01,1.222157152553e+06,3.018320869131e+02,1.124858843737e+01,2.870164354651e-04
4.974155874963e-03,4.540238708268e+01,3.118056537762e+01,1.224226165399e+06,3.018316922493e+02,1.124860345351e+01,2.864975649943e-04
4.974193970565e-03,4.538816603647e+01,3.117683666502e+01,1.226299797110e+06,3.018312971880e+02,1.124861848524e+01,2.859792866702e-04
4.974232024820e-03,4.537393610146e+01,3.117309900233e+01,1.228378060362e+06,3.018309017286e+02,1.124863353259e+01,2.854616001926e-04
4.974270037798e-03,4.535969724956e+01,3.116935236313e+01,1.230460970233e+06,3.018305058701e+02,1.124864859561e+01,2.849445046755e-04
4.974308009455e-03,4.534544949524e+01,3.116559673209e+01,1.232548535613e+06,3.018301096127e+02,1.124866367428e+01,2.844280007792e-04
4.974345939925e-03,4.533119278520e+01,3.116183207598e+01,1.234640775360e+06,3.018297129546e+02,1.124867876868e+01,2.839120867072e-04
4.974383829244e-03,4.531692710369e+01,3.115805837140e+01,1.236737702882e+06,3.018293158950e+02,1.124869387884e+01,2.833967620314e-04
4.974421677388e-03,4.530265245757e+01,3.115427560083e+01,1.238839328296e+06,3.018289184339e+02,1.124870900475e+01,2.828820271387e-04
4.974459484427e-03,4.528836881776e+01,3.115048373721e+01,1.240945667051e+06,3.018285205703e+02,1.124872414647e+01,2.823678811188e-04
4.974497250450e-03,4.527407614857e+01,3.114668275160e+01,1.243056735623e+06,3.018281223029e+02,1.124873930403e+01,2.818543228298e-04
4.974534975489e-03,4.525977443483e+01,3.114287262044e+01,1.245172547505e+06,3.018277236309e+02,1.124875447748e+01,2.813413518733e-04
4.974572659557e-03,4.524546366916e+01,3.113905332219e+01,1.247293115083e+06,3.018273245540e+02,1.124876966682e+01,2.808289681298e-04
4.974610302684e-03,4.523114383755e+01,3.113522483346e+01,1.249418451764e+06,3.018269250714e+02,1.124878487208e+01,2.803171712417e-04
4.974647905038e-03,4.521681487332e+01,3.113138711670e+01,1.251548578822e+06,3.018265251810e+02,1.124880009336e+01,2.798059589778e-04
4.974685466458e-03,4.520247683530e+01,3.112754016788e+01,1.253683498928e+06,3.018261248843e+02,1.124881533059e+01,2.792953335856e-04
4.974722987212e-03,4.518812961835e+01,3.112368393892e+01,1.255823239194e+06,3.018257241780e+02,1.124883058390e+01,2.787852914717e-04
4.974760467134e-03,4.517377328267e+01,3.111981842609e+01,1.257967802145e+06,3.018253230635e+02,1.124884585323e+01,2.782758349290e-04
4.974797906408e-03,4.515940775589e+01,3.111594358991e+01,1.260117210127e+06,3.018249215385e+02,1.124886113869e+01,2.777669615407e-04
4.974835304995e-03,4.514503304920e+01,3.111205941333e+01,1.262271473049e+06,3.018245196031e+02,1.124887644026e+01,2.772586718586e-04
4.974872663050e-03,4.513064910002e+01,3.110816585932e+01,1.264430611919e+06,3.018241172552e+02,1.124889175802e+01,2.767509638279e-04
4.974909980502e-03,4.511625593322e+01,3.110426291440e+01,1.266594634676e+06,3.018237144953e+02,1.124890709197e+01,2.762438384855e-04
4.974947257510e-03,4.510185348426e+01,3.110035054077e+01,1.268763562738e+06,3.018233113212e+02,1.124892244217e+01,2.757372937182e-04
4.974984493895e-03,4.508744181892e+01,3.109642873600e+01,1.270937397945e+06,3.018229077347e+02,1.124893780858e+01,2.752313319963e-04
4.975021689968e-03,4.507302081408e+01,3.109249744616e+01,1.273116170663e+06,3.018225037319e+02,1.124895319134e+01,2.747259491579e-04
4.975058845630e-03,4.505859050472e+01,3.108855666029e+01,1.275299887454e+06,3.018220993135e+02,1.124896859042e+01,2.742211465971e-04
4.975095960950e-03,4.504415086085e+01,3.108460634964e+01,1.277488564743e+06,3.018216944784e+02,1.124898400586e+01,2.737169234277e-04
4.975133036026e-03,4.502970184112e+01,3.108064648228e+01,1.279682220725e+06,3.018212892252e+02,1.124899943772e+01,2.732132783756e-04
4.975170070758e-03,4.501524348107e+01,3.107667704724e+01,1.281880861976e+06,3.018208835547e+02,1.124901488598e+01,2.727102128448e-04
4.975207065325e-03,4.500077570723e+01,3.107269800359e+01,1.284084511681e+06,3.018204774644e+02,1.124903035073e+01,2.722077244463e-04
4.975244019719e-03,4.498629851967e+01,3.106870933049e+01,1.286293181892e+06,3.018200709541e+02,1.124904583197e+01,2.717058133550e-04
4.975280933985e-03,4.497181189694e+01,3.106471100114e+01,1.288506887985e+06,3.018196640230e+02,1.124906132975e+01,2.712044789991e-04
4.975317808158e-03,4.495731582234e+01,3.106070298992e+01,1.290725644660e+06,3.018192566702e+02,1.124907684410e+01,2.707037209733e-04
4.975354642303e-03,4.494281026615e+01,3.105668526756e+01,1.292949468662e+06,3.018188488946e+02,1.124909237505e+01,2.702035384253e-04
4.975391436529e-03,4.492829518227e+01,3.105265780013e+01,1.295178379305e+06,3.018184406947e+02,1.124910792267e+01,2.697039299459e-04
4.975428190672e-03,4.491377063116e+01,3.104862058322e+01,1.297412379583e+06,3.018180320719e+02,1.124912348691e+01,2.692048977912e-04
4.975464904962e-03,4.489923651868e+01,3.104457356937e+01,1.299651496302e+06,3.018176230233e+02,1.124913906788e+01,2.687064389019e-04
4.975501579428e-03,4.488469282975e+01,3.104051673302e+01,1.301895744168e+06,3.018172135481e+02,1.124915466561e+01,2.682085529463e-04
4.975538214048e-03,4.487013956860e+01,3.103645005391e+01,1.304145134952e+06,3.018168036463e+02,1.124917028010e+01,2.677112402519e-04
4.975574808903e-03,4.485557669962e+01,3.103237350057e+01,1.306399686626e+06,3.018163933164e+02,1.124918591142e+01,2.672144997846e-04
4.975611363965e-03,4.484100423006e+01,3.102828705346e+01,1.308659410577e+06,3.018159825585e+02,1.124920155956e+01,2.667183319749e-04
4.975647879399e-03,4.482642209005e+01,3.102419067132e+01,1.310924330203e+06,3.018155713702e+02,1.124921722461e+01,2.662227346297e-04
4.975684355105e-03,4.481183031554e+01,3.102008434252e+01,1.313194452527e+06,3.018151597523e+02,1.124923290654e+01,2.657277091585e-04
4.975720791295e-03,4.479722881798e+01,3.101596802031e+01,1.315469803980e+06,3.018147477020e+02,1.124924860547e+01,2.652332527467e-04
4.975757187840e-03,4.478261764427e+01,3.101184169603e+01,1.317750389958e+06,3.018143352204e+02,1.124926432135e+01,2.647393671738e-04
4.975793544957e-03,4.476799670340e+01,3.100770532201e+01,1.320036237417e+06,3.018139223045e+02,1.124928005429e+01,2.642460495561e-04
4.975829862471e-03,4.475336606221e+01,3.100355889510e+01,1.322327348701e+06,3.018135089561e+02,1.124929580425e+01,2.637533023408e-04
4.975866140670e-03,4.473872559932e+01,3.099940235878e+01,1.324623755663e+06,3.018130951713e+02,1.124931157135e+01,2.632611216345e-04
4.975902379350e-03,4.472407539315e+01,3.099523571313e+01,1.326925458897e+06,3.018126809521e+02,1.124932735553e+01,2.627695102698e-04
4.975938578865e-03,4.470941529641e+01,3.099105889395e+01,1.329232494489e+06,3.018122662940e+02,1.124934315696e+01,2.622784635052e-04
4.975974738881e-03,4.469474543985e+01,3.098687191614e+01,1.331544854853e+06,3.018118512005e+02,1.124935897551e+01,2.617879859191e-04
4.976010859710e-03,4.468006569234e+01,3.098267471984e+01,1.333862573689e+06,3.018114356675e+02,1.124937481134e+01,2.612980733221e-04
4.976046941316e-03,4.466537606406e+01,3.097846728545e+01,1.336185662482e+06,3.018110196951e+02,1.124939066445e+01,2.608087262608e-04
4.976082983695e-03,4.465067655232e+01,3.097424958960e+01,1.338514134791e+06,3.018106032828e+02,1.124940653485e+01,2.603199448467e-04
4.976118986988e-03,4.463596709424e+01,3.097002159157e+01,1.340848013764e+06,3.018101864286e+02,1.124942242262e+01,2.598317271941e-04
4.976154951227e-03,4.462124767247e+01,3.096578326358e+01,1.343187315403e+06,3.018097691317e+02,1.124943832780e+01,2.593440729384e-04
4.976190876261e-03,4.460651834447e+01,3.096153459937e+01,1.345532043846e+06,3.018093513934e+02,1.124945425034e+01,2.588569841863e-04
4.976226762371e-03,4.459177898953e+01,3.095727554121e+01,1.347882231640e+06,3.018089332100e+02,1.124947019038e+01,2.583704571523e-04
4.976262609556e-03,4.457702960359e+01,3.095300606490e+01,1.350237892832e+06,3.018085145811e+02,1.124948614794e+01,2.578844919201e-04
4.976298417765e-03,4.456227020253e+01,3.094872615194e+01,1.352599038327e+06,3.018080955069e+02,1.124950212302e+01,2.573990892243e-04
4.976334187081e-03,4.454750074758e+01,3.094443576794e+01,1.354965687803e+06,3.018076759859e+02,1.124951811566e+01,2.569142480019e-04
4.976369917507e-03,4.453272123193e+01,3.094013488769e+01,1.357337855889e+06,3.018072560177e+02,1.124953412590e+01,2.564299682418e-04
4.976405609220e-03,4.451793157757e+01,3.093582346513e+01,1.359715568697e+06,3.018068355997e+02,1.124955015382e+01,2.559462476069e-04
4.976441262150e-03,4.450313180889e+01,3.093150148395e+01,1.362098835959e+06,3.018064147323e+02,1.124956619942e+01,2.554630871161e-04
4.976476876309e-03,4.448832191453e+01,3.092716891734e+01,1.364487673187e+06,3.018059934150e+02,1.124958226273e+01,2.549804866147e-04
4.976512451779e-03,4.447350185657e+01,3.092282573065e+01,1.366882100235e+06,3.018055716462e+02,1.124959834378e+01,2.544984450852e-04
4.976547988678e-03,4.445867157945e+01,3.091847188391e+01,1.369282139886e+06,3.018051494242e+02,1.124961444267e+01,2.540169609454e-04
4.976583486984e-03,4.444383108774e+01,3.091410735470e+01,1.371687805255e+06,3.018047267487e+02,1.124963055940e+01,2.535360345710e-04
4.976618946715e-03,4.442898036780e+01,3.090973211516e+01,1.374099112453e+06,3.018043036191e+02,1.124964669399e+01,2.530556657449e-04
4.976654367917e-03,4.441411939549e+01,3.090534613428e+01,1.376516079354e+06,3.018038800344e+02,1.124966284649e+01,2.525758539107e-04
4.976689750643e-03,4.439924814301e+01,3.090094937984e+01,1.378938724483e+06,3.018034559934e+02,1.124967901694e+01,2.520965983984e-04
4.976725094993e-03,4.438436656242e+01,3.089654181357e+01,1.381367069717e+06,3.018030314945e+02,1.124969520540e+01,2.516178978951e-04
4.976760400937e-03,4.436947466078e+01,3.089212341337e+01,1.383801128026e+06,3.018026065376e+02,1.124971141189e+01,2.511397528607e-04
4.976795668457e-03,4.435457244039e+01,3.088769415567e+01,1.386240913190e+06,3.018021811225e+02,1.124972763641e+01,2.506621635978e-04
4.976830897777e-03,4.433965980065e+01,3.088325398621e+01,1.388686455907e+06,3.018017552459e+02,1.124974387909e+01,2.501851271176e-04
4.976866088795e-03,4.432473677901e+01,3.087880289168e+01,1.391137764321e+06,3.018013289086e+02,1.124976013989e+01,2.497086448573e-04
4.976901241633e-03,4.430980331745e+01,3.087434083025e+01,1.393594862299e+06,3.018009021087e+02,1.124977641891e+01,2.492327152015e-04
4.976936356171e-03,4.429485946189e+01,3.086986779103e+01,1.396057756661e+06,3.018004748471e+02,1.124979271609e+01,2.487573398489e-04
4.976971432666e-03,4.427990509617e+01,3.086538371455e+01,1.398526480994e+06,3.018000471202e+02,1.124980903159e+01,2.482825153432e-04
4.977006471070e-03,4.426494023493e+01,3.086088858038e+01,1.401001047393e+06,3.017996189281e+02,1.124982536539e+01,2.478082423965e-04
4.977041471386e-03,4.424996487073e+01,3.085638236139e+01,1.403481471638e+06,3.017991902703e+02,1.124984171753e+01,2.473345210152e-04
4.977076433669e-03,4.423497897420e+01,3.085186502380e+01,1.405967773199e+06,3.017987611457e+02,1.124985808804e+01,2.468613505127e-04
4.977111358032e-03,4.421998249033e+01,3.084733652593e+01,1.408459975875e+06,3.017983315522e+02,1.124987447701e+01,2.463887294001e-04
4.977146244421e-03,4.420497543636e+01,3.084279684783e+01,1.410958091527e+06,3.017979014902e+02,1.124989088442e+01,2.459166584693e-04
4.977181092879e-03,4.418995778770e+01,3.083824595683e+01,1.413462139017e+06,3.017974709586e+02,1.124990731032e+01,2.454451371923e-04
4.977215903603e-03,4.417492945238e+01,3.083368379970e+01,1.415972148530e+06,3.017970399544e+02,1.124992375483e+01,2.449741629360e-04
4.977250676414e-03,4.415989050163e+01,3.082911037262e+01,1.418488123064e+06,3.017966084793e+02,1.124994021787e+01,2.445037381863e-04
4.977285411524e-03,4.414484083672e+01,3.082452562005e+01,1.421010094085e+06,3.017961765303e+02,1.124995669957e+01,2.440338601069e-04
4.977320108783e-03,4.412978051709e+01,3.081992953450e+01,1.423538066638e+06,3.017957441086e+02,1.124997319988e+01,2.435645308063e-04
4.977354768503e-03,4.411470939983e+01,3.081532204663e+01,1.426072079781e+06,3.017953112099e+02,1.124998971898e+01,2.430957460894e-04
4.977389390515e-03,4.409962755232e+01,3.081070315121e+01,1.428612137324e+06,3.017948778358e+02,1.125000625680e+01,2.426275083149e-04
4.977423974835e-03,4.408453496043e+01,3.080607281805e+01,1.431158256814e+06,3.017944439854e+02,1.125002281337e+01,2.421598172971e-04
4.977458521738e-03,4.406943149705e+01,3.080143098214e+01,1.433710474949e+06,3.017940096550e+02,1.125003938884e+01,2.416926693615e-04
4.977493031049e-03,4.405431723272e+01,3.079677763906e+01,1.436268795121e+06,3.017935748461e+02,1.125005598316e+01,2.412260669572e-04
4.977527502816e-03,4.403919213834e+01,3.079211275369e+01,1.438833237608e+06,3.017931395576e+02,1.125007259637e+01,2.407600094438e-04
4.977561937224e-03,4.402405612700e+01,3.078743627294e+01,1.441403832567e+06,3.017927037867e+02,1.125008922858e+01,2.402944944116e-04
4.977596334219e-03,4.400890921417e+01,3.078274817519e+01,1.443980592867e+06,3.017922675334e+02,1.125010587978e+01,2.398295226074e-04
4.977630693796e-03,4.399375139580e+01,3.077804843273e+01,1.446563534734e+06,3.017918307974e+02,1.125012255001e+01,2.393650941726e-04
4.977665016085e-03,4.397858260665e+01,3.077333699878e+01,1.449152684886e+06,3.017913935764e+02,1.125013923933e+01,2.389012073785e-04
4.977699301043e-03,4.396340285916e+01,3.076861385053e+01,1.451748056865e+06,3.017909558705e+02,1.125015594776e+01,2.384378628770e-04
4.977733548829e-03,4.394821207490e+01,3.076387893680e+01,1.454349679811e+06,3.017905176770e+02,1.125017267539e+01,2.379750585492e-04
4.977767759340e-03,4.393301029280e+01,3.075913224288e+01,1.456957562843e+06,3.017900789968e+02,1.125018942220e+01,2.375127958565e-04
4.977801932836e-03,4.391779738931e+01,3.075437370319e+01,1.459571743020e+06,3.017896398259e+02,1.125020618834e+01,2.370510713220e-04
4.977836068962e-03,4.390257351557e+01,3.074960333799e+01,1.462192210268e+06,3.017892001684e+02,1.125022297366e+01,2.365898898070e-04
4.977870168192e-03,4.388733845230e+01,3.074482105142e+01,1.464819018298e+06,3.017887600176e+02,1.125023977840e+01,2.361292449455e-04
4.977904230383e-03,4.387209225546e+01,3.074002683373e+01,1.467452173528e+06,3.017883193748e+02,1.125025660254e+01,2.356691387202e-04
4.977938255431e-03,4.385683496438e+01,3.073522066997e+01,1.470091685245e+06,3.017878782407e+02,1.125027344603e+01,2.352095725945e-04
4.977972243652e-03,4.384156642904e+01,3.073040248541e+01,1.472737595569e+06,3.017874366108e+02,1.125029030906e+01,2.347505423339e-04
4.978006194891e-03,4.382628671143e+01,3.072557227205e+01,1.475389909993e+06,3.017869944864e+02,1.125030719158e+01,2.342920500922e-04
4.978040109237e-03,4.381099576416e+01,3.072072998726e+01,1.478048653028e+06,3.017865518659e+02,1.125032409365e+01,2.338340947317e-04
4.978073986742e-03,4.379569355494e+01,3.071587559304e+01,1.480713846645e+06,3.017861087480e+02,1.125034101532e+01,2.333766755737e-04
4.978107827503e-03,4.378038003252e+01,3.071100904525e+01,1.483385516197e+06,3.017856651308e+02,1.125035795667e+01,2.329197913806e-04
4.978141631452e-03,4.376505521918e+01,3.070613032300e+01,1.486063674288e+06,3.017852210147e+02,1.125037491769e+01,2.324634431096e-04
4.978175398690e-03,4.374971906087e+01,3.070123938102e+01,1.488748346906e+06,3.017847763977e+02,1.125039189845e+01,2.320076294441e-04
4.978209129192e-03,4.373437156095e+01,3.069633619221e+01,1.491439550078e+06,3.017843312796e+02,1.125040889896e+01,2.315523507769e-04
4.978242823072e-03,4.371901265919e+01,3.069142070905e+01,1.494137311044e+06,3.017838856583e+02,1.125042591931e+01,2.310976056171e-04
4.978276480393e-03,4.370364231868e+01,3.068649289133e+01,1.496841653045e+06,3.017834395323e+02,1.125044295954e+01,2.306433931740e-04
4.978310101179e-03,4.368826051976e+01,3.068155270422e+01,1.499552596364e+06,3.017829929009e+02,1.125046001971e+01,2.301897131708e-04
4.978343685287e-03,4.367286731944e+01,3.067660013748e+01,1.502270147822e+06,3.017825457652e+02,1.125047709976e+01,2.297365675846e-04
4.978377233044e-03,4.365746255883e+01,3.067163511127e+01,1.504994352415e+06,3.017820981203e+02,1.125049419989e+01,2.292839520405e-04
4.978410744268e-03,4.364204631324e+01,3.066665762105e+01,1.507725213851e+06,3.017816499680e+02,1.125051132002e+01,2.288318690588e-04
4.978444219177e-03,4.362661847409e+01,3.066166760284e+01,1.510462768447e+06,3.017812013049e+02,1.125052846029e+01,2.283803157625e-04
4.978477657609e-03,4.361117910592e+01,3.065666504849e+01,1.513207021906e+06,3.017807521325e+02,1.125054562064e+01,2.279292943476e-04
4.978511059817e-03,4.359572808419e+01,3.065164988851e+01,1.515958013581e+06,3.017803024467e+02,1.125056280124e+01,2.274788014859e-04
4.978544425677e-03,4.358026545722e+01,3.064662210934e+01,1.518715752169e+06,3.017798522487e+02,1.125058000204e+01,2.270288388996e-04
4.978577755269e-03,4.356479117820e+01,3.064158166641e+01,1.521480263364e+06,3.017794015367e+02,1.125059722311e+01,2.265794055360e-04
4.978611048660e-03,4.354930520740e+01,3.063652851734e+01,1.524251571696e+06,3.017789503091e+02,1.125061446451e+01,2.261305005550e-04
4.978644305895e-03,4.353380751514e+01,3.063146262284e+01,1.527029699976e+06,3.017784985649e+02,1.125063172629e+01,2.256821234143e-04
4.978677527023e-03,4.351829806843e+01,3.062638394245e+01,1.529814671693e+06,3.017780463026e+02,1.125064900850e+01,2.252342734788e-04
4.978710712041e-03,4.350277685958e+01,3.062129244385e+01,1.532606505871e+06,3.017775935217e+02,1.125066631117e+01,2.247869508466e-04
4.978743860916e-03,4.348724389514e+01,3.061618809931e+01,1.535405219028e+06,3.017771402220e+02,1.125068363430e+01,2.243401560219e-04
4.978776973880e-03,4.347169905697e+01,3.061107083998e+01,1.538210850232e+06,3.017766863997e+02,1.125070097805e+01,2.238938859303e-04
4.978810050821e-03,4.345614238769e+01,3.060594064976e+01,1.541023409653e+06,3.017762320557e+02,1.125071834238e+01,2.234481421223e-04
4.978843091802e-03,4.344057384809e+01,3.060079748548e+01,1.543842922297e+06,3.017757771885e+02,1.125073572735e+01,2.230029237969e-04
4.978876096976e-03,4.342499335628e+01,3.059564128971e+01,1.546669421000e+06,3.017753217953e+02,1.125075313307e+01,2.225582289433e-04
4.978909066196e-03,4.340940097236e+01,3.059047205188e+01,1.549502912932e+06,3.017748658774e+02,1.125077055949e+01,2.221140596057e-04
4.978941999622e-03,4.339379661027e+01,3.058528971288e+01,1.552343431863e+06,3.017744094322e+02,1.125078800673e+01,2.216704136603e-04
4.978974897275e-03,4.337818025107e+01,3.058009423571e+01,1.555190999466e+06,3.017739524585e+02,1.125080547481e+01,2.212272909022e-04
4.979007759095e-03,4.336255191216e+01,3.057488559537e+01,1.558045630844e+06,3.017734949565e+02,1.125082296374e+01,2.207846921554e-04
4.979040585354e-03,4.334691145463e+01,3.056966371461e+01,1.560907369744e+06,3.017730369219e+02,1.125084047368e+01,2.203426138244e-04
4.979073375848e-03,4.333125896550e+01,3.056442859143e+01,1.563776218689e+06,3.017725783568e+02,1.125085800457e+01,2.199010587085e-04
4.979106130775e-03,4.331559434034e+01,3.055918015973e+01,1.566652215329e+06,3.017721192577e+02,1.125087555652e+01,2.194600241984e-04
4.979138849991e-03,4.329991763734e+01,3.055391840776e+01,1.569535367560e+06,3.017716596260e+02,1.125089312950e+01,2.190195122699e-04
4.979171533816e-03,4.328422869306e+01,3.054864324923e+01,1.572425724109e+06,3.017711994565e+02,1.125091072370e+01,2.185795186746e-04
4.979204182018e-03,4.326852760811e+01,3.054335468644e+01,1.575323285192e+06,3.017707387518e+02,1.125092833903e+01,2.181400465803e-04
4.979236794752e-03,4.325281429723e+01,3.053805265906e+01,1.578228085342e+06,3.017702775091e+02,1.125094597560e+01,2.177010939408e-04
4.979269372037e-03,4.323708874176e+01,3.053273712904e+01,1.581140146903e+06,3.017698157274e+02,1.125096363344e+01,2.172626605814e-04
4.979301914040e-03,4.322135084913e+01,3.052740803316e+01,1.584059506003e+06,3.017693534035e+02,1.125098131268e+01,2.168247442751e-04
4.979334420485e-03,4.320560074305e+01,3.052206538136e+01,1.586986158727e+06,3.017688905409e+02,1.125099901320e+01,2.163873488108e-04
4.979366891817e-03,4.318983819593e+01,3.051670906429e+01,1.589920166495e+06,3.017684271323e+02,1.125101673526e+01,2.159504682203e-04
4.979399327745e-03,4.317406333911e+01,3.051133909432e+01,1.592861524078e+06,3.017679631813e+02,1.125103447875e+01,2.155141065019e-04
4.979431728380e-03,4.315827610750e+01,3.050595541697e+01,1.595810262869e+06,3.017674986856e+02,1.125105224374e+01,2.150782622017e-04
4.979464093900e-03,4.314247640342e+01,3.050055796643e+01,1.598766420479e+06,3.017670336419e+02,1.125107003036e+01,2.146429329824e-04
4.979496424186e-03,4.312666427284e+01,3.049514672578e+01,1.601730007754e+06,3.017665680512e+02,1.125108783859e+01,2.142081204707e-04
4.979528719395e-03,4.311083962882e+01,3.048972163252e+01,1.604701060509e+06,3.017661019106e+02,1.125110566854e+01,2.137738226352e-04
4.979560979514e-03,4.309500246551e+01,3.048428265177e+01,1.607679599450e+06,3.017656352194e+02,1.125112352022e+01,2.133400396806e-04
4.979593204533e-03,4.307915277697e+01,3.047882974852e+01,1.610665645372e+06,3.017651679772e+02,1.125114139367e+01,2.129067718055e-04
4.979625394518e-03,4.306329051924e+01,3.047336287455e+01,1.613659226307e+06,3.017647001822e+02,1.125115928895e+01,2.124740181705e-04
4.979657549554e-03,4.304741563852e+01,3.046788197806e+01,1.616660372259e+06,3.017642318325e+02,1.125117720613e+01,2.120417776752e-04
4.979689669659e-03,4.303152811457e+01,3.046238701868e+01,1.619669106984e+06,3.017637629271e+02,1.125119514527e+01,2.116100501393e-04
4.979721754822e-03,4.301562794131e+01,3.045687796084e+01,1.622685451638e+06,3.017632934654e+02,1.125121310638e+01,2.111788357667e-04
4.979753805189e-03,4.299971503373e+01,3.045135474142e+01,1.625709442446e+06,3.017628234445e+02,1.125123108958e+01,2.107481326252e-04
4.979785820627e-03,4.298378944695e+01,3.044581734583e+01,1.628741089099e+06,3.017623528656e+02,1.125124909483e+01,2.103179425793e-04
4.979817801281e-03,4.296785109633e+01,3.044026571078e+01,1.631780427955e+06,3.017618817259e+02,1.125126712222e+01,2.098882637125e-04
4.979849747248e-03,4.295189992146e+01,3.043469978118e+01,1.634827490887e+06,3.017614100232e+02,1.125128517187e+01,2.094590947774e-04
4.979881658503e-03,4.293593592265e+01,3.042911952300e+01,1.637882298270e+06,3.017609377571e+02,1.125130324377e+01,2.090304361649e-04
4.979913535035e-03,4.291995909312e+01,3.042352489958e+01,1.640944871908e+06,3.017604649269e+02,1.125132133796e+01,2.086022880711e-04
4.979945376841e-03,4.290396942228e+01,3.041791587286e+01,1.644015234407e+06,3.017599915320e+02,1.125133945446e+01,2.081746505872e-04
4.979977184216e-03,4.288796674919e+01,3.041229235181e+01,1.647093437364e+06,3.017595175673e+02,1.125135759348e+01,2.077475197978e-04
4.980008956926e-03,4.287195117914e+01,3.040665433873e+01,1.650179481307e+06,3.017590430353e+02,1.125137575491e+01,2.073208989024e-04
4.980040695104e-03,4.285592263314e+01,3.040100177106e+01,1.653273402293e+06,3.017585679335e+02,1.125139393887e+01,2.068947861787e-04
4.980072398787e-03,4.283988107942e+01,3.039533460264e+01,1.656375227397e+06,3.017580922603e+02,1.125141214540e+01,2.064691811705e-04
4.980104068074e-03,4.282382645466e+01,3.038965277601e+01,1.659484989897e+06,3.017576160137e+02,1.125143037460e+01,2.060440825914e-04
4.980135702822e-03,4.280775881893e+01,3.038395627724e+01,1.662602699264e+06,3.017571391949e+02,1.125144862642e+01,2.056194924212e-04
4.980167303300e-03,4.279167802275e+01,3.037824501800e+01,1.665728405706e+06,3.017566617990e+02,1.125146690104e+01,2.051954071029e-04
4.980198869428e-03,4.277558409327e+01,3.037251897240e+01,1.668862125257e+06,3.017561838266e+02,1.125148519845e+01,2.047718277537e-04
4.980230401187e-03,4.275947702770e+01,3.036677810386e+01,1.672003879828e+06,3.017557052770e+02,1.125150351868e+01,2.043487546941e-04
4.980261898668e-03,4.274335676576e+01,3.036102235516e+01,1.675153702639e+06,3.017552261482e+02,1.125152186181e+01,2.039261867362e-04
4.980293361975e-03,4.272722324116e+01,3.035525166672e+01,1.678311628213e+06,3.017547464377e+02,1.125154022794e+01,2.035041225454e-04
4.980324791098e-03,4.271107644625e+01,3.034946599974e+01,1.681477679711e+06,3.017542661448e+02,1.125155861708e+01,2.030825623281e-04
4.980356186001e-03,4.269491638454e+01,3.034366531932e+01,1.684651878181e+06,3.017537852694e+02,1.125157702927e+01,2.026615065774e-04
4.980387546747e-03,4.267874301142e+01,3.033784957317e+01,1.687834254203e+06,3.017533038095e+02,1.125159546456e+01,2.022409545321e-04
4.980418873522e-03,4.266255621679e+01,3.033201868520e+01,1.691024851381e+06,3.017528217616e+02,1.125161392310e+01,2.018209037409e-04
4.980450166241e-03,4.264635603083e+01,3.032617262966e+01,1.694223685805e+06,3.017523391261e+02,1.125163240487e+01,2.014013554022e-04
4.980481424847e-03,4.263014246879e+01,3.032031137534e+01,1.697430776557e+06,3.017518559031e+02,1.125165090989e+01,2.009823103164e-04
4.980512649538e-03,4.261391541506e+01,3.031443484359e+01,1.700646168703e+06,3.017513720886e+02,1.125166943829e+01,2.005637659060e-04
4.980543840274e-03,4.259767487497e+01,3.030854299928e+01,1.703869883494e+06,3.017508876825e+02,1.125168799009e+01,2.001457227255e-04
4.980574997220e-03,4.258142074936e+01,3.030263576924e+01,1.707101963024e+06,3.017504026813e+02,1.125170656542e+01,1.997281786440e-04
4.980606120101e-03,4.256515316693e+01,3.029671316296e+01,1.710342404174e+06,3.017499170885e+02,1.125172516416e+01,1.993111373812e-04
4.980637209243e-03,4.254887194374e+01,3.029077507603e+01,1.713591266149e+06,3.017494308981e+02,1.125174378654e+01,1.988945946352e-04
4.980668264667e-03,4.253257705378e+01,3.028482146131e+01,1.716848576847e+06,3.017489441090e+02,1.125176243259e+01,1.984785501713e-04
4.980699286198e-03,4.251626857392e+01,3.027885230915e+01,1.720114343669e+06,3.017484567230e+02,1.125178110227e+01,1.980630063718e-04
4.980730274096e-03,4.249994635401e+01,3.027286752671e+01,1.723388619545e+06,3.017479687352e+02,1.125179979574e+01,1.976479598337e-04
4.980761228368e-03,4.248361037467e+01,3.026686706877e+01,1.726671431360e+06,3.017474801446e+02,1.125181851307e+01,1.972334104982e-04
4.980792148857e-03,4.246726070476e+01,3.026085092245e+01,1.729962788326e+06,3.017469909529e+02,1.125183725418e+01,1.968193605378e-04
4.980823035806e-03,4.245089719966e+01,3.025481899621e+01,1.733262742714e+06,3.017465011552e+02,1.125185601927e+01,1.964058067165e-04
4.980853889188e-03,4.243451986024e+01,3.024877125184e+01,1.736571317629e+06,3.017460107511e+02,1.125187480835e+01,1.959927494927e-04
4.980884709035e-03,4.241812865275e+01,3.024270763822e+01,1.739888543252e+06,3.017455197393e+02,1.125189362148e+01,1.955801884497e-04
4.980915495359e-03,4.240172355645e+01,3.023662810887e+01,1.743214447246e+06,3.017450281187e+02,1.125191245870e+01,1.951681235002e-04
4.980946248207e-03,4.238530453148e+01,3.023053261009e+01,1.746549061246e+06,3.017445358875e+02,1.125193132008e+01,1.947565540790e-04
4.980976967719e-03,4.236887148653e+01,3.022442106881e+01,1.749892427481e+06,3.017440430428e+02,1.125195020575e+01,1.943454783409e-04
4.981007653690e-03,4.235242451643e+01,3.021829348108e+01,1.753244550415e+06,3.017435495868e+02,1.125196911561e+01,1.939348990962e-04
4.981038306429e-03,4.233596344014e+01,3.021214974002e+01,1.756605490809e+06,3.017430555136e+02,1.125198804990e+01,1.935248122673e-04
4.981068925820e-03,4.231948830343e+01,3.020598982310e+01,1.759975263310e+06,3.017425608244e+02,1.125200700857e+01,1.931152194441e-04
4.981099511812e-03,4.230299911871e+01,3.019981369529e+01,1.763353889428e+06,3.017420655188e+02,1.125202599164e+01,1.927061213745e-04
4.981130064742e-03,4.228649568849e+01,3.019362124269e+01,1.766741433822e+06,3.017415695906e+02,1.125204499936e+01,1.922975136104e-04
4.981160584353e-03,4.226997813430e+01,3.018741247083e+01,1.770137895842e+06,3.017410730431e+02,1.125206403160e+01,1.918893996157e-04
4.981191070776e-03,4.225344637067e+01,3.018118730742e+01,1.773543317428e+06,3.017405758730e+02,1.125208308848e+01,1.914817777242e-04
4.981221524144e-03,4.223690030822e+01,3.017494567841e+01,1.776957741499e+06,3.017400780775e+02,1.125210217013e+01,1.910746461900e-04
4.981251944329e-03,4.222034000021e+01,3.016868756335e+01,1.780381181669e+06,3.017395796575e+02,1.125212127650e+01,1.906680067791e-04
4.981282331467e-03,4.220376535638e+01,3.016241288748e+01,1.783813681286e+06,3.017390806099e+02,1.125214040772e+01,1.902618577300e-04
4.981312685571e-03,4.218717635355e+01,3.015612160116e+01,1.787255269970e+06,3.017385809336e+02,1.125215956384e+01,1.898561989350e-04
4.981343006635e-03,4.217057297793e+01,3.014981365816e+01,1.790705975490e+06,3.017380806277e+02,1.125217874490e+01,1.894510305156e-04
4.981373294812e-03,4.215395512900e+01,3.014348897912e+01,1.794165843775e+06,3.017375796887e+02,1.125219795102e+01,1.890463504833e-04
4.981403550013e-03,4.213732283812e+01,3.013714753462e+01,1.797634893434e+06,3.017370781172e+02,1.125221718220e+01,1.886421600683e-04
4.981433772351e-03,4.212067602740e+01,3.013078925346e+01,1.801113165955e+06,3.017365759102e+02,1.125223643854e+01,1.882384578428e-04
4.981463961818e-03,4.210401468285e+01,3.012441408864e+01,1.804600689618e+06,3.017360730670e+02,1.125225572008e+01,1.878352439369e-04
4.981494118482e-03,4.208733875078e+01,3.011802197777e+01,1.808097501129e+06,3.017355695854e+02,1.125227502691e+01,1.874325175213e-04
4.981524242363e-03,4.207064820230e+01,3.011161286778e+01,1.811603632125e+06,3.017350654641e+02,1.125229435908e+01,1.870302783715e-04
4.981554333483e-03,4.205394300824e+01,3.010518670530e+01,1.815119114419e+06,3.017345607018e+02,1.125231371665e+01,1.866285262577e-04
4.981584391850e-03,4.203722314618e+01,3.009874343938e+01,1.818643978520e+06,3.017340552973e+02,1.125233309965e+01,1.862272611138e-04
4.981614417540e-03,4.202048855626e+01,3.009228300448e+01,1.822178262954e+06,3.017335492484e+02,1.125235250819e+01,1.858264819786e-04
4.981644410731e-03,4.200373912186e+01,3.008580531282e+01,1.825722018406e+06,3.017330425510e+02,1.125237194242e+01,1.854261865465e-04
4.981674371189e-03,4.198697495539e+01,3.007931036505e+01,1.829275247234e+06,3.017325352081e+02,1.125239140223e+01,1.850263779867e-04
4.981704299051e-03,4.197019596267e+01,3.007279808170e+01,1.832837995630e+06,3.017320272164e+02,1.125241088774e+01,1.846270545276e-04
4.981734194465e-03,4.195340204250e+01,3.006626838028e+01,1.836410311459e+06,3.017315185724e+02,1.125243039911e+01,1.842282142498e-04
4.981764057318e-03,4.193659323934e+01,3.005972123471e+01,1.839992211760e+06,3.017310092769e+02,1.125244993629e+01,1.838298586976e-04
4.981793887699e-03,4.191976948590e+01,3.005315657526e+01,1.843583737460e+06,3.017304993273e+02,1.125246949939e+01,1.834319867616e-04
4.981823685688e-03,4.190293071850e+01,3.004657433335e+01,1.847184928881e+06,3.017299887214e+02,1.125248908851e+01,1.830345974282e-04
4.981853451246e-03,4.188607694015e+01,3.003997446627e+01,1.850795812216e+06,3.017294774587e+02,1.125250870366e+01,1.826376912614e-04
4.981883184519e-03,4.186920804945e+01,3.003335689024e+01,1.854416436154e+06,3.017289655357e+02,1.125252834498e+01,1.822412663702e-04
4.981912885346e-03,4.185232411944e+01,3.002672158967e+01,1.858046812084e+06,3.017284529540e+02,1.125254801241e+01,1.818453249647e-04
4.981942553999e-03,4.183542497681e+01,3.002006845204e+01,1.861687004467e+06,3.017279397081e+02,1.125256770618e+01,1.814498634787e-04
4.981972190323e-03,4.181851068969e+01,3.001339745956e+01,1.865337025946e+06,3.017274257994e+02,1.125258742621e+01,1.810548840096e-04
4.982001794453e-03,4.180158116321e+01,3.000670853004e+01,1.868996924420e+06,3.017269112245e+02,1.125260717266e+01,1.806603848414e-04
4.982031366316e-03,4.178463641945e+01,3.000000162726e+01,1.872666722666e+06,3.017263959838e+02,1.125262694551e+01,1.802663669891e-04
4.982060906155e-03,4.176767629934e+01,2.999327664311e+01,1.876346482817e+06,3.017258800717e+02,1.125264674498e+01,1.798728272630e-04
4.982090413788e-03,4.175070088854e+01,2.998653356621e+01,1.880036214102e+06,3.017253634906e+02,1.125266657097e+01,1.794797681602e-04
4.982119889391e-03,4.173371006558e+01,2.997977230281e+01,1.883735970837e+06,3.017248462361e+02,1.125268642367e+01,1.790871873761e-04
4.982149332976e-03,4.171670380444e+01,2.997299279682e+01,1.887445786759e+06,3.017243283071e+02,1.125270630311e+01,1.786950848253e-04
4.982178744412e-03,4.169968216065e+01,2.996619502457e+01,1.891165677902e+06,3.017238097046e+02,1.125272620927e+01,1.783034622959e-04
4.982208123941e-03,4.168264497440e+01,2.995937887618e+01,1.894895707478e+06,3.017232904234e+02,1.125274614234e+01,1.779123166228e-04
4.982237471630e-03,4.166559218616e+01,2.995254428151e+01,1.898635916984e+06,3.017227704611e+02,1.125276610243e+01,1.775216469663e-04
4.982266787243e-03,4.164852391345e+01,2.994569124125e+01,1.902386309186e+06,3.017222498209e+02,1.125278608941e+01,1.771314565344e-04
4.982296071036e-03,4.163143998634e+01,2.993881964060e+01,1.906146950072e+06,3.017217284969e+02,1.125280610350e+01,1.767417419579e-04
4.982325323104e-03,4.161434033003e+01,2.993192940257e+01,1.909917884960e+06,3.017212064866e+02,1.125282614483e+01,1.763525020624e-04
4.982354543243e-03,4.159722504186e+01,2.992502051938e+01,1.913699121316e+06,3.017206837922e+02,1.125284621329e+01,1.759637395886e-04
4.982383731603e-03,4.158009401427e+01,2.991809290048e+01,1.917490711942e+06,3.017201604101e+02,1.125286630903e+01,1.755754526130e-04
4.982412888259e-03,4.156294718193e+01,2.991114647205e+01,1.921292700500e+06,3.017196363378e+02,1.125288643217e+01,1.751876401853e-04
4.982442013192e-03,4.154578453486e+01,2.990418118244e+01,1.925105118536e+06,3.017191115744e+02,1.125290658272e+01,1.748003026113e-04
4.982471106559e-03,4.152860595979e+01,2.989719693787e+01,1.928928020691e+06,3.017185861160e+02,1.125292676084e+01,1.744134378720e-04
4.982500168155e-03,4.151141155705e+01,2.989019373118e+01,1.932761414220e+06,3.017180599650e+02,1.125294696645e+01,1.740270487600e-04
4.982529198265e-03,4.149420113549e+01,2.988317143634e+01,1.936605371465e+06,3.017175331153e+02,1.125296719979e+01,1.736411315148e-04
4.982558196648e-03,4.147697481745e+01,2.987613005495e+01,1.940459894946e+06,3.017170055700e+02,1.125298746074e+01,1.732556894164e-04
4.982587163720e-03,4.145973233388e+01,2.986906942841e+01,1.944325074876e+06,3.017164773203e+02,1.125300774963e+01,1.728707169883e-04
4.982616099168e-03,4.144247384963e+01,2.986198957544e+01,1.948200904455e+06,3.017159483708e+02,1.125302806630e+01,1.724862184591e-04
4.982645003102e-03,4.142519927644e+01,2.985489041093e+01,1.952087433730e+06,3.017154187182e+02,1.125304841088e+01,1.721021923972e-04
4.982673875639e-03,4.140790852337e+01,2.984777184837e+01,1.955984713558e+06,3.017148883594e+02,1.125306878350e+01,1.717186373267e-04
4.982702716903e-03,4.139060149375e+01,2.984063379852e+01,1.959892796306e+06,3.017143572907e+02,1.125308918429e+01,1.713355516605e-04
4.982731526682e-03,4.137327829235e+01,2.983347625502e+01,1.963811688999e+06,3.017138255149e+02,1.125310961316e+01,1.709529382679e-04
4.982760305154e-03,4.135593878977e+01,2.982629911467e+01,1.967741451704e+06,3.017132930275e+02,1.125313007027e+01,1.705707948377e-04
4.982789052295e-03,4.133858297794e+01,2.981910232417e+01,1.971682117205e+06,3.017127598277e+02,1.125315055567e+01,1.701891217458e-04
4.982817768277e-03,4.132121073033e+01,2.981188578084e+01,1.975633745346e+06,3.017122259111e+02,1.125317106953e+01,1.698079167697e-04
4.982846452973e-03,4.130382210127e+01,2.980464945684e+01,1.979596355023e+06,3.017116912788e+02,1.125319161181e+01,1.694271816623e-04
4.982875106488e-03,4.128641700371e+01,2.979739326537e+01,1.983569997442e+06,3.017111559277e+02,1.125321218263e+01,1.690469150758e-04
4.982903728814e-03,4.126899541997e+01,2.979011714826e+01,1.987554708165e+06,3.017106198566e+02,1.125323278205e+01,1.686671171850e-04
4.982932320007e-03,4.125155729289e+01,2.978282103063e+01,1.991550531927e+06,3.017100830634e+02,1.125325341014e+01,1.682877873062e-04
4.982960880236e-03,4.123410249515e+01,2.977550480795e+01,1.995557529748e+06,3.017095455434e+02,1.125327406709e+01,1.679089232432e-04
4.982989409298e-03,4.121663112814e+01,2.976816847125e+01,1.999575710319e+06,3.017090072994e+02,1.125329475281e+01,1.675305277662e-04
4.983017907276e-03,4.119914311685e+01,2.976081193748e+01,2.003605122955e+06,3.017084683284e+02,1.125331546740e+01,1.671525998119e-04
4.983046374386e-03,4.118163830548e+01,2.975343508919e+01,2.007645835826e+06,3.017079286252e+02,1.125333621107e+01,1.667751365894e-04
4.983074810495e-03,4.116411675175e+01,2.974603789860e+01,2.011697868032e+06,3.017073881909e+02,1.125335698379e+01,1.663981399223e-04
4.983103215623e-03,4.114657841893e+01,2.973862029796e+01,2.015761260596e+06,3.017068470239e+02,1.125337778561e+01,1.660216095912e-04
4.983131589989e-03,4.112902314845e+01,2.973118216764e+01,2.019836082972e+06,3.017063051188e+02,1.125339861676e+01,1.656455427748e-04
4.983159933397e-03,4.111145103648e+01,2.972372349567e+01,2.023922345699e+06,3.017057624780e+02,1.125341947714e+01,1.652699421152e-04
4.983188245951e-03,4.109386199431e+01,2.971624419150e+01,2.028020102374e+06,3.017052190982e+02,1.125344036688e+01,1.648948062917e-04
4.983216527838e-03,4.107625588113e+01,2.970874414203e+01,2.032129418985e+06,3.017046749745e+02,1.125346128618e+01,1.645201328912e-04
4.983244778908e-03,4.105863276566e+01,2.970122332314e+01,2.036250312814e+06,3.017041301085e+02,1.125348223498e+01,1.641459239666e-04
4.983272999209e-03,4.104099259294e+01,2.969368165780e+01,2.040382830151e+06,3.017035844978e+02,1.125350321337e+01,1.637721789338e-04
4.983301188868e-03,4.102333525923e+01,2.968611904782e+01,2.044527028916e+06,3.017030381389e+02,1.125352422150e+01,1.633988961859e-04
4.983329347939e-03,4.100566070445e+01,2.967853541336e+01,2.048682957012e+06,3.017024910292e+02,1.125354525947e+01,1.630260750526e-04
4.983357476259e-03,4.098796900566e+01,2.967093073322e+01,2.052850630238e+06,3.017019431706e+02,1.125356632720e+01,1.626537177513e-04
4.983385573984e-03,4.097026004035e+01,2.966330490031e+01,2.057030111504e+06,3.017013945588e+02,1.125358742488e+01,1.622818222931e-04
4.983413641282e-03,4.095253367593e+01,2.965565780272e+01,2.061221466382e+06,3.017008451890e+02,1.125360855268e+01,1.619103865001e-04
4.983441677983e-03,4.093478999392e+01,2.964798942063e+01,2.065424710017e+06,3.017002950632e+02,1.125362971054e+01,1.615394126853e-04
4.983469684137e-03,4.091702893743e+01,2.964029967431e+01,2.069639890421e+06,3.016997441792e+02,1.125365089855e+01,1.611689002550e-04
4.983497659949e-03,4.089925035066e+01,2.963258844086e+01,2.073867079305e+06,3.016991925315e+02,1.125367211691e+01,1.607988465685e-04
4.983525605250e-03,4.088145431346e+01,2.962485569924e+01,2.078106292583e+06,3.016986401220e+02,1.125369336557e+01,1.604292538973e-04
4.983553520137e-03,4.086364073881e+01,2.961710135579e+01,2.082357586008e+06,3.016980869474e+02,1.125371464464e+01,1.600601210374e-04
4.983581404760e-03,4.084580950384e+01,2.960932530086e+01,2.086621024136e+06,3.016975330034e+02,1.125373595431e+01,1.596914460589e-04
4.983609259025e-03,4.082796064183e+01,2.960152749258e+01,2.090896634410e+06,3.016969782905e+02,1.125375729456e+01,1.593232302676e-04
4.983637082897e-03,4.081009414916e+01,2.959370787283e+01,2.095184453203e+06,3.016964228079e+02,1.125377866542e+01,1.589554741974e-04
4.983664876671e-03,4.079220980815e+01,2.958586628947e+01,2.099484568488e+06,3.016958665483e+02,1.125380006718e+01,1.585881739896e-04
4.983692640082e-03,4.077430776376e+01,2.957800274897e+01,2.103796981298e+06,3.016953095156e+02,1.125382149969e+01,1.582213332434e-04
4.983720373415e-03,4.075638780356e+01,2.957011710071e+01,2.108121778850e+06,3.016947517027e+02,1.125384296323e+01,1.578549482266e-04
4.983748076459e-03,4.073845003689e+01,2.956220933527e+01,2.112458970968e+06,3.016941931124e+02,1.125386445770e+01,1.574890217995e-04
4.983775749455e-03,4.072049427999e+01,2.955427931384e+01,2.116808638463e+06,3.016936337383e+02,1.125388598335e+01,1.571235508371e-04
4.983803392323e-03,4.070252055718e+01,2.954632698911e+01,2.121170812016e+06,3.016930735807e+02,1.125390754016e+01,1.567585364664e-04
4.983831005149e-03,4.068452878391e+01,2.953835226538e+01,2.125545548875e+06,3.016925126363e+02,1.125392912828e+01,1.563939776011e-04
4.983858587885e-03,4.066651896440e+01,2.953035508601e+01,2.129932884913e+06,3.016919509046e+02,1.125395074772e+01,1.560298749575e-04
4.983886140752e-03,4.064849092515e+01,2.952233531514e+01,2.134332899496e+06,3.016913883798e+02,1.125397239873e+01,1.556662256675e-04
4.983913663473e-03,4.063044481938e+01,2.951429296193e+01,2.138745592469e+06,3.016908250659e+02,1.125399408113e+01,1.553030334566e-04
4.983941156360e-03,4.061238041369e+01,2.950622786312e+01,2.143171058314e+06,3.016902609550e+02,1.125401579524e+01,1.549402942623e-04
4.983968619336e-03,4.059429773054e+01,2.949813996917e+01,2.147609329166e+06,3.016896960474e+02,1.125403754107e+01,1.545780091827e-04
4.983996052507e-03,4.057619667035e+01,2.949002917572e+01,2.152060467269e+06,3.016891303392e+02,1.125405931875e+01,1.542161768700e-04
4.984023455666e-03,4.055807734076e+01,2.948189547104e+01,2.156524484086e+06,3.016885638333e+02,1.125408112819e+01,1.538548001158e-04
4.984050829199e-03,4.053993945726e+01,2.947373866711e+01,2.161001487868e+06,3.016879965201e+02,1.125410296976e+01,1.534938738939e-04
4.984078172828e-03,4.052178317532e+01,2.946555877330e+01,2.165491478577e+06,3.016874284040e+02,1.125412484329e+01,1.531334019517e-04
4.984105486858e-03,4.050360826194e+01,2.945735562380e+01,2.169994552353e+06,3.016868594769e+02,1.125414674910e+01,1.527733803162e-04
4.984132771021e-03,4.048541486564e+01,2.944912922462e+01,2.174510711089e+06,3.016862897430e+02,1.125416868703e+01,1.524138125832e-04
4.984160025597e-03,4.046720277046e+01,2.944087941681e+01,2.179040047250e+06,3.016857191949e+02,1.125419065738e+01,1.520546951379e-04
4.984187250449e-03,4.044897203782e+01,2.943260616663e+01,2.183582584633e+06,3.016851478339e+02,1.125421266010e+01,1.516960298508e-04
4.984214445823e-03,4.043072247217e+01,2.942430932346e+01,2.188138411232e+06,3.016845756533e+02,1.125423469545e+01,1.513378135395e-04
4.984241611540e-03,4.041245416304e+01,2.941598886586e+01,2.192707544154e+06,3.016840026552e+02,1.125425676335e+01,1.509800486284e-04
4.984268747624e-03,4.039416706392e+01,2.940764471038e+01,2.197290034617e+06,3.016834288376e+02,1.125427886388e+01,1.506227348627e-04
4.984295854371e-03,4.037586094496e+01,2.939927668945e+01,2.201885980067e+06,3.016828541926e+02,1.125430099736e+01,1.502658684251e-04
4.984322931525e-03,4.035753594754e+01,2.939088480476e+01,2.206495385044e+06,3.016822787241e+02,1.125432316365e+01,1.499094527459e-04
4.984349979205e-03,4.033919195970e+01,2.938246894194e+01,2.211118317869e+06,3.016817024280e+02,1.125434536290e+01,1.495534863127e-04
4.984376997544e-03,4.032082886054e+01,2.937402898205e+01,2.215754849434e+06,3.016811252997e+02,1.125436759529e+01,1.491979674570e-04
4.984403986403e-03,4.030244671244e+01,2.936556489006e+01,2.220405004573e+06,3.016805473407e+02,1.125438986077e+01,1.488428980631e-04
4.984430945978e-03,4.028404535044e+01,2.935707652604e+01,2.225068865800e+06,3.016799685452e+02,1.125441215958e+01,1.484882756227e-04
4.984457876194e-03,4.026562479353e+01,2.934856383448e+01,2.229746469302e+06,3.016793889130e+02,1.125443449171e+01,1.481341011853e-04
4.984484777132e-03,4.024718495519e+01,2.934002671088e+01,2.234437878227e+06,3.016788084409e+02,1.125445685732e+01,1.477803737699e-04
4.984511648771e-03,4.022872581662e+01,2.933146508172e+01,2.239143138734e+06,3.016782271277e+02,1.125447925643e+01,1.474270937005e-04
4.984538491236e-03,4.021024726016e+01,2.932287882735e+01,2.243862322405e+06,3.016776449689e+02,1.125450168924e+01,1.470742594144e-04
4.984565304444e-03,4.019174931004e+01,2.931426789366e+01,2.248595464838e+06,3.016770619647e+02,1.125452415573e+01,1.467218720646e-04
4.984592088532e-03,4.017323183882e+01,2.930563215569e+01,2.253342640625e+06,3.016764781104e+02,1.125454665610e+01,1.463699299151e-04
4.984618843398e-03,4.015469488398e+01,2.929697156502e+01,2.258103882336e+06,3.016758934067e+02,1.125456919033e+01,1.460184343709e-04
4.984645569318e-03,4.013613822114e+01,2.928828595057e+01,2.262879290027e+06,3.016753078457e+02,1.125459175871e+01,1.456673818789e-04
4.984672265962e-03,4.011756204698e+01,2.927957533792e+01,2.267668855671e+06,3.016747214331e+02,1.125461436105e+01,1.453167768563e-04
4.984698933781e-03,4.009896601255e+01,2.927083949666e+01,2.272472712058e+06,3.016741341571e+02,1.125463699779e+01,1.449666134196e-04
4.984725572452e-03,4.008035031063e+01,2.926207845024e+01,2.277290852432e+06,3.016735460233e+02,1.125465966874e+01,1.446168959075e-04
4.984752182186e-03,4.006171475939e+01,2.925329204579e+01,2.282123367055e+06,3.016729570252e+02,1.125468237413e+01,1.442676216045e-04
4.984778762994e-03,4.004305931723e+01,2.924448019602e+01,2.286970310176e+06,3.016723671608e+02,1.125470511407e+01,1.439187904433e-04
4.984805314752e-03,4.002438403611e+01,2.923564285759e+01,2.291831711915e+06,3.016717764311e+02,1.125472788850e+01,1.435704040995e-04
4.984831837841e-03,4.000568861413e+01,2.922677981937e+01,2.296707694755e+06,3.016711848260e+02,1.125475069783e+01,1.432224576591e-04
4.984858331966e-03,3.998697322501e+01,2.921789109513e+01,2.301598257507e+06,3.016705923502e+02,1.125477354189e+01,1.428749550772e-04
4.984884797181e-03,3.996823779497e+01,2.920897658112e+01,2.306503463687e+06,3.016699990008e+02,1.125479642078e+01,1.425278956895e-04
4.984911233720e-03,3.994948212365e+01,2.920003611288e+01,2.311423410279e+06,3.016694047708e+02,1.125481933479e+01,1.421812765062e-04
4.984937641559e-03,3.993070619240e+01,2.919106961199e+01,2.316358146973e+06,3.016688096589e+02,1.125484228397e+01,1.418350979155e-04
4.984964020469e-03,3.991191012886e+01,2.918207706977e+01,2.321307685135e+06,3.016682136684e+02,1.125486526819e+01,1.414893629869e-04
4.984990370875e-03,3.989309359442e+01,2.917305825422e+01,2.326272159104e+06,3.016676167880e+02,1.125488828791e+01,1.411440662190e-04
4.985016692471e-03,3.987425677165e+01,2.916401318249e+01,2.331251566136e+06,3.016670190228e+02,1.125491134292e+01,1.407992116942e-04
4.985042985581e-03,3.985539939245e+01,2.915494165522e+01,2.336246022728e+06,3.016664203636e+02,1.125493443359e+01,1.404547952366e-04
4.985069249949e-03,3.983652160475e+01,2.914584367261e+01,2.341255535563e+06,3.016658208144e+02,1.125495755977e+01,1.401108202826e-04
4.985095485839e-03,3.981762318169e+01,2.913671905413e+01,2.346280210906e+06,3.016652203674e+02,1.125498072177e+01,1.397672834325e-04
4.985121693077e-03,3.979870421244e+01,2.912756777129e+01,2.351320071353e+06,3.016646190247e+02,1.125500391951e+01,1.394241870453e-04
4.985147871940e-03,3.977976445927e+01,2.911838963723e+01,2.356375226783e+06,3.016640167780e+02,1.125502715331e+01,1.390815275524e-04
4.985174022256e-03,3.976080401084e+01,2.910918462268e+01,2.361445700325e+06,3.016634136295e+02,1.125505042310e+01,1.387393073059e-04
4.985200144105e-03,3.974182277050e+01,2.909995260829e+01,2.366531564805e+06,3.016628095754e+02,1.125507372903e+01,1.383975253018e-04
4.985226237491e-03,3.972282069843e+01,2.909069350193e+01,2.371632878104e+06,3.016622046138e+02,1.125509707118e+01,1.380561815680e-04
4.985252302581e-03,3.970379763610e+01,2.908140715321e+01,2.376749730275e+06,3.016615987389e+02,1.125512044977e+01,1.377152740101e-04
4.985278339336e-03,3.968475357247e+01,2.907209348322e+01,2.381882172036e+06,3.016609919497e+02,1.125514386486e+01,1.373748031904e-04
4.985304347690e-03,3.966568851796e+01,2.906275242335e+01,2.387030248511e+06,3.016603842458e+02,1.125516731646e+01,1.370347700477e-04
4.985330327814e-03,3.964660230934e+01,2.905338381952e+01,2.392194051963e+06,3.016597756213e+02,1.125519080480e+01,1.366951724278e-04
4.985356279512e-03,3.962749505225e+01,2.904398764927e+01,2.397373602206e+06,3.016591660789e+02,1.125521432980e+01,1.363560129651e-04
4.985382203166e-03,3.960836642651e+01,2.903456368039e+01,2.402569034718e+06,3.016585556077e+02,1.125523789187e+01,1.360172867407e-04
4.985408098503e-03,3.958921659388e+01,2.902511191747e+01,2.407780354510e+06,3.016579442120e+02,1.125526149085e+01,1.356789973888e-04
4.985433965708e-03,3.957004537892e+01,2.901563219859e+01,2.413007658461e+06,3.016573318857e+02,1.125528512699e+01,1.353411425736e-04
4.985459804783e-03,3.955085274091e+01,2.900612442786e+01,2.418251007107e+06,3.016567186267e+02,1.125530880038e+01,1.350037223507e-04
4.985485615770e-03,3.953163860816e+01,2.899658849371e+01,2.423510469706e+06,3.016561044320e+02,1.125533251112e+01,1.346667362343e-04
4.985511398555e-03,3.951240302620e+01,2.898702434241e+01,2.428786083667e+06,3.016554893023e+02,1.125535625922e+01,1.343301857921e-04
4.985537153422e-03,3.949314574361e+01,2.897743177224e+01,2.434077968116e+06,3.016548732289e+02,1.125538004499e+01,1.339940674032e-04
4.985562880222e-03,3.947386682973e+01,2.896781074064e+01,2.439386154444e+06,3.016542562133e+02,1.125540386840e+01,1.336583830630e-04
4.985588578975e-03,3.945456623067e+01,2.895816114339e+01,2.444710708123e+06,3.016536382529e+02,1.125542772955e+01,1.333231326091e-04
4.985614249828e-03,3.943524379474e+01,2.894848282694e+01,2.450051721927e+06,3.016530193424e+02,1.125545162865e+01,1.329883141917e-04
4.985639892751e-03,3.941589950262e+01,2.893877570349e+01,2.455409252406e+06,3.016523994802e+02,1.125547556577e+01,1.326539282667e-04
4.985665507801e-03,3.939653327144e+01,2.892903965305e+01,2.460783373965e+06,3.016517786630e+02,1.125549954104e+01,1.323199741930e-04
4.985691094820e-03,3.937714517857e+01,2.891927463585e+01,2.466174116790e+06,3.016511568926e+02,1.125552355440e+01,1.319864540885e-04
4.985716654237e-03,3.935773485739e+01,2.890948038808e+01,2.471581634814e+06,3.016505341565e+02,1.125554760633e+01,1.316533624457e-04
4.985742185576e-03,3.933830262724e+01,2.889965699146e+01,2.477005891295e+06,3.016499104642e+02,1.125557169649e+01,1.313207055399e-04
4.985767689408e-03,3.931884801213e+01,2.888980412557e+01,2.482447071604e+06,3.016492857996e+02,1.125559582549e+01,1.309884760221e-04
4.985793165321e-03,3.929937128240e+01,2.887992184711e+01,2.487905152931e+06,3.016486601707e+02,1.125561999303e+01,1.306566793177e-04
4.985818613662e-03,3.927987213111e+01,2.887000991986e+01,2.493380274328e+06,3.016480335669e+02,1.125564419952e+01,1.303253110006e-04
4.985844034074e-03,3.926035078844e+01,2.886006838003e+01,2.498872424435e+06,3.016474059948e+02,1.125566844473e+01,1.299943757838e-04
4.985869427060e-03,3.924080682614e+01,2.885009692834e+01,2.504381777310e+06,3.016467774400e+02,1.125569272921e+01,1.296638672168e-04
4.985894792187e-03,3.922124053296e+01,2.884009563053e+01,2.509908305416e+06,3.016461479109e+02,1.125571705264e+01,1.293337909946e-04
4.985920129962e-03,3.920165147457e+01,2.883006418265e+01,2.515452185567e+06,3.016455173929e+02,1.125574141559e+01,1.290041406061e-04
4.985945440042e-03,3.918203987254e+01,2.882000261580e+01,2.521013409524e+06,3.016448858923e+02,1.125576581783e+01,1.286749206043e-04
4.985970722616e-03,3.916240553599e+01,2.880991074946e+01,2.526592086058e+06,3.016442534022e+02,1.125579025964e+01,1.283461285991e-04
4.985995977574e-03,3.914274850626e+01,2.879978852191e+01,2.532188258374e+06,3.016436199232e+02,1.125581474098e+01,1.280177661001e-04
4.986021205205e-03,3.912306851432e+01,2.878963571121e+01,2.537802058331e+06,3.016429854458e+02,1.125583926224e+01,1.276898294412e-04
4.986046405341e-03,3.910336564462e+01,2.877945227708e+01,2.543433517427e+06,3.016423499720e+02,1.125586382335e+01,1.273623208634e-04
4.986071577959e-03,3.908363987263e+01,2.876923812283e+01,2.549082698443e+06,3.016417135002e+02,1.125588842437e+01,1.270352407800e-04
4.986096723310e-03,3.906389095466e+01,2.875899303776e+01,2.554749727290e+06,3.016410760219e+02,1.125591306565e+01,1.267085859843e-04
4.986121841241e-03,3.904411896547e+01,2.874871697575e+01,2.560434638953e+06,3.016404375386e+02,1.125593774712e+01,1.263823585518e-04
4.986146931771e-03,3.902432384481e+01,2.873840982032e+01,2.566137507400e+06,3.016397980476e+02,1.125596246890e+01,1.260565583179e-04
4.986171995188e-03,3.900450531878e+01,2.872807134314e+01,2.571858468585e+06,3.016391575393e+02,1.125598723136e+01,1.257311816221e-04
4.986197031145e-03,3.898466361639e+01,2.871770157768e+01,2.577597513685e+06,3.016385160203e+02,1.125601203427e+01,1.254062330673e-04
4.986222039942e-03,3.896479845241e+01,2.870730028856e+01,2.583354782746e+06,3.016378734806e+02,1.125603687800e+01,1.250817088207e-04
4.986247021592e-03,3.894490977014e+01,2.869686735921e+01,2.589130350155e+06,3.016372299176e+02,1.125606176268e+01,1.247576088131e-04
4.986271975887e-03,3.892499768833e+01,2.868640276487e+01,2.594924239565e+06,3.016365853343e+02,1.125608668819e+01,1.244339358237e-04
4.986296903220e-03,3.890506184493e+01,2.867590622769e+01,2.600736614827e+06,3.016359397182e+02,1.125611165501e+01,1.241106848218e-04
4.986321803263e-03,3.888510245603e+01,2.866537777351e+01,2.606567471747e+06,3.016352930756e+02,1.125613666292e+01,1.237878601686e-04
4.986346676254e-03,3.886511928161e+01,2.865481718748e+01,2.612416939500e+06,3.016346453978e+02,1.125616171225e+01,1.234654588326e-04
4.986371522287e-03,3.884511219980e+01,2.864422431638e+01,2.618285113239e+06,3.016339966800e+02,1.125618680320e+01,1.231434797180e-04
4.986396341181e-03,3.882508130564e+01,2.863359912141e+01,2.624172024817e+06,3.016333469247e+02,1.125621193569e+01,1.228219252183e-04
4.986421133032e-03,3.880502647542e+01,2.862294144756e+01,2.630077770567e+06,3.016326961269e+02,1.125623710990e+01,1.225007942054e-04
4.986445897933e-03,3.878494758294e+01,2.861225113783e+01,2.636002448070e+06,3.016320442818e+02,1.125626232604e+01,1.221800855237e-04
4.986470635960e-03,3.876484451907e+01,2.860152804371e+01,2.641946150321e+06,3.016313913850e+02,1.125628758427e+01,1.218597983046e-04
4.986495347068e-03,3.874471726931e+01,2.859077206668e+01,2.647908942661e+06,3.016307374352e+02,1.125631288466e+01,1.215399331947e-04
4.986520031198e-03,3.872456583291e+01,2.857998311530e+01,2.653890886577e+06,3.016300824315e+02,1.125633822725e+01,1.212204910541e-04
4.986544688471e-03,3.870439006055e+01,2.856916101818e+01,2.659892087991e+06,3.016294263684e+02,1.125636361226e+01,1.209014703904e-04
4.986569318924e-03,3.868418987276e+01,2.855830564076e+01,2.665912632506e+06,3.016287692423e+02,1.125638903984e+01,1.205828708306e-04
4.986593922710e-03,3.866396509228e+01,2.854741679533e+01,2.671952635307e+06,3.016281110467e+02,1.125641451023e+01,1.202646904734e-04
4.986618499443e-03,3.864371598603e+01,2.853649453299e+01,2.678012079232e+06,3.016274517895e+02,1.125644002316e+01,1.199469343969e-04
4.986643049748e-03,3.862344198768e+01,2.852553845504e+01,2.684091196719e+06,3.016267914514e+02,1.125646557936e+01,1.196295946071e-04
4.986667573078e-03,3.860314349721e+01,2.851454868403e+01,2.690189931151e+06,3.016261300445e+02,1.125649117838e+01,1.193126782613e-04
4.986692069892e-03,3.858282008385e+01,2.850352489282e+01,2.696308475529e+06,3.016254675541e+02,1.125651682080e+01,1.189961795247e-04
4.986716539882e-03,3.856247195075e+01,2.849246709717e+01,2.702446832659e+06,3.016248039858e+02,1.125654250640e+01,1.186801024596e-04
4.986740983414e-03,3.854209874225e+01,2.848137500898e+01,2.708605174133e+06,3.016241393273e+02,1.125656823567e+01,1.183644424429e-04
4.986765400285e-03,3.852170057298e+01,2.847024859529e+01,2.714783530001e+06,3.016234735814e+02,1.125659400850e+01,1.180492021617e-04
4.986789790438e-03,3.850127743906e+01,2.845908775849e+01,2.720981966329e+06,3.016228067472e+02,1.125661982495e+01,1.177343824496e-04
4.986814154262e-03,3.848082896149e+01,2.844789219528e+01,2.727200663512e+06,3.016221388114e+02,1.125664568553e+01,1.174199783781e-04
4.986838491516e-03,3.846035528825e+01,2.843666189000e+01,2.733439642316e+06,3.016214697781e+02,1.125667159009e+01,1.171059931446e-04
4.986862802212e-03,3.843985635650e+01,2.842539671132e+01,2.739698987867e+06,3.016207996442e+02,1.125669753876e+01,1.167924266920e-04
4.986887086534e-03,3.841933195719e+01,2.841409644694e+01,2.745978830395e+06,3.016201284022e+02,1.125672353184e+01,1.164792767409e-04
4.986911344348e-03,3.839878214876e+01,2.840276103118e+01,2.752279218775e+06,3.016194560530e+02,1.125674956929e+01,1.161665451032e-04
4.986935575797e-03,3.837820675559e+01,2.839139026892e+01,2.758600273940e+06,3.016187825901e+02,1.125677565139e+01,1.158542300264e-04
4.986959780814e-03,3.835760577900e+01,2.837998406218e+01,2.764942062942e+06,3.016181080126e+02,1.125680177816e+01,1.155423324550e-04
4.986983959651e-03,3.833697895058e+01,2.836854216310e+01,2.771304736295e+06,3.016174323108e+02,1.125682795000e+01,1.152308492603e-04
4.987008112035e-03,3.831632644722e+01,2.835706457017e+01,2.777688307651e+06,3.016167554898e+02,1.125685416671e+01,1.149197840461e-04
4.987032238189e-03,3.829564802127e+01,2.834555104575e+01,2.784092922088e+06,3.016160775404e+02,1.125688042867e+01,1.146091340110e-04
4.987056338034e-03,3.827494368546e+01,2.833400149644e+01,2.790518644599e+06,3.016153984623e+02,1.125690673588e+01,1.142989002840e-04
4.987080411704e-03,3.825421326833e+01,2.832241572561e+01,2.796965597725e+06,3.016147182488e+02,1.125693308862e+01,1.139890812352e-04
4.987104459156e-03,3.823345674939e+01,2.831079362037e+01,2.803433857542e+06,3.016140368986e+02,1.125695948694e+01,1.136796775035e-04
4.987128480421e-03,3.821267404569e+01,2.829913503244e+01,2.809923519954e+06,3.016133544078e+02,1.125698593100e+01,1.133706887954e-04
4.987152475617e-03,3.819186499733e+01,2.828743976972e+01,2.816434705374e+06,3.016126707705e+02,1.125701242105e+01,1.130621136857e-04
4.987176444559e-03,3.817102970638e+01,2.827570778687e+01,2.822967452664e+06,3.016119859890e+02,1.125703895699e+01,1.127539546348e-04
4.987200387573e-03,3.815016783225e+01,2.826393878882e+01,2.829521939849e+06,3.016113000513e+02,1.125706553930e+01,1.124462075603e-04
4.987224304353e-03,3.812927958348e+01,2.825213278953e+01,2.836098173010e+06,3.016106129633e+02,1.125709216777e+01,1.121388764939e-04
4.987248195277e-03,3.810836457087e+01,2.824028946483e+01,2.842696346672e+06,3.016099247113e+02,1.125711884292e+01,1.118319566690e-04
4.987272060125e-03,3.808742292711e+01,2.822840878513e+01,2.849316491426e+06,3.016092352988e+02,1.125714556464e+01,1.115254510015e-04
4.987295898917e-03,3.806645457709e+01,2.821649060283e+01,2.855958703729e+06,3.016085447224e+02,1.125717233306e+01,1.112193593470e-04
4.987319711927e-03,3.804545921877e+01,2.820453464059e+01,2.862623152485e+06,3.016078529712e+02,1.125719914862e+01,1.109136782701e-04
4.987343498813e-03,3.802443709424e+01,2.819254093025e+01,2.869309834423e+06,3.016071600522e+02,1.125722601104e+01,1.106084122634e-04
4.987367260004e-03,3.800338776463e+01,2.818050911487e+01,2.876018963126e+06,3.016064659502e+02,1.125725292093e+01,1.103035559271e-04
4.987390995258e-03,3.798231138370e+01,2.816843917521e+01,2.882750564056e+06,3.016057706691e+02,1.125727987814e+01,1.099991124725e-04
4.987414704598e-03,3.796120786824e+01,2.815633095626e+01,2.889504738513e+06,3.016050742055e+02,1.125730688282e+01,1.096950816672e-04
4.987438388314e-03,3.794007690168e+01,2.814418416829e+01,2.896281663098e+06,3.016043765478e+02,1.125733393542e+01,1.093914599396e-04
4.987462046063e-03,3.791891872620e+01,2.813199884206e+01,2.903081335779e+06,3.016036777032e+02,1.125736103568e+01,1.090882517542e-04
4.987485678260e-03,3.789773290861e+01,2.811977461910e+01,2.909903971837e+06,3.016029776563e+02,1.125738818419e+01,1.087854518922e-04
4.987509284487e-03,3.787651976363e+01,2.810751157160e+01,2.916749546373e+06,3.016022764167e+02,1.125741538059e+01,1.084830658395e-04
4.987532865222e-03,3.785527879678e+01,2.809520930380e+01,2.923618295833e+06,3.016015739671e+02,1.125744262557e+01,1.081810875386e-04
4.987556420231e-03,3.783401015644e+01,2.808286779105e+01,2.930510249648e+06,3.016008703114e+02,1.125746991898e+01,1.078795201056e-04
4.987579949578e-03,3.781271372203e+01,2.807048685253e+01,2.937425524603e+06,3.016001654447e+02,1.125749726102e+01,1.075783628253e-04
4.987603453359e-03,3.779138934275e+01,2.805806628910e+01,2.944364247873e+06,3.015994593610e+02,1.125752465193e+01,1.072776145694e-04
4.987626931514e-03,3.777003700923e+01,2.804560598336e+01,2.951326501134e+06,3.015987520591e+02,1.125755209177e+01,1.069772762117e-04
4.987650384136e-03,3.774865657174e+01,2.803310573550e+01,2.958312412260e+06,3.015980435331e+02,1.125757958077e+01,1.066773466540e-04
4.987673811212e-03,3.772724797735e+01,2.802056540161e+01,2.965322078061e+06,3.015973337801e+02,1.125760711905e+01,1.063778261656e-04
4.987697212735e-03,3.770581116872e+01,2.800798483472e+01,2.972355597222e+06,3.015966227975e+02,1.125763470673e+01,1.060787149545e-04
4.987720588900e-03,3.768434590116e+01,2.799536377717e+01,2.979413130460e+06,3.015959105760e+02,1.125766234418e+01,1.057800106282e-04
4.987743939601e-03,3.766285220527e+01,2.798270213239e+01,2.986494748620e+06,3.015951971157e+02,1.125769003139e+01,1.054817146398e-04
4.987767264926e-03,3.764132993493e+01,2.796999969926e+01,2.993600581167e+06,3.015944824108e+02,1.125771776861e+01,1.051838259864e-04
4.987790564679e-03,3.761977920295e+01,2.795725642898e+01,3.000730672526e+06,3.015937664640e+02,1.125774555573e+01,1.048863472471e-04
4.987813839146e-03,3.759819968091e+01,2.794447201141e+01,3.007885213519e+06,3.015930492635e+02,1.125777339322e+01,1.045892749111e-04
4.987837088401e-03,3.757659122960e+01,2.793164624730e+01,3.015064333100e+06,3.015923308037e+02,1.125780128132e+01,1.042926081080e-04
4.987860312262e-03,3.755495395286e+01,2.791877908116e+01,3.022268079938e+06,3.015916110869e+02,1.125782921994e+01,1.039963493018e-04
4.987883510865e-03,3.753328765491e+01,2.790587027900e+01,3.029496602802e+06,3.015908901057e+02,1.125785720938e+01,1.037004968462e-04
4.987906684143e-03,3.751159232934e+01,2.789291971892e+01,3.036749987884e+06,3.015901678590e+02,1.125788524969e+01,1.034050516925e-04
4.987929832264e-03,3.748986775162e+01,2.787992714818e+01,3.044028394824e+06,3.015894443381e+02,1.125791334121e+01,1.031100118274e-04
4.987952955108e-03,3.746811396459e+01,2.786689247321e+01,3.051331894305e+06,3.015887195435e+02,1.125794148393e+01,1.028153788803e-04
4.987976052926e-03,3.744633066272e+01,2.785381539111e+01,3.058660674472e+06,3.015879934640e+02,1.125796967831e+01,1.025211497684e-04
4.987999125526e-03,3.742451795696e+01,2.784069584811e+01,3.066014784059e+06,3.015872661024e+02,1.125799792423e+01,1.022273270490e-04
4.988022172976e-03,3.740267571204e+01,2.782753364213e+01,3.073394355108e+06,3.015865374531e+02,1.125802622194e+01,1.019339099502e-04
4.988045195431e-03,3.738080371088e+01,2.781432852089e+01,3.080799547999e+06,3.015858075078e+02,1.125805457175e+01,1.016408966199e-04
4.988068192658e-03,3.735890210496e+01,2.780108045402e+01,3.088230398890e+06,3.015850762705e+02,1.125808297353e+01,1.013482901462e-04
4.988091164970e-03,3.733697052362e+01,2.778778909485e+01,3.095687121506e+06,3.015843437279e+02,1.125811142779e+01,1.010560866402e-04
4.988114112299e-03,3.731500895986e+01,2.777445431597e+01,3.103169806813e+06,3.015836098786e+02,1.125813993461e+01,1.007642870880e-04
4.988137034685e-03,3.729301730382e+01,2.776107592701e+01,3.110678581286e+06,3.015828747181e+02,1.125816849417e+01,1.004728911067e-04
4.988159931849e-03,3.727099574956e+01,2.774765392214e+01,3.118213468028e+06,3.015821382517e+02,1.125819710627e+01,1.001819023280e-04
4.988182804444e-03,3.724894359718e+01,2.773418774996e+01,3.125774796600e+06,3.015814004549e+02,1.125822577186e+01,9.989131258844e-05
4.988205651928e-03,3.722686129442e+01,2.772067755846e+01,3.133362504124e+06,3.015806613418e+02,1.125825449043e+01,9.960112887978e-05
4.988228474552e-03,3.720474852569e+01,2.770712302897e+01,3.140976789967e+06,3.015799209006e+02,1.125828326243e+01,9.931134812691e-05
4.988251272427e-03,3.718260510971e+01,2.769352392383e+01,3.148617808217e+06,3.015791791244e+02,1.125831208814e+01,9.902196904976e-05
4.988274045352e-03,3.716043116621e+01,2.767988018967e+01,3.156285609650e+06,3.015784360159e+02,1.125834096746e+01,9.873299430219e-05
4.988296793665e-03,3.713822629141e+01,2.766619145042e+01,3.163980426580e+06,3.015776915607e+02,1.125836990097e+01,9.844441971991e-05
4.988319517027e-03,3.711599074049e+01,2.765245773531e+01,3.171702263758e+06,3.015769457662e+02,1.125839888838e+01,9.815624971668e-05
4.988342215783e-03,3.709372409984e+01,2.763867866026e+01,3.179451358504e+06,3.015761986175e+02,1.125842793030e+01,9.786848002970e-05
4.988364889796e-03,3.707142642787e+01,2.762485413202e+01,3.187227784835e+06,3.015754501154e+02,1.125845702669e+01,9.758111252468e-05
4.988387539068e-03,3.704909764538e+01,2.761098397175e+01,3.195031665128e+06,3.015747002563e+02,1.125848617770e+01,9.729414728233e-05
4.988410163735e-03,3.702673754175e+01,2.759706791819e+01,3.202863168355e+06,3.015739490320e+02,1.125851538367e+01,9.700758270631e-05
4.988432763791e-03,3.700434604513e+01,2.758310579552e+01,3.210722415655e+06,3.015731964389e+02,1.125854464475e+01,9.672141899451e-05
4.988455339207e-03,3.698192310629e+01,2.756909744148e+01,3.218609520781e+06,3.015724424743e+02,1.125857396104e+01,9.643565663368e-05
4.988477890064e-03,3.695946856567e+01,2.755504262418e+01,3.226524636891e+06,3.015716871318e+02,1.125860333281e+01,9.615029470942e-05
4.988500416299e-03,3.693698240807e+01,2.754094120141e+01,3.234467866920e+06,3.015709304098e+02,1.125863276013e+01,9.586533414856e-05
4.988522918113e-03,3.691446435440e+01,2.752679286471e+01,3.242439407654e+06,3.015701722978e+02,1.125866224343e+01,9.558077254334e-05
4.988545395320e-03,3.689191450890e+01,2.751259754560e+01,3.250439320957e+06,3.015694127981e+02,1.125869178261e+01,9.529661234032e-05
4.988567848207e-03,3.686933250373e+01,2.749835487790e+01,3.258467836688e+06,3.015686518973e+02,1.125872137822e+01,9.501285004070e-05
4.988590276543e-03,3.684671849271e+01,2.748406482338e+01,3.266525000116e+06,3.015678895995e+02,1.125875103010e+01,9.472948871680e-05
4.988612680591e-03,3.682407212688e+01,2.746972702572e+01,3.274611036097e+06,3.015671258917e+02,1.125878073877e+01,9.444652513755e-05
4.988635059937e-03,3.680139374452e+01,2.745534156288e+01,3.282725924828e+06,3.015663607842e+02,1.125881050384e+01,9.416396466020e-05
4.988657415320e-03,3.677868251555e+01,2.744090777123e+01,3.290870065086e+06,3.015655942480e+02,1.125884032645e+01,9.388179809552e-05
4.988679746166e-03,3.675593893829e+01,2.742642582957e+01,3.299043380632e+06,3.015648262987e+02,1.125887020600e+01,9.360003279811e-05
4.988702052586e-03,3.673316281976e+01,2.741189547718e+01,3.307246043494e+06,3.015640569287e+02,1.125890014280e+01,9.331866750874e-05
4.988724334881e-03,3.671035376771e+01,2.739731632490e+01,3.315478298481e+06,3.015632861235e+02,1.125893013742e+01,9.303769854144e-05
4.988746592928e-03,3.668751182436e+01,2.738268826001e+01,3.323740234620e+06,3.015625138835e+02,1.125896018986e+01,9.275712758764e-05
4.988768826640e-03,3.666463699515e+01,2.736801114603e+01,3.332031954616e+06,3.015617402077e+02,1.125899030017e+01,9.247695587112e-05
4.988791036281e-03,3.664172892345e+01,2.735328461335e+01,3.340353693139e+06,3.015609650829e+02,1.125902046888e+01,9.219718019241e-05
4.988813221578e-03,3.661878780530e+01,2.733850864669e+01,3.348705484952e+06,3.015601885145e+02,1.125905069577e+01,9.191780411357e-05
4.988835382864e-03,3.659581321119e+01,2.732368282743e+01,3.357087593034e+06,3.015594104869e+02,1.125908098148e+01,9.163882357576e-05
4.988857519883e-03,3.657280532087e+01,2.730880712896e+01,3.365500059079e+06,3.015586310050e+02,1.125911132582e+01,9.136024193815e-05
4.988879632985e-03,3.654976368273e+01,2.729388111596e+01,3.373943156147e+06,3.015578500523e+02,1.125914172945e+01,9.108205491594e-05
4.988901721801e-03,3.652668859441e+01,2.727890483741e+01,3.382416883714e+06,3.015570676378e+02,1.125917219203e+01,9.080426728388e-05
4.988923786714e-03,3.650357956981e+01,2.726387783333e+01,3.390921529448e+06,3.015562837437e+02,1.125920271425e+01,9.052687437212e-05
4.988945827604e-03,3.648043664419e+01,2.724879998131e+01,3.399457190341e+06,3.015554983701e+02,1.125923329613e+01,9.024987780431e-05
4.988967844445e-03,3.645725975864e+01,2.723367109722e+01,3.408023998606e+06,3.015547115139e+02,1.125926393781e+01,8.997327806509e-05
4.988989837318e-03,3.643404873685e+01,2.721849091956e+01,3.416622130559e+06,3.015539231677e+02,1.125929463957e+01,8.969707424381e-05
4.989011806244e-03,3.641080346896e+01,2.720325922936e+01,3.425251738760e+06,3.015531333268e+02,1.125932540162e+01,8.942126623337e-05
4.989033751235e-03,3.638752385052e+01,2.718797581043e+01,3.433912974505e+06,3.015523419864e+02,1.125935622415e+01,8.914585399688e-05
4.989055672397e-03,3.636420968036e+01,2.717264038223e+01,3.442606025888e+06,3.015515491383e+02,1.125938710749e+01,8.887083636509e-05
4.989077569736e-03,3.634086085867e+01,2.715725272986e+01,3.451331044114e+06,3.015507547781e+02,1.125941805183e+01,8.859621337865e-05
4.989099443056e-03,3.631747750548e+01,2.714181278287e+01,3.460088098814e+06,3.015499589086e+02,1.125944905707e+01,8.832198765403e-05
4.989121292654e-03,3.629405921092e+01,2.712632012034e+01,3.468877458702e+06,3.015491615147e+02,1.125948012381e+01,8.804815559596e-05
4.989143118504e-03,3.627060590875e+01,2.711077454720e+01,3.477699264736e+06,3.015483625927e+02,1.125951125220e+01,8.777471766041e-05
4.989164920549e-03,3.624711756849e+01,2.709517589151e+01,3.486553645072e+06,3.015475621406e+02,1.125954244234e+01,8.750167471661e-05
4.989186698800e-03,3.622359408412e+01,2.707952393059e+01,3.495440757008e+06,3.015467601534e+02,1.125957369442e+01,8.722902675296e-05
4.989208453490e-03,3.620003510930e+01,2.706381828080e+01,3.504360849586e+06,3.015459566181e+02,1.125960500898e+01,8.695677099367e-05
4.989230184309e-03,3.617644088698e+01,2.704805895039e+01,3.513313949639e+06,3.015451515418e+02,1.125963638574e+01,8.668491147874e-05
4.989251891697e-03,3.615281084328e+01,2.703224540156e+01,3.522300394538e+06,3.015443449036e+02,1.125966782554e+01,8.641344283751e-05
4.989273575162e-03,3.612914541798e+01,2.701637777363e+01,3.531320137297e+06,3.015435367173e+02,1.125969932783e+01,8.614237136002e-05
4.989295235245e-03,3.610544392472e+01,2.700045545065e+01,3.540373560503e+06,3.015427269583e+02,1.125973089361e+01,8.587169042583e-05
4.989316871554e-03,3.608170669670e+01,2.698447849999e+01,3.549460658703e+06,3.015419156365e+02,1.125976252249e+01,8.560140509179e-05
4.989338484531e-03,3.605793314928e+01,2.696844637091e+01,3.558581778276e+06,3.015411027308e+02,1.125979421530e+01,8.533150995615e-05
4.989360073836e-03,3.603412356074e+01,2.695235909313e+01,3.567736935829e+06,3.015402882495e+02,1.125982597174e+01,8.506200944043e-05
4.989381639723e-03,3.601027755173e+01,2.693621625188e+01,3.576926401242e+06,3.015394721782e+02,1.125985779238e+01,8.479290050684e-05
4.989403182014e-03,3.598639522079e+01,2.692001775469e+01,3.586150261338e+06,3.015386545191e+02,1.125988967714e+01,8.452418552905e-05
4.989424700831e-03,3.596247633351e+01,2.690376328283e+01,3.595408732139e+06,3.015378352630e+02,1.125992162640e+01,8.425586312681e-05
4.989446196380e-03,3.593852056015e+01,2.688745245142e+01,3.604702067776e+06,3.015370143971e+02,1.125995364068e+01,8.398793088207e-05
4.989467668342e-03,3.591452815579e+01,2.687108527285e+01,3.614030296447e+06,3.015361919289e+02,1.125998571967e+01,8.372039292030e-05
4.989489117148e-03,3.589049853872e+01,2.685466118822e+01,3.623393772301e+06,3.015353678373e+02,1.126001786424e+01,8.345324403574e-05
4.989510542309e-03,3.586643215288e+01,2.683818033836e+01,3.632792451053e+06,3.015345421361e+02,1.126005007384e+01,8.318649044018e-05
4.989531944355e-03,3.584232830429e+01,2.682164208470e+01,3.642226733198e+06,3.015337148002e+02,1.126008234947e+01,8.292012572117e-05
4.989553323004e-03,3.581818720484e+01,2.680504640835e+01,3.651696666280e+06,3.015328858356e+02,1.126011469091e+01,8.265415351726e-05
4.989574678493e-03,3.579400848476e+01,2.678839289023e+01,3.661202526547e+06,3.015320552282e+02,1.126014709872e+01,8.238857104878e-05
4.989596010586e-03,3.576979230609e+01,2.677168147644e+01,3.670744382279e+06,3.015312229824e+02,1.126017957275e+01,8.212338138946e-05
4.989617319460e-03,3.574553836652e+01,2.675491179231e+01,3.680322485302e+06,3.015303890864e+02,1.126021211346e+01,8.185858251866e-05
4.989638605181e-03,3.572124648225e+01,2.673808354370e+01,3.689937041912e+06,3.015295535326e+02,1.126024472117e+01,8.159417373721e-05
4.989659867877e-03,3.569691640361e+01,2.672119638964e+01,3.699588285628e+06,3.015287163109e+02,1.126027739628e+01,8.133015364888e-05
4.989681107093e-03,3.567254854469e+01,2.670425044943e+01,3.709276187378e+06,3.015278774344e+02,1.126031013829e+01,8.106652804514e-05
4.989702323412e-03,3.564814212970e+01,2.668724501456e+01,3.719001191712e+06,3.015270368750e+02,1.126034294832e+01,8.080328984018e-05
4.989723516513e-03,3.562369742055e+01,2.667018009751e+01,3.728763331447e+06,3.015261946404e+02,1.126037582608e+01,8.054044318512e-05
4.989744686619e-03,3.559921405128e+01,2.665305527226e+01,3.738562890645e+06,3.015253507166e+02,1.126040877212e+01,8.027798546407e-05
4.989765833671e-03,3.557469198283e+01,2.663587034008e+01,3.748400023822e+06,3.015245051008e+02,1.126044178657e+01,8.001591758966e-05
4.989786957635e-03,3.555013114450e+01,2.661862507949e+01,3.758274898981e+06,3.015236577893e+02,1.126047486959e+01,7.975424013075e-05
4.989808058716e-03,3.552553118758e+01,2.660131907277e+01,3.768187796965e+06,3.015228087687e+02,1.126050802171e+01,7.949295070918e-05
4.989829136548e-03,3.550089243099e+01,2.658395237104e+01,3.778138730594e+06,3.015219580487e+02,1.126054124258e+01,7.923205403785e-05
4.989850191737e-03,3.547621405259e+01,2.656652422051e+01,3.788128174330e+06,3.015211055994e+02,1.126057453336e+01,7.897154275416e-05
4.989871223921e-03,3.545149636581e+01,2.654903466721e+01,3.798156144823e+06,3.015202514302e+02,1.126060789370e+01,7.871142152784e-05
4.989892233061e-03,3.542673930421e+01,2.653148348877e+01,3.808222813023e+06,3.015193955376e+02,1.126064132377e+01,7.845169099158e-05
4.989913219438e-03,3.540194242395e+01,2.651387019412e+01,3.818328504516e+06,3.015185379047e+02,1.126067482422e+01,7.819234783867e-05
4.989934182952e-03,3.537710572922e+01,2.649619460889e+01,3.828473363771e+06,3.015176785303e+02,1.126070839512e+01,7.793339347597e-05
4.989955123636e-03,3.535222906708e+01,2.647845644634e+01,3.838657600251e+06,3.015168174077e+02,1.126074203674e+01,7.767482766733e-05
4.989976041439e-03,3.532731238352e+01,2.646065548941e+01,3.848881383942e+06,3.015159545337e+02,1.126077574924e+01,7.741665120864e-05
4.989996936611e-03,3.530235526641e+01,2.644279126412e+01,3.859145032935e+06,3.015150898924e+02,1.126080953323e+01,7.715886120138e-05
4.990017808906e-03,3.527735789121e+01,2.642486371589e+01,3.869448624965e+06,3.015142234887e+02,1.126084338854e+01,7.690146083048e-05
4.990038658482e-03,3.525231995260e+01,2.640687244500e+01,3.879792436614e+06,3.015133553104e+02,1.126087731567e+01,7.664444831827e-05
4.990059485464e-03,3.522724118397e+01,2.638881707801e+01,3.890176729973e+06,3.015124853469e+02,1.126091131504e+01,7.638782231529e-05
4.990080289589e-03,3.520212178298e+01,2.637069757493e+01,3.900601575932e+06,3.015116136036e+02,1.126094538645e+01,7.613158622153e-05
4.990101071174e-03,3.517696125055e+01,2.635251339269e+01,3.911067335351e+06,3.015107400618e+02,1.126097953065e+01,7.587573632754e-05
4.990121830112e-03,3.515175915720e+01,2.633426403652e+01,3.921574311460e+06,3.015098647058e+02,1.126101374827e+01,7.561701811575e-05
4.990142566528e-03,3.512651370996e+01,2.631594802621e+01,3.932123299712e+06,3.015089874745e+02,1.126104804172e+01,7.535068894269e-05
4.990163280223e-03,3.510122352691e+01,2.629756416485e+01,3.942714920232e+06,3.015081083208e+02,1.126108241285e+01,7.508175294710e-05
4.990183971350e-03,3.507588771696e+01,2.627911156086e+01,3.953349647646e+06,3.015072272133e+02,1.126111686292e+01,7.481215174655e-05
4.990204640019e-03,3.505050580256e+01,2.626058960239e+01,3.964027807700e+06,3.015063441342e+02,1.126115139264e+01,7.454263681632e-05
4.990225286213e-03,3.502507759785e+01,2.624199788164e+01,3.974749613725e+06,3.015054590754e+02,1.126118600234e+01,7.427349833619e-05
4.990245909915e-03,3.499960297481e+01,2.622333602941e+01,3.985515259160e+06,3.015045720311e+02,1.126122069229e+01,7.400484773832e-05
4.990266511082e-03,3.497408185774e+01,2.620460371310e+01,3.996324917620e+06,3.015036829969e+02,1.126125546268e+01,7.373672723484e-05
4.990287089758e-03,3.494851406710e+01,2.618580052278e+01,4.007178808182e+06,3.015027919651e+02,1.126129031382e+01,7.346915177721e-05
4.990307646107e-03,3.492289928208e+01,2.616692594328e+01,4.018077211405e+06,3.015018989227e+02,1.126132524624e+01,7.320212556116e-05
4.990328180236e-03,3.489723724651e+01,2.614797950546e+01,4.029020381960e+06,3.015010038592e+02,1.126136026038e+01,7.293564944356e-05
4.990348691680e-03,3.487152842262e+01,2.612896127033e+01,4.040008268918e+06,3.015001067892e+02,1.126139535570e+01,7.266972438488e-05
4.990369180999e-03,3.484577198676e+01,2.610987034748e+01,4.051041371548e+06,3.014992076821e+02,1.126143053341e+01,7.240434763626e-05
4.990389648000e-03,3.481996806236e+01,2.609070654613e+01,4.062119785558e+06,3.014983065407e+02,1.126146579341e+01,7.213951839098e-05
4.990410092664e-03,3.479411654783e+01,2.607146950831e+01,4.073243703838e+06,3.014974033597e+02,1.126150113595e+01,7.187523561320e-05
4.990430514944e-03,3.476821738185e+01,2.605215890541e+01,4.084413302905e+06,3.014964981353e+02,1.126153656120e+01,7.161149792981e-05
4.990450915294e-03,3.474226986411e+01,2.603277393094e+01,4.095629036338e+06,3.014955908415e+02,1.126157207019e+01,7.134830274747e-05
4.990471293106e-03,3.471627464249e+01,2.601331478430e+01,4.106890776421e+06,3.014946814990e+02,1.126160766213e+01,7.108565062612e-05
4.990491648762e-03,3.469023110472e+01,2.599378072231e+01,4.118198941419e+06,3.014937700849e+02,1.126164333794e+01,7.082353902236e-05
4.990511982533e-03,3.466413877977e+01,2.597417110501e+01,4.129553890610e+06,3.014928565810e+02,1.126167909837e+01,7.056196576873e-05
4.990532293858e-03,3.463799825589e+01,2.595448608777e+01,4.140955523391e+06,3.014919410061e+02,1.126171494270e+01,7.030093141587e-05
4.990552583233e-03,3.461180877048e+01,2.593472480907e+01,4.152404328673e+06,3.014910233318e+02,1.126175087205e+01,7.004043350958e-05
4.990572850307e-03,3.458557064797e+01,2.591488722555e+01,4.163900322087e+06,3.014901035678e+02,1.126178688607e+01,6.978047158115e-05
4.990593095567e-03,3.455928312631e+01,2.589497247204e+01,4.175443996128e+06,3.014891816857e+02,1.126182298591e+01,6.952104302800e-05
4.990613318615e-03,3.453294659188e+01,2.587498055139e+01,4.187035340862e+06,3.014882576973e+02,1.126185917111e+01,6.926214785959e-05
4.990633519676e-03,3.450656062211e+01,2.585491085266e+01,4.198674702804e+06,3.014873315860e+02,1.126189544236e+01,6.900378438050e-05
4.990653698756e-03,3.448012507679e+01,2.583476297795e+01,4.210362305637e+06,3.014864033451e+02,1.126193179993e+01,6.874595135302e-05
4.990673855890e-03,3.445363977608e+01,2.581453649822e+01,4.222098391790e+06,3.014854729667e+02,1.126196824416e+01,6.848864771001e-05
4.990693990902e-03,3.442710481860e+01,2.579423119640e+01,4.233883081342e+06,3.014845404524e+02,1.126200477501e+01,6.823187282284e-05
4.990714104201e-03,3.440051952977e+01,2.577384626279e+01,4.245716839002e+06,3.014836057767e+02,1.126204139351e+01,6.797562437128e-05
4.990734195444e-03,3.437388422888e+01,2.575338164793e+01,4.257599688907e+06,3.014826689491e+02,1.126207809929e+01,6.771990227995e-05
4.990754264863e-03,3.434719847352e+01,2.573283671716e+01,4.269531995587e+06,3.014817299524e+02,1.126211489307e+01,6.746470485616e-05
4.990774312523e-03,3.432046203707e+01,2.571221100000e+01,4.281514029010e+06,3.014807887766e+02,1.126215177525e+01,6.721003096592e-05
4.990794338150e-03,3.429367514836e+01,2.569150437672e+01,4.293545856061e+06,3.014798454282e+02,1.126218874561e+01,6.695588055832e-05
4.990814342022e-03,3.426683729894e+01,2.567071615732e+01,4.305627875648e+06,3.014788998874e+02,1.126222580494e+01,6.670225169409e-05
4.990834324236e-03,3.423994821743e+01,2.564984583318e+01,4.317760382052e+06,3.014779521428e+02,1.126226295371e+01,6.644914304056e-05
4.990854284513e-03,3.421300813795e+01,2.562889328732e+01,4.329943442619e+06,3.014770022009e+02,1.126230019170e+01,6.619655454989e-05
4.990874223197e-03,3.418601645829e+01,2.560785775179e+01,4.342177503876e+06,3.014760500386e+02,1.126233751982e+01,6.594448436298e-05
4.990894140001e-03,3.415897342295e+01,2.558673911679e+01,4.354462630376e+06,3.014750956628e+02,1.126237493784e+01,6.569293224525e-05
4.990914035362e-03,3.413187829701e+01,2.556553650703e+01,4.366799332695e+06,3.014741390457e+02,1.126241244687e+01,6.544189613259e-05
4.990933908812e-03,3.410473157254e+01,2.554425000556e+01,4.379187564609e+06,3.014731802029e+02,1.126245004632e+01,6.519137662413e-05
4.990953760659e-03,3.407753268626e+01,2.552287886831e+01,4.391627761920e+06,3.014722191125e+02,1.126248773707e+01,6.494137187613e-05
4.990973591000e-03,3.405028135925e+01,2.550142257218e+01,4.404120232669e+06,3.014712557630e+02,1.126252551960e+01,6.469188054431e-05
4.990993399777e-03,3.402297752516e+01,2.547988076017e+01,4.416665188964e+06,3.014702901501e+02,1.126256339410e+01,6.444290232645e-05
4.991013186622e-03,3.399562154534e+01,2.545825341287e+01,4.429262647076e+06,3.014693222847e+02,1.126260136016e+01,6.419443747451e-05
4.991032952343e-03,3.396821215296e+01,2.543653922252e+01,4.441913374461e+06,3.014683521201e+02,1.126263941965e+01,6.394648257813e-05
4.991052696262e-03,3.394075014175e+01,2.541473851073e+01,4.454617190250e+06,3.014673796826e+02,1.126267757155e+01,6.369903877247e-05
4.991072418873e-03,3.391323467509e+01,2.539285030583e+01,4.467374667888e+06,3.014664049406e+02,1.126271581713e+01,6.345210403713e-05
4.991092119860e-03,3.388566604201e+01,2.537087452910e+01,4.480185861271e+06,3.014654279026e+02,1.126275415608e+01,6.320567853066e-05
4.991111799435e-03,3.385804379541e+01,2.534881051503e+01,4.493051167153e+06,3.014644485507e+02,1.126279258913e+01,6.295976089608e-05
4.991131457646e-03,3.383036771533e+01,2.532665777748e+01,4.505970878594e+06,3.014634668753e+02,1.126283111667e+01,6.271435032377e-05
4.991151094250e-03,3.380263799344e+01,2.530441615918e+01,4.518945097698e+06,3.014624828813e+02,1.126286973855e+01,6.246944688604e-05
4.991170709576e-03,3.377485401075e+01,2.528208485202e+01,4.531974307040e+06,3.014614965447e+02,1.126290845572e+01,6.222504868604e-05
4.991190303647e-03,3.374701557903e+01,2.525966339151e+01,4.545058789657e+06,3.014605078570e+02,1.126294726854e+01,6.198115496282e-05
4.991209876162e-03,3.371912297020e+01,2.523715168342e+01,4.558198613387e+06,3.014595168259e+02,1.126298617674e+01,6.173776607523e-05
4.991229427519e-03,3.369117546414e+01,2.521454883237e+01,4.571394314535e+06,3.014585234239e+02,1.126302518142e+01,6.149488010321e-05
4.991248957578e-03,3.366317310030e+01,2.519185455470e+01,4.584646073269e+06,3.014575276504e+02,1.126306428263e+01,6.125249686224e-05
4.991268466213e-03,3.363511590362e+01,2.516906855500e+01,4.597954077481e+06,3.014565295043e+02,1.126310348043e+01,6.101061617710e-05
4.991287953739e-03,3.360700326219e+01,2.514619001950e+01,4.611318818743e+06,3.014555289620e+02,1.126314277579e+01,6.076923631431e-05
4.991307420072e-03,3.357883513746e+01,2.512321859872e+01,4.624740518390e+06,3.014545260201e+02,1.126318216885e+01,6.052835702253e-05
4.991326864971e-03,3.355061171729e+01,2.510015412785e+01,4.638219290799e+06,3.014535206833e+02,1.126322165946e+01,6.028797845405e-05
4.991346288974e-03,3.352233206075e+01,2.507699551843e+01,4.651755791045e+06,3.014525129161e+02,1.126326124903e+01,6.004809826859e-05
4.991365691670e-03,3.349399660191e+01,2.505374280541e+01,4.665350018644e+06,3.014515027320e+02,1.126330093707e+01,5.980871720329e-05
4.991385073234e-03,3.346560492438e+01,2.503039532641e+01,4.679002381686e+06,3.014504901142e+02,1.126334072426e+01,5.956983430983e-05
4.991404433691e-03,3.343715682534e+01,2.500695259275e+01,4.692713187743e+06,3.014494750533e+02,1.126338061098e+01,5.933144881728e-05
4.991423773105e-03,3.340865204984e+01,2.498341407150e+01,4.706482771294e+06,3.014484575384e+02,1.126342059770e+01,5.909355999970e-05
4.991443091421e-03,3.338009050991e+01,2.495977936642e+01,4.720311387897e+06,3.014474375641e+02,1.126346068465e+01,5.885616760150e-05
4.991462388606e-03,3.335147208938e+01,2.493604805729e+01,4.734199308161e+06,3.014464151244e+02,1.126350087210e+01,5.861927111773e-05
4.991481664986e-03,3.332279613700e+01,2.491221927851e+01,4.748147064423e+06,3.014453901940e+02,1.126354116106e+01,5.838286904355e-05
4.991500920150e-03,3.329406309619e+01,2.488829307252e+01,4.762154658650e+06,3.014443627866e+02,1.126358155103e+01,5.814696229598e-05
4.991520154345e-03,3.326527243145e+01,2.486426866704e+01,4.776222570762e+06,3.014433328811e+02,1.126362204284e+01,5.791154947466e-05
4.991539367790e-03,3.323642364121e+01,2.484014531525e+01,4.790351266963e+06,3.014423004574e+02,1.126366263733e+01,5.767662920591e-05
4.991558560210e-03,3.320751697025e+01,2.481592289303e+01,4.804540849920e+06,3.014412655222e+02,1.126370333426e+01,5.744220211472e-05
4.991577731717e-03,3.317855207582e+01,2.479160078404e+01,4.818791711715e+06,3.014402280613e+02,1.126374413420e+01,5.720826768634e-05
4.991596882177e-03,3.314952899091e+01,2.476717868622e+01,4.833104061450e+06,3.014391880736e+02,1.126378503723e+01,5.697482567475e-05
4.991616012051e-03,3.312044684245e+01,2.474265553356e+01,4.847478557107e+06,3.014381455258e+02,1.126382604468e+01,5.674187400935e-05
4.991635120989e-03,3.309130598738e+01,2.471803129474e+01,4.861915251465e+06,3.014371004286e+02,1.126386715616e+01,5.650941356405e-05
4.991654208986e-03,3.306210625788e+01,2.469330549586e+01,4.876414457872e+06,3.014360527739e+02,1.126390837201e+01,5.627744412419e-05
4.991673276260e-03,3.303284714692e+01,2.466847737422e+01,4.890976660279e+06,3.014350025413e+02,1.126394969307e+01,5.604596431871e-05
4.991692322901e-03,3.300352833829e+01,2.464354632667e+01,4.905602250368e+06,3.014339497174e+02,1.126399111987e+01,5.581497348563e-05
4.991711348572e-03,3.297415017083e+01,2.461851230645e+01,4.920291294670e+06,3.014328943123e+02,1.126403265207e+01,5.558447246133e-05
4.991730353613e-03,3.294471194449e+01,2.459337438146e+01,4.935044380412e+06,3.014318362985e+02,1.126407429075e+01,5.535445964522e-05
4.991749338103e-03,3.291521335489e+01,2.456813195439e+01,4.949861899739e+06,3.014307756631e+02,1.126411603646e+01,5.512493445608e-05
4.991768301617e-03,3.288565488245e+01,2.454278509926e+01,4.964743852039e+06,3.014297124211e+02,1.126415788863e+01,5.489589803538e-05
4.991787244698e-03,3.285603550122e+01,2.451733259819e+01,4.979690996461e+06,3.014286465335e+02,1.126419984883e+01,5.466734823204e-05
4.991806167025e-03,3.282635552830e+01,2.449177438432e+01,4.994703417709e+06,3.014275780095e+02,1.126424191671e+01,5.443928556340e-05
4.991825068874e-03,3.279661434836e+01,2.446610958783e+01,5.009781673429e+06,3.014265068248e+02,1.126428409327e+01,5.421170899043e-05
4.991843949985e-03,3.276681218892e+01,2.444033806450e+01,5.024925896456e+06,3.014254329853e+02,1.126432637829e+01,5.398461910713e-05
4.991862810558e-03,3.273694854641e+01,2.441445903779e+01,5.040136592542e+06,3.014243564707e+02,1.126436877260e+01,5.375801490800e-05
4.991881650614e-03,3.270702320328e+01,2.438847197684e+01,5.055414124550e+06,3.014232772710e+02,1.126441127663e+01,5.353189584738e-05
4.991900470197e-03,3.267703590350e+01,2.436237631616e+01,5.070758877178e+06,3.014221953747e+02,1.126445389084e+01,5.330626156645e-05
4.991919269202e-03,3.264698662659e+01,2.433617169439e+01,5.086171116610e+06,3.014211107788e+02,1.126449661539e+01,5.308111224032e-05
4.991938047743e-03,3.261687500162e+01,2.430985744378e+01,5.101651290698e+06,3.014200234678e+02,1.126453945092e+01,5.285644724024e-05
4.991956805790e-03,3.258670088755e+01,2.428343309602e+01,5.117199731555e+06,3.014189334342e+02,1.126458239774e+01,5.263226625442e-05
4.991975543486e-03,3.255646386361e+01,2.425689793663e+01,5.132816917719e+06,3.014178406606e+02,1.126462545657e+01,5.240856847571e-05
4.991994260814e-03,3.252616376614e+01,2.423025147501e+01,5.148503197586e+06,3.014167451388e+02,1.126466862776e+01,5.218535392977e-05
4.992012957485e-03,3.249580087281e+01,2.420349360872e+01,5.164258692649e+06,3.014156468767e+02,1.126471191103e+01,5.196262330504e-05
4.992031634112e-03,3.246537399439e+01,2.417662294155e+01,5.180084287782e+06,3.014145458288e+02,1.126475530819e+01,5.174037422019e-05
4.992050290205e-03,3.243488373423e+01,2.414963965723e+01,5.195979939189e+06,3.014134420148e+02,1.126479881850e+01,5.151860811582e-05
4.992068925965e-03,3.240432957171e+01,2.412254294624e+01,5.211946189739e+06,3.014123354134e+02,1.126484244282e+01,5.129732419688e-05
4.992087541502e-03,3.237371112962e+01,2.409533212378e+01,5.227983510605e+06,3.014112260088e+02,1.126488618180e+01,5.107652170028e-05
4.992106136736e-03,3.234302834150e+01,2.406800677991e+01,5.244092212763e+06,3.014101137961e+02,1.126493003567e+01,5.085620070152e-05
4.992124711732e-03,3.231228090509e+01,2.404056629407e+01,5.260272733103e+06,3.014089987621e+02,1.126497400497e+01,5.063636092123e-05
4.992143266379e-03,3.228146880591e+01,2.401301030161e+01,5.276525359437e+06,3.014078809040e+02,1.126501808984e+01,5.041700241647e-05
4.992161801035e-03,3.225059124931e+01,2.398533773884e+01,5.292850793716e+06,3.014067601905e+02,1.126506229153e+01,5.019812380976e-05
4.992180315307e-03,3.221964868847e+01,2.395754865856e+01,5.309249081193e+06,3.014056366357e+02,1.126510660953e+01,4.997972637073e-05
4.992198809449e-03,3.218864050259e+01,2.392964214981e+01,5.325720837606e+06,3.014045102148e+02,1.126515104484e+01,4.976180918153e-05
4.992217283361e-03,3.215756665436e+01,2.390161782464e+01,5.342266371997e+06,3.014033809240e+02,1.126519559764e+01,4.954437208419e-05
4.992235737381e-03,3.212642637277e+01,2.387347463217e+01,5.358886386784e+06,3.014022487328e+02,1.126524026915e+01,4.932741375390e-05
4.992254171144e-03,3.209522006928e+01,2.384521258834e+01,5.375580956456e+06,3.014011136539e+02,1.126528505890e+01,4.911093550569e-05
4.992272584741e-03,3.206394738837e+01,2.381683101572e+01,5.392350566992e+06,3.013999756719e+02,1.126532996754e+01,4.889493690454e-05
4.992290978450e-03,3.203260764946e+01,2.378832893959e+01,5.409195882143e+06,3.013988347596e+02,1.126537499615e+01,4.867941663330e-05
4.992309352096e-03,3.200120094725e+01,2.375970608831e+01,5.426117152343e+06,3.013976909181e+02,1.126542014473e+01,4.846437531761e-05
4.992327705576e-03,3.196972724755e+01,2.373096207348e+01,5.443114699116e+06,3.013965441437e+02,1.126546541344e+01,4.824981330389e-05
4.992346039184e-03,3.193818584061e+01,2.370209588864e+01,5.460189211603e+06,3.013953944080e+02,1.126551080344e+01,4.803572935088e-05
4.992364352740e-03,3.190657682793e+01,2.367310726775e+01,5.477340943335e+06,3.013942417123e+02,1.126555631471e+01,4.782212379790e-05
4.992382646468e-03,3.187489960927e+01,2.364399530089e+01,5.494570530985e+06,3.013930860322e+02,1.126560194823e+01,4.760899581003e-05
4.992400920218e-03,3.184315423715e+01,2.361475967634e+01,5.511878259577e+06,3.013919273673e+02,1.126564770405e+01,4.739634598444e-05
4.992419173949e-03,3.181134056937e+01,2.358539990348e+01,5.529264522291e+06,3.013907657097e+02,1.126569358250e+01,4.718417445225e-05
4.992437407833e-03,3.177945809627e+01,2.355591515157e+01,5.546729916084e+06,3.013896010385e+02,1.126573958445e+01,4.697248026361e-05
4.992455621907e-03,3.174750653734e+01,2.352630479989e+01,5.564274916011e+06,3.013884333408e+02,1.126578571043e+01,4.676126283718e-05
4.992473816206e-03,3.171548561607e+01,2.349656823035e+01,5.581899997993e+06,3.013872626040e+02,1.126583196096e+01,4.655052159670e-05
4.992491990555e-03,3.168339542669e+01,2.346670516892e+01,5.599605436488e+06,3.013860888290e+02,1.126587833603e+01,4.634025554475e-05
4.992510145129e-03,3.165123543918e+01,2.343671476061e+01,5.617391852613e+06,3.013849119940e+02,1.126592483655e+01,4.613045838285e-05
4.992528279899e-03,3.161900548002e+01,2.340659648128e+01,5.635259673233e+06,3.013837320900e+02,1.126597146289e+01,4.592111165558e-05
4.992546395011e-03,3.158670506340e+01,2.337634951406e+01,5.653209501327e+06,3.013825490968e+02,1.126601821587e+01,4.571223056202e-05
4.992564490331e-03,3.155433420641e+01,2.334597351151e+01,5.671241664447e+06,3.013813630124e+02,1.126606509561e+01,4.550382352707e-05
4.992582565922e-03,3.152189257281e+01,2.331546779457e+01,5.689356689847e+06,3.013801738218e+02,1.126611210272e+01,4.529589273213e-05
4.992600621789e-03,3.148937993497e+01,2.328483178524e+01,5.707555047605e+06,3.013789815142e+02,1.126615923766e+01,4.508843868966e-05
4.992618658075e-03,3.145679581378e+01,2.325406466751e+01,5.725837352053e+06,3.013777860694e+02,1.126620650127e+01,4.488146105221e-05
4.992636674532e-03,3.142414043605e+01,2.322316629136e+01,5.744203824688e+06,3.013765874931e+02,1.126625389333e+01,4.467496058723e-05
4.992654671536e-03,3.139141289522e+01,2.319213543423e+01,5.762655327339e+06,3.013753857493e+02,1.126630141529e+01,4.446893573259e-05
4.992672648929e-03,3.135861325375e+01,2.316097178990e+01,5.781192180148e+06,3.013741808378e+02,1.126634906721e+01,4.426338693296e-05
4.992690606771e-03,3.132574117850e+01,2.312967467667e+01,5.799814929513e+06,3.013729727437e+02,1.126639684970e+01,4.405831429220e-05
4.992708544792e-03,3.129279693823e+01,2.309824398611e+01,5.818523783781e+06,3.013717614742e+02,1.126644476249e+01,4.385371870988e-05
4.992726463458e-03,3.125977945073e+01,2.306667832072e+01,5.837319721622e+06,3.013705469868e+02,1.126649280730e+01,4.364959818317e-05
4.992744362596e-03,3.122668880780e+01,2.303497740231e+01,5.856203058641e+06,3.013693292822e+02,1.126654098413e+01,4.344595309774e-05
4.992762242272e-03,3.119352465332e+01,2.300314052429e+01,5.875174368766e+06,3.013681083446e+02,1.126658929363e+01,4.324278341640e-05
4.992780102319e-03,3.116028707447e+01,2.297116740541e+01,5.894233975749e+06,3.013668841746e+02,1.126663773581e+01,4.304008974032e-05
4.992797943014e-03,3.112697532082e+01,2.293905695861e+01,5.913382686982e+06,3.013656567417e+02,1.126668631189e+01,4.283787090386e-05
4.992815764259e-03,3.109358934592e+01,2.290680877350e+01,5.932620909905e+06,3.013644260416e+02,1.126673502209e+01,4.263612714313e-05
4.992833566078e-03,3.106012887198e+01,2.287442221663e+01,5.951949188403e+06,3.013631920613e+02,1.126678386694e+01,4.243485838945e-05
4.992851348545e-03,3.102659352510e+01,2.284189656085e+01,5.971368125847e+06,3.013619547841e+02,1.126683284712e+01,4.223406440633e-05
4.992869111575e-03,3.099298323493e+01,2.280923137305e+01,5.990878153685e+06,3.013607142049e+02,1.126688196288e+01,4.203374560004e-05
4.992886855171e-03,3.095929775905e+01,2.277642605330e+01,6.010479806543e+06,3.013594703118e+02,1.126693121471e+01,4.183390181135e-05
4.992904579621e-03,3.092553631494e+01,2.274347947451e+01,6.030173937843e+06,3.013582230732e+02,1.126698060389e+01,4.163453189322e-05
4.992922284569e-03,3.089169934460e+01,2.271039170364e+01,6.049960691144e+06,3.013569725026e+02,1.126703012992e+01,4.143563706099e-05
4.992939970474e-03,3.085778573200e+01,2.267716128497e+01,6.069841124251e+06,3.013557185560e+02,1.126707979455e+01,4.123721579620e-05
4.992957636864e-03,3.082379614563e+01,2.264378850968e+01,6.089815254045e+06,3.013544612552e+02,1.126712959697e+01,4.103926991421e-05
4.992975284056e-03,3.078972973500e+01,2.261027217988e+01,6.109883992290e+06,3.013532005660e+02,1.126717953854e+01,4.084179818492e-05
4.992992912129e-03,3.075558610816e+01,2.257661154611e+01,6.130047986573e+06,3.013519364710e+02,1.126722962000e+01,4.064480015993e-05
4.993010520914e-03,3.072136535056e+01,2.254280632975e+01,6.150307606595e+06,3.013506689706e+02,1.126727984134e+01,4.044827662087e-05
4.993028110505e-03,3.068706703650e+01,2.250885574820e+01,6.170663528145e+06,3.013493980460e+02,1.126733020335e+01,4.025222731751e-05
4.993045680916e-03,3.065269090082e+01,2.247475917714e+01,6.191116336471e+06,3.013481236846e+02,1.126738070654e+01,4.005665210194e-05
4.993063232253e-03,3.061823648729e+01,2.244051580240e+01,6.211666735084e+06,3.013468458666e+02,1.126743135173e+01,3.986155057497e-05
4.993080764421e-03,3.058370374111e+01,2.240612520855e+01,6.232315192709e+06,3.013455645871e+02,1.126748213916e+01,3.966692320902e-05
4.993098277456e-03,3.054909234390e+01,2.237158671847e+01,6.253062339596e+06,3.013442798312e+02,1.126753306941e+01,3.947276992009e-05
4.993115771430e-03,3.051440190717e+01,2.233689958482e+01,6.273908852821e+06,3.013429915818e+02,1.126758414322e+01,3.927909032694e-05
4.993133246472e-03,3.047963193104e+01,2.230206294809e+01,6.294855481647e+06,3.013416998172e+02,1.126763536146e+01,3.908588415921e-05
4.993150702205e-03,3.044478291406e+01,2.226707695002e+01,6.315902378071e+06,3.013404045530e+02,1.126768672355e+01,3.889315297448e-05
4.993168139041e-03,3.040985379004e+01,2.223194016313e+01,6.337050642640e+06,3.013391057467e+02,1.126773823119e+01,3.870089502824e-05
4.993185557052e-03,3.037484415878e+01,2.219665182682e+01,6.358300979949e+06,3.013378033804e+02,1.126778988513e+01,3.850911005922e-05
4.993202955809e-03,3.033975463539e+01,2.216121220548e+01,6.379653482244e+06,3.013364974739e+02,1.126784168460e+01,3.831779992652e-05
4.993220335802e-03,3.030458398366e+01,2.212561969571e+01,6.401109371940e+06,3.013351879783e+02,1.126789363157e+01,3.812696283133e-05
4.993237696840e-03,3.026933233088e+01,2.208987407137e+01,6.422669046905e+06,3.013338748952e+02,1.126794572600e+01,3.793659964641e-05
4.993255038724e-03,3.023399983520e+01,2.205397514054e+01,6.444332889311e+06,3.013325582276e+02,1.126799796781e+01,3.774671124696e-05
4.993272361914e-03,3.019858530413e+01,2.201792133947e+01,6.466102114520e+06,3.013312379280e+02,1.126805035890e+01,3.755729557079e-05
4.993289666385e-03,3.016308853272e+01,2.198171210678e+01,6.487977338691e+06,3.013299139855e+02,1.126810289974e+01,3.736835289498e-05
4.993306951696e-03,3.012751016929e+01,2.194534775430e+01,6.509958655821e+06,3.013285864215e+02,1.126815558950e+01,3.717988538398e-05
4.993324218206e-03,3.009184922454e+01,2.190882692297e+01,6.532047175154e+06,3.013272551958e+02,1.126820842980e+01,3.699189156678e-05
4.993341466071e-03,3.005610511477e+01,2.187214866635e+01,6.554243762692e+06,3.013259202836e+02,1.126826142165e+01,3.680437060429e-05
4.993358695125e-03,3.002027792601e+01,2.183531272557e+01,6.576548874376e+06,3.013245816849e+02,1.126831456508e+01,3.661732353229e-05
4.993375905155e-03,2.998436784636e+01,2.179831894990e+01,6.598962906296e+06,3.013232394037e+02,1.126836785996e+01,3.643075127881e-05
4.993393096782e-03,2.994837331981e+01,2.176116539204e+01,6.621487349172e+06,3.013218933787e+02,1.126842130874e+01,3.624465146604e-05
4.993410269376e-03,2.991229540369e+01,2.172385280071e+01,6.644122066033e+06,3.013205436463e+02,1.126847491001e+01,3.605902655222e-05
4.993427423475e-03,2.987613270807e+01,2.168637939772e+01,6.666868458455e+06,3.013191901512e+02,1.126852866599e+01,3.587387468307e-05
4.993444558781e-03,2.983988560255e+01,2.164874522609e+01,6.689726829631e+06,3.013178329042e+02,1.126858257628e+01,3.568919712174e-05
4.993461675358e-03,2.980355368590e+01,2.161094953201e+01,6.712697972863e+06,3.013164718869e+02,1.126863664162e+01,3.550499378319e-05
4.993478773356e-03,2.976713638101e+01,2.157299137875e+01,6.735782799459e+06,3.013151070747e+02,1.126869086304e+01,3.532126400976e-05
4.993495852785e-03,2.973063339930e+01,2.153487013040e+01,6.758982044838e+06,3.013137384534e+02,1.126874524110e+01,3.513800795672e-05
4.993512913419e-03,2.969404496220e+01,2.149658568589e+01,6.782296125695e+06,3.013123660281e+02,1.126879977564e+01,3.495522662995e-05
4.993529955697e-03,2.965736986114e+01,2.145813644940e+01,6.805726375952e+06,3.013109897503e+02,1.126885446860e+01,3.477291843479e-05
4.993546979203e-03,2.962060872685e+01,2.141952275292e+01,6.829272962377e+06,3.013096096402e+02,1.126890931922e+01,3.459108507028e-05
4.993563984356e-03,2.958376038878e+01,2.138074303973e+01,6.852937210356e+06,3.013082256508e+02,1.126896432938e+01,3.440972526669e-05
4.993580970669e-03,2.954682563372e+01,2.134179781318e+01,6.876719195982e+06,3.013068378082e+02,1.126901949806e+01,3.422884091686e-05
4.993597938772e-03,2.950980282795e+01,2.130268502755e+01,6.900620559091e+06,3.013054460477e+02,1.126907482787e+01,3.404842963459e-05
4.993614888203e-03,2.947269270610e+01,2.126340513751e+01,6.924641420077e+06,3.013040503937e+02,1.126913031786e+01,3.386849326075e-05
4.993631819268e-03,2.943549433319e+01,2.122395683495e+01,6.948782984515e+06,3.013026508076e+02,1.126918596958e+01,3.368903082560e-05
4.993648731919e-03,2.939820754260e+01,2.118433962613e+01,6.973045968182e+06,3.013012472797e+02,1.126924178345e+01,3.351004279301e-05
4.993665625860e-03,2.936083271793e+01,2.114455360556e+01,6.997430734363e+06,3.012998398213e+02,1.126929775904e+01,3.333153039071e-05
4.993682501759e-03,2.932336811009e+01,2.110459659920e+01,7.021939044966e+06,3.012984283629e+02,1.126935389913e+01,3.315349094131e-05
4.993699359095e-03,2.928581460362e+01,2.106446924038e+01,7.046570949314e+06,3.012970129345e+02,1.126941020256e+01,3.297592673513e-05
4.993716198061e-03,2.924817149850e+01,2.102417047525e+01,7.071327540084e+06,3.012955935064e+02,1.126946667053e+01,3.279883743257e-05
4.993733018615e-03,2.921043861473e+01,2.098369980733e+01,7.096209576643e+06,3.012941700682e+02,1.126952330348e+01,3.262222316174e-05
4.993749820955e-03,2.917261523322e+01,2.094305616382e+01,7.121218181671e+06,3.012927425895e+02,1.126958010263e+01,3.244608323566e-05
4.993766604870e-03,2.913470155704e+01,2.090223946447e+01,7.146353876457e+06,3.012913110743e+02,1.126963706785e+01,3.227041861559e-05
4.993783370613e-03,2.909669674107e+01,2.086124850376e+01,7.171617884210e+06,3.012898754874e+02,1.126969420057e+01,3.209522848056e-05
4.993800118019e-03,2.905860088147e+01,2.082008309252e+01,7.197010811585e+06,3.012884358288e+02,1.126975150080e+01,3.192051366449e-05
4.993816847202e-03,2.902041344519e+01,2.077874236529e+01,7.222533691719e+06,3.012869920748e+02,1.126980896950e+01,3.174627403642e-05
4.993833558011e-03,2.898213450198e+01,2.073722611155e+01,7.248187163257e+06,3.012855442247e+02,1.126986660674e+01,3.157251023110e-05
4.993850250784e-03,2.894376299872e+01,2.069553290566e+01,7.273972625583e+06,3.012840922349e+02,1.126992441425e+01,3.139922086872e-05
4.993866925350e-03,2.890529905228e+01,2.065366259382e+01,7.299890702276e+06,3.012826361064e+02,1.126998239203e+01,3.122640678571e-05
4.993883581762e-03,2.886674226334e+01,2.061161446469e+01,7.325942371976e+06,3.012811758204e+02,1.127004054084e+01,3.105406817599e-05
4.993900219930e-03,2.882809255847e+01,2.056938816531e+01,7.352128401827e+06,3.012797113705e+02,1.127009886095e+01,3.088220562668e-05
4.993916840002e-03,2.878934931969e+01,2.052698275107e+01,7.378449936475e+06,3.012782427298e+02,1.127015735346e+01,3.071081868933e-05
4.993933441912e-03,2.875051242136e+01,2.048439781848e+01,7.404907795881e+06,3.012767698898e+02,1.127021601872e+01,3.053990768002e-05
4.993950025825e-03,2.871158119770e+01,2.044163237499e+01,7.431503177072e+06,3.012752928217e+02,1.127027485791e+01,3.036947213746e-05
4.993966591511e-03,2.867255590678e+01,2.039868644586e+01,7.458236655580e+06,3.012738115315e+02,1.127033387079e+01,3.019951304167e-05
4.993983139425e-03,2.863343519762e+01,2.035555828921e+01,7.485109918351e+06,3.012723259642e+02,1.127039305957e+01,3.003002884947e-05
4.993999668974e-03,2.859422019221e+01,2.031224889168e+01,7.512122964520e+06,3.012708361589e+02,1.127045242273e+01,2.986102221277e-05
4.994016180702e-03,2.855490931955e+01,2.026875627236e+01,7.539277654924e+06,3.012693420520e+02,1.127051196281e+01,2.969249104394e-05
4.994032674393e-03,2.851550280907e+01,2.022508044217e+01,7.566574620353e+06,3.012678436485e+02,1.127057167961e+01,2.952443619551e-05
4.994049150219e-03,2.847599996698e+01,2.018122039387e+01,7.594015139851e+06,3.012663409183e+02,1.127063157437e+01,2.935685745617e-05
4.994065607796e-03,2.843640143871e+01,2.013717661143e+01,7.621599572147e+06,3.012648338822e+02,1.127069164628e+01,2.918975657949e-05
4.994082047693e-03,2.839670556743e+01,2.009294702312e+01,7.649329888901e+06,3.012633224734e+02,1.127075189800e+01,2.902313121241e-05
4.994098469619e-03,2.835691277205e+01,2.004853187036e+01,7.677206626077e+06,3.012618067039e+02,1.127081232907e+01,2.885698266596e-05
4.994114873677e-03,2.831702252348e+01,2.000393034305e+01,7.705230992101e+06,3.012602865497e+02,1.127087294046e+01,2.869131106659e-05
4.994131259619e-03,2.827703514030e+01,1.995914258347e+01,7.733403610505e+06,3.012587620192e+02,1.127093373187e+01,2.852611748359e-05
4.994147627987e-03,2.823694901404e+01,1.991416657991e+01,7.761726473461e+06,3.012572330472e+02,1.127099470589e+01,2.836139960123e-05
4.994163978469e-03,2.819676462675e+01,1.986900266724e+01,7.790200110950e+06,3.012556996481e+02,1.127105586197e+01,2.819715891760e-05
4.994180311114e-03,2.815648157266e+01,1.982365019000e+01,7.818825690575e+06,3.012541618026e+02,1.127111720089e+01,2.803339573233e-05
4.994196625898e-03,2.811609962394e+01,1.977810869759e+01,7.847604265372e+06,3.012526194980e+02,1.127117872317e+01,2.787011041083e-05
4.994212922820e-03,2.807561850545e+01,1.973237769128e+01,7.876536933521e+06,3.012510727198e+02,1.127124042940e+01,2.770730296040e-05
4.994229202200e-03,2.803503713273e+01,1.968645576176e+01,7.905625384943e+06,3.012495214227e+02,1.127130232140e+01,2.754497217951e-05
4.994245463593e-03,2.799435633151e+01,1.964034366560e+01,7.934869953538e+06,3.012479656343e+02,1.127136439809e+01,2.738312007834e-05
4.994261707521e-03,2.795357451114e+01,1.959403942753e+01,7.964272720540e+06,3.012464052896e+02,1.127142666205e+01,2.722174470620e-05
4.994277933618e-03,2.791269230179e+01,1.954754359609e+01,7.993834182109e+06,3.012448404088e+02,1.127148911250e+01,2.706084787761e-05
4.994294141987e-03,2.787170916175e+01,1.950085539561e+01,8.023555691226e+06,3.012432709671e+02,1.127155175044e+01,2.690042954673e-05
4.994310332634e-03,2.783062479165e+01,1.945397433124e+01,8.053438439111e+06,3.012416969490e+02,1.127161457649e+01,2.674048958263e-05
4.994326505909e-03,2.778943801781e+01,1.940689891469e+01,8.083484267819e+06,3.012401183053e+02,1.127167759263e+01,2.658102675409e-05
4.994342661212e-03,2.774815007827e+01,1.935963041968e+01,8.113693274145e+06,3.012385350795e+02,1.127174079713e+01,2.642204386408e-05
4.994358799149e-03,2.770675914373e+01,1.931216661721e+01,8.144067809407e+06,3.012369471972e+02,1.127180419297e+01,2.626353852486e-05
4.994374919436e-03,2.766526565347e+01,1.926450788164e+01,8.174608579029e+06,3.012353546711e+02,1.127186777963e+01,2.610551203764e-05
4.994391022146e-03,2.762366913754e+01,1.921665355173e+01,8.205316969030e+06,3.012337574791e+02,1.127193155803e+01,2.594796446475e-05
4.994407107323e-03,2.758196919325e+01,1.916860304923e+01,8.236194331139e+06,3.012321556014e+02,1.127199552894e+01,2.579089589941e-05
4.994423174811e-03,2.754016594171e+01,1.912035640646e+01,8.267241643460e+06,3.012305490385e+02,1.127205969236e+01,2.563430710182e-05
4.994439224983e-03,2.749825813091e+01,1.907191207748e+01,8.298460918940e+06,3.012289377381e+02,1.127212405038e+01,2.547819650495e-05
4.994455257686e-03,2.745624586698e+01,1.902327009055e+01,8.329853177232e+06,3.012273216999e+02,1.127218860301e+01,2.532256511509e-05
4.994471272673e-03,2.741412951755e+01,1.897443078634e+01,8.361419254926e+06,3.012257009338e+02,1.127225334986e+01,2.516741432183e-05
4.994487270401e-03,2.737190759806e+01,1.892539236506e+01,8.393161392033e+06,3.012240753783e+02,1.127231829340e+01,2.501274213048e-05
4.994503250741e-03,2.732958015829e+01,1.887615481273e+01,8.425080695532e+06,3.012224450312e+02,1.127238343370e+01,2.485854923280e-05
4.994519213622e-03,2.728714710452e+01,1.882671795750e+01,8.457178394956e+06,3.012208098842e+02,1.127244877111e+01,2.470483653425e-05
4.994535158896e-03,2.724460854533e+01,1.877708187219e+01,8.489455581607e+06,3.012191699374e+02,1.127251430562e+01,2.455160487284e-05
4.994551086973e-03,2.720196310919e+01,1.872724490987e+01,8.521914487126e+06,3.012175251333e+02,1.127258003952e+01,2.439885246454e-05
4.994566997646e-03,2.715921105940e+01,1.867720733932e+01,8.554556119611e+06,3.012158754778e+02,1.127264597259e+01,2.424658027400e-05
4.994582891028e-03,2.711635180972e+01,1.862696844448e+01,8.587382151327e+06,3.012142209438e+02,1.127271210590e+01,2.409478814128e-05
4.994598767054e-03,2.707338525633e+01,1.857652808235e+01,8.620393903727e+06,3.012125615227e+02,1.127277843979e+01,2.394347659945e-05
4.994614625772e-03,2.703031098332e+01,1.852588575240e+01,8.653592955508e+06,3.012108971940e+02,1.127284497507e+01,2.379264565225e-05
4.994630467260e-03,2.698712849798e+01,1.847504087155e+01,8.686980963993e+06,3.012092279342e+02,1.127291171270e+01,2.364229528682e-05
4.994646291260e-03,2.694383822186e+01,1.842399394248e+01,8.720558897670e+06,3.012075537550e+02,1.127297865218e+01,2.349242673889e-05
4.994662098284e-03,2.690043847561e+01,1.837274299951e+01,8.754329373318e+06,3.012058745869e+02,1.127304579630e+01,2.334303789806e-05
4.994677887903e-03,2.685693015289e+01,1.832128912180e+01,8.788293028962e+06,3.012041904598e+02,1.127311314385e+01,2.319413074343e-05
4.994693660479e-03,2.681331197585e+01,1.826963083196e+01,8.822452214038e+06,3.012025013196e+02,1.127318069698e+01,2.304570401287e-05
4.994709415813e-03,2.676958421644e+01,1.821776849511e+01,8.856808087932e+06,3.012008071724e+02,1.127324845546e+01,2.289775895157e-05
4.994725153763e-03,2.672574698959e+01,1.816570230219e+01,8.891361950219e+06,3.011991080177e+02,1.127331641928e+01,2.275029637263e-05
4.994740874839e-03,2.668179859445e+01,1.811343029628e+01,8.926116553823e+06,3.011974037850e+02,1.127338459126e+01,2.260331412508e-05
4.994756578557e-03,2.663774011199e+01,1.806095383663e+01,8.961072476817e+06,3.011956945116e+02,1.127345296989e+01,2.245681447800e-05
4.994772265319e-03,2.659357013265e+01,1.800827132883e+01,8.996232290701e+06,3.011939801378e+02,1.127352155755e+01,2.231079589595e-05
4.994787934995e-03,2.654928874492e+01,1.795538297249e+01,9.031597401289e+06,3.011922606625e+02,1.127359035428e+01,2.216525925021e-05
4.994803587371e-03,2.650489628082e+01,1.790228927063e+01,9.067169038984e+06,3.011905360936e+02,1.127365935973e+01,2.202020574299e-05
4.994819222922e-03,2.646039111664e+01,1.784898839773e+01,9.102950024198e+06,3.011888063634e+02,1.127372857662e+01,2.187563339978e-05
4.994834841251e-03,2.641577411005e+01,1.779548150833e+01,9.138941209775e+06,3.011870715001e+02,1.127379800378e+01,2.173154406649e-05
4.994850442738e-03,2.637104390309e+01,1.774176711286e+01,9.175145256213e+06,3.011853314462e+02,1.127386764351e+01,2.158793639413e-05
4.994866027053e-03,2.632620116552e+01,1.768784616597e+01,9.211563210252e+06,3.011835862228e+02,1.127393749495e+01,2.144481201085e-05
4.994881594455e-03,2.628124488399e+01,1.763371761164e+01,9.248197506894e+06,3.011818357855e+02,1.127400755985e+01,2.130216988069e-05
4.994897145042e-03,2.623617450353e+01,1.757938095464e+01,9.285050237243e+06,3.011800801076e+02,1.127407783926e+01,2.116000981933e-05
4.994912678442e-03,2.619099083120e+01,1.752483735431e+01,9.322122403020e+06,3.011783192157e+02,1.127414833210e+01,2.101833389812e-05
4.994928194957e-03,2.614569272379e+01,1.747008562961e+01,9.359416628419e+06,3.011765530602e+02,1.127421904033e+01,2.087714097047e-05
4.994943694534e-03,2.610028006825e+01,1.741512585442e+01,9.396934720230e+06,3.011747816315e+02,1.127428996431e+01,2.073643120765e-05
4.994959177348e-03,2.605475208307e+01,1.735995730570e+01,9.434679064876e+06,3.011730048942e+02,1.127436110543e+01,2.059620403924e-05
4.994974643180e-03,2.600910914951e+01,1.730458068136e+01,9.472651113402e+06,3.011712228578e+02,1.127443246330e+01,2.045646070651e-05
4.994990092210e-03,2.596335047116e+01,1.724899526436e+01,9.510853322334e+06,3.011694354863e+02,1.127450403932e+01,2.031720064183e-05
4.995005524401e-03,2.591747589726e+01,1.719320113349e+01,9.549287640361e+06,3.011676427686e+02,1.127457583392e+01,2.017842423252e-05
4.995020939694e-03,2.587148533625e+01,1.713719845330e+01,9.587955994479e+06,3.011658446957e+02,1.127464784742e+01,2.004013198442e-05
4.995036338210e-03,2.582537817359e+01,1.708098676476e+01,9.626860780964e+06,3.011640412386e+02,1.127472008096e+01,1.990232351838e-05
4.995051719897e-03,2.577915430523e+01,1.702456624400e+01,9.666003997041e+06,3.011622323877e+02,1.127479253488e+01,1.976499905935e-05
4.995067085044e-03,2.573281260349e+01,1.696793583072e+01,9.705388538959e+06,3.011604180937e+02,1.127486521114e+01,1.962815758214e-05
4.995082433200e-03,2.568635416939e+01,1.691109720156e+01,9.745015441534e+06,3.011585983944e+02,1.127493810819e+01,1.949180146368e-05
4.995097764669e-03,2.563977783296e+01,1.685404927129e+01,9.784887703072e+06,3.011567732385e+02,1.127501122804e+01,1.935592950547e-05
4.995113079497e-03,2.559308320060e+01,1.679679191739e+01,9.825007695562e+06,3.011549426052e+02,1.127508457149e+01,1.922054148837e-05
4.995128377594e-03,2.554627029555e+01,1.673932554302e+01,9.865377466015e+06,3.011531064900e+02,1.127515813869e+01,1.908563786191e-05
4.995143659005e-03,2.549933872650e+01,1.668165005785e+01,9.905999451178e+06,3.011512648720e+02,1.127523193044e+01,1.895121742830e-05
4.995158923719e-03,2.545228827772e+01,1.662376560241e+01,9.946875969411e+06,3.011494177374e+02,1.127530594724e+01,1.881727331370e-05
4.995174171931e-03,2.540511806139e+01,1.656567150728e+01,9.988009950640e+06,3.011475650458e+02,1.127538019068e+01,1.868376513335e-05
4.995189403494e-03,2.535782807670e+01,1.650736822332e+01,1.002940353811e+07,3.011457067927e+02,1.127545466090e+01,1.855046825157e-05
4.995204618175e-03,2.531041761953e+01,1.644885542986e+01,1.007105922410e+07,3.011438429502e+02,1.127552935898e+01,1.841609191188e-05
4.995219816591e-03,2.526287839013e+01,1.639012384493e+01,1.011298470925e+07,3.011419732145e+02,1.127560429707e+01,1.827438250612e-05
4.995234998292e-03,2.521520630360e+01,1.633116954050e+01,1.015518417966e+07,3.011400974433e+02,1.127567948085e+01,1.813310620747e-05
4.995250163600e-03,2.516739987085e+01,1.627199118146e+01,1.019766099050e+07,3.011382155728e+02,1.127575491283e+01,1.799226162518e-05
4.995265312225e-03,2.511945953876e+01,1.621258984950e+01,1.024041681361e+07,3.011363276154e+02,1.127583059247e+01,1.785185309695e-05
4.995280444287e-03,2.507138446046e+01,1.615296504691e+01,1.028345450384e+07,3.011344335326e+02,1.127590652124e+01,1.771188114285e-05
4.995295559976e-03,2.502317356172e+01,1.609311601495e+01,1.032677715806e+07,3.011325332769e+02,1.127598270102e+01,1.757234566145e-05
4.995310659160e-03,2.497482679155e+01,1.603304328722e+01,1.037038699141e+07,3.011306268410e+02,1.127605913203e+01,1.743324953282e-05
4.995325741952e-03,2.492634332295e+01,1.597274645680e+01,1.041428695337e+07,3.011287141869e+02,1.127613581575e+01,1.729459339886e-05
4.995340808055e-03,2.487772364691e+01,1.591222677987e+01,1.045847883622e+07,3.011267953286e+02,1.127621275155e+01,1.715638166224e-05
4.995355857938e-03,2.482896578526e+01,1.585148246362e+01,1.050296671218e+07,3.011248701828e+02,1.127628994272e+01,1.701861171039e-05
4.995370891422e-03,2.478006984990e+01,1.579051434141e+01,1.054775279265e+07,3.011229387483e+02,1.127636738923e+01,1.688128689390e-05
4.995385908468e-03,2.473103550939e+01,1.572932271998e+01,1.059283973006e+07,3.011210010066e+02,1.127644509178e+01,1.674440928992e-05
4.995400909054e-03,2.468186237465e+01,1.566790785992e+01,1.063823026859e+07,3.011190569367e+02,1.127652305112e+01,1.660798080926e-05
4.995415893566e-03,2.463254872543e+01,1.560626838421e+01,1.068392842506e+07,3.011171064652e+02,1.127660127015e+01,1.647199970667e-05
4.995430861428e-03,2.458309599270e+01,1.554440688051e+01,1.072993534038e+07,3.011151496428e+02,1.127667974674e+01,1.633647293146e-05
4.995445813117e-03,2.453350215291e+01,1.548232164384e+01,1.077625540376e+07,3.011131863839e+02,1.127675848427e+01,1.620139792644e-05
4.995460748378e-03,2.448376760115e+01,1.542001402246e+01,1.082289079667e+07,3.011112166984e+02,1.127683748225e+01,1.606677877216e-05
4.995475667673e-03,2.443389033989e+01,1.535748239507e+01,1.086984598731e+07,3.011092405013e+02,1.127691674402e+01,1.593261308110e-05
4.995490570324e-03,2.438387219136e+01,1.529472995681e+01,1.091712189666e+07,3.011072578591e+02,1.127699626683e+01,1.579890874700e-05
4.995505457055e-03,2.433371028223e+01,1.523175404218e+01,1.096472392179e+07,3.011052686520e+02,1.127707605541e+01,1.566566107968e-05
4.995520327322e-03,2.428340600056e+01,1.516855736256e+01,1.101265347414e+07,3.011032729290e+02,1.127715610769e+01,1.553287676833e-05
4.995535181464e-03,2.423295775829e+01,1.510513892198e+01,1.106091483965e+07,3.011012706212e+02,1.127723642636e+01,1.540055459658e-05
4.995550019391e-03,2.418236542484e+01,1.504149958544e+01,1.110951096626e+07,3.010992617173e+02,1.127731701178e+01,1.526869721564e-05
4.995564841267e-03,2.413162800290e+01,1.497763915841e+01,1.115844568429e+07,3.010972461716e+02,1.127739786568e+01,1.513730502051e-05
4.995579646778e-03,2.408074613889e+01,1.491355954630e+01,1.120772129065e+07,3.010952240037e+02,1.127747898719e+01,1.500638265764e-05
4.995594436231e-03,2.402971834646e+01,1.484926000088e+01,1.125734219567e+07,3.010931951482e+02,1.127756037883e+01,1.487592926732e-05
4.995609209613e-03,2.397854424791e+01,1.478474120185e+01,1.130731179283e+07,3.010911595838e+02,1.127764204134e+01,1.474594687078e-05
4.995623966813e-03,2.392722380215e+01,1.472000428613e+01,1.135763320006e+07,3.010891173026e+02,1.127772397495e+01,1.461643833050e-05
4.995638708017e-03,2.387575594395e+01,1.465504913205e+01,1.140831059475e+07,3.010870682557e+02,1.127780618150e+01,1.448740392531e-05
4.995653433020e-03,2.382414097494e+01,1.458987737621e+01,1.145934686813e+07,3.010850124488e+02,1.127788866066e+01,1.435884736844e-05
4.995668142106e-03,2.377237749497e+01,1.452448854086e+01,1.151074665046e+07,3.010829498195e+02,1.127797141481e+01,1.423076812936e-05
4.995682835102e-03,2.372046569520e+01,1.445888419243e+01,1.156251305721e+07,3.010808803687e+02,1.127805444380e+01,1.410316964072e-05
4.995697512067e-03,2.366840497121e+01,1.439306492747e+01,1.161465005431e+07,3.010788040659e+02,1.127813774874e+01,1.397605335671e-05
4.995712173001e-03,2.361619492069e+01,1.432703163352e+01,1.166716146933e+07,3.010767208881e+02,1.127822133043e+01,1.384942123202e-05
4.995726818114e-03,2.356383440484e+01,1.426078430254e+01,1.172005193710e+07,3.010746307832e+02,1.127830519082e+01,1.372327345370e-05
4.995741446965e-03,2.351132461518e+01,1.419432591146e+01,1.177332380407e+07,3.010725337918e+02,1.127838932816e+01,1.359761580879e-05
4.995756060089e-03,2.345866324254e+01,1.412765504415e+01,1.182698302911e+07,3.010704298149e+02,1.127847374630e+01,1.347244568796e-05
4.995770657283e-03,2.340585063953e+01,1.406077369123e+01,1.188103294013e+07,3.010683188594e+02,1.127855844481e+01,1.334776686968e-05
4.995785238383e-03,2.335288702593e+01,1.399368371371e+01,1.193547706248e+07,3.010662009271e+02,1.127864342349e+01,1.322358276606e-05
4.995799803891e-03,2.329977020534e+01,1.392638395057e+01,1.199032147847e+07,3.010640759230e+02,1.127872868600e+01,1.309989114450e-05
4.995814353176e-03,2.324650212351e+01,1.385887852779e+01,1.204556807314e+07,3.010619439176e+02,1.127881422937e+01,1.297669942947e-05
4.995828886852e-03,2.319308017293e+01,1.379116584118e+01,1.210122351741e+07,3.010598047994e+02,1.127890005793e+01,1.285400447163e-05
4.995843404641e-03,2.313950502214e+01,1.372324847875e+01,1.215729116091e+07,3.010576585877e+02,1.127898617074e+01,1.273181071020e-05
4.995857906483e-03,2.308577654519e+01,1.365512806212e+01,1.221377525300e+07,3.010555052699e+02,1.127907256816e+01,1.261012071614e-05
4.995872392655e-03,2.303189338343e+01,1.358680469113e+01,1.227068142086e+07,3.010533447841e+02,1.127915925250e+01,1.248893428066e-05
4.995886862834e-03,2.297785640232e+01,1.351828132741e+01,1.232801302857e+07,3.010511771574e+02,1.127924622253e+01,1.236825620185e-05
4.995901317371e-03,2.292366396785e+01,1.344955780508e+01,1.238577617014e+07,3.010490023164e+02,1.127933348100e+01,1.224808567275e-05
4.995915756262e-03,2.286931577344e+01,1.338063568450e+01,1.244397562189e+07,3.010468202411e+02,1.127942102856e+01,1.212842487811e-05
4.995930179149e-03,2.281481285497e+01,1.331151827131e+01,1.250261480421e+07,3.010446309652e+02,1.127950886368e+01,1.200927891337e-05
4.995944586606e-03,2.276015274330e+01,1.324220446983e+01,1.256170099441e+07,3.010424343814e+02,1.127959699048e+01,1.189064520416e-05
4.995958978202e-03,2.270533676815e+01,1.317269804612e+01,1.262123746816e+07,3.010402305352e+02,1.127968540696e+01,1.177252946043e-05
4.995973353986e-03,2.265036446387e+01,1.310300053341e+01,1.268122952992e+07,3.010380193997e+02,1.127977411400e+01,1.165493344978e-05
4.995987714254e-03,2.259523441336e+01,1.303311230400e+01,1.274168362468e+07,3.010358009096e+02,1.127986311404e+01,1.153785693237e-05
4.996002058881e-03,2.253994682538e+01,1.296303583713e+01,1.280260452148e+07,3.010335750650e+02,1.127995240689e+01,1.142130314549e-05
4.996016387813e-03,2.248450164380e+01,1.289277332168e+01,1.286399737565e+07,3.010313418551e+02,1.128004199276e+01,1.130527473109e-05
4.996030701008e-03,2.242889877706e+01,1.282232694755e+01,1.292586748139e+07,3.010291012677e+02,1.128013187195e+01,1.118977423232e-05
4.996044998877e-03,2.237313638083e+01,1.275169673119e+01,1.298822219370e+07,3.010268532199e+02,1.128022204758e+01,1.107480057440e-05
4.996059280874e-03,2.231721634280e+01,1.268088746355e+01,1.305106480813e+07,3.010245977790e+02,1.128031251674e+01,1.096036037530e-05
4.996073547477e-03,2.226113657062e+01,1.260989894211e+01,1.311440318944e+07,3.010223348517e+02,1.128040328295e+01,1.084645205500e-05
4.996087798416e-03,2.220489790559e+01,1.253873472708e+01,1.317824201586e+07,3.010200644631e+02,1.128049434499e+01,1.073308002782e-05
4.996102033957e-03,2.214849908879e+01,1.246739576865e+01,1.324258845840e+07,3.010177865532e+02,1.128058570504e+01,1.062024444305e-05
4.996116253840e-03,2.209194095223e+01,1.239588571101e+01,1.330744742637e+07,3.010155011465e+02,1.128067736190e+01,1.050794963456e-05
4.996130458377e-03,2.203522206424e+01,1.232420538457e+01,1.337282654030e+07,3.010132081758e+02,1.128076931801e+01,1.039619541555e-05
4.996144647108e-03,2.197834409114e+01,1.225235958446e+01,1.343872997726e+07,3.010109076991e+02,1.128086157083e+01,1.028498769022e-05
4.996158820735e-03,2.192130404988e+01,1.218034728194e+01,1.350516742127e+07,3.010085995863e+02,1.128095412533e+01,1.017432325212e-05
4.996172978614e-03,2.186410437573e+01,1.210817434095e+01,1.357214239280e+07,3.010062839262e+02,1.128104697769e+01,1.006420943733e-05
4.996187121358e-03,2.180674244887e+01,1.203584029499e+01,1.363966444667e+07,3.010039606030e+02,1.128114013232e+01,9.954643789725e-06
4.996201248504e-03,2.174922001689e+01,1.196335023797e+01,1.370773815066e+07,3.010016296777e+02,1.128123358652e+01,9.845632228195e-06
4.996215360054e-03,2.169153695116e+01,1.189070694637e+01,1.377637040904e+07,3.009992911351e+02,1.128132734063e+01,9.737177020546e-06
4.996229456606e-03,2.163369070502e+01,1.181791020489e+01,1.384557115802e+07,3.009969448618e+02,1.128142139894e+01,9.629275929070e-06
4.996243537609e-03,2.157568343212e+01,1.174496576711e+01,1.391534487284e+07,3.009945909349e+02,1.128151575808e+01,9.521935502905e-06
4.996257603249e-03,2.151751429406e+01,1.167187567128e+01,1.398569975268e+07,3.009922293100e+02,1.128161041958e+01,9.415156661288e-06
4.996271653451e-03,2.145918352977e+01,1.159864336203e+01,1.405664285297e+07,3.009898599865e+02,1.128170538317e+01,9.308942300347e-06
4.996285688599e-03,2.140068948756e+01,1.152526996322e+01,1.412818368919e+07,3.009874828864e+02,1.128180065170e+01,9.203291876901e-06
4.996299708201e-03,2.134203417438e+01,1.145176124100e+01,1.420032746956e+07,3.009850980807e+02,1.128189622204e+01,9.098211443187e-06
4.996313712637e-03,2.128321597869e+01,1.137811847536e+01,1.427308399846e+07,3.009827054930e+02,1.128199209695e+01,8.993700501664e-06
4.996327701798e-03,2.122423534074e+01,1.130434557066e+01,1.434646072684e+07,3.009803051301e+02,1.128208827588e+01,8.889762224812e-06
4.996341675559e-03,2.116509278988e+01,1.123044659256e+01,1.442046515597e+07,3.009778970023e+02,1.128218475810e+01,8.786399883972e-06
4.996355634195e-03,2.110578717650e+01,1.115642356101e+01,1.449510706248e+07,3.009754810517e+02,1.128228154564e+01,8.683613795688e-06
4.996369577735e-03,2.104631840400e+01,1.108227986590e+01,1.457039509312e+07,3.009730572627e+02,1.128237863881e+01,8.581406120375e-06
4.996383505904e-03,2.098668769854e+01,1.100802059675e+01,1.464633639712e+07,3.009706256739e+02,1.128247603575e+01,8.479781237872e-06
4.996397418987e-03,2.092689389318e+01,1.093364791298e+01,1.472294134981e+07,3.009681862257e+02,1.128257373852e+01,8.378739402563e-06
4.996411316755e-03,2.086693805551e+01,1.085916680745e+01,1.480021766624e+07,3.009657389501e+02,1.128267174553e+01,8.278284636167e-06
4.996425199578e-03,2.080681868518e+01,1.078457913404e+01,1.487817656365e+07,3.009632837735e+02,1.128277005938e+01,8.178416624913e-06
4.996439067011e-03,2.074653781273e+01,1.070989118081e+01,1.495682489170e+07,3.009608207669e+02,1.128286867691e+01,8.079140901369e-06
4.996452919522e-03,2.068609353885e+01,1.063510441490e+01,1.503617481799e+07,3.009583498403e+02,1.128296760139e+01,7.980456466038e-06
4.996466756906e-03,2.062548689325e+01,1.056022398439e+01,1.511623489984e+07,3.009558710231e+02,1.128306683129e+01,7.882367121090e-06
4.996480579168e-03,2.056471802056e+01,1.048525399133e+01,1.519701506544e+07,3.009533843088e+02,1.128316636652e+01,7.784875165946e-06
4.996494386205e-03,2.050378755653e+01,1.041019919326e+01,1.527852480727e+07,3.009508897106e+02,1.128326620622e+01,7.687983639719e-06
4.996508178437e-03,2.044269384347e+01,1.033506157482e+01,1.536077691767e+07,3.009483871475e+02,1.128336635326e+01,7.591691921388e-06
4.996521955582e-03,2.038143834112e+01,1.025984700969e+01,1.544378024354e+07,3.009458766663e+02,1.128346680541e+01,7.496004303142e-06
4.996535717548e-03,2.032002169785e+01,1.018456041848e+01,1.552754494379e+07,3.009433582802e+02,1.128356756177e+01,7.400923712337e-06
4.996549464655e-03,2.025844274131e+01,1.010920454023e+01,1.561208390642e+07,3.009408319277e+02,1.128366862445e+01,7.306450232557e-06
4.996563196732e-03,2.019670250077e+01,1.003378486137e+01,1.569740726264e+07,3.009382976374e+02,1.128376999192e+01,7.212587316476e-06
4.996576913812e-03,2.013480112574e+01,9.958305838487e+00,1.578352660087e+07,3.009357554016e+02,1.128387166410e+01,7.119337009715e-06
4.996590615970e-03,2.007273859245e+01,9.882771765762e+00,1.587045401508e+07,3.009332052055e+02,1.128397364122e+01,7.026701063568e-06
4.996604303164e-03,2.001051541654e+01,9.807187641890e+00,1.595820111352e+07,3.009306470560e+02,1.128407592261e+01,6.934681995242e-06
4.996617975465e-03,1.994813163320e+01,9.731557927993e+00,1.604678045292e+07,3.009280809403e+02,1.128417850838e+01,6.843281563323e-06
4.996631632847e-03,1.988558772641e+01,9.655887676080e+00,1.613620423564e+07,3.009255068638e+02,1.128428139793e+01,6.752502143169e-06
4.996645275251e-03,1.982288436311e+01,9.580182202943e+00,1.622648468237e+07,3.009229248394e+02,1.128438459035e+01,6.662346314670e-06
4.996658902918e-03,1.976002085311e+01,9.504445232293e+00,1.631763626365e+07,3.009203348237e+02,1.128448808695e+01,6.572814668989e-06
4.996672515659e-03,1.969699849858e+01,9.428682934956e+00,1.640967087267e+07,3.009177368554e+02,1.128459188580e+01,6.483910601691e-06
4.996686113310e-03,1.963381852650e+01,9.352901426554e+00,1.650260079313e+07,3.009151309699e+02,1.128469598505e+01,6.395637299833e-06
4.996699696769e-03,1.957047723060e+01,9.277100954630e+00,1.659644590103e+07,3.009125169990e+02,1.128480039102e+01,6.307991066563e-06
4.996713264780e-03,1.950698097269e+01,9.201293862487e+00,1.669121150461e+07,3.009098951895e+02,1.128490509343e+01,6.220982098647e-06
4.996726818368e-03,1.944332548677e+01,9.125479824175e+00,1.678691902581e+07,3.009072653498e+02,1.128501009950e+01,6.134605869028e-06
4.996740356852e-03,1.937951450966e+01,9.049668102381e+00,1.688357825771e+07,3.009046276182e+02,1.128511540329e+01,6.048868749149e-06
4.996753880817e-03,1.931554586176e+01,8.973860956830e+00,1.698120825722e+07,3.009019818886e+02,1.128522100861e+01,5.963769047780e-06
4.996767390164e-03,1.925142059636e+01,8.898064530249e+00,1.707982355301e+07,3.008993281881e+02,1.128532691392e+01,5.879309397628e-06
4.996780884476e-03,1.918714130196e+01,8.822286805384e+00,1.717943664076e+07,3.008966666076e+02,1.128543311518e+01,5.795494331222e-06
4.996794364132e-03,1.912270682596e+01,8.746531381127e+00,1.728006615485e+07,3.008939970825e+02,1.128553961451e+01,5.712323408184e-06
4.996807829352e-03,1.905811677458e+01,8.670802796161e+00,1.738172997276e+07,3.008913195798e+02,1.128564641280e+01,5.629797185085e-06
4.996821279536e-03,1.899337470332e+01,8.595110247578e+00,1.748444013345e+07,3.008886342298e+02,1.128575350438e+01,5.547921172013e-06
4.996834715227e-03,1.892847872474e+01,8.519456587555e+00,1.758821766473e+07,3.008859409371e+02,1.128586089263e+01,5.466693883413e-06
4.996848136346e-03,1.886342994200e+01,8.443848199419e+00,1.769307927326e+07,3.008832397300e+02,1.128596857595e+01,5.386117586820e-06
4.996861542668e-03,1.879823020966e+01,8.368292359634e+00,1.779904084453e+07,3.008805306679e+02,1.128607655152e+01,5.306195373181e-06
4.996874934456e-03,1.873287903028e+01,8.292793640617e+00,1.790612249534e+07,3.008778137124e+02,1.128618482041e+01,5.226927366876e-06
4.996888311506e-03,1.866737820964e+01,8.217359304453e+00,1.801434102023e+07,3.008750889207e+02,1.128629337989e+01,5.148316433771e-06
4.996901674222e-03,1.860172660707e+01,8.141993241467e+00,1.812371852149e+07,3.008723562272e+02,1.128640223210e+01,5.070361834702e-06
4.996915022160e-03,1.853592724838e+01,8.066704151417e+00,1.823427063660e+07,3.008696157395e+02,1.128651137229e+01,4.993067721563e-06
4.996928355694e-03,1.846997918753e+01,7.991496197725e+00,1.834602010318e+07,3.008668673997e+02,1.128662080230e+01,4.916433467283e-06
4.996941674634e-03,1.840388425921e+01,7.916376741845e+00,1.845898545780e+07,3.008641112656e+02,1.128673051935e+01,4.840461637458e-06
4.996954978849e-03,1.833764405379e+01,7.841352871651e+00,1.857318610327e+07,3.008613473846e+02,1.128684052109e+01,4.765154391920e-06
4.996968268811e-03,1.827125718683e+01,7.766428322353e+00,1.868864707877e+07,3.008585756801e+02,1.128695081010e+01,4.690510451351e-06
4.996981544139e-03,1.820472653741e+01,7.691611662766e+00,1.880538655684e+07,3.008557962528e+02,1.128706138188e+01,4.616533284272e-06
4.996994804994e-03,1.813805230491e+01,7.616908444174e+00,1.892342788525e+07,3.008530090918e+02,1.128717223641e+01,4.543223248961e-06
4.997008051707e-03,1.807123386208e+01,7.542323312063e+00,1.904279645415e+07,3.008502141513e+02,1.128728337501e+01,4.470579766695e-06
4.997021283481e-03,1.800427629421e+01,7.467867289307e+00,1.916350798311e+07,3.008474116241e+02,1.128739478955e+01,4.398608355248e-06
4.997034501065e-03,1.793717689187e+01,7.393542714744e+00,1.928559272868e+07,3.008446013772e+02,1.128750648483e+01,4.327306010898e-06
4.997047704209e-03,1.786993804334e+01,7.319357601424e+00,1.940907234236e+07,3.008417834903e+02,1.128761845721e+01,4.256675151672e-06
4.997060893204e-03,1.780255938690e+01,7.245316921410e+00,1.953397408914e+07,3.008389579281e+02,1.128773070761e+01,4.186715203314e-06
4.997074067311e-03,1.773504587164e+01,7.171431474021e+00,1.966031597321e+07,3.008361248776e+02,1.128784322811e+01,4.117430986878e-06
4.997087227522e-03,1.766739360667e+01,7.097702365993e+00,1.978813310323e+07,3.008332841551e+02,1.128795602554e+01,4.048818136192e-06
4.997100373024e-03,1.759960797316e+01,7.024140827268e+00,1.991744379923e+07,3.008304359657e+02,1.128806909127e+01,3.980881671576e-06
4.997113504333e-03,1.753168755292e+01,6.950750670517e+00,2.004827988630e+07,3.008275802290e+02,1.128818242800e+01,3.913619623495e-06
4.997126621429e-03,1.746363371739e+01,6.877538733405e+00,2.018066856143e+07,3.008247169816e+02,1.128829603381e+01,3.847032766548e-06
4.997139724089e-03,1.739544889968e+01,6.804512972389e+00,2.031463559929e+07,3.008218463047e+02,1.128840990500e+01,3.781122790057e-06
4.997152812439e-03,1.732713376487e+01,6.731679423080e+00,2.045021089899e+07,3.008189682049e+02,1.128852404082e+01,3.715889551352e-06
4.997165886803e-03,1.725868795812e+01,6.659043027011e+00,2.058742713802e+07,3.008160826457e+02,1.128863844224e+01,3.651331883254e-06
4.997178946383e-03,1.719011702323e+01,6.586614956913e+00,2.072630587067e+07,3.008131898394e+02,1.128875310037e+01,3.587454053788e-06
4.997191992119e-03,1.712141740840e+01,6.514396734220e+00,2.086688773120e+07,3.008102896143e+02,1.128886802154e+01,3.524251719753e-06
4.997205023673e-03,1.705259229836e+01,6.442396974141e+00,2.100920048366e+07,3.008073820829e+02,1.128898320083e+01,3.461726745417e-06
4.997218040694e-03,1.698364498867e+01,6.370624347543e+00,2.115327231808e+07,3.008044673625e+02,1.128909863310e+01,3.399880904118e-06
4.997231043725e-03,1.691457406191e+01,6.299082580076e+00,2.129914203529e+07,3.008015453710e+02,1.128921432115e+01,3.338711632389e-06
4.997244032721e-03,1.684538123547e+01,6.227778636338e+00,2.144684273767e+07,3.007986161588e+02,1.128933026251e+01,3.278219115392e-06
4.997257007193e-03,1.677607061593e+01,6.156721886360e+00,2.159640318280e+07,3.007956798775e+02,1.128944645072e+01,3.218405465935e-06
4.997269967694e-03,1.670664079021e+01,6.085915986536e+00,2.174786482460e+07,3.007927364446e+02,1.128956288858e+01,3.159267901413e-06
4.997282914172e-03,1.663709357539e+01,6.015367872812e+00,2.190126305984e+07,3.007897859147e+02,1.128967957348e+01,3.100806360577e-06
4.997295846253e-03,1.656743255733e+01,5.945086213098e+00,2.205663020610e+07,3.007868284173e+02,1.128979649983e+01,3.043022115918e-06
4.997308764409e-03,1.649765678665e+01,5.875075040675e+00,2.221400955877e+07,3.007838638893e+02,1.128991366968e+01,2.985912553814e-06
4.997321668651e-03,1.642776782456e+01,5.805340883466e+00,2.237343979950e+07,3.007808923741e+02,1.129003108086e+01,2.929477076242e-06
4.997334558560e-03,1.635776956926e+01,5.735892532711e+00,2.253495517174e+07,3.007779140147e+02,1.129014872729e+01,2.873716822798e-06
4.997347434408e-03,1.628766221272e+01,5.666735026132e+00,2.269859935726e+07,3.007749287962e+02,1.129026660910e+01,2.818629830026e-06
4.997360296505e-03,1.621744573198e+01,5.597873154839e+00,2.286441764887e+07,3.007719366946e+02,1.129038472682e+01,2.764213921417e-06
4.997373144242e-03,1.614712515981e+01,5.529316604167e+00,2.303244441886e+07,3.007689379012e+02,1.129050307246e+01,2.710470715685e-06
4.997385978139e-03,1.607669936317e+01,5.461068959091e+00,2.320272970337e+07,3.007659323447e+02,1.129062164841e+01,2.657396961532e-06
4.997398797744e-03,1.600617257025e+01,5.393138949327e+00,2.337531172850e+07,3.007629201823e+02,1.129074044804e+01,2.604993370113e-06
4.997411603839e-03,1.593554222887e+01,5.325528697993e+00,2.355024637832e+07,3.007599012818e+02,1.129085947616e+01,2.553255503120e-06
4.997424395827e-03,1.586481338764e+01,5.258247561405e+00,2.372757198583e+07,3.007568758355e+02,1.129097872476e+01,2.502184436773e-06
4.997437173698e-03,1.579398791376e+01,5.191301752001e+00,2.390733580595e+07,3.007538439003e+02,1.129109819121e+01,2.451778746817e-06
4.997449937573e-03,1.572306694366e+01,5.124696714781e+00,2.408958813149e+07,3.007508055015e+02,1.129121787411e+01,2.402036383083e-06
4.997462687750e-03,1.565205063827e+01,5.058436914857e+00,2.427438305237e+07,3.007477606227e+02,1.129133777370e+01,2.352954540159e-06
4.997475423998e-03,1.558094212645e+01,4.992529514363e+00,2.446176823068e+07,3.007447093747e+02,1.129145788525e+01,2.304532371524e-06
4.997488146278e-03,1.550974347715e+01,4.926980588417e+00,2.465179529036e+07,3.007416518230e+02,1.129157820580e+01,2.256768157340e-06
4.997500854741e-03,1.543845572098e+01,4.861795169172e+00,2.484451992907e+07,3.007385879887e+02,1.129169873413e+01,2.209659374142e-06
4.997513549227e-03,1.536708163820e+01,4.796979801592e+00,2.503999446319e+07,3.007355179679e+02,1.129181946610e+01,2.163204547898e-06
4.997526230126e-03,1.529562093191e+01,4.732538144693e+00,2.523828100428e+07,3.007324417248e+02,1.129194040277e+01,2.117400098471e-06
4.997538896762e-03,1.522407933179e+01,4.668479199053e+00,2.543942635394e+07,3.007293594828e+02,1.129206153499e+01,2.072246192075e-06
4.997551549970e-03,1.515245403320e+01,4.604804206272e+00,2.564350262333e+07,3.007262710980e+02,1.129218286808e+01,2.027737471465e-06
4.997564189280e-03,1.508074963555e+01,4.541520933252e+00,2.585056254244e+07,3.007231767457e+02,1.129230439482e+01,1.983873144328e-06
4.997576814703e-03,1.500896801766e+01,4.478634608584e+00,2.606066799732e+07,3.007200764839e+02,1.129242611259e+01,1.940650577641e-06
4.997589426546e-03,1.493710939541e+01,4.416148911384e+00,2.627388734832e+07,3.007169702991e+02,1.129254802160e+01,1.898066052854e-06
4.997602024491e-03,1.486517754338e+01,4.354070519272e+00,2.649028004087e+07,3.007138583317e+02,1.129267011604e+01,1.856117865129e-06
4.997614608512e-03,1.479317458539e+01,4.292404551450e+00,2.670991195009e+07,3.007107406509e+02,1.129279239289e+01,1.814803192029e-06
4.997627179090e-03,1.472109975498e+01,4.231153557487e+00,2.693285952464e+07,3.007076172008e+02,1.129291485403e+01,1.774117479628e-06
4.997639736105e-03,1.464895572349e+01,4.170322928294e+00,2.715919048924e+07,3.007044880747e+02,1.129303749553e+01,1.734058060986e-06
4.997652279025e-03,1.457674753715e+01,4.109919913467e+00,2.738896667920e+07,3.007013534690e+02,1.129316030941e+01,1.694623422097e-06
4.997664808496e-03,1.450447349516e+01,4.049945986865e+00,2.762227308337e+07,3.006982132878e+02,1.129328329915e+01,1.655808239889e-06
4.997677324229e-03,1.443213726515e+01,3.990406998696e+00,2.785917946487e+07,3.006950676683e+02,1.129340645912e+01,1.617610031567e-06
4.997689826323e-03,1.435974028109e+01,3.931306823417e+00,2.809976466818e+07,3.006919166508e+02,1.129352978750e+01,1.580025001573e-06
4.997702314744e-03,1.428728477068e+01,3.872649869749e+00,2.834410688860e+07,3.006887603106e+02,1.129365328108e+01,1.543049674484e-06
4.997714789660e-03,1.421477176729e+01,3.814439462083e+00,2.859229037286e+07,3.006855986711e+02,1.129377693874e+01,1.506679873116e-06
4.997727250803e-03,1.414220484934e+01,3.756680848062e+00,2.884439273116e+07,3.006824318666e+02,1.129390075498e+01,1.470912598562e-06
4.997739698554e-03,1.406958383091e+01,3.699376149314e+00,2.910050671221e+07,3.006792598680e+02,1.129402473073e+01,1.435742893820e-06
4.997752132808e-03,1.399691133005e+01,3.642529601657e+00,2.936071754506e+07,3.006760827683e+02,1.129414886216e+01,1.401167103385e-06
4.997764553096e-03,1.392419213461e+01,3.586146985076e+00,2.962510470980e+07,3.006729007562e+02,1.129427314169e+01,1.367182461377e-06
4.997776960069e-03,1.385142444443e+01,3.530228833207e+00,2.989377383087e+07,3.006697137321e+02,1.129439757303e+01,1.333783020893e-06
4.997789353478e-03,1.377861174765e+01,3.474779659027e+00,3.016681370975e+07,3.006665218284e+02,1.129452215085e+01,1.300965233047e-06
4.997801733409e-03,1.370575555983e+01,3.419802328382e+00,3.044432283216e+07,3.006633250912e+02,1.129464687316e+01,1.268724546380e-06
4.997814099811e-03,1.363285819632e+01,3.365300186925e+00,3.072639917360e+07,3.006601236022e+02,1.129477173664e+01,1.237056682817e-06
4.997826452867e-03,1.355992058918e+01,3.311275420350e+00,3.101314865831e+07,3.006569173824e+02,1.129489674032e+01,1.205956685136e-06
4.997838792132e-03,1.348694737664e+01,3.257732826505e+00,3.130466525539e+07,3.006537066163e+02,1.129502187687e+01,1.175421083221e-06
4.997851118329e-03,1.341393629516e+01,3.204672002466e+00,3.160107315900e+07,3.006504911850e+02,1.129514715080e+01,1.145443436549e-06
4.997863430846e-03,1.334089296179e+01,3.152098176758e+00,3.190246769175e+07,3.006472713169e+02,1.129527255310e+01,1.116020502383e-06
4.997875729811e-03,1.326781861714e+01,3.100013251976e+00,3.220896469049e+07,3.006440470480e+02,1.129539808226e+01,1.087147136762e-06
4.997888015638e-03,1.319471278268e+01,3.048417802921e+00,3.252069043790e+07,3.006408183388e+02,1.129552373973e+01,1.058817485049e-06
4.997900287893e-03,1.312158001817e+01,2.997315846298e+00,3.283775296202e+07,3.006375853724e+02,1.129564951830e+01,1.031027589938e-06
4.997912546774e-03,1.304842111989e+01,2.946708610655e+00,3.316027947989e+07,3.006343481662e+02,1.129577541721e+01,1.003771958741e-06
4.997924792375e-03,1.297523748124e+01,2.896597628045e+00,3.348839803948e+07,3.006311067642e+02,1.129590143470e+01,9.770452818860e-07
4.997937024607e-03,1.290203158908e+01,2.846985053634e+00,3.382223518774e+07,3.006278612593e+02,1.129602756710e+01,9.508425883284e-07
4.997949243432e-03,1.282880560952e+01,2.797872686585e+00,3.416192229577e+07,3.006246117307e+02,1.129615381129e+01,9.251587173119e-07
4.997961449033e-03,1.275556038251e+01,2.749261312135e+00,3.450760050406e+07,3.006213581989e+02,1.129628016643e+01,8.999879904414e-07
4.997973641140e-03,1.268229943560e+01,2.701153374722e+00,3.485940199811e+07,3.006181008044e+02,1.129640662706e+01,8.753255975124e-07
4.997985820146e-03,1.260902232956e+01,2.653548579996e+00,3.521748173836e+07,3.006148395117e+02,1.129653319454e+01,8.511653343059e-07
4.997997985670e-03,1.253573323141e+01,2.606449515878e+00,3.558197630437e+07,3.006115744904e+02,1.129665986227e+01,8.275024798281e-07
4.998010138014e-03,1.246243222122e+01,2.559855998142e+00,3.595304641351e+07,3.006083057291e+02,1.129678663072e+01,8.043309232768e-07
4.998022277134e-03,1.238912141742e+01,2.513769036249e+00,3.633084694376e+07,3.006050333070e+02,1.129691349683e+01,7.816451787507e-07
4.998034403116e-03,1.231580215121e+01,2.468189020273e+00,3.671554115674e+07,3.006017572691e+02,1.129704045888e+01,7.594394728696e-07
4.998046515611e-03,1.224247838329e+01,2.423117843727e+00,3.710728288450e+07,3.005984777779e+02,1.129716751061e+01,7.377087744133e-07
4.998058615128e-03,1.216914883740e+01,2.378554050513e+00,3.750625843947e+07,3.005951947627e+02,1.129729465481e+01,7.164464566466e-07
4.998070701336e-03,1.209581733700e+01,2.334499191535e+00,3.791263156941e+07,3.005919083808e+02,1.129742188543e+01,6.956473651710e-07
4.998082774444e-03,1.202248440106e+01,2.290952693027e+00,3.832658899218e+07,3.005886186425e+02,1.129754920215e+01,6.753053545814e-07
4.998094834246e-03,1.194915304911e+01,2.247915356195e+00,3.874830854621e+07,3.005853256705e+02,1.129767660029e+01,6.554149502767e-07
4.998106880999e-03,1.187582347032e+01,2.205386197183e+00,3.917798952617e+07,3.005820294607e+02,1.129780408010e+01,6.359698769150e-07
4.998118914623e-03,1.180249790067e+01,2.163365321325e+00,3.961582498342e+07,3.005787301015e+02,1.129793163825e+01,6.169643953930e-07
4.998130934904e-03,1.172917934956e+01,2.121853146665e+00,4.006200875215e+07,3.005754277169e+02,1.129805927005e+01,5.983929253689e-07
4.998142942567e-03,1.165586510005e+01,2.080846748618e+00,4.051677557658e+07,3.005721221729e+02,1.129818698078e+01,5.802484356091e-07
4.998154936601e-03,1.158256301034e+01,2.040349024145e+00,4.098030098679e+07,3.005688138130e+02,1.129831475730e+01,5.625265050387e-07
4.998166917599e-03,1.150927110934e+01,2.000357269988e+00,4.145282789187e+07,3.005655025378e+02,1.129844260357e+01,5.452202648406e-07
4.998178885906e-03,1.143598893663e+01,1.960869563099e+00,4.193459711887e+07,3.005621883163e+02,1.129857052093e+01,5.283232596280e-07
4.998190841027e-03,1.136272113704e+01,1.921886632741e+00,4.242582284304e+07,3.005588713486e+02,1.129869850181e+01,5.118302053523e-07
4.998202782946e-03,1.128946941589e+01,1.883407497554e+00,4.292674514213e+07,3.005555517026e+02,1.129882654372e+01,4.957351076944e-07
4.998214712001e-03,1.121623328005e+01,1.845429931067e+00,4.343762661913e+07,3.005522293469e+02,1.129895464804e+01,4.800315008023e-07
4.998226627850e-03,1.114301638679e+01,1.807953771728e+00,4.395870872710e+07,3.005489044390e+02,1.129908280888e+01,4.647138183292e-07
4.998238530911e-03,1.106981771277e+01,1.770976352017e+00,4.449027380158e+07,3.005455769240e+02,1.129921102853e+01,4.497755086251e-07
4.998250420823e-03,1.099664098752e+01,1.734497327528e+00,4.503257818403e+07,3.005422469637e+02,1.129933930093e+01,4.352110096871e-07
4.998262297802e-03,1.092348638057e+01,1.698514463124e+00,4.558591254154e+07,3.005389145583e+02,1.129946762627e+01,4.210140396185e-07
4.998274161965e-03,1.085035465080e+01,1.663025742529e+00,4.615057232428e+07,3.005355797354e+02,1.129959600368e+01,4.071784614558e-07
4.998286013105e-03,1.077724851699e+01,1.628030010148e+00,4.672684694692e+07,3.005322426121e+02,1.129972442887e+01,3.936985197718e-07
4.998297851160e-03,1.070416980015e+01,1.593525572007e+00,4.731504184180e+07,3.005289032654e+02,1.129985289908e+01,3.805682897801e-07
4.998309676569e-03,1.063111719713e+01,1.559509184376e+00,4.791549768528e+07,3.005255616298e+02,1.129998141706e+01,3.677813161607e-07
4.998321488768e-03,1.055809558127e+01,1.525980406875e+00,4.852851488980e+07,3.005222179227e+02,1.130010997467e+01,3.553322506579e-07
4.998333288489e-03,1.048510178237e+01,1.492935006773e+00,4.915447153919e+07,3.005188719938e+02,1.130023857793e+01,3.432143857842e-07
4.998345074928e-03,1.041214211582e+01,1.460372990896e+00,4.979367611327e+07,3.005155241277e+02,1.130036721612e+01,3.314226294940e-07
4.998356848935e-03,1.033921264656e+01,1.428289682109e+00,5.044653746513e+07,3.005121741395e+02,1.130049589661e+01,3.199502384678e-07
4.998368609703e-03,1.026631965916e+01,1.396684857453e+00,5.111338592134e+07,3.005088223139e+02,1.130062460871e+01,3.087921292287e-07
4.998380357808e-03,1.019346086709e+01,1.365554462217e+00,5.179464134445e+07,3.005054685421e+02,1.130075335685e+01,2.979419061951e-07
4.998392092976e-03,1.012063920975e+01,1.334896636269e+00,5.249068872144e+07,3.005021129561e+02,1.130088213623e+01,2.873940105945e-07
4.998403815714e-03,1.004785277752e+01,1.304707405963e+00,5.320197278142e+07,3.004987554651e+02,1.130101095061e+01,2.771422169381e-07
4.998415525146e-03,9.975108210537e+00,1.274986280588e+00,5.392886888695e+07,3.004953963727e+02,1.130113978860e+01,2.671815389950e-07
4.998427222284e-03,9.902400403456e+00,1.245727875962e+00,5.467188333312e+07,3.004920354410e+02,1.130126865962e+01,2.575054039613e-07
4.998438906241e-03,9.829736031907e+00,1.216931528060e+00,5.543141882699e+07,3.004886729768e+02,1.130139755217e+01,2.481088754972e-07
4.998450577782e-03,9.757111468677e+00,1.188592389515e+00,5.620800015458e+07,3.004853088108e+02,1.130152647305e+01,2.389857016586e-07
4.998462236444e-03,9.684530724324e+00,1.160708573756e+00,5.700208856018e+07,3.004819431276e+02,1.130165541547e+01,2.301306613444e-07
4.998473882394e-03,9.611993835116e+00,1.133276580928e+00,5.781420484921e+07,3.004785759282e+02,1.130178437969e+01,2.215380734475e-07
4.998485515639e-03,9.539501837034e+00,1.106293246445e+00,5.864487717460e+07,3.004752072601e+02,1.130191336418e+01,2.132024318079e-07
4.998497136325e-03,9.467054864497e+00,1.079755022313e+00,5.949466307484e+07,3.004718371295e+02,1.130204236902e+01,2.051181800121e-07
4.998508744259e-03,9.394655151320e+00,1.053659081599e+00,6.036411526345e+07,3.004684656405e+02,1.130217139054e+01,1.972800475158e-07
4.998520339276e-03,9.322304724487e+00,1.028002453138e+00,6.125380846270e+07,3.004650928882e+02,1.130230042540e+01,1.896827781817e-07
4.998531921895e-03,9.250001332851e+00,1.002780608192e+00,6.216439174076e+07,3.004617187686e+02,1.130242947790e+01,1.823207271643e-07
4.998543491898e-03,9.177747297031e+00,9.779905968030e-01,6.309648050536e+07,3.004583433910e+02,1.130255854419e+01,1.751887884633e-07
4.998555049330e-03,9.105543276352e+00,9.536288414171e-01,6.405073427630e+07,3.004549667877e+02,1.130268762334e+01,1.682817382959e-07
4.998566593897e-03,9.033392018213e+00,9.296924202628e-01,6.502780905146e+07,3.004515890892e+02,1.130281671071e+01,1.615946035526e-07
4.998578126079e-03,8.961291425170e+00,9.061767610086e-01,6.602845181724e+07,3.004482101994e+02,1.130294581028e+01,1.551220200129e-07
4.998589645823e-03,8.889242701319e+00,8.830783621225e-01,6.705339247025e+07,3.004448301770e+02,1.130307492015e+01,1.488589990710e-07
4.998601152592e-03,8.817250067174e+00,8.603946309617e-01,6.810334467871e+07,3.004414492229e+02,1.130320403298e+01,1.428008581447e-07
4.998612647019e-03,8.745310388877e+00,8.381206086577e-01,6.917915773958e+07,3.004380671931e+02,1.130333315461e+01,1.369423504557e-07
4.998624128997e-03,8.673425155930e+00,8.162527754797e-01,7.028164530226e+07,3.004346841607e+02,1.130346228258e+01,1.312786919118e-07
4.998635598227e-03,8.601597031928e+00,7.947879211479e-01,7.141163407406e+07,3.004313002547e+02,1.130359141232e+01,1.258052421932e-07
4.998647055414e-03,8.529822376054e+00,7.737209265843e-01,7.257008405967e+07,3.004279153075e+02,1.130372055055e+01,1.205169492574e-07
4.998658499279e-03,8.458109958998e+00,7.530502933972e-01,7.375779076623e+07,3.004245297368e+02,1.130384968170e+01,1.154097381563e-07
4.998669931540e-03,8.386449745077e+00,7.327690498060e-01,7.497589616605e+07,3.004211430734e+02,1.130397882400e+01,1.104782502839e-07
4.998681350682e-03,8.314851953061e+00,7.128759960842e-01,7.622524231134e+07,3.004177558047e+02,1.130410795922e+01,1.057186173100e-07
4.998692757938e-03,8.243309542710e+00,6.933650572563e-01,7.750700839467e+07,3.004143676026e+02,1.130423710021e+01,1.011258616036e-07
4.998704152218e-03,8.171830038266e+00,6.742341547437e-01,7.882215981095e+07,3.004109788287e+02,1.130436623356e+01,9.669602851123e-08
4.998715534373e-03,8.100408754182e+00,6.554778815118e-01,8.017192786354e+07,3.004075892662e+02,1.130449536786e+01,9.242445420418e-08
4.998726903913e-03,8.029049418756e+00,6.370930617388e-01,8.155743626313e+07,3.004041990977e+02,1.130462449651e+01,8.830706508546e-08
4.998738261281e-03,7.957749860937e+00,6.190749677173e-01,8.297997162408e+07,3.004008082260e+02,1.130475362359e+01,8.433950804754e-08
4.998749606105e-03,7.886513039979e+00,6.014201705376e-01,8.444077265594e+07,3.003974167979e+02,1.130488274384e+01,8.051779127376e-08
4.998760938544e-03,7.815338539558e+00,5.841243745575e-01,8.594120070174e+07,3.003940247999e+02,1.130501185814e+01,7.683780220754e-08
4.998772258658e-03,7.744226551379e+00,5.671834328136e-01,8.748266405848e+07,3.003906322478e+02,1.130514096624e+01,7.329553495751e-08
4.998783566624e-03,7.673176536895e+00,5.505930239098e-01,8.906664953157e+07,3.003872391224e+02,1.130527006924e+01,6.988702130679e-08
4.998794861920e-03,7.602192300382e+00,5.343498275268e-01,9.069461131882e+07,3.003838456126e+02,1.130539916030e+01,6.660856696536e-08
4.998806145115e-03,7.531270798097e+00,5.184489360325e-01,9.236822712342e+07,3.003804515800e+02,1.130552824504e+01,6.345622593900e-08
4.998817415890e-03,7.460414545430e+00,5.028867067081e-01,9.408911900559e+07,3.003770571523e+02,1.130565731898e+01,6.042637912225e-08
4.998828674370e-03,7.389623251181e+00,4.876588617328e-01,9.585905109620e+07,3.003736623232e+02,1.130578638270e+01,5.751535045812e-08
4.998839920660e-03,7.318896723387e+00,4.727611521115e-01,9.767986702627e+07,3.003702670911e+02,1.130591543662e+01,5.471954221696e-08
4.998851154461e-03,7.248237319887e+00,4.581898620337e-01,9.955342928362e+07,3.003668715772e+02,1.130604447650e+01,5.203552500511e-08
4.998862376269e-03,7.177642367880e+00,4.439402351099e-01,1.014818229603e+08,3.003634756611e+02,1.130617350726e+01,4.945974735762e-08
4.998873585669e-03,7.107114907068e+00,4.300086847967e-01,1.034670749464e+08,3.003600794973e+02,1.130630252340e+01,4.698894097973e-08
4.998884782945e-03,7.036653571438e+00,4.163907415192e-01,1.055114337066e+08,3.003566830285e+02,1.130643152745e+01,4.461974633708e-08
4.998895967998e-03,6.966259398731e+00,4.030824159564e-01,1.076171867948e+08,3.003532863132e+02,1.130656051754e+01,4.234895805499e-08
4.998907140859e-03,6.895932575314e+00,3.900795575583e-01,1.097867588622e+08,3.003498893692e+02,1.130668949336e+01,4.017340962359e-08
4.998918301513e-03,6.825673593138e+00,3.773780787752e-01,1.120226846855e+08,3.003464922290e+02,1.130681845402e+01,3.809001219008e-08
4.998929449864e-03,6.755483412255e+00,3.649739796184e-01,1.143276097648e+08,3.003430949482e+02,1.130694739776e+01,3.609575672569e-08
4.998940586206e-03,6.685360543329e+00,3.528628371720e-01,1.167043948129e+08,3.003396974639e+02,1.130707632734e+01,3.418763311684e-08
4.998951710427e-03,6.615306032338e+00,3.410406864687e-01,1.191559602034e+08,3.003362998360e+02,1.130720524082e+01,3.236277086593e-08
4.998962822446e-03,6.545320719765e+00,3.295035293056e-01,1.216853826542e+08,3.003329021146e+02,1.130733413666e+01,3.061835714201e-08
4.998973922228e-03,6.475405153951e+00,3.182473244699e-01,1.242959086412e+08,3.003295043362e+02,1.130746301383e+01,2.895163557701e-08
4.998985010073e-03,6.405557744368e+00,3.072677028019e-01,1.269910370567e+08,3.003261064329e+02,1.130759187525e+01,2.735986617841e-08
4.998996085660e-03,6.335780817020e+00,2.965609291466e-01,1.297742997050e+08,3.003227085277e+02,1.130772071660e+01,2.584046432821e-08
4.999007149233e-03,6.266073117571e+00,2.861227219894e-01,1.326495614553e+08,3.003193105695e+02,1.130784954016e+01,2.439082839611e-08
4.999018200828e-03,6.196434698862e+00,2.759490209790e-01,1.356208439856e+08,3.003159125709e+02,1.130797834581e+01,2.300845107637e-08
4.999029240339e-03,6.126866492950e+00,2.660359072938e-01,1.386923510674e+08,3.003125145873e+02,1.130810713179e+01,2.169090449062e-08
4.999040267680e-03,6.057369297756e+00,2.563794509554e-01,1.418685240864e+08,3.003091166681e+02,1.130823589657e+01,2.043581780461e-08
4.999051283226e-03,5.987940998271e+00,2.469753371557e-01,1.451541898570e+08,3.003057187200e+02,1.130836464403e+01,1.924083054984e-08
4.999062286365e-03,5.918585685984e+00,2.378201108542e-01,1.485541502930e+08,3.003023209539e+02,1.130849336652e+01,1.810374964762e-08
4.999073277974e-03,5.849298064609e+00,2.289090869496e-01,1.520739496608e+08,3.002989231206e+02,1.130862207380e+01,1.702228658720e-08
4.999084257435e-03,5.780082249714e+00,2.202388322642e-01,1.557189728866e+08,3.002955254324e+02,1.130875075819e+01,1.599436481748e-08
4.999095224448e-03,5.710940335143e+00,2.118056459880e-01,1.594950206321e+08,3.002921280030e+02,1.130887941570e+01,1.501792658197e-08
4.999106180293e-03,5.641864459301e+00,2.036046457797e-01,1.634087963146e+08,3.002887304567e+02,1.130900806091e+01,1.409083618686e-08
4.999117123513e-03,5.572864003163e+00,1.956330378356e-01,1.674664171135e+08,3.002853332657e+02,1.130913667625e+01,1.321125035937e-08
4.999128055240e-03,5.503932009341e+00,1.878861244768e-01,1.716753405669e+08,3.002819360983e+02,1.130926527462e+01,1.237716503787e-08
4.999138974880e-03,5.435072406147e+00,1.803604846132e-01,1.760428169945e+08,3.002785391590e+02,1.130939384861e+01,1.158677070750e-08
4.999149882411e-03,5.366285497950e+00,1.730522980377e-01,1.805767746168e+08,3.002751424738e+02,1.130952239755e+01,1.083826447094e-08
4.999160778409e-03,5.297567821315e+00,1.659573755555e-01,1.852858997723e+08,3.002717458828e+02,1.130965092783e+01,1.012985871423e-08
4.999171662096e-03,5.228924440786e+00,1.590724369417e-01,1.901788407385e+08,3.002683496474e+02,1.130977942987e+01,9.459907149483e-09
4.999182534255e-03,5.160350560999e+00,1.523932206069e-01,1.952655172441e+08,3.002649535414e+02,1.130990791255e+01,8.826716134452e-09
4.999193394510e-03,5.091848700977e+00,1.459162214360e-01,2.005559565265e+08,3.002615577007e+02,1.131003637104e+01,8.228714819287e-09
4.999204242873e-03,5.023418917357e+00,1.396377108206e-01,2.060610402241e+08,3.002581621394e+02,1.131016480513e+01,7.664357710102e-09
4.999215079332e-03,4.955061424537e+00,1.335539979924e-01,2.117923705074e+08,3.002547668795e+02,1.131029321431e+01,7.132149631354e-09
4.999225903989e-03,4.886775690575e+00,1.276613506075e-01,2.177624069522e+08,3.002513719057e+02,1.131042159946e+01,6.630638031313e-09
4.999236717043e-03,4.818560594847e+00,1.219560161728e-01,2.239845293287e+08,3.002479771737e+02,1.131054996256e+01,6.158414682887e-09
4.999247517806e-03,4.750420576123e+00,1.164347264094e-01,2.304725350840e+08,3.002445829159e+02,1.131067829514e+01,5.714154757393e-09
4.999258307398e-03,4.682348686236e+00,1.110933106978e-01,2.372423107920e+08,3.002411887975e+02,1.131080661016e+01,5.296504442190e-09
4.999269084635e-03,4.614352495054e+00,1.059287793391e-01,2.443094268818e+08,3.002377952073e+02,1.131093489322e+01,4.904245987210e-09
4.999279850547e-03,4.546425605978e+00,1.009370856721e-01,2.516920633717e+08,3.002344018377e+02,1.131106315626e+01,4.536121384009e-09
4.999290604583e-03,4.478571577882e+00,9.611496338627e-02,2.594086666941e+08,3.002310088777e+02,1.131119139242e+01,4.190973109699e-09
4.999301346739e-03,4.410790534858e+00,9.145891075957e-02,2.674794598324e+08,3.002276163452e+02,1.131131960133e+01,3.867665093385e-09
4.999312077457e-03,4.343079772351e+00,8.696526406396e-02,2.759265686116e+08,3.002242241163e+02,1.131144778797e+01,3.565089975845e-09
4.999322796462e-03,4.275441098503e+00,8.263069394427e-02,2.847732754778e+08,3.002208322929e+02,1.131157594877e+01,3.282201845246e-09
4.999333503393e-03,4.207876867232e+00,7.845191923265e-02,2.940446144649e+08,3.002174410048e+02,1.131170407911e+01,3.017994042888e-09
4.999344198866e-03,4.140383270057e+00,7.442530274795e-02,3.037684965106e+08,3.002140500725e+02,1.131183218608e+01,2.771474148089e-09
4.999354882717e-03,4.072961398779e+00,7.054754107115e-02,3.139744096490e+08,3.002106595622e+02,1.131196026745e+01,2.541707085158e-09
4.999365554951e-03,4.005611301097e+00,6.681529315705e-02,3.246944456146e+08,3.002072694879e+02,1.131208832297e+01,2.327790042996e-09
4.999376215337e-03,3.938334485055e+00,6.322532300684e-02,3.359631609381e+08,3.002038799371e+02,1.131221634963e+01,2.128859993553e-09
4.999386864309e-03,3.871128271692e+00,5.977419816079e-02,3.478187991028e+08,3.002004907863e+02,1.131234435235e+01,1.944076383234e-09
4.999397501572e-03,3.803994580026e+00,5.645875690339e-02,3.603021257207e+08,3.001971021440e+02,1.131247232733e+01,1.772646008756e-09
4.999408127168e-03,3.736933190537e+00,5.327575268788e-02,3.734579234500e+08,3.001937140105e+02,1.131260027482e+01,1.613802403576e-09
4.999418741427e-03,3.669942073569e+00,5.022188580559e-02,3.873354060808e+08,3.001903262949e+02,1.131272819852e+01,1.466807668022e-09
4.999429343667e-03,3.603025578005e+00,4.729417492063e-02,4.019869610937e+08,3.001869392287e+02,1.131285608997e+01,1.330969027739e-09
4.999439934683e-03,3.536178723789e+00,4.448925206012e-02,4.174719776398e+08,3.001835525714e+02,1.131298395850e+01,1.205604739574e-09
4.999450514014e-03,3.469404468462e+00,4.180412322078e-02,4.338536743028e+08,3.001801664843e+02,1.131311179829e+01,1.090078862156e-09
4.999461081797e-03,3.402701983517e+00,3.923566173631e-02,4.512023601955e+08,3.001767809370e+02,1.131323961075e+01,9.837768630394e-10
4.999471638183e-03,3.336070348733e+00,3.678077041981e-02,4.695953801440e+08,3.001733958942e+02,1.131336739747e+01,8.861125694925e-10
4.999482183009e-03,3.269510623442e+00,3.443645497687e-02,4.891173689961e+08,3.001700114211e+02,1.131349515624e+01,7.965300176895e-10
4.999492716114e-03,3.203023868594e+00,3.219974487990e-02,5.098616981814e+08,3.001666275834e+02,1.131362288484e+01,7.144991903852e-10
4.999503237962e-03,3.136607164286e+00,3.006756593487e-02,5.319329018921e+08,3.001632442438e+02,1.131375058869e+01,6.395109995755e-10
4.999513748407e-03,3.070261476720e+00,2.803700515423e-02,5.554455165882e+08,3.001598614630e+02,1.131387826577e+01,5.710861889751e-10
4.999524247090e-03,3.003989090709e+00,2.610521270165e-02,5.805261914397e+08,3.001564793689e+02,1.131400591148e+01,5.087703796694e-10
4.999534734400e-03,2.937787578323e+00,2.426922759830e-02,6.073176884553e+08,3.001530978491e+02,1.131413353031e+01,4.521279174710e-10
4.999545210389e-03,2.871656628792e+00,2.252618425295e-02,6.359784259414e+08,3.001497168991e+02,1.131426112267e+01,4.007480762543e-10
4.999555674968e-03,2.805596819509e+00,2.087326991051e-02,6.666851418503e+08,3.001463365596e+02,1.131438868726e+01,3.542426163663e-10
4.999566127807e-03,2.739610264713e+00,1.930773549844e-02,6.996351639748e+08,3.001429569504e+02,1.131451621980e+01,3.122451496343e-10
4.999576569864e-03,2.673690930316e+00,1.782667063825e-02,7.350545437697e+08,3.001395777735e+02,1.131464373176e+01,2.744047076573e-10
4.999586999841e-03,2.607847030291e+00,1.642751964624e-02,7.731901690319e+08,3.001361994614e+02,1.131477120707e+01,2.403983311500e-10
4.999597418988e-03,2.542070680405e+00,1.510740429284e-02,8.143306593241e+08,3.001328216209e+02,1.131489866077e+01,2.099131926859e-10
4.999607826248e-03,2.476368566431e+00,1.386377953407e-02,8.587939696006e+08,3.001294446065e+02,1.131502607972e+01,1.826620033958e-10
4.999618222756e-03,2.410733550174e+00,1.269386166621e-02,9.069513961188e+08,3.001260680625e+02,1.131515347757e+01,1.583690080756e-10
4.999628607438e-03,2.345172414928e+00,1.159515363811e-02,9.592162685192e+08,3.001226923490e+02,1.131528084094e+01,1.367808534060e-10
4.999638980865e-03,2.279681568212e+00,1.056500436670e-02,1.016070391729e+09,3.001193172923e+02,1.131540817661e+01,1.176565499496e-10
4.999649343051e-03,2.214260929256e+00,9.600856124960e-03,1.078064804894e+09,3.001159428994e+02,1.131553548453e+01,1.007720757329e-10
4.999659694100e-03,2.148909856017e+00,8.700174355691e-03,1.145836235183e+09,3.001125691480e+02,1.131566276574e+01,8.591824554791e-11
4.999670033569e-03,2.083631150796e+00,7.860501391545e-03,1.220119028371e+09,3.001091961940e+02,1.131579001459e+01,7.290090645903e-11
4.999680361753e-03,2.018422964924e+00,7.079347463273e-03,1.301773712396e+09,3.001058239530e+02,1.131591723446e+01,6.153858324651e-11
4.999690679035e-03,1.953282877266e+00,6.354252624300e-03,1.391808273431e+09,3.001024523106e+02,1.131604442987e+01,5.166301019175e-11
4.999700984686e-03,1.888215508482e+00,5.682866911633e-03,1.491397884567e+09,3.000990815170e+02,1.131617159159e+01,4.311947721643e-11
4.999711279309e-03,1.823217049914e+00,5.062780721329e-03,1.601945321512e+09,3.000957113857e+02,1.131629872684e+01,3.576397912069e-11
4.999721562619e-03,1.758289314109e+00,4.491674570677e-03,1.725109216377e+09,3.000923420217e+02,1.131642583187e+01,2.946462847536e-11
4.999731834706e-03,1.693431730729e+00,3.967237967104e-03,1.862878901308e+09,3.000889734061e+02,1.131655290757e+01,2.410004124269e-11
4.999742095401e-03,1.628645377963e+00,3.487206380450e-03,2.017647096770e+09,3.000856056060e+02,1.131667995162e+01,1.955921756386e-11
4.999752345318e-03,1.563926378028e+00,3.049312571788e-03,2.192329824564e+09,3.000822384303e+02,1.131680697140e+01,1.574055207558e-11
4.999762583688e-03,1.499279588523e+00,2.651383410922e-03,2.390467953968e+09,3.000788721425e+02,1.131693395716e+01,1.255215779267e-11
4.999772811025e-03,1.434701777525e+00,2.291225629457e-03,2.616453002969e+09,3.000755065850e+02,1.131706091503e+01,9.910340445335e-12
4.999783027297e-03,1.370193146496e+00,1.966702743975e-03,2.875738088977e+09,3.000721417791e+02,1.131718784438e+01,7.739767565393e-12
4.999793232182e-03,1.305755731707e+00,1.675720624951e-03,3.175168197149e+09,3.000687778414e+02,1.131731474099e+01,5.972804132888e-12
4.999803426195e-03,1.241386283885e+00,1.416195874526e-03,3.523466842176e+09,3.000654146130e+02,1.131744161103e+01,4.548847722329e-12
4.999813608840e-03,1.177087932605e+00,1.186108011991e-03,3.931815563113e+09,3.000620522679e+02,1.131756844811e+01,3.414162845913e-12
4.999823780496e-03,1.112858295683e+00,9.834513155555e-04,4.414821143287e+09,3.000586906921e+02,1.131769525669e+01,2.521144555577e-12
4.999833941271e-03,1.048696691783e+00,8.062646452929e-04,4.991789220722e+09,3.000553298602e+02,1.131782203789e+01,1.828033870698e-12
4.999844090571e-03,9.846068728899e-01,6.526358805733e-04,5.688627786956e+09,3.000519699791e+02,1.131794878407e+01,1.298467705676e-12
4.999854228844e-03,9.205860088518e-01,5.206741940575e-04,6.540891581733e+09,3.000486109111e+02,1.131807550058e+01,9.009520744857e-13
4.999864356340e-03,8.566325325401e-01,4.085335455890e-04,7.598294859847e+09,3.000452525841e+02,1.131820219031e+01,6.085398574007e-13
4.999874472546e-03,7.927496748247e-01,3.144171566554e-04,8.931960954597e+09,3.000418951780e+02,1.131832884660e+01,3.984205475290e-13
4.999884577886e-03,7.289347661113e-01,2.365608425213e-04,1.064675504342e+10,3.000385385626e+02,1.131845547452e+01,2.514853917625e-13
4.999894672015e-03,6.651899834072e-01,1.732511346579e-04,1.290201341444e+10,3.000351828627e+02,1.131858206950e+01,1.519884628290e-13
4.999904755177e-03,6.015137978715e-01,1.228161984391e-04,1.594957960864e+10,3.000318280081e+02,1.131870863434e+01,8.715720412824e-14
4.999914827585e-03,5.379048496651e-01,8.363346629119e-05,2.020585789026e+10,3.000284739368e+02,1.131883517150e+01,4.684945449546e-14
4.999924888770e-03,4.743661164992e-01,5.413403959932e-05,2.639825498638e+10,3.000251208161e+02,1.131896167481e+01,2.321142514320e-14
4.999934938834e-03,4.108969495554e-01,3.280123008938e-05,3.588935770470e+10,3.000217686217e+02,1.131908814531e+01,1.034512842808e-14
4.999944978077e-03,3.474954518545e-01,1.817764125526e-05,5.146688064605e+10,3.000184172634e+02,1.131921458652e+01,3.997845205738e-15
4.999955006416e-03,2.841621639342e-01,8.872136813005e-06,7.953802934127e+10,3.000150667795e+02,1.131934099712e+01,1.262625473515e-15
4.999965023932e-03,2.208965589110e-01,3.567478240452e-06,1.373938933453e+11,3.000117171517e+02,1.131946737789e+01,2.939137437690e-16
4.999975030259e-03,1.577009597488e-01,1.034643764153e-06,2.839555676346e+11,3.000083685129e+02,1.131959372394e+01,4.124499884536e-17
4.999985025904e-03,9.457216538553e-02,1.588364049059e-07,8.087197404562e+11,3.000050207029e+02,1.131972004140e+01,2.223246875244e-18
4.999995010435e-03,3.151290131289e-02,5.740428634982e-09,4.395216236129e+12,3.000016738758e+02,1.131984632453e+01,1.478443072966e-20
