r_m,u_m_s,k_m2_s2,omega_1_s,T_K,rho_kg_m3,mu_t_Pa_s
1.826244088655e-06,3.902688550255e+01,4.484235129702e+00,3.644538476032e+03,3.168336771649e+03,1.443514429761e+01,1.776098169558e-02
4.261235235878e-06,3.902688180273e+01,4.484239436046e+00,3.644543979169e+03,3.168336524537e+03,1.443514542341e+01,1.776097331866e-02
6.939723167463e-06,3.902687366313e+01,4.484248906881e+00,3.644556083021e+03,3.168335980892e+03,1.443514790019e+01,1.776095489205e-02
9.652992608741e-06,3.902686129518e+01,4.484263293050e+00,3.644574470191e+03,3.168335154835e+03,1.443515166361e+01,1.776092689672e-02
1.237785151718e-05,3.902684473412e+01,4.484282550489e+00,3.644599085370e+03,3.168334048719e+03,1.443515670294e+01,1.776088941480e-02
1.510797359863e-05,3.902682399278e+01,4.484306661226e+00,3.644629906604e+03,3.168332663401e+03,1.443516301428e+01,1.776084247773e-02
1.784092465475e-05,3.902679907734e+01,4.484335615024e+00,3.644666921835e+03,3.168330999294e+03,1.443517059576e+01,1.776078610193e-02
2.057556785247e-05,3.902676999126e+01,4.484369404789e+00,3.644710123034e+03,3.168329056630e+03,1.443517944632e+01,1.776072029779e-02
2.331130056797e-05,3.902673673670e+01,4.484408024953e+00,3.644759504132e+03,3.168326835552e+03,1.443518956533e+01,1.776064507276e-02
2.604777322393e-05,3.902669931510e+01,4.484451470774e+00,3.644815060130e+03,3.168324336156e+03,1.443520095233e+01,1.776056043273e-02
2.878476879124e-05,3.902665772746e+01,4.484499737998e+00,3.644876786667e+03,3.168321558511e+03,1.443521360704e+01,1.776046638270e-02
3.152214515932e-05,3.902661197455e+01,4.484552822674e+00,3.644944679777e+03,3.168318502665e+03,1.443522752922e+01,1.776036292712e-02
3.425980516876e-05,3.902656205691e+01,4.484610721048e+00,3.645018735764e+03,3.168315168657e+03,1.443524271873e+01,1.776025007009e-02
3.699767996275e-05,3.902650797501e+01,4.484673429499e+00,3.645098951113e+03,3.168311556517e+03,1.443525917542e+01,1.776012781550e-02
3.973571922757e-05,3.902644972921e+01,4.484740944498e+00,3.645185322439e+03,3.168307666269e+03,1.443527689919e+01,1.775999616712e-02
4.247388521097e-05,3.902638731980e+01,4.484813262578e+00,3.645277846450e+03,3.168303497933e+03,1.443529588997e+01,1.775985512864e-02
4.521214891571e-05,3.902632074706e+01,4.484890380319e+00,3.645376519927e+03,3.168299051526e+03,1.443531614768e+01,1.775970470367e-02
4.795048759811e-05,3.902625001120e+01,4.484972294332e+00,3.645481339705e+03,3.168294327063e+03,1.443533767227e+01,1.775954489585e-02
5.068888307796e-05,3.902617511242e+01,4.485059001248e+00,3.645592302659e+03,3.168289324559e+03,1.443536046369e+01,1.775937570878e-02
5.342732056837e-05,3.902609605091e+01,4.485150497718e+00,3.645709405699e+03,3.168284044024e+03,1.443538452189e+01,1.775919714608e-02
5.616578784820e-05,3.902601282684e+01,4.485246780399e+00,3.645832645761e+03,3.168278485470e+03,1.443540984684e+01,1.775900921140e-02
5.890427466538e-05,3.902592544034e+01,4.485347845954e+00,3.645962019801e+03,3.168272648907e+03,1.443543643850e+01,1.775881190841e-02
6.164277229932e-05,3.902583389158e+01,4.485453691052e+00,3.646097524796e+03,3.168266534344e+03,1.443546429685e+01,1.775860524081e-02
6.438127323516e-05,3.902573818069e+01,4.485564312361e+00,3.646239157735e+03,3.168260141792e+03,1.443549342185e+01,1.775838921235e-02
6.711977091765e-05,3.902563830781e+01,4.485679706546e+00,3.646386915619e+03,3.168253471259e+03,1.443552381348e+01,1.775816382681e-02
6.985825956307e-05,3.902553427307e+01,4.485799870271e+00,3.646540795462e+03,3.168246522753e+03,1.443555547172e+01,1.775792908800e-02
7.259673401364e-05,3.902542607660e+01,4.485924800197e+00,3.646700794286e+03,3.168239296284e+03,1.443558839654e+01,1.775768499981e-02
7.533518962374e-05,3.902531371853e+01,4.486054492977e+00,3.646866909120e+03,3.168231791860e+03,1.443562258792e+01,1.775743156613e-02
7.807362217011e-05,3.902519719897e+01,4.486188945262e+00,3.647039137001e+03,3.168224009489e+03,1.443565804585e+01,1.775716879093e-02
8.081202778024e-05,3.902507651807e+01,4.486328153693e+00,3.647217474973e+03,3.168215949179e+03,1.443569477030e+01,1.775689667822e-02
8.355040287492e-05,3.902495167595e+01,4.486472114906e+00,3.647401920085e+03,3.168207610939e+03,1.443573276126e+01,1.775661523205e-02
8.628874412171e-05,3.902482267273e+01,4.486620825530e+00,3.647592469391e+03,3.168198994778e+03,1.443577201870e+01,1.775632445653e-02
8.902704839698e-05,3.902468950855e+01,4.486774282186e+00,3.647789119949e+03,3.168190100704e+03,1.443581254260e+01,1.775602435579e-02
9.176531275477e-05,3.902455218353e+01,4.486932481485e+00,3.647991868824e+03,3.168180928725e+03,1.443585433296e+01,1.775571493405e-02
9.450353440107e-05,3.902441069781e+01,4.487095420032e+00,3.648200713083e+03,3.168171478850e+03,1.443589738975e+01,1.775539619554e-02
9.724171067242e-05,3.902426505151e+01,4.487263094424e+00,3.648415649797e+03,3.168161751089e+03,1.443594171296e+01,1.775506814456e-02
9.997983901810e-05,3.902411524478e+01,4.487435501246e+00,3.648636676043e+03,3.168151745449e+03,1.443598730256e+01,1.775473078545e-02
1.027179169850e-04,3.902396127775e+01,4.487612637078e+00,3.648863788899e+03,3.168141461940e+03,1.443603415855e+01,1.775438412260e-02
1.054559422052e-04,3.902380315057e+01,4.487794498488e+00,3.649096985449e+03,3.168130900572e+03,1.443608228089e+01,1.775402816046e-02
1.081939123850e-04,3.902364086337e+01,4.487981082036e+00,3.649336262779e+03,3.168120061353e+03,1.443613166958e+01,1.775366290349e-02
1.109318252956e-04,3.902347441629e+01,4.488172384274e+00,3.649581617979e+03,3.168108944294e+03,1.443618232460e+01,1.775328835624e-02
1.136696787660e-04,3.902330380950e+01,4.488368401743e+00,3.649833048143e+03,3.168097549403e+03,1.443623424593e+01,1.775290452328e-02
1.164074706753e-04,3.902312904313e+01,4.488569130976e+00,3.650090550368e+03,3.168085876692e+03,1.443628743356e+01,1.775251140923e-02
1.191451989478e-04,3.902295011734e+01,4.488774568495e+00,3.650354121754e+03,3.168073926169e+03,1.443634188745e+01,1.775210901877e-02
1.218828615473e-04,3.902276703228e+01,4.488984710815e+00,3.650623759405e+03,3.168061697845e+03,1.443639760761e+01,1.775169735661e-02
1.246204564731e-04,3.902257978812e+01,4.489199554438e+00,3.650899460428e+03,3.168049191731e+03,1.443645459400e+01,1.775127642750e-02
1.273579817564e-04,3.902238838502e+01,4.489419095861e+00,3.651181221933e+03,3.168036407838e+03,1.443651284661e+01,1.775084623625e-02
1.300954354563e-04,3.902219282313e+01,4.489643331568e+00,3.651469041036e+03,3.168023346175e+03,1.443657236542e+01,1.775040678770e-02
1.328328156577e-04,3.902199310263e+01,4.489872258024e+00,3.651762914844e+03,3.168010006755e+03,1.443663315041e+01,1.774995808678e-02
1.355701204684e-04,3.902178922369e+01,4.490105871660e+00,3.652062840740e+03,3.167996389588e+03,1.443669520157e+01,1.774950013697e-02
1.383073480165e-04,3.902158118648e+01,4.490344168906e+00,3.652368816393e+03,3.167982494687e+03,1.443675851887e+01,1.774903294053e-02
1.410444964491e-04,3.902136899118e+01,4.490587146243e+00,3.652680838115e+03,3.167968322061e+03,1.443682310229e+01,1.774855650657e-02
1.437815639300e-04,3.902115263797e+01,4.490834800135e+00,3.652998903069e+03,3.167953871725e+03,1.443688895182e+01,1.774807084011e-02
1.465185486387e-04,3.902093212703e+01,4.491087127008e+00,3.653323008391e+03,3.167939143689e+03,1.443695606743e+01,1.774757594625e-02
1.492554487681e-04,3.902070745856e+01,4.491344123282e+00,3.653653151221e+03,3.167924137966e+03,1.443702444910e+01,1.774707183014e-02
1.519922625245e-04,3.902047863273e+01,4.491605785365e+00,3.653989328701e+03,3.167908854568e+03,1.443709409681e+01,1.774655849696e-02
1.547289881252e-04,3.902024564974e+01,4.491872109655e+00,3.654331537980e+03,3.167893293508e+03,1.443716501054e+01,1.774603595194e-02
1.574656237985e-04,3.902000850979e+01,4.492143092542e+00,3.654679776209e+03,3.167877454800e+03,1.443723719026e+01,1.774550420035e-02
1.602021677824e-04,3.901976721308e+01,4.492418730407e+00,3.655034040542e+03,3.167861338456e+03,1.443731063597e+01,1.774496324748e-02
1.629386183238e-04,3.901952175981e+01,4.492699019619e+00,3.655394328139e+03,3.167844944489e+03,1.443738534762e+01,1.774441309869e-02
1.656749736779e-04,3.901927215019e+01,4.492983956538e+00,3.655760636163e+03,3.167828272914e+03,1.443746132521e+01,1.774385375936e-02
1.684112321074e-04,3.901901838443e+01,4.493273537517e+00,3.656132961781e+03,3.167811323744e+03,1.443753856870e+01,1.774328523491e-02
1.711473918821e-04,3.901876046274e+01,4.493567758897e+00,3.656511302165e+03,3.167794096994e+03,1.443761707808e+01,1.774270753079e-02
1.738834512782e-04,3.901849838534e+01,4.493866617010e+00,3.656895654491e+03,3.167776592676e+03,1.443769685332e+01,1.774212065251e-02
1.766194085779e-04,3.901823215244e+01,4.494170108180e+00,3.657286015939e+03,3.167758810807e+03,1.443777789439e+01,1.774152460560e-02
1.793552620691e-04,3.901796176428e+01,4.494478228718e+00,3.657682383693e+03,3.167740751401e+03,1.443786020128e+01,1.774091939563e-02
1.820910100447e-04,3.901768722108e+01,4.494790974930e+00,3.658084754943e+03,3.167722414472e+03,1.443794377395e+01,1.774030502820e-02
1.848266508024e-04,3.901740852306e+01,4.495108343108e+00,3.658493126880e+03,3.167703800037e+03,1.443802861238e+01,1.773968150896e-02
1.875621826445e-04,3.901712567047e+01,4.495430329540e+00,3.658907496703e+03,3.167684908109e+03,1.443811471655e+01,1.773904884358e-02
1.902976038774e-04,3.901683866354e+01,4.495756930499e+00,3.659327861615e+03,3.167665738706e+03,1.443820208643e+01,1.773840703778e-02
1.930329128114e-04,3.901654750251e+01,4.496088142252e+00,3.659754218822e+03,3.167646291843e+03,1.443829072199e+01,1.773775609730e-02
1.957681077605e-04,3.901625218763e+01,4.496423961055e+00,3.660186565536e+03,3.167626567535e+03,1.443838062321e+01,1.773709602792e-02
1.985031870421e-04,3.901595271914e+01,4.496764383157e+00,3.660624898972e+03,3.167606565800e+03,1.443847179005e+01,1.773642683547e-02
2.012381489768e-04,3.901564909730e+01,4.497109404794e+00,3.661069216352e+03,3.167586286654e+03,1.443856422250e+01,1.773574852579e-02
2.039729918883e-04,3.901534132235e+01,4.497459022197e+00,3.661519514902e+03,3.167565730114e+03,1.443865792052e+01,1.773506110476e-02
2.067077141029e-04,3.901502939457e+01,4.497813231583e+00,3.661975791852e+03,3.167544896196e+03,1.443875288409e+01,1.773436457830e-02
2.094423139499e-04,3.901471331420e+01,4.498172029163e+00,3.662438044437e+03,3.167523784919e+03,1.443884911317e+01,1.773365895236e-02
2.121767897610e-04,3.901439308152e+01,4.498535411138e+00,3.662906269898e+03,3.167502396299e+03,1.443894660774e+01,1.773294423290e-02
2.149111398702e-04,3.901406869680e+01,4.498903373699e+00,3.663380465481e+03,3.167480730354e+03,1.443904536777e+01,1.773222042596e-02
2.176453626139e-04,3.901374016030e+01,4.499275913028e+00,3.663860628435e+03,3.167458787103e+03,1.443914539323e+01,1.773148753756e-02
2.203794563305e-04,3.901340747230e+01,4.499653025298e+00,3.664346756016e+03,3.167436566563e+03,1.443924668408e+01,1.773074557379e-02
2.231134193606e-04,3.901307063309e+01,4.500034706673e+00,3.664838845485e+03,3.167414068753e+03,1.443934924030e+01,1.772999454074e-02
2.258472500466e-04,3.901272964295e+01,4.500420953308e+00,3.665336894107e+03,3.167391293692e+03,1.443945306186e+01,1.772923444455e-02
2.285809467329e-04,3.901238450216e+01,4.500811761347e+00,3.665840899152e+03,3.167368241398e+03,1.443955814871e+01,1.772846529139e-02
2.313145077655e-04,3.901203521101e+01,4.501207126927e+00,3.666350857898e+03,3.167344911891e+03,1.443966450084e+01,1.772768708746e-02
2.340479314921e-04,3.901168176980e+01,4.501607046175e+00,3.666866767625e+03,3.167321305189e+03,1.443977211821e+01,1.772689983896e-02
2.367812162621e-04,3.901132417882e+01,4.502011515208e+00,3.667388625620e+03,3.167297421314e+03,1.443988100079e+01,1.772610355217e-02
2.395143604263e-04,3.901096243838e+01,4.502420530136e+00,3.667916429174e+03,3.167273260284e+03,1.443999114854e+01,1.772529823336e-02
2.422473623371e-04,3.901059654878e+01,4.502834087056e+00,3.668450175585e+03,3.167248822120e+03,1.444010256142e+01,1.772448388884e-02
2.449802203481e-04,3.901022651034e+01,4.503252182061e+00,3.668989862157e+03,3.167224106841e+03,1.444021523941e+01,1.772366052495e-02
2.477129328147e-04,3.900985232335e+01,4.503674811232e+00,3.669535486196e+03,3.167199114470e+03,1.444032918248e+01,1.772282814805e-02
2.504454980930e-04,3.900947398814e+01,4.504101970639e+00,3.670087045016e+03,3.167173845025e+03,1.444044439058e+01,1.772198676454e-02
2.531779145408e-04,3.900909150503e+01,4.504533656348e+00,3.670644535937e+03,3.167148298529e+03,1.444056086367e+01,1.772113638085e-02
2.559101805170e-04,3.900870487433e+01,4.504969864411e+00,3.671207956283e+03,3.167122475003e+03,1.444067860174e+01,1.772027700341e-02
2.586422943815e-04,3.900831409638e+01,4.505410590875e+00,3.671777303384e+03,3.167096374468e+03,1.444079760472e+01,1.771940863871e-02
2.613742544956e-04,3.900791917151e+01,4.505855831774e+00,3.672352574577e+03,3.167069996946e+03,1.444091787261e+01,1.771853129324e-02
2.641060592216e-04,3.900752010005e+01,4.506305583137e+00,3.672933767202e+03,3.167043342459e+03,1.444103940534e+01,1.771764497354e-02
2.668377069227e-04,3.900711688233e+01,4.506759840926e+00,3.673520878543e+03,3.167016411029e+03,1.444116220289e+01,1.771674968623e-02
2.695691959633e-04,3.900670951871e+01,4.507218601007e+00,3.674113906715e+03,3.166989202679e+03,1.444128626522e+01,1.771584543367e-02
2.723005247088e-04,3.900629800952e+01,4.507681859339e+00,3.674712849535e+03,3.166961717432e+03,1.444141159229e+01,1.771493222009e-02
2.750316915255e-04,3.900588235510e+01,4.508149612046e+00,3.675317703112e+03,3.166933955310e+03,1.444153818406e+01,1.771401005869e-02
2.777626947807e-04,3.900546255583e+01,4.508621855194e+00,3.675928464913e+03,3.166905916337e+03,1.444166604049e+01,1.771307895599e-02
2.804935328426e-04,3.900503861204e+01,4.509098584758e+00,3.676545132313e+03,3.166877600536e+03,1.444179516154e+01,1.771213891867e-02
2.832242040804e-04,3.900461052410e+01,4.509579796702e+00,3.677167702695e+03,3.166849007931e+03,1.444192554718e+01,1.771118995342e-02
2.859547068639e-04,3.900417829237e+01,4.510065486981e+00,3.677796173445e+03,3.166820138546e+03,1.444205719735e+01,1.771023206698e-02
2.886850395641e-04,3.900374191722e+01,4.510555651542e+00,3.678430541957e+03,3.166790992404e+03,1.444219011202e+01,1.770926526610e-02
2.914152005526e-04,3.900330139902e+01,4.511050286323e+00,3.679070805630e+03,3.166761569532e+03,1.444232429115e+01,1.770828955754e-02
2.941451882021e-04,3.900285673814e+01,4.511549387253e+00,3.679716961869e+03,3.166731869952e+03,1.444245973470e+01,1.770730494810e-02
2.968750008858e-04,3.900240793497e+01,4.512052950252e+00,3.680369008085e+03,3.166701893691e+03,1.444259644262e+01,1.770631144461e-02
2.996046369779e-04,3.900195498988e+01,4.512560971231e+00,3.681026941695e+03,3.166671640772e+03,1.444273441487e+01,1.770530905389e-02
3.023340948533e-04,3.900149790326e+01,4.513073446093e+00,3.681690760122e+03,3.166641111223e+03,1.444287365141e+01,1.770429778282e-02
3.050633728877e-04,3.900103667549e+01,4.513590370732e+00,3.682360460794e+03,3.166610305067e+03,1.444301415219e+01,1.770327763828e-02
3.077924694577e-04,3.900057130697e+01,4.514111741032e+00,3.683036041146e+03,3.166579222332e+03,1.444315591717e+01,1.770224862718e-02
3.105213829403e-04,3.900010179811e+01,4.514637552870e+00,3.683717498620e+03,3.166547863043e+03,1.444329894630e+01,1.770121075644e-02
3.132501117136e-04,3.899962814928e+01,4.515167802114e+00,3.684404830663e+03,3.166516227227e+03,1.444344323954e+01,1.770016403303e-02
3.159786541562e-04,3.899915036091e+01,4.515702484622e+00,3.685098034727e+03,3.166484314910e+03,1.444358879684e+01,1.769910846390e-02
3.187070086477e-04,3.899866843340e+01,4.516241596244e+00,3.685797108271e+03,3.166452126120e+03,1.444373561815e+01,1.769804405605e-02
3.214351735679e-04,3.899818236716e+01,4.516785132821e+00,3.686502048761e+03,3.166419660883e+03,1.444388370344e+01,1.769697081650e-02
3.241631472980e-04,3.899769216260e+01,4.517333090187e+00,3.687212853668e+03,3.166386919227e+03,1.444403305265e+01,1.769588875228e-02
3.268909282192e-04,3.899719782014e+01,4.517885464165e+00,3.687929520469e+03,3.166353901179e+03,1.444418366573e+01,1.769479787044e-02
3.296185147139e-04,3.899669934021e+01,4.518442250570e+00,3.688652046648e+03,3.166320606768e+03,1.444433554264e+01,1.769369817806e-02
3.323459051651e-04,3.899619672324e+01,4.519003445210e+00,3.689380429695e+03,3.166287036021e+03,1.444448868333e+01,1.769258968223e-02
3.350730979562e-04,3.899568996964e+01,4.519569043882e+00,3.690114667106e+03,3.166253188966e+03,1.444464308774e+01,1.769147239007e-02
3.378000914715e-04,3.899517907987e+01,4.520139042375e+00,3.690854756382e+03,3.166219065633e+03,1.444479875584e+01,1.769034630870e-02
3.405268840960e-04,3.899466405435e+01,4.520713436471e+00,3.691600695033e+03,3.166184666051e+03,1.444495568756e+01,1.768921144529e-02
3.432534742154e-04,3.899414489352e+01,4.521292221942e+00,3.692352480572e+03,3.166149990248e+03,1.444511388287e+01,1.768806780699e-02
3.459798602158e-04,3.899362159783e+01,4.521875394551e+00,3.693110110520e+03,3.166115038253e+03,1.444527334170e+01,1.768691540101e-02
3.487060404843e-04,3.899309416774e+01,4.522462950053e+00,3.693873582404e+03,3.166079810097e+03,1.444543406400e+01,1.768575423455e-02
3.514320134084e-04,3.899256260368e+01,4.523054884195e+00,3.694642893758e+03,3.166044305809e+03,1.444559604973e+01,1.768458431483e-02
3.541577773764e-04,3.899202690613e+01,4.523651192533e+00,3.695418041910e+03,3.166008525419e+03,1.444575929883e+01,1.768340564940e-02
3.568833307771e-04,3.899148707553e+01,4.524251870548e+00,3.696199026499e+03,3.165972468958e+03,1.444592381125e+01,1.768221823454e-02
3.596086720002e-04,3.899094311236e+01,4.524856914069e+00,3.696985843587e+03,3.165936136457e+03,1.444608958694e+01,1.768102208509e-02
3.623337994359e-04,3.899039501708e+01,4.525466319046e+00,3.697778490265e+03,3.165899527945e+03,1.444625662584e+01,1.767981721151e-02
3.650587114750e-04,3.898984279016e+01,4.526080081240e+00,3.698576964164e+03,3.165862643455e+03,1.444642492789e+01,1.767860362100e-02
3.677834065090e-04,3.898928643207e+01,4.526698196344e+00,3.699381262856e+03,3.165825483017e+03,1.444659449305e+01,1.767738132092e-02
3.705078829300e-04,3.898872594331e+01,4.527320660048e+00,3.700191383917e+03,3.165788046664e+03,1.444676532125e+01,1.767615031861e-02
3.732321391309e-04,3.898816132434e+01,4.527947468028e+00,3.701007324931e+03,3.165750334426e+03,1.444693741244e+01,1.767491062143e-02
3.759561735051e-04,3.898759257566e+01,4.528578615956e+00,3.701829083487e+03,3.165712346337e+03,1.444711076657e+01,1.767366223678e-02
3.786799844466e-04,3.898701969776e+01,4.529214099491e+00,3.702656657180e+03,3.165674082428e+03,1.444728538358e+01,1.767240517205e-02
3.814035703502e-04,3.898644269113e+01,4.529853914289e+00,3.703490043615e+03,3.165635542733e+03,1.444746126340e+01,1.767113943465e-02
3.841269296112e-04,3.898586155627e+01,4.530498055993e+00,3.704329240398e+03,3.165596727283e+03,1.444763840599e+01,1.766986503203e-02
3.868500606257e-04,3.898527629368e+01,4.531146520240e+00,3.705174245145e+03,3.165557636113e+03,1.444781681128e+01,1.766858197163e-02
3.895729617902e-04,3.898468690387e+01,4.531799302658e+00,3.706025055477e+03,3.165518269255e+03,1.444799647922e+01,1.766729026091e-02
3.922956315021e-04,3.898409338734e+01,4.532456398866e+00,3.706881669022e+03,3.165478626743e+03,1.444817740974e+01,1.766598990736e-02
3.950180681592e-04,3.898349574462e+01,4.533117804475e+00,3.707744083413e+03,3.165438708611e+03,1.444835960279e+01,1.766468091848e-02
3.977402701602e-04,3.898289397622e+01,4.533783515090e+00,3.708612296292e+03,3.165398514894e+03,1.444854305830e+01,1.766336330177e-02
4.004622359043e-04,3.898228808265e+01,4.534453526303e+00,3.709486305304e+03,3.165358045625e+03,1.444872777622e+01,1.766203706476e-02
4.031839637913e-04,3.898167806445e+01,4.535127833702e+00,3.710366108103e+03,3.165317300839e+03,1.444891375648e+01,1.766070221499e-02
4.059054522217e-04,3.898106392215e+01,4.535806432865e+00,3.711251702348e+03,3.165276280571e+03,1.444910099903e+01,1.765935876002e-02
4.086266995967e-04,3.898044565627e+01,4.536489319360e+00,3.712143085704e+03,3.165234984857e+03,1.444928950379e+01,1.765800670742e-02
4.113477043181e-04,3.897982326735e+01,4.537176488750e+00,3.713040255844e+03,3.165193413731e+03,1.444947927071e+01,1.765664606478e-02
4.140684647883e-04,3.897919675594e+01,4.537867936588e+00,3.713943210447e+03,3.165151567229e+03,1.444967029971e+01,1.765527683969e-02
4.167889794103e-04,3.897856612257e+01,4.538563658418e+00,3.714851947196e+03,3.165109445388e+03,1.444986259075e+01,1.765389903978e-02
4.195092465880e-04,3.897793136781e+01,4.539263649778e+00,3.715766463783e+03,3.165067048243e+03,1.445005614375e+01,1.765251267266e-02
4.222292647258e-04,3.897729249218e+01,4.539967906051e+00,3.716686757739e+03,3.165024375830e+03,1.445025095865e+01,1.765111774622e-02
4.249490322287e-04,3.897664949627e+01,4.540676422416e+00,3.717612827988e+03,3.164981428188e+03,1.445044703539e+01,1.764971426099e-02
4.276685475024e-04,3.897600238061e+01,4.541389194322e+00,3.718544672697e+03,3.164938205351e+03,1.445064437389e+01,1.764830222222e-02
4.303878089532e-04,3.897535114578e+01,4.542106217597e+00,3.719482287838e+03,3.164894707358e+03,1.445084297409e+01,1.764688164715e-02
4.331068149883e-04,3.897469579235e+01,4.542827487929e+00,3.720425671355e+03,3.164850934246e+03,1.445104283593e+01,1.764545254317e-02
4.358255640152e-04,3.897403632088e+01,4.543553000805e+00,3.721374820979e+03,3.164806886052e+03,1.445124395933e+01,1.764401491799e-02
4.385440544424e-04,3.897337273195e+01,4.544282751704e+00,3.722329734444e+03,3.164762562815e+03,1.445144634423e+01,1.764256877933e-02
4.412622846788e-04,3.897270502614e+01,4.545016736098e+00,3.723290409493e+03,3.164717964573e+03,1.445164999056e+01,1.764111413492e-02
4.439802531341e-04,3.897203320404e+01,4.545754949448e+00,3.724256843874e+03,3.164673091365e+03,1.445185489825e+01,1.763965099252e-02
4.466979582187e-04,3.897135726622e+01,4.546497387211e+00,3.725229035341e+03,3.164627943228e+03,1.445206106723e+01,1.763817935988e-02
4.494153983437e-04,3.897067721329e+01,4.547244044832e+00,3.726206981656e+03,3.164582520202e+03,1.445226849743e+01,1.763669924478e-02
4.521325719206e-04,3.896999304582e+01,4.547994917752e+00,3.727190680586e+03,3.164536822326e+03,1.445247718878e+01,1.763521065500e-02
4.548494773618e-04,3.896930476444e+01,4.548750001399e+00,3.728180129905e+03,3.164490849640e+03,1.445268714121e+01,1.763371359835e-02
4.575661130805e-04,3.896861236972e+01,4.549509291197e+00,3.729175327393e+03,3.164444602184e+03,1.445289835464e+01,1.763220808262e-02
4.602824774904e-04,3.896791586229e+01,4.550272782560e+00,3.730176270835e+03,3.164398079996e+03,1.445311082901e+01,1.763069411566e-02
4.629985690057e-04,3.896721524276e+01,4.551040470894e+00,3.731182958026e+03,3.164351283119e+03,1.445332456424e+01,1.762917170528e-02
4.657143860418e-04,3.896651051172e+01,4.551812351599e+00,3.732195386764e+03,3.164304211592e+03,1.445353956026e+01,1.762764085933e-02
4.684299270142e-04,3.896580166982e+01,4.552588420064e+00,3.733213554854e+03,3.164256865456e+03,1.445375581699e+01,1.762610158567e-02
4.711451903396e-04,3.896508871766e+01,4.553368671672e+00,3.734237460109e+03,3.164209244751e+03,1.445397333436e+01,1.762455389217e-02
4.738601744351e-04,3.896437165587e+01,4.554153101797e+00,3.735267100346e+03,3.164161349521e+03,1.445419211229e+01,1.762299778671e-02
4.765748777185e-04,3.896365048508e+01,4.554941705805e+00,3.736302473389e+03,3.164113179805e+03,1.445441215072e+01,1.762143327718e-02
4.792892986084e-04,3.896292520593e+01,4.555734479056e+00,3.737343577070e+03,3.164064735646e+03,1.445463344955e+01,1.761986037148e-02
4.820034355241e-04,3.896219581906e+01,4.556531416611e+00,3.738390408890e+03,3.164016017085e+03,1.445485600872e+01,1.761827907800e-02
4.847172868855e-04,3.896146232509e+01,4.557332513374e+00,3.739442969071e+03,3.163967024166e+03,1.445507982815e+01,1.761668939174e-02
4.874308511133e-04,3.896072472469e+01,4.558137764807e+00,3.740501254151e+03,3.163917756930e+03,1.445530490776e+01,1.761509132733e-02
4.901441266289e-04,3.895998301850e+01,4.558947166659e+00,3.741565261073e+03,3.163868215421e+03,1.445553124747e+01,1.761348489864e-02
4.928571118543e-04,3.895923720717e+01,4.559760714390e+00,3.742634987865e+03,3.163818399682e+03,1.445575884721e+01,1.761187011341e-02
4.955698052124e-04,3.895848729136e+01,4.560578403311e+00,3.743710432394e+03,3.163768309755e+03,1.445598770689e+01,1.761024697960e-02
4.982822051268e-04,3.895773327173e+01,4.561400228725e+00,3.744791592535e+03,3.163717945685e+03,1.445621782643e+01,1.760861550518e-02
5.009943100215e-04,3.895697514894e+01,4.562226185927e+00,3.745878466170e+03,3.163667307516e+03,1.445644920576e+01,1.760697569814e-02
5.037061183217e-04,3.895621292367e+01,4.563056270204e+00,3.746971051186e+03,3.163616395291e+03,1.445668184479e+01,1.760532756647e-02
5.064176284530e-04,3.895544659659e+01,4.563890476837e+00,3.748069345475e+03,3.163565209055e+03,1.445691574344e+01,1.760367111819e-02
5.091288388417e-04,3.895467616838e+01,4.564728801096e+00,3.749173346939e+03,3.163513748853e+03,1.445715090163e+01,1.760200636131e-02
5.118397479152e-04,3.895390163970e+01,4.565571238245e+00,3.750283053483e+03,3.163462014730e+03,1.445738731928e+01,1.760033330385e-02
5.145503541011e-04,3.895312301126e+01,4.566417783542e+00,3.751398463019e+03,3.163410006731e+03,1.445762499630e+01,1.759865195385e-02
5.172606558283e-04,3.895234028374e+01,4.567268432233e+00,3.752519573466e+03,3.163357724901e+03,1.445786393261e+01,1.759696231936e-02
5.199706515259e-04,3.895155345784e+01,4.568123179560e+00,3.753646382748e+03,3.163305169286e+03,1.445810412812e+01,1.759526440842e-02
5.226803396242e-04,3.895076253424e+01,4.568982020754e+00,3.754778888797e+03,3.163252339932e+03,1.445834558275e+01,1.759355822910e-02
5.253897185540e-04,3.894996751365e+01,4.569844951042e+00,3.755917089550e+03,3.163199236885e+03,1.445858829642e+01,1.759184378948e-02
5.280987867468e-04,3.894916839677e+01,4.570711965641e+00,3.757060982951e+03,3.163145860192e+03,1.445883226904e+01,1.759012109763e-02
5.308075426351e-04,3.894836518432e+01,4.571583059760e+00,3.758210566948e+03,3.163092209899e+03,1.445907750051e+01,1.758839016164e-02
5.335159846519e-04,3.894755787700e+01,4.572458228449e+00,3.759365839321e+03,3.163038286054e+03,1.445932399076e+01,1.758665098987e-02
5.362241112311e-04,3.894674647553e+01,4.573337466377e+00,3.760526798821e+03,3.162984088704e+03,1.445957173970e+01,1.758490358470e-02
5.389319208073e-04,3.894593098064e+01,4.574220768495e+00,3.761693445140e+03,3.162929617896e+03,1.445982074723e+01,1.758314794529e-02
5.416394118160e-04,3.894511139304e+01,4.575108130488e+00,3.762865773467e+03,3.162874873679e+03,1.446007101328e+01,1.758138409474e-02
5.443465826932e-04,3.894428771346e+01,4.575999547894e+00,3.764043782212e+03,3.162819856099e+03,1.446032253774e+01,1.757961204059e-02
5.470534318759e-04,3.894345994264e+01,4.576895015877e+00,3.765227469362e+03,3.162764565206e+03,1.446057532053e+01,1.757783179099e-02
5.497599578018e-04,3.894262808132e+01,4.577794529593e+00,3.766416832911e+03,3.162709001048e+03,1.446082936157e+01,1.757604335408e-02
5.524661589094e-04,3.894179213022e+01,4.578698084191e+00,3.767611870856e+03,3.162653163674e+03,1.446108466075e+01,1.757424673801e-02
5.551720336380e-04,3.894095209011e+01,4.579605674812e+00,3.768812581204e+03,3.162597053133e+03,1.446134121799e+01,1.757244195096e-02
5.578775804274e-04,3.894010796172e+01,4.580517296587e+00,3.770018961966e+03,3.162540669475e+03,1.446159903319e+01,1.757062900110e-02
5.605827977188e-04,3.893925974581e+01,4.581432944644e+00,3.771231011158e+03,3.162484012748e+03,1.446185810626e+01,1.756880789661e-02
5.632876839535e-04,3.893840744313e+01,4.582352614100e+00,3.772448726804e+03,3.162427083004e+03,1.446211843711e+01,1.756697864568e-02
5.659922375740e-04,3.893755105445e+01,4.583276300066e+00,3.773672106935e+03,3.162369880292e+03,1.446238002564e+01,1.756514125651e-02
5.686964570236e-04,3.893669058052e+01,4.584203997644e+00,3.774901149586e+03,3.162312404663e+03,1.446264287176e+01,1.756329573729e-02
5.714003407462e-04,3.893582602213e+01,4.585135701931e+00,3.776135852798e+03,3.162254656167e+03,1.446290697538e+01,1.756144209625e-02
5.741038871866e-04,3.893495738003e+01,4.586071408014e+00,3.777376214620e+03,3.162196634855e+03,1.446317233639e+01,1.755958034160e-02
5.768070947905e-04,3.893408465501e+01,4.587011110974e+00,3.778622233106e+03,3.162138340779e+03,1.446343895470e+01,1.755771048157e-02
5.795099620042e-04,3.893320784784e+01,4.587954805884e+00,3.779873906316e+03,3.162079773990e+03,1.446370683022e+01,1.755583252440e-02
5.822124872750e-04,3.893232695931e+01,4.588902487418e+00,3.781131231855e+03,3.162020934540e+03,1.446397596285e+01,1.755394647895e-02
5.849146690510e-04,3.893144199021e+01,4.589854150011e+00,3.782394210456e+03,3.161961822481e+03,1.446424635248e+01,1.755205233875e-02
5.876165057809e-04,3.893055294133e+01,4.590809788869e+00,3.783662838874e+03,3.161902437865e+03,1.446451799902e+01,1.755015011881e-02
5.903179959145e-04,3.892965981347e+01,4.591769399636e+00,3.784937114039e+03,3.161842780744e+03,1.446479090238e+01,1.754823983503e-02
5.930191379022e-04,3.892876260742e+01,4.592732977566e+00,3.786217034298e+03,3.161782851172e+03,1.446506506244e+01,1.754632149534e-02
5.957199301955e-04,3.892786132399e+01,4.593700517686e+00,3.787502597745e+03,3.161722649201e+03,1.446534047912e+01,1.754439510801e-02
5.984203712465e-04,3.892695596399e+01,4.594672015019e+00,3.788793802484e+03,3.161662174885e+03,1.446561715231e+01,1.754246068132e-02
6.011204595080e-04,3.892604652823e+01,4.595647464578e+00,3.790090646622e+03,3.161601428278e+03,1.446589508190e+01,1.754051822355e-02
6.038201934341e-04,3.892513301753e+01,4.596626861369e+00,3.791393128275e+03,3.161540409433e+03,1.446617426780e+01,1.753856774301e-02
6.065195714794e-04,3.892421543270e+01,4.597610200393e+00,3.792701245562e+03,3.161479118404e+03,1.446645470990e+01,1.753660924799e-02
6.092185920993e-04,3.892329377457e+01,4.598597476641e+00,3.794014996609e+03,3.161417555247e+03,1.446673640811e+01,1.753464274680e-02
6.119172537503e-04,3.892236804398e+01,4.599588685097e+00,3.795334379550e+03,3.161355720015e+03,1.446701936230e+01,1.753266824775e-02
6.146155548895e-04,3.892143824174e+01,4.600583820740e+00,3.796659392522e+03,3.161293612763e+03,1.446730357239e+01,1.753068575916e-02
6.173134939751e-04,3.892050436870e+01,4.601582878539e+00,3.797990033669e+03,3.161231233547e+03,1.446758903826e+01,1.752869528936e-02
6.200110694659e-04,3.891956642570e+01,4.602585853457e+00,3.799326301143e+03,3.161168582423e+03,1.446787575982e+01,1.752669684667e-02
6.227082798218e-04,3.891862441359e+01,4.603592740450e+00,3.800668193097e+03,3.161105659445e+03,1.446816373694e+01,1.752469043944e-02
6.254051235033e-04,3.891767833320e+01,4.604603534238e+00,3.802015707426e+03,3.161042464670e+03,1.446845296954e+01,1.752267607637e-02
6.281015989720e-04,3.891672818540e+01,4.605618229058e+00,3.803368843345e+03,3.160978998155e+03,1.446874345749e+01,1.752065375831e-02
6.307977046902e-04,3.891577397104e+01,4.606636819584e+00,3.804727600665e+03,3.160915259955e+03,1.446903520069e+01,1.751862348508e-02
6.334934391213e-04,3.891481569097e+01,4.607659301426e+00,3.806091974577e+03,3.160851250127e+03,1.446932819903e+01,1.751658528144e-02
6.361888007293e-04,3.891385334607e+01,4.608685669969e+00,3.807461963814e+03,3.160786968729e+03,1.446962245241e+01,1.751453915497e-02
6.388837879792e-04,3.891288693720e+01,4.609715920127e+00,3.808837566570e+03,3.160722415818e+03,1.446991796071e+01,1.751248511406e-02
6.415783993369e-04,3.891191646524e+01,4.610750046805e+00,3.810218781041e+03,3.160657591452e+03,1.447021472382e+01,1.751042316707e-02
6.442726332693e-04,3.891094193106e+01,4.611788044902e+00,3.811605605431e+03,3.160592495687e+03,1.447051274164e+01,1.750835332239e-02
6.469664882439e-04,3.890996333553e+01,4.612829909308e+00,3.812998037949e+03,3.160527128583e+03,1.447081201404e+01,1.750627558839e-02
6.496599627293e-04,3.890898067956e+01,4.613875634910e+00,3.814396076810e+03,3.160461490198e+03,1.447111254092e+01,1.750418997348e-02
6.523530551950e-04,3.890799396402e+01,4.614925216583e+00,3.815799720235e+03,3.160395580591e+03,1.447141432216e+01,1.750209648604e-02
6.550457641113e-04,3.890700318981e+01,4.615978649198e+00,3.817208966450e+03,3.160329399820e+03,1.447171735765e+01,1.749999513447e-02
6.577380879495e-04,3.890600835782e+01,4.617035927619e+00,3.818623813689e+03,3.160262947944e+03,1.447202164728e+01,1.749788592719e-02
6.604300251816e-04,3.890500946896e+01,4.618097046701e+00,3.820044260189e+03,3.160196225024e+03,1.447232719093e+01,1.749576887258e-02
6.631215742808e-04,3.890400652412e+01,4.619162001294e+00,3.821470304195e+03,3.160129231118e+03,1.447263398848e+01,1.749364397908e-02
6.658127337210e-04,3.890299952423e+01,4.620230786176e+00,3.822901943881e+03,3.160061966287e+03,1.447294203982e+01,1.749151125521e-02
6.685035019772e-04,3.890198847019e+01,4.621303395399e+00,3.824339177076e+03,3.159994430592e+03,1.447325134484e+01,1.748937070836e-02
6.711938775251e-04,3.890097336291e+01,4.622379823115e+00,3.825782006341e+03,3.159926624092e+03,1.447356190341e+01,1.748722232475e-02
6.738838588414e-04,3.889995420333e+01,4.623460064905e+00,3.827230425271e+03,3.159858546848e+03,1.447387371542e+01,1.748506613709e-02
6.765734444038e-04,3.889893099235e+01,4.624544116303e+00,3.828684432988e+03,3.159790198922e+03,1.447418678075e+01,1.748290215262e-02
6.792626326909e-04,3.889790373092e+01,4.625631972116e+00,3.830144027771e+03,3.159721580374e+03,1.447450109928e+01,1.748073037980e-02
6.819514221821e-04,3.889687241997e+01,4.626723627144e+00,3.831609207904e+03,3.159652691267e+03,1.447481667089e+01,1.747855082706e-02
6.846398113579e-04,3.889583706042e+01,4.627819076183e+00,3.833079971678e+03,3.159583531662e+03,1.447513349546e+01,1.747636350286e-02
6.873277986997e-04,3.889479765324e+01,4.628918314018e+00,3.834556317389e+03,3.159514101622e+03,1.447545157287e+01,1.747416841564e-02
6.900153826898e-04,3.889375419935e+01,4.630021335431e+00,3.836038243339e+03,3.159444401208e+03,1.447577090299e+01,1.747196557387e-02
6.927025618115e-04,3.889270669970e+01,4.631128135194e+00,3.837525747836e+03,3.159374430483e+03,1.447609148571e+01,1.746975498600e-02
6.953893345488e-04,3.889165515526e+01,4.632238708076e+00,3.839018829192e+03,3.159304189511e+03,1.447641332091e+01,1.746753666049e-02
6.980756993872e-04,3.889059956698e+01,4.633353048835e+00,3.840517485728e+03,3.159233678355e+03,1.447673640845e+01,1.746531060581e-02
7.007616548125e-04,3.888953993582e+01,4.634471152225e+00,3.842021715767e+03,3.159162897077e+03,1.447706074822e+01,1.746307683043e-02
7.034471993119e-04,3.888847626275e+01,4.635593012992e+00,3.843531517640e+03,3.159091845743e+03,1.447738634009e+01,1.746083534283e-02
7.061323313734e-04,3.888740854873e+01,4.636718625261e+00,3.845046888952e+03,3.159020524415e+03,1.447771318393e+01,1.745858615248e-02
7.088170494859e-04,3.888633679473e+01,4.637847982881e+00,3.846567831619e+03,3.158948933159e+03,1.447804127962e+01,1.745632924832e-02
7.115013521395e-04,3.888526100175e+01,4.638981080921e+00,3.848094341658e+03,3.158877072038e+03,1.447837062704e+01,1.745406465073e-02
7.141852378251e-04,3.888418117075e+01,4.640117914962e+00,3.849626416585e+03,3.158804941117e+03,1.447870122605e+01,1.745179237521e-02
7.168687050345e-04,3.888309730272e+01,4.641258479965e+00,3.851164055055e+03,3.158732540462e+03,1.447903307652e+01,1.744951242986e-02
7.195517522606e-04,3.888200939866e+01,4.642402770636e+00,3.852707255432e+03,3.158659870137e+03,1.447936617834e+01,1.744722482317e-02
7.222343779972e-04,3.888091745955e+01,4.643550781677e+00,3.854256016087e+03,3.158586930209e+03,1.447970053137e+01,1.744492956364e-02
7.249165807392e-04,3.887982148639e+01,4.644702507779e+00,3.855810335395e+03,3.158513720743e+03,1.448003613548e+01,1.744262665977e-02
7.275983589824e-04,3.887872148019e+01,4.645857943630e+00,3.857370211737e+03,3.158440241806e+03,1.448037299053e+01,1.744031612006e-02
7.302797112236e-04,3.887761744195e+01,4.647017083910e+00,3.858935643500e+03,3.158366493464e+03,1.448071109641e+01,1.743799795302e-02
7.329606359605e-04,3.887650937269e+01,4.648179923293e+00,3.860506629078e+03,3.158292475783e+03,1.448105045298e+01,1.743567216715e-02
7.356411316920e-04,3.887539727341e+01,4.649346456445e+00,3.862083166867e+03,3.158218188831e+03,1.448139106010e+01,1.743333877097e-02
7.383211969179e-04,3.887428114513e+01,4.650516678028e+00,3.863665255272e+03,3.158143632674e+03,1.448173291764e+01,1.743099777299e-02
7.410008301388e-04,3.887316098889e+01,4.651690582617e+00,3.865252892609e+03,3.158068807381e+03,1.448207602547e+01,1.742864918185e-02
7.436800298567e-04,3.887203680569e+01,4.652868163909e+00,3.866846076732e+03,3.157993713019e+03,1.448242038346e+01,1.742629300504e-02
7.463587945742e-04,3.887090859658e+01,4.654049415730e+00,3.868444810810e+03,3.157918349656e+03,1.448276599146e+01,1.742392922664e-02
7.490371227952e-04,3.886977636258e+01,4.655234333641e+00,3.870049088110e+03,3.157842717360e+03,1.448311284935e+01,1.742155788190e-02
7.517150130246e-04,3.886864010473e+01,4.656422913140e+00,3.871658908097e+03,3.157766816200e+03,1.448346095700e+01,1.741917897795e-02
7.543924637681e-04,3.886749982409e+01,4.657615148849e+00,3.873274269209e+03,3.157690646245e+03,1.448381031425e+01,1.741679252331e-02
7.570694735326e-04,3.886635552168e+01,4.658811035383e+00,3.874895169889e+03,3.157614207563e+03,1.448416092098e+01,1.741439852651e-02
7.597460408259e-04,3.886520719857e+01,4.660010567352e+00,3.876521608586e+03,3.157537500225e+03,1.448451277704e+01,1.741199699609e-02
7.624221641570e-04,3.886405485581e+01,4.661213739358e+00,3.878153583752e+03,3.157460524300e+03,1.448486588231e+01,1.740958794057e-02
7.650978420358e-04,3.886289849446e+01,4.662420545999e+00,3.879791093848e+03,3.157383279857e+03,1.448522023663e+01,1.740717136850e-02
7.677730729732e-04,3.886173811558e+01,4.663630981865e+00,3.881434137338e+03,3.157305766967e+03,1.448557583988e+01,1.740474728842e-02
7.704478554813e-04,3.886057372023e+01,4.664845041540e+00,3.883082712692e+03,3.157227985700e+03,1.448593269190e+01,1.740231570886e-02
7.731221880730e-04,3.885940530949e+01,4.666062719601e+00,3.884736818387e+03,3.157149936128e+03,1.448629079256e+01,1.739987663837e-02
7.757960692625e-04,3.885823288444e+01,4.667284010531e+00,3.886396452795e+03,3.157071618320e+03,1.448665014172e+01,1.739743008564e-02
7.784694975649e-04,3.885705644614e+01,4.668508907861e+00,3.888061613808e+03,3.156993032349e+03,1.448701073923e+01,1.739497605804e-02
7.811424714963e-04,3.885587599569e+01,4.669737405280e+00,3.889732304824e+03,3.156914178286e+03,1.448737258495e+01,1.739251453892e-02
7.838149895739e-04,3.885469153417e+01,4.670969498345e+00,3.891408518985e+03,3.156835056202e+03,1.448773567874e+01,1.739004556456e-02
7.864870503161e-04,3.885350306268e+01,4.672205182543e+00,3.893090255916e+03,3.156755666170e+03,1.448810002045e+01,1.738756914199e-02
7.891586522421e-04,3.885231058230e+01,4.673444452414e+00,3.894777514125e+03,3.156676008262e+03,1.448846560994e+01,1.738508527976e-02
7.918297938724e-04,3.885111409413e+01,4.674687302493e+00,3.896470292128e+03,3.156596082550e+03,1.448883244707e+01,1.738259398643e-02
7.945004737283e-04,3.884991359929e+01,4.675933727307e+00,3.898168588443e+03,3.156515889108e+03,1.448920053168e+01,1.738009527054e-02
7.971706903325e-04,3.884870909887e+01,4.677183721380e+00,3.899872401596e+03,3.156435428008e+03,1.448956986363e+01,1.737758914066e-02
7.998404422084e-04,3.884750059399e+01,4.678437279228e+00,3.901581730118e+03,3.156354699324e+03,1.448994044277e+01,1.737507560534e-02
8.025097278808e-04,3.884628808576e+01,4.679694395360e+00,3.903296572544e+03,3.156273703130e+03,1.449031226895e+01,1.737255467315e-02
8.051785458753e-04,3.884507157531e+01,4.680955064283e+00,3.905016927415e+03,3.156192439499e+03,1.449068534203e+01,1.737002635264e-02
8.078468947189e-04,3.884385106376e+01,4.682219280493e+00,3.906742793279e+03,3.156110908506e+03,1.449105966185e+01,1.736749065237e-02
8.105147729393e-04,3.884262655223e+01,4.683487037768e+00,3.908474167832e+03,3.156029110225e+03,1.449143522827e+01,1.736494758207e-02
8.131821790655e-04,3.884139804185e+01,4.684758329471e+00,3.910211053160e+03,3.155947044731e+03,1.449181204114e+01,1.736239713045e-02
8.158491116277e-04,3.884016553377e+01,4.686033150374e+00,3.911953446010e+03,3.155864712099e+03,1.449219010029e+01,1.735983931526e-02
8.185155691570e-04,3.883892902912e+01,4.687311496052e+00,3.913701343587e+03,3.155782112404e+03,1.449256940559e+01,1.735727415519e-02
8.211815501856e-04,3.883768852904e+01,4.688593361368e+00,3.915454744938e+03,3.155699245722e+03,1.449294995688e+01,1.735470165817e-02
8.238470532469e-04,3.883644403469e+01,4.689878740784e+00,3.917213648643e+03,3.155616112128e+03,1.449333175400e+01,1.735212183276e-02
8.265120768752e-04,3.883519554721e+01,4.691167628757e+00,3.918978053287e+03,3.155532711698e+03,1.449371479680e+01,1.734953468754e-02
8.291766196063e-04,3.883394306776e+01,4.692460019738e+00,3.920747957459e+03,3.155449044510e+03,1.449409908513e+01,1.734694023107e-02
8.318406799766e-04,3.883268659750e+01,4.693755908173e+00,3.922523359754e+03,3.155365110639e+03,1.449448461883e+01,1.734433847191e-02
8.345042565240e-04,3.883142613759e+01,4.695055288501e+00,3.924304258775e+03,3.155280910163e+03,1.449487139775e+01,1.734172941865e-02
8.371673477874e-04,3.883016168921e+01,4.696358155155e+00,3.926090653125e+03,3.155196443158e+03,1.449525942172e+01,1.733911307985e-02
8.398299523067e-04,3.882889325352e+01,4.697664502563e+00,3.927882541418e+03,3.155111709703e+03,1.449564869059e+01,1.733648946407e-02
8.424920686231e-04,3.882762083171e+01,4.698974324333e+00,3.929679921290e+03,3.155026709874e+03,1.449603920421e+01,1.733385858122e-02
8.451536952787e-04,3.882634442495e+01,4.700287613677e+00,3.931482795341e+03,3.154941443749e+03,1.449643096241e+01,1.733122041787e-02
8.478148308170e-04,3.882506403442e+01,4.701604365419e+00,3.933291159773e+03,3.154855911408e+03,1.449682396503e+01,1.732857499485e-02
8.504754737824e-04,3.882377966131e+01,4.702924575143e+00,3.935105012163e+03,3.154770112928e+03,1.449721821193e+01,1.732592232974e-02
8.531356227204e-04,3.882249130682e+01,4.704248237622e+00,3.936924351597e+03,3.154684048387e+03,1.449761370292e+01,1.732326243049e-02
8.557952761780e-04,3.882119897215e+01,4.705575347248e+00,3.938749176719e+03,3.154597717866e+03,1.449801043786e+01,1.732059530568e-02
8.584544327028e-04,3.881990265848e+01,4.706905898411e+00,3.940579486179e+03,3.154511121443e+03,1.449840841658e+01,1.731792096389e-02
8.611130908440e-04,3.881860236703e+01,4.708239885491e+00,3.942415278630e+03,3.154424259198e+03,1.449880763892e+01,1.731523941369e-02
8.637712491517e-04,3.881729809901e+01,4.709577302868e+00,3.944256552732e+03,3.154337131211e+03,1.449920810472e+01,1.731255066364e-02
8.664289061771e-04,3.881598985563e+01,4.710918144911e+00,3.946103307149e+03,3.154249737562e+03,1.449960981381e+01,1.730985472232e-02
8.690860604729e-04,3.881467763810e+01,4.712262405986e+00,3.947955540551e+03,3.154162078331e+03,1.450001276603e+01,1.730715159830e-02
8.717427105924e-04,3.881336144765e+01,4.713610080254e+00,3.949813251373e+03,3.154074153599e+03,1.450041696120e+01,1.730444130047e-02
8.743988550906e-04,3.881204128550e+01,4.714961160801e+00,3.951676438070e+03,3.153985963447e+03,1.450082239918e+01,1.730172383374e-02
8.770544925232e-04,3.881071715288e+01,4.716315641085e+00,3.953545103887e+03,3.153897507956e+03,1.450122907978e+01,1.729899918347e-02
8.797096214475e-04,3.880938905102e+01,4.717673516693e+00,3.955419242101e+03,3.153808787207e+03,1.450163700285e+01,1.729626738649e-02
8.823642404215e-04,3.880805698115e+01,4.719034783026e+00,3.957298852694e+03,3.153719801282e+03,1.450204616821e+01,1.729352844965e-02
8.850183480048e-04,3.880672094453e+01,4.720399434418e+00,3.959183934369e+03,3.153630550263e+03,1.450245657570e+01,1.729078238153e-02
8.876719427578e-04,3.880538094239e+01,4.721767465195e+00,3.961074485831e+03,3.153541034232e+03,1.450286822515e+01,1.728802919068e-02
8.903250232422e-04,3.880403697598e+01,4.723138869680e+00,3.962970505794e+03,3.153451253271e+03,1.450328111638e+01,1.728526888568e-02
8.929775880212e-04,3.880268904656e+01,4.724513642190e+00,3.964871992974e+03,3.153361207464e+03,1.450369524923e+01,1.728250147510e-02
8.956296356585e-04,3.880133715539e+01,4.725891777037e+00,3.966778946096e+03,3.153270896894e+03,1.450411062353e+01,1.727972696750e-02
8.982811647197e-04,3.879998130371e+01,4.727273268528e+00,3.968691363886e+03,3.153180321644e+03,1.450452723910e+01,1.727694537146e-02
9.009321737711e-04,3.879862149281e+01,4.728658110938e+00,3.970609245050e+03,3.153089481797e+03,1.450494509577e+01,1.727415669556e-02
9.035826613802e-04,3.879725772394e+01,4.730046297225e+00,3.972532586852e+03,3.152998377437e+03,1.450536419337e+01,1.727136094990e-02
9.062326261161e-04,3.879588999839e+01,4.731437820358e+00,3.974461394705e+03,3.152907008649e+03,1.450578453173e+01,1.726855810924e-02
9.088820665486e-04,3.879451831742e+01,4.732832675937e+00,3.976395660560e+03,3.152815375516e+03,1.450620611066e+01,1.726574821651e-02
9.115309812490e-04,3.879314268232e+01,4.734230859557e+00,3.978335384765e+03,3.152723478123e+03,1.450662893001e+01,1.726293127814e-02
9.141793687897e-04,3.879176309438e+01,4.735632365493e+00,3.980280566080e+03,3.152631316555e+03,1.450705298958e+01,1.726010730269e-02
9.168272277443e-04,3.879037955488e+01,4.737037188016e+00,3.982231203271e+03,3.152538890898e+03,1.450747828920e+01,1.725727629873e-02
9.194745566876e-04,3.878899206511e+01,4.738445321389e+00,3.984187295108e+03,3.152446201236e+03,1.450790482870e+01,1.725443827481e-02
9.221213541955e-04,3.878760062638e+01,4.739856759873e+00,3.986148840364e+03,3.152353247656e+03,1.450833260790e+01,1.725159323949e-02
9.247676188454e-04,3.878620523998e+01,4.741271497722e+00,3.988115837822e+03,3.152260030244e+03,1.450876162662e+01,1.724874120133e-02
9.274133492157e-04,3.878480590723e+01,4.742689529186e+00,3.990088286267e+03,3.152166549085e+03,1.450919188467e+01,1.724588216888e-02
9.300585438860e-04,3.878340262942e+01,4.744110848191e+00,3.992066184103e+03,3.152072804266e+03,1.450962338189e+01,1.724301615121e-02
9.327032014372e-04,3.878199540788e+01,4.745535447556e+00,3.994049530396e+03,3.151978795874e+03,1.451005611809e+01,1.724014315055e-02
9.353473204513e-04,3.878058424391e+01,4.746963320709e+00,3.996038327866e+03,3.151884523996e+03,1.451049009309e+01,1.723726315563e-02
9.379908995116e-04,3.877916913885e+01,4.748394463274e+00,3.998032570144e+03,3.151789988719e+03,1.451092530670e+01,1.723437620240e-02
9.406339372028e-04,3.877775009401e+01,4.749828870571e+00,4.000032257378e+03,3.151695190130e+03,1.451136175875e+01,1.723148229764e-02
9.432764321105e-04,3.877632711073e+01,4.751266536818e+00,4.002037388383e+03,3.151600128318e+03,1.451179944905e+01,1.722858144990e-02
9.459183828218e-04,3.877490019033e+01,4.752707456232e+00,4.004047961983e+03,3.151504803371e+03,1.451223837742e+01,1.722567366771e-02
9.485597879248e-04,3.877346933416e+01,4.754151623021e+00,4.006063977005e+03,3.151409215377e+03,1.451267854367e+01,1.722275895962e-02
9.512006460091e-04,3.877203454356e+01,4.755599031392e+00,4.008085432280e+03,3.151313364424e+03,1.451311994762e+01,1.721983733419e-02
9.538409556653e-04,3.877059581987e+01,4.757049675544e+00,4.010112326648e+03,3.151217250602e+03,1.451356258909e+01,1.721690879994e-02
9.564807154854e-04,3.876915316444e+01,4.758503549673e+00,4.012144658950e+03,3.151120873999e+03,1.451400646787e+01,1.721397336541e-02
9.591199240625e-04,3.876770657863e+01,4.759960646854e+00,4.014182426673e+03,3.151024234705e+03,1.451445158380e+01,1.721103104096e-02
9.617585799912e-04,3.876625606378e+01,4.761420959766e+00,4.016225633726e+03,3.150927332810e+03,1.451489793668e+01,1.720808180800e-02
9.643966818670e-04,3.876480162128e+01,4.762884483303e+00,4.018274275270e+03,3.150830168404e+03,1.451534552632e+01,1.720512569352e-02
9.670342282869e-04,3.876334325246e+01,4.764351213121e+00,4.020328349677e+03,3.150732741576e+03,1.451579435253e+01,1.720216271351e-02
9.696712178492e-04,3.876188095872e+01,4.765821143765e+00,4.022387856271e+03,3.150635052417e+03,1.451624441512e+01,1.719919287589e-02
9.723076491533e-04,3.876041474141e+01,4.767294269402e+00,4.024452793928e+03,3.150537101019e+03,1.451669571391e+01,1.719621618919e-02
9.749435207998e-04,3.875894460193e+01,4.768770584195e+00,4.026523161525e+03,3.150438887471e+03,1.451714824870e+01,1.719323266194e-02
9.775788313908e-04,3.875747054164e+01,4.770250082301e+00,4.028598957948e+03,3.150340411865e+03,1.451760201930e+01,1.719024230267e-02
9.802135795295e-04,3.875599256193e+01,4.771732757874e+00,4.030680182085e+03,3.150241674293e+03,1.451805702552e+01,1.718724511989e-02
9.828477638205e-04,3.875451066420e+01,4.773218605063e+00,4.032766832832e+03,3.150142674847e+03,1.451851326716e+01,1.718424112212e-02
9.854813828695e-04,3.875302484984e+01,4.774707617133e+00,4.034858908011e+03,3.150043413618e+03,1.451897074403e+01,1.718123031931e-02
9.881144352836e-04,3.875153512024e+01,4.776199786649e+00,4.036956409953e+03,3.149943890699e+03,1.451942945594e+01,1.717821269973e-02
9.907469196712e-04,3.875004147680e+01,4.777695107912e+00,4.039059336590e+03,3.149844106183e+03,1.451988940268e+01,1.717518827668e-02
9.933788346417e-04,3.874854392093e+01,4.779193576601e+00,4.041167684591e+03,3.149744060161e+03,1.452035058407e+01,1.717215707381e-02
9.960101788063e-04,3.874704245404e+01,4.780695187524e+00,4.043281453711e+03,3.149643752728e+03,1.452081299991e+01,1.716911909852e-02
9.986409507769e-04,3.874553707754e+01,4.782199934803e+00,4.045400642877e+03,3.149543183977e+03,1.452127665000e+01,1.716607435932e-02
1.001271149167e-03,3.874402779284e+01,4.783707812554e+00,4.047525251020e+03,3.149442354000e+03,1.452174153414e+01,1.716302286471e-02
1.003900772592e-03,3.874251460138e+01,4.785218814891e+00,4.049655277075e+03,3.149341262893e+03,1.452220765213e+01,1.715996462319e-02
1.006529819667e-03,3.874099750456e+01,4.786732935922e+00,4.051790719983e+03,3.149239910749e+03,1.452267500378e+01,1.715689964327e-02
1.009158289010e-03,3.873947650383e+01,4.788250169751e+00,4.053931578692e+03,3.149138297663e+03,1.452314358888e+01,1.715382793343e-02
1.011786179240e-03,3.873795160062e+01,4.789770509431e+00,4.056077850861e+03,3.149036423729e+03,1.452361340724e+01,1.715074950388e-02
1.014413488976e-03,3.873642279636e+01,4.791293947407e+00,4.058229539729e+03,3.148934289043e+03,1.452408445865e+01,1.714766433911e-02
1.017040216840e-03,3.873489009248e+01,4.792820478207e+00,4.060386642012e+03,3.148831893699e+03,1.452455674291e+01,1.714457245870e-02
1.019666361454e-03,3.873335349045e+01,4.794350097539e+00,4.062549155171e+03,3.148729237793e+03,1.452503025981e+01,1.714147388328e-02
1.022291921442e-03,3.873181299169e+01,4.795882800068e+00,4.064717078898e+03,3.148626321420e+03,1.452550500917e+01,1.713836862039e-02
1.024916895430e-03,3.873026859768e+01,4.797418579873e+00,4.066890412169e+03,3.148523144677e+03,1.452598099076e+01,1.713525667852e-02
1.027541282043e-03,3.872872030985e+01,4.798957431029e+00,4.069069153967e+03,3.148419707660e+03,1.452645820439e+01,1.713213806615e-02
1.030165079911e-03,3.872716812968e+01,4.800499347606e+00,4.071253303279e+03,3.148316010465e+03,1.452693664984e+01,1.712901279174e-02
1.032788287661e-03,3.872561205863e+01,4.802044323669e+00,4.073442859098e+03,3.148212053190e+03,1.452741632693e+01,1.712588086377e-02
1.035410903924e-03,3.872405209817e+01,4.803592353283e+00,4.075637820421e+03,3.148107835930e+03,1.452789723543e+01,1.712274229072e-02
1.038032927333e-03,3.872248824976e+01,4.805143428856e+00,4.077838184217e+03,3.148003358784e+03,1.452837937513e+01,1.711959708371e-02
1.040654356520e-03,3.872092051489e+01,4.806697542716e+00,4.080043957152e+03,3.147898621849e+03,1.452886274585e+01,1.711644521292e-02
1.043275190120e-03,3.871934889503e+01,4.808254690474e+00,4.082255130731e+03,3.147793625222e+03,1.452934734735e+01,1.711328672393e-02
1.045895426769e-03,3.871777339167e+01,4.809814867876e+00,4.084471705747e+03,3.147688369002e+03,1.452983317944e+01,1.711012162378e-02
1.048515065103e-03,3.871619400629e+01,4.811378069020e+00,4.086693681292e+03,3.147582853287e+03,1.453032024190e+01,1.710694992085e-02
1.051134103761e-03,3.871461074039e+01,4.812944287942e+00,4.088921056393e+03,3.147477078175e+03,1.453080853453e+01,1.710377162359e-02
1.053752541383e-03,3.871302359546e+01,4.814513518677e+00,4.091153830085e+03,3.147371043766e+03,1.453129805710e+01,1.710058674044e-02
1.056370376610e-03,3.871143257300e+01,4.816085755256e+00,4.093392001407e+03,3.147264750159e+03,1.453178880942e+01,1.709739527985e-02
1.058987608085e-03,3.870983767452e+01,4.817660991704e+00,4.095635569402e+03,3.147158197452e+03,1.453228079126e+01,1.709419725026e-02
1.061604234452e-03,3.870823890153e+01,4.819239221125e+00,4.097884531980e+03,3.147051385746e+03,1.453277400242e+01,1.709099266161e-02
1.064220254355e-03,3.870663625553e+01,4.820820435753e+00,4.100138891391e+03,3.146944315141e+03,1.453326844267e+01,1.708778150267e-02
1.066835666441e-03,3.870502973803e+01,4.822404629640e+00,4.102398646355e+03,3.146836985736e+03,1.453376411180e+01,1.708456378347e-02
1.069450469358e-03,3.870341935057e+01,4.823991798555e+00,4.104663793122e+03,3.146729397631e+03,1.453426100961e+01,1.708133953039e-02
1.072064661756e-03,3.870180509465e+01,4.825581937354e+00,4.106934331817e+03,3.146621550929e+03,1.453475913587e+01,1.707810875047e-02
1.074678242285e-03,3.870018697181e+01,4.827175040041e+00,4.109210261514e+03,3.146513445728e+03,1.453525849036e+01,1.707487145215e-02
1.077291209597e-03,3.869856498358e+01,4.828771100617e+00,4.111491581295e+03,3.146405082131e+03,1.453575907287e+01,1.707162764383e-02
1.079903562345e-03,3.869693913150e+01,4.830370113078e+00,4.113778290243e+03,3.146296460239e+03,1.453626088318e+01,1.706837733393e-02
1.082515299184e-03,3.869530941709e+01,4.831972071416e+00,4.116070387449e+03,3.146187580154e+03,1.453676392107e+01,1.706512053087e-02
1.085126418770e-03,3.869367584191e+01,4.833576969101e+00,4.118367871364e+03,3.146078441977e+03,1.453726818632e+01,1.706185724389e-02
1.087736919762e-03,3.869203840750e+01,4.835184798271e+00,4.120670741812e+03,3.145969045811e+03,1.453777367871e+01,1.705858747187e-02
1.090346800816e-03,3.869039711541e+01,4.836795552079e+00,4.122979001537e+03,3.145859391758e+03,1.453828039802e+01,1.705531120527e-02
1.092956060595e-03,3.868875196720e+01,4.838409226319e+00,4.125292644247e+03,3.145749479921e+03,1.453878834402e+01,1.705202848126e-02
1.095564697758e-03,3.868710296441e+01,4.840025816285e+00,4.127611670700e+03,3.145639310403e+03,1.453929751651e+01,1.704873930609e-02
1.098172710971e-03,3.868545010861e+01,4.841645315949e+00,4.129936080018e+03,3.145528883307e+03,1.453980791524e+01,1.704544368815e-02
1.100780098895e-03,3.868379340138e+01,4.843267719277e+00,4.132265871327e+03,3.145418198736e+03,1.454031954001e+01,1.704214163584e-02
1.103386860199e-03,3.868213284427e+01,4.844893020234e+00,4.134601043758e+03,3.145307256794e+03,1.454083239058e+01,1.703883315752e-02
1.105992993548e-03,3.868046843887e+01,4.846521212781e+00,4.136941596448e+03,3.145196057586e+03,1.454134646672e+01,1.703551826158e-02
1.108598497611e-03,3.867880018674e+01,4.848152290414e+00,4.139287527962e+03,3.145084601215e+03,1.454186176823e+01,1.703219695714e-02
1.111203371059e-03,3.867712808948e+01,4.849786245173e+00,4.141638837721e+03,3.144972887787e+03,1.454237829485e+01,1.702886924474e-02
1.113807612562e-03,3.867545214865e+01,4.851423069997e+00,4.143995529293e+03,3.144860917404e+03,1.454289604638e+01,1.702553511104e-02
1.116411220793e-03,3.867377236586e+01,4.853062760715e+00,4.146357595873e+03,3.144748690174e+03,1.454341502258e+01,1.702219459556e-02
1.119014194427e-03,3.867208874270e+01,4.854705312717e+00,4.148725038428e+03,3.144636206200e+03,1.454393522323e+01,1.701884770430e-02
1.121616532138e-03,3.867040128075e+01,4.856350719941e+00,4.151097856125e+03,3.144523465588e+03,1.454445664809e+01,1.701549444561e-02
1.124218232605e-03,3.866870998163e+01,4.857998976325e+00,4.153476048138e+03,3.144410468445e+03,1.454497929693e+01,1.701213482785e-02
1.126819294505e-03,3.866701484693e+01,4.859650075804e+00,4.155859613643e+03,3.144297214876e+03,1.454550316954e+01,1.700876885937e-02
1.129419716518e-03,3.866531587827e+01,4.861304012308e+00,4.158248551824e+03,3.144183704987e+03,1.454602826566e+01,1.700539654850e-02
1.132019497325e-03,3.866361307725e+01,4.862960779005e+00,4.160642860916e+03,3.144069938885e+03,1.454655458507e+01,1.700201790482e-02
1.134618635610e-03,3.866190644549e+01,4.864620367835e+00,4.163042541980e+03,3.143955916677e+03,1.454708212755e+01,1.699863292211e-02
1.137217130055e-03,3.866019598461e+01,4.866282772240e+00,4.165447596200e+03,3.143841638470e+03,1.454761089285e+01,1.699524159893e-02
1.139814979347e-03,3.865848169623e+01,4.867947988092e+00,4.167858018317e+03,3.143727104371e+03,1.454814088074e+01,1.699184396869e-02
1.142412182172e-03,3.865676358198e+01,4.869616010516e+00,4.170273809056e+03,3.143612314487e+03,1.454867209099e+01,1.698844003772e-02
1.145008737218e-03,3.865504164349e+01,4.871286833424e+00,4.172694967634e+03,3.143497268926e+03,1.454920452336e+01,1.698502981435e-02
1.147604643177e-03,3.865331588240e+01,4.872960450725e+00,4.175121493268e+03,3.143381967796e+03,1.454973817762e+01,1.698161330689e-02
1.150199898737e-03,3.865158630033e+01,4.874636856326e+00,4.177553385182e+03,3.143266411207e+03,1.455027305353e+01,1.697819052365e-02
1.152794502593e-03,3.864985289895e+01,4.876316044130e+00,4.179990642607e+03,3.143150599265e+03,1.455080915086e+01,1.697476147294e-02
1.155388453438e-03,3.864811567988e+01,4.877998006605e+00,4.182433262977e+03,3.143034532081e+03,1.455134646935e+01,1.697132616538e-02
1.157981749968e-03,3.864637464478e+01,4.879682735592e+00,4.184881251069e+03,3.142918209762e+03,1.455188500879e+01,1.696788457965e-02
1.160574390880e-03,3.864462979531e+01,4.881370225779e+00,4.187334602465e+03,3.142801632419e+03,1.455242476892e+01,1.696443674171e-02
1.163166374871e-03,3.864288113311e+01,4.883060473085e+00,4.189793315532e+03,3.142684800160e+03,1.455296574950e+01,1.696098267046e-02
1.165757700643e-03,3.864112865986e+01,4.884753472005e+00,4.192257390290e+03,3.142567713096e+03,1.455350795031e+01,1.695752237322e-02
1.168348366895e-03,3.863937237721e+01,4.886449216424e+00,4.194726825998e+03,3.142450371336e+03,1.455405137109e+01,1.695405585825e-02
1.170938372332e-03,3.863761228684e+01,4.888147700226e+00,4.197201621923e+03,3.142332774991e+03,1.455459601160e+01,1.695058313383e-02
1.173527715656e-03,3.863584839041e+01,4.889848917290e+00,4.199681777335e+03,3.142214924172e+03,1.455514187161e+01,1.694710420823e-02
1.176116395574e-03,3.863408068961e+01,4.891552861112e+00,4.202167291028e+03,3.142096818989e+03,1.455568895086e+01,1.694361909033e-02
1.178704410792e-03,3.863230918611e+01,4.893259523461e+00,4.204658161776e+03,3.141978459553e+03,1.455623724911e+01,1.694012778316e-02
1.181291760020e-03,3.863053388159e+01,4.894968896840e+00,4.207154394690e+03,3.141859845976e+03,1.455678676612e+01,1.693663026678e-02
1.183878441967e-03,3.862875477775e+01,4.896680977195e+00,4.209655982008e+03,3.141740978369e+03,1.455733750165e+01,1.693312658507e-02
1.186464455345e-03,3.862697187627e+01,4.898395760112e+00,4.212162925202e+03,3.141621856844e+03,1.455788945545e+01,1.692961674347e-02
1.189049798866e-03,3.862518517885e+01,4.900113239454e+00,4.214675223571e+03,3.141502481512e+03,1.455844262726e+01,1.692610075023e-02
1.191634471246e-03,3.862339468719e+01,4.901833409083e+00,4.217192876424e+03,3.141382852486e+03,1.455899701685e+01,1.692257861358e-02
1.194218471199e-03,3.862160040298e+01,4.903556262857e+00,4.219715883074e+03,3.141262969879e+03,1.455955262397e+01,1.691905034176e-02
1.196801797443e-03,3.861980232794e+01,4.905281794634e+00,4.222244242837e+03,3.141142833804e+03,1.456010944836e+01,1.691551594299e-02
1.199384448698e-03,3.861800046378e+01,4.907009996506e+00,4.224777952804e+03,3.141022444373e+03,1.456066748978e+01,1.691197542836e-02
1.201966423682e-03,3.861619481221e+01,4.908740860134e+00,4.227317019399e+03,3.140901801700e+03,1.456122674797e+01,1.690842877017e-02
1.204547721119e-03,3.861438537494e+01,4.910474380696e+00,4.229861436054e+03,3.140780905898e+03,1.456178722269e+01,1.690487600485e-02
1.207128339731e-03,3.861257215369e+01,4.912210554195e+00,4.232411202588e+03,3.140659757081e+03,1.456234891369e+01,1.690131714611e-02
1.209708278244e-03,3.861075515020e+01,4.913949374879e+00,4.234966318857e+03,3.140538355362e+03,1.456291182071e+01,1.689775220152e-02
1.212287535382e-03,3.860893436618e+01,4.915690836590e+00,4.237526784209e+03,3.140416700857e+03,1.456347594350e+01,1.689418117926e-02
1.214866109875e-03,3.860710980338e+01,4.917434933167e+00,4.240092598000e+03,3.140294793680e+03,1.456404128181e+01,1.689060408752e-02
1.217444000450e-03,3.860528146352e+01,4.919181658445e+00,4.242663759589e+03,3.140172633945e+03,1.456460783538e+01,1.688702093451e-02
1.220021205840e-03,3.860344934835e+01,4.920931004947e+00,4.245240266668e+03,3.140050221767e+03,1.456517560396e+01,1.688343173055e-02
1.222597724776e-03,3.860161345961e+01,4.922682964260e+00,4.247822123072e+03,3.139927557262e+03,1.456574458730e+01,1.687983645835e-02
1.225173555991e-03,3.859977379904e+01,4.924437530583e+00,4.250409326433e+03,3.139804640546e+03,1.456631478512e+01,1.687623513436e-02
1.227748698222e-03,3.859793036839e+01,4.926194699958e+00,4.253001873874e+03,3.139681471732e+03,1.456688619719e+01,1.687262778329e-02
1.230323150204e-03,3.859608316943e+01,4.927954467124e+00,4.255599765942e+03,3.139558050939e+03,1.456745882325e+01,1.686901441184e-02
1.232896910676e-03,3.859423220390e+01,4.929716825905e+00,4.258203002028e+03,3.139434378281e+03,1.456803266302e+01,1.686539502815e-02
1.235469978377e-03,3.859237747357e+01,4.931481770120e+00,4.260811581529e+03,3.139310453876e+03,1.456860771627e+01,1.686176964038e-02
1.238042352049e-03,3.859051898020e+01,4.933249293590e+00,4.263425503846e+03,3.139186277840e+03,1.456918398272e+01,1.685813825669e-02
1.240614030435e-03,3.858865672557e+01,4.935019388980e+00,4.266044766916e+03,3.139061850291e+03,1.456976146211e+01,1.685450088709e-02
1.243185012278e-03,3.858679071144e+01,4.936792047799e+00,4.268669373591e+03,3.138937171344e+03,1.457034015419e+01,1.685085751826e-02
1.245755296324e-03,3.858492093960e+01,4.938567263845e+00,4.271299323201e+03,3.138812241118e+03,1.457092005870e+01,1.684720815868e-02
1.248324881321e-03,3.858304741181e+01,4.940345033203e+00,4.273934611787e+03,3.138687059730e+03,1.457150117536e+01,1.684355283759e-02
1.250893766017e-03,3.858117012986e+01,4.942125350817e+00,4.276575240228e+03,3.138561627298e+03,1.457208350393e+01,1.683989156126e-02
1.253461949164e-03,3.857928909554e+01,4.943908210494e+00,4.279221207959e+03,3.138435943940e+03,1.457266704413e+01,1.683622433781e-02
1.256029429511e-03,3.857740431065e+01,4.945693606040e+00,4.281872514418e+03,3.138310009775e+03,1.457325179571e+01,1.683255117535e-02
1.258596205813e-03,3.857551577696e+01,4.947481531256e+00,4.284529159048e+03,3.138183824921e+03,1.457383775839e+01,1.682887208199e-02
1.261162276825e-03,3.857362349630e+01,4.949271978659e+00,4.287191139652e+03,3.138057389498e+03,1.457442493191e+01,1.682518706792e-02
1.263727641303e-03,3.857172747044e+01,4.951064939684e+00,4.289858459733e+03,3.137930703623e+03,1.457501331601e+01,1.682149611734e-02
1.266292298005e-03,3.856982770120e+01,4.952860408314e+00,4.292531117805e+03,3.137803767418e+03,1.457560291042e+01,1.681779924270e-02
1.268856245690e-03,3.856792419039e+01,4.954658380680e+00,4.295209110462e+03,3.137676581000e+03,1.457619371486e+01,1.681409647131e-02
1.271419483120e-03,3.856601693982e+01,4.956458851640e+00,4.297892438541e+03,3.137549144490e+03,1.457678572909e+01,1.681038780950e-02
1.273982009056e-03,3.856410595130e+01,4.958261814988e+00,4.300581101518e+03,3.137421458008e+03,1.457737895281e+01,1.680667326535e-02
1.276543822264e-03,3.856219122666e+01,4.960067264512e+00,4.303275098874e+03,3.137293521674e+03,1.457797338577e+01,1.680295284692e-02
1.279104921508e-03,3.856027276772e+01,4.961875194002e+00,4.305974430094e+03,3.137165335609e+03,1.457856902770e+01,1.679922656229e-02
1.281665305555e-03,3.855835057630e+01,4.963685595526e+00,4.308679092461e+03,3.137036899933e+03,1.457916587832e+01,1.679549442232e-02
1.284224973175e-03,3.855642465423e+01,4.965498460437e+00,4.311389091773e+03,3.136908214769e+03,1.457976393736e+01,1.679175640228e-02
1.286783923138e-03,3.855449500335e+01,4.967313783515e+00,4.314104423206e+03,3.136779280236e+03,1.458036320456e+01,1.678801253050e-02
1.289342154215e-03,3.855256162550e+01,4.969131560941e+00,4.316825085562e+03,3.136650096456e+03,1.458096367963e+01,1.678426282587e-02
1.291899665179e-03,3.855062452251e+01,4.970951787186e+00,4.319551079247e+03,3.136520663551e+03,1.458156536231e+01,1.678050729530e-02
1.294456454806e-03,3.854868369623e+01,4.972774456030e+00,4.322282403777e+03,3.136390981643e+03,1.458216825232e+01,1.677674594684e-02
1.297012521872e-03,3.854673914851e+01,4.974599561249e+00,4.325019058678e+03,3.136261050854e+03,1.458277234938e+01,1.677297878849e-02
1.299567865155e-03,3.854479088120e+01,4.976427096620e+00,4.327761043478e+03,3.136130871307e+03,1.458337765323e+01,1.676920582829e-02
1.302122483434e-03,3.854283889615e+01,4.978257053453e+00,4.330508354531e+03,3.136000443124e+03,1.458398416358e+01,1.676542707828e-02
1.304676375491e-03,3.854088319523e+01,4.980089423025e+00,4.333261001609e+03,3.135869766428e+03,1.458459188015e+01,1.676164249846e-02
1.307229540108e-03,3.853892378029e+01,4.981924201527e+00,4.336018974003e+03,3.135738841342e+03,1.458520080268e+01,1.675785214471e-02
1.309781976070e-03,3.853696065320e+01,4.983761385197e+00,4.338782274406e+03,3.135607667989e+03,1.458581093088e+01,1.675405602118e-02
1.312333682162e-03,3.853499381583e+01,4.985600967812e+00,4.341550902385e+03,3.135476246494e+03,1.458642226448e+01,1.675025413585e-02
1.314884657172e-03,3.853302327005e+01,4.987442943137e+00,4.344324857501e+03,3.135344576980e+03,1.458703480319e+01,1.674644649671e-02
1.317434899888e-03,3.853104901774e+01,4.989287304940e+00,4.347104139321e+03,3.135212659570e+03,1.458764854673e+01,1.674263311173e-02
1.319984409101e-03,3.852907106079e+01,4.991134045995e+00,4.349888746133e+03,3.135080494390e+03,1.458826349483e+01,1.673881399052e-02
1.322533183604e-03,3.852708940106e+01,4.992983157524e+00,4.352678679615e+03,3.134948081564e+03,1.458887964720e+01,1.673498912446e-02
1.325081222189e-03,3.852510404045e+01,4.994834632712e+00,4.355473941600e+03,3.134815421217e+03,1.458949700356e+01,1.673115851096e-02
1.327628523652e-03,3.852311498085e+01,4.996688467828e+00,4.358274526566e+03,3.134682513473e+03,1.459011556364e+01,1.672732218604e-02
1.330175086790e-03,3.852112222415e+01,4.998544658166e+00,4.361080436101e+03,3.134549358457e+03,1.459073532713e+01,1.672348015515e-02
1.332720910401e-03,3.851912577225e+01,5.000403197487e+00,4.363891669803e+03,3.134415956296e+03,1.459135629377e+01,1.671963242624e-02
1.335265993286e-03,3.851712562704e+01,5.002264079547e+00,4.366708227277e+03,3.134282307115e+03,1.459197846327e+01,1.671577900725e-02
1.337810334245e-03,3.851512179045e+01,5.004127298101e+00,4.369530108132e+03,3.134148411040e+03,1.459260183533e+01,1.671191990612e-02
1.340353932082e-03,3.851311426436e+01,5.005992844595e+00,4.372357308978e+03,3.134014268197e+03,1.459322640968e+01,1.670805513457e-02
1.342896785601e-03,3.851110305070e+01,5.007860710169e+00,4.375189838584e+03,3.133879878712e+03,1.459385218603e+01,1.670418465684e-02
1.345438893610e-03,3.850908815138e+01,5.009730890581e+00,4.378027688158e+03,3.133745242712e+03,1.459447916410e+01,1.670030851977e-02
1.347980254915e-03,3.850706956831e+01,5.011603382164e+00,4.380870859200e+03,3.133610360323e+03,1.459510734358e+01,1.669642673272e-02
1.350520868327e-03,3.850504730341e+01,5.013478178943e+00,4.383719351706e+03,3.133475231674e+03,1.459573672421e+01,1.669253930317e-02
1.353060732656e-03,3.850302135862e+01,5.015355274668e+00,4.386573165318e+03,3.133339856890e+03,1.459636730568e+01,1.668864623901e-02
1.355599846715e-03,3.850099173585e+01,5.017234663087e+00,4.389432299684e+03,3.133204236100e+03,1.459699908771e+01,1.668474754814e-02
1.358138209318e-03,3.849895843705e+01,5.019116336634e+00,4.392296752741e+03,3.133068369432e+03,1.459763207000e+01,1.668084324061e-02
1.360675819282e-03,3.849692146414e+01,5.021000286401e+00,4.395166527791e+03,3.132932257013e+03,1.459826625227e+01,1.667693330165e-02
1.363212675424e-03,3.849488081907e+01,5.022886506086e+00,4.398041624537e+03,3.132795898971e+03,1.459890163422e+01,1.667301773887e-02
1.365748776562e-03,3.849283650378e+01,5.024774992061e+00,4.400922038897e+03,3.132659295435e+03,1.459953821557e+01,1.666909658313e-02
1.368284121518e-03,3.849078852020e+01,5.026665739398e+00,4.403807772284e+03,3.132522446534e+03,1.460017599601e+01,1.666516984012e-02
1.370818709114e-03,3.848873687030e+01,5.028558741842e+00,4.406698824378e+03,3.132385352396e+03,1.460081497526e+01,1.666123751769e-02
1.373352538174e-03,3.848668155602e+01,5.030453993135e+00,4.409595194865e+03,3.132248013151e+03,1.460145515302e+01,1.665729962370e-02
1.375885607523e-03,3.848462257932e+01,5.032351486483e+00,4.412496882736e+03,3.132110428928e+03,1.460209652900e+01,1.665335616689e-02
1.378417915988e-03,3.848255994216e+01,5.034251212924e+00,4.415403887032e+03,3.131972599856e+03,1.460273910289e+01,1.664940714861e-02
1.380949462399e-03,3.848049364650e+01,5.036153164541e+00,4.418316214083e+03,3.131834526065e+03,1.460338287441e+01,1.664545254628e-02
1.383480245585e-03,3.847842369430e+01,5.038057337747e+00,4.421233855441e+03,3.131696207686e+03,1.460402784326e+01,1.664149240734e-02
1.386010264380e-03,3.847635008754e+01,5.039963728444e+00,4.424156813658e+03,3.131557644848e+03,1.460467400914e+01,1.663752673607e-02
1.388539517615e-03,3.847427282819e+01,5.041872330369e+00,4.427085088452e+03,3.131418837681e+03,1.460532137175e+01,1.663355554030e-02
1.391068004126e-03,3.847219191821e+01,5.043783137263e+00,4.430018679548e+03,3.131279786317e+03,1.460596993079e+01,1.662957882783e-02
1.393595722752e-03,3.847010735960e+01,5.045696142862e+00,4.432957586677e+03,3.131140490887e+03,1.460661968597e+01,1.662559660648e-02
1.396122672328e-03,3.846801915434e+01,5.047611338167e+00,4.435901805973e+03,3.131000951521e+03,1.460727063698e+01,1.662160888855e-02
1.398648851697e-03,3.846592730441e+01,5.049528714133e+00,4.438851348257e+03,3.130861168352e+03,1.460792278352e+01,1.661761563117e-02
1.401174259700e-03,3.846383181180e+01,5.051448267182e+00,4.441806202201e+03,3.130721141509e+03,1.460857612529e+01,1.661361689250e-02
1.403698895179e-03,3.846173267849e+01,5.053369993801e+00,4.444766371081e+03,3.130580871126e+03,1.460923066200e+01,1.660961267620e-02
1.406222756981e-03,3.845962990650e+01,5.055293887743e+00,4.447731854680e+03,3.130440357334e+03,1.460988639333e+01,1.660560299001e-02
1.408745843951e-03,3.845752349781e+01,5.057219942745e+00,4.450702652761e+03,3.130299600265e+03,1.461054331898e+01,1.660158784170e-02
1.411268154938e-03,3.845541345443e+01,5.059148152540e+00,4.453678765093e+03,3.130158600052e+03,1.461120143866e+01,1.659756723905e-02
1.413789688792e-03,3.845329977837e+01,5.061078508399e+00,4.456660188197e+03,3.130017356828e+03,1.461186075205e+01,1.659354119387e-02
1.416310444364e-03,3.845118247164e+01,5.063011001222e+00,4.459646931358e+03,3.129875870725e+03,1.461252125885e+01,1.658950966923e-02
1.418830420508e-03,3.844906153624e+01,5.064945626829e+00,4.462638985755e+03,3.129734141876e+03,1.461318295875e+01,1.658547271183e-02
1.421349616078e-03,3.844693697419e+01,5.066882381758e+00,4.465636353031e+03,3.129592170415e+03,1.461384585146e+01,1.658143033170e-02
1.423868029931e-03,3.844480878752e+01,5.068821260085e+00,4.468639033439e+03,3.129449956476e+03,1.461450993665e+01,1.657738253600e-02
1.426385660925e-03,3.844267697824e+01,5.070762255545e+00,4.471647026783e+03,3.129307500191e+03,1.461517521403e+01,1.657332933248e-02
1.428902507920e-03,3.844054154837e+01,5.072705361869e+00,4.474660332871e+03,3.129164801696e+03,1.461584168328e+01,1.656927072886e-02
1.431418569777e-03,3.843840249996e+01,5.074650570366e+00,4.477678948301e+03,3.129021861124e+03,1.461650934410e+01,1.656520673684e-02
1.433933845359e-03,3.843625983503e+01,5.076597871879e+00,4.480702882083e+03,3.128878678609e+03,1.461717819618e+01,1.656113732074e-02
1.436448333531e-03,3.843411355562e+01,5.078547262098e+00,4.483732125995e+03,3.128735254287e+03,1.461784823920e+01,1.655706252445e-02
1.438962033159e-03,3.843196366375e+01,5.080498737612e+00,4.486766681312e+03,3.128591588291e+03,1.461851947286e+01,1.655298235965e-02
1.441474943111e-03,3.842981016149e+01,5.082452292588e+00,4.489806548450e+03,3.128447680758e+03,1.461919189685e+01,1.654889683333e-02
1.443987062258e-03,3.842765305086e+01,5.084407920760e+00,4.492851727251e+03,3.128303531822e+03,1.461986551084e+01,1.654480595318e-02
1.446498389469e-03,3.842549233392e+01,5.086365615860e+00,4.495902217565e+03,3.128159141619e+03,1.462054031454e+01,1.654070972688e-02
1.449008923619e-03,3.842332801273e+01,5.088325368996e+00,4.498958015752e+03,3.128014510285e+03,1.462121630762e+01,1.653660816642e-02
1.451518663582e-03,3.842116008933e+01,5.090287170958e+00,4.502019131820e+03,3.127869637955e+03,1.462189348978e+01,1.653250123263e-02
1.454027608233e-03,3.841898856579e+01,5.092251017778e+00,4.505085556227e+03,3.127724524765e+03,1.462257186069e+01,1.652838897525e-02
1.456535756452e-03,3.841681344416e+01,5.094216906099e+00,4.508157291156e+03,3.127579170852e+03,1.462325142005e+01,1.652427140292e-02
1.459043107118e-03,3.841463472650e+01,5.096184829947e+00,4.511234336873e+03,3.127433576353e+03,1.462393216753e+01,1.652014852281e-02
1.461549659112e-03,3.841245241490e+01,5.098154783053e+00,4.514316693259e+03,3.127287741404e+03,1.462461410282e+01,1.651602034256e-02
1.464055411317e-03,3.841026651141e+01,5.100126759056e+00,4.517404360077e+03,3.127141666142e+03,1.462529722561e+01,1.651188686996e-02
1.466560362617e-03,3.840807701811e+01,5.102100748719e+00,4.520497333756e+03,3.126995350704e+03,1.462598153557e+01,1.650774811571e-02
1.469064511900e-03,3.840588393709e+01,5.104076742965e+00,4.523595625330e+03,3.126848795229e+03,1.462666703239e+01,1.650360403770e-02
1.471567858052e-03,3.840368727041e+01,5.106054738468e+00,4.526699223270e+03,3.126701999852e+03,1.462735371575e+01,1.649945469485e-02
1.474070399964e-03,3.840148702016e+01,5.108034731832e+00,4.529808131326e+03,3.126554964712e+03,1.462804158533e+01,1.649530009005e-02
1.476572136527e-03,3.839928318843e+01,5.110016716791e+00,4.532922349414e+03,3.126407689948e+03,1.462873064081e+01,1.649114023090e-02
1.479073066634e-03,3.839707577730e+01,5.112000687080e+00,4.536041877458e+03,3.126260175697e+03,1.462942088187e+01,1.648697512502e-02
1.481573189179e-03,3.839486478888e+01,5.113986635708e+00,4.539166714414e+03,3.126112422098e+03,1.463011230818e+01,1.648280478119e-02
1.484072503060e-03,3.839265022526e+01,5.115974553382e+00,4.542296860029e+03,3.125964429289e+03,1.463080491943e+01,1.647862919792e-02
1.486571007174e-03,3.839043208854e+01,5.117964432238e+00,4.545432320508e+03,3.125816197410e+03,1.463149871529e+01,1.647444835496e-02
1.489068700420e-03,3.838821038081e+01,5.119956269008e+00,4.548573087561e+03,3.125667726598e+03,1.463219369544e+01,1.647026229944e-02
1.491565581700e-03,3.838598510418e+01,5.121950059721e+00,4.551719164215e+03,3.125519016995e+03,1.463288985956e+01,1.646607103515e-02
1.494061649918e-03,3.838375626077e+01,5.123945798114e+00,4.554870550430e+03,3.125370068738e+03,1.463358720731e+01,1.646187456967e-02
1.496556903978e-03,3.838152385268e+01,5.125943477925e+00,4.558027246166e+03,3.125220881969e+03,1.463428573839e+01,1.645767291055e-02
1.499051342786e-03,3.837928788204e+01,5.127943091287e+00,4.561189249235e+03,3.125071456826e+03,1.463498545245e+01,1.645346606799e-02
1.501544965251e-03,3.837704835095e+01,5.129944628851e+00,4.564356564023e+03,3.124921793450e+03,1.463568634918e+01,1.644925402374e-02
1.504037770283e-03,3.837480526154e+01,5.131948084462e+00,4.567529189946e+03,3.124771891981e+03,1.463638842824e+01,1.644503678775e-02
1.506529756793e-03,3.837255861592e+01,5.133953454915e+00,4.570707123273e+03,3.124621752559e+03,1.463709168932e+01,1.644081439077e-02
1.509020923694e-03,3.837030841624e+01,5.135960735417e+00,4.573890365972e+03,3.124471375325e+03,1.463779613208e+01,1.643658683791e-02
1.511511269901e-03,3.836805466461e+01,5.137969919708e+00,4.577078918041e+03,3.124320760421e+03,1.463850175619e+01,1.643235413670e-02
1.514000794331e-03,3.836579736318e+01,5.139981001529e+00,4.580272779483e+03,3.124169907987e+03,1.463920856132e+01,1.642811629466e-02
1.516489495902e-03,3.836353651408e+01,5.141993971889e+00,4.583471946614e+03,3.124018818165e+03,1.463991654715e+01,1.642387332381e-02
1.518977373535e-03,3.836127211944e+01,5.144008821384e+00,4.586676429793e+03,3.123867491096e+03,1.464062571334e+01,1.641962518455e-02
1.521464426150e-03,3.835900418142e+01,5.146025546070e+00,4.589886219675e+03,3.123715926922e+03,1.464133605957e+01,1.641537192537e-02
1.523950652672e-03,3.835673270215e+01,5.148044142807e+00,4.593101318426e+03,3.123564125784e+03,1.464204758549e+01,1.641111355606e-02
1.526436052025e-03,3.835445768378e+01,5.150064605731e+00,4.596321726605e+03,3.123412087826e+03,1.464276029079e+01,1.640685008346e-02
1.528920623137e-03,3.835217912846e+01,5.152086928586e+00,4.599547444250e+03,3.123259813188e+03,1.464347417512e+01,1.640258151506e-02
1.531404364936e-03,3.834989703836e+01,5.154111104176e+00,4.602778470128e+03,3.123107302014e+03,1.464418923815e+01,1.639830785988e-02
1.533887276351e-03,3.834761141563e+01,5.156137123068e+00,4.606014805004e+03,3.122954554447e+03,1.464490547954e+01,1.639402911273e-02
1.536369356316e-03,3.834532226243e+01,5.158164977693e+00,4.609256454031e+03,3.122801570630e+03,1.464562289898e+01,1.638974525879e-02
1.538850603764e-03,3.834302958091e+01,5.160194664952e+00,4.612503409663e+03,3.122648350705e+03,1.464634149611e+01,1.638545634263e-02
1.541331017629e-03,3.834073337325e+01,5.162226180822e+00,4.615755674992e+03,3.122494894815e+03,1.464706127060e+01,1.638116236803e-02
1.543810596850e-03,3.833843364162e+01,5.164259519054e+00,4.619013250092e+03,3.122341203105e+03,1.464778222212e+01,1.637686334243e-02
1.546289340365e-03,3.833613038819e+01,5.166294673401e+00,4.622276135043e+03,3.122187275718e+03,1.464850435033e+01,1.637255927327e-02
1.548767247114e-03,3.833382361513e+01,5.168331635087e+00,4.625544326486e+03,3.122033112798e+03,1.464922765489e+01,1.636825017216e-02
1.551244316041e-03,3.833151332463e+01,5.170370394620e+00,4.628817833597e+03,3.121878714490e+03,1.464995213546e+01,1.636393600413e-02
1.553720546087e-03,3.832919951886e+01,5.172410947565e+00,4.632096649151e+03,3.121724080936e+03,1.465067779170e+01,1.635961680828e-02
1.556195936201e-03,3.832688220001e+01,5.174453290890e+00,4.635380773943e+03,3.121569212283e+03,1.465140462328e+01,1.635529259975e-02
1.558670485328e-03,3.832456137027e+01,5.176497419045e+00,4.638670209024e+03,3.121414108674e+03,1.465213262986e+01,1.635096338481e-02
1.561144192418e-03,3.832223703182e+01,5.178543325787e+00,4.641964954510e+03,3.121258770255e+03,1.465286181109e+01,1.634662917086e-02
1.563617056421e-03,3.831990918687e+01,5.180591003775e+00,4.645265009015e+03,3.121103197170e+03,1.465359216663e+01,1.634228996712e-02
1.566089076291e-03,3.831757783760e+01,5.182640443489e+00,4.648570374069e+03,3.120947389566e+03,1.465432369614e+01,1.633794576570e-02
1.568560250981e-03,3.831524298621e+01,5.184691637598e+00,4.651881054003e+03,3.120791347587e+03,1.465505639928e+01,1.633359655584e-02
1.571030579448e-03,3.831290463491e+01,5.186744583114e+00,4.655197041852e+03,3.120635071379e+03,1.465579027571e+01,1.632924238015e-02
1.573500060649e-03,3.831056278590e+01,5.188799275967e+00,4.658518340723e+03,3.120478561087e+03,1.465652532507e+01,1.632488324241e-02
1.575968693544e-03,3.830821744139e+01,5.190855709924e+00,4.661844950768e+03,3.120321816859e+03,1.465726154704e+01,1.632051914999e-02
1.578436477094e-03,3.830586860359e+01,5.192913878752e+00,4.665176872145e+03,3.120164838840e+03,1.465799894126e+01,1.631615011026e-02
1.580903410262e-03,3.830351627472e+01,5.194973773062e+00,4.668514100684e+03,3.120007627177e+03,1.465873750739e+01,1.631177613578e-02
1.583369492012e-03,3.830116045698e+01,5.197035383278e+00,4.671856648819e+03,3.119850182016e+03,1.465947724508e+01,1.630739718058e-02
1.585834721311e-03,3.829880115260e+01,5.199098706139e+00,4.675204504831e+03,3.119692503505e+03,1.466021815399e+01,1.630301330291e-02
1.588299097127e-03,3.829643836380e+01,5.201163738732e+00,4.678557672595e+03,3.119534591789e+03,1.466096023376e+01,1.629862450761e-02
1.590762618430e-03,3.829407209280e+01,5.203230474991e+00,4.681916152518e+03,3.119376447017e+03,1.466170348406e+01,1.629423080174e-02
1.593225284191e-03,3.829170234184e+01,5.205298908692e+00,4.685279944795e+03,3.119218069335e+03,1.466244790453e+01,1.628983219263e-02
1.595687093384e-03,3.828932911314e+01,5.207369031507e+00,4.688649046728e+03,3.119059458892e+03,1.466319349482e+01,1.628542869107e-02
1.598148044984e-03,3.828695240895e+01,5.209440833833e+00,4.692023465097e+03,3.118900615835e+03,1.466394025459e+01,1.628102027098e-02
1.600608137968e-03,3.828457223148e+01,5.211514310262e+00,4.695403196754e+03,3.118741540312e+03,1.466468818348e+01,1.627660695392e-02
1.603067371313e-03,3.828218858298e+01,5.213589457930e+00,4.698788239814e+03,3.118582232472e+03,1.466543728115e+01,1.627218876499e-02
1.605525744001e-03,3.827980146570e+01,5.215666271879e+00,4.702178596238e+03,3.118422692462e+03,1.466618754725e+01,1.626776570937e-02
1.607983255014e-03,3.827741088188e+01,5.217744745895e+00,4.705574266256e+03,3.118262920430e+03,1.466693898141e+01,1.626333779437e-02
1.610439903335e-03,3.827501683376e+01,5.219824872545e+00,4.708975248421e+03,3.118102916527e+03,1.466769158329e+01,1.625890502928e-02
1.612895687949e-03,3.827261932361e+01,5.221906642194e+00,4.712381544753e+03,3.117942680901e+03,1.466844535255e+01,1.625446740457e-02
1.615350607845e-03,3.827021835366e+01,5.223990047629e+00,4.715793159331e+03,3.117782213700e+03,1.466920028881e+01,1.625002491125e-02
1.617804662011e-03,3.826781392618e+01,5.226075086034e+00,4.719210085404e+03,3.117621515075e+03,1.466995639174e+01,1.624557759130e-02
1.620257849437e-03,3.826540604342e+01,5.228161753395e+00,4.722632326264e+03,3.117460585173e+03,1.467071366097e+01,1.624112544835e-02
1.622710169117e-03,3.826299470764e+01,5.230250043505e+00,4.726059882181e+03,3.117299424146e+03,1.467147209615e+01,1.623666848964e-02
1.625161620045e-03,3.826057992112e+01,5.232339949657e+00,4.729492752728e+03,3.117138032143e+03,1.467223169693e+01,1.623220672327e-02
1.627612201216e-03,3.825816168612e+01,5.234431462187e+00,4.732930936070e+03,3.116976409314e+03,1.467299246294e+01,1.622774015296e-02
1.630061911628e-03,3.825574000490e+01,5.236524572417e+00,4.736374442158e+03,3.116814555808e+03,1.467375439384e+01,1.622326874519e-02
1.632510750281e-03,3.825331487974e+01,5.238619277582e+00,4.739823260281e+03,3.116652471778e+03,1.467451748926e+01,1.621879255555e-02
1.634958716177e-03,3.825088631291e+01,5.240715574437e+00,4.743277394839e+03,3.116490157372e+03,1.467528174886e+01,1.621431158637e-02
1.637405808317e-03,3.824845430670e+01,5.242813456789e+00,4.746736846135e+03,3.116327612742e+03,1.467604717226e+01,1.620982584485e-02
1.639852025708e-03,3.824601886338e+01,5.244912918446e+00,4.750201614482e+03,3.116164838038e+03,1.467681375911e+01,1.620533533821e-02
1.642297367355e-03,3.824357998523e+01,5.247013949751e+00,4.753671695365e+03,3.116001833413e+03,1.467758150904e+01,1.620084007940e-02
1.644741832267e-03,3.824113767455e+01,5.249116540985e+00,4.757147102722e+03,3.115838599016e+03,1.467835042171e+01,1.619634001835e-02
1.647185419453e-03,3.823869193362e+01,5.251220689359e+00,4.760627823321e+03,3.115675135000e+03,1.467912049675e+01,1.619183521899e-02
1.649628127927e-03,3.823624276472e+01,5.253326392187e+00,4.764113862169e+03,3.115511441515e+03,1.467989173380e+01,1.618732568338e-02
1.652069956700e-03,3.823379017017e+01,5.255433643329e+00,4.767605219662e+03,3.115347518714e+03,1.468066413250e+01,1.618281141865e-02
1.654510904789e-03,3.823133415224e+01,5.257542436602e+00,4.771101896149e+03,3.115183366750e+03,1.468143769248e+01,1.617829243196e-02
1.656950971211e-03,3.822887471325e+01,5.259652762690e+00,4.774603887592e+03,3.115018985773e+03,1.468221241338e+01,1.617376873569e-02
1.659390154985e-03,3.822641185550e+01,5.261764611842e+00,4.778111206159e+03,3.114854375937e+03,1.468298829485e+01,1.616924028606e-02
1.661828455131e-03,3.822394558128e+01,5.263877980585e+00,4.781623841410e+03,3.114689537393e+03,1.468376533650e+01,1.616470713516e-02
1.664265870671e-03,3.822147589291e+01,5.265992866290e+00,4.785141796485e+03,3.114524470295e+03,1.468454353799e+01,1.616016929166e-02
1.666702400630e-03,3.821900279269e+01,5.268109263197e+00,4.788665072337e+03,3.114359174795e+03,1.468532289894e+01,1.615562676201e-02
1.669138044034e-03,3.821652628294e+01,5.270227165139e+00,4.792193669352e+03,3.114193651047e+03,1.468610341900e+01,1.615107955336e-02
1.671572799910e-03,3.821404636598e+01,5.272346562961e+00,4.795727583726e+03,3.114027899203e+03,1.468688509778e+01,1.614652767782e-02
1.674006667288e-03,3.821156304412e+01,5.274467446884e+00,4.799266826793e+03,3.113861919417e+03,1.468766793493e+01,1.614197109462e-02
1.676439645200e-03,3.820907631968e+01,5.276589813101e+00,4.802811389517e+03,3.113695711843e+03,1.468845193009e+01,1.613740984993e-02
1.678871732677e-03,3.820658619498e+01,5.278713659041e+00,4.806361274110e+03,3.113529276634e+03,1.468923708287e+01,1.613284395577e-02
1.681302928756e-03,3.820409267236e+01,5.280838979152e+00,4.809916481839e+03,3.113362613943e+03,1.469002339292e+01,1.612827341824e-02
1.683733232472e-03,3.820159575413e+01,5.282965767280e+00,4.813477013128e+03,3.113195723927e+03,1.469081085987e+01,1.612369824445e-02
1.686162642864e-03,3.819909544264e+01,5.285094014257e+00,4.817042864157e+03,3.113028606738e+03,1.469159948334e+01,1.611911844651e-02
1.688591158972e-03,3.819659174021e+01,5.287223710275e+00,4.820614046375e+03,3.112861262530e+03,1.469238926297e+01,1.611453398352e-02
1.691018779838e-03,3.819408464918e+01,5.289354851550e+00,4.824190550751e+03,3.112693691459e+03,1.469318019838e+01,1.610994490152e-02
1.693445504505e-03,3.819157417188e+01,5.291487435568e+00,4.827772379516e+03,3.112525893680e+03,1.469397228921e+01,1.610535121267e-02
1.695871332019e-03,3.818906031066e+01,5.293621456810e+00,4.831359534005e+03,3.112357869346e+03,1.469476553509e+01,1.610075292303e-02
1.698296261428e-03,3.818654306787e+01,5.295756909135e+00,4.834952014680e+03,3.112189618613e+03,1.469555993563e+01,1.609615003963e-02
1.700720291780e-03,3.818402244585e+01,5.297893783187e+00,4.838549817453e+03,3.112021141638e+03,1.469635549047e+01,1.609154257493e-02
1.703143422125e-03,3.818149844694e+01,5.300032069127e+00,4.842152954846e+03,3.111852438574e+03,1.469715219924e+01,1.608693048469e-02
1.705565651518e-03,3.817897107350e+01,5.302171763552e+00,4.845761416421e+03,3.111683509578e+03,1.469795006157e+01,1.608231382058e-02
1.707986979011e-03,3.817644032788e+01,5.304312864006e+00,4.849375205388e+03,3.111514354804e+03,1.469874907707e+01,1.607769259175e-02
1.710407403661e-03,3.817390621244e+01,5.306455364825e+00,4.852994322897e+03,3.111344974410e+03,1.469954924537e+01,1.607306680447e-02
1.712826924527e-03,3.817136872954e+01,5.308599259884e+00,4.856618769447e+03,3.111175368552e+03,1.470035056611e+01,1.606843646576e-02
1.715245540667e-03,3.816882788153e+01,5.310744539459e+00,4.860248540429e+03,3.111005537385e+03,1.470115303889e+01,1.606380158866e-02
1.717663251143e-03,3.816628367079e+01,5.312891193680e+00,4.863883650402e+03,3.110835481066e+03,1.470195666335e+01,1.605916212246e-02
1.720080055018e-03,3.816373609968e+01,5.315039219885e+00,4.867524086100e+03,3.110665199752e+03,1.470276143912e+01,1.605451813021e-02
1.722495951358e-03,3.816118517056e+01,5.317188615678e+00,4.871169852684e+03,3.110494693598e+03,1.470356736580e+01,1.604986961484e-02
1.724910939229e-03,3.815863088580e+01,5.319339375071e+00,4.874820950858e+03,3.110323962764e+03,1.470437444304e+01,1.604521658316e-02
1.727325017700e-03,3.815607324779e+01,5.321491491555e+00,4.878477380594e+03,3.110153007404e+03,1.470518267044e+01,1.604055904282e-02
1.729738185842e-03,3.815351225890e+01,5.323644955257e+00,4.882139139212e+03,3.109981827678e+03,1.470599204762e+01,1.603589700006e-02
1.732150442726e-03,3.815094792150e+01,5.325799757078e+00,4.885806238981e+03,3.109810423741e+03,1.470680257422e+01,1.603123041439e-02
1.734561787426e-03,3.814838023798e+01,5.327955894659e+00,4.889478667687e+03,3.109638795752e+03,1.470761424984e+01,1.602655934603e-02
1.736972219019e-03,3.814580921071e+01,5.330113365267e+00,4.893156430695e+03,3.109466943868e+03,1.470842707412e+01,1.602188379632e-02
1.739381736582e-03,3.814323484210e+01,5.332272162808e+00,4.896839528579e+03,3.109294868247e+03,1.470924104666e+01,1.601720377222e-02
1.741790339194e-03,3.814065713451e+01,5.334432280088e+00,4.900527960340e+03,3.109122569048e+03,1.471005616708e+01,1.601251928255e-02
1.744198025937e-03,3.813807609035e+01,5.336593707204e+00,4.904221727040e+03,3.108950046428e+03,1.471087243502e+01,1.600783032124e-02
1.746604795893e-03,3.813549171201e+01,5.338756436438e+00,4.907920835602e+03,3.108777300546e+03,1.471168985007e+01,1.600313686973e-02
1.749010648147e-03,3.813290400187e+01,5.340920465493e+00,4.911625277469e+03,3.108604331560e+03,1.471250841187e+01,1.599843897623e-02
1.751415581786e-03,3.813031296235e+01,5.343085790993e+00,4.915335057117e+03,3.108431139629e+03,1.471332812002e+01,1.599373664313e-02
1.753819595898e-03,3.812771859583e+01,5.345252406863e+00,4.919050175161e+03,3.108257724912e+03,1.471414897414e+01,1.598902987738e-02
1.756222689573e-03,3.812512090473e+01,5.347420305042e+00,4.922770629363e+03,3.108084087568e+03,1.471497097385e+01,1.598431868922e-02
1.758624861904e-03,3.812251989144e+01,5.349589475597e+00,4.926496425524e+03,3.107910227757e+03,1.471579411876e+01,1.597960305724e-02
1.761026111983e-03,3.811991555838e+01,5.351759912554e+00,4.930227563768e+03,3.107736145636e+03,1.471661840849e+01,1.597488299034e-02
1.763426438907e-03,3.811730790795e+01,5.353931613684e+00,4.933964040190e+03,3.107561841367e+03,1.471744384266e+01,1.597015852163e-02
1.765825841772e-03,3.811469694256e+01,5.356104574786e+00,4.937705858111e+03,3.107387315107e+03,1.471827042087e+01,1.596542965488e-02
1.768224319679e-03,3.811208266463e+01,5.358278789801e+00,4.941453018182e+03,3.107212567018e+03,1.471909814273e+01,1.596069639699e-02
1.770621871727e-03,3.810946507658e+01,5.360454249619e+00,4.945205516657e+03,3.107037597260e+03,1.471992700787e+01,1.595595875998e-02
1.773018497020e-03,3.810684418082e+01,5.362630944279e+00,4.948963365084e+03,3.106862405992e+03,1.472075701589e+01,1.595121670400e-02
1.775414194662e-03,3.810421997977e+01,5.364808869922e+00,4.952726555316e+03,3.106686993374e+03,1.472158816641e+01,1.594647027094e-02
1.777808963759e-03,3.810159247587e+01,5.366988024381e+00,4.956495089112e+03,3.106511359567e+03,1.472242045903e+01,1.594171947574e-02
1.780202803420e-03,3.809896167152e+01,5.369168402451e+00,4.960268968364e+03,3.106335504731e+03,1.472325389337e+01,1.593696432385e-02
1.782595712755e-03,3.809632756917e+01,5.371349997714e+00,4.964048193219e+03,3.106159429027e+03,1.472408846903e+01,1.593220482277e-02
1.784987690875e-03,3.809369017124e+01,5.373532800204e+00,4.967832760714e+03,3.105983132617e+03,1.472492418563e+01,1.592744097944e-02
1.787378736893e-03,3.809104948016e+01,5.375716800681e+00,4.971622684151e+03,3.105806615661e+03,1.472576104277e+01,1.592267275085e-02
1.789768849926e-03,3.808840549837e+01,5.377901997021e+00,4.975417950652e+03,3.105629878319e+03,1.472659904007e+01,1.591790019903e-02
1.792158029091e-03,3.808575822830e+01,5.380088386747e+00,4.979218566079e+03,3.105452920754e+03,1.472743817714e+01,1.591312332484e-02
1.794546273506e-03,3.808310767240e+01,5.382275963837e+00,4.983024531159e+03,3.105275743127e+03,1.472827845357e+01,1.590834213512e-02
1.796933582291e-03,3.808045383310e+01,5.384464720501e+00,4.986835844048e+03,3.105098345600e+03,1.472911986898e+01,1.590355663967e-02
1.799319954571e-03,3.807779671285e+01,5.386654646741e+00,4.990652509312e+03,3.104920728334e+03,1.472996242297e+01,1.589876682137e-02
1.801705389469e-03,3.807513631410e+01,5.388845736088e+00,4.994474529378e+03,3.104742891491e+03,1.473080611516e+01,1.589397268038e-02
1.804089886111e-03,3.807247263929e+01,5.391037986485e+00,4.998301898814e+03,3.104564835232e+03,1.473165094514e+01,1.588917425490e-02
1.806473443626e-03,3.806980569087e+01,5.393231394124e+00,5.002134621575e+03,3.104386559722e+03,1.473249691252e+01,1.588437154804e-02
1.808856061143e-03,3.806713547130e+01,5.395425953001e+00,5.005972698428e+03,3.104208065120e+03,1.473334401690e+01,1.587956456660e-02
1.811237737793e-03,3.806446198303e+01,5.397621653766e+00,5.009816125253e+03,3.104029351592e+03,1.473419225790e+01,1.587475332301e-02
1.813618472711e-03,3.806178522851e+01,5.399818486396e+00,5.013664915181e+03,3.103850419298e+03,1.473504163511e+01,1.586993777310e-02
1.815998265032e-03,3.805910521021e+01,5.402016447560e+00,5.017519058262e+03,3.103671268401e+03,1.473589214814e+01,1.586511796555e-02
1.818377113892e-03,3.805642193059e+01,5.404215535273e+00,5.021378557550e+03,3.103491899065e+03,1.473674379659e+01,1.586029391174e-02
1.820755018430e-03,3.805373539210e+01,5.406415744205e+00,5.025243414806e+03,3.103312311452e+03,1.473759658006e+01,1.585546561734e-02
1.823131977788e-03,3.805104559722e+01,5.408617067309e+00,5.029113629272e+03,3.103132505726e+03,1.473845049816e+01,1.585063309090e-02
1.825507991108e-03,3.804835254841e+01,5.410819494553e+00,5.032989201640e+03,3.102952482050e+03,1.473930555049e+01,1.584579632771e-02
1.827883057533e-03,3.804565624815e+01,5.413023018022e+00,5.036870140333e+03,3.102772240588e+03,1.474016173664e+01,1.584095530494e-02
1.830257176211e-03,3.804295669889e+01,5.415227635773e+00,5.040756435841e+03,3.102591781502e+03,1.474101905622e+01,1.583611007370e-02
1.832630346289e-03,3.804025390313e+01,5.417433344816e+00,5.044648093365e+03,3.102411104958e+03,1.474187750883e+01,1.583126063571e-02
1.835002566916e-03,3.803754786332e+01,5.419640139187e+00,5.048545113744e+03,3.102230211118e+03,1.474273709406e+01,1.582640699772e-02
1.837373837245e-03,3.803483858197e+01,5.421848009948e+00,5.052447493445e+03,3.102049100147e+03,1.474359781153e+01,1.582154917148e-02
1.839744156429e-03,3.803212606153e+01,5.424056947040e+00,5.056355243562e+03,3.101867772209e+03,1.474445966081e+01,1.581668711972e-02
1.842113523623e-03,3.802941030450e+01,5.426266946354e+00,5.060268357468e+03,3.101686227469e+03,1.474532264153e+01,1.581182087803e-02
1.844481937984e-03,3.802669131335e+01,5.428478006016e+00,5.064186835978e+03,3.101504466090e+03,1.474618675326e+01,1.580695046517e-02
1.846849398672e-03,3.802396909058e+01,5.430690121189e+00,5.068110681598e+03,3.101322488237e+03,1.474705199562e+01,1.580207588600e-02
1.849215904845e-03,3.802124363867e+01,5.432903284981e+00,5.072039893805e+03,3.101140294076e+03,1.474791836819e+01,1.579719714883e-02
1.851581455668e-03,3.801851496012e+01,5.435117487324e+00,5.075974472598e+03,3.100957883771e+03,1.474878587057e+01,1.579231425112e-02
1.853946050305e-03,3.801578305741e+01,5.437332720041e+00,5.079914427732e+03,3.100775257487e+03,1.474965450236e+01,1.578742716554e-02
1.856309687920e-03,3.801304793304e+01,5.439548981301e+00,5.083859748809e+03,3.100592415388e+03,1.475052426315e+01,1.578253594586e-02
1.858672367684e-03,3.801030958951e+01,5.441766268349e+00,5.087810441421e+03,3.100409357641e+03,1.475139515255e+01,1.577764059343e-02
1.861034088764e-03,3.800756802931e+01,5.443984575263e+00,5.091766506486e+03,3.100226084411e+03,1.475226717014e+01,1.577274111491e-02
1.863394850334e-03,3.800482325496e+01,5.446203892930e+00,5.095727940192e+03,3.100042595864e+03,1.475314031551e+01,1.576783752240e-02
1.865754651565e-03,3.800207526894e+01,5.448424211258e+00,5.099694754810e+03,3.099858892164e+03,1.475401458827e+01,1.576292977539e-02
1.868113491634e-03,3.799932407376e+01,5.450645526539e+00,5.103666942330e+03,3.099674973479e+03,1.475488998800e+01,1.575801791465e-02
1.870471369718e-03,3.799656967194e+01,5.452867837017e+00,5.107644504555e+03,3.099490839972e+03,1.475576651430e+01,1.575310195622e-02
1.872828284995e-03,3.799381206597e+01,5.455091137756e+00,5.111627443868e+03,3.099306491812e+03,1.475664416676e+01,1.574818190510e-02
1.875184236645e-03,3.799105125837e+01,5.457315421431e+00,5.115615759105e+03,3.099121929164e+03,1.475752294497e+01,1.574325777036e-02
1.877539223853e-03,3.798828725166e+01,5.459540677943e+00,5.119609452819e+03,3.098937152195e+03,1.475840284852e+01,1.573832954164e-02
1.879893245801e-03,3.798552004834e+01,5.461766900033e+00,5.123608531358e+03,3.098752161070e+03,1.475928387701e+01,1.573339720517e-02
1.882246301677e-03,3.798274965094e+01,5.463994085992e+00,5.127612986685e+03,3.098566955957e+03,1.476016603003e+01,1.572846080735e-02
1.884598390667e-03,3.797997606196e+01,5.466222232706e+00,5.131622823912e+03,3.098381537021e+03,1.476104930716e+01,1.572352035011e-02
1.886949511962e-03,3.797719928394e+01,5.468451334298e+00,5.135638044030e+03,3.098195904431e+03,1.476193370799e+01,1.571857584008e-02
1.889299664754e-03,3.797441931939e+01,5.470681380890e+00,5.139658642058e+03,3.098010058353e+03,1.476281923212e+01,1.571362729068e-02
1.891648848235e-03,3.797163617084e+01,5.472912362358e+00,5.143684634735e+03,3.097823998955e+03,1.476370587913e+01,1.570867464822e-02
1.893997061602e-03,3.796884984081e+01,5.475144276583e+00,5.147716007876e+03,3.097637726402e+03,1.476459364861e+01,1.570371797659e-02
1.896344304051e-03,3.796606033184e+01,5.477377121933e+00,5.151752767561e+03,3.097451240863e+03,1.476548254016e+01,1.569875727908e-02
1.898690574781e-03,3.796326764644e+01,5.479610892779e+00,5.155794915160e+03,3.097264542506e+03,1.476637255335e+01,1.569379256189e-02
1.901035872993e-03,3.796047178717e+01,5.481845580772e+00,5.159842447966e+03,3.097077631497e+03,1.476726368777e+01,1.568882383586e-02
1.903380197890e-03,3.795767275654e+01,5.484081175782e+00,5.163895374401e+03,3.096890508005e+03,1.476815594302e+01,1.568385107289e-02
1.905723548675e-03,3.795487055709e+01,5.486317672662e+00,5.167953692581e+03,3.096703172198e+03,1.476904931867e+01,1.567887429057e-02
1.908065924556e-03,3.795206519136e+01,5.488555069828e+00,5.172017400151e+03,3.096515624243e+03,1.476994381432e+01,1.567389351799e-02
1.910407324739e-03,3.794925666188e+01,5.490793363215e+00,5.176086500837e+03,3.096327864308e+03,1.477083942954e+01,1.566890875872e-02
1.912747748436e-03,3.794644497122e+01,5.493032545888e+00,5.180160994047e+03,3.096139892562e+03,1.477173616393e+01,1.566392002121e-02
1.915087194858e-03,3.794363012189e+01,5.495272607710e+00,5.184240880486e+03,3.095951709174e+03,1.477263401707e+01,1.565892730087e-02
1.917425663218e-03,3.794081211645e+01,5.497513540736e+00,5.188326169686e+03,3.095763314311e+03,1.477353298854e+01,1.565393057274e-02
1.919763152731e-03,3.793799095745e+01,5.499755343431e+00,5.192416851460e+03,3.095574708143e+03,1.477443307793e+01,1.564892988968e-02
1.922099662615e-03,3.793516664743e+01,5.501998013180e+00,5.196512931727e+03,3.095385890837e+03,1.477533428481e+01,1.564392525280e-02
1.924435192089e-03,3.793233918894e+01,5.504241544173e+00,5.200614411594e+03,3.095196862563e+03,1.477623660878e+01,1.563891666863e-02
1.926769740374e-03,3.792950858454e+01,5.506485926439e+00,5.204721285880e+03,3.095007623491e+03,1.477714004942e+01,1.563390415081e-02
1.929103306692e-03,3.792667483677e+01,5.508731149817e+00,5.208833572265e+03,3.094818173788e+03,1.477804460630e+01,1.562888764378e-02
1.931435890268e-03,3.792383794820e+01,5.510977212475e+00,5.212951255718e+03,3.094628513624e+03,1.477895027901e+01,1.562386721391e-02
1.933767490328e-03,3.792099792138e+01,5.513224112954e+00,5.217074342957e+03,3.094438643169e+03,1.477985706713e+01,1.561884286324e-02
1.936098106101e-03,3.791815475887e+01,5.515471845641e+00,5.221202835391e+03,3.094248562591e+03,1.478076497024e+01,1.561381459801e-02
1.938427736816e-03,3.791530846323e+01,5.517720401719e+00,5.225336729565e+03,3.094058272061e+03,1.478167398792e+01,1.560878242990e-02
1.940756381705e-03,3.791245903703e+01,5.519969771020e+00,5.229476036889e+03,3.093867771748e+03,1.478258411976e+01,1.560374632239e-02
1.943084040001e-03,3.790960648283e+01,5.522219949442e+00,5.233620751633e+03,3.093677061822e+03,1.478349536532e+01,1.559870630737e-02
1.945410710941e-03,3.790675080319e+01,5.524470935576e+00,5.237770874136e+03,3.093486142452e+03,1.478440772420e+01,1.559366240615e-02
1.947736393761e-03,3.790389200068e+01,5.526722724996e+00,5.241926407608e+03,3.093295013810e+03,1.478532119597e+01,1.558861462296e-02
1.950061087701e-03,3.790103007787e+01,5.528975309922e+00,5.246087350160e+03,3.093103676064e+03,1.478623578020e+01,1.558356296773e-02
1.952384792002e-03,3.789816503734e+01,5.531228680180e+00,5.250253707544e+03,3.092912129386e+03,1.478715147648e+01,1.557850742096e-02
1.954707505906e-03,3.789529688165e+01,5.533482829628e+00,5.254425482433e+03,3.092720373945e+03,1.478806828439e+01,1.557344798372e-02
1.957029228657e-03,3.789242561338e+01,5.535737756913e+00,5.258602669396e+03,3.092528409912e+03,1.478898620349e+01,1.556838469459e-02
1.959349959504e-03,3.788955123510e+01,5.537993458676e+00,5.262785273286e+03,3.092336237458e+03,1.478990523337e+01,1.556331755594e-02
1.961669697693e-03,3.788667374941e+01,5.540249928058e+00,5.266973293610e+03,3.092143856753e+03,1.479082537361e+01,1.555824657617e-02
1.963988442475e-03,3.788379315887e+01,5.542507154881e+00,5.271166731086e+03,3.091951267968e+03,1.479174662378e+01,1.555317175076e-02
1.966306193101e-03,3.788090946606e+01,5.544765131198e+00,5.275365595878e+03,3.091758471275e+03,1.479266898345e+01,1.554809305366e-02
1.968622948826e-03,3.787802267357e+01,5.547023855707e+00,5.279569877409e+03,3.091565466843e+03,1.479359245221e+01,1.554301053863e-02
1.970938708905e-03,3.787513278398e+01,5.549283326005e+00,5.283779582008e+03,3.091372254844e+03,1.479451702962e+01,1.553792420644e-02
1.973253472596e-03,3.787223979988e+01,5.551543536037e+00,5.287994710410e+03,3.091178835450e+03,1.479544271526e+01,1.553283406411e-02
1.975567239158e-03,3.786934372386e+01,5.553804475618e+00,5.292215258926e+03,3.090985208833e+03,1.479636950870e+01,1.552774012012e-02
1.977880007851e-03,3.786644455851e+01,5.556066135233e+00,5.296441244293e+03,3.090791375162e+03,1.479729740953e+01,1.552264232491e-02
1.980191777939e-03,3.786354230641e+01,5.558328513631e+00,5.300672651417e+03,3.090597334610e+03,1.479822641731e+01,1.551754074542e-02
1.982502548687e-03,3.786063697017e+01,5.560591609248e+00,5.304909487933e+03,3.090403087349e+03,1.479915653161e+01,1.551243538100e-02
1.984812319361e-03,3.785772855236e+01,5.562855416393e+00,5.309151755137e+03,3.090208633550e+03,1.480008775201e+01,1.550732623808e-02
1.987121089229e-03,3.785481705560e+01,5.565119925200e+00,5.313399447884e+03,3.090013973385e+03,1.480102007808e+01,1.550221333022e-02
1.989428857562e-03,3.785190248248e+01,5.567385125462e+00,5.317652584090e+03,3.089819107027e+03,1.480195350939e+01,1.549709660283e-02
1.991735623632e-03,3.784898483560e+01,5.569651015340e+00,5.321911149253e+03,3.089624034647e+03,1.480288804551e+01,1.549197611919e-02
1.994041386712e-03,3.784606411754e+01,5.571917593663e+00,5.326175149817e+03,3.089428756418e+03,1.480382368602e+01,1.548685188328e-02
1.996346146079e-03,3.784314033093e+01,5.574184855091e+00,5.330444587615e+03,3.089233272511e+03,1.480476043048e+01,1.548172390097e-02
1.998649901011e-03,3.784021347837e+01,5.576452790295e+00,5.334719458314e+03,3.089037583100e+03,1.480569827847e+01,1.547659218491e-02
2.000952650785e-03,3.783728356246e+01,5.578721389066e+00,5.338999776945e+03,3.088841688357e+03,1.480663722956e+01,1.547145668920e-02
2.003254394684e-03,3.783435058579e+01,5.580990648525e+00,5.343285533370e+03,3.088645588454e+03,1.480757728330e+01,1.546631746129e-02
2.005555131991e-03,3.783141455099e+01,5.583260567557e+00,5.347576731041e+03,3.088449283564e+03,1.480851843929e+01,1.546117451407e-02
2.007854861990e-03,3.782847546067e+01,5.585531141391e+00,5.351873372680e+03,3.088252773861e+03,1.480946069708e+01,1.545602785241e-02
2.010153583969e-03,3.782553331743e+01,5.587802361126e+00,5.356175454587e+03,3.088056059516e+03,1.481040405623e+01,1.545087748830e-02
2.012451297215e-03,3.782258812389e+01,5.590074216547e+00,5.360482989558e+03,3.087859140704e+03,1.481134851633e+01,1.544572338252e-02
2.014748001020e-03,3.781963988266e+01,5.592346703969e+00,5.364795970874e+03,3.087662017596e+03,1.481229407693e+01,1.544056557026e-02
2.017043694675e-03,3.781668859636e+01,5.594619822334e+00,5.369114399646e+03,3.087464690367e+03,1.481324073761e+01,1.543540407132e-02
2.019338377474e-03,3.781373426760e+01,5.596893567328e+00,5.373438279305e+03,3.087267159189e+03,1.481418849794e+01,1.543023888980e-02
2.021632048714e-03,3.781077689901e+01,5.599167930354e+00,5.377767606609e+03,3.087069424237e+03,1.481513735747e+01,1.542507003719e-02
2.023924707691e-03,3.780781649320e+01,5.601442901193e+00,5.382102392771e+03,3.086871485683e+03,1.481608731577e+01,1.541989747907e-02
2.026216353706e-03,3.780485305280e+01,5.603718475593e+00,5.386442633544e+03,3.086673343701e+03,1.481703837242e+01,1.541472124181e-02
2.028506986061e-03,3.780188658043e+01,5.605994652551e+00,5.390788328346e+03,3.086474998465e+03,1.481799052697e+01,1.540954135018e-02
2.030796604057e-03,3.779891707871e+01,5.608271428090e+00,5.395139481145e+03,3.086276450149e+03,1.481894377900e+01,1.540435780774e-02
2.033085207000e-03,3.779594455027e+01,5.610548793805e+00,5.399496088975e+03,3.086077698927e+03,1.481989812806e+01,1.539917062566e-02
2.035372794197e-03,3.779296899774e+01,5.612826739472e+00,5.403858162124e+03,3.085878744973e+03,1.482085357372e+01,1.539397977235e-02
2.037659364957e-03,3.778999042374e+01,5.615105260507e+00,5.408225697858e+03,3.085679588460e+03,1.482181011555e+01,1.538878526889e-02
2.039944918590e-03,3.778700883091e+01,5.617384355961e+00,5.412598694566e+03,3.085480229563e+03,1.482276775311e+01,1.538358714308e-02
2.042229454408e-03,3.778402422187e+01,5.619664022080e+00,5.416977156568e+03,3.085280668456e+03,1.482372648596e+01,1.537838539808e-02
2.044512971726e-03,3.778103659927e+01,5.621944250530e+00,5.421361080994e+03,3.085080905314e+03,1.482468631367e+01,1.537318004499e-02
2.046795469859e-03,3.777804596573e+01,5.624225031085e+00,5.425750477876e+03,3.084880940312e+03,1.482564723579e+01,1.536797105314e-02
2.049076948127e-03,3.777505232389e+01,5.626506359062e+00,5.430145345022e+03,3.084680773623e+03,1.482660925190e+01,1.536275844174e-02
2.051357405847e-03,3.777205567639e+01,5.628788233568e+00,5.434545680459e+03,3.084480405422e+03,1.482757236155e+01,1.535754223967e-02
2.053636842341e-03,3.776905602587e+01,5.631070650955e+00,5.438951488680e+03,3.084279835883e+03,1.482853656431e+01,1.535232244996e-02
2.055915256933e-03,3.776605337496e+01,5.633353602843e+00,5.443362766722e+03,3.084079065184e+03,1.482950185973e+01,1.534709908379e-02
2.058192648949e-03,3.776304772632e+01,5.635637079004e+00,5.447779525036e+03,3.083878093497e+03,1.483046824739e+01,1.534187210952e-02
2.060469017714e-03,3.776003908257e+01,5.637921074892e+00,5.452201760995e+03,3.083676920997e+03,1.483143572683e+01,1.533664154789e-02
2.062744362558e-03,3.775702744636e+01,5.640205589671e+00,5.456629472940e+03,3.083475547861e+03,1.483240429762e+01,1.533140742698e-02
2.065018682812e-03,3.775401282034e+01,5.642490619679e+00,5.461062665348e+03,3.083273974262e+03,1.483337395932e+01,1.532616974984e-02
2.067291977807e-03,3.775099520716e+01,5.644776156376e+00,5.465501334981e+03,3.083072200377e+03,1.483434471149e+01,1.532092852799e-02
2.069564246879e-03,3.774797460946e+01,5.647062189530e+00,5.469945493385e+03,3.082870226381e+03,1.483531655369e+01,1.531568372690e-02
2.071835489363e-03,3.774495102990e+01,5.649348714968e+00,5.474395136516e+03,3.082668052449e+03,1.483628948548e+01,1.531043537223e-02
2.074105704596e-03,3.774192447111e+01,5.651635731912e+00,5.478850263705e+03,3.082465678757e+03,1.483726350642e+01,1.530518348934e-02
2.076374891920e-03,3.773889493576e+01,5.653923236568e+00,5.483310879231e+03,3.082263105480e+03,1.483823861606e+01,1.529992808156e-02
2.078643050676e-03,3.773586242650e+01,5.656211220121e+00,5.487776979388e+03,3.082060332794e+03,1.483921481396e+01,1.529466916089e-02
2.080910180206e-03,3.773282694598e+01,5.658499672333e+00,5.492248577506e+03,3.081857360875e+03,1.484019209968e+01,1.528940668806e-02
2.083176279856e-03,3.772978849685e+01,5.660788589640e+00,5.496725667128e+03,3.081654189899e+03,1.484117047279e+01,1.528414069701e-02
2.085441348974e-03,3.772674708178e+01,5.663077971323e+00,5.501208249264e+03,3.081450820041e+03,1.484214993283e+01,1.527887120851e-02
2.087705386907e-03,3.772370270342e+01,5.665367813339e+00,5.505696327804e+03,3.081247251478e+03,1.484313047937e+01,1.527359822632e-02
2.089968393008e-03,3.772065536443e+01,5.667658106478e+00,5.510189898382e+03,3.081043484386e+03,1.484411211195e+01,1.526832176319e-02
2.092230366628e-03,3.771760506747e+01,5.669948840500e+00,5.514688976808e+03,3.080839518941e+03,1.484509483014e+01,1.526304177321e-02
2.094491307122e-03,3.771455181520e+01,5.672240012685e+00,5.519193553206e+03,3.080635355320e+03,1.484607863349e+01,1.525775830192e-02
2.096751213845e-03,3.771149561028e+01,5.674531622371e+00,5.523703630961e+03,3.080430993697e+03,1.484706352156e+01,1.525247136364e-02
2.099010086157e-03,3.770843645539e+01,5.676823665151e+00,5.528219213381e+03,3.080226434251e+03,1.484804949391e+01,1.524718096278e-02
2.101267923416e-03,3.770537435318e+01,5.679116131302e+00,5.532740295251e+03,3.080021677159e+03,1.484903655008e+01,1.524188711302e-02
2.103524724985e-03,3.770230930632e+01,5.681409010583e+00,5.537266895552e+03,3.079816722595e+03,1.485002468963e+01,1.523658975998e-02
2.105780490227e-03,3.769924131747e+01,5.683702301350e+00,5.541798999985e+03,3.079611570737e+03,1.485101391212e+01,1.523128896410e-02
2.108035218507e-03,3.769617038931e+01,5.685996003003e+00,5.546336615006e+03,3.079406221761e+03,1.485200421711e+01,1.522598473136e-02
2.110288909192e-03,3.769309652451e+01,5.688290110531e+00,5.550879742957e+03,3.079200675846e+03,1.485299560413e+01,1.522067706726e-02
2.112541561652e-03,3.769001972574e+01,5.690584613704e+00,5.555428378464e+03,3.078994933167e+03,1.485398807276e+01,1.521536598450e-02
2.114793175257e-03,3.768693999566e+01,5.692879502515e+00,5.559982542686e+03,3.078788993901e+03,1.485498162254e+01,1.521005142371e-02
2.117043749380e-03,3.768385733696e+01,5.695174776397e+00,5.564542217581e+03,3.078582858226e+03,1.485597625302e+01,1.520473345815e-02
2.119293283395e-03,3.768077175230e+01,5.697470434688e+00,5.569107412495e+03,3.078376526318e+03,1.485697196376e+01,1.519941208579e-02
2.121541776679e-03,3.767768324436e+01,5.699766471154e+00,5.573678127789e+03,3.078169998356e+03,1.485796875431e+01,1.519408731427e-02
2.123789228608e-03,3.767459181583e+01,5.702062875561e+00,5.578254362410e+03,3.077963274516e+03,1.485896662422e+01,1.518875914446e-02
2.126035638565e-03,3.767149746937e+01,5.704359639392e+00,5.582836131427e+03,3.077756354975e+03,1.485996557305e+01,1.518342753793e-02
2.128281005929e-03,3.766840020766e+01,5.706656762142e+00,5.587423421016e+03,3.077549239911e+03,1.486096560034e+01,1.517809255624e-02
2.130525330085e-03,3.766530003339e+01,5.708954242459e+00,5.592016239436e+03,3.077341929502e+03,1.486196670564e+01,1.517275419858e-02
2.132768610419e-03,3.766219694923e+01,5.711252073277e+00,5.596614585684e+03,3.077134423924e+03,1.486296888851e+01,1.516741247409e-02
2.135010846316e-03,3.765909095788e+01,5.713550244361e+00,5.601218463748e+03,3.076926723357e+03,1.486397214850e+01,1.516206736997e-02
2.137252037166e-03,3.765598206200e+01,5.715848748918e+00,5.605827881565e+03,3.076718827977e+03,1.486497648516e+01,1.515671887194e-02
2.139492182361e-03,3.765287026429e+01,5.718147586502e+00,5.610442830253e+03,3.076510737962e+03,1.486598189803e+01,1.515136702808e-02
2.141731281292e-03,3.764975556743e+01,5.720446754957e+00,5.615063316783e+03,3.076302453491e+03,1.486698838668e+01,1.514601183897e-02
2.143969333354e-03,3.764663797410e+01,5.722746246270e+00,5.619689338584e+03,3.076093974740e+03,1.486799595063e+01,1.514065331545e-02
2.146206337944e-03,3.764351748700e+01,5.725046050202e+00,5.624320905413e+03,3.075885301889e+03,1.486900458946e+01,1.513529142930e-02
2.148442294459e-03,3.764039410881e+01,5.727346161920e+00,5.628958017030e+03,3.075676435115e+03,1.487001430269e+01,1.512992619355e-02
2.150677202299e-03,3.763726784222e+01,5.729646581036e+00,5.633600670216e+03,3.075467374596e+03,1.487102508990e+01,1.512455764096e-02
2.152911060867e-03,3.763413868992e+01,5.731947304475e+00,5.638248870455e+03,3.075258120510e+03,1.487203695061e+01,1.511918577376e-02
2.155143869564e-03,3.763100665461e+01,5.734248323157e+00,5.642902613404e+03,3.075048673037e+03,1.487304988438e+01,1.511381060470e-02
2.157375627798e-03,3.762787173897e+01,5.736549626846e+00,5.647561915322e+03,3.074839032354e+03,1.487406389076e+01,1.510843208832e-02
2.159606334975e-03,3.762473394570e+01,5.738851212897e+00,5.652226766732e+03,3.074629198639e+03,1.487507896929e+01,1.510305026814e-02
2.161835990504e-03,3.762159327749e+01,5.741153080982e+00,5.656897170815e+03,3.074419172071e+03,1.487609511953e+01,1.509766515981e-02
2.164064593796e-03,3.761844973703e+01,5.743455226956e+00,5.661573131306e+03,3.074208952828e+03,1.487711234102e+01,1.509227676748e-02
2.166292144264e-03,3.761530332704e+01,5.745757640592e+00,5.666254642146e+03,3.073998541091e+03,1.487813063330e+01,1.508688510540e-02
2.168518641321e-03,3.761215405019e+01,5.748060311724e+00,5.670941726333e+03,3.073787937036e+03,1.487914999592e+01,1.508149011064e-02
2.170744084384e-03,3.760900190919e+01,5.750363240059e+00,5.675634364590e+03,3.073577140842e+03,1.488017042843e+01,1.507609185878e-02
2.172968472872e-03,3.760584690673e+01,5.752666425297e+00,5.680332566975e+03,3.073366152688e+03,1.488119193037e+01,1.507069034724e-02
2.175191806204e-03,3.760268904553e+01,5.754969860876e+00,5.685036333238e+03,3.073154972754e+03,1.488221450129e+01,1.506528558442e-02
2.177414083801e-03,3.759952832827e+01,5.757273536568e+00,5.689745665022e+03,3.072943601219e+03,1.488323814074e+01,1.505987756410e-02
2.179635305088e-03,3.759636475767e+01,5.759577444808e+00,5.694460574350e+03,3.072732038260e+03,1.488426284826e+01,1.505446625964e-02
2.181855469489e-03,3.759319833641e+01,5.761881585363e+00,5.699181049549e+03,3.072520284057e+03,1.488528862339e+01,1.504905172625e-02
2.184074576432e-03,3.759002906721e+01,5.764185956692e+00,5.703907098649e+03,3.072308338790e+03,1.488631546568e+01,1.504363396355e-02
2.186292625345e-03,3.758685695278e+01,5.766490550849e+00,5.708638719090e+03,3.072096202637e+03,1.488734337468e+01,1.503821298241e-02
2.188509615660e-03,3.758368199581e+01,5.768795357609e+00,5.713375920971e+03,3.071883875778e+03,1.488837234992e+01,1.503278875442e-02
2.190725546808e-03,3.758050419901e+01,5.771100372234e+00,5.718118704252e+03,3.071671358392e+03,1.488940239095e+01,1.502736129225e-02
2.192940418225e-03,3.757732356508e+01,5.773405594556e+00,5.722867065618e+03,3.071458650658e+03,1.489043349732e+01,1.502193062902e-02
2.195154229346e-03,3.757414009675e+01,5.775711021676e+00,5.727621010863e+03,3.071245752755e+03,1.489146566857e+01,1.501649676676e-02
2.197366979609e-03,3.757095379671e+01,5.778016644150e+00,5.732380534903e+03,3.071032664864e+03,1.489249890423e+01,1.501105971903e-02
2.199578668454e-03,3.756776466768e+01,5.780322451753e+00,5.737145657052e+03,3.070819387164e+03,1.489353320386e+01,1.500561943349e-02
2.201789295323e-03,3.756457271236e+01,5.782628442810e+00,5.741916364117e+03,3.070605919833e+03,1.489456856700e+01,1.500017596515e-02
2.203998859658e-03,3.756137793347e+01,5.784934617213e+00,5.746692661893e+03,3.070392263053e+03,1.489560499319e+01,1.499472932332e-02
2.206207360906e-03,3.755818033372e+01,5.787240969748e+00,5.751474552324e+03,3.070178417001e+03,1.489664248197e+01,1.498927951415e-02
2.208414798513e-03,3.755497991582e+01,5.789547490202e+00,5.756262034083e+03,3.069964381860e+03,1.489768103287e+01,1.498382653934e-02
2.210621171928e-03,3.755177668248e+01,5.791854170038e+00,5.761055124008e+03,3.069750157807e+03,1.489872064546e+01,1.497837035772e-02
2.212826480602e-03,3.754857063643e+01,5.794161009189e+00,5.765853807118e+03,3.069535745023e+03,1.489976131926e+01,1.497291103283e-02
2.215030723986e-03,3.754536178036e+01,5.796468006761e+00,5.770658092574e+03,3.069321143687e+03,1.490080305382e+01,1.496744856321e-02
2.217233901536e-03,3.754215011701e+01,5.798775155069e+00,5.775467978163e+03,3.069106353981e+03,1.490184584867e+01,1.496198295942e-02
2.219436012707e-03,3.753893564909e+01,5.801082443898e+00,5.780283473019e+03,3.068891376083e+03,1.490288970336e+01,1.495651419607e-02
2.221637056957e-03,3.753571837932e+01,5.803389868182e+00,5.785104579025e+03,3.068676210174e+03,1.490393461743e+01,1.495104227994e-02
2.223837033745e-03,3.753249831040e+01,5.805697427914e+00,5.789931291560e+03,3.068460856433e+03,1.490498059042e+01,1.494556724759e-02
2.226035942533e-03,3.752927544507e+01,5.808005120527e+00,5.794763616995e+03,3.068245315042e+03,1.490602762187e+01,1.494008910055e-02
2.228233782785e-03,3.752604978604e+01,5.810312936520e+00,5.799601550029e+03,3.068029586179e+03,1.490707571132e+01,1.493460785262e-02
2.230430553965e-03,3.752282133604e+01,5.812620865681e+00,5.804445111037e+03,3.067813670027e+03,1.490812485830e+01,1.492912344968e-02
2.232626255539e-03,3.751959009777e+01,5.814928906641e+00,5.809294285823e+03,3.067597566763e+03,1.490917506237e+01,1.492363594936e-02
2.234820886978e-03,3.751635607398e+01,5.817237059454e+00,5.814149080909e+03,3.067381276570e+03,1.491022632304e+01,1.491814535958e-02
2.237014447750e-03,3.751311926737e+01,5.819545318533e+00,5.819009497573e+03,3.067164799627e+03,1.491127863988e+01,1.491265168724e-02
2.239206937329e-03,3.750987968068e+01,5.821853673681e+00,5.823875536801e+03,3.066948136115e+03,1.491233201240e+01,1.490715492818e-02
2.241398355188e-03,3.750663731662e+01,5.824162117151e+00,5.828747212614e+03,3.066731286215e+03,1.491338644016e+01,1.490165505124e-02
2.243588700803e-03,3.750339217792e+01,5.826470649039e+00,5.833624512003e+03,3.066514250106e+03,1.491444192269e+01,1.489615211445e-02
2.245777973651e-03,3.750014426730e+01,5.828779268226e+00,5.838507443802e+03,3.066297027969e+03,1.491549845953e+01,1.489064611683e-02
2.247966173212e-03,3.749689358751e+01,5.831087966410e+00,5.843396004664e+03,3.066079619986e+03,1.491655605021e+01,1.488513707016e-02
2.250153298968e-03,3.749364014125e+01,5.833396733395e+00,5.848290208097e+03,3.065862026337e+03,1.491761469427e+01,1.487962493844e-02
2.252339350400e-03,3.749038393125e+01,5.835705565535e+00,5.853190050193e+03,3.065644247202e+03,1.491867439126e+01,1.487410974681e-02
2.254524326995e-03,3.748712496025e+01,5.838014462985e+00,5.858095530366e+03,3.065426282762e+03,1.491973514071e+01,1.486859152157e-02
2.256708228238e-03,3.748386323097e+01,5.840323422397e+00,5.863006653671e+03,3.065208133198e+03,1.492079694214e+01,1.486307026574e-02
2.258891053618e-03,3.748059874615e+01,5.842632433583e+00,5.867923415001e+03,3.064989798691e+03,1.492185979511e+01,1.485754599070e-02
2.261072802624e-03,3.747733150851e+01,5.844941486836e+00,5.872845837537e+03,3.064771279422e+03,1.492292369915e+01,1.485201863746e-02
2.263253474750e-03,3.747406152078e+01,5.847250582351e+00,5.877773901941e+03,3.064552575572e+03,1.492398865379e+01,1.484648827987e-02
2.265433069488e-03,3.747078878569e+01,5.849559720102e+00,5.882707618943e+03,3.064333687321e+03,1.492505465857e+01,1.484095491504e-02
2.267611586333e-03,3.746751330599e+01,5.851868892633e+00,5.887646986575e+03,3.064114614850e+03,1.492612171303e+01,1.483541855333e-02
2.269789024785e-03,3.746423508439e+01,5.854178089764e+00,5.892592013558e+03,3.063895358342e+03,1.492718981669e+01,1.482987917126e-02
2.271965384341e-03,3.746095412363e+01,5.856487306283e+00,5.897542703262e+03,3.063675917976e+03,1.492825896911e+01,1.482433677150e-02
2.274140664502e-03,3.745767042644e+01,5.858796542450e+00,5.902499050076e+03,3.063456293934e+03,1.492932916980e+01,1.481879139311e-02
2.276314864770e-03,3.745438399557e+01,5.861105796048e+00,5.907461061002e+03,3.063236486397e+03,1.493040041832e+01,1.481324303715e-02
2.278487984652e-03,3.745109483374e+01,5.863415057299e+00,5.912428730043e+03,3.063016495547e+03,1.493147271418e+01,1.480769171814e-02
2.280660023651e-03,3.744780294368e+01,5.865724316023e+00,5.917402080556e+03,3.062796321564e+03,1.493254605693e+01,1.480213737614e-02
2.282830981278e-03,3.744450832814e+01,5.868033571735e+00,5.922381094932e+03,3.062575964629e+03,1.493362044610e+01,1.479658007828e-02
2.285000857040e-03,3.744121098985e+01,5.870342824753e+00,5.927365782098e+03,3.062355424925e+03,1.493469588123e+01,1.479101982723e-02
2.287169650450e-03,3.743791093155e+01,5.872652068511e+00,5.932356141559e+03,3.062134702632e+03,1.493577236184e+01,1.478545663183e-02
2.289337361022e-03,3.743460815598e+01,5.874961292843e+00,5.937352179369e+03,3.061913797932e+03,1.493684988748e+01,1.477989047557e-02
2.291503988271e-03,3.743130266587e+01,5.877270491680e+00,5.942353903109e+03,3.061692711006e+03,1.493792845768e+01,1.477432134851e-02
2.293669531712e-03,3.742799446395e+01,5.879579665381e+00,5.947361304266e+03,3.061471442036e+03,1.493900807196e+01,1.476874929692e-02
2.295833990865e-03,3.742468355298e+01,5.881888812274e+00,5.952374390785e+03,3.061249991203e+03,1.494008872987e+01,1.476317432094e-02
2.297997365251e-03,3.742136993569e+01,5.884197922876e+00,5.957393157094e+03,3.061028358689e+03,1.494117043094e+01,1.475759643467e-02
2.300159654391e-03,3.741805361482e+01,5.886506987025e+00,5.962417625224e+03,3.060806544676e+03,1.494225317469e+01,1.475201558217e-02
2.302320857810e-03,3.741473459310e+01,5.888816003772e+00,5.967447779840e+03,3.060584549344e+03,1.494333696067e+01,1.474643182318e-02
2.304480975034e-03,3.741141287329e+01,5.891124973540e+00,5.972483628308e+03,3.060362372875e+03,1.494442178841e+01,1.474084516457e-02
2.306640005589e-03,3.740808845812e+01,5.893433890189e+00,5.977525170829e+03,3.060140015451e+03,1.494550765743e+01,1.473525561452e-02
2.308797949006e-03,3.740476135033e+01,5.895742743570e+00,5.982572412944e+03,3.059917477255e+03,1.494659456727e+01,1.472966315801e-02
2.310954804815e-03,3.740143155267e+01,5.898051527459e+00,5.987625363329e+03,3.059694758467e+03,1.494768251746e+01,1.472406778220e-02
2.313110572550e-03,3.739809906788e+01,5.900360242320e+00,5.992684012728e+03,3.059471859269e+03,1.494877150754e+01,1.471846953506e-02
2.315265251745e-03,3.739476389869e+01,5.902668886667e+00,5.997748369433e+03,3.059248779843e+03,1.494986153703e+01,1.471286841647e-02
2.317418841937e-03,3.739142604787e+01,5.904977450968e+00,6.002818427690e+03,3.059025520372e+03,1.495095260546e+01,1.470726444074e-02
2.319571342663e-03,3.738808551814e+01,5.907285925079e+00,6.007894210383e+03,3.058802081036e+03,1.495204471238e+01,1.470165755048e-02
2.321722753463e-03,3.738474231225e+01,5.909594308288e+00,6.012975701306e+03,3.058578462017e+03,1.495313785731e+01,1.469604780764e-02
2.323873073880e-03,3.738139643295e+01,5.911902601120e+00,6.018062908442e+03,3.058354663498e+03,1.495423203977e+01,1.469043521789e-02
2.326022303457e-03,3.737804788299e+01,5.914210797167e+00,6.023155831473e+03,3.058130685660e+03,1.495532725931e+01,1.468481978999e-02
2.328170441740e-03,3.737469666510e+01,5.916518886297e+00,6.028254477626e+03,3.057906528686e+03,1.495642351545e+01,1.467920150502e-02
2.330317488274e-03,3.737134278204e+01,5.918826862830e+00,6.033358853500e+03,3.057682192757e+03,1.495752080772e+01,1.467358035677e-02
2.332463442610e-03,3.736798623655e+01,5.921134727332e+00,6.038468951289e+03,3.057457678055e+03,1.495861913566e+01,1.466795638954e-02
2.334608304297e-03,3.736462703137e+01,5.923442478159e+00,6.043584779026e+03,3.057232984762e+03,1.495971849879e+01,1.466232960354e-02
2.336752072888e-03,3.736126516926e+01,5.925750105381e+00,6.048706330161e+03,3.057008113061e+03,1.496081889664e+01,1.465670001390e-02
2.338894747937e-03,3.735790065296e+01,5.928057598873e+00,6.053833630649e+03,3.056783063134e+03,1.496192032874e+01,1.465106755651e-02
2.341036329000e-03,3.735453348522e+01,5.930364958857e+00,6.058966660207e+03,3.056557835161e+03,1.496302279463e+01,1.464543230492e-02
2.343176815635e-03,3.735116366879e+01,5.932672185959e+00,6.064105429655e+03,3.056332429326e+03,1.496412629383e+01,1.463979425827e-02
2.345316207400e-03,3.734779120641e+01,5.934979272810e+00,6.069249936919e+03,3.056106845811e+03,1.496523082587e+01,1.463415342711e-02
2.347454503858e-03,3.734441610084e+01,5.937286209295e+00,6.074400193149e+03,3.055881084798e+03,1.496633639029e+01,1.462850978339e-02
2.349591704571e-03,3.734103835482e+01,5.939592990972e+00,6.079556199639e+03,3.055655146469e+03,1.496744298660e+01,1.462286333684e-02
2.351727809103e-03,3.733765797110e+01,5.941899618511e+00,6.084717952269e+03,3.055429031006e+03,1.496855061434e+01,1.461721412278e-02
2.353862817022e-03,3.733427495244e+01,5.944206089194e+00,6.089885457186e+03,3.055202738592e+03,1.496965927305e+01,1.461156214343e-02
2.355996727894e-03,3.733088930157e+01,5.946512392920e+00,6.095058711048e+03,3.054976269409e+03,1.497076896224e+01,1.460590740563e-02
2.358129541291e-03,3.732750102127e+01,5.948818520713e+00,6.100237736273e+03,3.054749623638e+03,1.497187968144e+01,1.460024985735e-02
2.360261256784e-03,3.732411011426e+01,5.951124473287e+00,6.105422514113e+03,3.054522801463e+03,1.497299143019e+01,1.459458956895e-02
2.362391873946e-03,3.732071658330e+01,5.953430250805e+00,6.110613055845e+03,3.054295803066e+03,1.497410420801e+01,1.458892653748e-02
2.364521392353e-03,3.731732043115e+01,5.955735844815e+00,6.115809357392e+03,3.054068628628e+03,1.497521801444e+01,1.458326077557e-02
2.366649811581e-03,3.731392166056e+01,5.958041245220e+00,6.121011436095e+03,3.053841278333e+03,1.497633284899e+01,1.457759224076e-02
2.368777131209e-03,3.731052027427e+01,5.960346449503e+00,6.126219284663e+03,3.053613752362e+03,1.497744871119e+01,1.457192096794e-02
2.370903350818e-03,3.730711627504e+01,5.962651458438e+00,6.131432904935e+03,3.053386050898e+03,1.497856560059e+01,1.456624697822e-02
2.373028469989e-03,3.730370966562e+01,5.964956267355e+00,6.136652299566e+03,3.053158174124e+03,1.497968351669e+01,1.456057027741e-02
2.375152488308e-03,3.730030044877e+01,5.967260866172e+00,6.141877472280e+03,3.052930122222e+03,1.498080245903e+01,1.455489085562e-02
2.377275405358e-03,3.729688862723e+01,5.969565248142e+00,6.147108435647e+03,3.052701895374e+03,1.498192242714e+01,1.454920869018e-02
2.379397220729e-03,3.729347420376e+01,5.971869414080e+00,6.152345177752e+03,3.052473493762e+03,1.498304342054e+01,1.454352383487e-02
2.381517934009e-03,3.729005718111e+01,5.974173363151e+00,6.157587708120e+03,3.052244917569e+03,1.498416543877e+01,1.453783628860e-02
2.383637544788e-03,3.728663756203e+01,5.976477085671e+00,6.162836020370e+03,3.052016166979e+03,1.498528848134e+01,1.453214606633e-02
2.385756052661e-03,3.728321534929e+01,5.978780571567e+00,6.168090140354e+03,3.051787242172e+03,1.498641254778e+01,1.452645310612e-02
2.387873457220e-03,3.727979054562e+01,5.981083820926e+00,6.173350048848e+03,3.051558143332e+03,1.498753763763e+01,1.452075747700e-02
2.389989758063e-03,3.727636315378e+01,5.983386834624e+00,6.178615755965e+03,3.051328870640e+03,1.498866375041e+01,1.451505918073e-02
2.392104954787e-03,3.727293317653e+01,5.985689605363e+00,6.183887259582e+03,3.051099424280e+03,1.498979088564e+01,1.450935822798e-02
2.394219046991e-03,3.726950061663e+01,5.987992123082e+00,6.189164572816e+03,3.050869804435e+03,1.499091904285e+01,1.450365458702e-02
2.396332034277e-03,3.726606547683e+01,5.990294383938e+00,6.194447695028e+03,3.050640011286e+03,1.499204822156e+01,1.449794827349e-02
2.398443916249e-03,3.726262775987e+01,5.992596388851e+00,6.199736623463e+03,3.050410045016e+03,1.499317842132e+01,1.449223931948e-02
2.400554692511e-03,3.725918746851e+01,5.994898134441e+00,6.205031363065e+03,3.050179905808e+03,1.499430964163e+01,1.448652772859e-02
2.402664362670e-03,3.725574460552e+01,5.997199610662e+00,6.210331914550e+03,3.049949593845e+03,1.499544188202e+01,1.448081349820e-02
2.404772926333e-03,3.725229917364e+01,5.999500809871e+00,6.215638295382e+03,3.049719109308e+03,1.499657514202e+01,1.447509659253e-02
2.406880383112e-03,3.724885117563e+01,6.001801733031e+00,6.220950490274e+03,3.049488452380e+03,1.499770942117e+01,1.446937707287e-02
2.408986732617e-03,3.724540061424e+01,6.004102379915e+00,6.226268509891e+03,3.049257623245e+03,1.499884471897e+01,1.446365493716e-02
2.411091974462e-03,3.724194749223e+01,6.006402741127e+00,6.231592348211e+03,3.049026622085e+03,1.499998103496e+01,1.445793019999e-02
2.413196108263e-03,3.723849181236e+01,6.008702806627e+00,6.236922030118e+03,3.048795449081e+03,1.500111836866e+01,1.445220280277e-02
2.415299133637e-03,3.723503357737e+01,6.011002576150e+00,6.242257538335e+03,3.048564104418e+03,1.500225671960e+01,1.444647280824e-02
2.417401050202e-03,3.723157279003e+01,6.013302050719e+00,6.247598881638e+03,3.048332588277e+03,1.500339608731e+01,1.444074022177e-02
2.419501857579e-03,3.722810945308e+01,6.015601223355e+00,6.252946058378e+03,3.048100900841e+03,1.500453647130e+01,1.443500505361e-02
2.421601555389e-03,3.722464356929e+01,6.017900084036e+00,6.258299081953e+03,3.047869042294e+03,1.500567787110e+01,1.442926727199e-02
2.423700143257e-03,3.722117514141e+01,6.020198628991e+00,6.263657951870e+03,3.047637012816e+03,1.500682028625e+01,1.442352689227e-02
2.425797620809e-03,3.721770417220e+01,6.022496859287e+00,6.269022665286e+03,3.047404812592e+03,1.500796371625e+01,1.441778394676e-02
2.427893987671e-03,3.721423066440e+01,6.024794771439e+00,6.274393226924e+03,3.047172441803e+03,1.500910816064e+01,1.441203843938e-02
2.429989243473e-03,3.721075462079e+01,6.027092355437e+00,6.279769639028e+03,3.046939900633e+03,1.501025361895e+01,1.440629036417e-02
2.432083387846e-03,3.720727604411e+01,6.029389604142e+00,6.285151917412e+03,3.046707189264e+03,1.501140009068e+01,1.440053969096e-02
2.434176420421e-03,3.720379493711e+01,6.031686518658e+00,6.290540047941e+03,3.046474307879e+03,1.501254757538e+01,1.439478647796e-02
2.436268340834e-03,3.720031130255e+01,6.033983098677e+00,6.295934041174e+03,3.046241256659e+03,1.501369607257e+01,1.438903072334e-02
2.438359148720e-03,3.719682514320e+01,6.036279334392e+00,6.301333890173e+03,3.046008035790e+03,1.501484558176e+01,1.438327244262e-02
2.440448843716e-03,3.719333646181e+01,6.038575215804e+00,6.306739623438e+03,3.045774645452e+03,1.501599610248e+01,1.437751157002e-02
2.442537425463e-03,3.718984526112e+01,6.040870743681e+00,6.312151219016e+03,3.045541085827e+03,1.501714763426e+01,1.437174818057e-02
2.444624893601e-03,3.718635154390e+01,6.043165919190e+00,6.317568688933e+03,3.045307357100e+03,1.501830017663e+01,1.436598227267e-02
2.446711247773e-03,3.718285531290e+01,6.045460734293e+00,6.322992029466e+03,3.045073459453e+03,1.501945372909e+01,1.436021385866e-02
2.448796487624e-03,3.717935657088e+01,6.047755179005e+00,6.328421258899e+03,3.044839393069e+03,1.502060829118e+01,1.435444289633e-02
2.450880612799e-03,3.717585532059e+01,6.050049251012e+00,6.333856370231e+03,3.044605158129e+03,1.502176386243e+01,1.434866941914e-02
2.452963622948e-03,3.717235156479e+01,6.052342951526e+00,6.339297365136e+03,3.044370754817e+03,1.502292044235e+01,1.434289344915e-02
2.455045517718e-03,3.716884530623e+01,6.054636275581e+00,6.344744245556e+03,3.044136183315e+03,1.502407803047e+01,1.433711499312e-02
2.457126296762e-03,3.716533654768e+01,6.056929213205e+00,6.350197019907e+03,3.043901443807e+03,1.502523662631e+01,1.433133403136e-02
2.459205959734e-03,3.716182529188e+01,6.059221759134e+00,6.355655695637e+03,3.043666536474e+03,1.502639622940e+01,1.432555055760e-02
2.461284506286e-03,3.715831154159e+01,6.061513914623e+00,6.361120264417e+03,3.043431461499e+03,1.502755683925e+01,1.431976461653e-02
2.463361936077e-03,3.715479529957e+01,6.063805677648e+00,6.366590733659e+03,3.043196219065e+03,1.502871845540e+01,1.431397620956e-02
2.465438248764e-03,3.715127656857e+01,6.066097038254e+00,6.372067102262e+03,3.042960809355e+03,1.502988107736e+01,1.430818533852e-02
2.467513444007e-03,3.714775535135e+01,6.068387988354e+00,6.377549391617e+03,3.042725232551e+03,1.503104470465e+01,1.430239195921e-02
2.469587521467e-03,3.714423165066e+01,6.070678529243e+00,6.383037583743e+03,3.042489488836e+03,1.503220933681e+01,1.429659613794e-02
2.471660480809e-03,3.714070546925e+01,6.072968661298e+00,6.388531690542e+03,3.042253578393e+03,1.503337497336e+01,1.429079787174e-02
2.473732321697e-03,3.713717680989e+01,6.075258374994e+00,6.394031705360e+03,3.042017501404e+03,1.503454161380e+01,1.428499717586e-02
2.475803043797e-03,3.713364567532e+01,6.077547660386e+00,6.399537656102e+03,3.041781258052e+03,1.503570925768e+01,1.427919398741e-02
2.477872646778e-03,3.713011206830e+01,6.079836517978e+00,6.405049522417e+03,3.041544848519e+03,1.503687790451e+01,1.427338837588e-02
2.479941130310e-03,3.712657599159e+01,6.082124949125e+00,6.410567315228e+03,3.041308272987e+03,1.503804755381e+01,1.426758034284e-02
2.482008494066e-03,3.712303744794e+01,6.084412946024e+00,6.416091031068e+03,3.041071531641e+03,1.503921820511e+01,1.426176990043e-02
2.484074737717e-03,3.711949644010e+01,6.086700498743e+00,6.421620689289e+03,3.040834624662e+03,1.504038985793e+01,1.425595700510e-02
2.486139860940e-03,3.711595297083e+01,6.088987605253e+00,6.427156282088e+03,3.040597552232e+03,1.504156251179e+01,1.425014169224e-02
2.488203863411e-03,3.711240704288e+01,6.091274266950e+00,6.432697811703e+03,3.040360314535e+03,1.504273616622e+01,1.424432398287e-02
2.490266744809e-03,3.710885865901e+01,6.093560478559e+00,6.438245279401e+03,3.040122911752e+03,1.504391082073e+01,1.423850388451e-02
2.492328504814e-03,3.710530782197e+01,6.095846230167e+00,6.443798696348e+03,3.039885344068e+03,1.504508647485e+01,1.423268137197e-02
2.494389143108e-03,3.710175453451e+01,6.098131517333e+00,6.449358066765e+03,3.039647611663e+03,1.504626312810e+01,1.422685644830e-02
2.496448659375e-03,3.709819879938e+01,6.100416341497e+00,6.454923384565e+03,3.039409714720e+03,1.504744078000e+01,1.422102915296e-02
2.498507053300e-03,3.709464061935e+01,6.102700699789e+00,6.460494655551e+03,3.039171653423e+03,1.504861943008e+01,1.421519948908e-02
2.500564324569e-03,3.709107999716e+01,6.104984582306e+00,6.466071883061e+03,3.038933427953e+03,1.504979907786e+01,1.420936744885e-02
2.502620472872e-03,3.708751693556e+01,6.107267982329e+00,6.471655082820e+03,3.038695038493e+03,1.505097972285e+01,1.420353300473e-02
2.504675497899e-03,3.708395143731e+01,6.109550901340e+00,6.477244240780e+03,3.038456485225e+03,1.505216136459e+01,1.419769621364e-02
2.506729399342e-03,3.708038350516e+01,6.111833338743e+00,6.482839367072e+03,3.038217768333e+03,1.505334400259e+01,1.419185707452e-02
2.508782176895e-03,3.707681314186e+01,6.114115284655e+00,6.488440457580e+03,3.037978887998e+03,1.505452763637e+01,1.418601559597e-02
2.510833830252e-03,3.707324035016e+01,6.116396730196e+00,6.494047538994e+03,3.037739844403e+03,1.505571226546e+01,1.418017172161e-02
2.512884359112e-03,3.706966513282e+01,6.118677676894e+00,6.499660589685e+03,3.037500637730e+03,1.505689788938e+01,1.417432552482e-02
2.514933763172e-03,3.706608749258e+01,6.120958125785e+00,6.505279622903e+03,3.037261268161e+03,1.505808450765e+01,1.416847700156e-02
2.516982042133e-03,3.706250743221e+01,6.123238067517e+00,6.510904632027e+03,3.037021735880e+03,1.505927211978e+01,1.416262616709e-02
2.519029195698e-03,3.705892495444e+01,6.125517492220e+00,6.516535645414e+03,3.036782041069e+03,1.506046072532e+01,1.415677295938e-02
2.521075223570e-03,3.705534006203e+01,6.127796400427e+00,6.522172642990e+03,3.036542183909e+03,1.506165032377e+01,1.415091744584e-02
2.523120125455e-03,3.705175275773e+01,6.130074793720e+00,6.527815635487e+03,3.036302164583e+03,1.506284091465e+01,1.414505962925e-02
2.525163901058e-03,3.704816304429e+01,6.132352664241e+00,6.533464619094e+03,3.036061983274e+03,1.506403249749e+01,1.413919952214e-02
2.527206550091e-03,3.704457092446e+01,6.134630002136e+00,6.539119615716e+03,3.035821640164e+03,1.506522507181e+01,1.413333707681e-02
2.529248072262e-03,3.704097640099e+01,6.136906806060e+00,6.544780614798e+03,3.035581135434e+03,1.506641863714e+01,1.412747233546e-02
2.531288467284e-03,3.703737947662e+01,6.139183077639e+00,6.550447620485e+03,3.035340469268e+03,1.506761319298e+01,1.412160531526e-02
2.533327734870e-03,3.703378015411e+01,6.141458810886e+00,6.556120632530e+03,3.035099641848e+03,1.506880873887e+01,1.411573602531e-02
2.535365874737e-03,3.703017843621e+01,6.143733995963e+00,6.561799666765e+03,3.034858653355e+03,1.507000527433e+01,1.410986443127e-02
2.537402886601e-03,3.702657432566e+01,6.146008629774e+00,6.567484721607e+03,3.034617503973e+03,1.507120279887e+01,1.410399055184e-02
2.539438770181e-03,3.702296782521e+01,6.148282713985e+00,6.573175794994e+03,3.034376193883e+03,1.507240131202e+01,1.409811441762e-02
2.541473525197e-03,3.701935893761e+01,6.150556244361e+00,6.578872890033e+03,3.034134723267e+03,1.507360081330e+01,1.409223603449e-02
2.543507151372e-03,3.701574766561e+01,6.152829211077e+00,6.584576016861e+03,3.033893092308e+03,1.507480130223e+01,1.408635538052e-02
2.545539648429e-03,3.701213401196e+01,6.155101609408e+00,6.590285182319e+03,3.033651301188e+03,1.507600277833e+01,1.408047245259e-02
2.547571016094e-03,3.700851797939e+01,6.157373441067e+00,6.596000378520e+03,3.033409350088e+03,1.507720524112e+01,1.407458729377e-02
2.549601254093e-03,3.700489957065e+01,6.159644703438e+00,6.601721611708e+03,3.033167239191e+03,1.507840869013e+01,1.406869990697e-02
2.551630362155e-03,3.700127878851e+01,6.161915386715e+00,6.607448886710e+03,3.032924968680e+03,1.507961312488e+01,1.406281028171e-02
2.553658340012e-03,3.699765563569e+01,6.164185484669e+00,6.613182218245e+03,3.032682538736e+03,1.508081854488e+01,1.405691839472e-02
2.555685187394e-03,3.699403011494e+01,6.166454999052e+00,6.618921592974e+03,3.032439949540e+03,1.508202494966e+01,1.405102430060e-02
2.557710904035e-03,3.699040222901e+01,6.168723928754e+00,6.624667020072e+03,3.032197201276e+03,1.508323233874e+01,1.404512799949e-02
2.559735489671e-03,3.698677198065e+01,6.170992263983e+00,6.630418499441e+03,3.031954294125e+03,1.508444071163e+01,1.403922949145e-02
2.561758944039e-03,3.698313937259e+01,6.173259997126e+00,6.636176053113e+03,3.031711228269e+03,1.508565006787e+01,1.403332873469e-02
2.563781266876e-03,3.697950440758e+01,6.175527129979e+00,6.641939662693e+03,3.031468003889e+03,1.508686040698e+01,1.402742579443e-02
2.565802457925e-03,3.697586708836e+01,6.177793662812e+00,6.647709340065e+03,3.031224621168e+03,1.508807172846e+01,1.402152066824e-02
2.567822516926e-03,3.697222741769e+01,6.180059585848e+00,6.653485080597e+03,3.030981080289e+03,1.508928403185e+01,1.401561336578e-02
2.569841443622e-03,3.696858539829e+01,6.182324890216e+00,6.659266913076e+03,3.030737381431e+03,1.509049731667e+01,1.400970382842e-02
2.571859237759e-03,3.696494103291e+01,6.184589577752e+00,6.665054814434e+03,3.030493524778e+03,1.509171158243e+01,1.400379213101e-02
2.573875899085e-03,3.696129432430e+01,6.186853649856e+00,6.670848798804e+03,3.030249510511e+03,1.509292682867e+01,1.399787826906e-02
2.575891427347e-03,3.695764527519e+01,6.189117096898e+00,6.676648858561e+03,3.030005338812e+03,1.509414305489e+01,1.399196225877e-02
2.577905822295e-03,3.695399388832e+01,6.191379909119e+00,6.682455026466e+03,3.029761009863e+03,1.509536026062e+01,1.398604403147e-02
2.579919083682e-03,3.695034016644e+01,6.193642088145e+00,6.688267277394e+03,3.029516523845e+03,1.509657844538e+01,1.398012366556e-02
2.581931211260e-03,3.694668411228e+01,6.195903635867e+00,6.694085625564e+03,3.029271880940e+03,1.509779760870e+01,1.397420115752e-02
2.583942204784e-03,3.694302572859e+01,6.198164543316e+00,6.699910064598e+03,3.029027081330e+03,1.509901775009e+01,1.396827652240e-02
2.585952064012e-03,3.693936501810e+01,6.200424800751e+00,6.705740623780e+03,3.028782125196e+03,1.510023886907e+01,1.396234969915e-02
2.587960788701e-03,3.693570198355e+01,6.202684408804e+00,6.711577283204e+03,3.028537012719e+03,1.510146096517e+01,1.395642075273e-02
2.589968378611e-03,3.693203662768e+01,6.204943369410e+00,6.717420053477e+03,3.028291744082e+03,1.510268403791e+01,1.395048968730e-02
2.591974833504e-03,3.692836895323e+01,6.207201674588e+00,6.723268930132e+03,3.028046319466e+03,1.510390808681e+01,1.394455651611e-02
2.593980153143e-03,3.692469896293e+01,6.209459314616e+00,6.729123939379e+03,3.027800739053e+03,1.510513311138e+01,1.393862118486e-02
2.595984337293e-03,3.692102665952e+01,6.211716289254e+00,6.734985065949e+03,3.027555003023e+03,1.510635911116e+01,1.393268374662e-02
2.597987385720e-03,3.691735204574e+01,6.213972600476e+00,6.740852317241e+03,3.027309111558e+03,1.510758608565e+01,1.392674421237e-02
2.599989298192e-03,3.691367512432e+01,6.216228241174e+00,6.746725690473e+03,3.027063064841e+03,1.510881403439e+01,1.392080259375e-02
2.601990074479e-03,3.690999589800e+01,6.218483201644e+00,6.752605209187e+03,3.026816863051e+03,1.511004295690e+01,1.391485884230e-02
2.603989714351e-03,3.690631436951e+01,6.220737480890e+00,6.758490862168e+03,3.026570506371e+03,1.511127285269e+01,1.390891300081e-02
2.605988217583e-03,3.690263054158e+01,6.222991080931e+00,6.764382654011e+03,3.026323994981e+03,1.511250372129e+01,1.390296508615e-02
2.607985583948e-03,3.689894441696e+01,6.225243995411e+00,6.770280583394e+03,3.026077329064e+03,1.511373556221e+01,1.389701510860e-02
2.609981813222e-03,3.689525599836e+01,6.227496214640e+00,6.776184671595e+03,3.025830508800e+03,1.511496837498e+01,1.389106302463e-02
2.611976905183e-03,3.689156528853e+01,6.229747736991e+00,6.782094910868e+03,3.025583534370e+03,1.511620215913e+01,1.388510886833e-02
2.613970859612e-03,3.688787229019e+01,6.231998564521e+00,6.788011303409e+03,3.025336405955e+03,1.511743691417e+01,1.387915266155e-02
2.615963676287e-03,3.688417700608e+01,6.234248691511e+00,6.793933849132e+03,3.025089123737e+03,1.511867263962e+01,1.387319441342e-02
2.617955354993e-03,3.688047943893e+01,6.236498108289e+00,6.799862567459e+03,3.024841687897e+03,1.511990933500e+01,1.386723408448e-02
2.619945895512e-03,3.687677959147e+01,6.238746812708e+00,6.805797453524e+03,3.024594098616e+03,1.512114699984e+01,1.386127170166e-02
2.621935297632e-03,3.687307746642e+01,6.240994806869e+00,6.811738507529e+03,3.024346356074e+03,1.512238563366e+01,1.385530729091e-02
2.623923561138e-03,3.686937306652e+01,6.243242085569e+00,6.817685730399e+03,3.024098460453e+03,1.512362523597e+01,1.384934086043e-02
2.625910685822e-03,3.686566639450e+01,6.245488639153e+00,6.823639140114e+03,3.023850411934e+03,1.512486580631e+01,1.384337237395e-02
2.627896671472e-03,3.686195745308e+01,6.247734465076e+00,6.829598734088e+03,3.023602210697e+03,1.512610734419e+01,1.383740185277e-02
2.629881517881e-03,3.685824624498e+01,6.249979565478e+00,6.835564510945e+03,3.023353856924e+03,1.512734984913e+01,1.383142932607e-02
2.631865224842e-03,3.685453277294e+01,6.252223935557e+00,6.841536472391e+03,3.023105350795e+03,1.512859332066e+01,1.382545480134e-02
2.633847792153e-03,3.685081703969e+01,6.254467565677e+00,6.847514635377e+03,3.022856692491e+03,1.512983775829e+01,1.381947824460e-02
2.635829219608e-03,3.684709904794e+01,6.256710453008e+00,6.853498999001e+03,3.022607882193e+03,1.513108316156e+01,1.381349967309e-02
2.637809507008e-03,3.684337880042e+01,6.258952599731e+00,6.859489560720e+03,3.022358920081e+03,1.513232952997e+01,1.380751911832e-02
2.639788654151e-03,3.683965629986e+01,6.261194001329e+00,6.865486322792e+03,3.022109806336e+03,1.513357686305e+01,1.380153658730e-02
2.641766660840e-03,3.683593154898e+01,6.263434648184e+00,6.871489301556e+03,3.021860541140e+03,1.513482516033e+01,1.379555204749e-02
2.643743526878e-03,3.683220455050e+01,6.265674537297e+00,6.877498497192e+03,3.021611124671e+03,1.513607442132e+01,1.378956551354e-02
2.645719252070e-03,3.682847530715e+01,6.267913670892e+00,6.883513906408e+03,3.021361557111e+03,1.513732464556e+01,1.378357701846e-02
2.647693836223e-03,3.682474382164e+01,6.270152044619e+00,6.889535531780e+03,3.021111838640e+03,1.513857583255e+01,1.377758656896e-02
2.649667279144e-03,3.682101009670e+01,6.272389648879e+00,6.895563389461e+03,3.020861969440e+03,1.513982798182e+01,1.377159413313e-02
2.651639580644e-03,3.681727413504e+01,6.274626480620e+00,6.901597480096e+03,3.020611949689e+03,1.514108109289e+01,1.376559972451e-02
2.653610740533e-03,3.681353593939e+01,6.276862542106e+00,6.907637800069e+03,3.020361779569e+03,1.514233516529e+01,1.375960337673e-02
2.655580758626e-03,3.680979551247e+01,6.279097829043e+00,6.913684352041e+03,3.020111459260e+03,1.514359019854e+01,1.375360509646e-02
2.657549634735e-03,3.680605285699e+01,6.281332331849e+00,6.919737152404e+03,3.019860988942e+03,1.514484619215e+01,1.374760485152e-02
2.659517368677e-03,3.680230797567e+01,6.283566047534e+00,6.925796201651e+03,3.019610368796e+03,1.514610314566e+01,1.374160265585e-02
2.661483960270e-03,3.679856087123e+01,6.285798978401e+00,6.931861496270e+03,3.019359599000e+03,1.514736105858e+01,1.373559854287e-02
2.663449409333e-03,3.679481154638e+01,6.288031120099e+00,6.937933038770e+03,3.019108679737e+03,1.514861993044e+01,1.372959251940e-02
2.665413715687e-03,3.679106000385e+01,6.290262463062e+00,6.944010846209e+03,3.018857611185e+03,1.514987976076e+01,1.372358455215e-02
2.667376879153e-03,3.678730624634e+01,6.292493004476e+00,6.950094918313e+03,3.018606393525e+03,1.515114054905e+01,1.371757465694e-02
2.669338899557e-03,3.678355027656e+01,6.294722746686e+00,6.956185252096e+03,3.018355026937e+03,1.515240229486e+01,1.371156286610e-02
2.671299776723e-03,3.677979209723e+01,6.296951685165e+00,6.962281849680e+03,3.018103511600e+03,1.515366499768e+01,1.370554918686e-02
2.673259510479e-03,3.677603171108e+01,6.299179810368e+00,6.968384729225e+03,3.017851847696e+03,1.515492865706e+01,1.369953358398e-02
2.675218100653e-03,3.677226912079e+01,6.301407119769e+00,6.974493889059e+03,3.017600035402e+03,1.515619327251e+01,1.369351607660e-02
2.677175547075e-03,3.676850432909e+01,6.303633615750e+00,6.980609327153e+03,3.017348074900e+03,1.515745884355e+01,1.368749669515e-02
2.679131849578e-03,3.676473733869e+01,6.305859293502e+00,6.986731045013e+03,3.017095966369e+03,1.515872536971e+01,1.368147544744e-02
2.681087007994e-03,3.676096815229e+01,6.308084143498e+00,6.992859062325e+03,3.016843709990e+03,1.515999285051e+01,1.367545229548e-02
2.683041022158e-03,3.675719677261e+01,6.310308163611e+00,6.998993375392e+03,3.016591305940e+03,1.516126128547e+01,1.366942726317e-02
2.684993891908e-03,3.675342320235e+01,6.312531356265e+00,7.005133983586e+03,3.016338754400e+03,1.516253067412e+01,1.366340037820e-02
2.686945617079e-03,3.674964744422e+01,6.314753716251e+00,7.011280887539e+03,3.016086055550e+03,1.516380101597e+01,1.365737164921e-02
2.688896197514e-03,3.674586950094e+01,6.316975234065e+00,7.017434108917e+03,3.015833209569e+03,1.516507231056e+01,1.365134103459e-02
2.690845633052e-03,3.674208937519e+01,6.319195908087e+00,7.023593641359e+03,3.015580216637e+03,1.516634455740e+01,1.364530856447e-02
2.692793923536e-03,3.673830706968e+01,6.321415740783e+00,7.029759486069e+03,3.015327076932e+03,1.516761775602e+01,1.363927426295e-02
2.694741068810e-03,3.673452258714e+01,6.323634726437e+00,7.035931642575e+03,3.015073790636e+03,1.516889190595e+01,1.363323813972e-02
2.696687068721e-03,3.673073593024e+01,6.325852855561e+00,7.042110134954e+03,3.014820357925e+03,1.517016700669e+01,1.362720014876e-02
2.698631923116e-03,3.672694710171e+01,6.328070127160e+00,7.048294953546e+03,3.014566778981e+03,1.517144305779e+01,1.362116032780e-02
2.700575631843e-03,3.672315610423e+01,6.330286543737e+00,7.054486101827e+03,3.014313053981e+03,1.517272005876e+01,1.361511869659e-02
2.702518194752e-03,3.671936294051e+01,6.332502098960e+00,7.060683577980e+03,3.014059183106e+03,1.517399800912e+01,1.360907526603e-02
2.704459611697e-03,3.671556761325e+01,6.334716783358e+00,7.066887408936e+03,3.013805166535e+03,1.517527690841e+01,1.360302998492e-02
2.706399882530e-03,3.671177012516e+01,6.336930596671e+00,7.073097581091e+03,3.013551004446e+03,1.517655675613e+01,1.359698289999e-02
2.708339007107e-03,3.670797047891e+01,6.339143541439e+00,7.079314100639e+03,3.013296697017e+03,1.517783755183e+01,1.359093402580e-02
2.710276985284e-03,3.670416867723e+01,6.341355610602e+00,7.085536964169e+03,3.013042244430e+03,1.517911929502e+01,1.358488337471e-02
2.712213816919e-03,3.670036472280e+01,6.343566794710e+00,7.091766201920e+03,3.012787646862e+03,1.518040198522e+01,1.357883088950e-02
2.714149501872e-03,3.669655861832e+01,6.345777094342e+00,7.098001795691e+03,3.012532904491e+03,1.518168562196e+01,1.357277662733e-02
2.716084040004e-03,3.669275036647e+01,6.347986512078e+00,7.104243754841e+03,3.012278017498e+03,1.518297020476e+01,1.356672059675e-02
2.718017431178e-03,3.668893996997e+01,6.350195040022e+00,7.110492074121e+03,3.012022986060e+03,1.518425573316e+01,1.356066281180e-02
2.719949675259e-03,3.668512743150e+01,6.352402668745e+00,7.116746787530e+03,3.011767810356e+03,1.518554220666e+01,1.355460320844e-02
2.721880772112e-03,3.668131275375e+01,6.354609399772e+00,7.123007871609e+03,3.011512490565e+03,1.518682962480e+01,1.354854185564e-02
2.723810721604e-03,3.667749593942e+01,6.356815235723e+00,7.129275339339e+03,3.011257026864e+03,1.518811798711e+01,1.354247875512e-02
2.725739523604e-03,3.667367699119e+01,6.359020167759e+00,7.135549183385e+03,3.011001419435e+03,1.518940729310e+01,1.353641392285e-02
2.727667177983e-03,3.666985591176e+01,6.361224186470e+00,7.141829441956e+03,3.010745668453e+03,1.519069754230e+01,1.353034728717e-02
2.729593684613e-03,3.666603270382e+01,6.363427294437e+00,7.148116085683e+03,3.010489774097e+03,1.519198873424e+01,1.352427893020e-02
2.731519043367e-03,3.666220737004e+01,6.365629493790e+00,7.154409130477e+03,3.010233736547e+03,1.519328086844e+01,1.351820884713e-02
2.733443254120e-03,3.665837991313e+01,6.367830775167e+00,7.160708571951e+03,3.009977555980e+03,1.519457394442e+01,1.351213704714e-02
2.735366316750e-03,3.665455033576e+01,6.370031130236e+00,7.167014442829e+03,3.009721232574e+03,1.519586796172e+01,1.350606347165e-02
2.737288231132e-03,3.665071864062e+01,6.372230561685e+00,7.173326717324e+03,3.009464766507e+03,1.519716291985e+01,1.349998819584e-02
2.739208997148e-03,3.664688483040e+01,6.374429070536e+00,7.179645409254e+03,3.009208157958e+03,1.519845881835e+01,1.349391121658e-02
2.741128614678e-03,3.664304890779e+01,6.376626647415e+00,7.185970518986e+03,3.008951407104e+03,1.519975565673e+01,1.348783253408e-02
2.743047083606e-03,3.663921087545e+01,6.378823285241e+00,7.192302072447e+03,3.008694514125e+03,1.520105343453e+01,1.348175210546e-02
2.744964403814e-03,3.663537073607e+01,6.381018986739e+00,7.198640048537e+03,3.008437479196e+03,1.520235215126e+01,1.347566999687e-02
2.746880575189e-03,3.663152849234e+01,6.383213751688e+00,7.204984458394e+03,3.008180302496e+03,1.520365180646e+01,1.346958620762e-02
2.748795597618e-03,3.662768414694e+01,6.385407570732e+00,7.211335307673e+03,3.007922984204e+03,1.520495239965e+01,1.346350072809e-02
2.750709470989e-03,3.662383770254e+01,6.387600438148e+00,7.217692614833e+03,3.007665524496e+03,1.520625393035e+01,1.345741353248e-02
2.752622195193e-03,3.661998916182e+01,6.389792356696e+00,7.224056363920e+03,3.007407923551e+03,1.520755639810e+01,1.345132467708e-02
2.754533770121e-03,3.661613852745e+01,6.391983324808e+00,7.230426563143e+03,3.007150181545e+03,1.520885980242e+01,1.344523416391e-02
2.756444195666e-03,3.661228580213e+01,6.394173333149e+00,7.236803223913e+03,3.006892298657e+03,1.521016414283e+01,1.343914197274e-02
2.758353471723e-03,3.660843098851e+01,6.396362377453e+00,7.243186356536e+03,3.006634275064e+03,1.521146941887e+01,1.343304809614e-02
2.760261598188e-03,3.660457408927e+01,6.398550460522e+00,7.249575950676e+03,3.006376110943e+03,1.521277563005e+01,1.342695257981e-02
2.762168574959e-03,3.660071510710e+01,6.400737579331e+00,7.255972011355e+03,3.006117806472e+03,1.521408277591e+01,1.342085542866e-02
2.764074401936e-03,3.659685404465e+01,6.402923724567e+00,7.262374556211e+03,3.005859361827e+03,1.521539085596e+01,1.341475661110e-02
2.765979079017e-03,3.659299090460e+01,6.405108893527e+00,7.268783586716e+03,3.005600777187e+03,1.521669986975e+01,1.340865613938e-02
2.767882606107e-03,3.658912568961e+01,6.407293089050e+00,7.275199098617e+03,3.005342052728e+03,1.521800981680e+01,1.340255404787e-02
2.769784983107e-03,3.658525840237e+01,6.409476306556e+00,7.281621093494e+03,3.005083188627e+03,1.521932069662e+01,1.339645034456e-02
2.771686209925e-03,3.658138904554e+01,6.411658536752e+00,7.288049595687e+03,3.004824185062e+03,1.522063250876e+01,1.339034498575e-02
2.773586286465e-03,3.657751762178e+01,6.413839778602e+00,7.294484597144e+03,3.004565042208e+03,1.522194525273e+01,1.338423800468e-02
2.775485212637e-03,3.657364413376e+01,6.416020034981e+00,7.300926100168e+03,3.004305760244e+03,1.522325892807e+01,1.337812942360e-02
2.777382988349e-03,3.656976858414e+01,6.418199299650e+00,7.307374102644e+03,3.004046339346e+03,1.522457353430e+01,1.337201925381e-02
2.779279613513e-03,3.656589097560e+01,6.420377563338e+00,7.313828636083e+03,3.003786779690e+03,1.522588907095e+01,1.336590743878e-02
2.781175088042e-03,3.656201131078e+01,6.422554826776e+00,7.320289682216e+03,3.003527081454e+03,1.522720553755e+01,1.335979403398e-02
2.783069411849e-03,3.655812959236e+01,6.424731092878e+00,7.326757250384e+03,3.003267244813e+03,1.522852293363e+01,1.335367904882e-02
2.784962584850e-03,3.655424582300e+01,6.426906353642e+00,7.333231334509e+03,3.003007269945e+03,1.522984125871e+01,1.334756249812e-02
2.786854606962e-03,3.655036000535e+01,6.429080599820e+00,7.339711973766e+03,3.002747157026e+03,1.523116051232e+01,1.334144431178e-02
2.788745478104e-03,3.654647214208e+01,6.431253834011e+00,7.346199138959e+03,3.002486906232e+03,1.523248069400e+01,1.333532456876e-02
2.790635198195e-03,3.654258223583e+01,6.433426058369e+00,7.352692845174e+03,3.002226517739e+03,1.523380180326e+01,1.332920326646e-02
2.792523767156e-03,3.653869028928e+01,6.435597263829e+00,7.359193090368e+03,3.001965991725e+03,1.523512383964e+01,1.332308041011e-02
2.794411184912e-03,3.653479630507e+01,6.437767442754e+00,7.365699905954e+03,3.001705328365e+03,1.523644680267e+01,1.331695594742e-02
2.796297451386e-03,3.653090028586e+01,6.439936598123e+00,7.372213267029e+03,3.001444527835e+03,1.523777069188e+01,1.331082994998e-02
2.798182566503e-03,3.652700223430e+01,6.442104730312e+00,7.378733186117e+03,3.001183590311e+03,1.523909550679e+01,1.330470241622e-02
2.800066530192e-03,3.652310215304e+01,6.444271830107e+00,7.385259669113e+03,3.000922515970e+03,1.524042124694e+01,1.329857333675e-02
2.801949342381e-03,3.651920004475e+01,6.446437891928e+00,7.391792735562e+03,3.000661304986e+03,1.524174791185e+01,1.329244268517e-02
2.803831003000e-03,3.651529591205e+01,6.448602918787e+00,7.398332368730e+03,3.000399957536e+03,1.524307550105e+01,1.328631051814e-02
2.805711511981e-03,3.651138975762e+01,6.450766909016e+00,7.404878576561e+03,3.000138473796e+03,1.524440401408e+01,1.328017683814e-02
2.807590869257e-03,3.650748158409e+01,6.452929853423e+00,7.411431373749e+03,2.999876853942e+03,1.524573345046e+01,1.327404162012e-02
2.809469074763e-03,3.650357139410e+01,6.455091748579e+00,7.417990767262e+03,2.999615098149e+03,1.524706380972e+01,1.326790486483e-02
2.811346128434e-03,3.649965919032e+01,6.457252597533e+00,7.424556749022e+03,2.999353206592e+03,1.524839509140e+01,1.326176661322e-02
2.813222030209e-03,3.649574497537e+01,6.459412396475e+00,7.431129322127e+03,2.999091179447e+03,1.524972729502e+01,1.325562687208e-02
2.815096780026e-03,3.649182875192e+01,6.461571136232e+00,7.437708510565e+03,2.998829016890e+03,1.525106042011e+01,1.324948559997e-02
2.816970377825e-03,3.648791052259e+01,6.463728815626e+00,7.444294308005e+03,2.998566719095e+03,1.525239446621e+01,1.324334282600e-02
2.818842823550e-03,3.648399029002e+01,6.465885437744e+00,7.450886715521e+03,2.998304286239e+03,1.525372943284e+01,1.323719857472e-02
2.820714117141e-03,3.648006805687e+01,6.468040996530e+00,7.457485731094e+03,2.998041718496e+03,1.525506531954e+01,1.323105285741e-02
2.822584258547e-03,3.647614382577e+01,6.470195482840e+00,7.464091388511e+03,2.997779016041e+03,1.525640212583e+01,1.322490561555e-02
2.824453247710e-03,3.647221759935e+01,6.472348897837e+00,7.470703667407e+03,2.997516179049e+03,1.525773985125e+01,1.321875690781e-02
2.826321084580e-03,3.646828938025e+01,6.474501244415e+00,7.477322577982e+03,2.997253207696e+03,1.525907849533e+01,1.321260674209e-02
2.828187769107e-03,3.646435917112e+01,6.476652514413e+00,7.483948115290e+03,2.996990102156e+03,1.526041805760e+01,1.320645513053e-02
2.830053301239e-03,3.646042697458e+01,6.478802699166e+00,7.490580318676e+03,2.996726862604e+03,1.526175853759e+01,1.320030200609e-02
2.831917680929e-03,3.645649279326e+01,6.480951801824e+00,7.497219157755e+03,2.996463489214e+03,1.526309993484e+01,1.319414744890e-02
2.833780908131e-03,3.645255662981e+01,6.483099823830e+00,7.503864647547e+03,2.996199982162e+03,1.526444224887e+01,1.318799145543e-02
2.835642982800e-03,3.644861848684e+01,6.485246756073e+00,7.510516791356e+03,2.995936341622e+03,1.526578547922e+01,1.318183402132e-02
2.837503904891e-03,3.644467836700e+01,6.487392592415e+00,7.517175613534e+03,2.995672567769e+03,1.526712962542e+01,1.317567511142e-02
2.839363674362e-03,3.644073627290e+01,6.489537336038e+00,7.523841094007e+03,2.995408660776e+03,1.526847468700e+01,1.316951478741e-02
2.841222291175e-03,3.643679220718e+01,6.491680985875e+00,7.530513242051e+03,2.995144620818e+03,1.526982066350e+01,1.316335305082e-02
2.843079755286e-03,3.643284617246e+01,6.493823532831e+00,7.537192071938e+03,2.994880448070e+03,1.527116755444e+01,1.315718987819e-02
2.844936066660e-03,3.642889817137e+01,6.495964973391e+00,7.543877592273e+03,2.994616142706e+03,1.527251535937e+01,1.315102526739e-02
2.846791225260e-03,3.642494820653e+01,6.498105310775e+00,7.550569793819e+03,2.994351704899e+03,1.527386407781e+01,1.314485926099e-02
2.848645231050e-03,3.642099628057e+01,6.500244541300e+00,7.557268679818e+03,2.994087134824e+03,1.527521370929e+01,1.313869186578e-02
2.850498083997e-03,3.641704239610e+01,6.502382655899e+00,7.563974276031e+03,2.993822432655e+03,1.527656425336e+01,1.313252303852e-02
2.852349784069e-03,3.641308655575e+01,6.504519653769e+00,7.570686574571e+03,2.993557598565e+03,1.527791570954e+01,1.312635281126e-02
2.854200331235e-03,3.640912876213e+01,6.506655538163e+00,7.577405577538e+03,2.993292632728e+03,1.527926807736e+01,1.312018120679e-02
2.856049725464e-03,3.640516901787e+01,6.508790302696e+00,7.584131281869e+03,2.993027535319e+03,1.528062135637e+01,1.311400823734e-02
2.857897966730e-03,3.640120732558e+01,6.510923938324e+00,7.590863725336e+03,2.992762306511e+03,1.528197554609e+01,1.310783383923e-02
2.859745055005e-03,3.639724368787e+01,6.513056447049e+00,7.597602882795e+03,2.992496946477e+03,1.528333064606e+01,1.310165807983e-02
2.861590990265e-03,3.639327810736e+01,6.515187831369e+00,7.604348766359e+03,2.992231455390e+03,1.528468665582e+01,1.309548096305e-02
2.863435772485e-03,3.638931058667e+01,6.517318082892e+00,7.611101375016e+03,2.991965833425e+03,1.528604357489e+01,1.308930249353e-02
2.865279401643e-03,3.638534112840e+01,6.519447194185e+00,7.617860742396e+03,2.991700080754e+03,1.528740140282e+01,1.308312261831e-02
2.867121877718e-03,3.638136973516e+01,6.521575168562e+00,7.624626842022e+03,2.991434197551e+03,1.528876013913e+01,1.307694140938e-02
2.868963200692e-03,3.637739640957e+01,6.523702006286e+00,7.631399686264e+03,2.991168183988e+03,1.529011978337e+01,1.307075886573e-02
2.870803370543e-03,3.637342115423e+01,6.525827698345e+00,7.638179285313e+03,2.990902040240e+03,1.529148033507e+01,1.306457497157e-02
2.872642387259e-03,3.636944397175e+01,6.527952240288e+00,7.644965654549e+03,2.990635766478e+03,1.529284179376e+01,1.305838971147e-02
2.874480250820e-03,3.636546486473e+01,6.530075635464e+00,7.651758780044e+03,2.990369362876e+03,1.529420415898e+01,1.305220313568e-02
2.876316961215e-03,3.636148383578e+01,6.532197881163e+00,7.658558667197e+03,2.990102829606e+03,1.529556743026e+01,1.304601524920e-02
2.878152518431e-03,3.635750088750e+01,6.534318968403e+00,7.665365339443e+03,2.989836166842e+03,1.529693160715e+01,1.303982601385e-02
2.879986922456e-03,3.635351602250e+01,6.536438895797e+00,7.672178793115e+03,2.989569374756e+03,1.529829668918e+01,1.303363545285e-02
2.881820173280e-03,3.634952924336e+01,6.538557666730e+00,7.678999027366e+03,2.989302453520e+03,1.529966267588e+01,1.302744359404e-02
2.883652270896e-03,3.634554055270e+01,6.540675275434e+00,7.685826040364e+03,2.989035403307e+03,1.530102956678e+01,1.302125044863e-02
2.885483215296e-03,3.634154995311e+01,6.542791712950e+00,7.692659869279e+03,2.988768224290e+03,1.530239736144e+01,1.301505595542e-02
2.887313006474e-03,3.633755744719e+01,6.544906981051e+00,7.699500490652e+03,2.988500916639e+03,1.530376605938e+01,1.300886017736e-02
2.889141644427e-03,3.633356303752e+01,6.547021082366e+00,7.706347915371e+03,2.988233480529e+03,1.530513566014e+01,1.300266312082e-02
2.890969129150e-03,3.632956672672e+01,6.549134008768e+00,7.713202142814e+03,2.987965916131e+03,1.530650616326e+01,1.299646479026e-02
2.892795460644e-03,3.632556851736e+01,6.551245752899e+00,7.720063207558e+03,2.987698223617e+03,1.530787756828e+01,1.299026513240e-02
2.894620638908e-03,3.632156841203e+01,6.553356318202e+00,7.726931082456e+03,2.987430403158e+03,1.530924987473e+01,1.298406421940e-02
2.896444663941e-03,3.631756641334e+01,6.555465704899e+00,7.733805779817e+03,2.987162454928e+03,1.531062308216e+01,1.297786205048e-02
2.898267535750e-03,3.631356252387e+01,6.557573904071e+00,7.740687311567e+03,2.986894379097e+03,1.531199719009e+01,1.297165860749e-02
2.900089254335e-03,3.630955674620e+01,6.559680911681e+00,7.747575691417e+03,2.986626175837e+03,1.531337219807e+01,1.296545387900e-02
2.901909819705e-03,3.630554908292e+01,6.561786731210e+00,7.754470906553e+03,2.986357845320e+03,1.531474810564e+01,1.295924791290e-02
2.903729231864e-03,3.630153953662e+01,6.563891359563e+00,7.761372961368e+03,2.986089387718e+03,1.531612491233e+01,1.295304071515e-02
2.905547490821e-03,3.629752810987e+01,6.565994787845e+00,7.768281882787e+03,2.985820803202e+03,1.531750261769e+01,1.294683224271e-02
2.907364596586e-03,3.629351480527e+01,6.568097015436e+00,7.775197662899e+03,2.985552091943e+03,1.531888122125e+01,1.294062252709e-02
2.909180549168e-03,3.628949962539e+01,6.570198045842e+00,7.782120303731e+03,2.985283254112e+03,1.532026072255e+01,1.293441159125e-02
2.910995348581e-03,3.628548257280e+01,6.572297872574e+00,7.789049801489e+03,2.985014289882e+03,1.532164112114e+01,1.292819944810e-02
2.912808994840e-03,3.628146365010e+01,6.574396486761e+00,7.795986198645e+03,2.984745199422e+03,1.532302241654e+01,1.292198602909e-02
2.914621487956e-03,3.627744285985e+01,6.576493891277e+00,7.802929464849e+03,2.984475982903e+03,1.532440460831e+01,1.291577140970e-02
2.916432827949e-03,3.627342020463e+01,6.578590088218e+00,7.809879614039e+03,2.984206640497e+03,1.532578769599e+01,1.290955559030e-02
2.918243014835e-03,3.626939568702e+01,6.580685069055e+00,7.816836650297e+03,2.983937172375e+03,1.532717167910e+01,1.290333856671e-02
2.920052048632e-03,3.626536930958e+01,6.582778827831e+00,7.823800600551e+03,2.983667578707e+03,1.532855655719e+01,1.289712030222e-02
2.921859929363e-03,3.626134107488e+01,6.584871368117e+00,7.830771442881e+03,2.983397859663e+03,1.532994232981e+01,1.289090085936e-02
2.923666657048e-03,3.625731098551e+01,6.586962688771e+00,7.837749186332e+03,2.983128015415e+03,1.533132899650e+01,1.288468024025e-02
2.925472231711e-03,3.625327904402e+01,6.589052780961e+00,7.844733850489e+03,2.982858046133e+03,1.533271655678e+01,1.287845841473e-02
2.927276653376e-03,3.624924525298e+01,6.591141642391e+00,7.851725438765e+03,2.982587951987e+03,1.533410501022e+01,1.287223539206e-02
2.929079922068e-03,3.624520961496e+01,6.593229276660e+00,7.858723945375e+03,2.982317733147e+03,1.533549435634e+01,1.286601120807e-02
2.930882037815e-03,3.624117213252e+01,6.595315678984e+00,7.865729370484e+03,2.982047389784e+03,1.533688459470e+01,1.285978587233e-02
2.932683000646e-03,3.623713280823e+01,6.597400840552e+00,7.872741750510e+03,2.981776922068e+03,1.533827572482e+01,1.285355932741e-02
2.934482810589e-03,3.623309164464e+01,6.599484762813e+00,7.879761064546e+03,2.981506330168e+03,1.533966774626e+01,1.284733162958e-02
2.936281467677e-03,3.622904864431e+01,6.601567448590e+00,7.886787321518e+03,2.981235614255e+03,1.534106065856e+01,1.284110278897e-02
2.938078971943e-03,3.622500380982e+01,6.603648890176e+00,7.893820521692e+03,2.980964774499e+03,1.534245446125e+01,1.283487280933e-02
2.939875323417e-03,3.622095714370e+01,6.605729080402e+00,7.900860700925e+03,2.980693811068e+03,1.534384915389e+01,1.282864163765e-02
2.941670522140e-03,3.621690864851e+01,6.607808022928e+00,7.907907831145e+03,2.980422724133e+03,1.534524473601e+01,1.282240934588e-02
2.943464568144e-03,3.621285832682e+01,6.609885717857e+00,7.914961924433e+03,2.980151513863e+03,1.534664120717e+01,1.281617593373e-02
2.945257461467e-03,3.620880618118e+01,6.611962156420e+00,7.922022995990e+03,2.979880180428e+03,1.534803856689e+01,1.280994137873e-02
2.947049202150e-03,3.620475221413e+01,6.614037335351e+00,7.929091056256e+03,2.979608723997e+03,1.534943681473e+01,1.280370567685e-02
2.948839790234e-03,3.620069642822e+01,6.616111258339e+00,7.936166094597e+03,2.979337144739e+03,1.535083595023e+01,1.279746887157e-02
2.950629225759e-03,3.619663882600e+01,6.618183921599e+00,7.943248113506e+03,2.979065442823e+03,1.535223597293e+01,1.279123097060e-02
2.952417508769e-03,3.619257941003e+01,6.620255316390e+00,7.950337146345e+03,2.978793618419e+03,1.535363688238e+01,1.278499192241e-02
2.954204639308e-03,3.618851818284e+01,6.622325443426e+00,7.957433177303e+03,2.978521671696e+03,1.535503867812e+01,1.277875177299e-02
2.955990617422e-03,3.618445514699e+01,6.624394305909e+00,7.964536212459e+03,2.978249602821e+03,1.535644135971e+01,1.277251053779e-02
2.957775443159e-03,3.618039030500e+01,6.626461896606e+00,7.971646250454e+03,2.977977411965e+03,1.535784492667e+01,1.276626822405e-02
2.959559116566e-03,3.617632365944e+01,6.628528207832e+00,7.978763331714e+03,2.977705099295e+03,1.535924937856e+01,1.276002477129e-02
2.961341637694e-03,3.617225521282e+01,6.630593243332e+00,7.985887425007e+03,2.977432664981e+03,1.536065471493e+01,1.275378025578e-02
2.963123006592e-03,3.616818496769e+01,6.632657003762e+00,7.993018543809e+03,2.977160109190e+03,1.536206093531e+01,1.274753467621e-02
2.964903223315e-03,3.616411292660e+01,6.634719480419e+00,8.000156701979e+03,2.976887432091e+03,1.536346803926e+01,1.274128801273e-02
2.966682287915e-03,3.616003909207e+01,6.636780669752e+00,8.007301912569e+03,2.976614633853e+03,1.536487602632e+01,1.273504025676e-02
2.968460200447e-03,3.615596346664e+01,6.638840575535e+00,8.014454163116e+03,2.976341714643e+03,1.536628489605e+01,1.272879145439e-02
2.970236960969e-03,3.615188605284e+01,6.640899194306e+00,8.021613456803e+03,2.976068674631e+03,1.536769464797e+01,1.272254161281e-02
2.972012569537e-03,3.614780685320e+01,6.642956517385e+00,8.028779826985e+03,2.975795513983e+03,1.536910528164e+01,1.271629068142e-02
2.973787026209e-03,3.614372587025e+01,6.645012545436e+00,8.035953258492e+03,2.975522232867e+03,1.537051679662e+01,1.271003870455e-02
2.975560331047e-03,3.613964310652e+01,6.647067281701e+00,8.043133756794e+03,2.975248831451e+03,1.537192919244e+01,1.270378569863e-02
2.977332484112e-03,3.613555856454e+01,6.649120719080e+00,8.050321321128e+03,2.974975309904e+03,1.537334246866e+01,1.269753167014e-02
2.979103485467e-03,3.613147224683e+01,6.651172850046e+00,8.057515992035e+03,2.974701668393e+03,1.537475662481e+01,1.269127655969e-02
2.980873335176e-03,3.612738415590e+01,6.653223678430e+00,8.064717738180e+03,2.974427907084e+03,1.537617166046e+01,1.268502044289e-02
2.982642033303e-03,3.612329429430e+01,6.655273204765e+00,8.071926572776e+03,2.974154026146e+03,1.537758757515e+01,1.267876331878e-02
2.984409579917e-03,3.611920266453e+01,6.657321420413e+00,8.079142511423e+03,2.973880025747e+03,1.537900436842e+01,1.267250516521e-02
2.986175975084e-03,3.611510926912e+01,6.659368322211e+00,8.086365565280e+03,2.973605906052e+03,1.538042203983e+01,1.266624597755e-02
2.987941218874e-03,3.611101411058e+01,6.661413914018e+00,8.093595723151e+03,2.973331667229e+03,1.538184058892e+01,1.265998579953e-02
2.989705311358e-03,3.610691719143e+01,6.663458192020e+00,8.100832987228e+03,2.973057309445e+03,1.538326001525e+01,1.265372463920e-02
2.991468252607e-03,3.610281851418e+01,6.665501147604e+00,8.108077393967e+03,2.972782832868e+03,1.538468031835e+01,1.264746244206e-02
2.993230042695e-03,3.609871808134e+01,6.667542782047e+00,8.115328924318e+03,2.972508237663e+03,1.538610149780e+01,1.264119925911e-02
2.994990681696e-03,3.609461589544e+01,6.669583098296e+00,8.122587585381e+03,2.972233523998e+03,1.538752355313e+01,1.263493510360e-02
2.996750169685e-03,3.609051195897e+01,6.671622089057e+00,8.129853379303e+03,2.971958692039e+03,1.538894648389e+01,1.262866997707e-02
2.998508506740e-03,3.608640627444e+01,6.673659747617e+00,8.137126342160e+03,2.971683741953e+03,1.539037028963e+01,1.262240382955e-02
3.000265692938e-03,3.608229884436e+01,6.675696077890e+00,8.144406445646e+03,2.971408673905e+03,1.539179496991e+01,1.261613673115e-02
3.002021728360e-03,3.607818967124e+01,6.677731079633e+00,8.151693701021e+03,2.971133488063e+03,1.539322052428e+01,1.260986868260e-02
3.003776613085e-03,3.607407875759e+01,6.679764744272e+00,8.158988128763e+03,2.970858184593e+03,1.539464695228e+01,1.260359965470e-02
3.005530347196e-03,3.606996610589e+01,6.681797069683e+00,8.166289733565e+03,2.970582763660e+03,1.539607425348e+01,1.259732965494e-02
3.007282930777e-03,3.606585171865e+01,6.683828059807e+00,8.173598508624e+03,2.970307225431e+03,1.539750242741e+01,1.259105871994e-02
3.009034363911e-03,3.606173559838e+01,6.685857709831e+00,8.180914453444e+03,2.970031570071e+03,1.539893147364e+01,1.258478685996e-02
3.010784646686e-03,3.605761774757e+01,6.687886011208e+00,8.188237610770e+03,2.969755797747e+03,1.540036139171e+01,1.257851401182e-02
3.012533779187e-03,3.605349816871e+01,6.689912966474e+00,8.195567953012e+03,2.969479908624e+03,1.540179218118e+01,1.257224024138e-02
3.014281761503e-03,3.604937686430e+01,6.691938577958e+00,8.202905491239e+03,2.969203902866e+03,1.540322384161e+01,1.256596555460e-02
3.016028593724e-03,3.604525383683e+01,6.693962837845e+00,8.210250232823e+03,2.968927780642e+03,1.540465637253e+01,1.255968994407e-02
3.017774275940e-03,3.604112908879e+01,6.695985740885e+00,8.217602204729e+03,2.968651542114e+03,1.540608977351e+01,1.255341337731e-02
3.019518808244e-03,3.603700262267e+01,6.698007291072e+00,8.224961384869e+03,2.968375187449e+03,1.540752404411e+01,1.254713591418e-02
3.021262190729e-03,3.603287444097e+01,6.700027486741e+00,8.232327780814e+03,2.968098716812e+03,1.540895918387e+01,1.254085755849e-02
3.023004423489e-03,3.602874454616e+01,6.702046319386e+00,8.239701421160e+03,2.967822130367e+03,1.541039519234e+01,1.253457826929e-02
3.024745506622e-03,3.602461294072e+01,6.704063788560e+00,8.247082299411e+03,2.967545428281e+03,1.541183206910e+01,1.252829807424e-02
3.026485440223e-03,3.602047962716e+01,6.706079898092e+00,8.254470415892e+03,2.967268610716e+03,1.541326981368e+01,1.252201699849e-02
3.028224224391e-03,3.601634460794e+01,6.708094641727e+00,8.261865768001e+03,2.966991677840e+03,1.541470842564e+01,1.251573505276e-02
3.029961859226e-03,3.601220788554e+01,6.710108011358e+00,8.269268403518e+03,2.966714629816e+03,1.541614790454e+01,1.250945216804e-02
3.031698344829e-03,3.600806946244e+01,6.712120011035e+00,8.276678286076e+03,2.966437466807e+03,1.541758824993e+01,1.250316842547e-02
3.033433681301e-03,3.600392934113e+01,6.714130641966e+00,8.284095430750e+03,2.966160188980e+03,1.541902946137e+01,1.249688382291e-02
3.035167868746e-03,3.599978752407e+01,6.716139895690e+00,8.291519853020e+03,2.965882796498e+03,1.542047153842e+01,1.249059833968e-02
3.036900907268e-03,3.599564401374e+01,6.718147769043e+00,8.298951565985e+03,2.965605289525e+03,1.542191448063e+01,1.248431196864e-02
3.038632796974e-03,3.599149881261e+01,6.720154266096e+00,8.306390557018e+03,2.965327668226e+03,1.542335828756e+01,1.247802475482e-02
3.040363537970e-03,3.598735192315e+01,6.722159383140e+00,8.313836828260e+03,2.965049932764e+03,1.542480295876e+01,1.247173670644e-02
3.042093130366e-03,3.598320334783e+01,6.724163111740e+00,8.321290419702e+03,2.964772083304e+03,1.542624849380e+01,1.246544776624e-02
3.043821574269e-03,3.597905308911e+01,6.726165453739e+00,8.328751308855e+03,2.964494120009e+03,1.542769489222e+01,1.245915798981e-02
3.045548869791e-03,3.597490114947e+01,6.728166411834e+00,8.336219503733e+03,2.964216043043e+03,1.542914215360e+01,1.245286738848e-02
3.047275017045e-03,3.597074753136e+01,6.730165978730e+00,8.343695010713e+03,2.963937852570e+03,1.543059027747e+01,1.244657595751e-02
3.049000016142e-03,3.596659223725e+01,6.732164148812e+00,8.351177860982e+03,2.963659548752e+03,1.543203926341e+01,1.244028365838e-02
3.050723867197e-03,3.596243526959e+01,6.734160926203e+00,8.358668029501e+03,2.963381131754e+03,1.543348911097e+01,1.243399055439e-02
3.052446570327e-03,3.595827663085e+01,6.736156309670e+00,8.366165524910e+03,2.963102601738e+03,1.543493981971e+01,1.242769664865e-02
3.054168125648e-03,3.595411632349e+01,6.738150290815e+00,8.373670375951e+03,2.962823958867e+03,1.543639138919e+01,1.242140190124e-02
3.055888533277e-03,3.594995434995e+01,6.740142869171e+00,8.381182577006e+03,2.962545203306e+03,1.543784381897e+01,1.241510633801e-02
3.057607793335e-03,3.594579071269e+01,6.742134048600e+00,8.388702127457e+03,2.962266335215e+03,1.543929710861e+01,1.240880998524e-02
3.059325905942e-03,3.594162541418e+01,6.744123823027e+00,8.396229025829e+03,2.961987354760e+03,1.544075125766e+01,1.240251285213e-02
3.061042871219e-03,3.593745845684e+01,6.746112184654e+00,8.403763319889e+03,2.961708262101e+03,1.544220626569e+01,1.239621487202e-02
3.062758689290e-03,3.593328984314e+01,6.748099137651e+00,8.411304973228e+03,2.961429057401e+03,1.544366213227e+01,1.238991612462e-02
3.064473360277e-03,3.592911957552e+01,6.750084682997e+00,8.418854000395e+03,2.961149740824e+03,1.544511885694e+01,1.238361660843e-02
3.066186884308e-03,3.592494765643e+01,6.752068812338e+00,8.426410419969e+03,2.960870312532e+03,1.544657643927e+01,1.237731629898e-02
3.067899261508e-03,3.592077408831e+01,6.754051523150e+00,8.433974241640e+03,2.960590772686e+03,1.544803487882e+01,1.237101519564e-02
3.069610492005e-03,3.591659887359e+01,6.756032819632e+00,8.441545455045e+03,2.960311121449e+03,1.544949417515e+01,1.236471333951e-02
3.071320575928e-03,3.591242201474e+01,6.758012697503e+00,8.449124060584e+03,2.960031358983e+03,1.545095432783e+01,1.235841074025e-02
3.073029513407e-03,3.590824351418e+01,6.759991148437e+00,8.456710103661e+03,2.959751485450e+03,1.545241533642e+01,1.235210733438e-02
3.074737304573e-03,3.590406337434e+01,6.761968175253e+00,8.464303554969e+03,2.959471501011e+03,1.545387720047e+01,1.234580318809e-02
3.076443949559e-03,3.589988159766e+01,6.763943780181e+00,8.471904425416e+03,2.959191405828e+03,1.545533991956e+01,1.233949830759e-02
3.078149448499e-03,3.589569818659e+01,6.765917955612e+00,8.479512726386e+03,2.958911200064e+03,1.545680349324e+01,1.233319268050e-02
3.079853801528e-03,3.589151314355e+01,6.767890697222e+00,8.487128481316e+03,2.958630883879e+03,1.545826792108e+01,1.232688628298e-02
3.081557008780e-03,3.588732647096e+01,6.769862009256e+00,8.494751670411e+03,2.958350457435e+03,1.545973320264e+01,1.232057916965e-02
3.083259070395e-03,3.588313817127e+01,6.771831889264e+00,8.502382298948e+03,2.958069920893e+03,1.546119933749e+01,1.231427134638e-02
3.084959986511e-03,3.587894824689e+01,6.773800328961e+00,8.510020404101e+03,2.957789274414e+03,1.546266632518e+01,1.230796276231e-02
3.086659757265e-03,3.587475670026e+01,6.775767329490e+00,8.517665969029e+03,2.957508518159e+03,1.546413416529e+01,1.230165346200e-02
3.088358382801e-03,3.587056353378e+01,6.777732893931e+00,8.525318998212e+03,2.957227652289e+03,1.546560285738e+01,1.229534346257e-02
3.090055863259e-03,3.586636874990e+01,6.779697015575e+00,8.532979497392e+03,2.956946676965e+03,1.546707240101e+01,1.228903276152e-02
3.091752198785e-03,3.586217235102e+01,6.781659688547e+00,8.540647502175e+03,2.956665592348e+03,1.546854279576e+01,1.228272131496e-02
3.093447389519e-03,3.585797433957e+01,6.783620917139e+00,8.548322984410e+03,2.956384398598e+03,1.547001404117e+01,1.227640918921e-02
3.095141435610e-03,3.585377471795e+01,6.785580700479e+00,8.556005953659e+03,2.956103095875e+03,1.547148613683e+01,1.227009638684e-02
3.096834337202e-03,3.584957348860e+01,6.787539030325e+00,8.563696439968e+03,2.955821684341e+03,1.547295908229e+01,1.226378286782e-02
3.098526094446e-03,3.584537065391e+01,6.789495906397e+00,8.571394437372e+03,2.955540164155e+03,1.547443287713e+01,1.225746865819e-02
3.100216707489e-03,3.584116621631e+01,6.791451332493e+00,8.579099944706e+03,2.955258535477e+03,1.547590752091e+01,1.225115378441e-02
3.101906176482e-03,3.583696017819e+01,6.793405302684e+00,8.586812962888e+03,2.954976798467e+03,1.547738301319e+01,1.224483825232e-02
3.103594501575e-03,3.583275254198e+01,6.795357809788e+00,8.594533538065e+03,2.954694953286e+03,1.547885935355e+01,1.223852200109e-02
3.105281682922e-03,3.582854331007e+01,6.797308858148e+00,8.602261634866e+03,2.954413000093e+03,1.548033654155e+01,1.223220510691e-02
3.106967720677e-03,3.582433248487e+01,6.799258448220e+00,8.609997266514e+03,2.954130939047e+03,1.548181457676e+01,1.222588756958e-02
3.108652614993e-03,3.582012006878e+01,6.801206571807e+00,8.617740457051e+03,2.953848770309e+03,1.548329345875e+01,1.221956935808e-02
3.110336366028e-03,3.581590606421e+01,6.803153227447e+00,8.625491209754e+03,2.953566494037e+03,1.548477318709e+01,1.221325048304e-02
3.112018973936e-03,3.581169047355e+01,6.805098419500e+00,8.633249518530e+03,2.953284110392e+03,1.548625376134e+01,1.220693097878e-02
3.113700438880e-03,3.580747329920e+01,6.807042142731e+00,8.641015380767e+03,2.953001619531e+03,1.548773518108e+01,1.220061085734e-02
3.115380761016e-03,3.580325454356e+01,6.808984388968e+00,8.648788850607e+03,2.952719021616e+03,1.548921744587e+01,1.219429004546e-02
3.117059940505e-03,3.579903420901e+01,6.810925162525e+00,8.656569887479e+03,2.952436316802e+03,1.549070055529e+01,1.218796862598e-02
3.118737977511e-03,3.579481229796e+01,6.812864464917e+00,8.664358507201e+03,2.952153505251e+03,1.549218450890e+01,1.218164659702e-02
3.120414872195e-03,3.579058881279e+01,6.814802288021e+00,8.672154729038e+03,2.951870587122e+03,1.549366930628e+01,1.217532393475e-02
3.122090624720e-03,3.578636375590e+01,6.816738629435e+00,8.679958563857e+03,2.951587562571e+03,1.549515494699e+01,1.216900063741e-02
3.123765235254e-03,3.578213712965e+01,6.818673493567e+00,8.687770000354e+03,2.951304431758e+03,1.549664143062e+01,1.216267674650e-02
3.125438703961e-03,3.577790893646e+01,6.820606876148e+00,8.695589038498e+03,2.951021194843e+03,1.549812875671e+01,1.215635227211e-02
3.127111031010e-03,3.577367917870e+01,6.822538769053e+00,8.703415728472e+03,2.950737851981e+03,1.549961692486e+01,1.215002714732e-02
3.128782216568e-03,3.576944785874e+01,6.824469175772e+00,8.711250035959e+03,2.950454403332e+03,1.550110593464e+01,1.214370144407e-02
3.130452260806e-03,3.576521497897e+01,6.826398098237e+00,8.719091973438e+03,2.950170849054e+03,1.550259578560e+01,1.213737516601e-02
3.132121163895e-03,3.576098054177e+01,6.828325528805e+00,8.726941557664e+03,2.949887189305e+03,1.550408647734e+01,1.213104829389e-02
3.133788926007e-03,3.575674454951e+01,6.830251464367e+00,8.734798805441e+03,2.949603424243e+03,1.550557800941e+01,1.212472081654e-02
3.135455547314e-03,3.575250700457e+01,6.832175909374e+00,8.742663701373e+03,2.949319554024e+03,1.550707038140e+01,1.211839278093e-02
3.137121027991e-03,3.574826790932e+01,6.834098860295e+00,8.750536247414e+03,2.949035578808e+03,1.550856359288e+01,1.211206419563e-02
3.138785368214e-03,3.574402726613e+01,6.836020309045e+00,8.758416490920e+03,2.948751498751e+03,1.551005764341e+01,1.210573499841e-02
3.140448568158e-03,3.573978507737e+01,6.837940258526e+00,8.766304402159e+03,2.948467314010e+03,1.551155253258e+01,1.209940525322e-02
3.142110628002e-03,3.573554134541e+01,6.839858710974e+00,8.774199991111e+03,2.948183024743e+03,1.551304825997e+01,1.209307496777e-02
3.143771547924e-03,3.573129607261e+01,6.841775659104e+00,8.782103272867e+03,2.947898631107e+03,1.551454482513e+01,1.208674412593e-02
3.145431328105e-03,3.572704926134e+01,6.843691099334e+00,8.790014268470e+03,2.947614133259e+03,1.551604222766e+01,1.208041271005e-02
3.147089968724e-03,3.572280091396e+01,6.845605036159e+00,8.797932959598e+03,2.947329531355e+03,1.551754046712e+01,1.207408077083e-02
3.148747469965e-03,3.571855103283e+01,6.847517466550e+00,8.805859349559e+03,2.947044825554e+03,1.551903954309e+01,1.206774831586e-02
3.150403832010e-03,3.571429962031e+01,6.849428382467e+00,8.813793484058e+03,2.946760016010e+03,1.552053945515e+01,1.206141528589e-02
3.152059055044e-03,3.571004667875e+01,6.851337786450e+00,8.821735336232e+03,2.946475102880e+03,1.552204020287e+01,1.205508173975e-02
3.153713139252e-03,3.570579221050e+01,6.853245680925e+00,8.829684914421e+03,2.946190086322e+03,1.552354178584e+01,1.204874768778e-02
3.155366084822e-03,3.570153621794e+01,6.855152058853e+00,8.837642232909e+03,2.945904966491e+03,1.552504420362e+01,1.204241311556e-02
3.157017891938e-03,3.569727870339e+01,6.857056916402e+00,8.845607315260e+03,2.945619743543e+03,1.552654745579e+01,1.203607800178e-02
3.158668560793e-03,3.569301966921e+01,6.858960258111e+00,8.853580141404e+03,2.945334417634e+03,1.552805154195e+01,1.202974239924e-02
3.160318091574e-03,3.568875911776e+01,6.860862081228e+00,8.861560715371e+03,2.945048988921e+03,1.552955646165e+01,1.202340631501e-02
3.161966484474e-03,3.568449705137e+01,6.862762377758e+00,8.869549082395e+03,2.944763457559e+03,1.553106221448e+01,1.201706969114e-02
3.163613739683e-03,3.568023347239e+01,6.864661150106e+00,8.877545216761e+03,2.944477823704e+03,1.553256880002e+01,1.201073258422e-02
3.165259857395e-03,3.567596838316e+01,6.866558400770e+00,8.885549126015e+03,2.944192087510e+03,1.553407621784e+01,1.200439500577e-02
3.166904837805e-03,3.567170178602e+01,6.868454122846e+00,8.893560824518e+03,2.943906249135e+03,1.553558446754e+01,1.199805694168e-02
3.168548681107e-03,3.566743368331e+01,6.870348312480e+00,8.901580336623e+03,2.943620308732e+03,1.553709354868e+01,1.199171836980e-02
3.170191387499e-03,3.566316407736e+01,6.872240974249e+00,8.909607641683e+03,2.943334266457e+03,1.553860346084e+01,1.198537934338e-02
3.171832957177e-03,3.565889297052e+01,6.874132105458e+00,8.917642743824e+03,2.943048122466e+03,1.554011420362e+01,1.197903986943e-02
3.173473390340e-03,3.565462036511e+01,6.876021698155e+00,8.925685689002e+03,2.942761876913e+03,1.554162577658e+01,1.197269988972e-02
3.175112687187e-03,3.565034626346e+01,6.877909754830e+00,8.933736450892e+03,2.942475529952e+03,1.554313817931e+01,1.196635946133e-02
3.176750847921e-03,3.564607066790e+01,6.879796277948e+00,8.941795037142e+03,2.942189081739e+03,1.554465141139e+01,1.196001859558e-02
3.178387872741e-03,3.564179358077e+01,6.881681260624e+00,8.949861463043e+03,2.941902532428e+03,1.554616547240e+01,1.195367727732e-02
3.180023761853e-03,3.563751500438e+01,6.883564699201e+00,8.957935752001e+03,2.941615882174e+03,1.554768036193e+01,1.194733548630e-02
3.181658515458e-03,3.563323494105e+01,6.885446598300e+00,8.966017883987e+03,2.941329131130e+03,1.554919607956e+01,1.194099327456e-02
3.183292133762e-03,3.562895339313e+01,6.887326955054e+00,8.974107862562e+03,2.941042279452e+03,1.555071262486e+01,1.193465064960e-02
3.184924616972e-03,3.562467036291e+01,6.889205761563e+00,8.982205735641e+03,2.940755327293e+03,1.555222999742e+01,1.192830755126e-02
3.186555965295e-03,3.562038585271e+01,6.891083020615e+00,8.990311474507e+03,2.940468274807e+03,1.555374819684e+01,1.192196403985e-02
3.188186178939e-03,3.561609986486e+01,6.892958734532e+00,8.998425087781e+03,2.940181122147e+03,1.555526722268e+01,1.191562012514e-02
3.189815258112e-03,3.561181240167e+01,6.894832896343e+00,9.006546592602e+03,2.939893869469e+03,1.555678707453e+01,1.190927578957e-02
3.191443203027e-03,3.560752346545e+01,6.896705502802e+00,9.014676009623e+03,2.939606516925e+03,1.555830775199e+01,1.190293101747e-02
3.193070013894e-03,3.560323305851e+01,6.898576558567e+00,9.022813320652e+03,2.939319064668e+03,1.555982925463e+01,1.189658585816e-02
3.194695690925e-03,3.559894118316e+01,6.900446060398e+00,9.030958528066e+03,2.939031512852e+03,1.556135158203e+01,1.189024032000e-02
3.196320234335e-03,3.559464784171e+01,6.902314000434e+00,9.039111682926e+03,2.938743861631e+03,1.556287473379e+01,1.188389433941e-02
3.197943644337e-03,3.559035303645e+01,6.904180381980e+00,9.047272752340e+03,2.938456111156e+03,1.556439870949e+01,1.187754798258e-02
3.199565921148e-03,3.558605676970e+01,6.906045207106e+00,9.055441746803e+03,2.938168261582e+03,1.556592350872e+01,1.187120125636e-02
3.201187064984e-03,3.558175904376e+01,6.907908468651e+00,9.063618686207e+03,2.937880313061e+03,1.556744913105e+01,1.186485413948e-02
3.202807076063e-03,3.557745986092e+01,6.909770163989e+00,9.071803586641e+03,2.937592265746e+03,1.556897557609e+01,1.185850662353e-02
3.204425954605e-03,3.557315922348e+01,6.911630297816e+00,9.079996432989e+03,2.937304119789e+03,1.557050284341e+01,1.185215875347e-02
3.206043700828e-03,3.556885713374e+01,6.913488866305e+00,9.088197225774e+03,2.937015875343e+03,1.557203093261e+01,1.184581053909e-02
3.207660314954e-03,3.556455359399e+01,6.915345861638e+00,9.096406020455e+03,2.936727532561e+03,1.557355984327e+01,1.183946191176e-02
3.209275797205e-03,3.556024860652e+01,6.917201287843e+00,9.104622778142e+03,2.936439091593e+03,1.557508957498e+01,1.183311294620e-02
3.210890147804e-03,3.555594217362e+01,6.919055146637e+00,9.112847512116e+03,2.936150552593e+03,1.557662012733e+01,1.182676364505e-02
3.212503366974e-03,3.555163429759e+01,6.920907430560e+00,9.121080245927e+03,2.935861915713e+03,1.557815149991e+01,1.182041398202e-02
3.214115454942e-03,3.554732498069e+01,6.922758137815e+00,9.129320989288e+03,2.935573181104e+03,1.557968369230e+01,1.181406395854e-02
3.215726411933e-03,3.554301422522e+01,6.924607273037e+00,9.137569731093e+03,2.935284348917e+03,1.558121670410e+01,1.180771361392e-02
3.217336238173e-03,3.553870203347e+01,6.926454831702e+00,9.145826470773e+03,2.934995419306e+03,1.558275053490e+01,1.180136295813e-02
3.218944933894e-03,3.553438840771e+01,6.928300806238e+00,9.154091266672e+03,2.934706392420e+03,1.558428518428e+01,1.179501191997e-02
3.220552499321e-03,3.553007335022e+01,6.930145201397e+00,9.162364074827e+03,2.934417268412e+03,1.558582065185e+01,1.178866058128e-02
3.222158934686e-03,3.552575686327e+01,6.931988018343e+00,9.170644910803e+03,2.934128047432e+03,1.558735693718e+01,1.178230894088e-02
3.223764240222e-03,3.552143894915e+01,6.933829249318e+00,9.178933803045e+03,2.933838729632e+03,1.558889403987e+01,1.177595696597e-02
3.225368416158e-03,3.551711961012e+01,6.935668893551e+00,9.187230753022e+03,2.933549315162e+03,1.559043195952e+01,1.176960467039e-02
3.226971462730e-03,3.551279884845e+01,6.937506955172e+00,9.195535753531e+03,2.933259804174e+03,1.559197069571e+01,1.176325208728e-02
3.228573380171e-03,3.550847666642e+01,6.939343429204e+00,9.203848808796e+03,2.932970196818e+03,1.559351024804e+01,1.175689921965e-02
3.230174168718e-03,3.550415306628e+01,6.941178309209e+00,9.212169968527e+03,2.932680493245e+03,1.559505061609e+01,1.175054601003e-02
3.231773828605e-03,3.549982805031e+01,6.943011599978e+00,9.220499194619e+03,2.932390693605e+03,1.559659179947e+01,1.174419253212e-02
3.233372360072e-03,3.549550162076e+01,6.944843301572e+00,9.228836499288e+03,2.932100798048e+03,1.559813379777e+01,1.173783878724e-02
3.234969763354e-03,3.549117377991e+01,6.946673406277e+00,9.237181918181e+03,2.931810806726e+03,1.559967661058e+01,1.173148473388e-02
3.236566038695e-03,3.548684453000e+01,6.948501914555e+00,9.245535442673e+03,2.931520719786e+03,1.560122023749e+01,1.172513040070e-02
3.238161186332e-03,3.548251387329e+01,6.950328829925e+00,9.253897070380e+03,2.931230537380e+03,1.560276467810e+01,1.171877581348e-02
3.239755206507e-03,3.547818181205e+01,6.952154146861e+00,9.262266811270e+03,2.930940259659e+03,1.560430993201e+01,1.171242096705e-02
3.241348099464e-03,3.547384834852e+01,6.953977860255e+00,9.270644704539e+03,2.930649886770e+03,1.560585599881e+01,1.170606582009e-02
3.242939865445e-03,3.546951348495e+01,6.955799974933e+00,9.279030719208e+03,2.930359418863e+03,1.560740287809e+01,1.169971043672e-02
3.244530504696e-03,3.546517722359e+01,6.957620489661e+00,9.287424863473e+03,2.930068856089e+03,1.560895056945e+01,1.169335482123e-02
3.246120017460e-03,3.546083956670e+01,6.959439396769e+00,9.295827181487e+03,2.929778198597e+03,1.561049907250e+01,1.168699892191e-02
3.247708403985e-03,3.545650051652e+01,6.961256698142e+00,9.304237652603e+03,2.929487446535e+03,1.561204838682e+01,1.168064278474e-02
3.249295664520e-03,3.545216007528e+01,6.963072396595e+00,9.312656280236e+03,2.929196600052e+03,1.561359851201e+01,1.167428642687e-02
3.250881799310e-03,3.544781824524e+01,6.964886485953e+00,9.321083081028e+03,2.928905659299e+03,1.561514944767e+01,1.166792983377e-02
3.252466808608e-03,3.544347502862e+01,6.966698962633e+00,9.329518081774e+03,2.928614624422e+03,1.561670119340e+01,1.166157298267e-02
3.254050692662e-03,3.543913042768e+01,6.968509831493e+00,9.337961259896e+03,2.928323495571e+03,1.561825374879e+01,1.165521592670e-02
3.255633451725e-03,3.543478444465e+01,6.970319089812e+00,9.346412618906e+03,2.928032272896e+03,1.561980711345e+01,1.164885867352e-02
3.257215086047e-03,3.543043708175e+01,6.972126729966e+00,9.354872212759e+03,2.927740956543e+03,1.562136128697e+01,1.164250115986e-02
3.258795595886e-03,3.542608834122e+01,6.973932755454e+00,9.363340006873e+03,2.927449546661e+03,1.562291626896e+01,1.163614345136e-02
3.260374981491e-03,3.542173822530e+01,6.975737168285e+00,9.371816011390e+03,2.927158043399e+03,1.562447205901e+01,1.162978555538e-02
3.261953243121e-03,3.541738673620e+01,6.977539961549e+00,9.380300250642e+03,2.926866446904e+03,1.562602865673e+01,1.162342744681e-02
3.263530381032e-03,3.541303387616e+01,6.979341133368e+00,9.388792737049e+03,2.926574757324e+03,1.562758606171e+01,1.161706912384e-02
3.265106395480e-03,3.540867964740e+01,6.981140688448e+00,9.397293457172e+03,2.926282974807e+03,1.562914427355e+01,1.161071062758e-02
3.266681286724e-03,3.540432405214e+01,6.982938622578e+00,9.405802412005e+03,2.925991099501e+03,1.563070329186e+01,1.160435196634e-02
3.268255055024e-03,3.539996709260e+01,6.984734928565e+00,9.414319661021e+03,2.925699131554e+03,1.563226311623e+01,1.159799307140e-02
3.269827700639e-03,3.539560877100e+01,6.986529611320e+00,9.422845159359e+03,2.925407071111e+03,1.563382374628e+01,1.159163402288e-02
3.271399223832e-03,3.539124908956e+01,6.988322671776e+00,9.431378922017e+03,2.925114918321e+03,1.563538518160e+01,1.158527482036e-02
3.272969624863e-03,3.538688805049e+01,6.990114102369e+00,9.439920982555e+03,2.924822673331e+03,1.563694742179e+01,1.157891542663e-02
3.274538903997e-03,3.538252565600e+01,6.991903903123e+00,9.448471337100e+03,2.924530336288e+03,1.563851046647e+01,1.157255586310e-02
3.276107061496e-03,3.537816190830e+01,6.993692077798e+00,9.457029980124e+03,2.924237907339e+03,1.564007431522e+01,1.156619615930e-02
3.277674097629e-03,3.537379680960e+01,6.995478621303e+00,9.465596921497e+03,2.923945386630e+03,1.564163896766e+01,1.155983631121e-02
3.279240012658e-03,3.536943036212e+01,6.997263528432e+00,9.474172203944e+03,2.923652774308e+03,1.564320442339e+01,1.155347627458e-02
3.280804806852e-03,3.536506256804e+01,6.999046804133e+00,9.482755793959e+03,2.923360070519e+03,1.564477068201e+01,1.154711611503e-02
3.282368480478e-03,3.536069342957e+01,7.000828447378e+00,9.491347700291e+03,2.923067275409e+03,1.564633774313e+01,1.154075583661e-02
3.283931033807e-03,3.535632294893e+01,7.002608450653e+00,9.499947969265e+03,2.922774389127e+03,1.564790560636e+01,1.153439538707e-02
3.285492467106e-03,3.535195112829e+01,7.004386816056e+00,9.508556578710e+03,2.922481411815e+03,1.564947427130e+01,1.152803481335e-02
3.287052780649e-03,3.534757796986e+01,7.006163546316e+00,9.517173532035e+03,2.922188343622e+03,1.565104373756e+01,1.152167413222e-02
3.288611974705e-03,3.534320347585e+01,7.007938635363e+00,9.525798848935e+03,2.921895184692e+03,1.565261400473e+01,1.151531332624e-02
3.290170049548e-03,3.533882764842e+01,7.009712080167e+00,9.534432553440e+03,2.921601935172e+03,1.565418507244e+01,1.150895237786e-02
3.291727005452e-03,3.533445048978e+01,7.011483885705e+00,9.543074624722e+03,2.921308595206e+03,1.565575694029e+01,1.150259133686e-02
3.293282842691e-03,3.533007200212e+01,7.013254048816e+00,9.551725064582e+03,2.921015164941e+03,1.565732960788e+01,1.149623021220e-02
3.294837561540e-03,3.532569218762e+01,7.015022562028e+00,9.560383933468e+03,2.920721644522e+03,1.565890307483e+01,1.148986893528e-02
3.296391162279e-03,3.532131104846e+01,7.016789429696e+00,9.569051188920e+03,2.920428034093e+03,1.566047734074e+01,1.148350758074e-02
3.297943645180e-03,3.531692858684e+01,7.018554653425e+00,9.577726844246e+03,2.920134333799e+03,1.566205240521e+01,1.147714615152e-02
3.299495010526e-03,3.531254480492e+01,7.020318226083e+00,9.586410930025e+03,2.919840543787e+03,1.566362826787e+01,1.147078461566e-02
3.301045258594e-03,3.530815970489e+01,7.022080146986e+00,9.595103449542e+03,2.919546664200e+03,1.566520492832e+01,1.146442298450e-02
3.302594389665e-03,3.530377328892e+01,7.023840420267e+00,9.603804393157e+03,2.919252695182e+03,1.566678238617e+01,1.145806129266e-02
3.304142404019e-03,3.529938555920e+01,7.025599041327e+00,9.612513768739e+03,2.918958636879e+03,1.566836064102e+01,1.145169953948e-02
3.305689301941e-03,3.529499651789e+01,7.027356004497e+00,9.621231625370e+03,2.918664489435e+03,1.566993969250e+01,1.144533767359e-02
3.307235083711e-03,3.529060616716e+01,7.029111314799e+00,9.629957925132e+03,2.918370252993e+03,1.567151954021e+01,1.143897576465e-02
3.308779749615e-03,3.528621450917e+01,7.030864971761e+00,9.638692678533e+03,2.918075927699e+03,1.567310018377e+01,1.143261381560e-02
3.310323299937e-03,3.528182154611e+01,7.032616967977e+00,9.647435930899e+03,2.917781513696e+03,1.567468162278e+01,1.142625177690e-02
3.311865734962e-03,3.527742728013e+01,7.034367305276e+00,9.656187662742e+03,2.917487011128e+03,1.567626385686e+01,1.141988969094e-02
3.313407054979e-03,3.527303171339e+01,7.036115986538e+00,9.664947875575e+03,2.917192420137e+03,1.567784688562e+01,1.141352757682e-02
3.314947260274e-03,3.526863484805e+01,7.037863005973e+00,9.673716589389e+03,2.916897740870e+03,1.567943070867e+01,1.140716541771e-02
3.316486351136e-03,3.526423668628e+01,7.039608360514e+00,9.682493830030e+03,2.916602973467e+03,1.568101532563e+01,1.140080319445e-02
3.318024327854e-03,3.525983723023e+01,7.041352055216e+00,9.691279575329e+03,2.916308118073e+03,1.568260073611e+01,1.139444095756e-02
3.319561190720e-03,3.525543648205e+01,7.043094087036e+00,9.700073827241e+03,2.916013174832e+03,1.568418693972e+01,1.138807871595e-02
3.321096940023e-03,3.525103444390e+01,7.044834448611e+00,9.708876648292e+03,2.915718143885e+03,1.568577393609e+01,1.138171640048e-02
3.322631576058e-03,3.524663111792e+01,7.046573144458e+00,9.717687994160e+03,2.915423025375e+03,1.568736172482e+01,1.137535408669e-02
3.324165099115e-03,3.524222650627e+01,7.048310176117e+00,9.726507878535e+03,2.915127819447e+03,1.568895030553e+01,1.136899177711e-02
3.325697509491e-03,3.523782061109e+01,7.050045536518e+00,9.735336334562e+03,2.914832526242e+03,1.569053967784e+01,1.136262943773e-02
3.327228807479e-03,3.523341343452e+01,7.051779225371e+00,9.744173362799e+03,2.914537145902e+03,1.569212984136e+01,1.135626708363e-02
3.328758993376e-03,3.522900497871e+01,7.053511246625e+00,9.753018954410e+03,2.914241678570e+03,1.569372079571e+01,1.134990474759e-02
3.330288067478e-03,3.522459524580e+01,7.055241595634e+00,9.761873120302e+03,2.913946124388e+03,1.569531254051e+01,1.134354242548e-02
3.331816030082e-03,3.522018423793e+01,7.056970267341e+00,9.770735905909e+03,2.913650483499e+03,1.569690507537e+01,1.133718007250e-02
3.333342881489e-03,3.521577195723e+01,7.058697266850e+00,9.779607275706e+03,2.913354756043e+03,1.569849839992e+01,1.133081775425e-02
3.334868621996e-03,3.521135840584e+01,7.060422593151e+00,9.788487238356e+03,2.913058942165e+03,1.570009251376e+01,1.132445547504e-02
3.336393251904e-03,3.520694358588e+01,7.062146238946e+00,9.797375845015e+03,2.912763042003e+03,1.570168741652e+01,1.131809318003e-02
3.337916771515e-03,3.520252749949e+01,7.063868206874e+00,9.806273068843e+03,2.912467055701e+03,1.570328310782e+01,1.131173092062e-02
3.339439181130e-03,3.519811014880e+01,7.065588499425e+00,9.815178914468e+03,2.912170983399e+03,1.570487958728e+01,1.130536871143e-02
3.340960481053e-03,3.519369153593e+01,7.067307110547e+00,9.824093407229e+03,2.911874825240e+03,1.570647685452e+01,1.129900652959e-02
3.342480671587e-03,3.518927166301e+01,7.069024038208e+00,9.833016564719e+03,2.911578581364e+03,1.570807490915e+01,1.129264436767e-02
3.343999753038e-03,3.518485053216e+01,7.070739287238e+00,9.841948369256e+03,2.911282251911e+03,1.570967375080e+01,1.128628226973e-02
3.345517725711e-03,3.518042814550e+01,7.072452853942e+00,9.850888824172e+03,2.910985837024e+03,1.571127337909e+01,1.127992024195e-02
3.347034589911e-03,3.517600450515e+01,7.074164731658e+00,9.859837991490e+03,2.910689336842e+03,1.571287379364e+01,1.127355821870e-02
3.348550345948e-03,3.517157961321e+01,7.075874925530e+00,9.868795824363e+03,2.910392751507e+03,1.571447499408e+01,1.126719627778e-02
3.350064994128e-03,3.516715347181e+01,7.077583436204e+00,9.877762337072e+03,2.910096081158e+03,1.571607698001e+01,1.126083441979e-02
3.351578534763e-03,3.516272608306e+01,7.079290256446e+00,9.886737571487e+03,2.909799325937e+03,1.571767975108e+01,1.125447260142e-02
3.353090968160e-03,3.515829744907e+01,7.080995387398e+00,9.895721515203e+03,2.909502485982e+03,1.571928330690e+01,1.124811085461e-02
3.354602294631e-03,3.515386757194e+01,7.082698832305e+00,9.904714165294e+03,2.909205561435e+03,1.572088764709e+01,1.124174920372e-02
3.356112514490e-03,3.514943645379e+01,7.084400585947e+00,9.913715540841e+03,2.908908552435e+03,1.572249277127e+01,1.123538763469e-02
3.357621628046e-03,3.514500409671e+01,7.086100644926e+00,9.922725673408e+03,2.908611459123e+03,1.572409867908e+01,1.122902612226e-02
3.359129635613e-03,3.514057050280e+01,7.087799014406e+00,9.931744536763e+03,2.908314281637e+03,1.572570537014e+01,1.122266472026e-02
3.360636537508e-03,3.513613567417e+01,7.089495691817e+00,9.940772134109e+03,2.908017020117e+03,1.572731284407e+01,1.121630343676e-02
3.362142334045e-03,3.513169961292e+01,7.091190669963e+00,9.949808529432e+03,2.907719674703e+03,1.572892110050e+01,1.120994220406e-02
3.363647025538e-03,3.512726232113e+01,7.092883953322e+00,9.958853678199e+03,2.907422245534e+03,1.573053013905e+01,1.120358109536e-02
3.365150612307e-03,3.512282380090e+01,7.094575543475e+00,9.967907593313e+03,2.907124732749e+03,1.573213995935e+01,1.119722011438e-02
3.366653094669e-03,3.511838405433e+01,7.096265433601e+00,9.976970310683e+03,2.906827136486e+03,1.573375056103e+01,1.119085922583e-02
3.368154472940e-03,3.511394308350e+01,7.097953623711e+00,9.986041829241e+03,2.906529456886e+03,1.573536194371e+01,1.118449844679e-02
3.369654747444e-03,3.510950089050e+01,7.099640117627e+00,9.995122140068e+03,2.906231694086e+03,1.573697410702e+01,1.117813780908e-02
3.371153918498e-03,3.510505747741e+01,7.101324910773e+00,1.000421125753e+04,2.905933848225e+03,1.573858705059e+01,1.117177730514e-02
3.372651986424e-03,3.510061284632e+01,7.103007998747e+00,1.001330922407e+04,2.905635919441e+03,1.574020077405e+01,1.116541689647e-02
3.374148951544e-03,3.509616699931e+01,7.104689386755e+00,1.002241600601e+04,2.905337907873e+03,1.574181527703e+01,1.115905664462e-02
3.375644814182e-03,3.509171993845e+01,7.106369073278e+00,1.003153161012e+04,2.905039813659e+03,1.574343055915e+01,1.115269655533e-02
3.377139574660e-03,3.508727166583e+01,7.108047051185e+00,1.004065609501e+04,2.904741636938e+03,1.574504662004e+01,1.114633656798e-02
3.378633233304e-03,3.508282218352e+01,7.109723324050e+00,1.004978942484e+04,2.904443377846e+03,1.574666345935e+01,1.113997674381e-02
3.380125790438e-03,3.507837149359e+01,7.111397893914e+00,1.005893160781e+04,2.904145036521e+03,1.574828107669e+01,1.113361709255e-02
3.381617246390e-03,3.507391959811e+01,7.113070754487e+00,1.006808267649e+04,2.903846613102e+03,1.574989947169e+01,1.112725758398e-02
3.383107601486e-03,3.506946649915e+01,7.114741905006e+00,1.007724263801e+04,2.903548107725e+03,1.575151864399e+01,1.112089822480e-02
3.384596856054e-03,3.506501219878e+01,7.116411349685e+00,1.008641147898e+04,2.903249520528e+03,1.575313859323e+01,1.111453905203e-02
3.386085010422e-03,3.506055669906e+01,7.118079084420e+00,1.009558921069e+04,2.902950851649e+03,1.575475931902e+01,1.110818006244e-02
3.387572064922e-03,3.505610000206e+01,7.119745104156e+00,1.010477588326e+04,2.902652101224e+03,1.575638082101e+01,1.110182120866e-02
3.389058019881e-03,3.505164210982e+01,7.121409414137e+00,1.011397145774e+04,2.902353269390e+03,1.575800309883e+01,1.109546255740e-02
3.390542875634e-03,3.504718302443e+01,7.123072013545e+00,1.012317594332e+04,2.902054356284e+03,1.575962615210e+01,1.108910411283e-02
3.392026632509e-03,3.504272274792e+01,7.124732895314e+00,1.013238939543e+04,2.901755362043e+03,1.576124998047e+01,1.108274581885e-02
3.393509290843e-03,3.503826128235e+01,7.126392062463e+00,1.014161178367e+04,2.901456286802e+03,1.576287458357e+01,1.107638772910e-02
3.394990850966e-03,3.503379862977e+01,7.128049517317e+00,1.015084311320e+04,2.901157130700e+03,1.576449996104e+01,1.107002985712e-02
3.396471313214e-03,3.502933479225e+01,7.129705253943e+00,1.016008341482e+04,2.900857893871e+03,1.576612611250e+01,1.106367217563e-02
3.397950677924e-03,3.502486977181e+01,7.131359271147e+00,1.016933270063e+04,2.900558576452e+03,1.576775303759e+01,1.105731468525e-02
3.399428945430e-03,3.502040357051e+01,7.133011573368e+00,1.017859095444e+04,2.900259178578e+03,1.576938073596e+01,1.105095742603e-02
3.400906116069e-03,3.501593619040e+01,7.134662156794e+00,1.018785818601e+04,2.899959700387e+03,1.577100920723e+01,1.104460039695e-02
3.402382190180e-03,3.501146763350e+01,7.136311016062e+00,1.019713444996e+04,2.899660142013e+03,1.577263845105e+01,1.103824354606e-02
3.403857168101e-03,3.500699790187e+01,7.137958156452e+00,1.020641970424e+04,2.899360503592e+03,1.577426846704e+01,1.103188694265e-02
3.405331050172e-03,3.500252699754e+01,7.139603577508e+00,1.021571395930e+04,2.899060785259e+03,1.577589925485e+01,1.102553059014e-02
3.406803836731e-03,3.499805492255e+01,7.141247272225e+00,1.022501726960e+04,2.898760987150e+03,1.577753081412e+01,1.101917443443e-02
3.408275528122e-03,3.499358167892e+01,7.142889243405e+00,1.023432960694e+04,2.898461109399e+03,1.577916314448e+01,1.101281852581e-02
3.409746124685e-03,3.498910726869e+01,7.144529493491e+00,1.024365097505e+04,2.898161152142e+03,1.578079624557e+01,1.100646287949e-02
3.411215626762e-03,3.498463169390e+01,7.146168016736e+00,1.025298140461e+04,2.897861115514e+03,1.578243011704e+01,1.100010746904e-02
3.412684034698e-03,3.498015495656e+01,7.147804811849e+00,1.026232090942e+04,2.897560999649e+03,1.578406475852e+01,1.099375229320e-02
3.414151348837e-03,3.497567705869e+01,7.149439883324e+00,1.027166947210e+04,2.897260804682e+03,1.578570016965e+01,1.098739739296e-02
3.415617569523e-03,3.497119800234e+01,7.151073227479e+00,1.028102710258e+04,2.896960530748e+03,1.578733635007e+01,1.098104276739e-02
3.417082697103e-03,3.496671778951e+01,7.152704838970e+00,1.029039385665e+04,2.896660177980e+03,1.578897329942e+01,1.097468836416e-02
3.418546731922e-03,3.496223642222e+01,7.154334723113e+00,1.029976969139e+04,2.896359746513e+03,1.579061101735e+01,1.096833425267e-02
3.420009674328e-03,3.495775390249e+01,7.155962879481e+00,1.030915461734e+04,2.896059236481e+03,1.579224950350e+01,1.096198043634e-02
3.421471524671e-03,3.495327023234e+01,7.157589301135e+00,1.031854869028e+04,2.895758648018e+03,1.579388875750e+01,1.095562686064e-02
3.422932283297e-03,3.494878541377e+01,7.159213990983e+00,1.032795188084e+04,2.895457981257e+03,1.579552877901e+01,1.094927357664e-02
3.424391950558e-03,3.494429944880e+01,7.160836951421e+00,1.033736419298e+04,2.895157236332e+03,1.579716956766e+01,1.094292059912e-02
3.425850526803e-03,3.493981233943e+01,7.162458176727e+00,1.034678565897e+04,2.894856413377e+03,1.579881112310e+01,1.093656790050e-02
3.427308012384e-03,3.493532408768e+01,7.164077665834e+00,1.035621629096e+04,2.894555512525e+03,1.580045344497e+01,1.093021548169e-02
3.428764407653e-03,3.493083469554e+01,7.165695423132e+00,1.036565607204e+04,2.894254533909e+03,1.580209653292e+01,1.092386338259e-02
3.430219712962e-03,3.492634416502e+01,7.167311444904e+00,1.037510501398e+04,2.893953477663e+03,1.580374038659e+01,1.091751160036e-02
3.431673928666e-03,3.492185249812e+01,7.168925726147e+00,1.038456317039e+04,2.893652343919e+03,1.580538500563e+01,1.091116008630e-02
3.433127055119e-03,3.491735969682e+01,7.170538272209e+00,1.039403049978e+04,2.893351132809e+03,1.580703038968e+01,1.090480890753e-02
3.434579092677e-03,3.491286576314e+01,7.172149082378e+00,1.040350701159e+04,2.893049844467e+03,1.580867653839e+01,1.089845806823e-02
3.436030041693e-03,3.490837069907e+01,7.173758149771e+00,1.041299276513e+04,2.892748479026e+03,1.581032345140e+01,1.089210751108e-02
3.437479902527e-03,3.490387450658e+01,7.175365477728e+00,1.042248772660e+04,2.892447036617e+03,1.581197112836e+01,1.088575729187e-02
3.438928675534e-03,3.489937718768e+01,7.176971068434e+00,1.043199190180e+04,2.892145517372e+03,1.581361956892e+01,1.087940742302e-02
3.440376361074e-03,3.489487874436e+01,7.178574916034e+00,1.044150532630e+04,2.891843921425e+03,1.581526877273e+01,1.087305787378e-02
3.441822959505e-03,3.489037917859e+01,7.180177020003e+00,1.045102800723e+04,2.891542248906e+03,1.581691873944e+01,1.086670865121e-02
3.443268471187e-03,3.488587849236e+01,7.181777384462e+00,1.046055992982e+04,2.891240499948e+03,1.581856946869e+01,1.086035979211e-02
3.444712896480e-03,3.488137668765e+01,7.183376005506e+00,1.047010110940e+04,2.890938674682e+03,1.582022096013e+01,1.085401128980e-02
3.446156235747e-03,3.487687376644e+01,7.184972878785e+00,1.047965159402e+04,2.890636773240e+03,1.582187321342e+01,1.084766310312e-02
3.447598489348e-03,3.487236973071e+01,7.186568009675e+00,1.048921134587e+04,2.890334795753e+03,1.582352622820e+01,1.084131529456e-02
3.449039657646e-03,3.486786458243e+01,7.188161396865e+00,1.049878037211e+04,2.890032742353e+03,1.582518000412e+01,1.083496786982e-02
3.450479741007e-03,3.486335832357e+01,7.189753033539e+00,1.050835873794e+04,2.889730613171e+03,1.582683454084e+01,1.082862076648e-02
3.451918739792e-03,3.485885095610e+01,7.191342923764e+00,1.051794640163e+04,2.889428408336e+03,1.582848983801e+01,1.082227404893e-02
3.453356654367e-03,3.485434248200e+01,7.192931069367e+00,1.052754337259e+04,2.889126127981e+03,1.583014589527e+01,1.081592772528e-02
3.454793485100e-03,3.484983290322e+01,7.194517464206e+00,1.053714969141e+04,2.888823772237e+03,1.583180271228e+01,1.080958175968e-02
3.456229232354e-03,3.484532222174e+01,7.196102108594e+00,1.054676535671e+04,2.888521341233e+03,1.583346028869e+01,1.080323616921e-02
3.457663896499e-03,3.484081043951e+01,7.197685006241e+00,1.055639035764e+04,2.888218835100e+03,1.583511862416e+01,1.079689098562e-02
3.459097477902e-03,3.483629755849e+01,7.199266152898e+00,1.056602471480e+04,2.887916253968e+03,1.583677771834e+01,1.079054619652e-02
3.460529976931e-03,3.483178358065e+01,7.200845545164e+00,1.057566846721e+04,2.887613597968e+03,1.583843757088e+01,1.078420177205e-02
3.461961393956e-03,3.482726850793e+01,7.202423188447e+00,1.058532158308e+04,2.887310867230e+03,1.584009818144e+01,1.077785776783e-02
3.463391729348e-03,3.482275234229e+01,7.203999080538e+00,1.059498406609e+04,2.887008061883e+03,1.584175954967e+01,1.077151419181e-02
3.464820983478e-03,3.481823508569e+01,7.205573214681e+00,1.060465598969e+04,2.886705182057e+03,1.584342167522e+01,1.076517097423e-02
3.466249156716e-03,3.481371674006e+01,7.207145595972e+00,1.061433730070e+04,2.886402227881e+03,1.584508455777e+01,1.075882819183e-02
3.467676249435e-03,3.480919730736e+01,7.208716225729e+00,1.062402801391e+04,2.886099199486e+03,1.584674819695e+01,1.075248584650e-02
3.469102262009e-03,3.480467678954e+01,7.210285097373e+00,1.063372817666e+04,2.885796097001e+03,1.584841259242e+01,1.074614389551e-02
3.470527194813e-03,3.480015518853e+01,7.211852212356e+00,1.064343777562e+04,2.885492920553e+03,1.585007774385e+01,1.073980236958e-02
3.471951048218e-03,3.479563250628e+01,7.213417573820e+00,1.065315680552e+04,2.885189670273e+03,1.585174365089e+01,1.073346129363e-02
3.473373822602e-03,3.479110874473e+01,7.214981177029e+00,1.066288529405e+04,2.884886346290e+03,1.585341031320e+01,1.072712064766e-02
3.474795518341e-03,3.478658390581e+01,7.216543019824e+00,1.067262326768e+04,2.884582948732e+03,1.585507773044e+01,1.072078041683e-02
3.476216135810e-03,3.478205799145e+01,7.218103107157e+00,1.068237070115e+04,2.884279477728e+03,1.585674590226e+01,1.071444064885e-02
3.477635675388e-03,3.477753100360e+01,7.219661436113e+00,1.069212760245e+04,2.883975933407e+03,1.585841482832e+01,1.070810134624e-02
3.479054137453e-03,3.477300294418e+01,7.221218000963e+00,1.070189403786e+04,2.883672315896e+03,1.586008450829e+01,1.070176244905e-02
3.480471522384e-03,3.476847381510e+01,7.222772807151e+00,1.071166995707e+04,2.883368625323e+03,1.586175494183e+01,1.069542403068e-02
3.481887830560e-03,3.476394361832e+01,7.224325854865e+00,1.072145537293e+04,2.883064861818e+03,1.586342612859e+01,1.068908609338e-02
3.483303062360e-03,3.475941235575e+01,7.225877137426e+00,1.073125034319e+04,2.882761025508e+03,1.586509806824e+01,1.068274858456e-02
3.484717218169e-03,3.475488002929e+01,7.227426657703e+00,1.074105483898e+04,2.882457116519e+03,1.586677076044e+01,1.067641155220e-02
3.486130298365e-03,3.475034664090e+01,7.228974418134e+00,1.075086886246e+04,2.882153134982e+03,1.586844420485e+01,1.067007501254e-02
3.487542303332e-03,3.474581219246e+01,7.230520413352e+00,1.076069245015e+04,2.881849081021e+03,1.587011840112e+01,1.066373893625e-02
3.488953233453e-03,3.474127668591e+01,7.232064642718e+00,1.077052561238e+04,2.881544954766e+03,1.587179334894e+01,1.065740332705e-02
3.490363089112e-03,3.473674012315e+01,7.233607110429e+00,1.078036833162e+04,2.881240756343e+03,1.587346904795e+01,1.065106822331e-02
3.491771870693e-03,3.473220250610e+01,7.235147812885e+00,1.079022062498e+04,2.880936485879e+03,1.587514549783e+01,1.064473361758e-02
3.493179578582e-03,3.472766383667e+01,7.236686745982e+00,1.080008254205e+04,2.880632143501e+03,1.587682269823e+01,1.063839946975e-02
3.494586213164e-03,3.472312411675e+01,7.238223915190e+00,1.080995404372e+04,2.880327729336e+03,1.587850064882e+01,1.063206584124e-02
3.495991774827e-03,3.471858334827e+01,7.239759319124e+00,1.081983513664e+04,2.880023243511e+03,1.588017934927e+01,1.062573273819e-02
3.497396263957e-03,3.471404153311e+01,7.241292951171e+00,1.082972589208e+04,2.879718686152e+03,1.588185879924e+01,1.061940009567e-02
3.498799680943e-03,3.470949867318e+01,7.242824815888e+00,1.083962626194e+04,2.879414057385e+03,1.588353899840e+01,1.061306798240e-02
3.500202026172e-03,3.470495477039e+01,7.244354914874e+00,1.084953625764e+04,2.879109357337e+03,1.588521994641e+01,1.060673640420e-02
3.501603300035e-03,3.470040982662e+01,7.245883241990e+00,1.085945592638e+04,2.878804586134e+03,1.588690164295e+01,1.060040532069e-02
3.503003502922e-03,3.469586384376e+01,7.247409798392e+00,1.086938525870e+04,2.878499743901e+03,1.588858408767e+01,1.059407475758e-02
3.504402635224e-03,3.469131682371e+01,7.248934587384e+00,1.087932424661e+04,2.878194830764e+03,1.589026728025e+01,1.058774474218e-02
3.505800697331e-03,3.468676876837e+01,7.250457604543e+00,1.088927291818e+04,2.877889846851e+03,1.589195122035e+01,1.058141525540e-02
3.507197689637e-03,3.468221967962e+01,7.251978847661e+00,1.089923130264e+04,2.877584792284e+03,1.589363590765e+01,1.057508628033e-02
3.508593612533e-03,3.467766955934e+01,7.253498321726e+00,1.090919937253e+04,2.877279667190e+03,1.589532134181e+01,1.056875786562e-02
3.509988466413e-03,3.467311840942e+01,7.255016024020e+00,1.091917713688e+04,2.876974471695e+03,1.589700752250e+01,1.056243001317e-02
3.511382251672e-03,3.466856623174e+01,7.256531948999e+00,1.092916466351e+04,2.876669205924e+03,1.589869444939e+01,1.055610266396e-02
3.512774968706e-03,3.466401302816e+01,7.258046102170e+00,1.093916190092e+04,2.876363869999e+03,1.590038212216e+01,1.054977589052e-02
3.514166617907e-03,3.465945880060e+01,7.259558483651e+00,1.094916886168e+04,2.876058464049e+03,1.590207054047e+01,1.054344969540e-02
3.515557199673e-03,3.465490355090e+01,7.261069086905e+00,1.095918560758e+04,2.875752988196e+03,1.590375970399e+01,1.053712402428e-02
3.516946714401e-03,3.465034728095e+01,7.262577915144e+00,1.096921210570e+04,2.875447442566e+03,1.590544961240e+01,1.053079892816e-02
3.518335162489e-03,3.464578999260e+01,7.264084970646e+00,1.097924835940e+04,2.875141827282e+03,1.590714026537e+01,1.052447442167e-02
3.519722544335e-03,3.464123168775e+01,7.265590248039e+00,1.098929440960e+04,2.874836142469e+03,1.590883166258e+01,1.051815047237e-02
3.521108860337e-03,3.463667236824e+01,7.267093747264e+00,1.099935026143e+04,2.874530388251e+03,1.591052380368e+01,1.051182708990e-02
3.522494110893e-03,3.463211203595e+01,7.268595472237e+00,1.100941589913e+04,2.874224564752e+03,1.591221668837e+01,1.050550430959e-02
3.523878296407e-03,3.462755069273e+01,7.270095419241e+00,1.101949134485e+04,2.873918672096e+03,1.591391031631e+01,1.049918211941e-02
3.525261417278e-03,3.462298834045e+01,7.271593584979e+00,1.102957664174e+04,2.873612710406e+03,1.591560468718e+01,1.049286048808e-02
3.526643473907e-03,3.461842498096e+01,7.273089974978e+00,1.103967175488e+04,2.873306679806e+03,1.591729980065e+01,1.048653947140e-02
3.528024466697e-03,3.461386061612e+01,7.274584587166e+00,1.104977668787e+04,2.873000580420e+03,1.591899565640e+01,1.048021907740e-02
3.529404396049e-03,3.460929524779e+01,7.276077415067e+00,1.105989152141e+04,2.872694412371e+03,1.592069225410e+01,1.047389923473e-02
3.530783262369e-03,3.460472887781e+01,7.277568464199e+00,1.107001619536e+04,2.872388175781e+03,1.592238959343e+01,1.046758002291e-02
3.532161066059e-03,3.460016150804e+01,7.279057735688e+00,1.108015072632e+04,2.872081870774e+03,1.592408767408e+01,1.046126144227e-02
3.533537807526e-03,3.459559314032e+01,7.280545223087e+00,1.109029516995e+04,2.871775497473e+03,1.592578649570e+01,1.045494344545e-02
3.534913487172e-03,3.459102377650e+01,7.282030928735e+00,1.110044950353e+04,2.871469056000e+03,1.592748605799e+01,1.044862607180e-02
3.536288105406e-03,3.458645341841e+01,7.283514855351e+00,1.111061372483e+04,2.871162546478e+03,1.592918636062e+01,1.044230934174e-02
3.537661662634e-03,3.458188206791e+01,7.284996998093e+00,1.112078787108e+04,2.870855969029e+03,1.593088740327e+01,1.043599322775e-02
3.539034159262e-03,3.457730972683e+01,7.286477356158e+00,1.113097195693e+04,2.870549323776e+03,1.593258918562e+01,1.042967772942e-02
3.540405595699e-03,3.457273639701e+01,7.287955933840e+00,1.114116596138e+04,2.870242610840e+03,1.593429170735e+01,1.042336288704e-02
3.541775972354e-03,3.456816208028e+01,7.289432727882e+00,1.115136990315e+04,2.869935830345e+03,1.593599496814e+01,1.041704869276e-02
3.543145289636e-03,3.456358677847e+01,7.290907734376e+00,1.116158383433e+04,2.869628982411e+03,1.593769896767e+01,1.041073510679e-02
3.544513547954e-03,3.455901049341e+01,7.292380958877e+00,1.117180771386e+04,2.869322067159e+03,1.593940370562e+01,1.040442218984e-02
3.545880747718e-03,3.455443322695e+01,7.293852399993e+00,1.118204154803e+04,2.869015084714e+03,1.594110918167e+01,1.039810994834e-02
3.547246889342e-03,3.454985498088e+01,7.295322051330e+00,1.119228541444e+04,2.868708035194e+03,1.594281539550e+01,1.039179831539e-02
3.548611973234e-03,3.454527575705e+01,7.296789917864e+00,1.120253925862e+04,2.868400918721e+03,1.594452234680e+01,1.038548736313e-02
3.549975999810e-03,3.454069555728e+01,7.298256000998e+00,1.121280309386e+04,2.868093735417e+03,1.594623003526e+01,1.037917709549e-02
3.551338969480e-03,3.453611438337e+01,7.299720294642e+00,1.122307697435e+04,2.867786485404e+03,1.594793846054e+01,1.037286746800e-02
3.552700882659e-03,3.453153223716e+01,7.301182800725e+00,1.123336088241e+04,2.867479168800e+03,1.594964762234e+01,1.036655851413e-02
3.554061739763e-03,3.452694912045e+01,7.302643522179e+00,1.124365481284e+04,2.867171785727e+03,1.595135752034e+01,1.036025025714e-02
3.555421541202e-03,3.452236503508e+01,7.304102454452e+00,1.125395880164e+04,2.866864336307e+03,1.595306815423e+01,1.035394267165e-02
3.556780287396e-03,3.451777998282e+01,7.305559596461e+00,1.126427286796e+04,2.866556820659e+03,1.595477952369e+01,1.034763575288e-02
3.558137978760e-03,3.451319396550e+01,7.307014952643e+00,1.127459698804e+04,2.866249238903e+03,1.595649162841e+01,1.034132954323e-02
3.559494615709e-03,3.450860698494e+01,7.308468519979e+00,1.128493117984e+04,2.865941591160e+03,1.595820446807e+01,1.033502403618e-02
3.560850198662e-03,3.450401904292e+01,7.309920294393e+00,1.129527549916e+04,2.865633877550e+03,1.595991804235e+01,1.032871918913e-02
3.562204728036e-03,3.449943014126e+01,7.311370281470e+00,1.130562990230e+04,2.865326098192e+03,1.596163235096e+01,1.032241506427e-02
3.563558204252e-03,3.449484028175e+01,7.312818480052e+00,1.131599439646e+04,2.865018253207e+03,1.596334739357e+01,1.031611166755e-02
3.564910627726e-03,3.449024946620e+01,7.314264883816e+00,1.132636905961e+04,2.864710342714e+03,1.596506316987e+01,1.030980893318e-02
3.566261998878e-03,3.448565769639e+01,7.315709497649e+00,1.133675383781e+04,2.864402366832e+03,1.596677967955e+01,1.030350693150e-02
3.567612318131e-03,3.448106497413e+01,7.317152323005e+00,1.134714874360e+04,2.864094325681e+03,1.596849692231e+01,1.029720566727e-02
3.568961585903e-03,3.447647130120e+01,7.318593353929e+00,1.135755383230e+04,2.863786219379e+03,1.597021489782e+01,1.029090509609e-02
3.570309802618e-03,3.447187667939e+01,7.320032592380e+00,1.136796908610e+04,2.863478048046e+03,1.597193360578e+01,1.028460525113e-02
3.571656968697e-03,3.446728111050e+01,7.321470041276e+00,1.137839449936e+04,2.863169811801e+03,1.597365304588e+01,1.027830615574e-02
3.573003084562e-03,3.446268459631e+01,7.322905696146e+00,1.138883010960e+04,2.862861510763e+03,1.597537321781e+01,1.027200778385e-02
3.574348150638e-03,3.445808713860e+01,7.324339556050e+00,1.139927593510e+04,2.862553145050e+03,1.597709412127e+01,1.026571013189e-02
3.575692167348e-03,3.445348873914e+01,7.325771625359e+00,1.140973195206e+04,2.862244714780e+03,1.597881575594e+01,1.025941324156e-02
3.577035135116e-03,3.444888939973e+01,7.327201901065e+00,1.142019818023e+04,2.861936220072e+03,1.598053812151e+01,1.025311710498e-02
3.578377054369e-03,3.444428912214e+01,7.328630379364e+00,1.143067467393e+04,2.861627661044e+03,1.598226121768e+01,1.024682168218e-02
3.579717925530e-03,3.443968790814e+01,7.330057065863e+00,1.144116139037e+04,2.861319037814e+03,1.598398504414e+01,1.024052703356e-02
3.581057749028e-03,3.443508575951e+01,7.331481959203e+00,1.145165833576e+04,2.861010350501e+03,1.598570960059e+01,1.023423316567e-02
3.582396525289e-03,3.443048267801e+01,7.332905053141e+00,1.146216559208e+04,2.860701599221e+03,1.598743488672e+01,1.022794001062e-02
3.583734254740e-03,3.442587866542e+01,7.334326352897e+00,1.147268310059e+04,2.860392784092e+03,1.598916090222e+01,1.022164764229e-02
3.585070937809e-03,3.442127372350e+01,7.335745859758e+00,1.148321087571e+04,2.860083905232e+03,1.599088764679e+01,1.021535606360e-02
3.586406574926e-03,3.441666785401e+01,7.337163567695e+00,1.149374897662e+04,2.859774962758e+03,1.599261512013e+01,1.020906522757e-02
3.587741166519e-03,3.441206105872e+01,7.338579479116e+00,1.150429738000e+04,2.859465956787e+03,1.599434332193e+01,1.020277517237e-02
3.589074713018e-03,3.440745333939e+01,7.339993596716e+00,1.151485608245e+04,2.859156887437e+03,1.599607225188e+01,1.019648591878e-02
3.590407214853e-03,3.440284469777e+01,7.341405915890e+00,1.152542512569e+04,2.858847754824e+03,1.599780190969e+01,1.019019743742e-02
3.591738672456e-03,3.439823513563e+01,7.342816436260e+00,1.153600452180e+04,2.858538559065e+03,1.599953229505e+01,1.018390973119e-02
3.593069086258e-03,3.439362465470e+01,7.344225161921e+00,1.154659424958e+04,2.858229300276e+03,1.600126340767e+01,1.017762283847e-02
3.594398456691e-03,3.438901325675e+01,7.345632089668e+00,1.155719433330e+04,2.857919978575e+03,1.600299524722e+01,1.017133674737e-02
3.595726784188e-03,3.438440094353e+01,7.347037216379e+00,1.156780482041e+04,2.857610594077e+03,1.600472781343e+01,1.016505142582e-02
3.597054069181e-03,3.437978771677e+01,7.348440547520e+00,1.157842567192e+04,2.857301146899e+03,1.600646110598e+01,1.015876692967e-02
3.598380312107e-03,3.437517357824e+01,7.349842081284e+00,1.158905689468e+04,2.856991637157e+03,1.600819512458e+01,1.015248326428e-02
3.599705513396e-03,3.437055852966e+01,7.351241811823e+00,1.159969857147e+04,2.856682064966e+03,1.600992986893e+01,1.014620036302e-02
3.601029673487e-03,3.436594257278e+01,7.352639744775e+00,1.161035064018e+04,2.856372430442e+03,1.601166533872e+01,1.013991830205e-02
3.602352792813e-03,3.436132570934e+01,7.354035880900e+00,1.162101311636e+04,2.856062733702e+03,1.601340153366e+01,1.013363708264e-02
3.603674871810e-03,3.435670794108e+01,7.355430214052e+00,1.163168606649e+04,2.855752974861e+03,1.601513845345e+01,1.012735665229e-02
3.604995910917e-03,3.435208926972e+01,7.356822747484e+00,1.164236945628e+04,2.855443154032e+03,1.601687609780e+01,1.012107705931e-02
3.606315910568e-03,3.434746969701e+01,7.358213483471e+00,1.165306328731e+04,2.855133271333e+03,1.601861446640e+01,1.011479831930e-02
3.607634871203e-03,3.434284922467e+01,7.359602417069e+00,1.166376760823e+04,2.854823326879e+03,1.602035355895e+01,1.010852039710e-02
3.608952793260e-03,3.433822785442e+01,7.360989548866e+00,1.167448241946e+04,2.854513320783e+03,1.602209337518e+01,1.010224330708e-02
3.610269677177e-03,3.433360558800e+01,7.362374882470e+00,1.168520770512e+04,2.854203253161e+03,1.602383391476e+01,1.009596708181e-02
3.611585523394e-03,3.432898242713e+01,7.363758414291e+00,1.169594349676e+04,2.853893124128e+03,1.602557517742e+01,1.008969170287e-02
3.612900332350e-03,3.432435837354e+01,7.365140142272e+00,1.170668982948e+04,2.853582933798e+03,1.602731716285e+01,1.008341715109e-02
3.614214104487e-03,3.431973342892e+01,7.366520071350e+00,1.171744666996e+04,2.853272682284e+03,1.602905987077e+01,1.007714347577e-02
3.615526840245e-03,3.431510759502e+01,7.367898199266e+00,1.172821403268e+04,2.852962369703e+03,1.603080330087e+01,1.007087067512e-02
3.616838540067e-03,3.431048087354e+01,7.369274521355e+00,1.173899198737e+04,2.852651996168e+03,1.603254745286e+01,1.006459869671e-02
3.618149204392e-03,3.430585326619e+01,7.370649043272e+00,1.174978048058e+04,2.852341561791e+03,1.603429232646e+01,1.005832760798e-02
3.619458833666e-03,3.430122477469e+01,7.372021764668e+00,1.176057952289e+04,2.852031066689e+03,1.603603792136e+01,1.005205741309e-02
3.620767428331e-03,3.429659540074e+01,7.373392679471e+00,1.177138919266e+04,2.851720510973e+03,1.603778423728e+01,1.004578805056e-02
3.622074988829e-03,3.429196514605e+01,7.374761792166e+00,1.178220943909e+04,2.851409894758e+03,1.603953127393e+01,1.003951958372e-02
3.623381515607e-03,3.428733401233e+01,7.376129104415e+00,1.179304027152e+04,2.851099218157e+03,1.604127903101e+01,1.003325202055e-02
3.624687009108e-03,3.428270200127e+01,7.377494610745e+00,1.180388174832e+04,2.850788481283e+03,1.604302750823e+01,1.002698531768e-02
3.625991469778e-03,3.427806911459e+01,7.378858313079e+00,1.181473385266e+04,2.850477684249e+03,1.604477670531e+01,1.002071950582e-02
3.627294898064e-03,3.427343535396e+01,7.380220214362e+00,1.182559657680e+04,2.850166827168e+03,1.604652662195e+01,1.001445460925e-02
3.628597294410e-03,3.426880072111e+01,7.381580310415e+00,1.183646996235e+04,2.849855910154e+03,1.604827725786e+01,1.000819060070e-02
3.629898659264e-03,3.426416521770e+01,7.382938600633e+00,1.184735402647e+04,2.849544933318e+03,1.605002861275e+01,1.000192747862e-02
3.631198993074e-03,3.425952884544e+01,7.384295089226e+00,1.185824874430e+04,2.849233896773e+03,1.605178068635e+01,9.995665283417e-03
3.632498296287e-03,3.425489160602e+01,7.385649773300e+00,1.186915414079e+04,2.848922800632e+03,1.605353347835e+01,9.989404003743e-03
3.633796569353e-03,3.425025350112e+01,7.387002649743e+00,1.188007026697e+04,2.848611645007e+03,1.605528698848e+01,9.983143606149e-03
3.635093812719e-03,3.424561453243e+01,7.388353724018e+00,1.189099708091e+04,2.848300430010e+03,1.605704121644e+01,9.976884146968e-03
3.636390026836e-03,3.424097470164e+01,7.389702994501e+00,1.190193459091e+04,2.847989155753e+03,1.605879616195e+01,9.970625630619e-03
3.637685212153e-03,3.423633401042e+01,7.391050455604e+00,1.191288288184e+04,2.847677822347e+03,1.606055182473e+01,9.964367992097e-03
3.638979369122e-03,3.423169246045e+01,7.392396113001e+00,1.192384188992e+04,2.847366429905e+03,1.606230820448e+01,9.958111306141e-03
3.640272498193e-03,3.422705005341e+01,7.393739967350e+00,1.193481163040e+04,2.847054978538e+03,1.606406530093e+01,9.951855574414e-03
3.641564599817e-03,3.422240679098e+01,7.395082012671e+00,1.194579217521e+04,2.846743468357e+03,1.606582311378e+01,9.945600742499e-03
3.642855674448e-03,3.421776267481e+01,7.396422252588e+00,1.195678348458e+04,2.846431899473e+03,1.606758164276e+01,9.939346862058e-03
3.644145722537e-03,3.421311770660e+01,7.397760689193e+00,1.196778556171e+04,2.846120271999e+03,1.606934088758e+01,9.933093946779e-03
3.645434744536e-03,3.420847188801e+01,7.399097317546e+00,1.197879846122e+04,2.845808586044e+03,1.607110084796e+01,9.926841958246e-03
3.646722740902e-03,3.420382522069e+01,7.400432138842e+00,1.198982217653e+04,2.845496841720e+03,1.607286152362e+01,9.920590917133e-03
3.648009712087e-03,3.419917770631e+01,7.401765156389e+00,1.200085669414e+04,2.845185039136e+03,1.607462291427e+01,9.914340852604e-03
3.649295658546e-03,3.419452934655e+01,7.403096366478e+00,1.201190205234e+04,2.844873178405e+03,1.607638501964e+01,9.908091741543e-03
3.650580580734e-03,3.418988014305e+01,7.404425767901e+00,1.202295827771e+04,2.844561259636e+03,1.607814783943e+01,9.901843573988e-03
3.651864479106e-03,3.418523009748e+01,7.405753365168e+00,1.203402534004e+04,2.844249282939e+03,1.607991137338e+01,9.895596394401e-03
3.653147354120e-03,3.418057921149e+01,7.407079155791e+00,1.204510326135e+04,2.843937248425e+03,1.608167562120e+01,9.889350194797e-03
3.654429206232e-03,3.417592748673e+01,7.408403136181e+00,1.205619210132e+04,2.843625156204e+03,1.608344058262e+01,9.883104934913e-03
3.655710035896e-03,3.417127492485e+01,7.409725312026e+00,1.206729181300e+04,2.843313006385e+03,1.608520625734e+01,9.876860674388e-03
3.656989843575e-03,3.416662152751e+01,7.411045682054e+00,1.207840240247e+04,2.843000799078e+03,1.608697264510e+01,9.870617419932e-03
3.658268629723e-03,3.416196729636e+01,7.412364240359e+00,1.208952396180e+04,2.842688534393e+03,1.608873974562e+01,9.864375101919e-03
3.659546394799e-03,3.415731223302e+01,7.413680992604e+00,1.210065642244e+04,2.842376212439e+03,1.609050755862e+01,9.858133797388e-03
3.660823139265e-03,3.415265633915e+01,7.414995939865e+00,1.211179980148e+04,2.842063833326e+03,1.609227608382e+01,9.851893507195e-03
3.662098863576e-03,3.414799961640e+01,7.416309076261e+00,1.212295416942e+04,2.841751397162e+03,1.609404532094e+01,9.845654179613e-03
3.663373568197e-03,3.414334206639e+01,7.417620405128e+00,1.213411949017e+04,2.841438904056e+03,1.609581526972e+01,9.839415861901e-03
3.664647253584e-03,3.413868369076e+01,7.418929928702e+00,1.214529576444e+04,2.841126354118e+03,1.609758592986e+01,9.833178569808e-03
3.665919920201e-03,3.413402449116e+01,7.420237642291e+00,1.215648304685e+04,2.840813747457e+03,1.609935730111e+01,9.826942266273e-03
3.667191568510e-03,3.412936446920e+01,7.421543546922e+00,1.216768133367e+04,2.840501084180e+03,1.610112938318e+01,9.820706969144e-03
3.668462198969e-03,3.412470362653e+01,7.422847645986e+00,1.217889060931e+04,2.840188364396e+03,1.610290217580e+01,9.814472708856e-03
3.669731812046e-03,3.412004196476e+01,7.424149935959e+00,1.219011091247e+04,2.839875588214e+03,1.610467567870e+01,9.808239462883e-03
3.671000408198e-03,3.411537948553e+01,7.425450415586e+00,1.220134227175e+04,2.839562755742e+03,1.610644989160e+01,9.802007219983e-03
3.672267987893e-03,3.411071619046e+01,7.426749089404e+00,1.221258465531e+04,2.839249867086e+03,1.610822481423e+01,9.795776025100e-03
3.673534551593e-03,3.410605208117e+01,7.428045955039e+00,1.222383808593e+04,2.838936922357e+03,1.611000044632e+01,9.789545870105e-03
3.674800099763e-03,3.410138715928e+01,7.429341008987e+00,1.223510262453e+04,2.838623921662e+03,1.611177678760e+01,9.783316714954e-03
3.676064632867e-03,3.409672142639e+01,7.430634256911e+00,1.224637822299e+04,2.838310865106e+03,1.611355383780e+01,9.777088618976e-03
3.677328151371e-03,3.409205488415e+01,7.431925697577e+00,1.225766488822e+04,2.837997752800e+03,1.611533159663e+01,9.770861588254e-03
3.678590655740e-03,3.408738753416e+01,7.433215325257e+00,1.226896271341e+04,2.837684584850e+03,1.611711006384e+01,9.764635554275e-03
3.679852146441e-03,3.408271937801e+01,7.434503145659e+00,1.228027162890e+04,2.837371361361e+03,1.611888923916e+01,9.758410593382e-03
3.681112623941e-03,3.407805041733e+01,7.435789159748e+00,1.229159165166e+04,2.837058082444e+03,1.612066912232e+01,9.752186706546e-03
3.682372088706e-03,3.407338065373e+01,7.437073361724e+00,1.230292285580e+04,2.836744748203e+03,1.612244971304e+01,9.745963840622e-03
3.683630541203e-03,3.406871008880e+01,7.438355755168e+00,1.231426520127e+04,2.836431358745e+03,1.612423101106e+01,9.739742045378e-03
3.684887981903e-03,3.406403872414e+01,7.439636342195e+00,1.232561869016e+04,2.836117914178e+03,1.612601301611e+01,9.733521335135e-03
3.686144411271e-03,3.405936656138e+01,7.440915118082e+00,1.233698338082e+04,2.835804414607e+03,1.612779572793e+01,9.727301670835e-03
3.687399829778e-03,3.405469360208e+01,7.442192084225e+00,1.234835926478e+04,2.835490860140e+03,1.612957914624e+01,9.721083074282e-03
3.688654237894e-03,3.405001984786e+01,7.443467243833e+00,1.235974632823e+04,2.835177250881e+03,1.613136327079e+01,9.714865573761e-03
3.689907636088e-03,3.404534530031e+01,7.444740593292e+00,1.237114461402e+04,2.834863586939e+03,1.613314810130e+01,9.708649144008e-03
3.691160024829e-03,3.404066996102e+01,7.446012131836e+00,1.238255414521e+04,2.834549868417e+03,1.613493363751e+01,9.702433779198e-03
3.692411404590e-03,3.403599383157e+01,7.447281863755e+00,1.239397489208e+04,2.834236095422e+03,1.613671987915e+01,9.696219521412e-03
3.693661775842e-03,3.403131691357e+01,7.448549786531e+00,1.240540688206e+04,2.833922268061e+03,1.613850682597e+01,9.690006359028e-03
3.694911139055e-03,3.402663920860e+01,7.449815897263e+00,1.241685016965e+04,2.833608386437e+03,1.614029447769e+01,9.683794258897e-03
3.696159494702e-03,3.402196071822e+01,7.451080201309e+00,1.242830470928e+04,2.833294450656e+03,1.614208283406e+01,9.677583276740e-03
3.697406843256e-03,3.401728144404e+01,7.452342697233e+00,1.243977051292e+04,2.832980460825e+03,1.614387189481e+01,9.671373414434e-03
3.698653185190e-03,3.401260138762e+01,7.453603380025e+00,1.245124766653e+04,2.832666417048e+03,1.614566165968e+01,9.665164611803e-03
3.699898520976e-03,3.400792055055e+01,7.454862255403e+00,1.246273610514e+04,2.832352319429e+03,1.614745212840e+01,9.658956939903e-03
3.701142851091e-03,3.400323893440e+01,7.456119323698e+00,1.247423584265e+04,2.832038168073e+03,1.614924330072e+01,9.652750401421e-03
3.702386176005e-03,3.399855654075e+01,7.457374579199e+00,1.248574696204e+04,2.831723963087e+03,1.615103517638e+01,9.646544937855e-03
3.703628496197e-03,3.399387337115e+01,7.458628026244e+00,1.249726941161e+04,2.831409704572e+03,1.615282775511e+01,9.640340607960e-03
3.704869812139e-03,3.398918942719e+01,7.459879666566e+00,1.250880319857e+04,2.831095392635e+03,1.615462103665e+01,9.634137421408e-03
3.706110124308e-03,3.398450471043e+01,7.461129495162e+00,1.252034838903e+04,2.830781027380e+03,1.615641502075e+01,9.627935333889e-03
3.707349433181e-03,3.397981922243e+01,7.462377514297e+00,1.253190496200e+04,2.830466608909e+03,1.615820970715e+01,9.621734377618e-03
3.708587739232e-03,3.397513296477e+01,7.463623726741e+00,1.254347290921e+04,2.830152137329e+03,1.616000509558e+01,9.615534575524e-03
3.709825042940e-03,3.397044593899e+01,7.464868128544e+00,1.255505228173e+04,2.829837612742e+03,1.616180118580e+01,9.609335896380e-03
3.711061344782e-03,3.396575814665e+01,7.466110719921e+00,1.256664308919e+04,2.829523035251e+03,1.616359797754e+01,9.603138346185e-03
3.712296645235e-03,3.396106958931e+01,7.467351504668e+00,1.257824530790e+04,2.829208404961e+03,1.616539547054e+01,9.596941960947e-03
3.713530944777e-03,3.395638026854e+01,7.468590479870e+00,1.258985897387e+04,2.828893721976e+03,1.616719366456e+01,9.590746722412e-03
3.714764243889e-03,3.395169018587e+01,7.469827643723e+00,1.260148412738e+04,2.828578986397e+03,1.616899255932e+01,9.584552610624e-03
3.715996543047e-03,3.394699934285e+01,7.471063001033e+00,1.261312072929e+04,2.828264198329e+03,1.617079215459e+01,9.578359674542e-03
3.717227842732e-03,3.394230774105e+01,7.472296549914e+00,1.262476880060e+04,2.827949357874e+03,1.617259245010e+01,9.572167908717e-03
3.718458143423e-03,3.393761538199e+01,7.473528286557e+00,1.263642841213e+04,2.827634465136e+03,1.617439344560e+01,9.565977267563e-03
3.719687445601e-03,3.393292226723e+01,7.474758216692e+00,1.264809950896e+04,2.827319520215e+03,1.617619514084e+01,9.559787813038e-03
3.720915749747e-03,3.392822839831e+01,7.475986339525e+00,1.265978209914e+04,2.827004523218e+03,1.617799753556e+01,9.553599550888e-03
3.722143056342e-03,3.392353377676e+01,7.477212649440e+00,1.267147627992e+04,2.826689474243e+03,1.617980062950e+01,9.547412413502e-03
3.723369365866e-03,3.391883840413e+01,7.478437152002e+00,1.268318197994e+04,2.826374373395e+03,1.618160442243e+01,9.541226474800e-03
3.724594678803e-03,3.391414228194e+01,7.479659848327e+00,1.269489921559e+04,2.826059220775e+03,1.618340891408e+01,9.535041736687e-03
3.725818995634e-03,3.390944541173e+01,7.480880732891e+00,1.270662806469e+04,2.825744016486e+03,1.618521410420e+01,9.528858146588e-03
3.727042316842e-03,3.390474779504e+01,7.482099809297e+00,1.271836848570e+04,2.825428760629e+03,1.618701999255e+01,9.522675753223e-03
3.728264642911e-03,3.390004943339e+01,7.483317079645e+00,1.273012048001e+04,2.825113453306e+03,1.618882657887e+01,9.516494571068e-03
3.729485974323e-03,3.389535032831e+01,7.484532539404e+00,1.274188411080e+04,2.824798094619e+03,1.619063386291e+01,9.510314559984e-03
3.730706311563e-03,3.389065048131e+01,7.485746190240e+00,1.275365936632e+04,2.824482684668e+03,1.619244184443e+01,9.504135743793e-03
3.731925655115e-03,3.388594989394e+01,7.486958035219e+00,1.276544623293e+04,2.824167223556e+03,1.619425052317e+01,9.497958149401e-03
3.733144005465e-03,3.388124856770e+01,7.488168070800e+00,1.277724475923e+04,2.823851711384e+03,1.619605989888e+01,9.491781748952e-03
3.734361363096e-03,3.387654650412e+01,7.489376296728e+00,1.278905496321e+04,2.823536148253e+03,1.619786997133e+01,9.485606541663e-03
3.735577728495e-03,3.387184370470e+01,7.490582717031e+00,1.280087681624e+04,2.823220534262e+03,1.619968074025e+01,9.479432566712e-03
3.736793102147e-03,3.386714017098e+01,7.491787329136e+00,1.281271035234e+04,2.822904869515e+03,1.620149220541e+01,9.473259808409e-03
3.738007484540e-03,3.386243590445e+01,7.492990130901e+00,1.282455561920e+04,2.822589154110e+03,1.620330436656e+01,9.467088241621e-03
3.739220876158e-03,3.385773090663e+01,7.494191127294e+00,1.283641257320e+04,2.822273388149e+03,1.620511722344e+01,9.460917917693e-03
3.740433277491e-03,3.385302517902e+01,7.495390316709e+00,1.284828123384e+04,2.821957571731e+03,1.620693077583e+01,9.454748832920e-03
3.741644689025e-03,3.384831872314e+01,7.496587695128e+00,1.286016167845e+04,2.821641704958e+03,1.620874502346e+01,9.448580938138e-03
3.742855111248e-03,3.384361154048e+01,7.497783268285e+00,1.287205384751e+04,2.821325787928e+03,1.621055996611e+01,9.442414297146e-03
3.744064544648e-03,3.383890363255e+01,7.498977035693e+00,1.288395775064e+04,2.821009820744e+03,1.621237560351e+01,9.436248914952e-03
3.745272989715e-03,3.383419500084e+01,7.500168991841e+00,1.289587348557e+04,2.820693803502e+03,1.621419193544e+01,9.430084725785e-03
3.746480446936e-03,3.382948564686e+01,7.501359142112e+00,1.290780098207e+04,2.820377736304e+03,1.621600896164e+01,9.423921800620e-03
3.747686916802e-03,3.382477557211e+01,7.502547487709e+00,1.291974025517e+04,2.820061619249e+03,1.621782668188e+01,9.417760142623e-03
3.748892399803e-03,3.382006477806e+01,7.503734023304e+00,1.293169138437e+04,2.819745452437e+03,1.621964509591e+01,9.411599699879e-03
3.750096896428e-03,3.381535326622e+01,7.504918752447e+00,1.294365432833e+04,2.819429235966e+03,1.622146420349e+01,9.405440519720e-03
3.751300407168e-03,3.381064103807e+01,7.506101677256e+00,1.295562908750e+04,2.819112969936e+03,1.622328400438e+01,9.399282617112e-03
3.752502932514e-03,3.380592809511e+01,7.507282793339e+00,1.296761572725e+04,2.818796654446e+03,1.622510449835e+01,9.393125951795e-03
3.753704472958e-03,3.380121443881e+01,7.508462102429e+00,1.297961423507e+04,2.818480289594e+03,1.622692568514e+01,9.386970547754e-03
3.754905028990e-03,3.379650007066e+01,7.509639607553e+00,1.299162459687e+04,2.818163875480e+03,1.622874756453e+01,9.380816431602e-03
3.756104601104e-03,3.379178499214e+01,7.510815305240e+00,1.300364686392e+04,2.817847412201e+03,1.623057013626e+01,9.374663574605e-03
3.757303189792e-03,3.378706920473e+01,7.511989195430e+00,1.301568105247e+04,2.817530899857e+03,1.623239340012e+01,9.368511977673e-03
3.758500795545e-03,3.378235270991e+01,7.513161282045e+00,1.302772713393e+04,2.817214338545e+03,1.623421735584e+01,9.362361678927e-03
3.759697418859e-03,3.377763550914e+01,7.514331562527e+00,1.303978514548e+04,2.816897728365e+03,1.623604200321e+01,9.356212661029e-03
3.760893060223e-03,3.377291760392e+01,7.515500035042e+00,1.305185513208e+04,2.816581069413e+03,1.623786734198e+01,9.350064902089e-03
3.762087720138e-03,3.376819899569e+01,7.516666704404e+00,1.306393705072e+04,2.816264361787e+03,1.623969337191e+01,9.343918451575e-03
3.763281399092e-03,3.376347968594e+01,7.517831568945e+00,1.307603092443e+04,2.815947605586e+03,1.624152009278e+01,9.337773303445e-03
3.764474097582e-03,3.375875967613e+01,7.518994625088e+00,1.308813682691e+04,2.815630800907e+03,1.624334750433e+01,9.331629413242e-03
3.765665816102e-03,3.375403896772e+01,7.520155878518e+00,1.310025470064e+04,2.815313947846e+03,1.624517560635e+01,9.325486841697e-03
3.766856555150e-03,3.374931756218e+01,7.521315328461e+00,1.311238455467e+04,2.814997046503e+03,1.624700439860e+01,9.319345593873e-03
3.768046315218e-03,3.374459546097e+01,7.522472969606e+00,1.312452649130e+04,2.814680096975e+03,1.624883388083e+01,9.313205603054e-03
3.769235096805e-03,3.373987266553e+01,7.523628807697e+00,1.313668043404e+04,2.814363099356e+03,1.625066405283e+01,9.307066943275e-03
3.770422900406e-03,3.373514917734e+01,7.524782843644e+00,1.314884640023e+04,2.814046053745e+03,1.625249491434e+01,9.300929615828e-03
3.771609726517e-03,3.373042499785e+01,7.525935072050e+00,1.316102447650e+04,2.813728960240e+03,1.625432646516e+01,9.294793565282e-03
3.772795575638e-03,3.372570012849e+01,7.527085497039e+00,1.317321461141e+04,2.813411818935e+03,1.625615870503e+01,9.288658845671e-03
3.773980448263e-03,3.372097457074e+01,7.528234120436e+00,1.318541680966e+04,2.813094629928e+03,1.625799163374e+01,9.282525468377e-03
3.775164344892e-03,3.371624832603e+01,7.529380937664e+00,1.319763114396e+04,2.812777393316e+03,1.625982525104e+01,9.276393389049e-03
3.776347266023e-03,3.371152139581e+01,7.530525951150e+00,1.320985759071e+04,2.812460109193e+03,1.626165955672e+01,9.270262639830e-03
3.777529212152e-03,3.370679378152e+01,7.531669163565e+00,1.322209614054e+04,2.812142777658e+03,1.626349455053e+01,9.264133243022e-03
3.778710183783e-03,3.370206548461e+01,7.532810571199e+00,1.323434685260e+04,2.811825398804e+03,1.626533023226e+01,9.258005165063e-03
3.779890181410e-03,3.369733650651e+01,7.533950174796e+00,1.324660973101e+04,2.811507972729e+03,1.626716660166e+01,9.251878416490e-03
3.781069205535e-03,3.369260684867e+01,7.535087977872e+00,1.325888475245e+04,2.811190499527e+03,1.626900365852e+01,9.245753030369e-03
3.782247256657e-03,3.368787651251e+01,7.536223977564e+00,1.327117196243e+04,2.810872979295e+03,1.627084140261e+01,9.239628983833e-03
3.783424335277e-03,3.368314549947e+01,7.537358172963e+00,1.328347139284e+04,2.810555412128e+03,1.627267983369e+01,9.233506266032e-03
3.784600441895e-03,3.367841381099e+01,7.538490568411e+00,1.329578300635e+04,2.810237798121e+03,1.627451895155e+01,9.227384920694e-03
3.785775577013e-03,3.367368144848e+01,7.539621161887e+00,1.330810683492e+04,2.809920137370e+03,1.627635875595e+01,9.221264935502e-03
3.786949741130e-03,3.366894841339e+01,7.540749950846e+00,1.332044293814e+04,2.809602429968e+03,1.627819924667e+01,9.215146278488e-03
3.788122934750e-03,3.366421470713e+01,7.541876940450e+00,1.333279126469e+04,2.809284676011e+03,1.628004042349e+01,9.209029003900e-03
3.789295158372e-03,3.365948033113e+01,7.543002129504e+00,1.334515183298e+04,2.808966875595e+03,1.628188228617e+01,9.202913109869e-03
3.790466412502e-03,3.365474528680e+01,7.544125513854e+00,1.335752473027e+04,2.808649028813e+03,1.628372483450e+01,9.196798543531e-03
3.791636697638e-03,3.365000957558e+01,7.545247099234e+00,1.336990988995e+04,2.808331135760e+03,1.628556806826e+01,9.190685370194e-03
3.792806014288e-03,3.364527319886e+01,7.546366885506e+00,1.338230732350e+04,2.808013196529e+03,1.628741198721e+01,9.184573594051e-03
3.793974362950e-03,3.364053615808e+01,7.547484867372e+00,1.339471713272e+04,2.807695211217e+03,1.628925659114e+01,9.178463151123e-03
3.795141744131e-03,3.363579845463e+01,7.548601050116e+00,1.340713924550e+04,2.807377179915e+03,1.629110187983e+01,9.172354109690e-03
3.796308158334e-03,3.363106008995e+01,7.549715434972e+00,1.341957367603e+04,2.807059102719e+03,1.629294785304e+01,9.166246473761e-03
3.797473606062e-03,3.362632106542e+01,7.550828016890e+00,1.343202050976e+04,2.806740979723e+03,1.629479451057e+01,9.160140191159e-03
3.798638087822e-03,3.362158138245e+01,7.551938799562e+00,1.344447970134e+04,2.806422811018e+03,1.629664185220e+01,9.154035309668e-03
3.799801604115e-03,3.361684104247e+01,7.553047785017e+00,1.345695125143e+04,2.806104596700e+03,1.629848987769e+01,9.147931843526e-03
3.800964155451e-03,3.361210004686e+01,7.554154969013e+00,1.346943523241e+04,2.805786336862e+03,1.630033858683e+01,9.141829750666e-03
3.802125742331e-03,3.360735839702e+01,7.555260353671e+00,1.348193162565e+04,2.805468031596e+03,1.630218797940e+01,9.135729058626e-03
3.803286365263e-03,3.360261609435e+01,7.556363941809e+00,1.349444041837e+04,2.805149680996e+03,1.630403805519e+01,9.129629791719e-03
3.804446024752e-03,3.359787314026e+01,7.557465729976e+00,1.350696166981e+04,2.804831285155e+03,1.630588881398e+01,9.123531917906e-03
3.805604721305e-03,3.359312953613e+01,7.558565718749e+00,1.351949538810e+04,2.804512844165e+03,1.630774025554e+01,9.117435444691e-03
3.806762455429e-03,3.358838528336e+01,7.559663911717e+00,1.353204154696e+04,2.804194358120e+03,1.630959237967e+01,9.111340406364e-03
3.807919227630e-03,3.358364038334e+01,7.560760306217e+00,1.354460019257e+04,2.803875827112e+03,1.631144518614e+01,9.105246780779e-03
3.809075038417e-03,3.357889483745e+01,7.561854901299e+00,1.355717135977e+04,2.803557251233e+03,1.631329867473e+01,9.099154555644e-03
3.810229888295e-03,3.357414864709e+01,7.562947701313e+00,1.356975500877e+04,2.803238630575e+03,1.631515284525e+01,9.093063775124e-03
3.811383777774e-03,3.356940181363e+01,7.564038704376e+00,1.358235117278e+04,2.802919965232e+03,1.631700769745e+01,9.086974426819e-03
3.812536707361e-03,3.356465433847e+01,7.565127908026e+00,1.359495991320e+04,2.802601255294e+03,1.631886323115e+01,9.080886478916e-03
3.813688677566e-03,3.355990622296e+01,7.566215317372e+00,1.360758117686e+04,2.802282500854e+03,1.632071944611e+01,9.074799985296e-03
3.814839688896e-03,3.355515746851e+01,7.567300931292e+00,1.362021498396e+04,2.801963702003e+03,1.632257634213e+01,9.068714943221e-03
3.815989741861e-03,3.355040807648e+01,7.568384745839e+00,1.363286142244e+04,2.801644858833e+03,1.632443391899e+01,9.062631301566e-03
3.817138836972e-03,3.354565804824e+01,7.569466766743e+00,1.364552042503e+04,2.801325971435e+03,1.632629217649e+01,9.056549124164e-03
3.818286974734e-03,3.354090738519e+01,7.570546993761e+00,1.365819200250e+04,2.801007039902e+03,1.632815111440e+01,9.050468415593e-03
3.819434155663e-03,3.353615608866e+01,7.571625421717e+00,1.367087626226e+04,2.800688064323e+03,1.633001073252e+01,9.044389110635e-03
3.820580380264e-03,3.353140416004e+01,7.572702056099e+00,1.368357312625e+04,2.800369044790e+03,1.633187103063e+01,9.038311279701e-03
3.821725649052e-03,3.352665160070e+01,7.573776898030e+00,1.369628261069e+04,2.800049981394e+03,1.633373200854e+01,9.032234925432e-03
3.822869962535e-03,3.352189841199e+01,7.574849942464e+00,1.370900480662e+04,2.799730874227e+03,1.633559366601e+01,9.026159993860e-03
3.824013321225e-03,3.351714459528e+01,7.575921193427e+00,1.372173966175e+04,2.799411723376e+03,1.633745600286e+01,9.020086536388e-03
3.825155725633e-03,3.351239015193e+01,7.576990652770e+00,1.373448717927e+04,2.799092528936e+03,1.633931901887e+01,9.014014565136e-03
3.826297176272e-03,3.350763508329e+01,7.578058316195e+00,1.374724743772e+04,2.798773290994e+03,1.634118271382e+01,9.007944035486e-03
3.827437673653e-03,3.350287939072e+01,7.579124186280e+00,1.376002041045e+04,2.798454009642e+03,1.634304708752e+01,9.001874980106e-03
3.828577218288e-03,3.349812307558e+01,7.580188265601e+00,1.377280608769e+04,2.798134684969e+03,1.634491213975e+01,8.995807420445e-03
3.829715810690e-03,3.349336613923e+01,7.581250550594e+00,1.378560453549e+04,2.797815317067e+03,1.634677787031e+01,8.989741321151e-03
3.830853451374e-03,3.348860858298e+01,7.582311042409e+00,1.379841575279e+04,2.797495906024e+03,1.634864427899e+01,8.983676696358e-03
3.831990140848e-03,3.348385040823e+01,7.583369744335e+00,1.381123971689e+04,2.797176451930e+03,1.635051136559e+01,8.977613576756e-03
3.833125879630e-03,3.347909161629e+01,7.584426653535e+00,1.382407648137e+04,2.796856954875e+03,1.635237912990e+01,8.971551936120e-03
3.834260668233e-03,3.347433220851e+01,7.585481769750e+00,1.383692607071e+04,2.796537414948e+03,1.635424757171e+01,8.965491770302e-03
3.835394507171e-03,3.346957218624e+01,7.586535096973e+00,1.384978844931e+04,2.796217832238e+03,1.635611669083e+01,8.959433119088e-03
3.836527396956e-03,3.346481155082e+01,7.587586633083e+00,1.386266365830e+04,2.795898206836e+03,1.635798648704e+01,8.953375965298e-03
3.837659338105e-03,3.346005030357e+01,7.588636376430e+00,1.387555174764e+04,2.795578538829e+03,1.635985696015e+01,8.947320286713e-03
3.838790331130e-03,3.345528844585e+01,7.589684331703e+00,1.388845266887e+04,2.795258828307e+03,1.636172810995e+01,8.941266132118e-03
3.839920376550e-03,3.345052597897e+01,7.590730497488e+00,1.390136645069e+04,2.794939075359e+03,1.636359993624e+01,8.935213493238e-03
3.841049474879e-03,3.344576290428e+01,7.591774870764e+00,1.391429316852e+04,2.794619280073e+03,1.636547243882e+01,8.929162330022e-03
3.842177626629e-03,3.344099922310e+01,7.592817456902e+00,1.392723276101e+04,2.794299442537e+03,1.636734561748e+01,8.923112700143e-03
3.843304832322e-03,3.343623493676e+01,7.593858255191e+00,1.394018524452e+04,2.793979562841e+03,1.636921947203e+01,8.917064604117e-03
3.844431092469e-03,3.343147004660e+01,7.594897261249e+00,1.395315071976e+04,2.793659641072e+03,1.637109400227e+01,8.911017984302e-03
3.845556407590e-03,3.342670455391e+01,7.595934480801e+00,1.396612911061e+04,2.793339677318e+03,1.637296920800e+01,8.904972908039e-03
3.846680778199e-03,3.342193846004e+01,7.596969914147e+00,1.397912043122e+04,2.793019671668e+03,1.637484508901e+01,8.898929378431e-03
3.847804204814e-03,3.341717176630e+01,7.598003556239e+00,1.399212478728e+04,2.792699624209e+03,1.637672164511e+01,8.892887334178e-03
3.848926687953e-03,3.341240447400e+01,7.599035412134e+00,1.400514210604e+04,2.792379535028e+03,1.637859887610e+01,8.886846839413e-03
3.850048228133e-03,3.340763658447e+01,7.600065483154e+00,1.401817239992e+04,2.792059404215e+03,1.638047678179e+01,8.880807899579e-03
3.851168825871e-03,3.340286809902e+01,7.601093764593e+00,1.403121576048e+04,2.791739231855e+03,1.638235536197e+01,8.874770463009e-03
3.852288481685e-03,3.339809901895e+01,7.602120260174e+00,1.404427213946e+04,2.791419018037e+03,1.638423461645e+01,8.868734576510e-03
3.853407196094e-03,3.339332934558e+01,7.603144971885e+00,1.405734153691e+04,2.791098762847e+03,1.638611454504e+01,8.862700254146e-03
3.854524969616e-03,3.338855908022e+01,7.604167895700e+00,1.407042403249e+04,2.790778466373e+03,1.638799514753e+01,8.856667452807e-03
3.855641802771e-03,3.338378822416e+01,7.605189034024e+00,1.408351960236e+04,2.790458128701e+03,1.638987642374e+01,8.850636202185e-03
3.856757696076e-03,3.337901677871e+01,7.606208389505e+00,1.409662823422e+04,2.790137749918e+03,1.639175837346e+01,8.844606524863e-03
3.857872650051e-03,3.337424474519e+01,7.607225958784e+00,1.410974999585e+04,2.789817330111e+03,1.639364099652e+01,8.838578386179e-03
3.858986665217e-03,3.336947212487e+01,7.608241742970e+00,1.412288488778e+04,2.789496869367e+03,1.639552429270e+01,8.832551798926e-03
3.860099742091e-03,3.336469891907e+01,7.609255745357e+00,1.413603288540e+04,2.789176367771e+03,1.639740826182e+01,8.826526794099e-03
3.861211881194e-03,3.335992512908e+01,7.610267963248e+00,1.414919404461e+04,2.788855825411e+03,1.639929290369e+01,8.820503345378e-03
3.862323083048e-03,3.335515075619e+01,7.611278396471e+00,1.416236839029e+04,2.788535242371e+03,1.640117821811e+01,8.814481448865e-03
3.863433348172e-03,3.335037580168e+01,7.612287048960e+00,1.417555588552e+04,2.788214618739e+03,1.640306420490e+01,8.808461143858e-03
3.864542677087e-03,3.334560026686e+01,7.613293918672e+00,1.418875657439e+04,2.787893954600e+03,1.640495086386e+01,8.802442412277e-03
3.865651070312e-03,3.334082415302e+01,7.614299004165e+00,1.420197050600e+04,2.787573250040e+03,1.640683819479e+01,8.796425233763e-03
3.866758528372e-03,3.333604746141e+01,7.615302310010e+00,1.421519763123e+04,2.787252505143e+03,1.640872619753e+01,8.790409655781e-03
3.867865051785e-03,3.333127019336e+01,7.616303834804e+00,1.422843798230e+04,2.786931719997e+03,1.641061487186e+01,8.784395668414e-03
3.868970641075e-03,3.332649235012e+01,7.617303575862e+00,1.424169163259e+04,2.786610894686e+03,1.641250421761e+01,8.778383235006e-03
3.870075296763e-03,3.332171393298e+01,7.618301538373e+00,1.425495852067e+04,2.786290029294e+03,1.641439423458e+01,8.772372411148e-03
3.871179019371e-03,3.331693494321e+01,7.619297721573e+00,1.426823866707e+04,2.785969123909e+03,1.641628492259e+01,8.766363194927e-03
3.872281809420e-03,3.331215538211e+01,7.620292121543e+00,1.428153216923e+04,2.785648178614e+03,1.641817628145e+01,8.760355533647e-03
3.873383667437e-03,3.330737525092e+01,7.621284743988e+00,1.429483895293e+04,2.785327193493e+03,1.642006831098e+01,8.754349491156e-03
3.874484593941e-03,3.330259455093e+01,7.622275588869e+00,1.430815903021e+04,2.785006168633e+03,1.642196101099e+01,8.748345071583e-03
3.875584589454e-03,3.329781328341e+01,7.623264651260e+00,1.432149251605e+04,2.784685104118e+03,1.642385438128e+01,8.742342210630e-03
3.876683654505e-03,3.329303144962e+01,7.624251936661e+00,1.433483932663e+04,2.784364000030e+03,1.642574842169e+01,8.736340977505e-03
3.877781789611e-03,3.328824905083e+01,7.625237446155e+00,1.434819947873e+04,2.784042856456e+03,1.642764313201e+01,8.730341374747e-03
3.878878995301e-03,3.328346608831e+01,7.626221174934e+00,1.436157307271e+04,2.783721673478e+03,1.642953851207e+01,8.724343347407e-03
3.879975272094e-03,3.327868256331e+01,7.627203127281e+00,1.437496004793e+04,2.783400451182e+03,1.643143456169e+01,8.718346948916e-03
3.881070620518e-03,3.327389847710e+01,7.628183304888e+00,1.438836040948e+04,2.783079189651e+03,1.643333128068e+01,8.712352189646e-03
3.882165041098e-03,3.326911383092e+01,7.629161703564e+00,1.440177424642e+04,2.782757888969e+03,1.643522866886e+01,8.706359022463e-03
3.883258534354e-03,3.326432862605e+01,7.630138326394e+00,1.441520152127e+04,2.782436549219e+03,1.643712672605e+01,8.700367485196e-03
3.884351100817e-03,3.325954286372e+01,7.631113175670e+00,1.442864222744e+04,2.782115170484e+03,1.643902545206e+01,8.694377595962e-03
3.885442741006e-03,3.325475654521e+01,7.632086247806e+00,1.444209644265e+04,2.781793752850e+03,1.644092484671e+01,8.688389315366e-03
3.886533455450e-03,3.324996967175e+01,7.633057544712e+00,1.445556415264e+04,2.781472296398e+03,1.644282490983e+01,8.682402665788e-03
3.887623244675e-03,3.324518224458e+01,7.634027069264e+00,1.446904533907e+04,2.781150801211e+03,1.644472564124e+01,8.676417673037e-03
3.888712109204e-03,3.324039426497e+01,7.634994818482e+00,1.448254006847e+04,2.780829267373e+03,1.644662704074e+01,8.670434305304e-03
3.889800049565e-03,3.323560573414e+01,7.635960793109e+00,1.449604834961e+04,2.780507694966e+03,1.644852910818e+01,8.664452569772e-03
3.890887066283e-03,3.323081665335e+01,7.636924996602e+00,1.450957015249e+04,2.780186084072e+03,1.645043184336e+01,8.658472499812e-03
3.891973159886e-03,3.322602702384e+01,7.637887426576e+00,1.452310553249e+04,2.779864434776e+03,1.645233524611e+01,8.652494071117e-03
3.893058330898e-03,3.322123684683e+01,7.638848082622e+00,1.453665452132e+04,2.779542747159e+03,1.645423931625e+01,8.646517275866e-03
3.894142579848e-03,3.321644612357e+01,7.639806968775e+00,1.455021707739e+04,2.779221021303e+03,1.645614405360e+01,8.640542154880e-03
3.895225907262e-03,3.321165485530e+01,7.640764083231e+00,1.456379324491e+04,2.778899257291e+03,1.645804945799e+01,8.634568691276e-03
3.896308313668e-03,3.320686304324e+01,7.641719424452e+00,1.457738307853e+04,2.778577455205e+03,1.645995552925e+01,8.628596862404e-03
3.897389799594e-03,3.320207068861e+01,7.642672997035e+00,1.459098652506e+04,2.778255615125e+03,1.646186226720e+01,8.622626716457e-03
3.898470365565e-03,3.319727779267e+01,7.643624799755e+00,1.460460361756e+04,2.777933737136e+03,1.646376967165e+01,8.616658243869e-03
3.899550012110e-03,3.319248435662e+01,7.644574829956e+00,1.461823443358e+04,2.777611821318e+03,1.646567774245e+01,8.610691407365e-03
3.900628739757e-03,3.318769038169e+01,7.645523092792e+00,1.463187890832e+04,2.777289867751e+03,1.646758647941e+01,8.604726262410e-03
3.901706549037e-03,3.318289586911e+01,7.646469587610e+00,1.464553706384e+04,2.776967876519e+03,1.646949588236e+01,8.598762806635e-03
3.902783440473e-03,3.317810082010e+01,7.647414310650e+00,1.465920900040e+04,2.776645847702e+03,1.647140595112e+01,8.592800988355e-03
3.903859414598e-03,3.317330523586e+01,7.648357267590e+00,1.467289464153e+04,2.776323781381e+03,1.647331668554e+01,8.586840870279e-03
3.904934471939e-03,3.316850911763e+01,7.649298458363e+00,1.468659399911e+04,2.776001677638e+03,1.647522808543e+01,8.580882456662e-03
3.906008613027e-03,3.316371246661e+01,7.650237878182e+00,1.470030719436e+04,2.775679536554e+03,1.647714015062e+01,8.574925682692e-03
3.907081838388e-03,3.315891528402e+01,7.651175532665e+00,1.471403413735e+04,2.775357358207e+03,1.647905288095e+01,8.568970618615e-03
3.908154148553e-03,3.315411757107e+01,7.652111422816e+00,1.472777484663e+04,2.775035142681e+03,1.648096627624e+01,8.563017266001e-03
3.909225544050e-03,3.314931932897e+01,7.653045543888e+00,1.474152942920e+04,2.774712890055e+03,1.648288033632e+01,8.557065568680e-03
3.910296025413e-03,3.314452055891e+01,7.653977900417e+00,1.475529781705e+04,2.774390600409e+03,1.648479506103e+01,8.551115582648e-03
3.911365593168e-03,3.313972126212e+01,7.654908493943e+00,1.476908001761e+04,2.774068273824e+03,1.648671045019e+01,8.545167316572e-03
3.912434247847e-03,3.313492143978e+01,7.655837320277e+00,1.478287612734e+04,2.773745910380e+03,1.648862650364e+01,8.539220721276e-03
3.913501989979e-03,3.313012109311e+01,7.656764382878e+00,1.479668609996e+04,2.773423510156e+03,1.649054322121e+01,8.533275838759e-03
3.914568820096e-03,3.312532022330e+01,7.657689683828e+00,1.481050993194e+04,2.773101073233e+03,1.649246060273e+01,8.527332684617e-03
3.915634738727e-03,3.312051883155e+01,7.658613219478e+00,1.482434770912e+04,2.772778599691e+03,1.649437864804e+01,8.521391216641e-03
3.916699746406e-03,3.311571691904e+01,7.659534992237e+00,1.483819940705e+04,2.772456089608e+03,1.649629735697e+01,8.515451462936e-03
3.917763843659e-03,3.311091448699e+01,7.660455004705e+00,1.485206501106e+04,2.772133543065e+03,1.649821672935e+01,8.509513446038e-03
3.918827031020e-03,3.310611153658e+01,7.661373253779e+00,1.486594459660e+04,2.771810960141e+03,1.650013676502e+01,8.503577130521e-03
3.919889309023e-03,3.310130806898e+01,7.662289740823e+00,1.487983816082e+04,2.771488340914e+03,1.650205746383e+01,8.497642530854e-03
3.920950678197e-03,3.309650408540e+01,7.663204468960e+00,1.489374567815e+04,2.771165685465e+03,1.650397882559e+01,8.491709676329e-03
3.922011139073e-03,3.309169958703e+01,7.664117435615e+00,1.490766721346e+04,2.770842993872e+03,1.650590085015e+01,8.485778538303e-03
3.923070692184e-03,3.308689457503e+01,7.665028641124e+00,1.492160278555e+04,2.770520266213e+03,1.650782353735e+01,8.479849117749e-03
3.924129338062e-03,3.308208905061e+01,7.665938089123e+00,1.493555235789e+04,2.770197502568e+03,1.650974688702e+01,8.473921450658e-03
3.925187077240e-03,3.307728301492e+01,7.666845777565e+00,1.494951598498e+04,2.769874703015e+03,1.651167089900e+01,8.467995515022e-03
3.926243910249e-03,3.307247646916e+01,7.667751705769e+00,1.496349370705e+04,2.769551867633e+03,1.651359557313e+01,8.462071298536e-03
3.927299837622e-03,3.306766941449e+01,7.668655877877e+00,1.497748547675e+04,2.769228996500e+03,1.651552090926e+01,8.456148843783e-03
3.928354859894e-03,3.306286185210e+01,7.669558292358e+00,1.499149133809e+04,2.768906089693e+03,1.651744690721e+01,8.450228135333e-03
3.929408977596e-03,3.305805378314e+01,7.670458947535e+00,1.500551135285e+04,2.768583147292e+03,1.651937356683e+01,8.444309147738e-03
3.930462191261e-03,3.305324520880e+01,7.671357848047e+00,1.501954546275e+04,2.768260169373e+03,1.652130088796e+01,8.438391930111e-03
3.931514501421e-03,3.304843613025e+01,7.672254992869e+00,1.503359370142e+04,2.767937156016e+03,1.652322887044e+01,8.432476473511e-03
3.932565908614e-03,3.304362654863e+01,7.673150379344e+00,1.504765615208e+04,2.767614107297e+03,1.652515751412e+01,8.426562739519e-03
3.933616413370e-03,3.303881646513e+01,7.674044012600e+00,1.506173274559e+04,2.767291023293e+03,1.652708681884e+01,8.420650783684e-03
3.934666016224e-03,3.303400588090e+01,7.674935892115e+00,1.507582350526e+04,2.766967904084e+03,1.652901678443e+01,8.414740603455e-03
3.935714717710e-03,3.302919479712e+01,7.675826014261e+00,1.508992853557e+04,2.766644749745e+03,1.653094741074e+01,8.408832147656e-03
3.936762518360e-03,3.302438321492e+01,7.676714384649e+00,1.510404775665e+04,2.766321560353e+03,1.653287869763e+01,8.402925478164e-03
3.937809418711e-03,3.301957113547e+01,7.677601003253e+00,1.511818118145e+04,2.765998335988e+03,1.653481064492e+01,8.397020598735e-03
3.938855419298e-03,3.301475855992e+01,7.678485865491e+00,1.513232893578e+04,2.765675076723e+03,1.653674325246e+01,8.391117445579e-03
3.939900520653e-03,3.300994548943e+01,7.679368976996e+00,1.514649092565e+04,2.765351782637e+03,1.653867652012e+01,8.385216088175e-03
3.940944723311e-03,3.300513192516e+01,7.680250338682e+00,1.516066717012e+04,2.765028453807e+03,1.654061044771e+01,8.379316527933e-03
3.941988027810e-03,3.300031786823e+01,7.681129945929e+00,1.517485778356e+04,2.764705090308e+03,1.654254503510e+01,8.373418707663e-03
3.943030434683e-03,3.299550331980e+01,7.682007803464e+00,1.518906269043e+04,2.764381692217e+03,1.654448028214e+01,8.367522685370e-03
3.944071944463e-03,3.299068828103e+01,7.682883912704e+00,1.520328190040e+04,2.764058259611e+03,1.654641618866e+01,8.361628468217e-03
3.945112557689e-03,3.298587275305e+01,7.683758269491e+00,1.521751551785e+04,2.763734792566e+03,1.654835275451e+01,8.355736005314e-03
3.946152274895e-03,3.298105673700e+01,7.684630877610e+00,1.523176348753e+04,2.763411291156e+03,1.655028997956e+01,8.349845342231e-03
3.947191096617e-03,3.297624023402e+01,7.685501738948e+00,1.524602580886e+04,2.763087755460e+03,1.655222786364e+01,8.343956492289e-03
3.948229023391e-03,3.297142324525e+01,7.686370849829e+00,1.526030257639e+04,2.762764185551e+03,1.655416640660e+01,8.338069410746e-03
3.949266055750e-03,3.296660577183e+01,7.687238213102e+00,1.527459375505e+04,2.762440581507e+03,1.655610560829e+01,8.332184130930e-03
3.950302194237e-03,3.296178781488e+01,7.688103831128e+00,1.528889933413e+04,2.762116943402e+03,1.655804546858e+01,8.326300672201e-03
3.951337439381e-03,3.295696937555e+01,7.688967700697e+00,1.530321939831e+04,2.761793271312e+03,1.655998598730e+01,8.320418995912e-03
3.952371791723e-03,3.295215045495e+01,7.689829823749e+00,1.531755393280e+04,2.761469565312e+03,1.656192716431e+01,8.314539123258e-03
3.953405251796e-03,3.294733105423e+01,7.690690203091e+00,1.533190291652e+04,2.761145825477e+03,1.656386899946e+01,8.308661079647e-03
3.954437820138e-03,3.294251117451e+01,7.691548835990e+00,1.534626642453e+04,2.760822051883e+03,1.656581149259e+01,8.302784832370e-03
3.955469497291e-03,3.293769081688e+01,7.692405723483e+00,1.536064446216e+04,2.760498244602e+03,1.656775464359e+01,8.296910390677e-03
3.956500283785e-03,3.293286998251e+01,7.693260868822e+00,1.537503699809e+04,2.760174403712e+03,1.656969845228e+01,8.291037785924e-03
3.957530180156e-03,3.292804867252e+01,7.694114269738e+00,1.538944409767e+04,2.759850529288e+03,1.657164291852e+01,8.285166991292e-03
3.958559186952e-03,3.292322688797e+01,7.694965926377e+00,1.540386578633e+04,2.759526621401e+03,1.657358804218e+01,8.279298004244e-03
3.959587304696e-03,3.291840463005e+01,7.695815842433e+00,1.541830202249e+04,2.759202680129e+03,1.657553382309e+01,8.273430862002e-03
3.960614533939e-03,3.291358189981e+01,7.696664016100e+00,1.543275286206e+04,2.758878705543e+03,1.657748026114e+01,8.267565543486e-03
3.961640875207e-03,3.290875869842e+01,7.697510446631e+00,1.544721835012e+04,2.758554697720e+03,1.657942735616e+01,8.261702034668e-03
3.962666329047e-03,3.290393502695e+01,7.698355138175e+00,1.546169843529e+04,2.758230656731e+03,1.658137510802e+01,8.255840378405e-03
3.963690895991e-03,3.289911088654e+01,7.699198089358e+00,1.547619316360e+04,2.757906582654e+03,1.658332351656e+01,8.249980559445e-03
3.964714576580e-03,3.289428627826e+01,7.700039298584e+00,1.549070260023e+04,2.757582475559e+03,1.658527258166e+01,8.244122552236e-03
3.965737371351e-03,3.288946120325e+01,7.700878770419e+00,1.550522668355e+04,2.757258335521e+03,1.658722230317e+01,8.238266405368e-03
3.966759280841e-03,3.288463566260e+01,7.701716503938e+00,1.551976545010e+04,2.756934162615e+03,1.658917268094e+01,8.232412109210e-03
3.967780305593e-03,3.287980965741e+01,7.702552496692e+00,1.553431898487e+04,2.756609956911e+03,1.659112371485e+01,8.226559626925e-03
3.968800446141e-03,3.287498318877e+01,7.703386753670e+00,1.554888721617e+04,2.756285718485e+03,1.659307540474e+01,8.220709012707e-03
3.969819703024e-03,3.287015625780e+01,7.704219274385e+00,1.556347017101e+04,2.755961447410e+03,1.659502775048e+01,8.214860262483e-03
3.970838076785e-03,3.286532886558e+01,7.705050055545e+00,1.557806795412e+04,2.755637143757e+03,1.659698075193e+01,8.209013328304e-03
3.971855567957e-03,3.286050101321e+01,7.705879102560e+00,1.559268048377e+04,2.755312807601e+03,1.659893440896e+01,8.203168269874e-03
3.972872177083e-03,3.285567270179e+01,7.706706415370e+00,1.560730777752e+04,2.754988439014e+03,1.660088872141e+01,8.197325088602e-03
3.973887904703e-03,3.285084393238e+01,7.707531989860e+00,1.562194995973e+04,2.754664038068e+03,1.660284368917e+01,8.191483725576e-03
3.974902751351e-03,3.284601470611e+01,7.708355831609e+00,1.563660693686e+04,2.754339604837e+03,1.660479931208e+01,8.185644246659e-03
3.975916717571e-03,3.284118502404e+01,7.709177941224e+00,1.565127872613e+04,2.754015139392e+03,1.660675559002e+01,8.179806654148e-03
3.976929803903e-03,3.283635488726e+01,7.709998314237e+00,1.566596545335e+04,2.753690641806e+03,1.660871252285e+01,8.173970888300e-03
3.977942010885e-03,3.283152429685e+01,7.710816955763e+00,1.568066703002e+04,2.753366112150e+03,1.661067011043e+01,8.168137011577e-03
3.978953339055e-03,3.282669325390e+01,7.711633866991e+00,1.569538347064e+04,2.753041550498e+03,1.661262835263e+01,8.162305028322e-03
3.979963788953e-03,3.282186175949e+01,7.712449043704e+00,1.571011489070e+04,2.752716956921e+03,1.661458724931e+01,8.156474884746e-03
3.980973361126e-03,3.281702981466e+01,7.713262490200e+00,1.572486122041e+04,2.752392331488e+03,1.661654680035e+01,8.150646632444e-03
3.981982056103e-03,3.281219742055e+01,7.714074208072e+00,1.573962246472e+04,2.752067674276e+03,1.661850700560e+01,8.144820281169e-03
3.982989874434e-03,3.280736457818e+01,7.714884193526e+00,1.575439873023e+04,2.751742985352e+03,1.662046786494e+01,8.138995782438e-03
3.983996816652e-03,3.280253128865e+01,7.715692450046e+00,1.576918996561e+04,2.751418264790e+03,1.662242937823e+01,8.133173177234e-03
3.985002883304e-03,3.279769755301e+01,7.716498979636e+00,1.578399616657e+04,2.751093512660e+03,1.662439154535e+01,8.127352480511e-03
3.986008074923e-03,3.279286337236e+01,7.717303778905e+00,1.579881743061e+04,2.750768729034e+03,1.662635436615e+01,8.121533649141e-03
3.987012392058e-03,3.278802874772e+01,7.718106850551e+00,1.581365372507e+04,2.750443913982e+03,1.662831784052e+01,8.115716713500e-03
3.988015835242e-03,3.278319368019e+01,7.718908196965e+00,1.582850503608e+04,2.750119067575e+03,1.663028196832e+01,8.109901693840e-03
3.989018405020e-03,3.277835817083e+01,7.719707815170e+00,1.584337145244e+04,2.749794189886e+03,1.663224674942e+01,8.104088552159e-03
3.990020101933e-03,3.277352222068e+01,7.720505707076e+00,1.585825295980e+04,2.749469280982e+03,1.663421218369e+01,8.098277308505e-03
3.991020926520e-03,3.276868583082e+01,7.721301875465e+00,1.587314953500e+04,2.749144340936e+03,1.663617827101e+01,8.092467988239e-03
3.992020879325e-03,3.276384900229e+01,7.722096317762e+00,1.588806125797e+04,2.748819369818e+03,1.663814501124e+01,8.086660558488e-03
3.993019960888e-03,3.275901173615e+01,7.722889035105e+00,1.590298813276e+04,2.748494367698e+03,1.664011240427e+01,8.080855029073e-03
3.994018171748e-03,3.275417403346e+01,7.723680030659e+00,1.591793012681e+04,2.748169334646e+03,1.664208044996e+01,8.075051430426e-03
3.995015512449e-03,3.274933589527e+01,7.724469302243e+00,1.593288731131e+04,2.747844270733e+03,1.664404914818e+01,8.069249734722e-03
3.996011983534e-03,3.274449732261e+01,7.725256850237e+00,1.594785970857e+04,2.747519176028e+03,1.664601849882e+01,8.063449941692e-03
3.997007585539e-03,3.273965831657e+01,7.726042678182e+00,1.596284727676e+04,2.747194050601e+03,1.664798850173e+01,8.057652086765e-03
3.998002319010e-03,3.273481887816e+01,7.726826784288e+00,1.597785007828e+04,2.746868894522e+03,1.664995915681e+01,8.051856147094e-03
3.998996184493e-03,3.272997900841e+01,7.727609168187e+00,1.599286815373e+04,2.746543707859e+03,1.665193046394e+01,8.046062112454e-03
3.999989182517e-03,3.272513870842e+01,7.728389833788e+00,1.600790145188e+04,2.746218490684e+03,1.665390242297e+01,8.040270023239e-03
4.000981313640e-03,3.272029797917e+01,7.729168779690e+00,1.602295002662e+04,2.745893243064e+03,1.665587503380e+01,8.034479861434e-03
4.001972578390e-03,3.271545682174e+01,7.729946004780e+00,1.603801393640e+04,2.745567965070e+03,1.665784829628e+01,8.028691607122e-03
4.002962977317e-03,3.271061523715e+01,7.730721513343e+00,1.605309312109e+04,2.745242656770e+03,1.665982221032e+01,8.022905305433e-03
4.003952510963e-03,3.270577322642e+01,7.731495304348e+00,1.606818762564e+04,2.744917318233e+03,1.666179677579e+01,8.017120943273e-03
4.004941179868e-03,3.270093079061e+01,7.732267375961e+00,1.608329752674e+04,2.744591949528e+03,1.666377199255e+01,8.011338491017e-03
4.005928984577e-03,3.269608793073e+01,7.733037732827e+00,1.609842275501e+04,2.744266550724e+03,1.666574786051e+01,8.005557998589e-03
4.006915925629e-03,3.269124464783e+01,7.733806374280e+00,1.611356334670e+04,2.743941121889e+03,1.666772437952e+01,7.999779457686e-03
4.007902003567e-03,3.268640094293e+01,7.734573297780e+00,1.612871939654e+04,2.743615663093e+03,1.666970154947e+01,7.994002829148e-03
4.008887218936e-03,3.268155681704e+01,7.735338508322e+00,1.614389082602e+04,2.743290174401e+03,1.667167937025e+01,7.988228167604e-03
4.009871572281e-03,3.267671227119e+01,7.736102005611e+00,1.615907766280e+04,2.742964655885e+03,1.667365784174e+01,7.982455469430e-03
4.010855064139e-03,3.267186730642e+01,7.736863786401e+00,1.617428001951e+04,2.742639107611e+03,1.667563696382e+01,7.976684686114e-03
4.011837695057e-03,3.266702192372e+01,7.737623856035e+00,1.618949780850e+04,2.742313529646e+03,1.667761673638e+01,7.970915876923e-03
4.012819465575e-03,3.266217612414e+01,7.738382214576e+00,1.620473104885e+04,2.741987922061e+03,1.667959715928e+01,7.965149042865e-03
4.013800376238e-03,3.265732990869e+01,7.739138858091e+00,1.621997987108e+04,2.741662284921e+03,1.668157823242e+01,7.959384126180e-03
4.014780427591e-03,3.265248327835e+01,7.739893792102e+00,1.623524417709e+04,2.741336618294e+03,1.668355995569e+01,7.953621191201e-03
4.015759620174e-03,3.264763623418e+01,7.740647017189e+00,1.625052398426e+04,2.741010922250e+03,1.668554232897e+01,7.947860240322e-03
4.016737954533e-03,3.264278877716e+01,7.741398529070e+00,1.626581942724e+04,2.740685196853e+03,1.668752535214e+01,7.942101213698e-03
4.017715431207e-03,3.263794090832e+01,7.742148332927e+00,1.628113040960e+04,2.740359442171e+03,1.668950902509e+01,7.936344174221e-03
4.018692050745e-03,3.263309262865e+01,7.742896429876e+00,1.629645694783e+04,2.740033658273e+03,1.669149334770e+01,7.930589125290e-03
4.019667813686e-03,3.262824393917e+01,7.743642815804e+00,1.631179916692e+04,2.739707845225e+03,1.669347831987e+01,7.924836012241e-03
4.020642720578e-03,3.262339484086e+01,7.744387495214e+00,1.632715698734e+04,2.739382003092e+03,1.669546394148e+01,7.919084888784e-03
4.021616771961e-03,3.261854533474e+01,7.745130469554e+00,1.634253041691e+04,2.739056131944e+03,1.669745021242e+01,7.913335762880e-03
4.022589968380e-03,3.261369542182e+01,7.745871735070e+00,1.635791957271e+04,2.738730231845e+03,1.669943713258e+01,7.907588584345e-03
4.023562310378e-03,3.260884510308e+01,7.746611295583e+00,1.637332439184e+04,2.738404302863e+03,1.670142470184e+01,7.901843397913e-03
4.024533798500e-03,3.260399437953e+01,7.747349152882e+00,1.638874487369e+04,2.738078345065e+03,1.670341292009e+01,7.896100215976e-03
4.025504433289e-03,3.259914325216e+01,7.748085303557e+00,1.640418112736e+04,2.737752358515e+03,1.670540178723e+01,7.890358992794e-03
4.026474215293e-03,3.259429172193e+01,7.748819750767e+00,1.641963310661e+04,2.737426343280e+03,1.670739130316e+01,7.884619764224e-03
4.027443145048e-03,3.258943978990e+01,7.749552496624e+00,1.643510080227e+04,2.737100299428e+03,1.670938146774e+01,7.878882547074e-03
4.028411223106e-03,3.258458745700e+01,7.750283538065e+00,1.645058431561e+04,2.736774227023e+03,1.671137228089e+01,7.873147299949e-03
4.029378450007e-03,3.257973472425e+01,7.751012877591e+00,1.646608361687e+04,2.736448126131e+03,1.671336374249e+01,7.867414050003e-03
4.030344826298e-03,3.257488159261e+01,7.751740517644e+00,1.648159868857e+04,2.736121996818e+03,1.671535585243e+01,7.861682818303e-03
4.031310352519e-03,3.257002806309e+01,7.752466455491e+00,1.649712962397e+04,2.735795839149e+03,1.671734861061e+01,7.855953567836e-03
4.032275029219e-03,3.256517413666e+01,7.753190692992e+00,1.651267640987e+04,2.735469653190e+03,1.671934201692e+01,7.850226317101e-03
4.033238856939e-03,3.256031981430e+01,7.753913232906e+00,1.652823902032e+04,2.735143439007e+03,1.672133607126e+01,7.844501091456e-03
4.034201836226e-03,3.255546509698e+01,7.754634072833e+00,1.654381754086e+04,2.734817196664e+03,1.672333077352e+01,7.838777858091e-03
4.035163967624e-03,3.255060998569e+01,7.755353213998e+00,1.655941197458e+04,2.734490926227e+03,1.672532612359e+01,7.833056627065e-03
4.036125251676e-03,3.254575448140e+01,7.756070659475e+00,1.657502228725e+04,2.734164627760e+03,1.672732212138e+01,7.827337427896e-03
4.037085688929e-03,3.254089858509e+01,7.756786407190e+00,1.659064855656e+04,2.733838301328e+03,1.672931876677e+01,7.821620231981e-03
4.038045279924e-03,3.253604229773e+01,7.757500457740e+00,1.660629080191e+04,2.733511946997e+03,1.673131605967e+01,7.815905041031e-03
4.039004025211e-03,3.253118562027e+01,7.758212814513e+00,1.662194898083e+04,2.733185564830e+03,1.673331399998e+01,7.810191888665e-03
4.039961925330e-03,3.252632855371e+01,7.758923475752e+00,1.663762316317e+04,2.732859154894e+03,1.673531258758e+01,7.804480750424e-03
4.040918980829e-03,3.252147109898e+01,7.759632441446e+00,1.665331338468e+04,2.732532717250e+03,1.673731182238e+01,7.798771619768e-03
4.041875192251e-03,3.251661325708e+01,7.760339715279e+00,1.666901959447e+04,2.732206251964e+03,1.673931170429e+01,7.793064534417e-03
4.042830560145e-03,3.251175502894e+01,7.761045295817e+00,1.668474185485e+04,2.731879759100e+03,1.674131223319e+01,7.787359473915e-03
4.043785085048e-03,3.250689641555e+01,7.761749182438e+00,1.670048021752e+04,2.731553238723e+03,1.674331340898e+01,7.781656423696e-03
4.044738767513e-03,3.250203741785e+01,7.762451379131e+00,1.671623462355e+04,2.731226690894e+03,1.674531523159e+01,7.775955425410e-03
4.045691608082e-03,3.249717803680e+01,7.763151884768e+00,1.673200512743e+04,2.730900115680e+03,1.674731770088e+01,7.770256462645e-03
4.046643607298e-03,3.249231827336e+01,7.763850698136e+00,1.674779179704e+04,2.730573513144e+03,1.674932081678e+01,7.764559512831e-03
4.047594765708e-03,3.248745812849e+01,7.764547823515e+00,1.676359456518e+04,2.730246883349e+03,1.675132457919e+01,7.758864621582e-03
4.048545083860e-03,3.248259760312e+01,7.765243260086e+00,1.677941347878e+04,2.729920226357e+03,1.675332898800e+01,7.753171776390e-03
4.049494562297e-03,3.247773669821e+01,7.765937006052e+00,1.679524862172e+04,2.729593542234e+03,1.675533404312e+01,7.747480946842e-03
4.050443201564e-03,3.247287541471e+01,7.766629065980e+00,1.681109991860e+04,2.729266831040e+03,1.675733974446e+01,7.741792182427e-03
4.051391002203e-03,3.246801375359e+01,7.767319439347e+00,1.682696740867e+04,2.728940092843e+03,1.675934609191e+01,7.736105474559e-03
4.052337964767e-03,3.246315171575e+01,7.768008123790e+00,1.684285119191e+04,2.728613327701e+03,1.676135308539e+01,7.730420785024e-03
4.053284089795e-03,3.245828930217e+01,7.768695124155e+00,1.685875118468e+04,2.728286535679e+03,1.676336072480e+01,7.724738167176e-03
4.054229377836e-03,3.245342651377e+01,7.769380440220e+00,1.687466741881e+04,2.727959716840e+03,1.676536901004e+01,7.719057616181e-03
4.055173829432e-03,3.244856335151e+01,7.770064069048e+00,1.689060000991e+04,2.727632871247e+03,1.676737794102e+01,7.713379086311e-03
4.056117445134e-03,3.244369981628e+01,7.770746015774e+00,1.690654886649e+04,2.727305998959e+03,1.676938751766e+01,7.707702634575e-03
4.057060225482e-03,3.243883590908e+01,7.771426280458e+00,1.692251401269e+04,2.726979100043e+03,1.677139773984e+01,7.702028259968e-03
4.058002171025e-03,3.243397163081e+01,7.772104859615e+00,1.693849558001e+04,2.726652174560e+03,1.677340860749e+01,7.696355909223e-03
4.058943282308e-03,3.242910698240e+01,7.772781758648e+00,1.695449346882e+04,2.726325222570e+03,1.677542012052e+01,7.690685643085e-03
4.059883559875e-03,3.242424196479e+01,7.773456977909e+00,1.697050769588e+04,2.725998244137e+03,1.677743227882e+01,7.685017464203e-03
4.060823004272e-03,3.241937657892e+01,7.774130513363e+00,1.698653840830e+04,2.725671239323e+03,1.677944508232e+01,7.679351311976e-03
4.061761616049e-03,3.241451082567e+01,7.774802370437e+00,1.700258549624e+04,2.725344208187e+03,1.678145853092e+01,7.673687251533e-03
4.062699395747e-03,3.240964470602e+01,7.775472550011e+00,1.701864898036e+04,2.725017150795e+03,1.678347262453e+01,7.668025284292e-03
4.063636343912e-03,3.240477822088e+01,7.776141048012e+00,1.703472900066e+04,2.724690067206e+03,1.678548736306e+01,7.662365353139e-03
4.064572461093e-03,3.239991137114e+01,7.776807869362e+00,1.705082545955e+04,2.724362957481e+03,1.678750274644e+01,7.656707516895e-03
4.065507747833e-03,3.239504415776e+01,7.777473015242e+00,1.706693837144e+04,2.724035821683e+03,1.678951877455e+01,7.651051780118e-03
4.066442204677e-03,3.239017658165e+01,7.778136481837e+00,1.708306786913e+04,2.723708659874e+03,1.679153544732e+01,7.645398089465e-03
4.067375832176e-03,3.238530864370e+01,7.778798273528e+00,1.709921386968e+04,2.723381472110e+03,1.679355276468e+01,7.639746496412e-03
4.068308630870e-03,3.238044034486e+01,7.779458391761e+00,1.711537637997e+04,2.723054258458e+03,1.679557072652e+01,7.634097009148e-03
4.069240601308e-03,3.237557168602e+01,7.780116833005e+00,1.713155552604e+04,2.722727018976e+03,1.679758933276e+01,7.628449577915e-03
4.070171744033e-03,3.237070266811e+01,7.780773601099e+00,1.714775123923e+04,2.722399753725e+03,1.679960858331e+01,7.622804247052e-03
4.071102059599e-03,3.236583329200e+01,7.781428697763e+00,1.716396351931e+04,2.722072462764e+03,1.680162847811e+01,7.617161028196e-03
4.072031548542e-03,3.236096355866e+01,7.782082119734e+00,1.718019248526e+04,2.721745146158e+03,1.680364901704e+01,7.611519875230e-03
4.072960211414e-03,3.235609346894e+01,7.782733870329e+00,1.719643808297e+04,2.721417803963e+03,1.680567020005e+01,7.605880825344e-03
4.073888048758e-03,3.235122302378e+01,7.783383951522e+00,1.721270030466e+04,2.721090436242e+03,1.680769202703e+01,7.600243893742e-03
4.074815061122e-03,3.234635222407e+01,7.784032360331e+00,1.722897926276e+04,2.720763043054e+03,1.680971449792e+01,7.594609037723e-03
4.075741249053e-03,3.234148107070e+01,7.784679099548e+00,1.724527491736e+04,2.720435624458e+03,1.681173761263e+01,7.588976287549e-03
4.076666613095e-03,3.233660956458e+01,7.785324171405e+00,1.726158725338e+04,2.720108180516e+03,1.681376137107e+01,7.583345661840e-03
4.077591153792e-03,3.233173770663e+01,7.785967573184e+00,1.727791637646e+04,2.719780711287e+03,1.681578577316e+01,7.577717121365e-03
4.078514871694e-03,3.232686549770e+01,7.786609307171e+00,1.729426226097e+04,2.719453216831e+03,1.681781081883e+01,7.572090689502e-03
4.079437767346e-03,3.232199293872e+01,7.787249375849e+00,1.731062488457e+04,2.719125697207e+03,1.681983650799e+01,7.566466388250e-03
4.080359841295e-03,3.231712003057e+01,7.787887776763e+00,1.732700434624e+04,2.718798152474e+03,1.682186284057e+01,7.560844181751e-03
4.081281094085e-03,3.231224677414e+01,7.788524511696e+00,1.734340063441e+04,2.718470582693e+03,1.682388981649e+01,7.555224086667e-03
4.082201526261e-03,3.230737317033e+01,7.789159583378e+00,1.735981371951e+04,2.718142987923e+03,1.682591743567e+01,7.549606128311e-03
4.083121138377e-03,3.230249921999e+01,7.789792989617e+00,1.737624369399e+04,2.717815368221e+03,1.682794569803e+01,7.543990274117e-03
4.084039930968e-03,3.229762492405e+01,7.790424731698e+00,1.739269056019e+04,2.717487723649e+03,1.682997460350e+01,7.538376534165e-03
4.084957904588e-03,3.229275028337e+01,7.791054812598e+00,1.740915428148e+04,2.717160054264e+03,1.683200415199e+01,7.532764936981e-03
4.085875059780e-03,3.228787529885e+01,7.791683230373e+00,1.742563494354e+04,2.716832360125e+03,1.683403434343e+01,7.527155453341e-03
4.086791397092e-03,3.228299997135e+01,7.792309985833e+00,1.744213256288e+04,2.716504641291e+03,1.683606517775e+01,7.521548086723e-03
4.087706917069e-03,3.227812430175e+01,7.792935082186e+00,1.745864709562e+04,2.716176897820e+03,1.683809665488e+01,7.515942868904e-03
4.088621620256e-03,3.227324829095e+01,7.793558517741e+00,1.747517862087e+04,2.715849129773e+03,1.684012877472e+01,7.510339773887e-03
4.089535507200e-03,3.226837193981e+01,7.794180292831e+00,1.749172716902e+04,2.715521337205e+03,1.684216153722e+01,7.504738798727e-03
4.090448578448e-03,3.226349524920e+01,7.794800410900e+00,1.750829268910e+04,2.715193520176e+03,1.684419494230e+01,7.499139978353e-03
4.091360834548e-03,3.225861821998e+01,7.795418870503e+00,1.752487525379e+04,2.714865678743e+03,1.684622898989e+01,7.493543289911e-03
4.092272276044e-03,3.225374085304e+01,7.796035671505e+00,1.754147490722e+04,2.714537812965e+03,1.684826367992e+01,7.487948724166e-03
4.093182903480e-03,3.224886314925e+01,7.796650817579e+00,1.755809159133e+04,2.714209922900e+03,1.685029901230e+01,7.482356319155e-03
4.094092717404e-03,3.224398510948e+01,7.797264307519e+00,1.757472537227e+04,2.713882008606e+03,1.685233498697e+01,7.476766055164e-03
4.095001718365e-03,3.223910673457e+01,7.797876140737e+00,1.759137630804e+04,2.713554070138e+03,1.685437160387e+01,7.471177916697e-03
4.095909906905e-03,3.223422802540e+01,7.798486321128e+00,1.760804433345e+04,2.713226107557e+03,1.685640886292e+01,7.465591944873e-03
4.096817283573e-03,3.222934898283e+01,7.799094847726e+00,1.762472950831e+04,2.712898120919e+03,1.685844676404e+01,7.460008123024e-03
4.097723848912e-03,3.222446960773e+01,7.799701719487e+00,1.764143190410e+04,2.712570110281e+03,1.686048530718e+01,7.454426429592e-03
4.098629603472e-03,3.221958990094e+01,7.800306940533e+00,1.765815144882e+04,2.712242075701e+03,1.686252449226e+01,7.448846908641e-03
4.099534547797e-03,3.221470986332e+01,7.800910510129e+00,1.767488819581e+04,2.711914017235e+03,1.686456431921e+01,7.443269546545e-03
4.100438682431e-03,3.220982949574e+01,7.801512426788e+00,1.769164223009e+04,2.711585934942e+03,1.686660478797e+01,7.437694315750e-03
4.101342007927e-03,3.220494879902e+01,7.802112694852e+00,1.770841347280e+04,2.711257828875e+03,1.686864589847e+01,7.432121263237e-03
4.102244524823e-03,3.220006777407e+01,7.802711313809e+00,1.772520197080e+04,2.710929699096e+03,1.687068765064e+01,7.426550378394e-03
4.103146233671e-03,3.219518642167e+01,7.803308281747e+00,1.774200782278e+04,2.710601545657e+03,1.687273004442e+01,7.420981627696e-03
4.104047135014e-03,3.219030474272e+01,7.803903603211e+00,1.775883094274e+04,2.710273368617e+03,1.687477307975e+01,7.415415061100e-03
4.104947229398e-03,3.218542273804e+01,7.804497277922e+00,1.777567137145e+04,2.709945168033e+03,1.687681675654e+01,7.409850670841e-03
4.105846517372e-03,3.218054040848e+01,7.805089303537e+00,1.779252922086e+04,2.709616943959e+03,1.687886107475e+01,7.404288417633e-03
4.106744999478e-03,3.217565775489e+01,7.805679684812e+00,1.780940439815e+04,2.709288696453e+03,1.688090603431e+01,7.398728354267e-03
4.107642676266e-03,3.217077477811e+01,7.806268421691e+00,1.782629693787e+04,2.708960425570e+03,1.688295163516e+01,7.393170475828e-03
4.108539548281e-03,3.216589147896e+01,7.806855511408e+00,1.784320696522e+04,2.708632131366e+03,1.688499787723e+01,7.387614737353e-03
4.109435616065e-03,3.216100785831e+01,7.807440958926e+00,1.786013438057e+04,2.708303813898e+03,1.688704476045e+01,7.382061194420e-03
4.110330880169e-03,3.215612391698e+01,7.808024764406e+00,1.787707921227e+04,2.707975473222e+03,1.688909228478e+01,7.376509844929e-03
4.111225341136e-03,3.215123965580e+01,7.808606924672e+00,1.789404159870e+04,2.707647109392e+03,1.689114045014e+01,7.370960638323e-03
4.112118999515e-03,3.214635507561e+01,7.809187444891e+00,1.791102143357e+04,2.707318722463e+03,1.689318925648e+01,7.365413632892e-03
4.113011855848e-03,3.214147017724e+01,7.809766325431e+00,1.792801873890e+04,2.706990312494e+03,1.689523870373e+01,7.359868829350e-03
4.113903910684e-03,3.213658496151e+01,7.810343562718e+00,1.794503366637e+04,2.706661879536e+03,1.689728879184e+01,7.354326171594e-03
4.114795164567e-03,3.213169942926e+01,7.810919162044e+00,1.796206610210e+04,2.706333423647e+03,1.689933952075e+01,7.348785720871e-03
4.115685618045e-03,3.212681358131e+01,7.811493124058e+00,1.797911606564e+04,2.706004944881e+03,1.690139089040e+01,7.343247479204e-03
4.116575271661e-03,3.212192741850e+01,7.812065444925e+00,1.799618371452e+04,2.705676443294e+03,1.690344290072e+01,7.337711388130e-03
4.117464125964e-03,3.211704094163e+01,7.812636129797e+00,1.801326893332e+04,2.705347918939e+03,1.690549555167e+01,7.332177509145e-03
4.118352181494e-03,3.211215415154e+01,7.813205179655e+00,1.803037174213e+04,2.705019371873e+03,1.690754884319e+01,7.326645844366e-03
4.119239438807e-03,3.210726704902e+01,7.813772590751e+00,1.804749229175e+04,2.704690802148e+03,1.690960277522e+01,7.321116338464e-03
4.120125898439e-03,3.210237963492e+01,7.814338367823e+00,1.806463047845e+04,2.704362209821e+03,1.691165734770e+01,7.315589047514e-03
4.121011560939e-03,3.209749191006e+01,7.814902512057e+00,1.808178631633e+04,2.704033594946e+03,1.691371256057e+01,7.310063976280e-03
4.121896426853e-03,3.209260387523e+01,7.815465019910e+00,1.809895995058e+04,2.703704957576e+03,1.691576841379e+01,7.304541072187e-03
4.122780496730e-03,3.208771553123e+01,7.816025895727e+00,1.811615128947e+04,2.703376297765e+03,1.691782490731e+01,7.299020385846e-03
4.123663771110e-03,3.208282687891e+01,7.816585140887e+00,1.813336034089e+04,2.703047615569e+03,1.691988204106e+01,7.293501924708e-03
4.124546250538e-03,3.207793791907e+01,7.817142752051e+00,1.815058724451e+04,2.702718911042e+03,1.692193981498e+01,7.287985638886e-03
4.125427935566e-03,3.207304865250e+01,7.817698733176e+00,1.816783192043e+04,2.702390184236e+03,1.692399822905e+01,7.282471573655e-03
4.126308826737e-03,3.206815908001e+01,7.818253085833e+00,1.818509437054e+04,2.702061435205e+03,1.692605728319e+01,7.276959739048e-03
4.127188924591e-03,3.206326920244e+01,7.818805806884e+00,1.820237472900e+04,2.701732664005e+03,1.692811697734e+01,7.271450087836e-03
4.128068229682e-03,3.205837902053e+01,7.819356899904e+00,1.821967292762e+04,2.701403870686e+03,1.693017731148e+01,7.265942660059e-03
4.128946742550e-03,3.205348853513e+01,7.819906366648e+00,1.823698896222e+04,2.701075055303e+03,1.693223828554e+01,7.260437468322e-03
4.129824463742e-03,3.204859774703e+01,7.820454204182e+00,1.825432296171e+04,2.700746217911e+03,1.693429989948e+01,7.254934467934e-03
4.130701393801e-03,3.204370665702e+01,7.821000415699e+00,1.827167486929e+04,2.700417358562e+03,1.693636215323e+01,7.249433693867e-03
4.131577533278e-03,3.203881526590e+01,7.821545003144e+00,1.828904467500e+04,2.700088477308e+03,1.693842504677e+01,7.243935161180e-03
4.132452882712e-03,3.203392357446e+01,7.822087963775e+00,1.830643250233e+04,2.699759574203e+03,1.694048858003e+01,7.238438827737e-03
4.133327442652e-03,3.202903158350e+01,7.822629300418e+00,1.832383830601e+04,2.699430649300e+03,1.694255275297e+01,7.232944723472e-03
4.134201213644e-03,3.202413929380e+01,7.823169015196e+00,1.834126207011e+04,2.699101702651e+03,1.694461756554e+01,7.227452865909e-03
4.135074196228e-03,3.201924670618e+01,7.823707105560e+00,1.835870391283e+04,2.698772734310e+03,1.694668301769e+01,7.221963215412e-03
4.135946390953e-03,3.201435382139e+01,7.824243573973e+00,1.837616380033e+04,2.698443744328e+03,1.694874910938e+01,7.216475796952e-03
4.136817798364e-03,3.200946064024e+01,7.824778422734e+00,1.839364171078e+04,2.698114732759e+03,1.695081584057e+01,7.210990630485e-03
4.137688419007e-03,3.200456716351e+01,7.825311649488e+00,1.841113775725e+04,2.697785699655e+03,1.695288321120e+01,7.205507678779e-03
4.138558253425e-03,3.199967339197e+01,7.825843256337e+00,1.842865191709e+04,2.697456645066e+03,1.695495122123e+01,7.200026961988e-03
4.139427302163e-03,3.199477932642e+01,7.826373245755e+00,1.844618416266e+04,2.697127569047e+03,1.695701987062e+01,7.194548502436e-03
4.140295565765e-03,3.198988496764e+01,7.826901615570e+00,1.846373460181e+04,2.696798471649e+03,1.695908915932e+01,7.189072265296e-03
4.141163044781e-03,3.198499031638e+01,7.827428367539e+00,1.848130322319e+04,2.696469352923e+03,1.696115908730e+01,7.183598265931e-03
4.142029739750e-03,3.198009537345e+01,7.827953504304e+00,1.849888999332e+04,2.696140212922e+03,1.696322965451e+01,7.178126529007e-03
4.142895651219e-03,3.197520013962e+01,7.828477023876e+00,1.851649501496e+04,2.695811051698e+03,1.696530086090e+01,7.172657022040e-03
4.143760779731e-03,3.197030461565e+01,7.828998927666e+00,1.853411828774e+04,2.695481869301e+03,1.696737270643e+01,7.167189755756e-03
4.144625125835e-03,3.196540880231e+01,7.829519218488e+00,1.855175977264e+04,2.695152665784e+03,1.696944519107e+01,7.161724757048e-03
4.145488690071e-03,3.196051270040e+01,7.830037894528e+00,1.856941956717e+04,2.694823441197e+03,1.697151831477e+01,7.156261995781e-03
4.146351472986e-03,3.195561631065e+01,7.830554956863e+00,1.858709768210e+04,2.694494195593e+03,1.697359207749e+01,7.150801478066e-03
4.147213475125e-03,3.195071963384e+01,7.831070408469e+00,1.860479407262e+04,2.694164929021e+03,1.697566647920e+01,7.145343233058e-03
4.148074697030e-03,3.194582267076e+01,7.831584247707e+00,1.862250883126e+04,2.693835641534e+03,1.697774151985e+01,7.139887232877e-03
4.148935139246e-03,3.194092542214e+01,7.832096475326e+00,1.864024197969e+04,2.693506333182e+03,1.697981719941e+01,7.134433479138e-03
4.149794802322e-03,3.193602788874e+01,7.832607094463e+00,1.865799346752e+04,2.693177004015e+03,1.698189351784e+01,7.128982003170e-03
4.150653686794e-03,3.193113007136e+01,7.833116103648e+00,1.867576338216e+04,2.692847654086e+03,1.698397047509e+01,7.123532779353e-03
4.151511793214e-03,3.192623197072e+01,7.833623503310e+00,1.869355175626e+04,2.692518283443e+03,1.698604807115e+01,7.118085804848e-03
4.152369122123e-03,3.192133358759e+01,7.834129296740e+00,1.871135853372e+04,2.692188892137e+03,1.698812630596e+01,7.112641113169e-03
4.153225674062e-03,3.191643492274e+01,7.834633482638e+00,1.872918379706e+04,2.691859480221e+03,1.699020517949e+01,7.107198680858e-03
4.154081449579e-03,3.191153597692e+01,7.835136061116e+00,1.874702758961e+04,2.691530047744e+03,1.699228469170e+01,7.101758500767e-03
4.154936449220e-03,3.190663675084e+01,7.835637035621e+00,1.876488984983e+04,2.691200594753e+03,1.699436484258e+01,7.096320608484e-03
4.155790673525e-03,3.190173724531e+01,7.836136405018e+00,1.878277065529e+04,2.690871121302e+03,1.699644563206e+01,7.090884982707e-03
4.156644123037e-03,3.189683746105e+01,7.836634169106e+00,1.880067005994e+04,2.690541627441e+03,1.699852706013e+01,7.085451612050e-03
4.157496798306e-03,3.189193739880e+01,7.837130331485e+00,1.881858799677e+04,2.690212113216e+03,1.700060912676e+01,7.080020534158e-03
4.158348699867e-03,3.188703705934e+01,7.837624891178e+00,1.883652453841e+04,2.689882578681e+03,1.700269183190e+01,7.074591729854e-03
4.159199828272e-03,3.188213644337e+01,7.838117847688e+00,1.885447974958e+04,2.689553023883e+03,1.700477517553e+01,7.069165183526e-03
4.160050184061e-03,3.187723555165e+01,7.838609204754e+00,1.887245355756e+04,2.689223448872e+03,1.700685915762e+01,7.063740934916e-03
4.160899767774e-03,3.187233438496e+01,7.839098961563e+00,1.889044603031e+04,2.688893853700e+03,1.700894377813e+01,7.058318966866e-03
4.161748579962e-03,3.186743294397e+01,7.839587117318e+00,1.890845724300e+04,2.688564238412e+03,1.701102903703e+01,7.052899259687e-03
4.162596621163e-03,3.186253122947e+01,7.840073675904e+00,1.892648711749e+04,2.688234603061e+03,1.701311493430e+01,7.047481855110e-03
4.163443891923e-03,3.185762924218e+01,7.840558636664e+00,1.894453571705e+04,2.687904947694e+03,1.701520146990e+01,7.042066737972e-03
4.164290392783e-03,3.185272698284e+01,7.841041998507e+00,1.896260312702e+04,2.687575272361e+03,1.701728864381e+01,7.036653884643e-03
4.165136124291e-03,3.184782445215e+01,7.841523765463e+00,1.898068926419e+04,2.687245577108e+03,1.701937645600e+01,7.031243338711e-03
4.165981086982e-03,3.184292165091e+01,7.842003937022e+00,1.899879418681e+04,2.686915861990e+03,1.702146490643e+01,7.025835087084e-03
4.166825281409e-03,3.183801857978e+01,7.842482511814e+00,1.901691799083e+04,2.686586127049e+03,1.702355399509e+01,7.020429102113e-03
4.167668708107e-03,3.183311523953e+01,7.842959494000e+00,1.903506058737e+04,2.686256372338e+03,1.702564372195e+01,7.015025429394e-03
4.168511367623e-03,3.182821163088e+01,7.843434883227e+00,1.905322203030e+04,2.685926597904e+03,1.702773408697e+01,7.009624057683e-03
4.169353260499e-03,3.182330775454e+01,7.843908677840e+00,1.907140242555e+04,2.685596803795e+03,1.702982509014e+01,7.004224955556e-03
4.170194387279e-03,3.181840361124e+01,7.844380882139e+00,1.908960167917e+04,2.685266990060e+03,1.703191673143e+01,6.998828170410e-03
4.171034748503e-03,3.181349920172e+01,7.844851495914e+00,1.910781984025e+04,2.684937156747e+03,1.703400901081e+01,6.993433692956e-03
4.171874344715e-03,3.180859452668e+01,7.845320517239e+00,1.912605702490e+04,2.684607303904e+03,1.703610192826e+01,6.988041487979e-03
4.172713176461e-03,3.180368958684e+01,7.845787950546e+00,1.914431313392e+04,2.684277431577e+03,1.703819548376e+01,6.982651604702e-03
4.173551244276e-03,3.179878438295e+01,7.846253795764e+00,1.916258821175e+04,2.683947539819e+03,1.704028967728e+01,6.977264035720e-03
4.174388548712e-03,3.179387891567e+01,7.846718050708e+00,1.918088238469e+04,2.683617628672e+03,1.704238450881e+01,6.971878742085e-03
4.175225090305e-03,3.178897318574e+01,7.847180719932e+00,1.919919554821e+04,2.683287698186e+03,1.704447997832e+01,6.966495774844e-03
4.176060869596e-03,3.178406719390e+01,7.847641803508e+00,1.921752774226e+04,2.682957748410e+03,1.704657608577e+01,6.961115128409e-03
4.176895887133e-03,3.177916094082e+01,7.848101298988e+00,1.923587910305e+04,2.682627779390e+03,1.704867283117e+01,6.955736760220e-03
4.177730143454e-03,3.177425442724e+01,7.848559211053e+00,1.925424952089e+04,2.682297791173e+03,1.705077021449e+01,6.950360723081e-03
4.178563639103e-03,3.176934765384e+01,7.849015539915e+00,1.927263903138e+04,2.681967783806e+03,1.705286823570e+01,6.944987013148e-03
4.179396374622e-03,3.176444062135e+01,7.849470282867e+00,1.929104778043e+04,2.681637757338e+03,1.705496689480e+01,6.939615584368e-03
4.180228350551e-03,3.175953333046e+01,7.849923444714e+00,1.930947565329e+04,2.681307711814e+03,1.705706619175e+01,6.934246491240e-03
4.181059567434e-03,3.175462578189e+01,7.850375025801e+00,1.932792268111e+04,2.680977647282e+03,1.705916612654e+01,6.928879731682e-03
4.181890025813e-03,3.174971797632e+01,7.850825023174e+00,1.934638901958e+04,2.680647563788e+03,1.706126669916e+01,6.923515256161e-03
4.182719726226e-03,3.174480991447e+01,7.851273441756e+00,1.936487454887e+04,2.680317461379e+03,1.706336790958e+01,6.918153120860e-03
4.183548669219e-03,3.173990159702e+01,7.851720282024e+00,1.938337929574e+04,2.679987340103e+03,1.706546975780e+01,6.912793325409e-03
4.184376855332e-03,3.173499302469e+01,7.852165540779e+00,1.940190342551e+04,2.679657200005e+03,1.706757224378e+01,6.907435816892e-03
4.185204285107e-03,3.173008419814e+01,7.852609223065e+00,1.942044681347e+04,2.679327041130e+03,1.706967536753e+01,6.902080653095e-03
4.186030959084e-03,3.172517511810e+01,7.853051329484e+00,1.943900948187e+04,2.678996863528e+03,1.707177912902e+01,6.896727835373e-03
4.186856877806e-03,3.172026578524e+01,7.853491856599e+00,1.945759160571e+04,2.678666667242e+03,1.707388352824e+01,6.891377307458e-03
4.187682041809e-03,3.171535620028e+01,7.853930809486e+00,1.947619305416e+04,2.678336452321e+03,1.707598856517e+01,6.886029129065e-03
4.188506451643e-03,3.171044636387e+01,7.854368188958e+00,1.949481385035e+04,2.678006218807e+03,1.707809423981e+01,6.880683301452e-03
4.189330107842e-03,3.170553627672e+01,7.854803991503e+00,1.951345416875e+04,2.677675966750e+03,1.708020055213e+01,6.875339768765e-03
4.190153010950e-03,3.170062593951e+01,7.855238222031e+00,1.953211388211e+04,2.677345696192e+03,1.708230750213e+01,6.869998589040e-03
4.190975161506e-03,3.169571535294e+01,7.855670881511e+00,1.955079301145e+04,2.677015407182e+03,1.708441508979e+01,6.864659764429e-03
4.191796560053e-03,3.169080451767e+01,7.856101966529e+00,1.956949172728e+04,2.676685099764e+03,1.708652331511e+01,6.859323240862e-03
4.192617207131e-03,3.168589343438e+01,7.856531481745e+00,1.958820991052e+04,2.676354773982e+03,1.708863217808e+01,6.853989073026e-03
4.193437103277e-03,3.168098210379e+01,7.856959428246e+00,1.960694757782e+04,2.676024429885e+03,1.709074167866e+01,6.848657264717e-03
4.194256249040e-03,3.167607052652e+01,7.857385802751e+00,1.962570489624e+04,2.675694067515e+03,1.709285181689e+01,6.843327763485e-03
4.195074644950e-03,3.167115870329e+01,7.857810609673e+00,1.964448175457e+04,2.675363686919e+03,1.709496259272e+01,6.838000620791e-03
4.195892291556e-03,3.166624663476e+01,7.858233850223e+00,1.966327816552e+04,2.675033288140e+03,1.709707400616e+01,6.832675841933e-03
4.196709189391e-03,3.166133432161e+01,7.858655521236e+00,1.968209429223e+04,2.674702871226e+03,1.709918605719e+01,6.827353376201e-03
4.197525339001e-03,3.165642176450e+01,7.859075626900e+00,1.970093003188e+04,2.674372436219e+03,1.710129874581e+01,6.822033271723e-03
4.198340740922e-03,3.165150896412e+01,7.859494168531e+00,1.971978539271e+04,2.674041983166e+03,1.710341207202e+01,6.816715535430e-03
4.199155395696e-03,3.164659592113e+01,7.859911143094e+00,1.973866053452e+04,2.673711512111e+03,1.710552603580e+01,6.811400118157e-03
4.199969303865e-03,3.164168263617e+01,7.860326554544e+00,1.975755536236e+04,2.673381023096e+03,1.710764063716e+01,6.806087064895e-03
4.200782465961e-03,3.163676910997e+01,7.860740404306e+00,1.977646988020e+04,2.673050516170e+03,1.710975587607e+01,6.800776384126e-03
4.201594882533e-03,3.163185534312e+01,7.861152689468e+00,1.979540424459e+04,2.672719991374e+03,1.711187175256e+01,6.795468028193e-03
4.202406554114e-03,3.162694133634e+01,7.861563413760e+00,1.981435836819e+04,2.672389448753e+03,1.711398826659e+01,6.790162039056e-03
4.203217481248e-03,3.162202709026e+01,7.861972578716e+00,1.983333225117e+04,2.672058888350e+03,1.711610541818e+01,6.784858426602e-03
4.204027664469e-03,3.161711260557e+01,7.862380181538e+00,1.985232604628e+04,2.671728310213e+03,1.711822320731e+01,6.779557144808e-03
4.204837104322e-03,3.161219788289e+01,7.862786225740e+00,1.987133967424e+04,2.671397714381e+03,1.712034163400e+01,6.774258232530e-03
4.205645801343e-03,3.160728292290e+01,7.863190712961e+00,1.989037313098e+04,2.671067100901e+03,1.712246069823e+01,6.768961701149e-03
4.206453756069e-03,3.160236772626e+01,7.863593640518e+00,1.990942656595e+04,2.670736469817e+03,1.712458040000e+01,6.763667506127e-03
4.207260969042e-03,3.159745229361e+01,7.863995011710e+00,1.992849990747e+04,2.670405821170e+03,1.712670073931e+01,6.758375683373e-03
4.208067440802e-03,3.159253662561e+01,7.864394828278e+00,1.994759314753e+04,2.670075155005e+03,1.712882171616e+01,6.753086245673e-03
4.208873171885e-03,3.158762072291e+01,7.864793087654e+00,1.996670643226e+04,2.669744471366e+03,1.713094333055e+01,6.747799149951e-03
4.209678162833e-03,3.158270458614e+01,7.865189792929e+00,1.998583969753e+04,2.669413770294e+03,1.713306558250e+01,6.742514429226e-03
4.210482414178e-03,3.157778821600e+01,7.865584945938e+00,2.000499293120e+04,2.669083051837e+03,1.713518847197e+01,6.737232097718e-03
4.211285926463e-03,3.157287161310e+01,7.865978544229e+00,2.002416627631e+04,2.668752316034e+03,1.713731199898e+01,6.731952113734e-03
4.212088700230e-03,3.156795477805e+01,7.866370590686e+00,2.004335967617e+04,2.668421562928e+03,1.713943616356e+01,6.726674507470e-03
4.212890736008e-03,3.156303771157e+01,7.866761087244e+00,2.006257311469e+04,2.668090792564e+03,1.714156096567e+01,6.721399294509e-03
4.213692034344e-03,3.155812041424e+01,7.867150031557e+00,2.008180673175e+04,2.667760004984e+03,1.714368640534e+01,6.716126434544e-03
4.214492595768e-03,3.155320288674e+01,7.867537426307e+00,2.010106047780e+04,2.667429200230e+03,1.714581248256e+01,6.710855955073e-03
4.215292420826e-03,3.154828512968e+01,7.867923273529e+00,2.012033433322e+04,2.667098378345e+03,1.714793919735e+01,6.705587872905e-03
4.216091510050e-03,3.154336714371e+01,7.868307570979e+00,2.013962843442e+04,2.666767539373e+03,1.715006654970e+01,6.700322149185e-03
4.216889863979e-03,3.153844892946e+01,7.868690321147e+00,2.015894273932e+04,2.666436683354e+03,1.715219453962e+01,6.695058808654e-03
4.217687483150e-03,3.153353048759e+01,7.869071526158e+00,2.017827722429e+04,2.666105810333e+03,1.715432316711e+01,6.689797869464e-03
4.218484368104e-03,3.152861181870e+01,7.869451183872e+00,2.019763202281e+04,2.665774920349e+03,1.715645243218e+01,6.684539294050e-03
4.219280519374e-03,3.152369292343e+01,7.869829296590e+00,2.021700709984e+04,2.665444013447e+03,1.715858233485e+01,6.679283104547e-03
4.220075937502e-03,3.151877380240e+01,7.870205866528e+00,2.023640242813e+04,2.665113089666e+03,1.716071287512e+01,6.674029320327e-03
4.220870623017e-03,3.151385445628e+01,7.870580891642e+00,2.025581813781e+04,2.664782149052e+03,1.716284405298e+01,6.668777905206e-03
4.221664576463e-03,3.150893488565e+01,7.870954374052e+00,2.027525420115e+04,2.664451191644e+03,1.716497586846e+01,6.663528878688e-03
4.222457798375e-03,3.150401509116e+01,7.871326316059e+00,2.029471058702e+04,2.664120217484e+03,1.716710832156e+01,6.658282261402e-03
4.223250289291e-03,3.149909507343e+01,7.871696715722e+00,2.031418742276e+04,2.663789226615e+03,1.716924141229e+01,6.653038018391e-03
4.224042049746e-03,3.149417483306e+01,7.872065574977e+00,2.033368468742e+04,2.663458219076e+03,1.717137514068e+01,6.647796166685e-03
4.224833080275e-03,3.148925437072e+01,7.872432896208e+00,2.035320234617e+04,2.663127194911e+03,1.717350950670e+01,6.642556728133e-03
4.225623381418e-03,3.148433368698e+01,7.872798677575e+00,2.037274052349e+04,2.662796154160e+03,1.717564451039e+01,6.637319668980e-03
4.226412953708e-03,3.147941278249e+01,7.873162920834e+00,2.039229920520e+04,2.662465096864e+03,1.717778015176e+01,6.632085003845e-03
4.227201797686e-03,3.147449165784e+01,7.873525628456e+00,2.041187835304e+04,2.662134023064e+03,1.717991643082e+01,6.626852755683e-03
4.227989913882e-03,3.146957031367e+01,7.873886798690e+00,2.043147808832e+04,2.661802932803e+03,1.718205334758e+01,6.621622892025e-03
4.228777302835e-03,3.146464875058e+01,7.874246433124e+00,2.045109840378e+04,2.661471826121e+03,1.718419090205e+01,6.616395425062e-03
4.229563965080e-03,3.145972696918e+01,7.874604534308e+00,2.047073925748e+04,2.661140703057e+03,1.718632909424e+01,6.611170378903e-03
4.230349901153e-03,3.145480497010e+01,7.874961100583e+00,2.049040076797e+04,2.660809563655e+03,1.718846792418e+01,6.605947722250e-03
4.231135111593e-03,3.144988275391e+01,7.875316133373e+00,2.051008293472e+04,2.660478407952e+03,1.719060739188e+01,6.600727464942e-03
4.231919596930e-03,3.144496032125e+01,7.875669635301e+00,2.052978571208e+04,2.660147235991e+03,1.719274749735e+01,6.595509632243e-03
4.232703357703e-03,3.144003767272e+01,7.876021604800e+00,2.054950921596e+04,2.659816047811e+03,1.719488824061e+01,6.590294193969e-03
4.233486394443e-03,3.143511480892e+01,7.876372043129e+00,2.056925345214e+04,2.659484843454e+03,1.719702962168e+01,6.585081157748e-03
4.234268707689e-03,3.143019173046e+01,7.876720952991e+00,2.058901837178e+04,2.659153622960e+03,1.719917164056e+01,6.579870549856e-03
4.235050297976e-03,3.142526843794e+01,7.877068332904e+00,2.060880408788e+04,2.658822386368e+03,1.720131429729e+01,6.574662341268e-03
4.235831165838e-03,3.142034493194e+01,7.877414183970e+00,2.062861061279e+04,2.658491133718e+03,1.720345759188e+01,6.569456537378e-03
4.236611311810e-03,3.141542121308e+01,7.877758508965e+00,2.064843789415e+04,2.658159865050e+03,1.720560152434e+01,6.564253165525e-03
4.237390736423e-03,3.141049728197e+01,7.878101306490e+00,2.066828604220e+04,2.657828580407e+03,1.720774609469e+01,6.559052197804e-03
4.238169440218e-03,3.140557313916e+01,7.878442577496e+00,2.068815507583e+04,2.657497279823e+03,1.720989130297e+01,6.553853637408e-03
4.238947423723e-03,3.140064878530e+01,7.878782324828e+00,2.070804493912e+04,2.657165963343e+03,1.721203714918e+01,6.548657512744e-03
4.239724687480e-03,3.139572422092e+01,7.879120547175e+00,2.072795573992e+04,2.656834631002e+03,1.721418363335e+01,6.543463796901e-03
4.240501232012e-03,3.139079944668e+01,7.879457245330e+00,2.074788750298e+04,2.656503282844e+03,1.721633075549e+01,6.538272491088e-03
4.241277057863e-03,3.138587446312e+01,7.879792422215e+00,2.076784016944e+04,2.656171918906e+03,1.721847851564e+01,6.533083624595e-03
4.242052165560e-03,3.138094927086e+01,7.880126076592e+00,2.078781384421e+04,2.655840539227e+03,1.722062691380e+01,6.527897171644e-03
4.242826555645e-03,3.137602387044e+01,7.880458209119e+00,2.080780855864e+04,2.655509143846e+03,1.722277595003e+01,6.522713131290e-03
4.243600228641e-03,3.137109826251e+01,7.880788822776e+00,2.082782425013e+04,2.655177732804e+03,1.722492562431e+01,6.517531533901e-03
4.244373185087e-03,3.136617244761e+01,7.881117916408e+00,2.084786102132e+04,2.654846306138e+03,1.722707593668e+01,6.512352354641e-03
4.245145425519e-03,3.136124642633e+01,7.881445490530e+00,2.086791890947e+04,2.654514863887e+03,1.722922688718e+01,6.507175590623e-03
4.245916950465e-03,3.135632019926e+01,7.881771548188e+00,2.088799784892e+04,2.654183406092e+03,1.723137847582e+01,6.502001273104e-03
4.246687760462e-03,3.135139376696e+01,7.882096088304e+00,2.090809793974e+04,2.653851932789e+03,1.723353070262e+01,6.496829378255e-03
4.247457856041e-03,3.134646713003e+01,7.882419111253e+00,2.092821922509e+04,2.653520444017e+03,1.723568356763e+01,6.491659901271e-03
4.248227237734e-03,3.134154028904e+01,7.882740620147e+00,2.094836163618e+04,2.653188939815e+03,1.723783707085e+01,6.486492874304e-03
4.248995906075e-03,3.133661324457e+01,7.883060613981e+00,2.096852527061e+04,2.652857420223e+03,1.723999121233e+01,6.481328274491e-03
4.249763861595e-03,3.133168599719e+01,7.883379092998e+00,2.098871017738e+04,2.652525885277e+03,1.724214599208e+01,6.476166095158e-03
4.250531104830e-03,3.132675854745e+01,7.883696060371e+00,2.100891628471e+04,2.652194335016e+03,1.724430141014e+01,6.471006369297e-03
4.251297636305e-03,3.132183089598e+01,7.884011515163e+00,2.102914368757e+04,2.651862769480e+03,1.724645746652e+01,6.465849075043e-03
4.252063456564e-03,3.131690304326e+01,7.884325457495e+00,2.104939244108e+04,2.651531188701e+03,1.724861416128e+01,6.460694203806e-03
4.252828566123e-03,3.131197498997e+01,7.884637890592e+00,2.106966246989e+04,2.651199592725e+03,1.725077149442e+01,6.455541789559e-03
4.253592965528e-03,3.130704673657e+01,7.884948813594e+00,2.108995386715e+04,2.650867981585e+03,1.725292946599e+01,6.450391811201e-03
4.254356655308e-03,3.130211828367e+01,7.885258226492e+00,2.111026669324e+04,2.650536355317e+03,1.725508807602e+01,6.445244258487e-03
4.255119635984e-03,3.129718963187e+01,7.885566132569e+00,2.113060086997e+04,2.650204713965e+03,1.725724732453e+01,6.440099166155e-03
4.255881908103e-03,3.129226078167e+01,7.885872531034e+00,2.115095648822e+04,2.649873057561e+03,1.725940721156e+01,6.434956513991e-03
4.256643472182e-03,3.128733173368e+01,7.886177421754e+00,2.117133361366e+04,2.649541386145e+03,1.726156773714e+01,6.429816290092e-03
4.257404328762e-03,3.128240248842e+01,7.886480808073e+00,2.119173216559e+04,2.649209699753e+03,1.726372890131e+01,6.424678529885e-03
4.258164478372e-03,3.127747304647e+01,7.886782689261e+00,2.121215223222e+04,2.648877998423e+03,1.726589070409e+01,6.419543214113e-03
4.258923921539e-03,3.127254340838e+01,7.887083065069e+00,2.123259388498e+04,2.648546282192e+03,1.726805314553e+01,6.414410329138e-03
4.259682658799e-03,3.126761357470e+01,7.887381938895e+00,2.125305704007e+04,2.648214551096e+03,1.727021622566e+01,6.409279911198e-03
4.260440690676e-03,3.126268354602e+01,7.887679310070e+00,2.127354178347e+04,2.647882805175e+03,1.727237994450e+01,6.404151941880e-03
4.261198017705e-03,3.125775332285e+01,7.887975178236e+00,2.129404819210e+04,2.647551044463e+03,1.727454430211e+01,6.399026405896e-03
4.261954640418e-03,3.125282290574e+01,7.888269546840e+00,2.131457617926e+04,2.647219268997e+03,1.727670929851e+01,6.393903340241e-03
4.262710559342e-03,3.124789229526e+01,7.888562415276e+00,2.133512582886e+04,2.646887478815e+03,1.727887493375e+01,6.388782727288e-03
4.263465775006e-03,3.124296149196e+01,7.888853783075e+00,2.135569722290e+04,2.646555673953e+03,1.728104120785e+01,6.383664550231e-03
4.264220287941e-03,3.123803049638e+01,7.889143653732e+00,2.137629027188e+04,2.646223854448e+03,1.728320812086e+01,6.378548846779e-03
4.264974098680e-03,3.123309930905e+01,7.889432026705e+00,2.139690505775e+04,2.645892020335e+03,1.728537567282e+01,6.373435600053e-03
4.265727207747e-03,3.122816793054e+01,7.889718901417e+00,2.141754166762e+04,2.645560171652e+03,1.728754386376e+01,6.368324791749e-03
4.266479615675e-03,3.122323636138e+01,7.890004281411e+00,2.143820000921e+04,2.645228308433e+03,1.728971269372e+01,6.363216460266e-03
4.267231322993e-03,3.121830460211e+01,7.890288166201e+00,2.145888016238e+04,2.644896430717e+03,1.729188216275e+01,6.358110589505e-03
4.267982330228e-03,3.121337265328e+01,7.890570555110e+00,2.147958221935e+04,2.644564538538e+03,1.729405227089e+01,6.353007159678e-03
4.268732637913e-03,3.120844051539e+01,7.890851451727e+00,2.150030608518e+04,2.644232631931e+03,1.729622301818e+01,6.347906209843e-03
4.269482246572e-03,3.120350818903e+01,7.891130855621e+00,2.152105183760e+04,2.643900710935e+03,1.729839440465e+01,6.342807724664e-03
4.270231156737e-03,3.119857567470e+01,7.891408766018e+00,2.154181957393e+04,2.643568775583e+03,1.730056643035e+01,6.337711682908e-03
4.270979368934e-03,3.119364297296e+01,7.891685186548e+00,2.156260919633e+04,2.643236825912e+03,1.730273909533e+01,6.332618124328e-03
4.271726883693e-03,3.118871008432e+01,7.891960116836e+00,2.158342078087e+04,2.642904861958e+03,1.730491239962e+01,6.327527034240e-03
4.272473701545e-03,3.118377700931e+01,7.892233556014e+00,2.160425442962e+04,2.642572883754e+03,1.730708634328e+01,6.322438390059e-03
4.273219823012e-03,3.117884374847e+01,7.892505507753e+00,2.162511004210e+04,2.642240891338e+03,1.730926092635e+01,6.317352232175e-03
4.273965248625e-03,3.117391030234e+01,7.892775971731e+00,2.164598769249e+04,2.641908884744e+03,1.731143614885e+01,6.312268546579e-03
4.274709978915e-03,3.116897667141e+01,7.893044946988e+00,2.166688748764e+04,2.641576864007e+03,1.731361201087e+01,6.307187309370e-03
4.275454014404e-03,3.116404285624e+01,7.893312437236e+00,2.168780932449e+04,2.641244829162e+03,1.731578851243e+01,6.302108561531e-03
4.276197355619e-03,3.115910885736e+01,7.893578442202e+00,2.170875327536e+04,2.640912780247e+03,1.731796565356e+01,6.297032289732e-03
4.276940003091e-03,3.115417467528e+01,7.893842960838e+00,2.172971945169e+04,2.640580717294e+03,1.732014343433e+01,6.291958468808e-03
4.277681957351e-03,3.114924031047e+01,7.894105996898e+00,2.175070774816e+04,2.640248640336e+03,1.732232185480e+01,6.286887140249e-03
4.278423218921e-03,3.114430576351e+01,7.894367550157e+00,2.177171823522e+04,2.639916549410e+03,1.732450091500e+01,6.281818291394e-03
4.279163788322e-03,3.113937103494e+01,7.894627619480e+00,2.179275102860e+04,2.639584444553e+03,1.732668061497e+01,6.276751895909e-03
4.279903666088e-03,3.113443612524e+01,7.894886208657e+00,2.181380602059e+04,2.639252325797e+03,1.732886095477e+01,6.271687995823e-03
4.280642852749e-03,3.112950103489e+01,7.895143317514e+00,2.183488328018e+04,2.638920193174e+03,1.733104193446e+01,6.266626579020e-03
4.281381348824e-03,3.112456576446e+01,7.895398944833e+00,2.185598292747e+04,2.638588046722e+03,1.733322355408e+01,6.261567618008e-03
4.282119154842e-03,3.111963031445e+01,7.895653094440e+00,2.187710485221e+04,2.638255886474e+03,1.733540581368e+01,6.256511155373e-03
4.282856271329e-03,3.111469468537e+01,7.895905766203e+00,2.189824912164e+04,2.637923712465e+03,1.733758871331e+01,6.251457179612e-03
4.283592698807e-03,3.110975887774e+01,7.896156958830e+00,2.191941586029e+04,2.637591524729e+03,1.733977225302e+01,6.246405662076e-03
4.284328437811e-03,3.110482289202e+01,7.896406676180e+00,2.194060495570e+04,2.637259323297e+03,1.734195643288e+01,6.241356645818e-03
4.285063488861e-03,3.109988672876e+01,7.896654918164e+00,2.196181647340e+04,2.636927108206e+03,1.734414125293e+01,6.236310119932e-03
4.285797852476e-03,3.109495038850e+01,7.896901683415e+00,2.198305054201e+04,2.636594879491e+03,1.734632671321e+01,6.231266054711e-03
4.286531529194e-03,3.109001387165e+01,7.897146975823e+00,2.200430704693e+04,2.636262637181e+03,1.734851281380e+01,6.226224493652e-03
4.287264519532e-03,3.108507717879e+01,7.897390795343e+00,2.202558605201e+04,2.635930381314e+03,1.735069955474e+01,6.221185426426e-03
4.287996824014e-03,3.108014031042e+01,7.897633140537e+00,2.204688769016e+04,2.635598111922e+03,1.735288693609e+01,6.216148822241e-03
4.288728443171e-03,3.107520326699e+01,7.897874015323e+00,2.206821184429e+04,2.635265829037e+03,1.735507495791e+01,6.211114725106e-03
4.289459377525e-03,3.107026604903e+01,7.898113419699e+00,2.208955857703e+04,2.634933532693e+03,1.735726362025e+01,6.206083125158e-03
4.290189627596e-03,3.106532865705e+01,7.898351352156e+00,2.211092802510e+04,2.634601222925e+03,1.735945292316e+01,6.201053990653e-03
4.290919193913e-03,3.106039109153e+01,7.898587816642e+00,2.213232006920e+04,2.634268899764e+03,1.736164286671e+01,6.196027366034e-03
4.291648076999e-03,3.105545335296e+01,7.898822813193e+00,2.215373477056e+04,2.633936563245e+03,1.736383345095e+01,6.191003241937e-03
4.292376277377e-03,3.105051544185e+01,7.899056340237e+00,2.217517226987e+04,2.633604213400e+03,1.736602467594e+01,6.185981585643e-03
4.293103795573e-03,3.104557735868e+01,7.899288401748e+00,2.219663244566e+04,2.633271850261e+03,1.736821654175e+01,6.180962442022e-03
4.293830632109e-03,3.104063910394e+01,7.899518997798e+00,2.221811535770e+04,2.632939473862e+03,1.737040904843e+01,6.175945802201e-03
4.294556787509e-03,3.103570067813e+01,7.899748126756e+00,2.223962115056e+04,2.632607084235e+03,1.737260219603e+01,6.170931632534e-03
4.295282262294e-03,3.103076208173e+01,7.899975792617e+00,2.226114970054e+04,2.632274681413e+03,1.737479598463e+01,6.165919978315e-03
4.296007056990e-03,3.102582331524e+01,7.900201995492e+00,2.228270106619e+04,2.631942265429e+03,1.737699041427e+01,6.160910831108e-03
4.296731172120e-03,3.102088437911e+01,7.900426733690e+00,2.230427539580e+04,2.631609836314e+03,1.737918548504e+01,6.155904156391e-03
4.297454608206e-03,3.101594527385e+01,7.900650011231e+00,2.232587256361e+04,2.631277394101e+03,1.738138119699e+01,6.150899999831e-03
4.298177365769e-03,3.101100599997e+01,7.900871828258e+00,2.234749262681e+04,2.630944938823e+03,1.738357755016e+01,6.145898353451e-03
4.298899445334e-03,3.100606655790e+01,7.901092183025e+00,2.236913573731e+04,2.630612470512e+03,1.738577454465e+01,6.140899181898e-03
4.299620847421e-03,3.100112694814e+01,7.901311079575e+00,2.239080176731e+04,2.630279989198e+03,1.738797218050e+01,6.135902531196e-03
4.300341572553e-03,3.099618717118e+01,7.901528518084e+00,2.241249077295e+04,2.629947494916e+03,1.739017045777e+01,6.130908393755e-03
4.301061621252e-03,3.099124722749e+01,7.901744496752e+00,2.243420290940e+04,2.629614987696e+03,1.739236937655e+01,6.125916733481e-03
4.301780994040e-03,3.098630711755e+01,7.901959019643e+00,2.245593804707e+04,2.629282467570e+03,1.739456893689e+01,6.120927596697e-03
4.302499691442e-03,3.098136684180e+01,7.902172086964e+00,2.247769624097e+04,2.628949934570e+03,1.739676913886e+01,6.115940976202e-03
4.303217713971e-03,3.097642640078e+01,7.902383696865e+00,2.249947764945e+04,2.628617388728e+03,1.739896998251e+01,6.110956835202e-03
4.303935062153e-03,3.097148579491e+01,7.902593853429e+00,2.252128214112e+04,2.628284830075e+03,1.740117146793e+01,6.105975220306e-03
4.304651736515e-03,3.096654502465e+01,7.902802556894e+00,2.254310976998e+04,2.627952258641e+03,1.740337359519e+01,6.100996124680e-03
4.305367737567e-03,3.096160409052e+01,7.903009805363e+00,2.256496069756e+04,2.627619674461e+03,1.740557636433e+01,6.096019510833e-03
4.306083065837e-03,3.095666299295e+01,7.903215602935e+00,2.258683479070e+04,2.627287077562e+03,1.740777977545e+01,6.091045425660e-03
4.306797721840e-03,3.095172173244e+01,7.903419949875e+00,2.260873210204e+04,2.626954467980e+03,1.740998382859e+01,6.086073862747e-03
4.307511706106e-03,3.094678030940e+01,7.903622844247e+00,2.263065279681e+04,2.626621845740e+03,1.741218852385e+01,6.081104783819e-03
4.308225019145e-03,3.094183872434e+01,7.903824290162e+00,2.265259673959e+04,2.626289210877e+03,1.741439386129e+01,6.076138236145e-03
4.308937661480e-03,3.093689697772e+01,7.904024287912e+00,2.267456398231e+04,2.625956563422e+03,1.741659984096e+01,6.071174213594e-03
4.309649633633e-03,3.093195506998e+01,7.904222835520e+00,2.269655469297e+04,2.625623903405e+03,1.741880646295e+01,6.066212677322e-03
4.310360936122e-03,3.092701300160e+01,7.904419937113e+00,2.271856873467e+04,2.625291230857e+03,1.742101372734e+01,6.061253674797e-03
4.311071569470e-03,3.092207077301e+01,7.904615593008e+00,2.274060615845e+04,2.624958545807e+03,1.742322163419e+01,6.056297200191e-03
4.311781534191e-03,3.091712838469e+01,7.904809801189e+00,2.276266713504e+04,2.624625848287e+03,1.742543018358e+01,6.051343214128e-03
4.312490830803e-03,3.091218583712e+01,7.905002565796e+00,2.278475152583e+04,2.624293138329e+03,1.742763937557e+01,6.046391764307e-03
4.313199459834e-03,3.090724313070e+01,7.905193887171e+00,2.280685938118e+04,2.623960415960e+03,1.742984921025e+01,6.041442845164e-03
4.313907421796e-03,3.090230026591e+01,7.905383763262e+00,2.282899087455e+04,2.623627681212e+03,1.743205968769e+01,6.036496416789e-03
4.314614717209e-03,3.089735724319e+01,7.905572198220e+00,2.285114586585e+04,2.623294934114e+03,1.743427080797e+01,6.031552527067e-03
4.315321346589e-03,3.089241406302e+01,7.905759192410e+00,2.287332440429e+04,2.622962174699e+03,1.743648257115e+01,6.026611170786e-03
4.316027310457e-03,3.088747072584e+01,7.905944743745e+00,2.289552666625e+04,2.622629402995e+03,1.743869497731e+01,6.021672307482e-03
4.316732609333e-03,3.088252723206e+01,7.906128856392e+00,2.291775251014e+04,2.622296619031e+03,1.744090802655e+01,6.016735985219e-03
4.317437243732e-03,3.087758358216e+01,7.906311530731e+00,2.294000198434e+04,2.621963822838e+03,1.744312171892e+01,6.011802199062e-03
4.318141214167e-03,3.087263977661e+01,7.906492764649e+00,2.296227526771e+04,2.621631014448e+03,1.744533605450e+01,6.006870908103e-03
4.318844521169e-03,3.086769581578e+01,7.906672562319e+00,2.298457221739e+04,2.621298193884e+03,1.744755103341e+01,6.001942160523e-03
4.319547165239e-03,3.086275170020e+01,7.906850924142e+00,2.300689288071e+04,2.620965361185e+03,1.744976665566e+01,5.997015951710e-03
4.320249146909e-03,3.085780743023e+01,7.907027847980e+00,2.302923743958e+04,2.620632516371e+03,1.745198292139e+01,5.992092240198e-03
4.320950466683e-03,3.085286300637e+01,7.907203338009e+00,2.305160574893e+04,2.620299659478e+03,1.745419983064e+01,5.987171074493e-03
4.321651125091e-03,3.084791842901e+01,7.907377394654e+00,2.307399785631e+04,2.619966790531e+03,1.745641738352e+01,5.982252450015e-03
4.322351122636e-03,3.084297369865e+01,7.907550015745e+00,2.309641394509e+04,2.619633909564e+03,1.745863558008e+01,5.977336325104e-03
4.323050459844e-03,3.083802881566e+01,7.907721205471e+00,2.311885386954e+04,2.619301016600e+03,1.746085442044e+01,5.972422748234e-03
4.323749137230e-03,3.083308378050e+01,7.907890964269e+00,2.314131767621e+04,2.618968111673e+03,1.746307390466e+01,5.967511715132e-03
4.324447155304e-03,3.082813859364e+01,7.908059289950e+00,2.316380555092e+04,2.618635194811e+03,1.746529403281e+01,5.962603183728e-03
4.325144514589e-03,3.082319325545e+01,7.908226186706e+00,2.318631734651e+04,2.618302266041e+03,1.746751480501e+01,5.957697202642e-03
4.325841215597e-03,3.081824776640e+01,7.908391654991e+00,2.320885310895e+04,2.617969325394e+03,1.746973622130e+01,5.952793767797e-03
4.326537258846e-03,3.081330212689e+01,7.908555692598e+00,2.323141302650e+04,2.617636372897e+03,1.747195828181e+01,5.947892836736e-03
4.327232644845e-03,3.080835633740e+01,7.908718303718e+00,2.325399695023e+04,2.617303408580e+03,1.747418098658e+01,5.942994458284e-03
4.327927374120e-03,3.080341039829e+01,7.908879488824e+00,2.327660492616e+04,2.616970432469e+03,1.747640433574e+01,5.938098628424e-03
4.328621447176e-03,3.079846431004e+01,7.909039245688e+00,2.329923714413e+04,2.616637444596e+03,1.747862832934e+01,5.933205304508e-03
4.329314864532e-03,3.079351807304e+01,7.909197578507e+00,2.332189345438e+04,2.616304444986e+03,1.748085296749e+01,5.928314535358e-03
4.330007626703e-03,3.078857168773e+01,7.909354487764e+00,2.334457390215e+04,2.615971433669e+03,1.748307825026e+01,5.923426317190e-03
4.330699734200e-03,3.078362515454e+01,7.909509971218e+00,2.336727867941e+04,2.615638410675e+03,1.748530417774e+01,5.918540607058e-03
4.331391187542e-03,3.077867847387e+01,7.909664033068e+00,2.339000763520e+04,2.615305376027e+03,1.748753075004e+01,5.913657453855e-03
4.332081987240e-03,3.077373164614e+01,7.909816673806e+00,2.341276081440e+04,2.614972329758e+03,1.748975796722e+01,5.908776853934e-03
4.332772133810e-03,3.076878467176e+01,7.909967891182e+00,2.343553841088e+04,2.614639271892e+03,1.749198582940e+01,5.903898764112e-03
4.333461627760e-03,3.076383755119e+01,7.910117689393e+00,2.345834027231e+04,2.614306202461e+03,1.749421433664e+01,5.899023233383e-03
4.334150469610e-03,3.075889028480e+01,7.910266068942e+00,2.348116644349e+04,2.613973121489e+03,1.749644348904e+01,5.894150258176e-03
4.334838659869e-03,3.075394287303e+01,7.910413027568e+00,2.350401711983e+04,2.613640029006e+03,1.749867328670e+01,5.889279795156e-03
4.335526199055e-03,3.074899531626e+01,7.910558569469e+00,2.352689214825e+04,2.613306925037e+03,1.750090372971e+01,5.884411893279e-03
4.336213087673e-03,3.074404761495e+01,7.910702695155e+00,2.354979157290e+04,2.612973809613e+03,1.750313481815e+01,5.879546549167e-03
4.336899326243e-03,3.073909976947e+01,7.910845402361e+00,2.357271559108e+04,2.612640682759e+03,1.750536655212e+01,5.874683719270e-03
4.337584915275e-03,3.073415178022e+01,7.910986695278e+00,2.359566404853e+04,2.612307544502e+03,1.750759893173e+01,5.869823452592e-03
4.338269855278e-03,3.072920364767e+01,7.911126574428e+00,2.361863698931e+04,2.611974394872e+03,1.750983195703e+01,5.864965745826e-03
4.338954146771e-03,3.072425537215e+01,7.911265037538e+00,2.364163461220e+04,2.611641233892e+03,1.751206562817e+01,5.860110555297e-03
4.339637790259e-03,3.071930695411e+01,7.911402088798e+00,2.366465676185e+04,2.611308061591e+03,1.751429994521e+01,5.855257930041e-03
4.340320786258e-03,3.071435839394e+01,7.911537728735e+00,2.368770348246e+04,2.610974877998e+03,1.751653490824e+01,5.850407866767e-03
4.341003135276e-03,3.070940969206e+01,7.911671955072e+00,2.371077497383e+04,2.610641683138e+03,1.751877051737e+01,5.845560321783e-03
4.341684837827e-03,3.070446084884e+01,7.911804771997e+00,2.373387107993e+04,2.610308477037e+03,1.752100677271e+01,5.840715344060e-03
4.342365894425e-03,3.069951186468e+01,7.911936180042e+00,2.375699184501e+04,2.609975259721e+03,1.752324367434e+01,5.835872930342e-03
4.343046305572e-03,3.069456274003e+01,7.912066176930e+00,2.378013746983e+04,2.609642031221e+03,1.752548122234e+01,5.831033036942e-03
4.343726071788e-03,3.068961347521e+01,7.912194766841e+00,2.380330779780e+04,2.609308791558e+03,1.752771941686e+01,5.826195712737e-03
4.344405193575e-03,3.068466407070e+01,7.912321950312e+00,2.382650287275e+04,2.608975540764e+03,1.752995825793e+01,5.821360954599e-03
4.345083671453e-03,3.067971452682e+01,7.912447725070e+00,2.384972289719e+04,2.608642278860e+03,1.753219774571e+01,5.816528718688e-03
4.345761505923e-03,3.067476484401e+01,7.912572095285e+00,2.387296771309e+04,2.608309005877e+03,1.753443788027e+01,5.811699053968e-03
4.346438697502e-03,3.066981502262e+01,7.912695061500e+00,2.389623736496e+04,2.607975721837e+03,1.753667866172e+01,5.806871957204e-03
4.347115246694e-03,3.066486506310e+01,7.912816621443e+00,2.391953205573e+04,2.607642426770e+03,1.753892009015e+01,5.802047384692e-03
4.347791154012e-03,3.065991496578e+01,7.912936779278e+00,2.394285162713e+04,2.607309120698e+03,1.754116216568e+01,5.797225385225e-03
4.348466419965e-03,3.065496473108e+01,7.913055535550e+00,2.396619612348e+04,2.606975803650e+03,1.754340488839e+01,5.792405955645e-03
4.349141045059e-03,3.065001435941e+01,7.913172887991e+00,2.398956574872e+04,2.606642475653e+03,1.754564825839e+01,5.787589052260e-03
4.349815029809e-03,3.064506385108e+01,7.913288840760e+00,2.401296034401e+04,2.606309136727e+03,1.754789227580e+01,5.782774723766e-03
4.350488374717e-03,3.064011320655e+01,7.913403394399e+00,2.403637995361e+04,2.605975786904e+03,1.755013694070e+01,5.777962967046e-03
4.351161080299e-03,3.063516242615e+01,7.913516546651e+00,2.405982478260e+04,2.605642426205e+03,1.755238225321e+01,5.773153738402e-03
4.351833147055e-03,3.063021151030e+01,7.913628301662e+00,2.408329467105e+04,2.605309054659e+03,1.755462821343e+01,5.768347086532e-03
4.352504575497e-03,3.062526045938e+01,7.913738659976e+00,2.410678966384e+04,2.604975672290e+03,1.755687482145e+01,5.763543008222e-03
4.353175366136e-03,3.062030927373e+01,7.913847619346e+00,2.413030996656e+04,2.604642279122e+03,1.755912207740e+01,5.758741459908e-03
4.353845519476e-03,3.061535795375e+01,7.913955183906e+00,2.415385541884e+04,2.604308875182e+03,1.756136998138e+01,5.753942490150e-03
4.354515036022e-03,3.061040649986e+01,7.914061354200e+00,2.417742606568e+04,2.603975460497e+03,1.756361853348e+01,5.749146095734e-03
4.355183916287e-03,3.060545491237e+01,7.914166127992e+00,2.420102211331e+04,2.603642035088e+03,1.756586773383e+01,5.744352233205e-03
4.355852160776e-03,3.060050319167e+01,7.914269509405e+00,2.422464340088e+04,2.603308598981e+03,1.756811758253e+01,5.739560950998e-03
4.356519769996e-03,3.059555133815e+01,7.914371498979e+00,2.424828997392e+04,2.602975152202e+03,1.757036807969e+01,5.734772245813e-03
4.357186744450e-03,3.059059935219e+01,7.914472094495e+00,2.427196203871e+04,2.602641694778e+03,1.757261922541e+01,5.729986074434e-03
4.357853084652e-03,3.058564723411e+01,7.914571300059e+00,2.429565943427e+04,2.602308226728e+03,1.757487101982e+01,5.725202485085e-03
4.358518791100e-03,3.058069498435e+01,7.914669116212e+00,2.431938220633e+04,2.601974748083e+03,1.757712346299e+01,5.720421474453e-03
4.359183864308e-03,3.057574260321e+01,7.914765540748e+00,2.434313056180e+04,2.601641258863e+03,1.757937655508e+01,5.715642999440e-03
4.359848304776e-03,3.057079009111e+01,7.914860577761e+00,2.436690433894e+04,2.601307759094e+03,1.758163029617e+01,5.710867108199e-03
4.360512113012e-03,3.056583744839e+01,7.914954227786e+00,2.439070358428e+04,2.600974248802e+03,1.758388468638e+01,5.706093797266e-03
4.361175289522e-03,3.056088467541e+01,7.915046488636e+00,2.441452850469e+04,2.600640728009e+03,1.758613972583e+01,5.701323023813e-03
4.361837834808e-03,3.055593177255e+01,7.915137364388e+00,2.443837893820e+04,2.600307196740e+03,1.758839541462e+01,5.696554835802e-03
4.362499749376e-03,3.055097874018e+01,7.915226855575e+00,2.446225493188e+04,2.599973655022e+03,1.759065175286e+01,5.691789229675e-03
4.363161033738e-03,3.054602557861e+01,7.915314960029e+00,2.448615669280e+04,2.599640102873e+03,1.759290874069e+01,5.687026162829e-03
4.363821688387e-03,3.054107228826e+01,7.915401681810e+00,2.451008405850e+04,2.599306540323e+03,1.759516637820e+01,5.682265683082e-03
4.364481713840e-03,3.053611886942e+01,7.915487021445e+00,2.453403707708e+04,2.598972967391e+03,1.759742466552e+01,5.677507786691e-03
4.365141110588e-03,3.053116532254e+01,7.915570976786e+00,2.455801595482e+04,2.598639384107e+03,1.759968360275e+01,5.672752431465e-03
4.365799879144e-03,3.052621164789e+01,7.915653551880e+00,2.458202052978e+04,2.598305790488e+03,1.760194319002e+01,5.667999664890e-03
4.366458020009e-03,3.052125784587e+01,7.915734747244e+00,2.460605085024e+04,2.597972186563e+03,1.760420342744e+01,5.663249483194e-03
4.367115533687e-03,3.051630391682e+01,7.915814560756e+00,2.463010712274e+04,2.597638572352e+03,1.760646431513e+01,5.658501844406e-03
4.367772420683e-03,3.051134986108e+01,7.915892996442e+00,2.465418918492e+04,2.597304947880e+03,1.760872585321e+01,5.653756795850e-03
4.368428681498e-03,3.050639567901e+01,7.915970054812e+00,2.467829708587e+04,2.596971313170e+03,1.761098804180e+01,5.649014333608e-03
4.369084316632e-03,3.050144137099e+01,7.916045733770e+00,2.470243103169e+04,2.596637668249e+03,1.761325088100e+01,5.644274416066e-03
4.369739326595e-03,3.049648693731e+01,7.916120037323e+00,2.472659086020e+04,2.596304013133e+03,1.761551437096e+01,5.639537090272e-03
4.370393711882e-03,3.049153237838e+01,7.916192965972e+00,2.475077662100e+04,2.595970347852e+03,1.761777851177e+01,5.634802352214e-03
4.371047473006e-03,3.048657769447e+01,7.916264517649e+00,2.477498852031e+04,2.595636672424e+03,1.762004330358e+01,5.630070160532e-03
4.371700610456e-03,3.048162288600e+01,7.916334696340e+00,2.479922639518e+04,2.595302986876e+03,1.762230874649e+01,5.625340562179e-03
4.372353124740e-03,3.047666795328e+01,7.916403502535e+00,2.482349029665e+04,2.594969291229e+03,1.762457484062e+01,5.620613552870e-03
4.373005016363e-03,3.047171289663e+01,7.916470934198e+00,2.484778043006e+04,2.594635585506e+03,1.762684158612e+01,5.615889091693e-03
4.373656285823e-03,3.046675771642e+01,7.916536995292e+00,2.487209663282e+04,2.594301869729e+03,1.762910898309e+01,5.611167225287e-03
4.374306933618e-03,3.046180241301e+01,7.916601686298e+00,2.489643895660e+04,2.593968143925e+03,1.763137703164e+01,5.606447949252e-03
4.374956960254e-03,3.045684698669e+01,7.916665005208e+00,2.492080760616e+04,2.593634408111e+03,1.763364573191e+01,5.601731223067e-03
4.375606366233e-03,3.045189143780e+01,7.916726955965e+00,2.494520241915e+04,2.593300662311e+03,1.763591508405e+01,5.597017093079e-03
4.376255152051e-03,3.044693576672e+01,7.916787539039e+00,2.496962344820e+04,2.592966906550e+03,1.763818508815e+01,5.592305554704e-03
4.376903318210e-03,3.044197997375e+01,7.916846752455e+00,2.499407089713e+04,2.592633140848e+03,1.764045574434e+01,5.587596567887e-03
4.377550865209e-03,3.043702405925e+01,7.916904600131e+00,2.501854460366e+04,2.592299365229e+03,1.764272705275e+01,5.582890178718e-03
4.378197793556e-03,3.043206802349e+01,7.916961082526e+00,2.504304462204e+04,2.591965579712e+03,1.764499901353e+01,5.578186382302e-03
4.378844103737e-03,3.042711186689e+01,7.917016197698e+00,2.506757115451e+04,2.591631784324e+03,1.764727162676e+01,5.573485139171e-03
4.379489796264e-03,3.042215558970e+01,7.917069949544e+00,2.509212403957e+04,2.591297979082e+03,1.764954489262e+01,5.568786495019e-03
4.380134871625e-03,3.041719919233e+01,7.917122338507e+00,2.511670333185e+04,2.590964164014e+03,1.765181881118e+01,5.564090444878e-03
4.380779330333e-03,3.041224267501e+01,7.917173362683e+00,2.514130923356e+04,2.590630339135e+03,1.765409338263e+01,5.559396949577e-03
4.381423172876e-03,3.040728603814e+01,7.917223025943e+00,2.516594158267e+04,2.590296504470e+03,1.765636860707e+01,5.554706054659e-03
4.382066399754e-03,3.040232928204e+01,7.917271328717e+00,2.519060043540e+04,2.589962660044e+03,1.765864448462e+01,5.550017754852e-03
4.382709011468e-03,3.039737240700e+01,7.917318269137e+00,2.521528599250e+04,2.589628805874e+03,1.766092101542e+01,5.545332011559e-03
4.383351008520e-03,3.039241541333e+01,7.917363851050e+00,2.523999809271e+04,2.589294941981e+03,1.766319819963e+01,5.540648869921e-03
4.383992391399e-03,3.038745830142e+01,7.917408074870e+00,2.526473679321e+04,2.588961068391e+03,1.766547603733e+01,5.535968324486e-03
4.384633160606e-03,3.038250107156e+01,7.917450938769e+00,2.528950229335e+04,2.588627185124e+03,1.766775452867e+01,5.531290337213e-03
4.385273316646e-03,3.037754372401e+01,7.917492446569e+00,2.531429443255e+04,2.588293292197e+03,1.767003367381e+01,5.526614952861e-03
4.385912860006e-03,3.037258625917e+01,7.917532598666e+00,2.533911326925e+04,2.587959389637e+03,1.767231347286e+01,5.521942165745e-03
4.386551791190e-03,3.036762867731e+01,7.917571393275e+00,2.536395900147e+04,2.587625477462e+03,1.767459392595e+01,5.517271938362e-03
4.387190110690e-03,3.036267097876e+01,7.917608834188e+00,2.538883146866e+04,2.587291555694e+03,1.767687503323e+01,5.512604315217e-03
4.387827819005e-03,3.035771316386e+01,7.917644921787e+00,2.541373073107e+04,2.586957624356e+03,1.767915679481e+01,5.507939290282e-03
4.388464916635e-03,3.035275523286e+01,7.917679654328e+00,2.543865698517e+04,2.586623683463e+03,1.768143921087e+01,5.503276826639e-03
4.389101404069e-03,3.034779718613e+01,7.917713035576e+00,2.546361007073e+04,2.586289733043e+03,1.768372228150e+01,5.498616968481e-03
4.389737281814e-03,3.034283902391e+01,7.917745065896e+00,2.548859004989e+04,2.585955773110e+03,1.768600600687e+01,5.493959709425e-03
4.390372550349e-03,3.033788074663e+01,7.917775743586e+00,2.551359711660e+04,2.585621803693e+03,1.768829038708e+01,5.489305013319e-03
4.391007210186e-03,3.033292235448e+01,7.917805072384e+00,2.553863111214e+04,2.585287824804e+03,1.769057542231e+01,5.484652923823e-03
4.391641261814e-03,3.032796384782e+01,7.917833052636e+00,2.556369209955e+04,2.584953836468e+03,1.769286111268e+01,5.480003434378e-03
4.392274705724e-03,3.032300522697e+01,7.917859682687e+00,2.558878027142e+04,2.584619838706e+03,1.769514745832e+01,5.475356509389e-03
4.392907542417e-03,3.031804649219e+01,7.917884966244e+00,2.561389546934e+04,2.584285831537e+03,1.769743445938e+01,5.470712192199e-03
4.393539772388e-03,3.031308764379e+01,7.917908903634e+00,2.563903775820e+04,2.583951814980e+03,1.769972211600e+01,5.466070475908e-03
4.394171396124e-03,3.030812868214e+01,7.917931493250e+00,2.566420732845e+04,2.583617789059e+03,1.770201042831e+01,5.461431325612e-03
4.394802414130e-03,3.030316960743e+01,7.917952738768e+00,2.568940402263e+04,2.583283753789e+03,1.770429939647e+01,5.456794784224e-03
4.395432826891e-03,3.029821042005e+01,7.917972640496e+00,2.571462790698e+04,2.582949709195e+03,1.770658902061e+01,5.452160844594e-03
4.396062634905e-03,3.029325112027e+01,7.917991196875e+00,2.573987917025e+04,2.582615655295e+03,1.770887930087e+01,5.447529472425e-03
4.396691838666e-03,3.028829170837e+01,7.918008411549e+00,2.576515765544e+04,2.582281592107e+03,1.771117023740e+01,5.442900710297e-03
4.397320438663e-03,3.028333218469e+01,7.918024284808e+00,2.579046343065e+04,2.581947519655e+03,1.771346183033e+01,5.438274550711e-03
4.397948435398e-03,3.027837254946e+01,7.918038815140e+00,2.581579668267e+04,2.581613437954e+03,1.771575407983e+01,5.433650960030e-03
4.398575829354e-03,3.027341280303e+01,7.918052006160e+00,2.584115725490e+04,2.581279347028e+03,1.771804698602e+01,5.429029980506e-03
4.399202621028e-03,3.026845294568e+01,7.918063858134e+00,2.586654521761e+04,2.580945246894e+03,1.772034054904e+01,5.424411604238e-03
4.399828810915e-03,3.026349297769e+01,7.918074369604e+00,2.589196075499e+04,2.580611137572e+03,1.772263476907e+01,5.419795798365e-03
4.400454399503e-03,3.025853289935e+01,7.918083544152e+00,2.591740371160e+04,2.580277019082e+03,1.772492964623e+01,5.415182604671e-03
4.401079387286e-03,3.025357271096e+01,7.918091382021e+00,2.594287415946e+04,2.579942891443e+03,1.772722518066e+01,5.410572014935e-03
4.401703774756e-03,3.024861241281e+01,7.918097881806e+00,2.596837228024e+04,2.579608754674e+03,1.772952137253e+01,5.405963997052e-03
4.402327562405e-03,3.024365200515e+01,7.918103047056e+00,2.599389791968e+04,2.579274608794e+03,1.773181822198e+01,5.401358592340e-03
4.402950750720e-03,3.023869148834e+01,7.918106877991e+00,2.601945115143e+04,2.578940453825e+03,1.773411572914e+01,5.396755792275e-03
4.403573340201e-03,3.023373086258e+01,7.918109373261e+00,2.604503215499e+04,2.578606289780e+03,1.773641389420e+01,5.392155565445e-03
4.404195331332e-03,3.022877012819e+01,7.918110536380e+00,2.607064077677e+04,2.578272116682e+03,1.773871271728e+01,5.387557952791e-03
4.404816724599e-03,3.022380928551e+01,7.918110367547e+00,2.609627709252e+04,2.577937934554e+03,1.774101219850e+01,5.382962945414e-03
4.405437520507e-03,3.021884833470e+01,7.918108865464e+00,2.612194127912e+04,2.577603743405e+03,1.774331233808e+01,5.378370512663e-03
4.406057719534e-03,3.021388727614e+01,7.918106033614e+00,2.614763318393e+04,2.577269543261e+03,1.774561313613e+01,5.373780695061e-03
4.406677322170e-03,3.020892611011e+01,7.918101872168e+00,2.617335288499e+04,2.576935334141e+03,1.774791459279e+01,5.369193483291e-03
4.407296328916e-03,3.020396483678e+01,7.918096379888e+00,2.619910055620e+04,2.576601116057e+03,1.775021670825e+01,5.364608847538e-03
4.407914740250e-03,3.019900345654e+01,7.918089560220e+00,2.622487604605e+04,2.576266889035e+03,1.775251948264e+01,5.360026827865e-03
4.408532556664e-03,3.019404196963e+01,7.918081413312e+00,2.625067943491e+04,2.575932653090e+03,1.775482291610e+01,5.355447414538e-03
4.409149778650e-03,3.018908037630e+01,7.918071937983e+00,2.627651089331e+04,2.575598408240e+03,1.775712700882e+01,5.350870578641e-03
4.409766406699e-03,3.018411867682e+01,7.918061137642e+00,2.630237027156e+04,2.575264154501e+03,1.775943176094e+01,5.346296359658e-03
4.410382441290e-03,3.017915687153e+01,7.918049012414e+00,2.632825765176e+04,2.574929891898e+03,1.776173717259e+01,5.341724747549e-03
4.410997882917e-03,3.017419496066e+01,7.918035561174e+00,2.635417320132e+04,2.574595620445e+03,1.776404324394e+01,5.337155714242e-03
4.411612732074e-03,3.016923294441e+01,7.918020787299e+00,2.638011677221e+04,2.574261340156e+03,1.776634997519e+01,5.332589298680e-03
4.412226989238e-03,3.016427082316e+01,7.918004690884e+00,2.640608844854e+04,2.573927051058e+03,1.776865736643e+01,5.328025490461e-03
4.412840654901e-03,3.015930859713e+01,7.917987270866e+00,2.643208839461e+04,2.573592753163e+03,1.777096541784e+01,5.323464262362e-03
4.413453729557e-03,3.015434626655e+01,7.917968530585e+00,2.645811646361e+04,2.573258446487e+03,1.777327412961e+01,5.318905652857e-03
4.414066213682e-03,3.014938383176e+01,7.917948470109e+00,2.648417274212e+04,2.572924131054e+03,1.777558350185e+01,5.314349651109e-03
4.414678107772e-03,3.014442129295e+01,7.917927088438e+00,2.651025739115e+04,2.572589806877e+03,1.777789353476e+01,5.309796230764e-03
4.415289412309e-03,3.013945865043e+01,7.917904388873e+00,2.653637026497e+04,2.572255473974e+03,1.778020422848e+01,5.305245429858e-03
4.415900127782e-03,3.013449590443e+01,7.917880371454e+00,2.656251145307e+04,2.571921132363e+03,1.778251558316e+01,5.300697237043e-03
4.416510254671e-03,3.012953305527e+01,7.917855035246e+00,2.658868111236e+04,2.571586782065e+03,1.778482759897e+01,5.296151626976e-03
4.417119793472e-03,3.012457010313e+01,7.917828383509e+00,2.661487909911e+04,2.571252423091e+03,1.778714027609e+01,5.291608637091e-03
4.417728744668e-03,3.011960704828e+01,7.917800416257e+00,2.664110550526e+04,2.570918055460e+03,1.778945361467e+01,5.287068255616e-03
4.418337108734e-03,3.011464389107e+01,7.917771132619e+00,2.666736048369e+04,2.570583679196e+03,1.779176761483e+01,5.282530458197e-03
4.418944886170e-03,3.010968063164e+01,7.917740535815e+00,2.669364389260e+04,2.570249294306e+03,1.779408227681e+01,5.277995281687e-03
4.419552077453e-03,3.010471727030e+01,7.917708625833e+00,2.671995582619e+04,2.569914900814e+03,1.779639760072e+01,5.273462713923e-03
4.420158683071e-03,3.009975380729e+01,7.917675401863e+00,2.674629643415e+04,2.569580498733e+03,1.779871358674e+01,5.268932731387e-03
4.420764703506e-03,3.009479024288e+01,7.917640867089e+00,2.677266557554e+04,2.569246088083e+03,1.780103023503e+01,5.264405370541e-03
4.421370139246e-03,3.008982657728e+01,7.917605021469e+00,2.679906334774e+04,2.568911668879e+03,1.780334754577e+01,5.259880618672e-03
4.421974990769e-03,3.008486281081e+01,7.917567864259e+00,2.682548989611e+04,2.568577241139e+03,1.780566551910e+01,5.255358453297e-03
4.422579258566e-03,3.007989894364e+01,7.917529398603e+00,2.685194508185e+04,2.568242804877e+03,1.780798415521e+01,5.250838910261e-03
4.423182943115e-03,3.007493497608e+01,7.917489624429e+00,2.687842900459e+04,2.567908360114e+03,1.781030345425e+01,5.246321976470e-03
4.423786044905e-03,3.006997090833e+01,7.917448541060e+00,2.690494180615e+04,2.567573906862e+03,1.781262341640e+01,5.241807630331e-03
4.424388564415e-03,3.006500674065e+01,7.917406151601e+00,2.693148334906e+04,2.567239445139e+03,1.781494404184e+01,5.237295907216e-03
4.424990502128e-03,3.006004247331e+01,7.917362455949e+00,2.695805373593e+04,2.566904974964e+03,1.781726533070e+01,5.232786793526e-03
4.425591858528e-03,3.005507810654e+01,7.917317453495e+00,2.698465310417e+04,2.566570496350e+03,1.781958728317e+01,5.228280268703e-03
4.426192634098e-03,3.005011364056e+01,7.917271147304e+00,2.701128131834e+04,2.566236009314e+03,1.782190989943e+01,5.223776367527e-03
4.426792829322e-03,3.004514907562e+01,7.917223537240e+00,2.703793848410e+04,2.565901513872e+03,1.782423317964e+01,5.219275075889e-03
4.427392444677e-03,3.004018441198e+01,7.917174622766e+00,2.706462473415e+04,2.565567010041e+03,1.782655712398e+01,5.214776374307e-03
4.427991480647e-03,3.003521964987e+01,7.917124406903e+00,2.709133993502e+04,2.565232497837e+03,1.782888173260e+01,5.210280296988e-03
4.428589937714e-03,3.003025478952e+01,7.917072889486e+00,2.711808419526e+04,2.564897977276e+03,1.783120700568e+01,5.205786829337e-03
4.429187816365e-03,3.002528983113e+01,7.917020070046e+00,2.714485764355e+04,2.564563448370e+03,1.783353294343e+01,5.201295952830e-03
4.429785117067e-03,3.002032477504e+01,7.916965951564e+00,2.717166014766e+04,2.564228911143e+03,1.783585954595e+01,5.196807701221e-03
4.430381840318e-03,3.001535962135e+01,7.916910533842e+00,2.719849181996e+04,2.563894365601e+03,1.783818681349e+01,5.192322059284e-03
4.430977986584e-03,3.001039437041e+01,7.916853816483e+00,2.722535278351e+04,2.563559811767e+03,1.784051474617e+01,5.187839009712e-03
4.431573556351e-03,3.000542902240e+01,7.916795802426e+00,2.725224290911e+04,2.563225249653e+03,1.784284334419e+01,5.183358585509e-03
4.432168550103e-03,3.000046357753e+01,7.916736491438e+00,2.727916231152e+04,2.562890679275e+03,1.784517260773e+01,5.178880771062e-03
4.432762968316e-03,2.999549803606e+01,7.916675883197e+00,2.730611110946e+04,2.562556100649e+03,1.784750253694e+01,5.174405550055e-03
4.433356811466e-03,2.999053239824e+01,7.916613980597e+00,2.733308917553e+04,2.562221513792e+03,1.784983313201e+01,5.169932954960e-03
4.433950080041e-03,2.998556666423e+01,7.916550783374e+00,2.736009662786e+04,2.561886918714e+03,1.785216439314e+01,5.165462969608e-03
4.434542774512e-03,2.998060083433e+01,7.916486291279e+00,2.738713358007e+04,2.561552315436e+03,1.785449632047e+01,5.160995578804e-03
4.435134895363e-03,2.997563490871e+01,7.916420507161e+00,2.741419990723e+04,2.561217703969e+03,1.785682891420e+01,5.156530814368e-03
4.435726443073e-03,2.997066888761e+01,7.916353430723e+00,2.744129573043e+04,2.560883084330e+03,1.785916217451e+01,5.152068659658e-03
4.436317418115e-03,2.996570277128e+01,7.916285061791e+00,2.746842115825e+04,2.560548456535e+03,1.786149610155e+01,5.147609100572e-03
4.436907820973e-03,2.996073655990e+01,7.916215403170e+00,2.749557606817e+04,2.560213820595e+03,1.786383069555e+01,5.143152168304e-03
4.437497652124e-03,2.995577025371e+01,7.916144454529e+00,2.752276058448e+04,2.559879176528e+03,1.786616595666e+01,5.138697845693e-03
4.438086912038e-03,2.995080385298e+01,7.916072215769e+00,2.754997481045e+04,2.559544524351e+03,1.786850188504e+01,5.134246119777e-03
4.438675601209e-03,2.994583735779e+01,7.915998689649e+00,2.757721862636e+04,2.559209864069e+03,1.787083848094e+01,5.129797021054e-03
4.439263720094e-03,2.994087076853e+01,7.915923875806e+00,2.760449215902e+04,2.558875195710e+03,1.787317574446e+01,5.125350531964e-03
4.439851269186e-03,2.993590408529e+01,7.915847774215e+00,2.763179550737e+04,2.558540519278e+03,1.787551367584e+01,5.120906640516e-03
4.440438248956e-03,2.993093730833e+01,7.915770387593e+00,2.765912855315e+04,2.558205834791e+03,1.787785227525e+01,5.116465376734e-03
4.441024659878e-03,2.992597043788e+01,7.915691715540e+00,2.768649142740e+04,2.557871142266e+03,1.788019154285e+01,5.112026722388e-03
4.441610502435e-03,2.992100347410e+01,7.915611758107e+00,2.771388422317e+04,2.557536441711e+03,1.788253147887e+01,5.107590666700e-03
4.442195777092e-03,2.991603641728e+01,7.915530517969e+00,2.774130682442e+04,2.557201733147e+03,1.788487208344e+01,5.103157239104e-03
4.442780484335e-03,2.991106926757e+01,7.915447994685e+00,2.776875936634e+04,2.556867016585e+03,1.788721335679e+01,5.098726420716e-03
4.443364624635e-03,2.990610202520e+01,7.915364188391e+00,2.779624193573e+04,2.556532292038e+03,1.788955529908e+01,5.094298202022e-03
4.443948198472e-03,2.990113469035e+01,7.915279101709e+00,2.782375441981e+04,2.556197559520e+03,1.789189791053e+01,5.089872611699e-03
4.444531206312e-03,2.989616726330e+01,7.915192734168e+00,2.785129695660e+04,2.555862819049e+03,1.789424119127e+01,5.085449630429e-03
4.445113648638e-03,2.989119974417e+01,7.915105085980e+00,2.787886962766e+04,2.555528070634e+03,1.789658514155e+01,5.081029249788e-03
4.445695525920e-03,2.988623213323e+01,7.915016159721e+00,2.790647232238e+04,2.555193314292e+03,1.789892976152e+01,5.076611497882e-03
4.446276838636e-03,2.988126443065e+01,7.914925954884e+00,2.793410518304e+04,2.554858550034e+03,1.790127505139e+01,5.072196354728e-03
4.446857587254e-03,2.987629663667e+01,7.914834471760e+00,2.796176828457e+04,2.554523777877e+03,1.790362101132e+01,5.067783813211e-03
4.447437772258e-03,2.987132875141e+01,7.914741712879e+00,2.798946151982e+04,2.554188997829e+03,1.790596764155e+01,5.063373900657e-03
4.448017394112e-03,2.986636077516e+01,7.914647677696e+00,2.801718503418e+04,2.553854209910e+03,1.790831494222e+01,5.058966596612e-03
4.448596453289e-03,2.986139270811e+01,7.914552366584e+00,2.804493889672e+04,2.553519414132e+03,1.791066291353e+01,5.054561895136e-03
4.449174950273e-03,2.985642455037e+01,7.914455782025e+00,2.807272300317e+04,2.553184610503e+03,1.791301155572e+01,5.050159822876e-03
4.449752885525e-03,2.985145630225e+01,7.914357923438e+00,2.810053750264e+04,2.552849799043e+03,1.791536086892e+01,5.045760358813e-03
4.450330259525e-03,2.984648796387e+01,7.914258791274e+00,2.812838245826e+04,2.552514979759e+03,1.791771085336e+01,5.041363498181e-03
4.450907072737e-03,2.984151953551e+01,7.914158387973e+00,2.815625776768e+04,2.552180152672e+03,1.792006150921e+01,5.036969267107e-03
4.451483325645e-03,2.983655101725e+01,7.914056712910e+00,2.818416358514e+04,2.551845317787e+03,1.792241283669e+01,5.032577643788e-03
4.452059018708e-03,2.983158240939e+01,7.913953766624e+00,2.821209996636e+04,2.551510475123e+03,1.792476483597e+01,5.028188624865e-03
4.452634152413e-03,2.982661371201e+01,7.913849551500e+00,2.824006681301e+04,2.551175624686e+03,1.792711750728e+01,5.023802235606e-03
4.453208727211e-03,2.982164492545e+01,7.913744066883e+00,2.826806428192e+04,2.550840766499e+03,1.792947085076e+01,5.019418453835e-03
4.453782743595e-03,2.981667604974e+01,7.913637313389e+00,2.829609242372e+04,2.550505900564e+03,1.793182486667e+01,5.015037277219e-03
4.454356202020e-03,2.981170708518e+01,7.913529293358e+00,2.832415114179e+04,2.550171026901e+03,1.793417955517e+01,5.010658730544e-03
4.454929102963e-03,2.980673803192e+01,7.913420006093e+00,2.835224059818e+04,2.549836145520e+03,1.793653491646e+01,5.006282790852e-03
4.455501446891e-03,2.980176889017e+01,7.913309452298e+00,2.838036083565e+04,2.549501256434e+03,1.793889095073e+01,5.001909457256e-03
4.456073234283e-03,2.979679966003e+01,7.913197634260e+00,2.840851176181e+04,2.549166359653e+03,1.794124765823e+01,4.997538753676e-03
4.456644465597e-03,2.979183034180e+01,7.913084551246e+00,2.843669354206e+04,2.548831455194e+03,1.794360503909e+01,4.993170656665e-03
4.457215141304e-03,2.978686093565e+01,7.912970204043e+00,2.846490621248e+04,2.548496543069e+03,1.794596309353e+01,4.988805166592e-03
4.457785261884e-03,2.978189144167e+01,7.912854594891e+00,2.849314968390e+04,2.548161623284e+03,1.794832182179e+01,4.984442306669e-03
4.458354827800e-03,2.977692186009e+01,7.912737723014e+00,2.852142412627e+04,2.547826695856e+03,1.795068122404e+01,4.980082052777e-03
4.458923839515e-03,2.977195219114e+01,7.912619589287e+00,2.854972956827e+04,2.547491760799e+03,1.795304130047e+01,4.975724406649e-03
4.459492297506e-03,2.976698243493e+01,7.912500195899e+00,2.857806592386e+04,2.547156818121e+03,1.795540205130e+01,4.971369390801e-03
4.460060202240e-03,2.976201259166e+01,7.912379542035e+00,2.860643336757e+04,2.546821867835e+03,1.795776347674e+01,4.967016980454e-03
4.460627554177e-03,2.975704266155e+01,7.912257628656e+00,2.863483192078e+04,2.546486909956e+03,1.796012557697e+01,4.962667178666e-03
4.461194353795e-03,2.975207264472e+01,7.912134457902e+00,2.866326150083e+04,2.546151944492e+03,1.796248835221e+01,4.958320007233e-03
4.461760601559e-03,2.974710254135e+01,7.912010028916e+00,2.869172228665e+04,2.545816971455e+03,1.796485180267e+01,4.953975440742e-03
4.462326297936e-03,2.974213235163e+01,7.911884342745e+00,2.872021429252e+04,2.545481990858e+03,1.796721592855e+01,4.949633483543e-03
4.462891443388e-03,2.973716207576e+01,7.911757401481e+00,2.874873743857e+04,2.545147002714e+03,1.796958073004e+01,4.945294156799e-03
4.463456038386e-03,2.973219171388e+01,7.911629204227e+00,2.877729190851e+04,2.544812007033e+03,1.797194620735e+01,4.940957434418e-03
4.464020083401e-03,2.972722126613e+01,7.911499752115e+00,2.880587770933e+04,2.544477003824e+03,1.797431236072e+01,4.936623322055e-03
4.464583578894e-03,2.972225073272e+01,7.911369047187e+00,2.883449476459e+04,2.544141993101e+03,1.797667919032e+01,4.932291840153e-03
4.465146525328e-03,2.971728011386e+01,7.911237088506e+00,2.886314326223e+04,2.543806974879e+03,1.797904669636e+01,4.927962962027e-03
4.465708923181e-03,2.971230940959e+01,7.911103877290e+00,2.889182320203e+04,2.543471949159e+03,1.798141487909e+01,4.923636694615e-03
4.466270772903e-03,2.970733862023e+01,7.910969415533e+00,2.892053451053e+04,2.543136915964e+03,1.798378373866e+01,4.919313057713e-03
4.466832074970e-03,2.970236774584e+01,7.910833702254e+00,2.894927738106e+04,2.542801875298e+03,1.798615327532e+01,4.914992023872e-03
4.467392829841e-03,2.969739678664e+01,7.910696738764e+00,2.897805180456e+04,2.542466827175e+03,1.798852348925e+01,4.910673601550e-03
4.467953037989e-03,2.969242574274e+01,7.910558527000e+00,2.900685771247e+04,2.542131771602e+03,1.799089438071e+01,4.906357809613e-03
4.468512699874e-03,2.968745461432e+01,7.910419065941e+00,2.903569530208e+04,2.541796708593e+03,1.799326594988e+01,4.902044620070e-03
4.469071815954e-03,2.968248340160e+01,7.910278356990e+00,2.906456455636e+04,2.541461638161e+03,1.799563819695e+01,4.897734042753e-03
4.469630386703e-03,2.967751210467e+01,7.910136402031e+00,2.909346541047e+04,2.541126560313e+03,1.799801112217e+01,4.893426095783e-03
4.470188412580e-03,2.967254072372e+01,7.909993200002e+00,2.912239806658e+04,2.540791475061e+03,1.800038472573e+01,4.889120750494e-03
4.470745894050e-03,2.966756925888e+01,7.909848752392e+00,2.915136249991e+04,2.540456382415e+03,1.800275900787e+01,4.884818018052e-03
4.471302831573e-03,2.966259771036e+01,7.909703061037e+00,2.918035864872e+04,2.540121282388e+03,1.800513396877e+01,4.880517915927e-03
4.471859225618e-03,2.965762607827e+01,7.909556124831e+00,2.920938672064e+04,2.539786174987e+03,1.800750960868e+01,4.876220414700e-03
4.472415076641e-03,2.965265436279e+01,7.909407945355e+00,2.923844668207e+04,2.539451060225e+03,1.800988592778e+01,4.871925527015e-03
4.472970385114e-03,2.964768256403e+01,7.909258524391e+00,2.926753847586e+04,2.539115938110e+03,1.801226292632e+01,4.867633269478e-03
4.473525151490e-03,2.964271068220e+01,7.909107860791e+00,2.929666231398e+04,2.538780808654e+03,1.801464060450e+01,4.863343612092e-03
4.474079376232e-03,2.963773871744e+01,7.908955956229e+00,2.932581815456e+04,2.538445671869e+03,1.801701896252e+01,4.859056568882e-03
4.474633059806e-03,2.963276666988e+01,7.908802812432e+00,2.935500594426e+04,2.538110527762e+03,1.801939800063e+01,4.854772155713e-03
4.475186202676e-03,2.962779453965e+01,7.908648428209e+00,2.938422590061e+04,2.537775376343e+03,1.802177771904e+01,4.850490341834e-03
4.475738805294e-03,2.962282232697e+01,7.908492805327e+00,2.941347797265e+04,2.537440217625e+03,1.802415811795e+01,4.846211142764e-03
4.476290868128e-03,2.961785003193e+01,7.908335945460e+00,2.944276211122e+04,2.537105051615e+03,1.802653919760e+01,4.841934573573e-03
4.476842391636e-03,2.961287765470e+01,7.908177847376e+00,2.947207853879e+04,2.536769878325e+03,1.802892095820e+01,4.837660602859e-03
4.477393376282e-03,2.960790519539e+01,7.908018512928e+00,2.950142719617e+04,2.536434697762e+03,1.803130339999e+01,4.833389247492e-03
4.477943822523e-03,2.960293265418e+01,7.907857943742e+00,2.953080803780e+04,2.536099509938e+03,1.803368652316e+01,4.829120521847e-03
4.478493730815e-03,2.959796003125e+01,7.907696138541e+00,2.956022129139e+04,2.535764314865e+03,1.803607032794e+01,4.824854393822e-03
4.479043101629e-03,2.959298732664e+01,7.907533099272e+00,2.958966688908e+04,2.535429112546e+03,1.803845481458e+01,4.820590881698e-03
4.479591935417e-03,2.958801454056e+01,7.907368827506e+00,2.961914478936e+04,2.535093902995e+03,1.804083998328e+01,4.816329999086e-03
4.480140232637e-03,2.958304167316e+01,7.907203321922e+00,2.964865522542e+04,2.534758686223e+03,1.804322583426e+01,4.812071713170e-03
4.480687993752e-03,2.957806872454e+01,7.907036584562e+00,2.967819811989e+04,2.534423462234e+03,1.804561236776e+01,4.807816043739e-03
4.481235219218e-03,2.957309569486e+01,7.906868616943e+00,2.970777343575e+04,2.534088231042e+03,1.804799958399e+01,4.803563003591e-03
4.481781909493e-03,2.956812258428e+01,7.906699417700e+00,2.973738141171e+04,2.533752992657e+03,1.805038748317e+01,4.799312559190e-03
4.482328065041e-03,2.956314939287e+01,7.906528988966e+00,2.976702196113e+04,2.533417747081e+03,1.805277606557e+01,4.795064731792e-03
4.482873686313e-03,2.955817612084e+01,7.906357332207e+00,2.979669505110e+04,2.533082494331e+03,1.805516533136e+01,4.790819533440e-03
4.483418773767e-03,2.955320276830e+01,7.906184446014e+00,2.982640092600e+04,2.532747234415e+03,1.805755528078e+01,4.786576929863e-03
4.483963327870e-03,2.954822933531e+01,7.906010332612e+00,2.985613948983e+04,2.532411967334e+03,1.805994591411e+01,4.782336943785e-03
4.484507349062e-03,2.954325582216e+01,7.905834993417e+00,2.988591071363e+04,2.532076693110e+03,1.806233723149e+01,4.778099586518e-03
4.485050837819e-03,2.953828222880e+01,7.905658426967e+00,2.991571484837e+04,2.531741411739e+03,1.806472923323e+01,4.773864822943e-03
4.485593794586e-03,2.953330855548e+01,7.905480635593e+00,2.994555178713e+04,2.531406123237e+03,1.806712191952e+01,4.769632677449e-03
4.486136219823e-03,2.952833480228e+01,7.905301620645e+00,2.997542150679e+04,2.531070827611e+03,1.806951529060e+01,4.765403160367e-03
4.486678113982e-03,2.952336096937e+01,7.905121380627e+00,3.000532426274e+04,2.530735524871e+03,1.807190934669e+01,4.761176236032e-03
4.487219477523e-03,2.951838705686e+01,7.904939917959e+00,3.003525993900e+04,2.530400215024e+03,1.807430408803e+01,4.756951930234e-03
4.487760310903e-03,2.951341306483e+01,7.904757233937e+00,3.006522851697e+04,2.530064898078e+03,1.807669951486e+01,4.752730252504e-03
4.488300614576e-03,2.950843899345e+01,7.904573327020e+00,3.009523025795e+04,2.529729574043e+03,1.807909562740e+01,4.748511166437e-03
4.488840388991e-03,2.950346484287e+01,7.904388199725e+00,3.012526503555e+04,2.529394242927e+03,1.808149242587e+01,4.744294699394e-03
4.489379634613e-03,2.949849061315e+01,7.904201853293e+00,3.015533283612e+04,2.529058904737e+03,1.808388991054e+01,4.740080860061e-03
4.489918351888e-03,2.949351630446e+01,7.904014286137e+00,3.018543392669e+04,2.528723559484e+03,1.808628808161e+01,4.735869611318e-03
4.490456541280e-03,2.948854191686e+01,7.903825500867e+00,3.021556817130e+04,2.528388207171e+03,1.808868693935e+01,4.731660981968e-03
4.490994203235e-03,2.948356745053e+01,7.903635498674e+00,3.024573556030e+04,2.528052847811e+03,1.809108648397e+01,4.727454979989e-03
4.491531338203e-03,2.947859290562e+01,7.903444277925e+00,3.027593636689e+04,2.527717481414e+03,1.809348671568e+01,4.723251567499e-03
4.492067946651e-03,2.947361828213e+01,7.903251841323e+00,3.030617044494e+04,2.527382107979e+03,1.809588763478e+01,4.719050774808e-03
4.492604029026e-03,2.946864358025e+01,7.903058190006e+00,3.033643778973e+04,2.527046727519e+03,1.809828924148e+01,4.714852609062e-03
4.493139585771e-03,2.946366880017e+01,7.902863322295e+00,3.036673868030e+04,2.526711340048e+03,1.810069153597e+01,4.710657031671e-03
4.493674617358e-03,2.945869394182e+01,7.902667240989e+00,3.039707296021e+04,2.526375945561e+03,1.810309451858e+01,4.706464074459e-03
4.494209124225e-03,2.945371900547e+01,7.902469947172e+00,3.042744062928e+04,2.526040544076e+03,1.810549818948e+01,4.702273743803e-03
4.494743106827e-03,2.944874399120e+01,7.902271439117e+00,3.045784197346e+04,2.525705135598e+03,1.810790254892e+01,4.698086000263e-03
4.495276565620e-03,2.944376889907e+01,7.902071719724e+00,3.048827682464e+04,2.525369720132e+03,1.811030759717e+01,4.693900877345e-03
4.495809501052e-03,2.943879372925e+01,7.901870790018e+00,3.051874518842e+04,2.525034297688e+03,1.811271333443e+01,4.689718380500e-03
4.496341913578e-03,2.943381848180e+01,7.901668648225e+00,3.054924735696e+04,2.524698868271e+03,1.811511976098e+01,4.685538469540e-03
4.496873803644e-03,2.942884315688e+01,7.901465297346e+00,3.057978315076e+04,2.524363431892e+03,1.811752687703e+01,4.681361179603e-03
4.497405171709e-03,2.942386775454e+01,7.901260738347e+00,3.061035258119e+04,2.524027988554e+03,1.811993468285e+01,4.677186515217e-03
4.497936018216e-03,2.941889227494e+01,7.901054969409e+00,3.064095594623e+04,2.523692538268e+03,1.812234317866e+01,4.673014435508e-03
4.498466343617e-03,2.941391671816e+01,7.900847993632e+00,3.067159305560e+04,2.523357081039e+03,1.812475236472e+01,4.668844977151e-03
4.498996148366e-03,2.940894108430e+01,7.900639811924e+00,3.070226392572e+04,2.523021616874e+03,1.812716224127e+01,4.664678143854e-03
4.499525432911e-03,2.940396537346e+01,7.900430422420e+00,3.073296886129e+04,2.522686145780e+03,1.812957280855e+01,4.660513893947e-03
4.500054197695e-03,2.939898958581e+01,7.900219828321e+00,3.076370766028e+04,2.522350667768e+03,1.813198406679e+01,4.656352265754e-03
4.500582443181e-03,2.939401372133e+01,7.900008030474e+00,3.079448034506e+04,2.522015182837e+03,1.813439601629e+01,4.652193262049e-03
4.501110169808e-03,2.938903778021e+01,7.899795026971e+00,3.082528722641e+04,2.521679691000e+03,1.813680865724e+01,4.648036840461e-03
4.501637378026e-03,2.938406176254e+01,7.899580821107e+00,3.085612809119e+04,2.521344192263e+03,1.813922198991e+01,4.643883040860e-03
4.502164068287e-03,2.937908566839e+01,7.899365413680e+00,3.088700296665e+04,2.521008686631e+03,1.814163601455e+01,4.639731865245e-03
4.502690241036e-03,2.937410949790e+01,7.899148802729e+00,3.091791217062e+04,2.520673174112e+03,1.814405073140e+01,4.635583270415e-03
4.503215896725e-03,2.936913325110e+01,7.898930991650e+00,3.094885547848e+04,2.520337654709e+03,1.814646614072e+01,4.631437297821e-03
4.503741035798e-03,2.936415692814e+01,7.898711981183e+00,3.097983292263e+04,2.520002128434e+03,1.814888224276e+01,4.627293948657e-03
4.504265658704e-03,2.935918052911e+01,7.898491769323e+00,3.101084482783e+04,2.519666595290e+03,1.815129903775e+01,4.623153178918e-03
4.504789765888e-03,2.935420405410e+01,7.898270359527e+00,3.104189095601e+04,2.519331055285e+03,1.815371652595e+01,4.619015031886e-03
4.505313357804e-03,2.934922750317e+01,7.898047752513e+00,3.107297135208e+04,2.518995508422e+03,1.815613470764e+01,4.614879506892e-03
4.505836434894e-03,2.934425087644e+01,7.897823946304e+00,3.110408633476e+04,2.518659954710e+03,1.815855358304e+01,4.610746561110e-03
4.506358997600e-03,2.933927417403e+01,7.897598944328e+00,3.113523566450e+04,2.518324394157e+03,1.816097315240e+01,4.606616237793e-03
4.506881046374e-03,2.933429739599e+01,7.897372747266e+00,3.116641939501e+04,2.517988826766e+03,1.816339341599e+01,4.602488534969e-03
4.507402581666e-03,2.932932054238e+01,7.897145353237e+00,3.119763783482e+04,2.517653252541e+03,1.816581437407e+01,4.598363411641e-03
4.507923603912e-03,2.932434361336e+01,7.896916765605e+00,3.122889074873e+04,2.517317671493e+03,1.816823602688e+01,4.594240910149e-03
4.508444113565e-03,2.931936660897e+01,7.896686984994e+00,3.126017819660e+04,2.516982083625e+03,1.817065837467e+01,4.590121027618e-03
4.508964111065e-03,2.931438952932e+01,7.896456009644e+00,3.129150047618e+04,2.516646488945e+03,1.817308141771e+01,4.586003724941e-03
4.509483596857e-03,2.930941237450e+01,7.896223842850e+00,3.132285735761e+04,2.516310887457e+03,1.817550515624e+01,4.581889043423e-03
4.510002571395e-03,2.930443514452e+01,7.895990485176e+00,3.135424890692e+04,2.515975279164e+03,1.817792959054e+01,4.577776979288e-03
4.510521035112e-03,2.929945783956e+01,7.895755934986e+00,3.138567541108e+04,2.515639664077e+03,1.818035472085e+01,4.573667495308e-03
4.511038988457e-03,2.929448045965e+01,7.895520195506e+00,3.141713664536e+04,2.515304042198e+03,1.818278054744e+01,4.569560631786e-03
4.511556431875e-03,2.928950300487e+01,7.895283267245e+00,3.144863268160e+04,2.514968413533e+03,1.818520707056e+01,4.565456384107e-03
4.512073365804e-03,2.928452547536e+01,7.895045148685e+00,3.148016379626e+04,2.514632778091e+03,1.818763429045e+01,4.561354716859e-03
4.512589790696e-03,2.927954787109e+01,7.894805842982e+00,3.151172977003e+04,2.514297135871e+03,1.819006220741e+01,4.557255669324e-03
4.513105706989e-03,2.927457019222e+01,7.894565350592e+00,3.154333068050e+04,2.513961486882e+03,1.819249082168e+01,4.553159236052e-03
4.513621115122e-03,2.926959243884e+01,7.894323670115e+00,3.157496679356e+04,2.513625831132e+03,1.819492013351e+01,4.549065383455e-03
4.514136015547e-03,2.926461461094e+01,7.894080804640e+00,3.160663789488e+04,2.513290168619e+03,1.819735014320e+01,4.544974149844e-03
4.514650408697e-03,2.925963670869e+01,7.893836754568e+00,3.163834406831e+04,2.512954499355e+03,1.819978085096e+01,4.540885528888e-03
4.515164295024e-03,2.925465873207e+01,7.893591518611e+00,3.167008556935e+04,2.512618823339e+03,1.820221225710e+01,4.536799488772e-03
4.515677674955e-03,2.924968068128e+01,7.893345099802e+00,3.170186218760e+04,2.512283140584e+03,1.820464436183e+01,4.532716066991e-03
4.516190548951e-03,2.924470255623e+01,7.893097498473e+00,3.173367401496e+04,2.511947451084e+03,1.820707716549e+01,4.528635256105e-03
4.516702917436e-03,2.923972435712e+01,7.892848713467e+00,3.176552129423e+04,2.511611754854e+03,1.820951066827e+01,4.524557026356e-03
4.517214780856e-03,2.923474608401e+01,7.892598747742e+00,3.179740382130e+04,2.511276051896e+03,1.821194487047e+01,4.520481414122e-03
4.517726139662e-03,2.922976773685e+01,7.892347601574e+00,3.182932169428e+04,2.510940342208e+03,1.821437977238e+01,4.516408411105e-03
4.518236994279e-03,2.922478931586e+01,7.892095273928e+00,3.186127514448e+04,2.510604625804e+03,1.821681537421e+01,4.512337989428e-03
4.518747345156e-03,2.921981082103e+01,7.891841767692e+00,3.189326397349e+04,2.510268902683e+03,1.821925167627e+01,4.508270184440e-03
4.519257192728e-03,2.921483225246e+01,7.891587083092e+00,3.192528828518e+04,2.509933172854e+03,1.822168867879e+01,4.504204987045e-03
4.519766537442e-03,2.920985361015e+01,7.891331219201e+00,3.195734830062e+04,2.509597436315e+03,1.822412638209e+01,4.500142371079e-03
4.520275379734e-03,2.920487489419e+01,7.891074178846e+00,3.198944382616e+04,2.509261693073e+03,1.822656478642e+01,4.496082370984e-03
4.520783720035e-03,2.919989610475e+01,7.890815962197e+00,3.202157497213e+04,2.508925943138e+03,1.822900389200e+01,4.492024976792e-03
4.521291558800e-03,2.919491724170e+01,7.890556568443e+00,3.205374194842e+04,2.508590186504e+03,1.823144369919e+01,4.487970164145e-03
4.521798896453e-03,2.918993830525e+01,7.890296000349e+00,3.208594456631e+04,2.508254423184e+03,1.823388420819e+01,4.483917966571e-03
4.522305733435e-03,2.918495929546e+01,7.890034258023e+00,3.211818294361e+04,2.507918653181e+03,1.823632541927e+01,4.479868373108e-03
4.522812070196e-03,2.917998021225e+01,7.889771340775e+00,3.215045727792e+04,2.507582876491e+03,1.823876733277e+01,4.475821361331e-03
4.523317907156e-03,2.917500105586e+01,7.889507251304e+00,3.218276738598e+04,2.507247093130e+03,1.824120994888e+01,4.471776963794e-03
4.523823244768e-03,2.917002182619e+01,7.889241989654e+00,3.221511339349e+04,2.506911303091e+03,1.824365326794e+01,4.467735168495e-03
4.524328083459e-03,2.916504252340e+01,7.888975555267e+00,3.224749548440e+04,2.506575506385e+03,1.824609729018e+01,4.463695955098e-03
4.524832423668e-03,2.916006314752e+01,7.888707950765e+00,3.227991348250e+04,2.506239703013e+03,1.824854201589e+01,4.459659354992e-03
4.525336265837e-03,2.915508369858e+01,7.888439176138e+00,3.231236751976e+04,2.505903892979e+03,1.825098744535e+01,4.455625355349e-03
4.525839610394e-03,2.915010417667e+01,7.888169230948e+00,3.234485776802e+04,2.505568076289e+03,1.825343357881e+01,4.451593937709e-03
4.526342457788e-03,2.914512458177e+01,7.887898117745e+00,3.237738405745e+04,2.505232252939e+03,1.825588041661e+01,4.447565132387e-03
4.526844808435e-03,2.914014491408e+01,7.887625836472e+00,3.240994652590e+04,2.504896422946e+03,1.825832795893e+01,4.443538925792e-03
4.527346662793e-03,2.913516517346e+01,7.887352386798e+00,3.244254533418e+04,2.504560586299e+03,1.826077620614e+01,4.439515301185e-03
4.527848021279e-03,2.913018536012e+01,7.887077771220e+00,3.247518031679e+04,2.504224743013e+03,1.826322515845e+01,4.435494288073e-03
4.528348884338e-03,2.912520547403e+01,7.886801989607e+00,3.250785162058e+04,2.503888893085e+03,1.826567481618e+01,4.431475871720e-03
4.528849252408e-03,2.912022551521e+01,7.886525041760e+00,3.254055939237e+04,2.503553036516e+03,1.826812517962e+01,4.427460037459e-03
4.529349125913e-03,2.911524548379e+01,7.886246930104e+00,3.257330347317e+04,2.503217173316e+03,1.827057624900e+01,4.423446813727e-03
4.529848505294e-03,2.911026537977e+01,7.885967654452e+00,3.260608401704e+04,2.502881303485e+03,1.827302802463e+01,4.419436184875e-03
4.530347390984e-03,2.910528520319e+01,7.885687214726e+00,3.263890115764e+04,2.502545427026e+03,1.827548050680e+01,4.415428138190e-03
4.530845783414e-03,2.910030495413e+01,7.885405613281e+00,3.267175474258e+04,2.502209543943e+03,1.827793369576e+01,4.411422701034e-03
4.531343683023e-03,2.909532463258e+01,7.885122849871e+00,3.270464493328e+04,2.501873654237e+03,1.828038759183e+01,4.407419856837e-03
4.531841090241e-03,2.909034423860e+01,7.884838924542e+00,3.273757185009e+04,2.501537757912e+03,1.828284219528e+01,4.403419594836e-03
4.532338005497e-03,2.908536377229e+01,7.884553839581e+00,3.277053534683e+04,2.501201854973e+03,1.828529750637e+01,4.399421941380e-03
4.532834429237e-03,2.908038323356e+01,7.884267594680e+00,3.280353559298e+04,2.500865945416e+03,1.828775352543e+01,4.395426878901e-03
4.533330361871e-03,2.907540262265e+01,7.883980190015e+00,3.283657269425e+04,2.500530029256e+03,1.829021025267e+01,4.391434398729e-03
4.533825803857e-03,2.907042193936e+01,7.883691627789e+00,3.286964651277e+04,2.500194106481e+03,1.829266768848e+01,4.387444525956e-03
4.534320755610e-03,2.906544118388e+01,7.883401907653e+00,3.290275722389e+04,2.499858177103e+03,1.829512583307e+01,4.383457242287e-03
4.534815217562e-03,2.906046035627e+01,7.883111029894e+00,3.293590492091e+04,2.499522241126e+03,1.829758468672e+01,4.379472540862e-03
4.535309190154e-03,2.905547945644e+01,7.882818996652e+00,3.296908947160e+04,2.499186298543e+03,1.830004424978e+01,4.375490445840e-03
4.535802673809e-03,2.905049848452e+01,7.882525807516e+00,3.300231105963e+04,2.498850349366e+03,1.830250452248e+01,4.371510937924e-03
4.536295668958e-03,2.904551744054e+01,7.882231462894e+00,3.303556976450e+04,2.498514393594e+03,1.830496550513e+01,4.367534012201e-03
4.536788176040e-03,2.904053632445e+01,7.881935964860e+00,3.306886546034e+04,2.498178431225e+03,1.830742719804e+01,4.363559691831e-03
4.537280195473e-03,2.903555513640e+01,7.881639312947e+00,3.310219833860e+04,2.497842462270e+03,1.830988960145e+01,4.359587956580e-03
4.537771727695e-03,2.903057387634e+01,7.881341507678e+00,3.313556846526e+04,2.497506486723e+03,1.831235271570e+01,4.355618803438e-03
4.538262773136e-03,2.902559254431e+01,7.881042551066e+00,3.316897572052e+04,2.497170504590e+03,1.831481654106e+01,4.351652254603e-03
4.538753332224e-03,2.902061114034e+01,7.880742442577e+00,3.320242030469e+04,2.496834515871e+03,1.831728107783e+01,4.347688288789e-03
4.539243405384e-03,2.901562966450e+01,7.880441182865e+00,3.323590226847e+04,2.496498520572e+03,1.831974632627e+01,4.343726905078e-03
4.539732993048e-03,2.901064811679e+01,7.880138773870e+00,3.326942149933e+04,2.496162518692e+03,1.832221228670e+01,4.339768124574e-03
4.540222095647e-03,2.900566649723e+01,7.879835215000e+00,3.330297820568e+04,2.495826510233e+03,1.832467895941e+01,4.335811925039e-03
4.540710713610e-03,2.900068480581e+01,7.879530507026e+00,3.333657242430e+04,2.495490495195e+03,1.832714634472e+01,4.331858307466e-03
4.541198847360e-03,2.899570304261e+01,7.879224651826e+00,3.337020404890e+04,2.495154473582e+03,1.832961444288e+01,4.327907291998e-03
4.541686497329e-03,2.899072120764e+01,7.878917648747e+00,3.340387329634e+04,2.494818445396e+03,1.833208325421e+01,4.323958855411e-03
4.542173663943e-03,2.898573930091e+01,7.878609498683e+00,3.343758018846e+04,2.494482410637e+03,1.833455277900e+01,4.320013000714e-03
4.542660347627e-03,2.898075732248e+01,7.878300203445e+00,3.347132462615e+04,2.494146369310e+03,1.833702301754e+01,4.316069746980e-03
4.543146548814e-03,2.897577527230e+01,7.877989762316e+00,3.350510683495e+04,2.493810321412e+03,1.833949397014e+01,4.312129069993e-03
4.543632267925e-03,2.897079315046e+01,7.877678176318e+00,3.353892682128e+04,2.493474266947e+03,1.834196563709e+01,4.308190974807e-03
4.544117505391e-03,2.896581095692e+01,7.877365447187e+00,3.357278449375e+04,2.493138205915e+03,1.834443801870e+01,4.304255479376e-03
4.544602261636e-03,2.896082869172e+01,7.877051574152e+00,3.360668008586e+04,2.492802138317e+03,1.834691111525e+01,4.300322558584e-03
4.545086537087e-03,2.895584635488e+01,7.876736558354e+00,3.364061358932e+04,2.492466064155e+03,1.834938492707e+01,4.296392219425e-03
4.545570332165e-03,2.895086394646e+01,7.876420401466e+00,3.367458491924e+04,2.492129983433e+03,1.835185945441e+01,4.292464478894e-03
4.546053647300e-03,2.894588146642e+01,7.876103102655e+00,3.370859431823e+04,2.491793896150e+03,1.835433469760e+01,4.288539310841e-03
4.546536482920e-03,2.894089891475e+01,7.875784663181e+00,3.374264176282e+04,2.491457802303e+03,1.835681065697e+01,4.284616724244e-03
4.547018839442e-03,2.893591629155e+01,7.875465084651e+00,3.377672717525e+04,2.491121701899e+03,1.835928733277e+01,4.280696735069e-03
4.547500717298e-03,2.893093359675e+01,7.875144366173e+00,3.381085080699e+04,2.490785594936e+03,1.836176472534e+01,4.276779316178e-03
4.547982116910e-03,2.892595083038e+01,7.874822509129e+00,3.384501261868e+04,2.490449481413e+03,1.836424283498e+01,4.272864478590e-03
4.548463038699e-03,2.892096799250e+01,7.874499515058e+00,3.387921254018e+04,2.490113361336e+03,1.836672166196e+01,4.268952237196e-03
4.548943483096e-03,2.891598508302e+01,7.874175383005e+00,3.391345083214e+04,2.489777234699e+03,1.836920120664e+01,4.265042563845e-03
4.549423450511e-03,2.891100210210e+01,7.873850114487e+00,3.394772743819e+04,2.489441101513e+03,1.837168146926e+01,4.261135471706e-03
4.549902941382e-03,2.890601904961e+01,7.873523710958e+00,3.398204229729e+04,2.489104961767e+03,1.837416245018e+01,4.257230974434e-03
4.550381956125e-03,2.890103592561e+01,7.873196171418e+00,3.401639567785e+04,2.488768815469e+03,1.837664414968e+01,4.253329043039e-03
4.550860495168e-03,2.889605273005e+01,7.872867497488e+00,3.405078750894e+04,2.488432662612e+03,1.837912656810e+01,4.249429692537e-03
4.551338558919e-03,2.889106946311e+01,7.872537690578e+00,3.408521773505e+04,2.488096503210e+03,1.838160970567e+01,4.245532935769e-03
4.551816147822e-03,2.888608612454e+01,7.872206749606e+00,3.411968663576e+04,2.487760337248e+03,1.838409356281e+01,4.241638742527e-03
4.552293262282e-03,2.888110271452e+01,7.871874676332e+00,3.415419412226e+04,2.487424164735e+03,1.838657813974e+01,4.237747130031e-03
4.552769902723e-03,2.887611923305e+01,7.871541472085e+00,3.418874014801e+04,2.487087985672e+03,1.838906343679e+01,4.233858109923e-03
4.553246069574e-03,2.887113568003e+01,7.871207135735e+00,3.422332500087e+04,2.486751800054e+03,1.839154945430e+01,4.229971651120e-03
4.553721763250e-03,2.886615205554e+01,7.870871669157e+00,3.425794857607e+04,2.486415607885e+03,1.839403619255e+01,4.226087772806e-03
4.554196984174e-03,2.886116835953e+01,7.870535073609e+00,3.429261083526e+04,2.486079409162e+03,1.839652365187e+01,4.222206485528e-03
4.554671732765e-03,2.885618459205e+01,7.870197347911e+00,3.432731207471e+04,2.485743203889e+03,1.839901183255e+01,4.218327757318e-03
4.555146009447e-03,2.885120075303e+01,7.869858494051e+00,3.436205217381e+04,2.485406992061e+03,1.840150073495e+01,4.214451609293e-03
4.555619814633e-03,2.884621684256e+01,7.869518513228e+00,3.439683110133e+04,2.485070773684e+03,1.840399035932e+01,4.210578051030e-03
4.556093148749e-03,2.884123286056e+01,7.869177404195e+00,3.443164916383e+04,2.484734548753e+03,1.840648070601e+01,4.206707049482e-03
4.556566012212e-03,2.883624880704e+01,7.868835169067e+00,3.446650622310e+04,2.484398317269e+03,1.840897177534e+01,4.202838627873e-03
4.557038405442e-03,2.883126468202e+01,7.868491808970e+00,3.450140225657e+04,2.484062079233e+03,1.841146356760e+01,4.198972794651e-03
4.557510328859e-03,2.882628048545e+01,7.868147322600e+00,3.453633758014e+04,2.483725834642e+03,1.841395608314e+01,4.195109515802e-03
4.557981782877e-03,2.882129621737e+01,7.867801712197e+00,3.457131203806e+04,2.483389583499e+03,1.841644932224e+01,4.191248816632e-03
4.558452767922e-03,2.881631187771e+01,7.867454978811e+00,3.460632561676e+04,2.483053325799e+03,1.841894328526e+01,4.187390704433e-03
4.558923284404e-03,2.881132746654e+01,7.867107121089e+00,3.464137864094e+04,2.482717061547e+03,1.842143797247e+01,4.183535144296e-03
4.559393332747e-03,2.880634298377e+01,7.866758141384e+00,3.467647093819e+04,2.482380790737e+03,1.842393338423e+01,4.179682163488e-03
4.559862913363e-03,2.880135842947e+01,7.866408040688e+00,3.471160250233e+04,2.482044513374e+03,1.842642952081e+01,4.175831768333e-03
4.560332026679e-03,2.879637380351e+01,7.866056817573e+00,3.474677366942e+04,2.481708229449e+03,1.842892638260e+01,4.171983922757e-03
4.560800673101e-03,2.879138910600e+01,7.865704474529e+00,3.478198424781e+04,2.481371938970e+03,1.843142396986e+01,4.168138656253e-03
4.561268853051e-03,2.878640433686e+01,7.865351012470e+00,3.481723424082e+04,2.481035641932e+03,1.843392228294e+01,4.164295973952e-03
4.561736566945e-03,2.878141949609e+01,7.864996429919e+00,3.485252399353e+04,2.480699338334e+03,1.843642132215e+01,4.160455838888e-03
4.562203815195e-03,2.877643458371e+01,7.864640729481e+00,3.488785329697e+04,2.480363028178e+03,1.843892108780e+01,4.156618282538e-03
4.562670598231e-03,2.877144959957e+01,7.864283911996e+00,3.492322216357e+04,2.480026711455e+03,1.844142158027e+01,4.152783308906e-03
4.563136916450e-03,2.876646454384e+01,7.863925975941e+00,3.495863094731e+04,2.479690388175e+03,1.844392279981e+01,4.148950880148e-03
4.563602770281e-03,2.876147941635e+01,7.863566924029e+00,3.499407942225e+04,2.479354058328e+03,1.844642474680e+01,4.145121029675e-03
4.564068160129e-03,2.875649421719e+01,7.863206757049e+00,3.502956760784e+04,2.479017721920e+03,1.844892742151e+01,4.141293760592e-03
4.564533086419e-03,2.875150894624e+01,7.862845473400e+00,3.506509587039e+04,2.478681378942e+03,1.845143082432e+01,4.137469033823e-03
4.564997549561e-03,2.874652360352e+01,7.862483075928e+00,3.510066396408e+04,2.478345029396e+03,1.845393495555e+01,4.133646885003e-03
4.565461549963e-03,2.874153818908e+01,7.862119565353e+00,3.513627191756e+04,2.478008673286e+03,1.845643981547e+01,4.129827316115e-03
4.565925088055e-03,2.873655270273e+01,7.861754940009e+00,3.517192010787e+04,2.477672310599e+03,1.845894540450e+01,4.126010287036e-03
4.566388164231e-03,2.873156714464e+01,7.861389202873e+00,3.520760826921e+04,2.477335941346e+03,1.846145172287e+01,4.122195835611e-03
4.566850778920e-03,2.872658151463e+01,7.861022354583e+00,3.524333644165e+04,2.476999565516e+03,1.846395877099e+01,4.118383962468e-03
4.567312932531e-03,2.872159581273e+01,7.860654393435e+00,3.527910500968e+04,2.476663183111e+03,1.846646654914e+01,4.114574626818e-03
4.567774625469e-03,2.871661003897e+01,7.860285322446e+00,3.531491368786e+04,2.476326794132e+03,1.846897505766e+01,4.110767868637e-03
4.568235858157e-03,2.871162419324e+01,7.859915142254e+00,3.535076253930e+04,2.475990398574e+03,1.847148429688e+01,4.106963685869e-03
4.568696631007e-03,2.870663827550e+01,7.859543851227e+00,3.538665192957e+04,2.475653996432e+03,1.847399426717e+01,4.103162040222e-03
4.569156944423e-03,2.870165228581e+01,7.859171452308e+00,3.542258158077e+04,2.475317587712e+03,1.847650496880e+01,4.099362970536e-03
4.569616798821e-03,2.869666622409e+01,7.858797946068e+00,3.545855156538e+04,2.474981172408e+03,1.847901640213e+01,4.095566473667e-03
4.570076194619e-03,2.869168009027e+01,7.858423331013e+00,3.549456223220e+04,2.474644750514e+03,1.848152856752e+01,4.091772513571e-03
4.570535132215e-03,2.868669388441e+01,7.858047610008e+00,3.553061331138e+04,2.474308322037e+03,1.848404146525e+01,4.087981127908e-03
4.570993612033e-03,2.868170760638e+01,7.857670783555e+00,3.556670488541e+04,2.473971886966e+03,1.848655509570e+01,4.084192312389e-03
4.571451634479e-03,2.867672125617e+01,7.857292850303e+00,3.560283728520e+04,2.473635445303e+03,1.848906945919e+01,4.080406033310e-03
4.571909199961e-03,2.867173483379e+01,7.856913813034e+00,3.563901024983e+04,2.473298997046e+03,1.849158455606e+01,4.076622327076e-03
4.572366308889e-03,2.866674833921e+01,7.856533672194e+00,3.567522387057e+04,2.472962542194e+03,1.849410038661e+01,4.072841188390e-03
4.572822961683e-03,2.866176177226e+01,7.856152426555e+00,3.571147846210e+04,2.472626080737e+03,1.849661695127e+01,4.069062585696e-03
4.573279158735e-03,2.865677513310e+01,7.855770078838e+00,3.574777377059e+04,2.472289612685e+03,1.849913425026e+01,4.065286554342e-03
4.573734900469e-03,2.865178842156e+01,7.855386629408e+00,3.578410989833e+04,2.471953138027e+03,1.850165228398e+01,4.061513087803e-03
4.574190187287e-03,2.864680163766e+01,7.855002077190e+00,3.582048714090e+04,2.471616656763e+03,1.850417105277e+01,4.057742156948e-03
4.574645019608e-03,2.864181478123e+01,7.854616424806e+00,3.585690525521e+04,2.471280168884e+03,1.850669055700e+01,4.053973795701e-03
4.575099397822e-03,2.863682785246e+01,7.854229672578e+00,3.589336435101e+04,2.470943674402e+03,1.850921079692e+01,4.050207996688e-03
4.575553322358e-03,2.863184085108e+01,7.853841819550e+00,3.592986470793e+04,2.470607173298e+03,1.851173177297e+01,4.046444732856e-03
4.576006793602e-03,2.862685377726e+01,7.853452868291e+00,3.596640608911e+04,2.470270665585e+03,1.851425348539e+01,4.042684037180e-03
4.576459811988e-03,2.862186663071e+01,7.853062819022e+00,3.600298861783e+04,2.469934151242e+03,1.851677593464e+01,4.038925900824e-03
4.576912377901e-03,2.861687941160e+01,7.852671670958e+00,3.603961255219e+04,2.469597630283e+03,1.851929912096e+01,4.035170299364e-03
4.577364491762e-03,2.861189211975e+01,7.852279426563e+00,3.607627766679e+04,2.469261102694e+03,1.852182304478e+01,4.031417264301e-03
4.577816153965e-03,2.860690475524e+01,7.851886086023e+00,3.611298409222e+04,2.468924568482e+03,1.852434770634e+01,4.027666785989e-03
4.578267364931e-03,2.860191731788e+01,7.851491648659e+00,3.614973207096e+04,2.468588027632e+03,1.852687310609e+01,4.023918842000e-03
4.578718125058e-03,2.859692980771e+01,7.851096116880e+00,3.618652138466e+04,2.468251480149e+03,1.852939924432e+01,4.020173462826e-03
4.579168434753e-03,2.859194222466e+01,7.850699490790e+00,3.622335217547e+04,2.467914926029e+03,1.853192612138e+01,4.016430637588e-03
4.579618294420e-03,2.858695456872e+01,7.850301769865e+00,3.626022466579e+04,2.467578365269e+03,1.853445373760e+01,4.012690346289e-03
4.580067704475e-03,2.858196683971e+01,7.849902956419e+00,3.629713864773e+04,2.467241797859e+03,1.853698209341e+01,4.008952618073e-03
4.580516665310e-03,2.857697903774e+01,7.849503050502e+00,3.633409427289e+04,2.466905223806e+03,1.853951118905e+01,4.005217441056e-03
4.580965177343e-03,2.857199116260e+01,7.849102051714e+00,3.637109174590e+04,2.466568643096e+03,1.854204102497e+01,4.001484797412e-03
4.581413240959e-03,2.856700321444e+01,7.848699962318e+00,3.640813086559e+04,2.466232055739e+03,1.854457160140e+01,3.997754715331e-03
4.581860856584e-03,2.856201519300e+01,7.848296782269e+00,3.644521179700e+04,2.465895461718e+03,1.854710291880e+01,3.994027181528e-03
4.582308024615e-03,2.855702709830e+01,7.847892511322e+00,3.648233472368e+04,2.465558861034e+03,1.854963497748e+01,3.990302180663e-03
4.582754745449e-03,2.855203893034e+01,7.847487151651e+00,3.651949945498e+04,2.465222253688e+03,1.855216777778e+01,3.986579739598e-03
4.583201019497e-03,2.854705068900e+01,7.847080703158e+00,3.655670616550e+04,2.464885639671e+03,1.855470132006e+01,3.982859844055e-03
4.583646847156e-03,2.854206237428e+01,7.846673165733e+00,3.659395501942e+04,2.464549018985e+03,1.855723560466e+01,3.979142480978e-03
4.584092228842e-03,2.853707398599e+01,7.846264541458e+00,3.663124583691e+04,2.464212391615e+03,1.855977063199e+01,3.975427675888e-03
4.584537164945e-03,2.853208552420e+01,7.845854830183e+00,3.666857880213e+04,2.463875757568e+03,1.856230640234e+01,3.971715413518e-03
4.584981655869e-03,2.852709698885e+01,7.845444031931e+00,3.670595405983e+04,2.463539116838e+03,1.856484291607e+01,3.968005683088e-03
4.585425702024e-03,2.852210837977e+01,7.845032148712e+00,3.674337143945e+04,2.463202469416e+03,1.856738017359e+01,3.964298508938e-03
4.585869303807e-03,2.851711969698e+01,7.844619180304e+00,3.678083113671e+04,2.462865815302e+03,1.856991817520e+01,3.960593874631e-03
4.586312461618e-03,2.851213094042e+01,7.844205126865e+00,3.681833327622e+04,2.462529154493e+03,1.857245692128e+01,3.956891771704e-03
4.586755175857e-03,2.850714211005e+01,7.843789990342e+00,3.685587769614e+04,2.462192486985e+03,1.857499641216e+01,3.953192223383e-03
4.587197446941e-03,2.850215320562e+01,7.843373770424e+00,3.689346460536e+04,2.461855812763e+03,1.857753664828e+01,3.949495211917e-03
4.587639275243e-03,2.849716422739e+01,7.842956467432e+00,3.693109410571e+04,2.461519131844e+03,1.858007762986e+01,3.945800731396e-03
4.588080661192e-03,2.849217517496e+01,7.842538083208e+00,3.696876604783e+04,2.461182444201e+03,1.858261935741e+01,3.942108803575e-03
4.588521605173e-03,2.848718604845e+01,7.842118617405e+00,3.700648064925e+04,2.460845749843e+03,1.858516183120e+01,3.938419409844e-03
4.588962107584e-03,2.848219684781e+01,7.841698070455e+00,3.704423799337e+04,2.460509048766e+03,1.858770505158e+01,3.934732546394e-03
4.589402168834e-03,2.847720757286e+01,7.841276444142e+00,3.708203793918e+04,2.460172340958e+03,1.859024901898e+01,3.931048233928e-03
4.589841789317e-03,2.847221822360e+01,7.840853738045e+00,3.711988071658e+04,2.459835626421e+03,1.859279373370e+01,3.927366452622e-03
4.590280969433e-03,2.846722879995e+01,7.840429952728e+00,3.715776638826e+04,2.459498905146e+03,1.859533919613e+01,3.923687200972e-03
4.590719709588e-03,2.846223930176e+01,7.840005089902e+00,3.719569482298e+04,2.459162177127e+03,1.859788540667e+01,3.920010498498e-03
4.591158010166e-03,2.845724972913e+01,7.839579149088e+00,3.723366626168e+04,2.458825442369e+03,1.860043236558e+01,3.916336324308e-03
4.591595871576e-03,2.845226008184e+01,7.839152130977e+00,3.727168074667e+04,2.458488700858e+03,1.860298007332e+01,3.912664679143e-03
4.592033294223e-03,2.844727035978e+01,7.838724037205e+00,3.730973815679e+04,2.458151952586e+03,1.860552853026e+01,3.908995581323e-03
4.592470278481e-03,2.844228056312e+01,7.838294867235e+00,3.734783874420e+04,2.457815197566e+03,1.860807773664e+01,3.905329008882e-03
4.592906824779e-03,2.843729069143e+01,7.837864621874e+00,3.738598253128e+04,2.457478435767e+03,1.861062769303e+01,3.901664964737e-03
4.593342933484e-03,2.843230074498e+01,7.837433302718e+00,3.742416940426e+04,2.457141667210e+03,1.861317839959e+01,3.898003466287e-03
4.593778605014e-03,2.842731072346e+01,7.837000909120e+00,3.746239963100e+04,2.456804891872e+03,1.861572985681e+01,3.894344490065e-03
4.594213839764e-03,2.842232062681e+01,7.836567442056e+00,3.750067320918e+04,2.456468109751e+03,1.861828206507e+01,3.890688041607e-03
4.594648638120e-03,2.841733045506e+01,7.836132903026e+00,3.753899003736e+04,2.456131320848e+03,1.862083502467e+01,3.887034136914e-03
4.595083000479e-03,2.841234020814e+01,7.835697291339e+00,3.757735039375e+04,2.455794525158e+03,1.862338873597e+01,3.883382751561e-03
4.595516927254e-03,2.840734988576e+01,7.835260608085e+00,3.761575425557e+04,2.455457722663e+03,1.862594319947e+01,3.879733893260e-03
4.595950418823e-03,2.840235948805e+01,7.834822854698e+00,3.765420153131e+04,2.455120913371e+03,1.862849841540e+01,3.876087576865e-03
4.596383475589e-03,2.839736901483e+01,7.834384030413e+00,3.769269251221e+04,2.454784097272e+03,1.863105438420e+01,3.872443776741e-03
4.596816097942e-03,2.839237846610e+01,7.833944136479e+00,3.773122715098e+04,2.454447274363e+03,1.863361110620e+01,3.868802503143e-03
4.597248286286e-03,2.838738784163e+01,7.833503174225e+00,3.776980536953e+04,2.454110444631e+03,1.863616858185e+01,3.865163769458e-03
4.597680041005e-03,2.838239714149e+01,7.833061142841e+00,3.780842746970e+04,2.453773608081e+03,1.863872681143e+01,3.861527549082e-03
4.598111362504e-03,2.837740636546e+01,7.832618043692e+00,3.784709338307e+04,2.453436764697e+03,1.864128579540e+01,3.857893854469e-03
4.598542251164e-03,2.837241551360e+01,7.832173878059e+00,3.788580304030e+04,2.453099914484e+03,1.864384553404e+01,3.854262697992e-03
4.598972707394e-03,2.836742458567e+01,7.831728645037e+00,3.792455675839e+04,2.452763057425e+03,1.864640602783e+01,3.850634051665e-03
4.599402731577e-03,2.836243358166e+01,7.831282346146e+00,3.796335444384e+04,2.452426193522e+03,1.864896727708e+01,3.847007930483e-03
4.599832324112e-03,2.835744250144e+01,7.830834982575e+00,3.800219604025e+04,2.452089322764e+03,1.865152928221e+01,3.843384345426e-03
4.600261485383e-03,2.835245134504e+01,7.830386553378e+00,3.804108187512e+04,2.451752445154e+03,1.865409204352e+01,3.839763267575e-03
4.600690215800e-03,2.834746011214e+01,7.829937060182e+00,3.808001183406e+04,2.451415560671e+03,1.865665556152e+01,3.836144714052e-03
4.601118515737e-03,2.834246880287e+01,7.829486504123e+00,3.811898586981e+04,2.451078669323e+03,1.865921983646e+01,3.832528694807e-03
4.601546385593e-03,2.833747741707e+01,7.829034884175e+00,3.815800432431e+04,2.450741771101e+03,1.866178486877e+01,3.828915179637e-03
4.601973825765e-03,2.833248595457e+01,7.828582202111e+00,3.819706705842e+04,2.450404865992e+03,1.866435065886e+01,3.825304188121e-03
4.602400836641e-03,2.832749441532e+01,7.828128458979e+00,3.823617403748e+04,2.450067953994e+03,1.866691720708e+01,3.821695728874e-03
4.602827418609e-03,2.832250279926e+01,7.827673653694e+00,3.827532561589e+04,2.449731035104e+03,1.866948451381e+01,3.818089770604e-03
4.603253572068e-03,2.831751110623e+01,7.827217788164e+00,3.831452163040e+04,2.449394109308e+03,1.867205257946e+01,3.814486335264e-03
4.603679297393e-03,2.831251933628e+01,7.826760863373e+00,3.835376205716e+04,2.449057176613e+03,1.867462140434e+01,3.810885430311e-03
4.604104594996e-03,2.830752748907e+01,7.826302878148e+00,3.839304726593e+04,2.448720236996e+03,1.867719098894e+01,3.807287023110e-03
4.604529465254e-03,2.830253556468e+01,7.825843834548e+00,3.843237706731e+04,2.448383290461e+03,1.867976133359e+01,3.803691138149e-03
4.604953908558e-03,2.829754356297e+01,7.825383733468e+00,3.847175145066e+04,2.448046336999e+03,1.868233243866e+01,3.800097781519e-03
4.605377925301e-03,2.829255148381e+01,7.824922573687e+00,3.851117079756e+04,2.447709376603e+03,1.868490430456e+01,3.796506919582e-03
4.605801515872e-03,2.828755932710e+01,7.824460357385e+00,3.855063489522e+04,2.447372409265e+03,1.868747693169e+01,3.792918579081e-03
4.606224680656e-03,2.828256709280e+01,7.823997085389e+00,3.859014374428e+04,2.447035434983e+03,1.869005032039e+01,3.789332764934e-03
4.606647420048e-03,2.827757478073e+01,7.823532756411e+00,3.862969774025e+04,2.446698453745e+03,1.869262447110e+01,3.785749442315e-03
4.607069734431e-03,2.827258239083e+01,7.823067372765e+00,3.866929664497e+04,2.446361465547e+03,1.869519938418e+01,3.782168640381e-03
4.607491624198e-03,2.826758992298e+01,7.822600935199e+00,3.870894047180e+04,2.446024470381e+03,1.869777506002e+01,3.778590362755e-03
4.607913089736e-03,2.826259737705e+01,7.822133442364e+00,3.874862962961e+04,2.445687468240e+03,1.870035149903e+01,3.775014573493e-03
4.608334131433e-03,2.825760475295e+01,7.821664896705e+00,3.878836385528e+04,2.445350459116e+03,1.870292870160e+01,3.771441304099e-03
4.608754749673e-03,2.825261205061e+01,7.821195298899e+00,3.882814317382e+04,2.445013443006e+03,1.870550666809e+01,3.767870557011e-03
4.609174944845e-03,2.824761926990e+01,7.820724647535e+00,3.886796800815e+04,2.444676419900e+03,1.870808539890e+01,3.764302295122e-03
4.609594717343e-03,2.824262641063e+01,7.820252945180e+00,3.890783807019e+04,2.444339389787e+03,1.871066489448e+01,3.760736552253e-03
4.610014067544e-03,2.823763347280e+01,7.819780192444e+00,3.894775339688e+04,2.444002352666e+03,1.871324515516e+01,3.757173329647e-03
4.610432995835e-03,2.823264045630e+01,7.819306387854e+00,3.898771442501e+04,2.443665308532e+03,1.871582618133e+01,3.753612589059e-03
4.610851502605e-03,2.822764736097e+01,7.818831534055e+00,3.902772083693e+04,2.443328257371e+03,1.871840797342e+01,3.750054367014e-03
4.611269588249e-03,2.822265418662e+01,7.818355631623e+00,3.906777270030e+04,2.442991199173e+03,1.872099053185e+01,3.746498661810e-03
4.611687253140e-03,2.821766093326e+01,7.817878679144e+00,3.910787043221e+04,2.442654133937e+03,1.872357385696e+01,3.742945437349e-03
4.612104497662e-03,2.821266760079e+01,7.817400679216e+00,3.914801371688e+04,2.442317061658e+03,1.872615794915e+01,3.739394729746e-03
4.612521322209e-03,2.820767418900e+01,7.816921632357e+00,3.918820263955e+04,2.441979982322e+03,1.872874280885e+01,3.735846535621e-03
4.612937727165e-03,2.820268069778e+01,7.816441537274e+00,3.922843759364e+04,2.441642895922e+03,1.873132843647e+01,3.732300821429e-03
4.613353712909e-03,2.819768712708e+01,7.815960396491e+00,3.926871827440e+04,2.441305802453e+03,1.873391483237e+01,3.728757621997e-03
4.613769279826e-03,2.819269347677e+01,7.815478210459e+00,3.930904477959e+04,2.440968701909e+03,1.873650199694e+01,3.725216932752e-03
4.614184428308e-03,2.818769974664e+01,7.814994978021e+00,3.934941747950e+04,2.440631594274e+03,1.873908993065e+01,3.721678722632e-03
4.614599158728e-03,2.818270593670e+01,7.814510701629e+00,3.938983608032e+04,2.440294479550e+03,1.874167863383e+01,3.718143025192e-03
4.615013471476e-03,2.817771204674e+01,7.814025381654e+00,3.943030069381e+04,2.439957357723e+03,1.874426810692e+01,3.714609834554e-03
4.615427366936e-03,2.817271807665e+01,7.813539017098e+00,3.947081166503e+04,2.439620228786e+03,1.874685835032e+01,3.711079122295e-03
4.615840845483e-03,2.816772402638e+01,7.813051610321e+00,3.951136871256e+04,2.439283092734e+03,1.874944936441e+01,3.707550920585e-03
4.616253907507e-03,2.816272989573e+01,7.812563161626e+00,3.955197196139e+04,2.438945949557e+03,1.875204114961e+01,3.704025222322e-03
4.616666553394e-03,2.815773568454e+01,7.812073670157e+00,3.959262173239e+04,2.438608799242e+03,1.875463370637e+01,3.700502001602e-03
4.617078783515e-03,2.815274139280e+01,7.811583138199e+00,3.963331775561e+04,2.438271641789e+03,1.875722703501e+01,3.696981289307e-03
4.617490598258e-03,2.814774702033e+01,7.811091565984e+00,3.967406016964e+04,2.437934477187e+03,1.875982113598e+01,3.693463077090e-03
4.617901998003e-03,2.814275256700e+01,7.810598952805e+00,3.971484927000e+04,2.437597305426e+03,1.876241600968e+01,3.689947341643e-03
4.618312983135e-03,2.813775803266e+01,7.810105300852e+00,3.975568480001e+04,2.437260126497e+03,1.876501165655e+01,3.686434112414e-03
4.618723554029e-03,2.813276341724e+01,7.809610610297e+00,3.979656691116e+04,2.436922940397e+03,1.876760807694e+01,3.682923379887e-03
4.619133711076e-03,2.812776872050e+01,7.809114880570e+00,3.983749587447e+04,2.436585747107e+03,1.877020527133e+01,3.679415123249e-03
4.619543454641e-03,2.812277394248e+01,7.808618113799e+00,3.987847144396e+04,2.436248546632e+03,1.877280324005e+01,3.675909370751e-03
4.619952785116e-03,2.811777908293e+01,7.808120310065e+00,3.991949378666e+04,2.435911338955e+03,1.877540198356e+01,3.672406111493e-03
4.620361702882e-03,2.811278414167e+01,7.807621468952e+00,3.996056314729e+04,2.435574124065e+03,1.877800150230e+01,3.668905327285e-03
4.620770208302e-03,2.810778911880e+01,7.807121592512e+00,4.000167929178e+04,2.435236901967e+03,1.878060179656e+01,3.665407045090e-03
4.621178301785e-03,2.810279401383e+01,7.806620680732e+00,4.004284240344e+04,2.434899672629e+03,1.878320286695e+01,3.661911252575e-03
4.621585983680e-03,2.809779882698e+01,7.806118733380e+00,4.008405269758e+04,2.434562436066e+03,1.878580471368e+01,3.658417934414e-03
4.621993254377e-03,2.809280355797e+01,7.805615752393e+00,4.012530995581e+04,2.434225192260e+03,1.878840733726e+01,3.654927115969e-03
4.622400114266e-03,2.808780820653e+01,7.805111737709e+00,4.016661437385e+04,2.433887941193e+03,1.879101073815e+01,3.651438783825e-03
4.622806563711e-03,2.808281277272e+01,7.804606689222e+00,4.020796614214e+04,2.433550682869e+03,1.879361491669e+01,3.647952925097e-03
4.623212603094e-03,2.807781725633e+01,7.804100608797e+00,4.024936505441e+04,2.433213417274e+03,1.879621987332e+01,3.644469563872e-03
4.623618232791e-03,2.807282165725e+01,7.803593496318e+00,4.029081131962e+04,2.432876144401e+03,1.879882560844e+01,3.640988685587e-03
4.624023453187e-03,2.806782597525e+01,7.803085351796e+00,4.033230510380e+04,2.432538864234e+03,1.880143212252e+01,3.637510279741e-03
4.624428264651e-03,2.806283021030e+01,7.802576177033e+00,4.037384621209e+04,2.432201576772e+03,1.880403941593e+01,3.634034369213e-03
4.624832667560e-03,2.805783436224e+01,7.802065971837e+00,4.041543486866e+04,2.431864282005e+03,1.880664748908e+01,3.630560938143e-03
4.625236662297e-03,2.805283843085e+01,7.801554736366e+00,4.045707121215e+04,2.431526979918e+03,1.880925634243e+01,3.627089978636e-03
4.625640249233e-03,2.804784241607e+01,7.801042472339e+00,4.049875506124e+04,2.431189670507e+03,1.881186597638e+01,3.623621512199e-03
4.626043428744e-03,2.804284631777e+01,7.800529179495e+00,4.054048665485e+04,2.430852353763e+03,1.881447639134e+01,3.620155521727e-03
4.626446201215e-03,2.803785013566e+01,7.800014858130e+00,4.058226610456e+04,2.430515029668e+03,1.881708758778e+01,3.616692001876e-03
4.626848567005e-03,2.803285386981e+01,7.799499509898e+00,4.062409324126e+04,2.430177698225e+03,1.881969956605e+01,3.613230972904e-03
4.627250526508e-03,2.802785751987e+01,7.798983134445e+00,4.066596832081e+04,2.429840359412e+03,1.882231232665e+01,3.609772416298e-03
4.627652080080e-03,2.802286108588e+01,7.798465732245e+00,4.070789142420e+04,2.429503013233e+03,1.882492586992e+01,3.606316329525e-03
4.628053228111e-03,2.801786456755e+01,7.797947304833e+00,4.074986239880e+04,2.429165659667e+03,1.882754019636e+01,3.602862731258e-03
4.628453970973e-03,2.801286796475e+01,7.797427851811e+00,4.079188151398e+04,2.428828298705e+03,1.883015530638e+01,3.599411601870e-03
4.628854309028e-03,2.800787127747e+01,7.796907373787e+00,4.083394882290e+04,2.428490930348e+03,1.883277120034e+01,3.595962941388e-03
4.629254242671e-03,2.800287450530e+01,7.796385872211e+00,4.087606418746e+04,2.428153554569e+03,1.883538787880e+01,3.592516767070e-03
4.629653772251e-03,2.799787764840e+01,7.795863346641e+00,4.091822789013e+04,2.427816171379e+03,1.883800534201e+01,3.589073058228e-03
4.630052898163e-03,2.799288070636e+01,7.795339797786e+00,4.096043995897e+04,2.427478780748e+03,1.884062359057e+01,3.585631817191e-03
4.630451620768e-03,2.798788367917e+01,7.794815227060e+00,4.100270026628e+04,2.427141382679e+03,1.884324262480e+01,3.582193060161e-03
4.630849940436e-03,2.798288656673e+01,7.794289633923e+00,4.104500911248e+04,2.426803977163e+03,1.884586244512e+01,3.578756764999e-03
4.631247857560e-03,2.797788936859e+01,7.793763019227e+00,4.108736649672e+04,2.426466564172e+03,1.884848305211e+01,3.575322936626e-03
4.631645372486e-03,2.797289208496e+01,7.793235384325e+00,4.112977230368e+04,2.426129143719e+03,1.885110444601e+01,3.571891590036e-03
4.632042485600e-03,2.796789471551e+01,7.792706728587e+00,4.117222685159e+04,2.425791715782e+03,1.885372662735e+01,3.568462701670e-03
4.632439197273e-03,2.796289726007e+01,7.792177053033e+00,4.121473010789e+04,2.425454280350e+03,1.885634959656e+01,3.565036279237e-03
4.632835507878e-03,2.795789971848e+01,7.791646358902e+00,4.125728197451e+04,2.425116837413e+03,1.885897335409e+01,3.561612336140e-03
4.633231417781e-03,2.795290209065e+01,7.791114645520e+00,4.129988278375e+04,2.424779386966e+03,1.886159790031e+01,3.558190847721e-03
4.633626927350e-03,2.794790437645e+01,7.790581914051e+00,4.134253247303e+04,2.424441928998e+03,1.886422323567e+01,3.554771824309e-03
4.634022036972e-03,2.794290657552e+01,7.790048165635e+00,4.138523096038e+04,2.424104463487e+03,1.886684936070e+01,3.551355277828e-03
4.634416746998e-03,2.793790868794e+01,7.789513399547e+00,4.142797859288e+04,2.423766990439e+03,1.886947627570e+01,3.547941182473e-03
4.634811057810e-03,2.793291071341e+01,7.788977617076e+00,4.147077527929e+04,2.423429509832e+03,1.887210398120e+01,3.544529551058e-03
4.635204969771e-03,2.792791265184e+01,7.788440819311e+00,4.151362094988e+04,2.423092021661e+03,1.887473247758e+01,3.541120394351e-03
4.635598483261e-03,2.792291450294e+01,7.787903005421e+00,4.155651597145e+04,2.422754525908e+03,1.887736176535e+01,3.537713685019e-03
4.635991598632e-03,2.791791626678e+01,7.787364176871e+00,4.159946021902e+04,2.422417022577e+03,1.887999184484e+01,3.534309438740e-03
4.636384316272e-03,2.791291794293e+01,7.786824334641e+00,4.164245364053e+04,2.422079511639e+03,1.888262271662e+01,3.530907664704e-03
4.636776636540e-03,2.790791953138e+01,7.786283477858e+00,4.168549661716e+04,2.421741993095e+03,1.888525438104e+01,3.527508334496e-03
4.637168559801e-03,2.790292103198e+01,7.785741608106e+00,4.172858899484e+04,2.421404466933e+03,1.888788683855e+01,3.524111466252e-03
4.637560086433e-03,2.789792244445e+01,7.785198726301e+00,4.177173073521e+04,2.421066933137e+03,1.889052008964e+01,3.520717067919e-03
4.637951216794e-03,2.789292376876e+01,7.784654831502e+00,4.181492223658e+04,2.420729391703e+03,1.889315413469e+01,3.517325109793e-03
4.638341951259e-03,2.788792500464e+01,7.784109925419e+00,4.185816331441e+04,2.420391842614e+03,1.889578897418e+01,3.513935612551e-03
4.638732290195e-03,2.788292615191e+01,7.783564008903e+00,4.190145394476e+04,2.420054285858e+03,1.889842460858e+01,3.510548582854e-03
4.639122233967e-03,2.787792721046e+01,7.783017080932e+00,4.194479454388e+04,2.419716721428e+03,1.890106103829e+01,3.507163989661e-03
4.639511782941e-03,2.787292818009e+01,7.782469143368e+00,4.198818489464e+04,2.419379149311e+03,1.890369826377e+01,3.503781856328e-03
4.639900937479e-03,2.786792906073e+01,7.781920196992e+00,4.203162498778e+04,2.419041569502e+03,1.890633628543e+01,3.500402188220e-03
4.640289697959e-03,2.786292985205e+01,7.781370240696e+00,4.207511525861e+04,2.418703981980e+03,1.890897510378e+01,3.497024952890e-03
4.640678064742e-03,2.785793055390e+01,7.780819276481e+00,4.211865545743e+04,2.418366386734e+03,1.891161471927e+01,3.493650176339e-03
4.641066038191e-03,2.785293116619e+01,7.780267305052e+00,4.216224559074e+04,2.418028783759e+03,1.891425513229e+01,3.490277862572e-03
4.641453618670e-03,2.784793168876e+01,7.779714325253e+00,4.220588610991e+04,2.417691173044e+03,1.891689634330e+01,3.486907977979e-03
4.641840806556e-03,2.784293212125e+01,7.779160339197e+00,4.224957673463e+04,2.417353554566e+03,1.891953835283e+01,3.483540551030e-03
4.642227602193e-03,2.783793246378e+01,7.778605347538e+00,4.229331748522e+04,2.417015928332e+03,1.892218116118e+01,3.480175584529e-03
4.642614005973e-03,2.783293271583e+01,7.778049349012e+00,4.233710883404e+04,2.416678294308e+03,1.892482476899e+01,3.476813043342e-03
4.643000018231e-03,2.782793287757e+01,7.777492345929e+00,4.238095046299e+04,2.416340652506e+03,1.892746917652e+01,3.473452958926e-03
4.643385639358e-03,2.782293294850e+01,7.776934338799e+00,4.242484241394e+04,2.416003002893e+03,1.893011438440e+01,3.470095332310e-03
4.643770869702e-03,2.781793292864e+01,7.776375326348e+00,4.246878517256e+04,2.415665345469e+03,1.893276039297e+01,3.466740127439e-03
4.644155709627e-03,2.781293281779e+01,7.775815310929e+00,4.251277838613e+04,2.415327680222e+03,1.893540720270e+01,3.463387378483e-03
4.644540159504e-03,2.780793261570e+01,7.775254293057e+00,4.255682213179e+04,2.414990007135e+03,1.893805481407e+01,3.460037083577e-03
4.644924219689e-03,2.780293232226e+01,7.774692271492e+00,4.260091687265e+04,2.414652326201e+03,1.894070322752e+01,3.456689208761e-03
4.645307890547e-03,2.779793193725e+01,7.774129248534e+00,4.264506225854e+04,2.414314637406e+03,1.894335244351e+01,3.453343787784e-03
4.645691172443e-03,2.779293146048e+01,7.773565224648e+00,4.268925838901e+04,2.413976940737e+03,1.894600246251e+01,3.450000816967e-03
4.646074065739e-03,2.778793089176e+01,7.773000198721e+00,4.273350569566e+04,2.413639236182e+03,1.894865328497e+01,3.446660265177e-03
4.646456570793e-03,2.778293023094e+01,7.772434172975e+00,4.277780384280e+04,2.413301523729e+03,1.895130491134e+01,3.443322164766e-03
4.646838687977e-03,2.777792947771e+01,7.771867147788e+00,4.282215294787e+04,2.412963803361e+03,1.895395734214e+01,3.439986510624e-03
4.647220417631e-03,2.777292863218e+01,7.771299122233e+00,4.286655340863e+04,2.412626075084e+03,1.895661057768e+01,3.436653274595e-03
4.647601760145e-03,2.776792769376e+01,7.770730098399e+00,4.291100490820e+04,2.412288338857e+03,1.895926461862e+01,3.433322487320e-03
4.647982715850e-03,2.776292666267e+01,7.770160076650e+00,4.295550757683e+04,2.411950594698e+03,1.896191946522e+01,3.429994142657e-03
4.648363285135e-03,2.775792553835e+01,7.769589056133e+00,4.300006178615e+04,2.411612842567e+03,1.896457511814e+01,3.426668214817e-03
4.648743468335e-03,2.775292432094e+01,7.769017038940e+00,4.304466722837e+04,2.411275082475e+03,1.896723157766e+01,3.423344733474e-03
4.649123265833e-03,2.774792300995e+01,7.768444025277e+00,4.308932405736e+04,2.410937314389e+03,1.896988884440e+01,3.420023690661e-03
4.649502677975e-03,2.774292160535e+01,7.767870014506e+00,4.313403260779e+04,2.410599538308e+03,1.897254691874e+01,3.416705063733e-03
4.649881705117e-03,2.773792010702e+01,7.767295008603e+00,4.317879258989e+04,2.410261754224e+03,1.897520580113e+01,3.413388880749e-03
4.650260347634e-03,2.773291851457e+01,7.766719007713e+00,4.322360417423e+04,2.409923962110e+03,1.897786549211e+01,3.410075132446e-03
4.650638605871e-03,2.772791682795e+01,7.766142011347e+00,4.326846766298e+04,2.409586161964e+03,1.898052599208e+01,3.406763798964e-03
4.651016480193e-03,2.772291504692e+01,7.765564021383e+00,4.331338278324e+04,2.409248353769e+03,1.898318730154e+01,3.403454906843e-03
4.651393970953e-03,2.771791317133e+01,7.764985037923e+00,4.335834972134e+04,2.408910537517e+03,1.898584942093e+01,3.400148445612e-03
4.651771078524e-03,2.771291120082e+01,7.764405060589e+00,4.340336874910e+04,2.408572713183e+03,1.898851235080e+01,3.396844398006e-03
4.652147803240e-03,2.770790913547e+01,7.763824091216e+00,4.344843960682e+04,2.408234880772e+03,1.899117609149e+01,3.393542789331e-03
4.652524145485e-03,2.770290697478e+01,7.763242129790e+00,4.349356250214e+04,2.407897040252e+03,1.899384064361e+01,3.390243607518e-03
4.652900105593e-03,2.769790471883e+01,7.762659176135e+00,4.353873766925e+04,2.407559191627e+03,1.899650600750e+01,3.386946838396e-03
4.653275683942e-03,2.769290236714e+01,7.762075231940e+00,4.358396486973e+04,2.407221334867e+03,1.899917218377e+01,3.383652505467e-03
4.653650880869e-03,2.768789991980e+01,7.761490297185e+00,4.362924432426e+04,2.406883469978e+03,1.900183917275e+01,3.380360595678e-03
4.654025696744e-03,2.768289737641e+01,7.760904371788e+00,4.367457623737e+04,2.406545596932e+03,1.900450697501e+01,3.377071097345e-03
4.654400131920e-03,2.767789473682e+01,7.760317457393e+00,4.371996038421e+04,2.406207715720e+03,1.900717559100e+01,3.373784032740e-03
4.654774186757e-03,2.767289200077e+01,7.759729553868e+00,4.376539700714e+04,2.405869826325e+03,1.900984502122e+01,3.370499387214e-03
4.655147861602e-03,2.766788916818e+01,7.759140661316e+00,4.381088627333e+04,2.405531928741e+03,1.901251526610e+01,3.367217152098e-03
4.655521156813e-03,2.766288623881e+01,7.758550781290e+00,4.385642797543e+04,2.405194022953e+03,1.901518632612e+01,3.363937348163e-03
4.655894072753e-03,2.765788321236e+01,7.757959913581e+00,4.390202237495e+04,2.404856108942e+03,1.901785820180e+01,3.360659959367e-03
4.656266609765e-03,2.765288008876e+01,7.757368058441e+00,4.394766960402e+04,2.404518186702e+03,1.902053089356e+01,3.357384979855e-03
4.656638768216e-03,2.764787686768e+01,7.756775217330e+00,4.399336947316e+04,2.404180256212e+03,1.902320440195e+01,3.354112428887e-03
4.657010548455e-03,2.764287354895e+01,7.756181389981e+00,4.403912226172e+04,2.403842317461e+03,1.902587872742e+01,3.350842289135e-03
4.657381950832e-03,2.763787013243e+01,7.755586576787e+00,4.408492806708e+04,2.403504370438e+03,1.902855387041e+01,3.347574557510e-03
4.657752975705e-03,2.763286661786e+01,7.754990779136e+00,4.413078671618e+04,2.403166415128e+03,1.903122983144e+01,3.344309251878e-03
4.658123623428e-03,2.762786300502e+01,7.754393996683e+00,4.417669850817e+04,2.402828451516e+03,1.903390661099e+01,3.341046353503e-03
4.658493894357e-03,2.762285929366e+01,7.753796229953e+00,4.422266350551e+04,2.402490479585e+03,1.903658420957e+01,3.337785862039e-03
4.658863788839e-03,2.761785548367e+01,7.753197480272e+00,4.426868155135e+04,2.402152499328e+03,1.903926262761e+01,3.334527793993e-03
4.659233307235e-03,2.761285157470e+01,7.752597747209e+00,4.431475296540e+04,2.401814510723e+03,1.904194186565e+01,3.331272129181e-03
4.659602449882e-03,2.760784756677e+01,7.751997031466e+00,4.436087777140e+04,2.401476513770e+03,1.904462192407e+01,3.328018870240e-03
4.659971217154e-03,2.760284345938e+01,7.751395334241e+00,4.440705583366e+04,2.401138508436e+03,1.904730280352e+01,3.324768031979e-03
4.660339609383e-03,2.759783925256e+01,7.750792655079e+00,4.445328748825e+04,2.400800494724e+03,1.904998450432e+01,3.321519593083e-03
4.660707626938e-03,2.759283494588e+01,7.750188994775e+00,4.449957272602e+04,2.400462472605e+03,1.905266702710e+01,3.318273558725e-03
4.661075270160e-03,2.758783053926e+01,7.749584354496e+00,4.454591142548e+04,2.400124442073e+03,1.905535037227e+01,3.315029942529e-03
4.661442539400e-03,2.758282603249e+01,7.748978733685e+00,4.459230394499e+04,2.399786403116e+03,1.905803454031e+01,3.311788721641e-03
4.661809435007e-03,2.757782142537e+01,7.748372133311e+00,4.463875023586e+04,2.399448355719e+03,1.906071953171e+01,3.308549904212e-03
4.662175957348e-03,2.757281671746e+01,7.747764554419e+00,4.468525019793e+04,2.399110299855e+03,1.906340534707e+01,3.305313502190e-03
4.662542106751e-03,2.756781190887e+01,7.747155996419e+00,4.473180420706e+04,2.398772235530e+03,1.906609198670e+01,3.302079491537e-03
4.662907883589e-03,2.756280699904e+01,7.746546460380e+00,4.477841218013e+04,2.398434162707e+03,1.906877945130e+01,3.298847882993e-03
4.663273288186e-03,2.755780198812e+01,7.745935947341e+00,4.482507402976e+04,2.398096081396e+03,1.907146774113e+01,3.295618687442e-03
4.663638320915e-03,2.755279687558e+01,7.745324456563e+00,4.487179015832e+04,2.397757991563e+03,1.907415685688e+01,3.292391879054e-03
4.664002982113e-03,2.754779166133e+01,7.744711989315e+00,4.491856043996e+04,2.397419893200e+03,1.907684679895e+01,3.289167471698e-03
4.664367272137e-03,2.754278634506e+01,7.744098546502e+00,4.496538481026e+04,2.397081786289e+03,1.907953756790e+01,3.285945474506e-03
4.664731191323e-03,2.753778092673e+01,7.743484127374e+00,4.501226368779e+04,2.396743670827e+03,1.908222916411e+01,3.282725860586e-03
4.665094740027e-03,2.753277540601e+01,7.742868733314e+00,4.505919691018e+04,2.396405546790e+03,1.908492158815e+01,3.279508646475e-03
4.665457918603e-03,2.752776978258e+01,7.742252365146e+00,4.510618443189e+04,2.396067414160e+03,1.908761484055e+01,3.276293839851e-03
4.665820727399e-03,2.752276405624e+01,7.741635022032e+00,4.515322669415e+04,2.395729272921e+03,1.909030892181e+01,3.273081412332e-03
4.666183166750e-03,2.751775822691e+01,7.741016705529e+00,4.520032349280e+04,2.395391123070e+03,1.909300383235e+01,3.269871383452e-03
4.666545237010e-03,2.751275229430e+01,7.740397416384e+00,4.524747480127e+04,2.395052964587e+03,1.909569957270e+01,3.266663759443e-03
4.666906938535e-03,2.750774625804e+01,7.739777153669e+00,4.529468108365e+04,2.394714797447e+03,1.909839614343e+01,3.263458510440e-03
4.667268271657e-03,2.750274011811e+01,7.739155919090e+00,4.534194209527e+04,2.394376621650e+03,1.910109354493e+01,3.260255658851e-03
4.667629236733e-03,2.749773387415e+01,7.738533713310e+00,4.538925782969e+04,2.394038437171e+03,1.910379177778e+01,3.257055209404e-03
4.667989834109e-03,2.749272752593e+01,7.737910535345e+00,4.543662877131e+04,2.393700243996e+03,1.910649084248e+01,3.253857130934e-03
4.668350064132e-03,2.748772107321e+01,7.737286387017e+00,4.548405463722e+04,2.393362042108e+03,1.910919073954e+01,3.250661448541e-03
4.668709927134e-03,2.748271451593e+01,7.736661268948e+00,4.553153543764e+04,2.393023831505e+03,1.911189146936e+01,3.247468165696e-03
4.669069423480e-03,2.747770785361e+01,7.736035180055e+00,4.557907168127e+04,2.392685612153e+03,1.911459303259e+01,3.244277249687e-03
4.669428553504e-03,2.747270108617e+01,7.735408122319e+00,4.562666304276e+04,2.392347384048e+03,1.911729542966e+01,3.241088728554e-03
4.669787317560e-03,2.746769421325e+01,7.734780096248e+00,4.567430955510e+04,2.392009147166e+03,1.911999866112e+01,3.237902604117e-03
4.670145715976e-03,2.746268723484e+01,7.734151100750e+00,4.572201174459e+04,2.391670901508e+03,1.912270272738e+01,3.234718842581e-03
4.670503749116e-03,2.745768015044e+01,7.733521137864e+00,4.576976924588e+04,2.391332647038e+03,1.912540762908e+01,3.231537474728e-03
4.670861417318e-03,2.745267295990e+01,7.732890208074e+00,4.581758212313e+04,2.390994383748e+03,1.912811336668e+01,3.228358500148e-03
4.671218720915e-03,2.744766566315e+01,7.732258310270e+00,4.586545089992e+04,2.390656111633e+03,1.913081994061e+01,3.225181885456e-03
4.671575660264e-03,2.744265825973e+01,7.731625446504e+00,4.591337518705e+04,2.390317830663e+03,1.913352735149e+01,3.222007662939e-03
4.671932235706e-03,2.743765074948e+01,7.730991617229e+00,4.596135509101e+04,2.389979540827e+03,1.913623559980e+01,3.218835829220e-03
4.672288447584e-03,2.743264313213e+01,7.730356821420e+00,4.600939109391e+04,2.389641242108e+03,1.913894468605e+01,3.215666354089e-03
4.672644296238e-03,2.742763540749e+01,7.729721061076e+00,4.605748282310e+04,2.389302934492e+03,1.914165461074e+01,3.212499268448e-03
4.672999782008e-03,2.742262757537e+01,7.729084336570e+00,4.610563040634e+04,2.388964617968e+03,1.914436537436e+01,3.209334567441e-03
4.673354905249e-03,2.741761963533e+01,7.728446647011e+00,4.615383428803e+04,2.388626292507e+03,1.914707697752e+01,3.206172223752e-03
4.673709666286e-03,2.741261158739e+01,7.727807994340e+00,4.620209411261e+04,2.388287958109e+03,1.914978942060e+01,3.203012266877e-03
4.674064065479e-03,2.740760343102e+01,7.727168378813e+00,4.625041003232e+04,2.387949614740e+03,1.915250270426e+01,3.199854690287e-03
4.674418103153e-03,2.740259516625e+01,7.726527799749e+00,4.629878244757e+04,2.387611262402e+03,1.915521682889e+01,3.196699469940e-03
4.674771779662e-03,2.739758679262e+01,7.725886258947e+00,4.634721102648e+04,2.387272901064e+03,1.915793179511e+01,3.193546633509e-03
4.675125095343e-03,2.739257830996e+01,7.725243756631e+00,4.639569593955e+04,2.386934530717e+03,1.916064760339e+01,3.190396173221e-03
4.675478050536e-03,2.738756971804e+01,7.724600292243e+00,4.644423754927e+04,2.386596151343e+03,1.916336425425e+01,3.187248067873e-03
4.675830645577e-03,2.738256101667e+01,7.723955867529e+00,4.649283554090e+04,2.386257762930e+03,1.916608174819e+01,3.184102343759e-03
4.676182880819e-03,2.737755220542e+01,7.723310482607e+00,4.654149010941e+04,2.385919365451e+03,1.916880008581e+01,3.180958991474e-03
4.676534756588e-03,2.737254328424e+01,7.722664137094e+00,4.659020157443e+04,2.385580958902e+03,1.917151926753e+01,3.177817992944e-03
4.676886273229e-03,2.736753425279e+01,7.722016832635e+00,4.663896964262e+04,2.385242543261e+03,1.917423929393e+01,3.174679372826e-03
4.677237431095e-03,2.736252511066e+01,7.721368569275e+00,4.668779453102e+04,2.384904118501e+03,1.917696016560e+01,3.171543120253e-03
4.677588230496e-03,2.735751585799e+01,7.720719346805e+00,4.673667651600e+04,2.384565684630e+03,1.917968188288e+01,3.168409220271e-03
4.677938671799e-03,2.735250649414e+01,7.720069166752e+00,4.678561532718e+04,2.384227241607e+03,1.918240444649e+01,3.165277695817e-03
4.678288755332e-03,2.734749701901e+01,7.719418029122e+00,4.683461120118e+04,2.383888789426e+03,1.918512785686e+01,3.162148534740e-03
4.678638481430e-03,2.734248743239e+01,7.718765933817e+00,4.688366437566e+04,2.383550328071e+03,1.918785211452e+01,3.159021724882e-03
4.678987850434e-03,2.733747773398e+01,7.718112882321e+00,4.693277459748e+04,2.383211857524e+03,1.919057722000e+01,3.155897287841e-03
4.679336862680e-03,2.733246792356e+01,7.717458874555e+00,4.698194212708e+04,2.382873377771e+03,1.919330317382e+01,3.152775209928e-03
4.679685518520e-03,2.732745800067e+01,7.716803910535e+00,4.703116716204e+04,2.382534888780e+03,1.919602997661e+01,3.149655481836e-03
4.680033818269e-03,2.732244796536e+01,7.716147991710e+00,4.708044946648e+04,2.382196390556e+03,1.919875762875e+01,3.146538123839e-03
4.680381762279e-03,2.731743781718e+01,7.715491117895e+00,4.712978932632e+04,2.381857883067e+03,1.920148613086e+01,3.143423120622e-03
4.680729350879e-03,2.731242755598e+01,7.714833289300e+00,4.717918689279e+04,2.381519366306e+03,1.920421548342e+01,3.140310466093e-03
4.681076584421e-03,2.730741718127e+01,7.714174507217e+00,4.722864195641e+04,2.381180840238e+03,1.920694568709e+01,3.137200178639e-03
4.681423463218e-03,2.730240669314e+01,7.713514771462e+00,4.727815482106e+04,2.380842304870e+03,1.920967674221e+01,3.134092241814e-03
4.681769987619e-03,2.729739609112e+01,7.712854082351e+00,4.732772559737e+04,2.380503760172e+03,1.921240864942e+01,3.130986652341e-03
4.682116157970e-03,2.729238537480e+01,7.712192441106e+00,4.737735409637e+04,2.380165206117e+03,1.921514140934e+01,3.127883427112e-03
4.682461974582e-03,2.728737454431e+01,7.711529847474e+00,4.742704064530e+04,2.379826642712e+03,1.921787502230e+01,3.124782548224e-03
4.682807437811e-03,2.728236359905e+01,7.710866301901e+00,4.747678531175e+04,2.379488069918e+03,1.922060948901e+01,3.121684015337e-03
4.683152547991e-03,2.727735253879e+01,7.710201805554e+00,4.752658792647e+04,2.379149487721e+03,1.922334480999e+01,3.118587843914e-03
4.683497305442e-03,2.727234136348e+01,7.709536358081e+00,4.757644884256e+04,2.378810896116e+03,1.922608098567e+01,3.115494014454e-03
4.683841710510e-03,2.726733007267e+01,7.708869960097e+00,4.762636808116e+04,2.378472295074e+03,1.922881801668e+01,3.112402529735e-03
4.684185763526e-03,2.726231866615e+01,7.708202612690e+00,4.767634549464e+04,2.378133684583e+03,1.923155590353e+01,3.109313403686e-03
4.684529464826e-03,2.725730714363e+01,7.707534315405e+00,4.772638146281e+04,2.377795064621e+03,1.923429464678e+01,3.106226615180e-03
4.684872814747e-03,2.725229550480e+01,7.706865069021e+00,4.777647595986e+04,2.377456435168e+03,1.923703424699e+01,3.103142170103e-03
4.685215813610e-03,2.724728374954e+01,7.706194874559e+00,4.782662885953e+04,2.377117796219e+03,1.923977470462e+01,3.100060080885e-03
4.685558461764e-03,2.724227187739e+01,7.705523731469e+00,4.787684056786e+04,2.376779147740e+03,1.924251602032e+01,3.096980324820e-03
4.685900759531e-03,2.723725988822e+01,7.704851640699e+00,4.792711101116e+04,2.376440489724e+03,1.924525819455e+01,3.093902910928e-03
4.686242707245e-03,2.723224778174e+01,7.704178603168e+00,4.797744008722e+04,2.376101822154e+03,1.924800122787e+01,3.090827849987e-03
4.686584305249e-03,2.722723555753e+01,7.703504618259e+00,4.802782822673e+04,2.375763144999e+03,1.925074512091e+01,3.087755117831e-03
4.686925553858e-03,2.722222321554e+01,7.702829687079e+00,4.807827530832e+04,2.375424458256e+03,1.925348987409e+01,3.084684726561e-03
4.687266453412e-03,2.721721075543e+01,7.702153810456e+00,4.812878125331e+04,2.375085761905e+03,1.925623548800e+01,3.081616685360e-03
4.687607004253e-03,2.721219817672e+01,7.701476987699e+00,4.817934651787e+04,2.374747055913e+03,1.925898196329e+01,3.078550968565e-03
4.687947206698e-03,2.720718547938e+01,7.700799220056e+00,4.822997093335e+04,2.374408340277e+03,1.926172930039e+01,3.075487591299e-03
4.688287061087e-03,2.720217266300e+01,7.700120508271e+00,4.828065444472e+04,2.374069614972e+03,1.926447749991e+01,3.072426561162e-03
4.688626567739e-03,2.719715972747e+01,7.699440851629e+00,4.833139753017e+04,2.373730879989e+03,1.926722656231e+01,3.069367851219e-03
4.688965726994e-03,2.719214667238e+01,7.698760251475e+00,4.838219997659e+04,2.373392135302e+03,1.926997648822e+01,3.066311479412e-03
4.689304539189e-03,2.718713349734e+01,7.698078708471e+00,4.843306175233e+04,2.373053380885e+03,1.927272727825e+01,3.063257451787e-03
4.689643004638e-03,2.718212020231e+01,7.697396221847e+00,4.848398336055e+04,2.372714616736e+03,1.927547893283e+01,3.060205739982e-03
4.689981123688e-03,2.717710678677e+01,7.696712793071e+00,4.853496454092e+04,2.372375842820e+03,1.927823145263e+01,3.057156364888e-03
4.690318896648e-03,2.717209325074e+01,7.696028422785e+00,4.858600528122e+04,2.372037059138e+03,1.928098483806e+01,3.054109331253e-03
4.690656323869e-03,2.716707959362e+01,7.695343110070e+00,4.863710611659e+04,2.371698265651e+03,1.928373908983e+01,3.051064608883e-03
4.690993405664e-03,2.716206581536e+01,7.694656856603e+00,4.868826673247e+04,2.371359462356e+03,1.928649420838e+01,3.048022222003e-03
4.691330142372e-03,2.715705191551e+01,7.693969662884e+00,4.873948714551e+04,2.371020649223e+03,1.928925019436e+01,3.044982173515e-03
4.691666534315e-03,2.715203789392e+01,7.693281527984e+00,4.879076791282e+04,2.370681826242e+03,1.929200704826e+01,3.041944432012e-03
4.692002581826e-03,2.714702375019e+01,7.692592453674e+00,4.884210867357e+04,2.370342993387e+03,1.929476477069e+01,3.038909024541e-03
4.692338285228e-03,2.714200948414e+01,7.691902440413e+00,4.889350946590e+04,2.370004150646e+03,1.929752336216e+01,3.035875952617e-03
4.692673644855e-03,2.713699509539e+01,7.691211487174e+00,4.894497087616e+04,2.369665297994e+03,1.930028282327e+01,3.032845183204e-03
4.693008661029e-03,2.713198058372e+01,7.690519595832e+00,4.899649248475e+04,2.369326435415e+03,1.930304315457e+01,3.029816746871e-03
4.693343334079e-03,2.712696594881e+01,7.689826766810e+00,4.904807438726e+04,2.368987562891e+03,1.930580435662e+01,3.026790641575e-03
4.693677664331e-03,2.712195119042e+01,7.689132999139e+00,4.909971713382e+04,2.368648680404e+03,1.930856642996e+01,3.023766836749e-03
4.694011652116e-03,2.711693630816e+01,7.688438294630e+00,4.915142030852e+04,2.368309787929e+03,1.931132937521e+01,3.020745362543e-03
4.694345297754e-03,2.711192130186e+01,7.687742653663e+00,4.920318404177e+04,2.367970885454e+03,1.931409319288e+01,3.017726214776e-03
4.694678601581e-03,2.710690617109e+01,7.687046075382e+00,4.925500883551e+04,2.367631972951e+03,1.931685788360e+01,3.014709366098e-03
4.695011563913e-03,2.710189091566e+01,7.686348561540e+00,4.930689429511e+04,2.367293050408e+03,1.931962344788e+01,3.011694845141e-03
4.695344185076e-03,2.709687553531e+01,7.685650112428e+00,4.935884057763e+04,2.366954117808e+03,1.932238988628e+01,3.008682646111e-03
4.695676465406e-03,2.709186002960e+01,7.684950727346e+00,4.941084813668e+04,2.366615175122e+03,1.932515719944e+01,3.005672744849e-03
4.696008405220e-03,2.708684439831e+01,7.684250407953e+00,4.946291660175e+04,2.366276222334e+03,1.932792538790e+01,3.002665168320e-03
4.696340004836e-03,2.708182864130e+01,7.683549154486e+00,4.951504615462e+04,2.365937259437e+03,1.933069445213e+01,2.999659909250e-03
4.696671264593e-03,2.707681275804e+01,7.682846966383e+00,4.956723720093e+04,2.365598286395e+03,1.933346439284e+01,2.996656946610e-03
4.697002184814e-03,2.707179674823e+01,7.682143845211e+00,4.961948939466e+04,2.365259303187e+03,1.933623521061e+01,2.993656305698e-03
4.697332765807e-03,2.706678061186e+01,7.681439791147e+00,4.967180294294e+04,2.364920309815e+03,1.933900690583e+01,2.990657977739e-03
4.697663007909e-03,2.706176434840e+01,7.680734803784e+00,4.972417820148e+04,2.364581306242e+03,1.934177947923e+01,2.987661944913e-03
4.697992911453e-03,2.705674795741e+01,7.680028884584e+00,4.977661485015e+04,2.364242292440e+03,1.934455293145e+01,2.984668230791e-03
4.698322476737e-03,2.705173143900e+01,7.679322033666e+00,4.982911312167e+04,2.363903268415e+03,1.934732726284e+01,2.981676825097e-03
4.698651704108e-03,2.704671479247e+01,7.678614250752e+00,4.988167332301e+04,2.363564234123e+03,1.935010247419e+01,2.978687713119e-03
4.698980593876e-03,2.704169801776e+01,7.677905537272e+00,4.993429515486e+04,2.363225189558e+03,1.935287856597e+01,2.975700917003e-03
4.699309146366e-03,2.703668111448e+01,7.677195893206e+00,4.998697888195e+04,2.362886134695e+03,1.935565553877e+01,2.972716424633e-03
4.699637361899e-03,2.703166408240e+01,7.676485318486e+00,5.003972475565e+04,2.362547069520e+03,1.935843339316e+01,2.969734224754e-03
4.699965240798e-03,2.702664692115e+01,7.675773814423e+00,5.009253250438e+04,2.362207994007e+03,1.936121212974e+01,2.966754337715e-03
4.700292783397e-03,2.702162963029e+01,7.675061380908e+00,5.014540242151e+04,2.361868908127e+03,1.936399174917e+01,2.963776749766e-03
4.700619989993e-03,2.701661220984e+01,7.674348018066e+00,5.019833470340e+04,2.361529811884e+03,1.936677225185e+01,2.960801453042e-03
4.700946860928e-03,2.701159465921e+01,7.673633727089e+00,5.025132910658e+04,2.361190705235e+03,1.936955363852e+01,2.957828466090e-03
4.701273396508e-03,2.700657697833e+01,7.672918507849e+00,5.030438594804e+04,2.360851588178e+03,1.937233590964e+01,2.954857773833e-03
4.701599597071e-03,2.700155916660e+01,7.672202360533e+00,5.035750537842e+04,2.360512460673e+03,1.937511906594e+01,2.951889371229e-03
4.701925462924e-03,2.699654122394e+01,7.671485286322e+00,5.041068717439e+04,2.360173322715e+03,1.937790310790e+01,2.948923275495e-03
4.702250994395e-03,2.699152314991e+01,7.670767284966e+00,5.046393168495e+04,2.359834174275e+03,1.938068803616e+01,2.945959469770e-03
4.702576191792e-03,2.698650494440e+01,7.670048356865e+00,5.051723900268e+04,2.359495015344e+03,1.938347385121e+01,2.942997952495e-03
4.702901055452e-03,2.698148660681e+01,7.669328503048e+00,5.057060893540e+04,2.359155845885e+03,1.938626055379e+01,2.940038738954e-03
4.703225585680e-03,2.697646813709e+01,7.668607723246e+00,5.062404185694e+04,2.358816665894e+03,1.938904814435e+01,2.937081810927e-03
4.703549782801e-03,2.697144953479e+01,7.667886017961e+00,5.067753780926e+04,2.358477475340e+03,1.939183662354e+01,2.934127169882e-03
4.703873647134e-03,2.696643079963e+01,7.667163388183e+00,5.073109662329e+04,2.358138274206e+03,1.939462599195e+01,2.931174829639e-03
4.704197179006e-03,2.696141193118e+01,7.666439833519e+00,5.078471870586e+04,2.357799062463e+03,1.939741625024e+01,2.928224770183e-03
4.704520378712e-03,2.695639292944e+01,7.665715354680e+00,5.083840403950e+04,2.357459840111e+03,1.940020739881e+01,2.925276996459e-03
4.704843246596e-03,2.695137379375e+01,7.664989952525e+00,5.089215248582e+04,2.357120607107e+03,1.940299943845e+01,2.922331520424e-03
4.705165782959e-03,2.694635452402e+01,7.664263626633e+00,5.094596447743e+04,2.356781363445e+03,1.940579236963e+01,2.919388320686e-03
4.705487988133e-03,2.694133511972e+01,7.663536377789e+00,5.099983994714e+04,2.356442109090e+03,1.940858619306e+01,2.916447405096e-03
4.705809862421e-03,2.693631558076e+01,7.662808206849e+00,5.105377877760e+04,2.356102844035e+03,1.941138090923e+01,2.913508784295e-03
4.706131406149e-03,2.693129590670e+01,7.662079113275e+00,5.110778143482e+04,2.355763568253e+03,1.941417651877e+01,2.910572435114e-03
4.706452619628e-03,2.692627609728e+01,7.661349098032e+00,5.116184779262e+04,2.355424281725e+03,1.941697302227e+01,2.907638368779e-03
4.706773503185e-03,2.692125615204e+01,7.660618161847e+00,5.121597776503e+04,2.355084984422e+03,1.941977042040e+01,2.904706594073e-03
4.707094057118e-03,2.691623607095e+01,7.659886304169e+00,5.127017184366e+04,2.354745676342e+03,1.942256871359e+01,2.901777086492e-03
4.707414281766e-03,2.691121585332e+01,7.659153526042e+00,5.132442985046e+04,2.354406357437e+03,1.942536790267e+01,2.898849860215e-03
4.707734177427e-03,2.690619549911e+01,7.658419828178e+00,5.137875172233e+04,2.354067027709e+03,1.942816798804e+01,2.895924922642e-03
4.708053744430e-03,2.690117500780e+01,7.657685209882e+00,5.143313798704e+04,2.353727687120e+03,1.943096897046e+01,2.893002247385e-03
4.708372983082e-03,2.689615437919e+01,7.656949672415e+00,5.148758840320e+04,2.353388335658e+03,1.943377085043e+01,2.890081852158e-03
4.708691893686e-03,2.689113361314e+01,7.656213216392e+00,5.154210293740e+04,2.353048973314e+03,1.943657362846e+01,2.887163742628e-03
4.709010476591e-03,2.688611270881e+01,7.655475841005e+00,5.159668215143e+04,2.352709600032e+03,1.943937730545e+01,2.884247890662e-03
4.709328732077e-03,2.688109166637e+01,7.654737547710e+00,5.165132574169e+04,2.352370215824e+03,1.944218188172e+01,2.881334317403e-03
4.709646660487e-03,2.687607048510e+01,7.653998336958e+00,5.170603370957e+04,2.352030820642e+03,1.944498735809e+01,2.878423026535e-03
4.709964262105e-03,2.687104916513e+01,7.653258208015e+00,5.176080663768e+04,2.351691414495e+03,1.944779373494e+01,2.875513988903e-03
4.710281537269e-03,2.686602770572e+01,7.652517162342e+00,5.181564417312e+04,2.351351997333e+03,1.945060101308e+01,2.872607228354e-03
4.710598486281e-03,2.686100610677e+01,7.651775200407e+00,5.187054633937e+04,2.351012569152e+03,1.945340919299e+01,2.869702747283e-03
4.710915109459e-03,2.685598436785e+01,7.651032321322e+00,5.192551375688e+04,2.350673129921e+03,1.945621827536e+01,2.866800514630e-03
4.711231407116e-03,2.685096248861e+01,7.650288526725e+00,5.198054600535e+04,2.350333679619e+03,1.945902826079e+01,2.863900557864e-03
4.711547379565e-03,2.684594046877e+01,7.649543816999e+00,5.203564315540e+04,2.349994218226e+03,1.946183914987e+01,2.861002876762e-03
4.711863027113e-03,2.684091830805e+01,7.648798191261e+00,5.209080582672e+04,2.349654745724e+03,1.946465094319e+01,2.858107440499e-03
4.712178350084e-03,2.683589600593e+01,7.648051651137e+00,5.214603356096e+04,2.349315262079e+03,1.946746364146e+01,2.855214278490e-03
4.712493348773e-03,2.683087356237e+01,7.647304197026e+00,5.220132649042e+04,2.348975767289e+03,1.947027724513e+01,2.852323387129e-03
4.712808023507e-03,2.682585097679e+01,7.646555828100e+00,5.225668517421e+04,2.348636261314e+03,1.947309175495e+01,2.849434739159e-03
4.713122374591e-03,2.682082824893e+01,7.645806545940e+00,5.231210917897e+04,2.348296744138e+03,1.947590717152e+01,2.846548362415e-03
4.713436402335e-03,2.681580537853e+01,7.645056350836e+00,5.236759867008e+04,2.347957215744e+03,1.947872349538e+01,2.843664251510e-03
4.713750107057e-03,2.681078236508e+01,7.644305242126e+00,5.242315414795e+04,2.347617676098e+03,1.948154072727e+01,2.840782382614e-03
4.714063489063e-03,2.680575920836e+01,7.643553221311e+00,5.247877520705e+04,2.347278125186e+03,1.948435886772e+01,2.837902781858e-03
4.714376548661e-03,2.680073590806e+01,7.642800288600e+00,5.253446204443e+04,2.346938562987e+03,1.948717791736e+01,2.835025442165e-03
4.714689286160e-03,2.679571246385e+01,7.642046443509e+00,5.259021509985e+04,2.346598989480e+03,1.948999787678e+01,2.832150343191e-03
4.715001701889e-03,2.679068887512e+01,7.641291687397e+00,5.264603400090e+04,2.346259404623e+03,1.949281874678e+01,2.829277509110e-03
4.715313796128e-03,2.678566514198e+01,7.640536020462e+00,5.270191897126e+04,2.345919808426e+03,1.949564052771e+01,2.826406931437e-03
4.715625569206e-03,2.678064126379e+01,7.639779442324e+00,5.275787039493e+04,2.345580200845e+03,1.949846322037e+01,2.823538593023e-03
4.715937021428e-03,2.677561724026e+01,7.639021954311e+00,5.281388792465e+04,2.345240581861e+03,1.950128682535e+01,2.820672516515e-03
4.716248153109e-03,2.677059307097e+01,7.638263556462e+00,5.286997182220e+04,2.344900951446e+03,1.950411134333e+01,2.817808691447e-03
4.716558964542e-03,2.676556875582e+01,7.637504248631e+00,5.292612240520e+04,2.344561309595e+03,1.950693677478e+01,2.814947104373e-03
4.716869456051e-03,2.676054429420e+01,7.636744032017e+00,5.298233935939e+04,2.344221656267e+03,1.950976312049e+01,2.812087776031e-03
4.717179627937e-03,2.675551968593e+01,7.635982906619e+00,5.303862297623e+04,2.343881991450e+03,1.951259038100e+01,2.809230694425e-03
4.717489480509e-03,2.675049493061e+01,7.635220872395e+00,5.309497351576e+04,2.343542315117e+03,1.951541855696e+01,2.806375849323e-03
4.717799014077e-03,2.674547002785e+01,7.634457930495e+00,5.315139069098e+04,2.343202627244e+03,1.951824764903e+01,2.803523259863e-03
4.718108228947e-03,2.674044497736e+01,7.633694080832e+00,5.320787482728e+04,2.342862927810e+03,1.952107765780e+01,2.800672912328e-03
4.718417125423e-03,2.673541977882e+01,7.632929323523e+00,5.326442612187e+04,2.342523216795e+03,1.952390858389e+01,2.797824799924e-03
4.718725703820e-03,2.673039443176e+01,7.632163659622e+00,5.332104431914e+04,2.342183494168e+03,1.952674042801e+01,2.794978940001e-03
4.719033964434e-03,2.672536893602e+01,7.631397088991e+00,5.337772977603e+04,2.341843759918e+03,1.952957319068e+01,2.792135317261e-03
4.719341907586e-03,2.672034329100e+01,7.630629611851e+00,5.343448263032e+04,2.341504014006e+03,1.953240687267e+01,2.789293928136e-03
4.719649533565e-03,2.671531749661e+01,7.629861229234e+00,5.349130265259e+04,2.341164256426e+03,1.953524147447e+01,2.786454788470e-03
4.719956842686e-03,2.671029155238e+01,7.629091940881e+00,5.354819023709e+04,2.340824487146e+03,1.953807699680e+01,2.783617881114e-03
4.720263835263e-03,2.670526545780e+01,7.628321747176e+00,5.360514545676e+04,2.340484706134e+03,1.954091344036e+01,2.780783205961e-03
4.720570511586e-03,2.670023921281e+01,7.627550649071e+00,5.366216811328e+04,2.340144913385e+03,1.954375080564e+01,2.777950777119e-03
4.720876871970e-03,2.669521281685e+01,7.626778646227e+00,5.371925863561e+04,2.339805108862e+03,1.954658909339e+01,2.775120575742e-03
4.721182916715e-03,2.669018626967e+01,7.626005739207e+00,5.377641702964e+04,2.339465292550e+03,1.954942830419e+01,2.772292605251e-03
4.721488646126e-03,2.668515957090e+01,7.625231928841e+00,5.383364313182e+04,2.339125464423e+03,1.955226843869e+01,2.769466877857e-03
4.721794060521e-03,2.668013271998e+01,7.624457214717e+00,5.389093740567e+04,2.338785624445e+03,1.955510949765e+01,2.766643373045e-03
4.722099160178e-03,2.667510571697e+01,7.623681597588e+00,5.394829978851e+04,2.338445772619e+03,1.955795148148e+01,2.763822097796e-03
4.722403945427e-03,2.667007856107e+01,7.622905078141e+00,5.400573015329e+04,2.338105908894e+03,1.956079439106e+01,2.761003062365e-03
4.722708416554e-03,2.666505125223e+01,7.622127655970e+00,5.406322899285e+04,2.337766033265e+03,1.956363822686e+01,2.758186244841e-03
4.723012573880e-03,2.666002378983e+01,7.621349331868e+00,5.412079618606e+04,2.337426145691e+03,1.956648298970e+01,2.755371655230e-03
4.723316417680e-03,2.665499617392e+01,7.620570106574e+00,5.417843162850e+04,2.337086246178e+03,1.956932867997e+01,2.752559302530e-03
4.723619948288e-03,2.664996840366e+01,7.619789979490e+00,5.423613585751e+04,2.336746334668e+03,1.957217529859e+01,2.749749162713e-03
4.723923165989e-03,2.664494047897e+01,7.619008951635e+00,5.429390867860e+04,2.336406411156e+03,1.957502284606e+01,2.746941249499e-03
4.724226071086e-03,2.663991239950e+01,7.618227023605e+00,5.435175002504e+04,2.336066475620e+03,1.957787132302e+01,2.744135569909e-03
4.724528663887e-03,2.663488416475e+01,7.617444194789e+00,5.440966046582e+04,2.335726528026e+03,1.958072073019e+01,2.741332098451e-03
4.724830944697e-03,2.662985577434e+01,7.616660466300e+00,5.446763974197e+04,2.335386568350e+03,1.958357106823e+01,2.738530852083e-03
4.725132913812e-03,2.662482722801e+01,7.615875838667e+00,5.452568781913e+04,2.335046596574e+03,1.958642233775e+01,2.735731836130e-03
4.725434571528e-03,2.661979852545e+01,7.615090311245e+00,5.458380530035e+04,2.334706612679e+03,1.958927453935e+01,2.732935023539e-03
4.725735918155e-03,2.661476966615e+01,7.614303885259e+00,5.464199185943e+04,2.334366616629e+03,1.959212767378e+01,2.730140434597e-03
4.726036953988e-03,2.660974064988e+01,7.613516561173e+00,5.470024749515e+04,2.334026608411e+03,1.959498174161e+01,2.727348072917e-03
4.726337679346e-03,2.660471147594e+01,7.612728338209e+00,5.475857285198e+04,2.333686587978e+03,1.959783674368e+01,2.724557909551e-03
4.726638094496e-03,2.659968214451e+01,7.611939217841e+00,5.481696752587e+04,2.333346555341e+03,1.960069268036e+01,2.721769968583e-03
4.726938199767e-03,2.659465265479e+01,7.611149200364e+00,5.487543155654e+04,2.333006510449e+03,1.960354955253e+01,2.718984251566e-03
4.727237995449e-03,2.658962300650e+01,7.610358285000e+00,5.493396562069e+04,2.332666453284e+03,1.960640736079e+01,2.716200728113e-03
4.727537481838e-03,2.658459319940e+01,7.609566473244e+00,5.499256924031e+04,2.332326383827e+03,1.960926610576e+01,2.713419425876e-03
4.727836659239e-03,2.657956323299e+01,7.608773765414e+00,5.505124252622e+04,2.331986302048e+03,1.961212578813e+01,2.710640342878e-03
4.728135527959e-03,2.657453310679e+01,7.607980160729e+00,5.510998611646e+04,2.331646207914e+03,1.961498640867e+01,2.707863450862e-03
4.728434088271e-03,2.656950282082e+01,7.607185660693e+00,5.516879952458e+04,2.331306101428e+03,1.961784796778e+01,2.705088777711e-03
4.728732340499e-03,2.656447237433e+01,7.606390265530e+00,5.522768291967e+04,2.330965982538e+03,1.962071046636e+01,2.702316318605e-03
4.729030284933e-03,2.655944176707e+01,7.605593974626e+00,5.528663686509e+04,2.330625851230e+03,1.962357390499e+01,2.699546049174e-03
4.729327921870e-03,2.655441099868e+01,7.604796789340e+00,5.534566091219e+04,2.330285707478e+03,1.962643828434e+01,2.696777995268e-03
4.729625251608e-03,2.654938006879e+01,7.603998709883e+00,5.540475526174e+04,2.329945551260e+03,1.962930360506e+01,2.694012150535e-03
4.729922274449e-03,2.654434897695e+01,7.603199735759e+00,5.546392041085e+04,2.329605382545e+03,1.963216986787e+01,2.691248494051e-03
4.730218990686e-03,2.653931772285e+01,7.602399868251e+00,5.552315594399e+04,2.329265201312e+03,1.963503707340e+01,2.688487049875e-03
4.730515400624e-03,2.653428630600e+01,7.601599107481e+00,5.558246209986e+04,2.328925007530e+03,1.963790522237e+01,2.685727809851e-03
4.730811504544e-03,2.652925472629e+01,7.600797453153e+00,5.564183930215e+04,2.328584801191e+03,1.964077431531e+01,2.682970756795e-03
4.731107302752e-03,2.652422298314e+01,7.599994906427e+00,5.570128717241e+04,2.328244582257e+03,1.964364435300e+01,2.680215912811e-03
4.731402795556e-03,2.651919107604e+01,7.599191467348e+00,5.576080598700e+04,2.327904350694e+03,1.964651533619e+01,2.677463267972e-03
4.731697983229e-03,2.651415900495e+01,7.598387135781e+00,5.582039609800e+04,2.327564106501e+03,1.964938726535e+01,2.674712808708e-03
4.731992866096e-03,2.650912676903e+01,7.597581912761e+00,5.588005716487e+04,2.327223849620e+03,1.965226014144e+01,2.671964555150e-03
4.732287444418e-03,2.650409436846e+01,7.596775798373e+00,5.593978949316e+04,2.326883580066e+03,1.965513396477e+01,2.669218496017e-03
4.732581718519e-03,2.649906180240e+01,7.595968792499e+00,5.599959337324e+04,2.326543297782e+03,1.965800873632e+01,2.666474620850e-03
4.732875688687e-03,2.649402907056e+01,7.595160896181e+00,5.605946849290e+04,2.326203002748e+03,1.966088445669e+01,2.663732948273e-03
4.733169355203e-03,2.648899617282e+01,7.594352109386e+00,5.611941519958e+04,2.325862694957e+03,1.966376112641e+01,2.660993465081e-03
4.733462718388e-03,2.648396310833e+01,7.593542432138e+00,5.617943371112e+04,2.325522374354e+03,1.966663874643e+01,2.658256164388e-03
4.733755778512e-03,2.647892987711e+01,7.592731865452e+00,5.623952374717e+04,2.325182040938e+03,1.966951731719e+01,2.655521063167e-03
4.734048535876e-03,2.647389647871e+01,7.591920409168e+00,5.629968569796e+04,2.324841694682e+03,1.967239683942e+01,2.652788146272e-03
4.734340990786e-03,2.646886291246e+01,7.591108063484e+00,5.635991970560e+04,2.324501335540e+03,1.967527731395e+01,2.650057410492e-03
4.734633143521e-03,2.646382917829e+01,7.590294829321e+00,5.642022552680e+04,2.324160963508e+03,1.967815874128e+01,2.647328870932e-03
4.734924994379e-03,2.645879527572e+01,7.589480706444e+00,5.648060359140e+04,2.323820578555e+03,1.968104112216e+01,2.644602510673e-03
4.735216543667e-03,2.645376120409e+01,7.588665695195e+00,5.654105396694e+04,2.323480180636e+03,1.968392445741e+01,2.641878330085e-03
4.735507791656e-03,2.644872696341e+01,7.587849796430e+00,5.660157644551e+04,2.323139769754e+03,1.968680874750e+01,2.639156342497e-03
4.735798738642e-03,2.644369255325e+01,7.587033009852e+00,5.666217149632e+04,2.322799345878e+03,1.968969399314e+01,2.636436529257e-03
4.736089384938e-03,2.643865797283e+01,7.586215335925e+00,5.672283911275e+04,2.322458908958e+03,1.969258019523e+01,2.633718894247e-03
4.736379730817e-03,2.643362322210e+01,7.585396775419e+00,5.678357912458e+04,2.322118458991e+03,1.969546735427e+01,2.631003448946e-03
4.736669776574e-03,2.642858830064e+01,7.584577327968e+00,5.684439204119e+04,2.321777995949e+03,1.969835547096e+01,2.628290172947e-03
4.736959522516e-03,2.642355320777e+01,7.583756994190e+00,5.690527777837e+04,2.321437519786e+03,1.970124454615e+01,2.625579073761e-03
4.737248968907e-03,2.641851794357e+01,7.582935774802e+00,5.696623620163e+04,2.321097030511e+03,1.970413458027e+01,2.622870161121e-03
4.737538116059e-03,2.641348250731e+01,7.582113669318e+00,5.702726786498e+04,2.320756528072e+03,1.970702557420e+01,2.620163412693e-03
4.737826964263e-03,2.640844689855e+01,7.581290678536e+00,5.708837260375e+04,2.320416012440e+03,1.970991752866e+01,2.617458839696e-03
4.738115513795e-03,2.640341111719e+01,7.580466803064e+00,5.714955032370e+04,2.320075483612e+03,1.971281044416e+01,2.614756449940e-03
4.738403764968e-03,2.639837516241e+01,7.579642042336e+00,5.721080162115e+04,2.319734941531e+03,1.971570432166e+01,2.612056219291e-03
4.738691718046e-03,2.639333903430e+01,7.578816397372e+00,5.727212624649e+04,2.319394386204e+03,1.971859916156e+01,2.609358162830e-03
4.738979373348e-03,2.638830273192e+01,7.577989868568e+00,5.733352415421e+04,2.319053817569e+03,1.972149496487e+01,2.606662286092e-03
4.739266731140e-03,2.638326625532e+01,7.577162455433e+00,5.739499597197e+04,2.318713235628e+03,1.972439173204e+01,2.603968563646e-03
4.739553791720e-03,2.637822960393e+01,7.576334159015e+00,5.745654137840e+04,2.318372640346e+03,1.972728946386e+01,2.601277013811e-03
4.739840555377e-03,2.637319277736e+01,7.575504979724e+00,5.751816036051e+04,2.318032031695e+03,1.973018816101e+01,2.598587640584e-03
4.740127022410e-03,2.636815577504e+01,7.574674916904e+00,5.757985359574e+04,2.317691409639e+03,1.973308782431e+01,2.595900416450e-03
4.740413193090e-03,2.636311859686e+01,7.573843971810e+00,5.764162067653e+04,2.317350774170e+03,1.973598845428e+01,2.593215363552e-03
4.740699067721e-03,2.635808124215e+01,7.573012144732e+00,5.770346163286e+04,2.317010125244e+03,1.973889005178e+01,2.590532483916e-03
4.740984646579e-03,2.635304371076e+01,7.572179435018e+00,5.776537718009e+04,2.316669462852e+03,1.974179261737e+01,2.587851748483e-03
4.741269929962e-03,2.634800600205e+01,7.571345843930e+00,5.782736682755e+04,2.316328786950e+03,1.974469615189e+01,2.585173183038e-03
4.741554918156e-03,2.634296811570e+01,7.570511371781e+00,5.788943067835e+04,2.315988097518e+03,1.974760065599e+01,2.582496786312e-03
4.741839611449e-03,2.633793005124e+01,7.569676017879e+00,5.795156942190e+04,2.315647394526e+03,1.975050613042e+01,2.579822530615e-03
4.742124010118e-03,2.633289180850e+01,7.568839783545e+00,5.801378253794e+04,2.315306677960e+03,1.975341257575e+01,2.577150442884e-03
4.742408114467e-03,2.632785338674e+01,7.568002668986e+00,5.807607020768e+04,2.314965947775e+03,1.975631999288e+01,2.574480518396e-03
4.742691924774e-03,2.632281478571e+01,7.567164673657e+00,5.813843303264e+04,2.314625203952e+03,1.975922838243e+01,2.571812733581e-03
4.742975441326e-03,2.631777600501e+01,7.566325798763e+00,5.820087053388e+04,2.314284446465e+03,1.976213774511e+01,2.569147113363e-03
4.743258664408e-03,2.631273704425e+01,7.565486044494e+00,5.826338293052e+04,2.313943675288e+03,1.976504808162e+01,2.566483651359e-03
4.743541594306e-03,2.630769790301e+01,7.564645410428e+00,5.832597074599e+04,2.313602890396e+03,1.976795939266e+01,2.563822327658e-03
4.743824231318e-03,2.630265858065e+01,7.563803897645e+00,5.838863354373e+04,2.313262091743e+03,1.977087167910e+01,2.561163165146e-03
4.744106575710e-03,2.629761907714e+01,7.562961506326e+00,5.845137158087e+04,2.312921279329e+03,1.977378494142e+01,2.558506155802e-03
4.744388627783e-03,2.629257939176e+01,7.562118236143e+00,5.851418530364e+04,2.312580453108e+03,1.977669918051e+01,2.555851283285e-03
4.744670387820e-03,2.628753952416e+01,7.561274088144e+00,5.857707431156e+04,2.312239613053e+03,1.977961439707e+01,2.553198568738e-03
4.744951856097e-03,2.628249947407e+01,7.560429062402e+00,5.864003890785e+04,2.311898759150e+03,1.978253059171e+01,2.550548002176e-03
4.745233032912e-03,2.627745924081e+01,7.559583158735e+00,5.870307945635e+04,2.311557891353e+03,1.978544776532e+01,2.547899571011e-03
4.745513918531e-03,2.627241882434e+01,7.558736378167e+00,5.876619559270e+04,2.311217009659e+03,1.978836591840e+01,2.545253294658e-03
4.745794513267e-03,2.626737822371e+01,7.557888720587e+00,5.882938767249e+04,2.310876114006e+03,1.979128505198e+01,2.542609160931e-03
4.746074817374e-03,2.626233743901e+01,7.557040186082e+00,5.889265596668e+04,2.310535204400e+03,1.979420516648e+01,2.539967161386e-03
4.746354831147e-03,2.625729646967e+01,7.556190775510e+00,5.895600015852e+04,2.310194280802e+03,1.979712626272e+01,2.537327313251e-03
4.746634554886e-03,2.625225531492e+01,7.555340488722e+00,5.901942064537e+04,2.309853343163e+03,1.980004834161e+01,2.534689602609e-03
4.746913988846e-03,2.624721397488e+01,7.554489325948e+00,5.908291761377e+04,2.309512391490e+03,1.980297140359e+01,2.532054024759e-03
4.747193133333e-03,2.624217244870e+01,7.553637287926e+00,5.914649079144e+04,2.309171425728e+03,1.980589544962e+01,2.529420594898e-03
4.747471988613e-03,2.623713073627e+01,7.552784374545e+00,5.921014061277e+04,2.308830445869e+03,1.980882048024e+01,2.526789297595e-03
4.747750554981e-03,2.623208883695e+01,7.551930586047e+00,5.927386718821e+04,2.308489451870e+03,1.981174649632e+01,2.524160131503e-03
4.748028832715e-03,2.622704675035e+01,7.551075923171e+00,5.933767028159e+04,2.308148443708e+03,1.981467349856e+01,2.521533110155e-03
4.748306822098e-03,2.622200447609e+01,7.550220385695e+00,5.940155037624e+04,2.307807421356e+03,1.981760148766e+01,2.518908216139e-03
4.748584523408e-03,2.621696201377e+01,7.549363974035e+00,5.946550749292e+04,2.307466384786e+03,1.982053046436e+01,2.516285451975e-03
4.748861936933e-03,2.621191936285e+01,7.548506688832e+00,5.952954143988e+04,2.307125333966e+03,1.982346042944e+01,2.513664829216e-03
4.749139062949e-03,2.620687652300e+01,7.547648529804e+00,5.959365274585e+04,2.306784268873e+03,1.982639138357e+01,2.511046328635e-03
4.749415901738e-03,2.620183349380e+01,7.546789497500e+00,5.965784134411e+04,2.306443189478e+03,1.982932332752e+01,2.508429956485e-03
4.749692453594e-03,2.619679027457e+01,7.545929592462e+00,5.972210708762e+04,2.306102095738e+03,1.983225626212e+01,2.505815722348e-03
4.749968718769e-03,2.619174686538e+01,7.545068814409e+00,5.978645054696e+04,2.305760987658e+03,1.983519018785e+01,2.503203605351e-03
4.750244697572e-03,2.618670326531e+01,7.544207163941e+00,5.985087157254e+04,2.305419865174e+03,1.983812510573e+01,2.500593615246e-03
4.750520390265e-03,2.618165947423e+01,7.543344641616e+00,5.991537005421e+04,2.305078728282e+03,1.984106101632e+01,2.497985759984e-03
4.750795797144e-03,2.617661549143e+01,7.542481246958e+00,5.997994661970e+04,2.304737576932e+03,1.984399792052e+01,2.495380016450e-03
4.751070918472e-03,2.617157131677e+01,7.541616980832e+00,6.004460101904e+04,2.304396411116e+03,1.984693581891e+01,2.492776398559e-03
4.751345754539e-03,2.616652694964e+01,7.540751843640e+00,6.010933319277e+04,2.304055230794e+03,1.984987471232e+01,2.490174912094e-03
4.751620305622e-03,2.616148238966e+01,7.539885834898e+00,6.017414381236e+04,2.303714035940e+03,1.985281460148e+01,2.487575532265e-03
4.751894571999e-03,2.615643763635e+01,7.539018955544e+00,6.023903254059e+04,2.303372826524e+03,1.985575548715e+01,2.484978276570e-03
4.752168553951e-03,2.615139268931e+01,7.538151205941e+00,6.030399936032e+04,2.303031602518e+03,1.985869737007e+01,2.482383148989e-03
4.752442251747e-03,2.614634754821e+01,7.537282585555e+00,6.036904499072e+04,2.302690363902e+03,1.986164025089e+01,2.479790122919e-03
4.752715665684e-03,2.614130221231e+01,7.536413095401e+00,6.043416900563e+04,2.302349110625e+03,1.986458413058e+01,2.477199219465e-03
4.752988796029e-03,2.613625668135e+01,7.535542735803e+00,6.049937143119e+04,2.302007842672e+03,1.986752900975e+01,2.474610440786e-03
4.753261643047e-03,2.613121095515e+01,7.534671506183e+00,6.056465303416e+04,2.301666560031e+03,1.987047488902e+01,2.472023758494e-03
4.753534207046e-03,2.612616503269e+01,7.533799407595e+00,6.063001328667e+04,2.301325262633e+03,1.987342176947e+01,2.469439197759e-03
4.753806488283e-03,2.612111891390e+01,7.532926440366e+00,6.069545231214e+04,2.300983950476e+03,1.987636965163e+01,2.466856756760e-03
4.754078487034e-03,2.611607259837e+01,7.532052603911e+00,6.076097082540e+04,2.300642623531e+03,1.987931853625e+01,2.464276409431e-03
4.754350203580e-03,2.611102608557e+01,7.531177899332e+00,6.082656828507e+04,2.300301281764e+03,1.988226842414e+01,2.461698181321e-03
4.754621638198e-03,2.610597937505e+01,7.530302326845e+00,6.089224489335e+04,2.299959925145e+03,1.988521931604e+01,2.459122067435e-03
4.754892791166e-03,2.610093246635e+01,7.529425885975e+00,6.095800126923e+04,2.299618553644e+03,1.988817121272e+01,2.456548045798e-03
4.755163662763e-03,2.609588535896e+01,7.528548577749e+00,6.102383691584e+04,2.299277167227e+03,1.989112411499e+01,2.453976139986e-03
4.755434253258e-03,2.609083805257e+01,7.527670402338e+00,6.108975208188e+04,2.298935765874e+03,1.989407802352e+01,2.451406343156e-03
4.755704562924e-03,2.608579054676e+01,7.526791359416e+00,6.115574729359e+04,2.298594349558e+03,1.989703293906e+01,2.448838637256e-03
4.755974592046e-03,2.608074284093e+01,7.525911449915e+00,6.122182210056e+04,2.298252918238e+03,1.989998886246e+01,2.446273043831e-03
4.756244340904e-03,2.607569493453e+01,7.525030673899e+00,6.128797680351e+04,2.297911471879e+03,1.990294579453e+01,2.443709554005e-03
4.756513809754e-03,2.607064682746e+01,7.524149031230e+00,6.135421183134e+04,2.297570010474e+03,1.990590373584e+01,2.441148153775e-03
4.756782998884e-03,2.606559851904e+01,7.523266522755e+00,6.142052678020e+04,2.297228533978e+03,1.990886268730e+01,2.438588862681e-03
4.757051908562e-03,2.606055000892e+01,7.522383148504e+00,6.148692199813e+04,2.296887042369e+03,1.991182264959e+01,2.436031670013e-03
4.757320539073e-03,2.605550129646e+01,7.521498908382e+00,6.155339782617e+04,2.296545535604e+03,1.991478362361e+01,2.433476565409e-03
4.757588890681e-03,2.605045238139e+01,7.520613803231e+00,6.161995390172e+04,2.296204013665e+03,1.991774561002e+01,2.430923566627e-03
4.757856963664e-03,2.604540326317e+01,7.519727832982e+00,6.168659062567e+04,2.295862476517e+03,1.992070860963e+01,2.428372660939e-03
4.758124758292e-03,2.604035394143e+01,7.518840997721e+00,6.175330823938e+04,2.295520924136e+03,1.992367262316e+01,2.425823842028e-03
4.758392274847e-03,2.603530441553e+01,7.517953298153e+00,6.182010643226e+04,2.295179356479e+03,1.992663765150e+01,2.423277125483e-03
4.758659513593e-03,2.603025468522e+01,7.517064734191e+00,6.188698565250e+04,2.294837773530e+03,1.992960369530e+01,2.420732496794e-03
4.758926474800e-03,2.602520475006e+01,7.516175306044e+00,6.195394604491e+04,2.294496175260e+03,1.993257075532e+01,2.418189953521e-03
4.759193158755e-03,2.602015460933e+01,7.515285014328e+00,6.202098734786e+04,2.294154561621e+03,1.993553883249e+01,2.415649509224e-03
4.759459565720e-03,2.601510426277e+01,7.514393858892e+00,6.208811006123e+04,2.293812932598e+03,1.993850792747e+01,2.413111147469e-03
4.759725695968e-03,2.601005370992e+01,7.513501840069e+00,6.215531423153e+04,2.293471288158e+03,1.994147804103e+01,2.410574869711e-03
4.759991549773e-03,2.600500295025e+01,7.512608958439e+00,6.222259964293e+04,2.293129628268e+03,1.994444917401e+01,2.408040687626e-03
4.760257127408e-03,2.599995198333e+01,7.511715213753e+00,6.228996685022e+04,2.292787952899e+03,1.994742132715e+01,2.405508582757e-03
4.760522429145e-03,2.599490080862e+01,7.510820606464e+00,6.235741580062e+04,2.292446262015e+03,1.995039450129e+01,2.402978560445e-03
4.760787455240e-03,2.598984942598e+01,7.509925137146e+00,6.242494632241e+04,2.292104555609e+03,1.995336869702e+01,2.400450630568e-03
4.761052205990e-03,2.598479783445e+01,7.509028805397e+00,6.249255903041e+04,2.291762833615e+03,1.995634391540e+01,2.397924772481e-03
4.761316681647e-03,2.597974603394e+01,7.508131611872e+00,6.256025376459e+04,2.291421096028e+03,1.995932015703e+01,2.395400995657e-03
4.761580882495e-03,2.597469402369e+01,7.507233556967e+00,6.262803041124e+04,2.291079342799e+03,1.996229742283e+01,2.392879307680e-03
4.761844808789e-03,2.596964180355e+01,7.506334640363e+00,6.269588962802e+04,2.290737573918e+03,1.996527571341e+01,2.390359686387e-03
4.762108460804e-03,2.596458937297e+01,7.505434862757e+00,6.276383115834e+04,2.290395789347e+03,1.996825502963e+01,2.387842144936e-03
4.762371838818e-03,2.595953673129e+01,7.504534224493e+00,6.283185493766e+04,2.290053989044e+03,1.997123537236e+01,2.385326688970e-03
4.762634943102e-03,2.595448387806e+01,7.503632725136e+00,6.289996168244e+04,2.289712172979e+03,1.997421674241e+01,2.382813294238e-03
4.762897773903e-03,2.594943081320e+01,7.502730365595e+00,6.296815102502e+04,2.289370341148e+03,1.997719914031e+01,2.380301978070e-03
4.763160331517e-03,2.594437753576e+01,7.501827146089e+00,6.303642295633e+04,2.289028493487e+03,1.998018256716e+01,2.377792743965e-03
4.763422616198e-03,2.593932404552e+01,7.500923066167e+00,6.310477824475e+04,2.288686629982e+03,1.998316702359e+01,2.375285565859e-03
4.763684628224e-03,2.593427034184e+01,7.500018126758e+00,6.317321642472e+04,2.288344750590e+03,1.998615251050e+01,2.372780464723e-03
4.763946367849e-03,2.592921642456e+01,7.499112328155e+00,6.324173752837e+04,2.288002855303e+03,1.998913902850e+01,2.370277442456e-03
4.764207835358e-03,2.592416229284e+01,7.498205669737e+00,6.331034238837e+04,2.287660944064e+03,1.999212657861e+01,2.367776470759e-03
4.764469031005e-03,2.591910794647e+01,7.497298152571e+00,6.337903040944e+04,2.287319016858e+03,1.999511516146e+01,2.365277575348e-03
4.764729955070e-03,2.591405338477e+01,7.496389776848e+00,6.344780176422e+04,2.286977073643e+03,1.999810477797e+01,2.362780752877e-03
4.764990607813e-03,2.590899860743e+01,7.495480542097e+00,6.351665717668e+04,2.286635114396e+03,2.000109542886e+01,2.360285979306e-03
4.765250989499e-03,2.590394361395e+01,7.494570449276e+00,6.358559608597e+04,2.286293139086e+03,2.000408711493e+01,2.357793278898e-03
4.765511100403e-03,2.589888840376e+01,7.493659498533e+00,6.365461872795e+04,2.285951147674e+03,2.000707983705e+01,2.355302645980e-03
4.765770940782e-03,2.589383297653e+01,7.492747689525e+00,6.372372572034e+04,2.285609140140e+03,2.001007359591e+01,2.352814060652e-03
4.766030510917e-03,2.588877733152e+01,7.491835023087e+00,6.379291655717e+04,2.285267116434e+03,2.001306839250e+01,2.350327544982e-03
4.766289811059e-03,2.588372146855e+01,7.490921499377e+00,6.386219152374e+04,2.284925076545e+03,2.001606422743e+01,2.347843091501e-03
4.766548841483e-03,2.587866538698e+01,7.490007118124e+00,6.393155113694e+04,2.284583020430e+03,2.001906110160e+01,2.345360684207e-03
4.766807602452e-03,2.587360908634e+01,7.489091880139e+00,6.400099493863e+04,2.284240948058e+03,2.002205901583e+01,2.342880343249e-03
4.767066094238e-03,2.586855256609e+01,7.488175785455e+00,6.407052327506e+04,2.283898859395e+03,2.002505797094e+01,2.340402058977e-03
4.767324317092e-03,2.586349582599e+01,7.487258833997e+00,6.414013655076e+04,2.283556754424e+03,2.002805796762e+01,2.337925819646e-03
4.767582271297e-03,2.585843886519e+01,7.486341026443e+00,6.420983436511e+04,2.283214633089e+03,2.003105900687e+01,2.335451643166e-03
4.767839957106e-03,2.585338168347e+01,7.485422362813e+00,6.427961711695e+04,2.282872495377e+03,2.003406108937e+01,2.332979518031e-03
4.768097374781e-03,2.584832428040e+01,7.484502843132e+00,6.434948510474e+04,2.282530341258e+03,2.003706421590e+01,2.330509436477e-03
4.768354524604e-03,2.584326665512e+01,7.483582467999e+00,6.441943798156e+04,2.282188170675e+03,2.004006838748e+01,2.328041414340e-03
4.768611406819e-03,2.583820880759e+01,7.482661237408e+00,6.448947620105e+04,2.281845983628e+03,2.004307360468e+01,2.325575438199e-03
4.768868021698e-03,2.583315073712e+01,7.481739151464e+00,6.455959995524e+04,2.281503780070e+03,2.004607986842e+01,2.323111504239e-03
4.769124369518e-03,2.582809244299e+01,7.480816210718e+00,6.462980894955e+04,2.281161559953e+03,2.004908717968e+01,2.320649626290e-03
4.769380450515e-03,2.582303392526e+01,7.479892415124e+00,6.470010369423e+04,2.280819323282e+03,2.005209553892e+01,2.318189788983e-03
4.769636264975e-03,2.581797518295e+01,7.478967764855e+00,6.477048427415e+04,2.280477069992e+03,2.005510494728e+01,2.315731992424e-03
4.769891813158e-03,2.581291621570e+01,7.478042260459e+00,6.484095044438e+04,2.280134800059e+03,2.005811540551e+01,2.313276248558e-03
4.770147095315e-03,2.580785702318e+01,7.477115901762e+00,6.491150277944e+04,2.279792513463e+03,2.006112691430e+01,2.310822539823e-03
4.770402111723e-03,2.580279760467e+01,7.476188689103e+00,6.498214124779e+04,2.279450210155e+03,2.006413947464e+01,2.308370870522e-03
4.770656862635e-03,2.579773795982e+01,7.475260622969e+00,6.505286565960e+04,2.279107890113e+03,2.006715308726e+01,2.305921250547e-03
4.770911348319e-03,2.579267808806e+01,7.474331703076e+00,6.512367665309e+04,2.278765553298e+03,2.007016775303e+01,2.303473660194e-03
4.771165569026e-03,2.578761798909e+01,7.473401929963e+00,6.519457407590e+04,2.278423199692e+03,2.007318347267e+01,2.301028108059e-03
4.771419525038e-03,2.578255766202e+01,7.472471303947e+00,6.526555780243e+04,2.278080829235e+03,2.007620024725e+01,2.298584601694e-03
4.771673216593e-03,2.577749710682e+01,7.471539824795e+00,6.533662852333e+04,2.277738441927e+03,2.007921807729e+01,2.296143119665e-03
4.771926643970e-03,2.577243632264e+01,7.470607493053e+00,6.540778597842e+04,2.277396037710e+03,2.008223696387e+01,2.293703674364e-03
4.772179807430e-03,2.576737530900e+01,7.469674309052e+00,6.547903009320e+04,2.277053616554e+03,2.008525690780e+01,2.291266271481e-03
4.772432707221e-03,2.576231406562e+01,7.468740272452e+00,6.555036162344e+04,2.276711178439e+03,2.008827790977e+01,2.288830887443e-03
4.772685343611e-03,2.575725259188e+01,7.467805383963e+00,6.562178018765e+04,2.276368723326e+03,2.009129997070e+01,2.286397538848e-03
4.772937716856e-03,2.575219088737e+01,7.466869643862e+00,6.569328576838e+04,2.276026251188e+03,2.009432309136e+01,2.283966229343e-03
4.773189827228e-03,2.574712895134e+01,7.465933051663e+00,6.576487919040e+04,2.275683761974e+03,2.009734727275e+01,2.281536933114e-03
4.773441674974e-03,2.574206678354e+01,7.464995608256e+00,6.583655994677e+04,2.275341255668e+03,2.010037251556e+01,2.279109671050e-03
4.773693260361e-03,2.573700438335e+01,7.464057313819e+00,6.590832808617e+04,2.274998732230e+03,2.010339882068e+01,2.276684444474e-03
4.773944583650e-03,2.573194175022e+01,7.463118167855e+00,6.598018448459e+04,2.274656191624e+03,2.010642618900e+01,2.274261225967e-03
4.774195645098e-03,2.572687888367e+01,7.462178171255e+00,6.605212850487e+04,2.274313633817e+03,2.010945462133e+01,2.271840040806e-03
4.774446444950e-03,2.572181578350e+01,7.461237324273e+00,6.612416034758e+04,2.273971058798e+03,2.011248411834e+01,2.269420885079e-03
4.774696983490e-03,2.571675244870e+01,7.460295626390e+00,6.619628075881e+04,2.273628466499e+03,2.011551468118e+01,2.267003736048e-03
4.774947260957e-03,2.571168887913e+01,7.459353078495e+00,6.626848915365e+04,2.273285856911e+03,2.011854631047e+01,2.264588617016e-03
4.775197277620e-03,2.570662507410e+01,7.458409680685e+00,6.634078580120e+04,2.272943229989e+03,2.012157900716e+01,2.262175521759e-03
4.775447033730e-03,2.570156103323e+01,7.457465432688e+00,6.641317132060e+04,2.272600585708e+03,2.012461277203e+01,2.259764432062e-03
4.775696529558e-03,2.569649675575e+01,7.456520335199e+00,6.648564519416e+04,2.272257924017e+03,2.012764760610e+01,2.257355368779e-03
4.775945765341e-03,2.569143224155e+01,7.455574388370e+00,6.655820774474e+04,2.271915244910e+03,2.013068350994e+01,2.254948323895e-03
4.776194741359e-03,2.568636748970e+01,7.454627591944e+00,6.663085948010e+04,2.271572548324e+03,2.013372048469e+01,2.252543283143e-03
4.776443457845e-03,2.568130250015e+01,7.453679946685e+00,6.670359993090e+04,2.271229834256e+03,2.013675853092e+01,2.250140265586e-03
4.776691915081e-03,2.567623727187e+01,7.452731452510e+00,6.677642949650e+04,2.270887102640e+03,2.013979764978e+01,2.247739260686e-03
4.776940113303e-03,2.567117180479e+01,7.451782109448e+00,6.684934855090e+04,2.270544353471e+03,2.014283784187e+01,2.245340258816e-03
4.777188052785e-03,2.566610609803e+01,7.450831918036e+00,6.692235669651e+04,2.270201586688e+03,2.014587910827e+01,2.242943276497e-03
4.777435733768e-03,2.566104015140e+01,7.449880878295e+00,6.699545438453e+04,2.269858802283e+03,2.014892144962e+01,2.240548301513e-03
4.777683156512e-03,2.565597396430e+01,7.448928990265e+00,6.706864187412e+04,2.269516000214e+03,2.015196486687e+01,2.238155328198e-03
4.777930321289e-03,2.565090753586e+01,7.447976254430e+00,6.714191882727e+04,2.269173180425e+03,2.015500936105e+01,2.235764370960e-03
4.778177228324e-03,2.564584086622e+01,7.447022670802e+00,6.721528575630e+04,2.268830342924e+03,2.015805493265e+01,2.233375415624e-03
4.778423877902e-03,2.564077395424e+01,7.446068239448e+00,6.728874280270e+04,2.268487487636e+03,2.016110158290e+01,2.230988460526e-03
4.778670270271e-03,2.563570679955e+01,7.445112960873e+00,6.736228968309e+04,2.268144614539e+03,2.016414931258e+01,2.228603518151e-03
4.778916405666e-03,2.563063940205e+01,7.444156834992e+00,6.743592697880e+04,2.267801723624e+03,2.016719812230e+01,2.226220572134e-03
4.779162284361e-03,2.562557176081e+01,7.443199862022e+00,6.750965470227e+04,2.267458814830e+03,2.017024801317e+01,2.223839625130e-03
4.779407906611e-03,2.562050387530e+01,7.442242042376e+00,6.758347263431e+04,2.267115888124e+03,2.017329898606e+01,2.221460687414e-03
4.779653272670e-03,2.561543574501e+01,7.441283375837e+00,6.765738142899e+04,2.266772943470e+03,2.017635104183e+01,2.219083740341e-03
4.779898382777e-03,2.561036736974e+01,7.440323862869e+00,6.773138096025e+04,2.266429980856e+03,2.017940418118e+01,2.216708791136e-03
4.780143237202e-03,2.560529874858e+01,7.439363503752e+00,6.780547107728e+04,2.266087000224e+03,2.018245840518e+01,2.214335847756e-03
4.780387836191e-03,2.560022988123e+01,7.438402298254e+00,6.787965249887e+04,2.265744001552e+03,2.018551371459e+01,2.211964889562e-03
4.780632180001e-03,2.559516076706e+01,7.437440246869e+00,6.795392497510e+04,2.265400984798e+03,2.018857011033e+01,2.209595927822e-03
4.780876268889e-03,2.559009140544e+01,7.436477349866e+00,6.802828841533e+04,2.265057949923e+03,2.019162759335e+01,2.207228968468e-03
4.781120103090e-03,2.558502179625e+01,7.435513606997e+00,6.810274360391e+04,2.264714896919e+03,2.019468616428e+01,2.204863988865e-03
4.781363682879e-03,2.557995193847e+01,7.434549018787e+00,6.817729016517e+04,2.264371825717e+03,2.019774582429e+01,2.202501004333e-03
4.781607008507e-03,2.557488183162e+01,7.433583585471e+00,6.825192807122e+04,2.264028736286e+03,2.020080657423e+01,2.200140018723e-03
4.781850080201e-03,2.556981147572e+01,7.432617306778e+00,6.832665817375e+04,2.263685628628e+03,2.020386841465e+01,2.197781007376e-03
4.782092898239e-03,2.556474086966e+01,7.431650183318e+00,6.840147996451e+04,2.263342502669e+03,2.020693134678e+01,2.195423989824e-03
4.782335462870e-03,2.555967001298e+01,7.430682215275e+00,6.847639348310e+04,2.262999358381e+03,2.020999537145e+01,2.193068967712e-03
4.782577774328e-03,2.555459890552e+01,7.429713402295e+00,6.855139964963e+04,2.262656195752e+03,2.021306048934e+01,2.190715914356e-03
4.782819832885e-03,2.554952754630e+01,7.428743745054e+00,6.862649779953e+04,2.262313014716e+03,2.021612670160e+01,2.188364854184e-03
4.783061638776e-03,2.554445593515e+01,7.427773243790e+00,6.870168814758e+04,2.261969815265e+03,2.021919400887e+01,2.186015783246e-03
4.783303192273e-03,2.553938407107e+01,7.426801898049e+00,6.877697147255e+04,2.261626597331e+03,2.022226241235e+01,2.183668679574e-03
4.783544493599e-03,2.553431195411e+01,7.425829708640e+00,6.885234715864e+04,2.261283360918e+03,2.022533191258e+01,2.181323565863e-03
4.783785543028e-03,2.552923958325e+01,7.424856675582e+00,6.892781550222e+04,2.260940105960e+03,2.022840251070e+01,2.178980435614e-03
4.784026340797e-03,2.552416695825e+01,7.423882798680e+00,6.900337713865e+04,2.260596832439e+03,2.023147420747e+01,2.176639271576e-03
4.784266887161e-03,2.551909407842e+01,7.422908078539e+00,6.907903152805e+04,2.260253540311e+03,2.023454700384e+01,2.174300093895e-03
4.784507182375e-03,2.551402094316e+01,7.421932515197e+00,6.915477903063e+04,2.259910229537e+03,2.023762090076e+01,2.171962894100e-03
4.784747226672e-03,2.550894755224e+01,7.420956108582e+00,6.923062014714e+04,2.259566900102e+03,2.024069589893e+01,2.169627659330e-03
4.784987020319e-03,2.550387390476e+01,7.419978859189e+00,6.930655440707e+04,2.259223551945e+03,2.024377199947e+01,2.167294407413e-03
4.785226563556e-03,2.549880000038e+01,7.419000767056e+00,6.938258223743e+04,2.258880185046e+03,2.024684920315e+01,2.164963127843e-03
4.785465856635e-03,2.549372583852e+01,7.418021832148e+00,6.945870400852e+04,2.258536799365e+03,2.024992751090e+01,2.162633811964e-03
4.785704899806e-03,2.548865141855e+01,7.417042054955e+00,6.953491931241e+04,2.258193394862e+03,2.025300692366e+01,2.160306475522e-03
4.785943693307e-03,2.548357674020e+01,7.416061435473e+00,6.961122864691e+04,2.257849971519e+03,2.025608744217e+01,2.157981105882e-03
4.786182237413e-03,2.547850180232e+01,7.415079973667e+00,6.968763225293e+04,2.257506529259e+03,2.025916906771e+01,2.155657698506e-03
4.786420532336e-03,2.547342660516e+01,7.414097670134e+00,6.976412977732e+04,2.257163068101e+03,2.026225180070e+01,2.153336267324e-03
4.786658578346e-03,2.546835114770e+01,7.413114524674e+00,6.984072180182e+04,2.256819587977e+03,2.026533564231e+01,2.151016797199e-03
4.786896375693e-03,2.546327542932e+01,7.412130537458e+00,6.991740841972e+04,2.256476088844e+03,2.026842059352e+01,2.148699288212e-03
4.787133924619e-03,2.545819944960e+01,7.411145708893e+00,6.999418935678e+04,2.256132570677e+03,2.027150665515e+01,2.146383751769e-03
4.787371225354e-03,2.545312320837e+01,7.410160038897e+00,7.007106525547e+04,2.255789033465e+03,2.027459382787e+01,2.144070170964e-03
4.787608278181e-03,2.544804670428e+01,7.409173527598e+00,7.014803607864e+04,2.255445477117e+03,2.027768211310e+01,2.141758549922e-03
4.787845083312e-03,2.544296993756e+01,7.408186175475e+00,7.022510161166e+04,2.255101901651e+03,2.028077151125e+01,2.139448898134e-03
4.788081641026e-03,2.543789290694e+01,7.407197982181e+00,7.030226258853e+04,2.254758306982e+03,2.028386202368e+01,2.137141196027e-03
4.788317951536e-03,2.543281561258e+01,7.406208948235e+00,7.037951880567e+04,2.254414693119e+03,2.028695365089e+01,2.134835452795e-03
4.788554015105e-03,2.542773805357e+01,7.405219073842e+00,7.045687013632e+04,2.254071060006e+03,2.029004639398e+01,2.132531675195e-03
4.788789831986e-03,2.542266022920e+01,7.404228358711e+00,7.053431738192e+04,2.253727407594e+03,2.029314025399e+01,2.130229841739e-03
4.789025402413e-03,2.541758213917e+01,7.403236803373e+00,7.061186020001e+04,2.253383735862e+03,2.029623523167e+01,2.127929965804e-03
4.789260726632e-03,2.541250378292e+01,7.402244408041e+00,7.068949853045e+04,2.253040044776e+03,2.029933132795e+01,2.125632052080e-03
4.789495804890e-03,2.540742515984e+01,7.401251172402e+00,7.076723324962e+04,2.252696334296e+03,2.030242854377e+01,2.123336076968e-03
4.789730637439e-03,2.540234626924e+01,7.400257097002e+00,7.084506387364e+04,2.252352604373e+03,2.030552688016e+01,2.121042058047e-03
4.789965224518e-03,2.539726711065e+01,7.399262182020e+00,7.092299041338e+04,2.252008854980e+03,2.030862633795e+01,2.118749997838e-03
4.790199566374e-03,2.539218768351e+01,7.398266427101e+00,7.100101382288e+04,2.251665086078e+03,2.031172691810e+01,2.116459870580e-03
4.790433663239e-03,2.538710798747e+01,7.397269832923e+00,7.107913344313e+04,2.251321297645e+03,2.031482862140e+01,2.114171698987e-03
4.790667515378e-03,2.538202802157e+01,7.396272399543e+00,7.115734945921e+04,2.250977489618e+03,2.031793144902e+01,2.111885480384e-03
4.790901123008e-03,2.537694778579e+01,7.395274126747e+00,7.123566271537e+04,2.250633661996e+03,2.032103540155e+01,2.109601192460e-03
4.791134486409e-03,2.537186727880e+01,7.394275014983e+00,7.131407256897e+04,2.250289814690e+03,2.032414048040e+01,2.107318857302e-03
4.791367605790e-03,2.536678650079e+01,7.393275064501e+00,7.139257929931e+04,2.249945947714e+03,2.032724668604e+01,2.105038469462e-03
4.791600481418e-03,2.536170545069e+01,7.392274274968e+00,7.147118361292e+04,2.249602060998e+03,2.033035401970e+01,2.102760010886e-03
4.791833113524e-03,2.535662412815e+01,7.391272646967e+00,7.154988492408e+04,2.249258154517e+03,2.033346248221e+01,2.100483501822e-03
4.792065502344e-03,2.535154253279e+01,7.390270180583e+00,7.162868359846e+04,2.248914228249e+03,2.033657207436e+01,2.098208934328e-03
4.792297648148e-03,2.534646066344e+01,7.389266875567e+00,7.170758019519e+04,2.248570282114e+03,2.033968279748e+01,2.095936294832e-03
4.792529551142e-03,2.534137852033e+01,7.388262732557e+00,7.178657419295e+04,2.248226316129e+03,2.034279465201e+01,2.093665601549e-03
4.792761211602e-03,2.533629610215e+01,7.387257751411e+00,7.186566604998e+04,2.247882330209e+03,2.034590763934e+01,2.091396843900e-03
4.792992629742e-03,2.533121340893e+01,7.386251932208e+00,7.194485615641e+04,2.247538324353e+03,2.034902176006e+01,2.089130013356e-03
4.793223805822e-03,2.532613043971e+01,7.385245275300e+00,7.202414408331e+04,2.247194298500e+03,2.035213701534e+01,2.086865125325e-03
4.793454740084e-03,2.532104719391e+01,7.384237780639e+00,7.210353035719e+04,2.246850252612e+03,2.035525340612e+01,2.084602167317e-03
4.793685432755e-03,2.531596367128e+01,7.383229448346e+00,7.218301521962e+04,2.246506186672e+03,2.035837093317e+01,2.082341135201e-03
4.793915884082e-03,2.531087987111e+01,7.382220278768e+00,7.226259831305e+04,2.246162100633e+03,2.036148959751e+01,2.080082042208e-03
4.794146094321e-03,2.530579579248e+01,7.381210271741e+00,7.234228025001e+04,2.245817994436e+03,2.036460940029e+01,2.077824873463e-03
4.794376063693e-03,2.530071143524e+01,7.380199427505e+00,7.242206111506e+04,2.245473868070e+03,2.036773034221e+01,2.075569629412e-03
4.794605792441e-03,2.529562679881e+01,7.379187746370e+00,7.250194062554e+04,2.245129721497e+03,2.037085242423e+01,2.073316321041e-03
4.794835280816e-03,2.529054188235e+01,7.378175228150e+00,7.258191947406e+04,2.244785554662e+03,2.037397564745e+01,2.071064931285e-03
4.795064529053e-03,2.528545668538e+01,7.377161873105e+00,7.266199759336e+04,2.244441367533e+03,2.037710001278e+01,2.068815464964e-03
4.795293537384e-03,2.528037120748e+01,7.376147681535e+00,7.274217477516e+04,2.244097160085e+03,2.038022552105e+01,2.066567930862e-03
4.795522306055e-03,2.527528544798e+01,7.375132653232e+00,7.282245179286e+04,2.243752932271e+03,2.038335217330e+01,2.064322309733e-03
4.795750835317e-03,2.527019940602e+01,7.374116788475e+00,7.290282842549e+04,2.243408684034e+03,2.038647997066e+01,2.062078610768e-03
4.795979125389e-03,2.526511308144e+01,7.373100087561e+00,7.298330453923e+04,2.243064415367e+03,2.038960891380e+01,2.059836840573e-03
4.796207176512e-03,2.526002647364e+01,7.372082550257e+00,7.306388099033e+04,2.242720126228e+03,2.039273900372e+01,2.057596977694e-03
4.796434988949e-03,2.525493958151e+01,7.371064176879e+00,7.314455739988e+04,2.242375816545e+03,2.039587024170e+01,2.055359035753e-03
4.796662562907e-03,2.524985240514e+01,7.370044967718e+00,7.322533371019e+04,2.242031486323e+03,2.039900262828e+01,2.053123019159e-03
4.796889898646e-03,2.524476494349e+01,7.369024922419e+00,7.330621086918e+04,2.241687135496e+03,2.040213616472e+01,2.050888904039e-03
4.797116996386e-03,2.523967719633e+01,7.368004041550e+00,7.338718831879e+04,2.241342764046e+03,2.040527085176e+01,2.048656708970e-03
4.797343856392e-03,2.523458916252e+01,7.366982325112e+00,7.346826610854e+04,2.240998371900e+03,2.040840669070e+01,2.046426435338e-03
4.797570478869e-03,2.522950084220e+01,7.365959772951e+00,7.354944524018e+04,2.240653959067e+03,2.041154368206e+01,2.044198057925e-03
4.797796864073e-03,2.522441223433e+01,7.364936385503e+00,7.363072498602e+04,2.240309525479e+03,2.041468182711e+01,2.041971599930e-03
4.798023012250e-03,2.521932333817e+01,7.363912162844e+00,7.371210560695e+04,2.239965071085e+03,2.041782112691e+01,2.039747056870e-03
4.798248923617e-03,2.521423415355e+01,7.362887104811e+00,7.379358792026e+04,2.239620595878e+03,2.042096158215e+01,2.037524408835e-03
4.798474598423e-03,2.520914467961e+01,7.361861211821e+00,7.387517127486e+04,2.239276099798e+03,2.042410319400e+01,2.035303676742e-03
4.798700036895e-03,2.520405491597e+01,7.360834483980e+00,7.395685601026e+04,2.238931582822e+03,2.042724596328e+01,2.033084853974e-03
4.798925239284e-03,2.519896486173e+01,7.359806921066e+00,7.403864279273e+04,2.238587044890e+03,2.043038989118e+01,2.030867924949e-03
4.799150205813e-03,2.519387451658e+01,7.358778523556e+00,7.412053104245e+04,2.238242485982e+03,2.043353497848e+01,2.028652908476e-03
4.799374936725e-03,2.518878387979e+01,7.357749291439e+00,7.420252119075e+04,2.237897906050e+03,2.043668122627e+01,2.026439795477e-03
4.799599432245e-03,2.518369295098e+01,7.356719224691e+00,7.428461372972e+04,2.237553305070e+03,2.043982863538e+01,2.024228575265e-03
4.799823692635e-03,2.517860172895e+01,7.355688323554e+00,7.436680817565e+04,2.237208682961e+03,2.044297720718e+01,2.022019263903e-03
4.800047718097e-03,2.517351021388e+01,7.354656588161e+00,7.444910503225e+04,2.236864039737e+03,2.044612694216e+01,2.019811850402e-03
4.800271508882e-03,2.516841840481e+01,7.353624018456e+00,7.453150463302e+04,2.236519375335e+03,2.044927784153e+01,2.017606328493e-03
4.800495065237e-03,2.516332630086e+01,7.352590614694e+00,7.461400657205e+04,2.236174689695e+03,2.045242990646e+01,2.015402712014e-03
4.800718387367e-03,2.515823390213e+01,7.351556376955e+00,7.469661144231e+04,2.235829982826e+03,2.045558313751e+01,2.013200987642e-03
4.800941475539e-03,2.515314120723e+01,7.350521305173e+00,7.477931941444e+04,2.235485254636e+03,2.045873753615e+01,2.011001153584e-03
4.801164329964e-03,2.514804821615e+01,7.349485399735e+00,7.486213015215e+04,2.235140505123e+03,2.046189310301e+01,2.008803221694e-03
4.801386950885e-03,2.514295492804e+01,7.348448660489e+00,7.494504435309e+04,2.234795734234e+03,2.046504983922e+01,2.006607175944e-03
4.801609338533e-03,2.513786134239e+01,7.347411087625e+00,7.502806200156e+04,2.234450941933e+03,2.046820774574e+01,2.004413019573e-03
4.801831493149e-03,2.513276745840e+01,7.346372681327e+00,7.511118285855e+04,2.234106128169e+03,2.047136682367e+01,2.002220761752e-03
4.802053414958e-03,2.512767327567e+01,7.345333441491e+00,7.519440770574e+04,2.233761292916e+03,2.047452707389e+01,2.000030384325e-03
4.802275104193e-03,2.512257879363e+01,7.344293368375e+00,7.527773635301e+04,2.233416436135e+03,2.047768849738e+01,1.997841895184e-03
4.802496561096e-03,2.511748401141e+01,7.343252462101e+00,7.536116864899e+04,2.233071557770e+03,2.048085109529e+01,1.995655301106e-03
4.802717785883e-03,2.511238892886e+01,7.342210722583e+00,7.544470546314e+04,2.232726657811e+03,2.048401486834e+01,1.993470581734e-03
4.802938778818e-03,2.510729354457e+01,7.341168149980e+00,7.552834644161e+04,2.232381736165e+03,2.048717981805e+01,1.991287749278e-03
4.803159540090e-03,2.510219785900e+01,7.340124744642e+00,7.561209149881e+04,2.232036792864e+03,2.049034594473e+01,1.989106808718e-03
4.803380069964e-03,2.509710187074e+01,7.339080506190e+00,7.569594161801e+04,2.231691827814e+03,2.049351324990e+01,1.986927736851e-03
4.803600368671e-03,2.509200557923e+01,7.338035435025e+00,7.577989625176e+04,2.231346840977e+03,2.049668173454e+01,1.984750550921e-03
4.803820436417e-03,2.508690898445e+01,7.336989531357e+00,7.586395541095e+04,2.231001832354e+03,2.049985139929e+01,1.982575253341e-03
4.804040273468e-03,2.508181208497e+01,7.335942794775e+00,7.594812017354e+04,2.230656801850e+03,2.050302224565e+01,1.980401818594e-03
4.804259880023e-03,2.507671488092e+01,7.334895225850e+00,7.603238976696e+04,2.230311749474e+03,2.050619427419e+01,1.978230269702e-03
4.804479256337e-03,2.507161737117e+01,7.333846824561e+00,7.611676445905e+04,2.229966675153e+03,2.050936748622e+01,1.976060602385e-03
4.804698402620e-03,2.506651955557e+01,7.332797590793e+00,7.620124511324e+04,2.229621578875e+03,2.051254188250e+01,1.973892796888e-03
4.804917319125e-03,2.506142143298e+01,7.331747524818e+00,7.628583104899e+04,2.229276460565e+03,2.051571746435e+01,1.971726873694e-03
4.805136006072e-03,2.505632300304e+01,7.330696626735e+00,7.637052262275e+04,2.228931320202e+03,2.051889423262e+01,1.969562826266e-03
4.805354463689e-03,2.505122426518e+01,7.329644896421e+00,7.645532052343e+04,2.228586157747e+03,2.052207218831e+01,1.967400639519e-03
4.805572692201e-03,2.504612521890e+01,7.328592334231e+00,7.654022414857e+04,2.228240973168e+03,2.052525133236e+01,1.965240331778e-03
4.805790691861e-03,2.504102586304e+01,7.327538940062e+00,7.662523396242e+04,2.227895766387e+03,2.052843166614e+01,1.963081893791e-03
4.806008462866e-03,2.503592619775e+01,7.326484714016e+00,7.671035045969e+04,2.227550537416e+03,2.053161319019e+01,1.960925315583e-03
4.806226005472e-03,2.503082622178e+01,7.325429656247e+00,7.679557314030e+04,2.227205286171e+03,2.053479590592e+01,1.958770612734e-03
4.806443319896e-03,2.502572593480e+01,7.324373766790e+00,7.688090255011e+04,2.226860012633e+03,2.053797981416e+01,1.956617773975e-03
4.806660406372e-03,2.502062533605e+01,7.323317045630e+00,7.696633901472e+04,2.226514716749e+03,2.054116491606e+01,1.954466793742e-03
4.806877265124e-03,2.501552442505e+01,7.322259493037e+00,7.705188211199e+04,2.226169398490e+03,2.054435121253e+01,1.952317685518e-03
4.807093896380e-03,2.501042320118e+01,7.321201108954e+00,7.713753248951e+04,2.225824057816e+03,2.054753870460e+01,1.950170435543e-03
4.807310300375e-03,2.500532166367e+01,7.320141893429e+00,7.722329028615e+04,2.225478694673e+03,2.055072739340e+01,1.948025043043e-03
4.807526477333e-03,2.500021981196e+01,7.319081846678e+00,7.730915517316e+04,2.225133309028e+03,2.055391727991e+01,1.945881519049e-03
4.807742427485e-03,2.499511764539e+01,7.318020968599e+00,7.739512789758e+04,2.224787900835e+03,2.055710836520e+01,1.943739847397e-03
4.807958151055e-03,2.499001516339e+01,7.316959259352e+00,7.748120840450e+04,2.224442470058e+03,2.056030065027e+01,1.941600032219e-03
4.808173648264e-03,2.498491236551e+01,7.315896719132e+00,7.756739645747e+04,2.224097016668e+03,2.056349413603e+01,1.939462082151e-03
4.808388919362e-03,2.497980925058e+01,7.314833347703e+00,7.765369291138e+04,2.223751540586e+03,2.056668882387e+01,1.937325978448e-03
4.808603964547e-03,2.497470581864e+01,7.313769145411e+00,7.774009750889e+04,2.223406041817e+03,2.056988471441e+01,1.935191730300e-03
4.808818784078e-03,2.496960206831e+01,7.312704112224e+00,7.782661012380e+04,2.223060520270e+03,2.057308180915e+01,1.933059343532e-03
4.809033378142e-03,2.496449799994e+01,7.311638248190e+00,7.791323168675e+04,2.222714975968e+03,2.057628010852e+01,1.930928797650e-03
4.809247747005e-03,2.495939361190e+01,7.310571553367e+00,7.799996177322e+04,2.222369408802e+03,2.057947961421e+01,1.928800105961e-03
4.809461890871e-03,2.495428890411e+01,7.309504027957e+00,7.808680033151e+04,2.222023818770e+03,2.058268032689e+01,1.926673272400e-03
4.809675809968e-03,2.494918387590e+01,7.308435671771e+00,7.817374841159e+04,2.221678205827e+03,2.058588224764e+01,1.924548273676e-03
4.809889504528e-03,2.494407852647e+01,7.307366485080e+00,7.826080536461e+04,2.221332569919e+03,2.058908537763e+01,1.922425128557e-03
4.810102974774e-03,2.493897285526e+01,7.306296467965e+00,7.834797130500e+04,2.220986911012e+03,2.059228971783e+01,1.920303836869e-03
4.810316220929e-03,2.493386686170e+01,7.305225620253e+00,7.843524726707e+04,2.220641229066e+03,2.059549526928e+01,1.918184375875e-03
4.810529243230e-03,2.492876054487e+01,7.304153942190e+00,7.852263248477e+04,2.220295524021e+03,2.059870203320e+01,1.916066767096e-03
4.810742041879e-03,2.492365390467e+01,7.303081433940e+00,7.861012727595e+04,2.219949795873e+03,2.060191001030e+01,1.913951005401e-03
4.810954617129e-03,2.491854693980e+01,7.302008095223e+00,7.869773246912e+04,2.219604044533e+03,2.060511920207e+01,1.911837073248e-03
4.811166969177e-03,2.491343965027e+01,7.300933926442e+00,7.878544737828e+04,2.219258270005e+03,2.060832960914e+01,1.909724990059e-03
4.811379098270e-03,2.490833203491e+01,7.299858927504e+00,7.887327244217e+04,2.218912472211e+03,2.061154123289e+01,1.907614747818e-03
4.811591004616e-03,2.490322409344e+01,7.298783098408e+00,7.896120827382e+04,2.218566651133e+03,2.061475407419e+01,1.905506334341e-03
4.811802688458e-03,2.489811582482e+01,7.297706439292e+00,7.904925430340e+04,2.218220806701e+03,2.061796813433e+01,1.903399766114e-03
4.812014149997e-03,2.489300722890e+01,7.296628950254e+00,7.913741105547e+04,2.217874938908e+03,2.062118341406e+01,1.901295033113e-03
4.812225389476e-03,2.488789830457e+01,7.295550631175e+00,7.922567895694e+04,2.217529047679e+03,2.062439991475e+01,1.899192127744e-03
4.812436407095e-03,2.488278905178e+01,7.294471482370e+00,7.931405751945e+04,2.217183133013e+03,2.062761763708e+01,1.897091064416e-03
4.812647203111e-03,2.487767946906e+01,7.293391503624e+00,7.940254739624e+04,2.216837194812e+03,2.063083658264e+01,1.894991830109e-03
4.812857777722e-03,2.487256955634e+01,7.292310695096e+00,7.949114879253e+04,2.216491233071e+03,2.063405675215e+01,1.892894422600e-03
4.813068131159e-03,2.486745931282e+01,7.291229056908e+00,7.957986133337e+04,2.216145247738e+03,2.063727814676e+01,1.890798853495e-03
4.813278263639e-03,2.486234873795e+01,7.290146589013e+00,7.966868576285e+04,2.215799238778e+03,2.064050076749e+01,1.888705107710e-03
4.813488175395e-03,2.485723783083e+01,7.289063291450e+00,7.975762209407e+04,2.215453206131e+03,2.064372461557e+01,1.886613187625e-03
4.813697866639e-03,2.485212659106e+01,7.287979164388e+00,7.984667004716e+04,2.215107149771e+03,2.064694969191e+01,1.884523102511e-03
4.813907337591e-03,2.484701501803e+01,7.286894207749e+00,7.993583047516e+04,2.214761069659e+03,2.065017599757e+01,1.882434834825e-03
4.814116588491e-03,2.484190311064e+01,7.285808421571e+00,8.002510318584e+04,2.214414965721e+03,2.065340353392e+01,1.880348391794e-03
4.814325619537e-03,2.483679086885e+01,7.284721806074e+00,8.011448799597e+04,2.214068837957e+03,2.065663230163e+01,1.878263780352e-03
4.814534430972e-03,2.483167829143e+01,7.283634361024e+00,8.020398587938e+04,2.213722686283e+03,2.065986230216e+01,1.876180980253e-03
4.814743022995e-03,2.482656537828e+01,7.282546086716e+00,8.029359641404e+04,2.213376510695e+03,2.066309353624e+01,1.874100004078e-03
4.814951395857e-03,2.482145212802e+01,7.281456983056e+00,8.038331954490e+04,2.213030311102e+03,2.066632600541e+01,1.872020855719e-03
4.815159549743e-03,2.481633854088e+01,7.280367050101e+00,8.047315633150e+04,2.212684087520e+03,2.066955971020e+01,1.869943513078e-03
4.815367484908e-03,2.481122461533e+01,7.279276287877e+00,8.056310615312e+04,2.212337839846e+03,2.067279465226e+01,1.867867993299e-03
4.815575201539e-03,2.480611035153e+01,7.278184696595e+00,8.065316907459e+04,2.211991568093e+03,2.067603083214e+01,1.865794297461e-03
4.815782699881e-03,2.480099574823e+01,7.277092275993e+00,8.074334621490e+04,2.211645272179e+03,2.067926825132e+01,1.863722402257e-03
4.815989980159e-03,2.479588080462e+01,7.275999026247e+00,8.083363676225e+04,2.211298952048e+03,2.068250691099e+01,1.861652329139e-03
4.816197042558e-03,2.479076552092e+01,7.274904947580e+00,8.092404103531e+04,2.210952607719e+03,2.068574681168e+01,1.859584073339e-03
4.816403887335e-03,2.478564989553e+01,7.273810039685e+00,8.101455991616e+04,2.210606239084e+03,2.068898795506e+01,1.857517617177e-03
4.816610514684e-03,2.478053392841e+01,7.272714302873e+00,8.110519268418e+04,2.210259846142e+03,2.069223034188e+01,1.855452979865e-03
4.816816924841e-03,2.477541761850e+01,7.271617737065e+00,8.119593979227e+04,2.209913428822e+03,2.069547397345e+01,1.853390153606e-03
4.817023118019e-03,2.477030096526e+01,7.270520342231e+00,8.128680188832e+04,2.209566987089e+03,2.069871885080e+01,1.851329126216e-03
4.817229094438e-03,2.476518396799e+01,7.269422118511e+00,8.137777836949e+04,2.209220520898e+03,2.070196497507e+01,1.849269914087e-03
4.817434854304e-03,2.476006662633e+01,7.268323065956e+00,8.146886978921e+04,2.208874030226e+03,2.070521234714e+01,1.847212507203e-03
4.817640397858e-03,2.475494893909e+01,7.267223184433e+00,8.156007658885e+04,2.208527514993e+03,2.070846096848e+01,1.845156898170e-03
4.817845725298e-03,2.474983090607e+01,7.266122474167e+00,8.165139826419e+04,2.208180975187e+03,2.071171083988e+01,1.843103101035e-03
4.818050836860e-03,2.474471252612e+01,7.265020935018e+00,8.174283549726e+04,2.207834410733e+03,2.071496196275e+01,1.841051102959e-03
4.818255732742e-03,2.473959379914e+01,7.263918567129e+00,8.183438848851e+04,2.207487821624e+03,2.071821433786e+01,1.839000902050e-03
4.818460413174e-03,2.473447472406e+01,7.262815370508e+00,8.192605685852e+04,2.207141207790e+03,2.072146796655e+01,1.836952509449e-03
4.818664878388e-03,2.472935529992e+01,7.261711345040e+00,8.201784140222e+04,2.206794569168e+03,2.072472285013e+01,1.834905909887e-03
4.818869128565e-03,2.472423552687e+01,7.260606490957e+00,8.210974209075e+04,2.206447905768e+03,2.072797898919e+01,1.832861106641e-03
4.819073163939e-03,2.471911540389e+01,7.259500808251e+00,8.220175865493e+04,2.206101217524e+03,2.073123638506e+01,1.830818108310e-03
4.819276984744e-03,2.471399492983e+01,7.258394296756e+00,8.229389201048e+04,2.205754504360e+03,2.073449503917e+01,1.828776897050e-03
4.819480591171e-03,2.470887410463e+01,7.257286956685e+00,8.238614190466e+04,2.205407766271e+03,2.073775495224e+01,1.826737481117e-03
4.819683983458e-03,2.470375292712e+01,7.256178787980e+00,8.247850818332e+04,2.205061003182e+03,2.074101612571e+01,1.824699866498e-03
4.819887161799e-03,2.469863139716e+01,7.255069790674e+00,8.257099186367e+04,2.204714215083e+03,2.074427856035e+01,1.822664033237e-03
4.820090126436e-03,2.469350951338e+01,7.253959964728e+00,8.266359248531e+04,2.204367401884e+03,2.074754225775e+01,1.820629994143e-03
4.820292877558e-03,2.468838727584e+01,7.252849310327e+00,8.275630998606e+04,2.204020563591e+03,2.075080721854e+01,1.818597753133e-03
4.820495415394e-03,2.468326468345e+01,7.251737827290e+00,8.284914552108e+04,2.203673700130e+03,2.075407344412e+01,1.816567287365e-03
4.820697740164e-03,2.467814173545e+01,7.250625515725e+00,8.294209836356e+04,2.203326811452e+03,2.075734093567e+01,1.814538615427e-03
4.820899852071e-03,2.467301843147e+01,7.249512375713e+00,8.303516867503e+04,2.202979897535e+03,2.076060969410e+01,1.812511736313e-03
4.821101751350e-03,2.466789477031e+01,7.248398407052e+00,8.312835754076e+04,2.202632958297e+03,2.076387972091e+01,1.810486628884e-03
4.821303438187e-03,2.466277075198e+01,7.247283610010e+00,8.322166413352e+04,2.202285993740e+03,2.076715101677e+01,1.808463313792e-03
4.821504912823e-03,2.465764637517e+01,7.246167984453e+00,8.331508885448e+04,2.201939003779e+03,2.077042358322e+01,1.806441784842e-03
4.821706175458e-03,2.465252163954e+01,7.245051530393e+00,8.340863251960e+04,2.201591988391e+03,2.077369742118e+01,1.804422026899e-03
4.821907226307e-03,2.464739654439e+01,7.243934247919e+00,8.350229442910e+04,2.201244947530e+03,2.077697253178e+01,1.802404057717e-03
4.822108065590e-03,2.464227108886e+01,7.242816136984e+00,8.359607509711e+04,2.200897881141e+03,2.078024891629e+01,1.800387868716e-03
4.822308693515e-03,2.463714527242e+01,7.241697197585e+00,8.368997510828e+04,2.200550789188e+03,2.078352657574e+01,1.798373449870e-03
4.822509110308e-03,2.463201909404e+01,7.240577429716e+00,8.378399388497e+04,2.200203671603e+03,2.078680551150e+01,1.796360816184e-03
4.822709316156e-03,2.462689255375e+01,7.239456833515e+00,8.387813204795e+04,2.199856528390e+03,2.079008572425e+01,1.794349956864e-03
4.822909311307e-03,2.462176564991e+01,7.238335408761e+00,8.397238996391e+04,2.199509359440e+03,2.079336721574e+01,1.792340866637e-03
4.823109095941e-03,2.461663838273e+01,7.237213155697e+00,8.406676715026e+04,2.199162164767e+03,2.079664998656e+01,1.790333558375e-03
4.823308670299e-03,2.461151075073e+01,7.236090074125e+00,8.416126438001e+04,2.198814944276e+03,2.079993403833e+01,1.788328018128e-03
4.823508034567e-03,2.460638275393e+01,7.234966164203e+00,8.425588174803e+04,2.198467697965e+03,2.080321937178e+01,1.786324246459e-03
4.823707188982e-03,2.460125439102e+01,7.233841425832e+00,8.435061891853e+04,2.198120425751e+03,2.080650598844e+01,1.784322253035e-03
4.823906133746e-03,2.459612566152e+01,7.232715859015e+00,8.444547677325e+04,2.197773127602e+03,2.080979388933e+01,1.782322021718e-03
4.824104869062e-03,2.459099656501e+01,7.231589463836e+00,8.454045516966e+04,2.197425803489e+03,2.081308307543e+01,1.780323558097e-03
4.824303395158e-03,2.458586710032e+01,7.230462240211e+00,8.463555389049e+04,2.197078453338e+03,2.081637354820e+01,1.778326869275e-03
4.824501712227e-03,2.458073726729e+01,7.229334188207e+00,8.473077393994e+04,2.196731077137e+03,2.081966530845e+01,1.776331936666e-03
4.824699820510e-03,2.457560706440e+01,7.228205307678e+00,8.482611494727e+04,2.196383674785e+03,2.082295835789e+01,1.774338770627e-03
4.824897720179e-03,2.457047649202e+01,7.227075598863e+00,8.492157678953e+04,2.196036246309e+03,2.082625269697e+01,1.772347376236e-03
4.825095411488e-03,2.456534554827e+01,7.225945061454e+00,8.501716063259e+04,2.195688791585e+03,2.082954832763e+01,1.770357731676e-03
4.825292894599e-03,2.456021423373e+01,7.224813695770e+00,8.511286580794e+04,2.195341310651e+03,2.083284525021e+01,1.768369853453e-03
4.825490169782e-03,2.455508254620e+01,7.223681501474e+00,8.520869239710e+04,2.194993803362e+03,2.083614346683e+01,1.766383742362e-03
4.825687237187e-03,2.454995048650e+01,7.222548478851e+00,8.530464158549e+04,2.194646269773e+03,2.083944297769e+01,1.764399376346e-03
4.825884097064e-03,2.454481805289e+01,7.221414627708e+00,8.540071250715e+04,2.194298709769e+03,2.084274378463e+01,1.762416775894e-03
4.826080749606e-03,2.453968524513e+01,7.220279948137e+00,8.549690552278e+04,2.193951123337e+03,2.084604588852e+01,1.760435936040e-03
4.826277195037e-03,2.453455206212e+01,7.219144440011e+00,8.559322156432e+04,2.193603510401e+03,2.084934929078e+01,1.758456840118e-03
4.826473433551e-03,2.452941850356e+01,7.218008103436e+00,8.568965986251e+04,2.193255870944e+03,2.085265399235e+01,1.756479506492e-03
4.826669465369e-03,2.452428456847e+01,7.216870938338e+00,8.578622092219e+04,2.192908204901e+03,2.085595999456e+01,1.754503927288e-03
4.826865290691e-03,2.451915025633e+01,7.215732944726e+00,8.588290541161e+04,2.192560512239e+03,2.085926729847e+01,1.752530091368e-03
4.827060909733e-03,2.451401556627e+01,7.214594122575e+00,8.597971269667e+04,2.192212792899e+03,2.086257590538e+01,1.750558014209e-03
4.827256322713e-03,2.450888049734e+01,7.213454471806e+00,8.607664341478e+04,2.191865046821e+03,2.086588581661e+01,1.748587685311e-03
4.827451529815e-03,2.450374504948e+01,7.212313992544e+00,8.617369796833e+04,2.191517274000e+03,2.086919703293e+01,1.746619099027e-03
4.827646531260e-03,2.449860922163e+01,7.211172684704e+00,8.627087585400e+04,2.191169474367e+03,2.087250955576e+01,1.744652268079e-03
4.827841327258e-03,2.449347301304e+01,7.210030548257e+00,8.636817783940e+04,2.190821647874e+03,2.087582338631e+01,1.742687179421e-03
4.828035918029e-03,2.448833642268e+01,7.208887583111e+00,8.646560408513e+04,2.190473794451e+03,2.087913852596e+01,1.740723832343e-03
4.828230303762e-03,2.448319945032e+01,7.207743789361e+00,8.656315420049e+04,2.190125914085e+03,2.088245497560e+01,1.738762237210e-03
4.828424484667e-03,2.447806209519e+01,7.206599166969e+00,8.666082909007e+04,2.189778006725e+03,2.088577273646e+01,1.736802378331e-03
4.828618460970e-03,2.447292435606e+01,7.205453715804e+00,8.675862865377e+04,2.189430072290e+03,2.088909181007e+01,1.734844260244e-03
4.828812232847e-03,2.446778623307e+01,7.204307436033e+00,8.685655262465e+04,2.189082110791e+03,2.089241219705e+01,1.732887890766e-03
4.829005800533e-03,2.446264772473e+01,7.203160327463e+00,8.695460205869e+04,2.188734122129e+03,2.089573389911e+01,1.730933251311e-03
4.829199164215e-03,2.445750883086e+01,7.202012390186e+00,8.705277656859e+04,2.188386106293e+03,2.089905691712e+01,1.728980352119e-03
4.829392324133e-03,2.445236954986e+01,7.200863623980e+00,8.715107605265e+04,2.188038063176e+03,2.090238125283e+01,1.727029197672e-03
4.829585280439e-03,2.444722988245e+01,7.199714029155e+00,8.724950166428e+04,2.187689992830e+03,2.090570690650e+01,1.725079767598e-03
4.829778033394e-03,2.444208982642e+01,7.198563605334e+00,8.734805277673e+04,2.187341895105e+03,2.090903388033e+01,1.723132076816e-03
4.829970583183e-03,2.443694938166e+01,7.197412352629e+00,8.744672942711e+04,2.186993769998e+03,2.091236217510e+01,1.721186127040e-03
4.830162929991e-03,2.443180854799e+01,7.196260271151e+00,8.754553286384e+04,2.186645617495e+03,2.091569179169e+01,1.719241896187e-03
4.830355074057e-03,2.442666732374e+01,7.195107360640e+00,8.764446218767e+04,2.186297437487e+03,2.091902273191e+01,1.717299404436e-03
4.830547015557e-03,2.442152570903e+01,7.193953621253e+00,8.774351777326e+04,2.185949229984e+03,2.092235499642e+01,1.715358646880e-03
4.830738754740e-03,2.441638370195e+01,7.192799052717e+00,8.784270058998e+04,2.185600994857e+03,2.092568858721e+01,1.713419607061e-03
4.830930291750e-03,2.441124130339e+01,7.191643655335e+00,8.794200982242e+04,2.185252732168e+03,2.092902350445e+01,1.711482303388e-03
4.831121626856e-03,2.440609851090e+01,7.190487428695e+00,8.804144603543e+04,2.184904441754e+03,2.093235975046e+01,1.709546727303e-03
4.831312760208e-03,2.440095532525e+01,7.189330373118e+00,8.814100987352e+04,2.184556123668e+03,2.093569732550e+01,1.707612868784e-03
4.831503692056e-03,2.439581174446e+01,7.188172488261e+00,8.824070071160e+04,2.184207777778e+03,2.093903623159e+01,1.705680742425e-03
4.831694422567e-03,2.439066776880e+01,7.187013774325e+00,8.834051920495e+04,2.183859404104e+03,2.094237646931e+01,1.703750338000e-03
4.831884951978e-03,2.438552339666e+01,7.185854231088e+00,8.844046576701e+04,2.183511002539e+03,2.094571804045e+01,1.701821650024e-03
4.832075280464e-03,2.438037862807e+01,7.184693858654e+00,8.854053987092e+04,2.183162573086e+03,2.094906094575e+01,1.699894691103e-03
4.832265408241e-03,2.437523346200e+01,7.183532656945e+00,8.864074234142e+04,2.182814115678e+03,2.095240518661e+01,1.697969447844e-03
4.832455335521e-03,2.437008789747e+01,7.182370625858e+00,8.874107329934e+04,2.182465630248e+03,2.095575076444e+01,1.696045920422e-03
4.832645062499e-03,2.436494193393e+01,7.181207765377e+00,8.884153236722e+04,2.182117116764e+03,2.095909768034e+01,1.694124118498e-03
4.832834589386e-03,2.435979557049e+01,7.180044075458e+00,8.894212051453e+04,2.181768575166e+03,2.096244593563e+01,1.692204026034e-03
4.833023916361e-03,2.435464880702e+01,7.178879556171e+00,8.904283756051e+04,2.181420005446e+03,2.096579553118e+01,1.690285648953e-03
4.833213043670e-03,2.434950164162e+01,7.177714207197e+00,8.914368329493e+04,2.181071407478e+03,2.096914646896e+01,1.688368993676e-03
4.833401971461e-03,2.434435407502e+01,7.176548028879e+00,8.924465880388e+04,2.180722781313e+03,2.097249874925e+01,1.686454042087e-03
4.833590699995e-03,2.433920610492e+01,7.175381020762e+00,8.934576366068e+04,2.180374126797e+03,2.097585237432e+01,1.684540804725e-03
4.833779229433e-03,2.433405773166e+01,7.174213183042e+00,8.944699775394e+04,2.180025443955e+03,2.097920734469e+01,1.682629286109e-03
4.833967559988e-03,2.432890895421e+01,7.173044515679e+00,8.954836235516e+04,2.179676732719e+03,2.098256366180e+01,1.680719464778e-03
4.834155691867e-03,2.432375977168e+01,7.171875018517e+00,8.964985669230e+04,2.179327993030e+03,2.098592132700e+01,1.678811357691e-03
4.834343625267e-03,2.431861018347e+01,7.170704691538e+00,8.975148093218e+04,2.178979224850e+03,2.098928034142e+01,1.676904964129e-03
4.834531360398e-03,2.431346018860e+01,7.169533534718e+00,8.985323627625e+04,2.178630428114e+03,2.099264070649e+01,1.675000264106e-03
4.834718897448e-03,2.430830978664e+01,7.168361547995e+00,8.995512181377e+04,2.178281602793e+03,2.099600242324e+01,1.673097277061e-03
4.834906236640e-03,2.430315897631e+01,7.167188731204e+00,9.005713801481e+04,2.177932748806e+03,2.099936549326e+01,1.671195996647e-03
4.835093378143e-03,2.429800775768e+01,7.166015084543e+00,9.015928573964e+04,2.177583866156e+03,2.100272991729e+01,1.669296409363e-03
4.835280322175e-03,2.429285612952e+01,7.164840607773e+00,9.026156423676e+04,2.177234954763e+03,2.100609569689e+01,1.667398531567e-03
4.835467068955e-03,2.428770409063e+01,7.163665300757e+00,9.036397412724e+04,2.176886014547e+03,2.100946283361e+01,1.665502354187e-03
4.835653618651e-03,2.428255164106e+01,7.162489163666e+00,9.046651597605e+04,2.176537045514e+03,2.101283132819e+01,1.663607869269e-03
4.835839971485e-03,2.427739877953e+01,7.161312196254e+00,9.056918917889e+04,2.176188047579e+03,2.101620118224e+01,1.661715090352e-03
4.836026127652e-03,2.427224550541e+01,7.160134398533e+00,9.067199449935e+04,2.175839020701e+03,2.101957239693e+01,1.659824005836e-03
4.836212087346e-03,2.426709181807e+01,7.158955770481e+00,9.077493221722e+04,2.175489964837e+03,2.102294497346e+01,1.657934613049e-03
4.836397850776e-03,2.426193771651e+01,7.157776311929e+00,9.087800187008e+04,2.175140879925e+03,2.102631891325e+01,1.656046922849e-03
4.836583418142e-03,2.425678319995e+01,7.156596022875e+00,9.098120438076e+04,2.174791765912e+03,2.102969421758e+01,1.654160920835e-03
4.836768789612e-03,2.425162826850e+01,7.155414903426e+00,9.108453971097e+04,2.174442622806e+03,2.103307088716e+01,1.652276610147e-03
4.836953965443e-03,2.424647291979e+01,7.154232953110e+00,9.118800757581e+04,2.174093450450e+03,2.103644892432e+01,1.650393998347e-03
4.837138945784e-03,2.424131715445e+01,7.153050172275e+00,9.129160902809e+04,2.173744248890e+03,2.103982832942e+01,1.648513068807e-03
4.837323730863e-03,2.423616097089e+01,7.151866560591e+00,9.139534375588e+04,2.173395018017e+03,2.104320910428e+01,1.646633829590e-03
4.837508320862e-03,2.423100436880e+01,7.150682118075e+00,9.149921158512e+04,2.173045757813e+03,2.104659124988e+01,1.644756286219e-03
4.837692715991e-03,2.422584734714e+01,7.149496844714e+00,9.160321376297e+04,2.172696468210e+03,2.104997476769e+01,1.642880418703e-03
4.837876916433e-03,2.422068990550e+01,7.148310740402e+00,9.170734963885e+04,2.172347149182e+03,2.105335965876e+01,1.641006241135e-03
4.838060922406e-03,2.421553204258e+01,7.147123804948e+00,9.181161922540e+04,2.171997800643e+03,2.105674592472e+01,1.639133755658e-03
4.838244734099e-03,2.421037375784e+01,7.145936038478e+00,9.191602389825e+04,2.171648422558e+03,2.106013356670e+01,1.637262940152e-03
4.838428351698e-03,2.420521505086e+01,7.144747440853e+00,9.202056265630e+04,2.171299014899e+03,2.106352258579e+01,1.635393814863e-03
4.838611775431e-03,2.420005592002e+01,7.143558011807e+00,9.212523593811e+04,2.170949577560e+03,2.106691298381e+01,1.633526374355e-03
4.838795005455e-03,2.419489636563e+01,7.142367751641e+00,9.223004473677e+04,2.170600110564e+03,2.107030476135e+01,1.631660603460e-03
4.838978041999e-03,2.418973638606e+01,7.141176659956e+00,9.233498822837e+04,2.170250613801e+03,2.107369792028e+01,1.629796519152e-03
4.839160885243e-03,2.418457598099e+01,7.139984736804e+00,9.244006698769e+04,2.169901087253e+03,2.107709246159e+01,1.627934113652e-03
4.839343535399e-03,2.417941514923e+01,7.138791982094e+00,9.254528172347e+04,2.169551530839e+03,2.108048838686e+01,1.626073376908e-03
4.839525992652e-03,2.417425389030e+01,7.137598395710e+00,9.265063174407e+04,2.169201944530e+03,2.108388569719e+01,1.624214323460e-03
4.839708257194e-03,2.416909220358e+01,7.136403977662e+00,9.275611779428e+04,2.168852328287e+03,2.108728439378e+01,1.622356942626e-03
4.839890329231e-03,2.416393008799e+01,7.135208727834e+00,9.286174026152e+04,2.168502682036e+03,2.109068447813e+01,1.620501230047e-03
4.840072208961e-03,2.415876754269e+01,7.134012646041e+00,9.296749861962e+04,2.168153005724e+03,2.109408595159e+01,1.618647197279e-03
4.840253896579e-03,2.415360456691e+01,7.132815732288e+00,9.307339378296e+04,2.167803299300e+03,2.109748881548e+01,1.616794830785e-03
4.840435392269e-03,2.414844116022e+01,7.131617986553e+00,9.317942580182e+04,2.167453562738e+03,2.110089307086e+01,1.614944132099e-03
4.840616696234e-03,2.414327732163e+01,7.130419408639e+00,9.328559431315e+04,2.167103795971e+03,2.110429871918e+01,1.613095109875e-03
4.840797808667e-03,2.413811305042e+01,7.129219998596e+00,9.339190039904e+04,2.166753998953e+03,2.110770576172e+01,1.611247747792e-03
4.840978729785e-03,2.413294834511e+01,7.128019756089e+00,9.349834380361e+04,2.166404171586e+03,2.111111420026e+01,1.609402052659e-03
4.841159459738e-03,2.412778320627e+01,7.126818681315e+00,9.360492429342e+04,2.166054313910e+03,2.111452403521e+01,1.607558030845e-03
4.841339998763e-03,2.412261763190e+01,7.125616774057e+00,9.371164314853e+04,2.165704425792e+03,2.111793526871e+01,1.605715662767e-03
4.841520347043e-03,2.411745162148e+01,7.124414034138e+00,9.381849976009e+04,2.165354507199e+03,2.112134790190e+01,1.603874961238e-03
4.841700504753e-03,2.411228517483e+01,7.123210461599e+00,9.392549407538e+04,2.165004558119e+03,2.112476193569e+01,1.602035929498e-03
4.841880472123e-03,2.410711829013e+01,7.122006056317e+00,9.403262754330e+04,2.164654578434e+03,2.112817737210e+01,1.600198545246e-03
4.842060249304e-03,2.410195096778e+01,7.120800818269e+00,9.413989914251e+04,2.164304568169e+03,2.113159421168e+01,1.598362828234e-03
4.842239836516e-03,2.409678320625e+01,7.119594747199e+00,9.424730928160e+04,2.163954527226e+03,2.113501245622e+01,1.596528773846e-03
4.842419233961e-03,2.409161500454e+01,7.118387843135e+00,9.435485905202e+04,2.163604455536e+03,2.113843210722e+01,1.594696366009e-03
4.842598441819e-03,2.408644636219e+01,7.117180105885e+00,9.446254756144e+04,2.163254353072e+03,2.114185316578e+01,1.592865622160e-03
4.842777460274e-03,2.408127727868e+01,7.115971535449e+00,9.457037539767e+04,2.162904219800e+03,2.114527563305e+01,1.591036534722e-03
4.842956289545e-03,2.407610775250e+01,7.114762131680e+00,9.467834332079e+04,2.162554055620e+03,2.114869951085e+01,1.589209093308e-03
4.843134929790e-03,2.407093778381e+01,7.113551894552e+00,9.478645059178e+04,2.162203860544e+03,2.115212479990e+01,1.587383312668e-03
4.843313381241e-03,2.406576737071e+01,7.112340823781e+00,9.489469800237e+04,2.161853634447e+03,2.115555150224e+01,1.585559181885e-03
4.843491644056e-03,2.406059651338e+01,7.111128919544e+00,9.500308593663e+04,2.161503377341e+03,2.115897961859e+01,1.583736696931e-03
4.843669718458e-03,2.405542521015e+01,7.109916181414e+00,9.511161386240e+04,2.161153089117e+03,2.116240915086e+01,1.581915869008e-03
4.843847604614e-03,2.405025346091e+01,7.108702609568e+00,9.522028271160e+04,2.160802769768e+03,2.116584009995e+01,1.580096684975e-03
4.844025302728e-03,2.404508126454e+01,7.107488203796e+00,9.532909255011e+04,2.160452419221e+03,2.116927246742e+01,1.578279146108e-03
4.844202812994e-03,2.403990862016e+01,7.106272963890e+00,9.543804300008e+04,2.160102037418e+03,2.117270625467e+01,1.576463260984e-03
4.844380135593e-03,2.403473552726e+01,7.105056889979e+00,9.554713518173e+04,2.159751624327e+03,2.117614146285e+01,1.574649013470e-03
4.844557270733e-03,2.402956198454e+01,7.103839981722e+00,9.565636881450e+04,2.159401179861e+03,2.117957809366e+01,1.572836410540e-03
4.844734218590e-03,2.402438799169e+01,7.102622239083e+00,9.576574368188e+04,2.159050704002e+03,2.118301614812e+01,1.571025458070e-03
4.844910979355e-03,2.401921354786e+01,7.101403662157e+00,9.587526109368e+04,2.158700196695e+03,2.118645562762e+01,1.569216136952e-03
4.845087553232e-03,2.401403865184e+01,7.100184250527e+00,9.598492041166e+04,2.158349657857e+03,2.118989653381e+01,1.567408459965e-03
4.845263940405e-03,2.400886330306e+01,7.098964004143e+00,9.609472160512e+04,2.157999087456e+03,2.119333886785e+01,1.565602429918e-03
4.845440141057e-03,2.400368750092e+01,7.097742923202e+00,9.620466615362e+04,2.157648485450e+03,2.119678263100e+01,1.563798025098e-03
4.845616155397e-03,2.399851124403e+01,7.096521007194e+00,9.631475300571e+04,2.157297851747e+03,2.120022782502e+01,1.561995264916e-03
4.845791983598e-03,2.399333453208e+01,7.095298256128e+00,9.642498261271e+04,2.156947186330e+03,2.120367445091e+01,1.560194144348e-03
4.845967625860e-03,2.398815736399e+01,7.094074670045e+00,9.653535604521e+04,2.156596489126e+03,2.120712251025e+01,1.558394648460e-03
4.846143082357e-03,2.398297973939e+01,7.092850248716e+00,9.664587240479e+04,2.156245760113e+03,2.121057200412e+01,1.556596794069e-03
4.846318353302e-03,2.397780165678e+01,7.091624991911e+00,9.675653235283e+04,2.155894999192e+03,2.121402293433e+01,1.554800572826e-03
4.846493438876e-03,2.397262311557e+01,7.090398899696e+00,9.686733659070e+04,2.155544206323e+03,2.121747530212e+01,1.553005975832e-03
4.846668339259e-03,2.396744411523e+01,7.089171971843e+00,9.697828440065e+04,2.155193381474e+03,2.122092910868e+01,1.551213016900e-03
4.846843054641e-03,2.396226465491e+01,7.087944208324e+00,9.708937661751e+04,2.154842524590e+03,2.122438435541e+01,1.549421684992e-03
4.847017585226e-03,2.395708473334e+01,7.086715608949e+00,9.720061359302e+04,2.154491635585e+03,2.122784104400e+01,1.547631976849e-03
4.847191931194e-03,2.395190434997e+01,7.085486173524e+00,9.731199479003e+04,2.154140714426e+03,2.123129917565e+01,1.545843903316e-03
4.847366092729e-03,2.394672350411e+01,7.084255902114e+00,9.742352122945e+04,2.153789761067e+03,2.123475875165e+01,1.544057450510e-03
4.847540070031e-03,2.394154219453e+01,7.083024794431e+00,9.753519289327e+04,2.153438775426e+03,2.123821977369e+01,1.542272621046e-03
4.847713863276e-03,2.393636042083e+01,7.081792850365e+00,9.764700942366e+04,2.153087757480e+03,2.124168224286e+01,1.540489422871e-03
4.847887472647e-03,2.393117818233e+01,7.080560070039e+00,9.775897203342e+04,2.152736707185e+03,2.124514616045e+01,1.538707839199e-03
4.848060898362e-03,2.392599547725e+01,7.079326452921e+00,9.787108034238e+04,2.152385624420e+03,2.124861152852e+01,1.536927878319e-03
4.848234140581e-03,2.392081230565e+01,7.078091999059e+00,9.798333416782e+04,2.152034509194e+03,2.125207834785e+01,1.535149545385e-03
4.848407199494e-03,2.391562866659e+01,7.076856708573e+00,9.809573492330e+04,2.151683361445e+03,2.125554661993e+01,1.533372820610e-03
4.848580075301e-03,2.391044455885e+01,7.075620580969e+00,9.820828181129e+04,2.151332181091e+03,2.125901634642e+01,1.531597718750e-03
4.848752768180e-03,2.390525998188e+01,7.074383616181e+00,9.832097496872e+04,2.150980968098e+03,2.126248752854e+01,1.529824239941e-03
4.848925278323e-03,2.390007493469e+01,7.073145814338e+00,9.843381577937e+04,2.150629722400e+03,2.126596016779e+01,1.528052365022e-03
4.849097605901e-03,2.389488941694e+01,7.071907175129e+00,9.854680319831e+04,2.150278443977e+03,2.126943426528e+01,1.526282112494e-03
4.849269751128e-03,2.388970342691e+01,7.070667698231e+00,9.865993779625e+04,2.149927132715e+03,2.127290982298e+01,1.524513475781e-03
4.849441714181e-03,2.388451696415e+01,7.069427383824e+00,9.877322052135e+04,2.149575788585e+03,2.127638684207e+01,1.522746442595e-03
4.849613495220e-03,2.387933002850e+01,7.068186231689e+00,9.888665051170e+04,2.149224411578e+03,2.127986532350e+01,1.520981028495e-03
4.849785094465e-03,2.387414261816e+01,7.066944241542e+00,9.900022853708e+04,2.148873001576e+03,2.128334526934e+01,1.519217223919e-03
4.849956512102e-03,2.386895473227e+01,7.065701413349e+00,9.911395517078e+04,2.148521558520e+03,2.128682668102e+01,1.517455022409e-03
4.850127748279e-03,2.386376637114e+01,7.064457747058e+00,9.922782973014e+04,2.148170082436e+03,2.129030955920e+01,1.515694436683e-03
4.850298803234e-03,2.385857753231e+01,7.063213242284e+00,9.934185319985e+04,2.147818573158e+03,2.129379390637e+01,1.513935453993e-03
4.850469677109e-03,2.385338821629e+01,7.061967899199e+00,9.945602573362e+04,2.147467030723e+03,2.129727972307e+01,1.512178074315e-03
4.850640370115e-03,2.384819842143e+01,7.060721717335e+00,9.957034688470e+04,2.147115455021e+03,2.130076701126e+01,1.510422306695e-03
4.850810882424e-03,2.384300814725e+01,7.059474696853e+00,9.968481779655e+04,2.146763846022e+03,2.130425577213e+01,1.508668136104e-03
4.850981214219e-03,2.383781739299e+01,7.058226837485e+00,9.979943825618e+04,2.146412203678e+03,2.130774600705e+01,1.506915568054e-03
4.851151365697e-03,2.383262615743e+01,7.056978138925e+00,9.991420800282e+04,2.146060527907e+03,2.131123771771e+01,1.505164608733e-03
4.851321337043e-03,2.382743443969e+01,7.055728601306e+00,1.000291283944e+05,2.145708818652e+03,2.131473090557e+01,1.503415240016e-03
4.851491128419e-03,2.382224223960e+01,7.054478224364e+00,1.001441988046e+05,2.145357075903e+03,2.131822557161e+01,1.501667473581e-03
4.851660740041e-03,2.381704955533e+01,7.053227007708e+00,1.002594191841e+05,2.145005299540e+03,2.132172171794e+01,1.499921312409e-03
4.851830172063e-03,2.381185638695e+01,7.051974951777e+00,1.003747910781e+05,2.144653489569e+03,2.132521934536e+01,1.498176735740e-03
4.851999424696e-03,2.380666273278e+01,7.050722055856e+00,1.004903134188e+05,2.144301645877e+03,2.132871845591e+01,1.496433761750e-03
4.852168498103e-03,2.380146859261e+01,7.049468319950e+00,1.006059866440e+05,2.143949768454e+03,2.133221905057e+01,1.494692386158e-03
4.852337392483e-03,2.379627396505e+01,7.048213744093e+00,1.007218119215e+05,2.143597857207e+03,2.133572113117e+01,1.492952593958e-03
4.852506108000e-03,2.379107884989e+01,7.046958327973e+00,1.008377882832e+05,2.143245912125e+03,2.133922469873e+01,1.491214401738e-03
4.852674644864e-03,2.378588324540e+01,7.045702071291e+00,1.009539164425e+05,2.142893933092e+03,2.134272975527e+01,1.489477801196e-03
4.852843003224e-03,2.378068715179e+01,7.044444974333e+00,1.010701971196e+05,2.142541920125e+03,2.134623630155e+01,1.487742784032e-03
4.853011183299e-03,2.377549056707e+01,7.043187036419e+00,1.011866295863e+05,2.142189873091e+03,2.134974433980e+01,1.486009363190e-03
4.853179185249e-03,2.377029349107e+01,7.041928257703e+00,1.013032147320e+05,2.141837791982e+03,2.135325387098e+01,1.484277527881e-03
4.853347009251e-03,2.376509592311e+01,7.040668638108e+00,1.014199528861e+05,2.141485676753e+03,2.135676489646e+01,1.482547275573e-03
4.853514655512e-03,2.375989786156e+01,7.039408177106e+00,1.015368435157e+05,2.141133527295e+03,2.136027741821e+01,1.480818616279e-03
4.853682124202e-03,2.375469930591e+01,7.038146874851e+00,1.016538877314e+05,2.140781343579e+03,2.136379143746e+01,1.479091536091e-03
4.853849415492e-03,2.374950025561e+01,7.036884731136e+00,1.017710854434e+05,2.140429125566e+03,2.136730695548e+01,1.477366038582e-03
4.854016529568e-03,2.374430070971e+01,7.035621745674e+00,1.018884363095e+05,2.140076873196e+03,2.137082397379e+01,1.475642130943e-03
4.854183466637e-03,2.373910066652e+01,7.034357918410e+00,1.020059416839e+05,2.139724586358e+03,2.137434249441e+01,1.473919795863e-03
4.854350226839e-03,2.373390012647e+01,7.033093249213e+00,1.021236010320e+05,2.139372265081e+03,2.137786251797e+01,1.472199043307e-03
4.854516810387e-03,2.372869908768e+01,7.031827737650e+00,1.022414142415e+05,2.139019909241e+03,2.138138404659e+01,1.470479877110e-03
4.854683217456e-03,2.372349754947e+01,7.030561383988e+00,1.023593828642e+05,2.138667518795e+03,2.138490708165e+01,1.468762277281e-03
4.854849448217e-03,2.371829551125e+01,7.029294187738e+00,1.024775059068e+05,2.138315093703e+03,2.138843162445e+01,1.467046260288e-03
4.855015502842e-03,2.371309297245e+01,7.028026148808e+00,1.025957836853e+05,2.137962633932e+03,2.139195767624e+01,1.465331823815e-03
4.855181381554e-03,2.370788993086e+01,7.026757267072e+00,1.027142175360e+05,2.137610139332e+03,2.139548523944e+01,1.463618951102e-03
4.855347084479e-03,2.370268638728e+01,7.025487542398e+00,1.028328063908e+05,2.137257609960e+03,2.139901431439e+01,1.461907659580e-03
4.855512611845e-03,2.369748233936e+01,7.024216974308e+00,1.029515509570e+05,2.136905045660e+03,2.140254490359e+01,1.460197941402e-03
4.855677963802e-03,2.369227778713e+01,7.022945563091e+00,1.030704520636e+05,2.136552446436e+03,2.140607700791e+01,1.458489787126e-03
4.855843140534e-03,2.368707272961e+01,7.021673308253e+00,1.031895088951e+05,2.136199812223e+03,2.140961062893e+01,1.456783210485e-03
4.856008142225e-03,2.368186716576e+01,7.020400209725e+00,1.033087223512e+05,2.135847142954e+03,2.141314576824e+01,1.455078201020e-03
4.856172969066e-03,2.367666109436e+01,7.019126267318e+00,1.034280928557e+05,2.135494438549e+03,2.141668242759e+01,1.453374755033e-03
4.856337621214e-03,2.367145451519e+01,7.017851480802e+00,1.035476197906e+05,2.135141698994e+03,2.142022060802e+01,1.451672883409e-03
4.856502098856e-03,2.366624742710e+01,7.016575850171e+00,1.036673042837e+05,2.134788924215e+03,2.142376031121e+01,1.449972572596e-03
4.856666402192e-03,2.366103982860e+01,7.015299374989e+00,1.037871463252e+05,2.134436114113e+03,2.142730153910e+01,1.448273824970e-03
4.856830531369e-03,2.365583171978e+01,7.014022055186e+00,1.039071455076e+05,2.134083268695e+03,2.143084429254e+01,1.446576648417e-03
4.856994486581e-03,2.365062309925e+01,7.012743890790e+00,1.040273031935e+05,2.133730387871e+03,2.143438857335e+01,1.444881026249e-03
4.857158268008e-03,2.364541396607e+01,7.011464881312e+00,1.041476189138e+05,2.133377471579e+03,2.143793438312e+01,1.443186967187e-03
4.857321875826e-03,2.364020431944e+01,7.010185026559e+00,1.042680925020e+05,2.133024519768e+03,2.144148172328e+01,1.441494475731e-03
4.857485310211e-03,2.363499415851e+01,7.008904326776e+00,1.043887255414e+05,2.132671532381e+03,2.144503059534e+01,1.439803532304e-03
4.857648571350e-03,2.362978348214e+01,7.007622781293e+00,1.045095170640e+05,2.132318509345e+03,2.144858100098e+01,1.438114152429e-03
4.857811659411e-03,2.362457228970e+01,7.006340389989e+00,1.046304673570e+05,2.131965450619e+03,2.145213294154e+01,1.436426334345e-03
4.857974574566e-03,2.361936058049e+01,7.005057153143e+00,1.047515777862e+05,2.131612356158e+03,2.145568641843e+01,1.434740061614e-03
4.858137317010e-03,2.361414835302e+01,7.003773069999e+00,1.048728472957e+05,2.131259225862e+03,2.145924143358e+01,1.433055350862e-03
4.858299886914e-03,2.360893560664e+01,7.002488140490e+00,1.049942765699e+05,2.130906059693e+03,2.146279798834e+01,1.431372194934e-03
4.858462284432e-03,2.360372234119e+01,7.001202364872e+00,1.051158664745e+05,2.130552857639e+03,2.146635608377e+01,1.429690584317e-03
4.858624509783e-03,2.359850855439e+01,6.999915742288e+00,1.052376161955e+05,2.130199619549e+03,2.146991572232e+01,1.428010532243e-03
4.858786563124e-03,2.359329424596e+01,6.998628272855e+00,1.053595266444e+05,2.129846345407e+03,2.147347690511e+01,1.426332028564e-03
4.858948444621e-03,2.358807941535e+01,6.997339956545e+00,1.054815982366e+05,2.129493035179e+03,2.147703963344e+01,1.424655069910e-03
4.859110154454e-03,2.358286406157e+01,6.996050792903e+00,1.056038303558e+05,2.129139688799e+03,2.148060390892e+01,1.422979666770e-03
4.859271692818e-03,2.357764818306e+01,6.994760781834e+00,1.057262241817e+05,2.128786306164e+03,2.148416973355e+01,1.421305805487e-03
4.859433059867e-03,2.357243177967e+01,6.993469923201e+00,1.058487796555e+05,2.128432887265e+03,2.148773710835e+01,1.419633489067e-03
4.859594255796e-03,2.356721484986e+01,6.992178216516e+00,1.059714964032e+05,2.128079432004e+03,2.149130603530e+01,1.417962724690e-03
4.859755280760e-03,2.356199739337e+01,6.990885662107e+00,1.060943758167e+05,2.127725940362e+03,2.149487651552e+01,1.416293496004e-03
4.859916134946e-03,2.355677940894e+01,6.989592259353e+00,1.062174173908e+05,2.127372412257e+03,2.149844855081e+01,1.414625811921e-03
4.860076818539e-03,2.355156089533e+01,6.988298007935e+00,1.063406209786e+05,2.127018847610e+03,2.150202214292e+01,1.412959676567e-03
4.860237331688e-03,2.354634185251e+01,6.987002908352e+00,1.064639882119e+05,2.126665246418e+03,2.150559729285e+01,1.411295070558e-03
4.860397674598e-03,2.354112227852e+01,6.985706959662e+00,1.065875180603e+05,2.126311608552e+03,2.150917400286e+01,1.409632009688e-03
4.860557847429e-03,2.353590217304e+01,6.984410161800e+00,1.067112108840e+05,2.125957933993e+03,2.151275227410e+01,1.407970491359e-03
4.860717850357e-03,2.353068153501e+01,6.983112514982e+00,1.068350680268e+05,2.125604222672e+03,2.151633210825e+01,1.406310500135e-03
4.860877683549e-03,2.352546036382e+01,6.981814018621e+00,1.069590884106e+05,2.125250474549e+03,2.151991350666e+01,1.404652052343e-03
4.861037347196e-03,2.352023865797e+01,6.980514672447e+00,1.070832727982e+05,2.124896689527e+03,2.152349647131e+01,1.402995140135e-03
4.861196841450e-03,2.351501641732e+01,6.979214476709e+00,1.072076220058e+05,2.124542867597e+03,2.152708100323e+01,1.401339755088e-03
4.861356166519e-03,2.350979363976e+01,6.977913430555e+00,1.073321352275e+05,2.124189008619e+03,2.153066710482e+01,1.399685909862e-03
4.861515322545e-03,2.350457032547e+01,6.976611534243e+00,1.074568134351e+05,2.123835112609e+03,2.153425477690e+01,1.398033593995e-03
4.861674309719e-03,2.349934647295e+01,6.975308787460e+00,1.075816569916e+05,2.123481179466e+03,2.153784402145e+01,1.396382804978e-03
4.861833128201e-03,2.349412208170e+01,6.974005189862e+00,1.077066652931e+05,2.123127209160e+03,2.154143483976e+01,1.394733552794e-03
4.861991778175e-03,2.348889715046e+01,6.972700741461e+00,1.078318395983e+05,2.122773201607e+03,2.154502723365e+01,1.393085823369e-03
4.862150259827e-03,2.348367167788e+01,6.971395441748e+00,1.079571797743e+05,2.122419156719e+03,2.154862120500e+01,1.391439620592e-03
4.862308573297e-03,2.347844566412e+01,6.970089290657e+00,1.080826854448e+05,2.122065074510e+03,2.155221675465e+01,1.389794951466e-03
4.862466718775e-03,2.347321910768e+01,6.968782288260e+00,1.082083581305e+05,2.121710954880e+03,2.155581388458e+01,1.388151798688e-03
4.862624696439e-03,2.346799200746e+01,6.967474433867e+00,1.083341971931e+05,2.121356797756e+03,2.155941259653e+01,1.386510172577e-03
4.862782506468e-03,2.346276436231e+01,6.966165727200e+00,1.084602025349e+05,2.121002603066e+03,2.156301289221e+01,1.384870076529e-03
4.862940149010e-03,2.345753617210e+01,6.964856168799e+00,1.085863759031e+05,2.120648370801e+03,2.156661477269e+01,1.383231490525e-03
4.863097624260e-03,2.345230743517e+01,6.963545757701e+00,1.087127160744e+05,2.120294100851e+03,2.157021824008e+01,1.381594432250e-03
4.863254932378e-03,2.344707815094e+01,6.962234493767e+00,1.088392236161e+05,2.119939793180e+03,2.157382329573e+01,1.379958896629e-03
4.863412073534e-03,2.344184831855e+01,6.960922377253e+00,1.089658997335e+05,2.119585447733e+03,2.157742994121e+01,1.378324870654e-03
4.863569047925e-03,2.343661793625e+01,6.959609407274e+00,1.090927434171e+05,2.119231064393e+03,2.158103817867e+01,1.376692369198e-03
4.863725855677e-03,2.343138700456e+01,6.958295584086e+00,1.092197554860e+05,2.118876643199e+03,2.158464800873e+01,1.375061384092e-03
4.863882497000e-03,2.342615552131e+01,6.956980907371e+00,1.093469366665e+05,2.118522184005e+03,2.158825943385e+01,1.373431908413e-03
4.864038972061e-03,2.342092348566e+01,6.955665376589e+00,1.094742861783e+05,2.118167686757e+03,2.159187245559e+01,1.371803954076e-03
4.864195280997e-03,2.341569089785e+01,6.954348992061e+00,1.096018051100e+05,2.117813151475e+03,2.159548707473e+01,1.370177509636e-03
4.864351424033e-03,2.341045775507e+01,6.953031753043e+00,1.097294936901e+05,2.117458577970e+03,2.159910329421e+01,1.368552574406e-03
4.864507401303e-03,2.340522405761e+01,6.951713659408e+00,1.098573513647e+05,2.117103966266e+03,2.160272111478e+01,1.366929157419e-03
4.864663212978e-03,2.339998980458e+01,6.950394711317e+00,1.099853795175e+05,2.116749316304e+03,2.160634053805e+01,1.365307243679e-03
4.864818859239e-03,2.339475499456e+01,6.949074908119e+00,1.101135778215e+05,2.116394627991e+03,2.160996156596e+01,1.363686839374e-03
4.864974340256e-03,2.338951962672e+01,6.947754249524e+00,1.102419460085e+05,2.116039901273e+03,2.161358420006e+01,1.362067949948e-03
4.865129656214e-03,2.338428369953e+01,6.946432735674e+00,1.103704857486e+05,2.115685136050e+03,2.161720844240e+01,1.360450557019e-03
4.865284807233e-03,2.337904721374e+01,6.945110366236e+00,1.104991960948e+05,2.115330332372e+03,2.162083429344e+01,1.358834674357e-03
4.865439793542e-03,2.337381016644e+01,6.943787140482e+00,1.106280772693e+05,2.114975490050e+03,2.162446175616e+01,1.357220301339e-03
4.865594615277e-03,2.336857255774e+01,6.942463059000e+00,1.107571308348e+05,2.114620609090e+03,2.162809083148e+01,1.355607421068e-03
4.865749272608e-03,2.336333438671e+01,6.941138120994e+00,1.108863555893e+05,2.114265689433e+03,2.163172152103e+01,1.353996050329e-03
4.865903765721e-03,2.335809565183e+01,6.939812326133e+00,1.110157522814e+05,2.113910730979e+03,2.163535382684e+01,1.352386182102e-03
4.866058094775e-03,2.335285635246e+01,6.938485674635e+00,1.111453219001e+05,2.113555733687e+03,2.163898775034e+01,1.350777806580e-03
4.866212259938e-03,2.334761648769e+01,6.937158165833e+00,1.112750635054e+05,2.113200697497e+03,2.164262329317e+01,1.349170937265e-03
4.866366261380e-03,2.334237605649e+01,6.935829799663e+00,1.114049781084e+05,2.112845622344e+03,2.164626045701e+01,1.347565564058e-03
4.866520099263e-03,2.333713505818e+01,6.934500576049e+00,1.115350661626e+05,2.112490508182e+03,2.164989924333e+01,1.345961683655e-03
4.866673773783e-03,2.333189349080e+01,6.933170494194e+00,1.116653270198e+05,2.112135354884e+03,2.165353965450e+01,1.344359305964e-03
4.866827285070e-03,2.332665135469e+01,6.931839554527e+00,1.117957619356e+05,2.111780162474e+03,2.165718169124e+01,1.342758418066e-03
4.866980633324e-03,2.332140864782e+01,6.930507756336e+00,1.119263708532e+05,2.111424930817e+03,2.166082535600e+01,1.341159022766e-03
4.867133818685e-03,2.331616537018e+01,6.929175099461e+00,1.120571533451e+05,2.111069659916e+03,2.166447064975e+01,1.339561127292e-03
4.867286841343e-03,2.331092152006e+01,6.927841583956e+00,1.121881110010e+05,2.110714349657e+03,2.166811757469e+01,1.337964714856e-03
4.867439701460e-03,2.330567709661e+01,6.926507209113e+00,1.123192431821e+05,2.110358999986e+03,2.167176613242e+01,1.336369795154e-03
4.867592399200e-03,2.330043209908e+01,6.925171974724e+00,1.124505497533e+05,2.110003610855e+03,2.167541632445e+01,1.334776371902e-03
4.867744934733e-03,2.329518652631e+01,6.923835881141e+00,1.125820325769e+05,2.109648182187e+03,2.167906815259e+01,1.333184425250e-03
4.867897308219e-03,2.328994037762e+01,6.922498927528e+00,1.127136903493e+05,2.109292713939e+03,2.168272161834e+01,1.331593972682e-03
4.868049519829e-03,2.328469365191e+01,6.921161113600e+00,1.128455236883e+05,2.108937206040e+03,2.168637672344e+01,1.330005008990e-03
4.868201569750e-03,2.327944634750e+01,6.919822439438e+00,1.129775338631e+05,2.108581658378e+03,2.169003347008e+01,1.328417521454e-03
4.868353458122e-03,2.327419846427e+01,6.918482904480e+00,1.131097197776e+05,2.108226070949e+03,2.169369185936e+01,1.326831525019e-03
4.868505185124e-03,2.326895000090e+01,6.917142508528e+00,1.132420823696e+05,2.107870443666e+03,2.169735189320e+01,1.325247010806e-03
4.868656750899e-03,2.326370095719e+01,6.915801251741e+00,1.133746223042e+05,2.107514776516e+03,2.170101357276e+01,1.323663973223e-03
4.868808155657e-03,2.325845133061e+01,6.914459133088e+00,1.135073388241e+05,2.107159069333e+03,2.170467690082e+01,1.322082423162e-03
4.868959399526e-03,2.325320112152e+01,6.913116152960e+00,1.136402331156e+05,2.106803322144e+03,2.170834187812e+01,1.320502348975e-03
4.869110482702e-03,2.324795032790e+01,6.911772310733e+00,1.137733053211e+05,2.106447534814e+03,2.171200850711e+01,1.318923751129e-03
4.869261405318e-03,2.324269894985e+01,6.910427606203e+00,1.139065548984e+05,2.106091707353e+03,2.171567678873e+01,1.317346637991e-03
4.869412167576e-03,2.323744698518e+01,6.909082039264e+00,1.140399833944e+05,2.105735839615e+03,2.171934672554e+01,1.315770993855e-03
4.869562769603e-03,2.323219443423e+01,6.907735609578e+00,1.141735903138e+05,2.105379931626e+03,2.172301831830e+01,1.314196826516e-03
4.869713211583e-03,2.322694129531e+01,6.906388316635e+00,1.143073754461e+05,2.105023983275e+03,2.172669156923e+01,1.312624140475e-03
4.869863493700e-03,2.322168756679e+01,6.905040160644e+00,1.144413406232e+05,2.104667994454e+03,2.173036648049e+01,1.311052916923e-03
4.870013616089e-03,2.321643324876e+01,6.903691140967e+00,1.145754846988e+05,2.104311965172e+03,2.173404305305e+01,1.309483171029e-03
4.870163578934e-03,2.321117833951e+01,6.902341257152e+00,1.147098080878e+05,2.103955895317e+03,2.173772128910e+01,1.307914900123e-03
4.870313382373e-03,2.320592283896e+01,6.900990509753e+00,1.148443122431e+05,2.103599784884e+03,2.174140118977e+01,1.306348089877e-03
4.870463026610e-03,2.320066674477e+01,6.899638897557e+00,1.149789960171e+05,2.103243633719e+03,2.174508275770e+01,1.304782755359e-03
4.870612511788e-03,2.319541005670e+01,6.898286420584e+00,1.151138602705e+05,2.102887441808e+03,2.174876599410e+01,1.303218888906e-03
4.870761838067e-03,2.319015277386e+01,6.896933078919e+00,1.152489058496e+05,2.102531209094e+03,2.175245090061e+01,1.301656483118e-03
4.870911005608e-03,2.318489489536e+01,6.895578871870e+00,1.153841318615e+05,2.102174935520e+03,2.175613747892e+01,1.300095550118e-03
4.871060014596e-03,2.317963641946e+01,6.894223799254e+00,1.155195395088e+05,2.101818620970e+03,2.175982573125e+01,1.298536078486e-03
4.871208865176e-03,2.317437734583e+01,6.892867860943e+00,1.156551290296e+05,2.101462265425e+03,2.176351565889e+01,1.296978067670e-03
4.871357557514e-03,2.316911767335e+01,6.891511056363e+00,1.157908998307e+05,2.101105868812e+03,2.176720726366e+01,1.295421526372e-03
4.871506091779e-03,2.316385740080e+01,6.890153385637e+00,1.159268534102e+05,2.100749431053e+03,2.177090054745e+01,1.293866440000e-03
4.871654468146e-03,2.315859652680e+01,6.888794848013e+00,1.160629894303e+05,2.100392952054e+03,2.177459551228e+01,1.292312814383e-03
4.871802686750e-03,2.315333505132e+01,6.887435443364e+00,1.161993075686e+05,2.100036431818e+03,2.177829215921e+01,1.290760655178e-03
4.871950747772e-03,2.314807297270e+01,6.886075171888e+00,1.163358096474e+05,2.099679870236e+03,2.178199049045e+01,1.289209944351e-03
4.872098651350e-03,2.314281029079e+01,6.884714032869e+00,1.164724946288e+05,2.099323267299e+03,2.178569050715e+01,1.287660695416e-03
4.872246397712e-03,2.313754700226e+01,6.883352025417e+00,1.166093628389e+05,2.098966622785e+03,2.178939221271e+01,1.286112906815e-03
4.872393986939e-03,2.313228310901e+01,6.881989150664e+00,1.167464158276e+05,2.098609936827e+03,2.179309560683e+01,1.284566563696e-03
4.872541419235e-03,2.312701860855e+01,6.880625407270e+00,1.168836523758e+05,2.098253209257e+03,2.179680069232e+01,1.283021681458e-03
4.872688694777e-03,2.312175349930e+01,6.879260794887e+00,1.170210733609e+05,2.097896439973e+03,2.180050747135e+01,1.281478252539e-03
4.872835813688e-03,2.311648778163e+01,6.877895313977e+00,1.171586796979e+05,2.097539629001e+03,2.180421594470e+01,1.279936269108e-03
4.872982776153e-03,2.311122145369e+01,6.876528963546e+00,1.172964704549e+05,2.097182776220e+03,2.180792611474e+01,1.278395743348e-03
4.873129582342e-03,2.310595451418e+01,6.875161743503e+00,1.174344468205e+05,2.096825881546e+03,2.181163798343e+01,1.276856664419e-03
4.873276232388e-03,2.310068696309e+01,6.873793653835e+00,1.175726090972e+05,2.096468944978e+03,2.181535155186e+01,1.275319031148e-03
4.873422726484e-03,2.309541879826e+01,6.872424693653e+00,1.177109566695e+05,2.096111966376e+03,2.181906682259e+01,1.273782852229e-03
4.873569064753e-03,2.309015002003e+01,6.871054863480e+00,1.178494910060e+05,2.095754945765e+03,2.182278379645e+01,1.272248113934e-03
4.873715247397e-03,2.308488062592e+01,6.869684162278e+00,1.179882118428e+05,2.095397882978e+03,2.182650247625e+01,1.270714821145e-03
4.873861274559e-03,2.307961061549e+01,6.868312589787e+00,1.181271188323e+05,2.095040777991e+03,2.183022286338e+01,1.269182979649e-03
4.874007146396e-03,2.307433998791e+01,6.866940146430e+00,1.182662138008e+05,2.094683630750e+03,2.183394495947e+01,1.267652572025e-03
4.874152863056e-03,2.306906874258e+01,6.865566831344e+00,1.184054957416e+05,2.094326441216e+03,2.183766876603e+01,1.266123611050e-03
4.874298424750e-03,2.306379687661e+01,6.864192643737e+00,1.185449649341e+05,2.093969209198e+03,2.184139428617e+01,1.264596095770e-03
4.874443831572e-03,2.305852439139e+01,6.862817584645e+00,1.186846230086e+05,2.093611934793e+03,2.184512151996e+01,1.263070011019e-03
4.874589083740e-03,2.305325128374e+01,6.861441652493e+00,1.188244687223e+05,2.093254617787e+03,2.184885047075e+01,1.261545371980e-03
4.874734181355e-03,2.304797755486e+01,6.860064847640e+00,1.189645028979e+05,2.092897258266e+03,2.185258113874e+01,1.260022171992e-03
4.874879124630e-03,2.304270320169e+01,6.858687169677e+00,1.191047265714e+05,2.092539856025e+03,2.185631352720e+01,1.258500402226e-03
4.875023913718e-03,2.303742822348e+01,6.857308617858e+00,1.192451387535e+05,2.092182411017e+03,2.186004763771e+01,1.256980075130e-03
4.875168548738e-03,2.303215262062e+01,6.855929192531e+00,1.193857406215e+05,2.091824923270e+03,2.186378347109e+01,1.255461180402e-03
4.875313029884e-03,2.302687639087e+01,6.854548893097e+00,1.195265325384e+05,2.091467392637e+03,2.186752103000e+01,1.253943716307e-03
4.875457357315e-03,2.302159953311e+01,6.853167718906e+00,1.196675138477e+05,2.091109819044e+03,2.187126031632e+01,1.252427691739e-03
4.875601531179e-03,2.301632204675e+01,6.851785670263e+00,1.198086860902e+05,2.090752202455e+03,2.187500133155e+01,1.250913092715e-03
4.875745551637e-03,2.301104393063e+01,6.850402746427e+00,1.199500489399e+05,2.090394542794e+03,2.187874407760e+01,1.249399924658e-03
4.875889418846e-03,2.300576518381e+01,6.849018947001e+00,1.200916020629e+05,2.090036840001e+03,2.188248855623e+01,1.247888193073e-03
4.876033132968e-03,2.300048580507e+01,6.847634272344e+00,1.202333473588e+05,2.089679093996e+03,2.188623476937e+01,1.246377880402e-03
4.876176694157e-03,2.299520579352e+01,6.846248721455e+00,1.203752837606e+05,2.089321304721e+03,2.188998271878e+01,1.244868999672e-03
4.876320102577e-03,2.298992514795e+01,6.844862293973e+00,1.205174115697e+05,2.088963472099e+03,2.189373240638e+01,1.243361549789e-03
4.876463358402e-03,2.298464386669e+01,6.843474990141e+00,1.206597324783e+05,2.088605596019e+03,2.189748383447e+01,1.241855515487e-03
4.876606461750e-03,2.297936195013e+01,6.842086809287e+00,1.208022451418e+05,2.088247676509e+03,2.190123700386e+01,1.240350912565e-03
4.876749412794e-03,2.297407939672e+01,6.840697751067e+00,1.209449505134e+05,2.087889713471e+03,2.190499191675e+01,1.238847733276e-03
4.876892211723e-03,2.296879620416e+01,6.839307815234e+00,1.210878495649e+05,2.087531706749e+03,2.190874857587e+01,1.237345969797e-03
4.877034858664e-03,2.296351237256e+01,6.837917001250e+00,1.212309412930e+05,2.087173656353e+03,2.191250698226e+01,1.235845634361e-03
4.877177353758e-03,2.295822790147e+01,6.836525309284e+00,1.213742269693e+05,2.086815562259e+03,2.191626713732e+01,1.234346716096e-03
4.877319697215e-03,2.295294278783e+01,6.835132738447e+00,1.215177069044e+05,2.086457424262e+03,2.192002904434e+01,1.232849213894e-03
4.877461889137e-03,2.294765703267e+01,6.833739288657e+00,1.216613804078e+05,2.086099242433e+03,2.192379270369e+01,1.231353136768e-03
4.877603929723e-03,2.294237063332e+01,6.832344959720e+00,1.218052491655e+05,2.085741016596e+03,2.192755811838e+01,1.229858469773e-03
4.877745819087e-03,2.293708359032e+01,6.830949751245e+00,1.219493126982e+05,2.085382746790e+03,2.193132528915e+01,1.228365219750e-03
4.877887557438e-03,2.293179590068e+01,6.829553662312e+00,1.220935707675e+05,2.085024432816e+03,2.193509421921e+01,1.226873391095e-03
4.878029144895e-03,2.292650756466e+01,6.828156693734e+00,1.222380253385e+05,2.084666074695e+03,2.193886490951e+01,1.225382966254e-03
4.878170581622e-03,2.292121858093e+01,6.826758844312e+00,1.223826751893e+05,2.084307672339e+03,2.194263736211e+01,1.223893959408e-03
4.878311867779e-03,2.291592894833e+01,6.825360113682e+00,1.225275208010e+05,2.083949225674e+03,2.194641157895e+01,1.222406367751e-03
4.878453003514e-03,2.291063866598e+01,6.823960502279e+00,1.226725637271e+05,2.083590734644e+03,2.195018756177e+01,1.220920177963e-03
4.878593988997e-03,2.290534773233e+01,6.822560008917e+00,1.228178027098e+05,2.083232199145e+03,2.195396531281e+01,1.219435404494e-03
4.878734824371e-03,2.290005614676e+01,6.821158633536e+00,1.229632387771e+05,2.082873619141e+03,2.195774483361e+01,1.217952039175e-03
4.878875509794e-03,2.289476390816e+01,6.819756376112e+00,1.231088727412e+05,2.082514994558e+03,2.196152612611e+01,1.216470076073e-03
4.879016045435e-03,2.288947101482e+01,6.818353235648e+00,1.232547036974e+05,2.082156325283e+03,2.196530919265e+01,1.214989526078e-03
4.879156431415e-03,2.288417746707e+01,6.816949212572e+00,1.234007330129e+05,2.081797611344e+03,2.196909403410e+01,1.213510377806e-03
4.879296667938e-03,2.287888326191e+01,6.815544305880e+00,1.235469608373e+05,2.081438852539e+03,2.197288065377e+01,1.212032631802e-03
4.879436755101e-03,2.287358840045e+01,6.814138515559e+00,1.236933865421e+05,2.081080048947e+03,2.197666905196e+01,1.210556296227e-03
4.879576693128e-03,2.286829287899e+01,6.812731841211e+00,1.238400119766e+05,2.080721200322e+03,2.198045923245e+01,1.209081355096e-03
4.879716482107e-03,2.286299669900e+01,6.811324282528e+00,1.239868364417e+05,2.080362306765e+03,2.198425119535e+01,1.207607817199e-03
4.879856122246e-03,2.285769985729e+01,6.809915838592e+00,1.241338597874e+05,2.080003368065e+03,2.198804494405e+01,1.206135685983e-03
4.879995613645e-03,2.285240235489e+01,6.808506510515e+00,1.242810841076e+05,2.079644384294e+03,2.199184047896e+01,1.204664943303e-03
4.880134956495e-03,2.284710418931e+01,6.807096296670e+00,1.244285079416e+05,2.079285355285e+03,2.199563780301e+01,1.203195605206e-03
4.880274150964e-03,2.284180535889e+01,6.805685196552e+00,1.245761320867e+05,2.078926280931e+03,2.199943691851e+01,1.201727665965e-03
4.880413197170e-03,2.283650586391e+01,6.804273210853e+00,1.247239578429e+05,2.078567161255e+03,2.200323782641e+01,1.200261115208e-03
4.880552095265e-03,2.283120570336e+01,6.802860338559e+00,1.248719840146e+05,2.078207996190e+03,2.200704052859e+01,1.198795966360e-03
4.880690845444e-03,2.282590487452e+01,6.801446579120e+00,1.250202118352e+05,2.077848785556e+03,2.201084502813e+01,1.197332209602e-03
4.880829447824e-03,2.282060337777e+01,6.800031932759e+00,1.251686418568e+05,2.077489529381e+03,2.201465132591e+01,1.195869841731e-03
4.880967902571e-03,2.281530121141e+01,6.798616398529e+00,1.253172732693e+05,2.077130227556e+03,2.201845942429e+01,1.194408872427e-03
4.881106209831e-03,2.280999837467e+01,6.797199976655e+00,1.254661076341e+05,2.076770880029e+03,2.202226932499e+01,1.192949288895e-03
4.881244369767e-03,2.280469486608e+01,6.795782666352e+00,1.256151448059e+05,2.076411486705e+03,2.202608103020e+01,1.191491094501e-03
4.881382382534e-03,2.279939068440e+01,6.794364467043e+00,1.257643843334e+05,2.076052047504e+03,2.202989454198e+01,1.190034295492e-03
4.881520248269e-03,2.279408582917e+01,6.792945379308e+00,1.259138281570e+05,2.075692562399e+03,2.203370986180e+01,1.188578875654e-03
4.881657967133e-03,2.278878029895e+01,6.791525401919e+00,1.260634753216e+05,2.075333031293e+03,2.203752699187e+01,1.187124845909e-03
4.881795539268e-03,2.278347409303e+01,6.790104534616e+00,1.262133259661e+05,2.074973454143e+03,2.204134593385e+01,1.185672206932e-03
4.881932964857e-03,2.277816720907e+01,6.788682777567e+00,1.263633820397e+05,2.074613830795e+03,2.204516669058e+01,1.184220942566e-03
4.882070244020e-03,2.277285964722e+01,6.787260129876e+00,1.265136420607e+05,2.074254161260e+03,2.204898926312e+01,1.182771068596e-03
4.882207376927e-03,2.276755140569e+01,6.785836591080e+00,1.266641070366e+05,2.073894445422e+03,2.205281365393e+01,1.181322577586e-03
4.882344363718e-03,2.276224248383e+01,6.784412161441e+00,1.268147780079e+05,2.073534683240e+03,2.205663986464e+01,1.179875461945e-03
4.882481204541e-03,2.275693288062e+01,6.782986840014e+00,1.269656539038e+05,2.073174874649e+03,2.206046789715e+01,1.178429733548e-03
4.882617899579e-03,2.275162259371e+01,6.781560626455e+00,1.271167361439e+05,2.072815019492e+03,2.206429775432e+01,1.176985381254e-03
4.882754448945e-03,2.274631162356e+01,6.780133520777e+00,1.272680249628e+05,2.072455117804e+03,2.206812943700e+01,1.175542404923e-03
4.882890852804e-03,2.274099996840e+01,6.778705522104e+00,1.274195196944e+05,2.072095169469e+03,2.207196294763e+01,1.174100812641e-03
4.883027111310e-03,2.273568762708e+01,6.777276630690e+00,1.275712221258e+05,2.071735174413e+03,2.207579828822e+01,1.172660590037e-03
4.883163224615e-03,2.273037459838e+01,6.775846845539e+00,1.277231317537e+05,2.071375132555e+03,2.207963546083e+01,1.171221743665e-03
4.883299192872e-03,2.272506088108e+01,6.774416166193e+00,1.278752482863e+05,2.071015043818e+03,2.208347446751e+01,1.169784278166e-03
4.883435016226e-03,2.271974647432e+01,6.772984593273e+00,1.280275739085e+05,2.070654908146e+03,2.208731531006e+01,1.168348175708e-03
4.883570694808e-03,2.271443137772e+01,6.771552125667e+00,1.281801071708e+05,2.070294725517e+03,2.209115798996e+01,1.166913451396e-03
4.883706228820e-03,2.270911558809e+01,6.770118762438e+00,1.283328488098e+05,2.069934495719e+03,2.209500251067e+01,1.165480100464e-03
4.883841618360e-03,2.270379910637e+01,6.768684504512e+00,1.284858002692e+05,2.069574218818e+03,2.209884887272e+01,1.164048111954e-03
4.883976863599e-03,2.269848193060e+01,6.767249350526e+00,1.286389602828e+05,2.069213894686e+03,2.210269707870e+01,1.162617499212e-03
4.884111964685e-03,2.269316405970e+01,6.765813300338e+00,1.287923300691e+05,2.068853523252e+03,2.210654713059e+01,1.161188253229e-03
4.884246921789e-03,2.268784549174e+01,6.764376353587e+00,1.289459103235e+05,2.068493104391e+03,2.211039903097e+01,1.159760369777e-03
4.884381735017e-03,2.268252622724e+01,6.762938509852e+00,1.290997001063e+05,2.068132638139e+03,2.211425278067e+01,1.158333859235e-03
4.884516404550e-03,2.267720626389e+01,6.761499768955e+00,1.292537010861e+05,2.067772124345e+03,2.211810838255e+01,1.156908708678e-03
4.884650930525e-03,2.267188560095e+01,6.760060130269e+00,1.294079131113e+05,2.067411562961e+03,2.212196583834e+01,1.155484921421e-03
4.884785313113e-03,2.266656423647e+01,6.758619592997e+00,1.295623357163e+05,2.067050953861e+03,2.212582515065e+01,1.154062503555e-03
4.884919552423e-03,2.266124217087e+01,6.757178157997e+00,1.297169709114e+05,2.066690297075e+03,2.212968632038e+01,1.152641439303e-03
4.885053648625e-03,2.265591940217e+01,6.755735823814e+00,1.298718176965e+05,2.066329592472e+03,2.213354935018e+01,1.151221739417e-03
4.885187601892e-03,2.265059592826e+01,6.754292589790e+00,1.300268762984e+05,2.065968839915e+03,2.213741424276e+01,1.149803403832e-03
4.885321412330e-03,2.264527174970e+01,6.752848456902e+00,1.301821486163e+05,2.065608039443e+03,2.214128099894e+01,1.148386417908e-03
4.885455080109e-03,2.263994686442e+01,6.751403423587e+00,1.303376331883e+05,2.065247190921e+03,2.214514962143e+01,1.146970796385e-03
4.885588605376e-03,2.263462127140e+01,6.749957489596e+00,1.304933310889e+05,2.064886294283e+03,2.214902011218e+01,1.145556531773e-03
4.885721988281e-03,2.262929496936e+01,6.748510654989e+00,1.306492433424e+05,2.064525349446e+03,2.215289247332e+01,1.144143617156e-03
4.885855228952e-03,2.262396795794e+01,6.747062918964e+00,1.308053688478e+05,2.064164356389e+03,2.215676670633e+01,1.142732064066e-03
4.885988327584e-03,2.261864023413e+01,6.745614281038e+00,1.309617091674e+05,2.063803314913e+03,2.216064281462e+01,1.141321860862e-03
4.886121284263e-03,2.261331179924e+01,6.744164741357e+00,1.311182644087e+05,2.063442225108e+03,2.216452079845e+01,1.139913008605e-03
4.886254099184e-03,2.260798265015e+01,6.742714298673e+00,1.312750339685e+05,2.063081086768e+03,2.216840066131e+01,1.138505514436e-03
4.886386772472e-03,2.260265278667e+01,6.741262953586e+00,1.314320197615e+05,2.062719899885e+03,2.217228240456e+01,1.137099363844e-03
4.886519304286e-03,2.259732220715e+01,6.739810704807e+00,1.315892211247e+05,2.062358664347e+03,2.217616603064e+01,1.135694564433e-03
4.886651694761e-03,2.259199091086e+01,6.738357552048e+00,1.317466378307e+05,2.061997380113e+03,2.218005154126e+01,1.134291120116e-03
4.886783944058e-03,2.258665889617e+01,6.736903495814e+00,1.319042722330e+05,2.061636047073e+03,2.218393893889e+01,1.132889012770e-03
4.886916052300e-03,2.258132616273e+01,6.735448534869e+00,1.320621226418e+05,2.061274665208e+03,2.218782822498e+01,1.131488258736e-03
4.887048019653e-03,2.257599270872e+01,6.733992668629e+00,1.322201900391e+05,2.060913234399e+03,2.219171940209e+01,1.130088851530e-03
4.887179846268e-03,2.257065853275e+01,6.732535897340e+00,1.323784757514e+05,2.060551754554e+03,2.219561247249e+01,1.128690781908e-03
4.887311532295e-03,2.256532363350e+01,6.731078219811e+00,1.325369785434e+05,2.060190225588e+03,2.219950743835e+01,1.127294062260e-03
4.887443077838e-03,2.255998801149e+01,6.729619636423e+00,1.326956997716e+05,2.059828647541e+03,2.220340430054e+01,1.125898683057e-03
4.887574483095e-03,2.255465166341e+01,6.728160146248e+00,1.328546399493e+05,2.059467020192e+03,2.220730306271e+01,1.124504641917e-03
4.887705748168e-03,2.254931458996e+01,6.726699748962e+00,1.330137982129e+05,2.059105343591e+03,2.221120372560e+01,1.123111948057e-03
4.887836873240e-03,2.254397678841e+01,6.725238444396e+00,1.331731764656e+05,2.058743617559e+03,2.221510629243e+01,1.121720587449e-03
4.887967858454e-03,2.253863825768e+01,6.723776231553e+00,1.333327742729e+05,2.058381842023e+03,2.221901076525e+01,1.120330565641e-03
4.888098703919e-03,2.253329899803e+01,6.722313110333e+00,1.334925912204e+05,2.058020017010e+03,2.222291714510e+01,1.118941888052e-03
4.888229409817e-03,2.252795900690e+01,6.720849080940e+00,1.336526296641e+05,2.057658142345e+03,2.222682543510e+01,1.117554537041e-03
4.888359976288e-03,2.252261828318e+01,6.719384141956e+00,1.338128881404e+05,2.057296217960e+03,2.223073563734e+01,1.116168526666e-03
4.888490403452e-03,2.251727682684e+01,6.717918293269e+00,1.339733673015e+05,2.056934243855e+03,2.223464775306e+01,1.114783853418e-03
4.888620691468e-03,2.251193463604e+01,6.716451535111e+00,1.341340687747e+05,2.056572219910e+03,2.223856178487e+01,1.113400505850e-03
4.888750840508e-03,2.250659170850e+01,6.714983865908e+00,1.342949912177e+05,2.056210145974e+03,2.224247773571e+01,1.112018496927e-03
4.888880850673e-03,2.250124804479e+01,6.713515285979e+00,1.344561359102e+05,2.055848022090e+03,2.224639560641e+01,1.110637818036e-03
4.889010722125e-03,2.249590364305e+01,6.712045794938e+00,1.346175035392e+05,2.055485848135e+03,2.225031539959e+01,1.109258465501e-03
4.889140455032e-03,2.249055850111e+01,6.710575391584e+00,1.347790932053e+05,2.055123623966e+03,2.225423711812e+01,1.107880448592e-03
4.889270049487e-03,2.248521261986e+01,6.709104076675e+00,1.349409066445e+05,2.054761349648e+03,2.225816076257e+01,1.106503755090e-03
4.889399505688e-03,2.247986599585e+01,6.707631848681e+00,1.351029436787e+05,2.054399024950e+03,2.226208633679e+01,1.105128388330e-03
4.889528823735e-03,2.247451862979e+01,6.706158707541e+00,1.352652037742e+05,2.054036649925e+03,2.226601384149e+01,1.103754354599e-03
4.889658003808e-03,2.246917051889e+01,6.704684653357e+00,1.354276892516e+05,2.053674224388e+03,2.226994327999e+01,1.102381637043e-03
4.889787046032e-03,2.246382166278e+01,6.703209684936e+00,1.355903988070e+05,2.053311748316e+03,2.227387465385e+01,1.101010248099e-03
4.889915950536e-03,2.245847206084e+01,6.701733802000e+00,1.357533328882e+05,2.052949221674e+03,2.227780796479e+01,1.099640186046e-03
4.890044717499e-03,2.245312171037e+01,6.700257004618e+00,1.359164933747e+05,2.052586644281e+03,2.228174321606e+01,1.098271437743e-03
4.890173347033e-03,2.244777061150e+01,6.698779291784e+00,1.360798787426e+05,2.052224016148e+03,2.228568040888e+01,1.096904017330e-03
4.890301839291e-03,2.244241876262e+01,6.697300663158e+00,1.362434902928e+05,2.051861337174e+03,2.228961954566e+01,1.095537916257e-03
4.890430194434e-03,2.243706616170e+01,6.695821118420e+00,1.364073288758e+05,2.051498607223e+03,2.229356062922e+01,1.094173129692e-03
4.890558412567e-03,2.243171280915e+01,6.694340657000e+00,1.365713934211e+05,2.051135826326e+03,2.229750366051e+01,1.092809668085e-03
4.890686493869e-03,2.242635870224e+01,6.692859278612e+00,1.367356857476e+05,2.050772994304e+03,2.230144864285e+01,1.091447518879e-03
4.890814438469e-03,2.242100384031e+01,6.691376982575e+00,1.369002057170e+05,2.050410111114e+03,2.230539557800e+01,1.090086685077e-03
4.890942246484e-03,2.241564822320e+01,6.689893768530e+00,1.370649527455e+05,2.050047176752e+03,2.230934446736e+01,1.088727173227e-03
4.891069918110e-03,2.241029184750e+01,6.688409636378e+00,1.372299291628e+05,2.049684190989e+03,2.231329531475e+01,1.087368966882e-03
4.891197453441e-03,2.240493471392e+01,6.686924585236e+00,1.373951337399e+05,2.049321153877e+03,2.231724812095e+01,1.086012077603e-03
4.891324852649e-03,2.239957682007e+01,6.685438614327e+00,1.375605668423e+05,2.048958065260e+03,2.232120288899e+01,1.084656504393e-03
4.891452115853e-03,2.239421816563e+01,6.683951724431e+00,1.377262304299e+05,2.048594925118e+03,2.232515962041e+01,1.083302233898e-03
4.891579243204e-03,2.238885874897e+01,6.682463913986e+00,1.378921229536e+05,2.048231733345e+03,2.232911831774e+01,1.081949280092e-03
4.891706234856e-03,2.238349856841e+01,6.680975182590e+00,1.380582457047e+05,2.047868489833e+03,2.233307898349e+01,1.080597634762e-03
4.891833090929e-03,2.237813762357e+01,6.679485530445e+00,1.382245995787e+05,2.047505194559e+03,2.233704161927e+01,1.079247292921e-03
4.891959811590e-03,2.237277591214e+01,6.677994956175e+00,1.383911835270e+05,2.047141847370e+03,2.234100622808e+01,1.077898264576e-03
4.892086396938e-03,2.236741343468e+01,6.676503460390e+00,1.385579992714e+05,2.046778448309e+03,2.234497281080e+01,1.076550538330e-03
4.892212847172e-03,2.236205018750e+01,6.675011041589e+00,1.387250468301e+05,2.046414997130e+03,2.234894137150e+01,1.075204115907e-03
4.892339162375e-03,2.235668617184e+01,6.673517699774e+00,1.388923255295e+05,2.046051493921e+03,2.235291191055e+01,1.073859004425e-03
4.892465342729e-03,2.235132138471e+01,6.672023434956e+00,1.390598377101e+05,2.045687938484e+03,2.235688443148e+01,1.072515187839e-03
4.892591388348e-03,2.234595582596e+01,6.670528245998e+00,1.392275822002e+05,2.045324330811e+03,2.236085893573e+01,1.071172676988e-03
4.892717299394e-03,2.234058949349e+01,6.669032132193e+00,1.393955593103e+05,2.044960670766e+03,2.236483542617e+01,1.069831471366e-03
4.892843076007e-03,2.233522238600e+01,6.667535094085e+00,1.395637711062e+05,2.044596958265e+03,2.236881390506e+01,1.068491557204e-03
4.892968718278e-03,2.232985450444e+01,6.666037130777e+00,1.397322159116e+05,2.044233193374e+03,2.237279437306e+01,1.067152949132e-03
4.893094226432e-03,2.232448584385e+01,6.664538240935e+00,1.399008951431e+05,2.043869375764e+03,2.237677683514e+01,1.065815638207e-03
4.893219600536e-03,2.231911640614e+01,6.663038425423e+00,1.400698096529e+05,2.043505505567e+03,2.238076129122e+01,1.064479619971e-03
4.893344840764e-03,2.231374618864e+01,6.661537682734e+00,1.402389583748e+05,2.043141582607e+03,2.238474774461e+01,1.063144904331e-03
4.893469947253e-03,2.230837519013e+01,6.660036012984e+00,1.404083431265e+05,2.042777606806e+03,2.238873619755e+01,1.061811479492e-03
4.893594920123e-03,2.230300341023e+01,6.658533415572e+00,1.405779638163e+05,2.042413578141e+03,2.239272665164e+01,1.060479348032e-03
4.893719759546e-03,2.229763084633e+01,6.657029889416e+00,1.407478198800e+05,2.042049496440e+03,2.239671911018e+01,1.059148516056e-03
4.893844465633e-03,2.229225749833e+01,6.655525435366e+00,1.409179136251e+05,2.041685361701e+03,2.240071357455e+01,1.057818968273e-03
4.893969038530e-03,2.228688336467e+01,6.654020051844e+00,1.410882438723e+05,2.041321173821e+03,2.240471004727e+01,1.056490715306e-03
4.894093478376e-03,2.228150844414e+01,6.652513738383e+00,1.412588109548e+05,2.040956932725e+03,2.240870853057e+01,1.055163756541e-03
4.894217785339e-03,2.227613273421e+01,6.651006495179e+00,1.414296169711e+05,2.040592638243e+03,2.241270902768e+01,1.053838078365e-03
4.894341959493e-03,2.227075623638e+01,6.649498321478e+00,1.416006602135e+05,2.040228290482e+03,2.241671153884e+01,1.052513695293e-03
4.894466001048e-03,2.226537894634e+01,6.647989216137e+00,1.417719421377e+05,2.039863889155e+03,2.242071606859e+01,1.051190598379e-03
4.894589910076e-03,2.226000086566e+01,6.646479179883e+00,1.419434635642e+05,2.039499434371e+03,2.242472261712e+01,1.049868783553e-03
4.894713686778e-03,2.225462199036e+01,6.644968210843e+00,1.421152234751e+05,2.039134925866e+03,2.242873118874e+01,1.048548260124e-03
4.894837331253e-03,2.224924232090e+01,6.643456309640e+00,1.422872237113e+05,2.038770363675e+03,2.243274178447e+01,1.047229016510e-03
4.894960843645e-03,2.224386185572e+01,6.641943475256e+00,1.424594641402e+05,2.038405747696e+03,2.243675440683e+01,1.045911055535e-03
4.895084224093e-03,2.223848059352e+01,6.640429707002e+00,1.426319441801e+05,2.038041077846e+03,2.244076905813e+01,1.044594383327e-03
4.895207472736e-03,2.223309853297e+01,6.638915005436e+00,1.428046662741e+05,2.037676354040e+03,2.244478574073e+01,1.043278984047e-03
4.895330589725e-03,2.222771567214e+01,6.637399368804e+00,1.429776291137e+05,2.037311576149e+03,2.244880445745e+01,1.041964869008e-03
4.895453575167e-03,2.222233201119e+01,6.635882797012e+00,1.431508331428e+05,2.036946744191e+03,2.245282520952e+01,1.040652036855e-03
4.895576429230e-03,2.221694754748e+01,6.634365290197e+00,1.433242803681e+05,2.036581857990e+03,2.245684800027e+01,1.039340475045e-03
4.895699152024e-03,2.221156228082e+01,6.632846847145e+00,1.434979691594e+05,2.036216917537e+03,2.246087283124e+01,1.038030197167e-03
4.895821743704e-03,2.220617620927e+01,6.631327467419e+00,1.436719009944e+05,2.035851922706e+03,2.246489970523e+01,1.036721194426e-03
4.895944204405e-03,2.220078933155e+01,6.629807150841e+00,1.438460766676e+05,2.035486873415e+03,2.246892862457e+01,1.035413463049e-03
4.896066534274e-03,2.219540164595e+01,6.628285896207e+00,1.440204951319e+05,2.035121769551e+03,2.247295959193e+01,1.034107012373e-03
4.896188733417e-03,2.219001315257e+01,6.626763704111e+00,1.441951583560e+05,2.034756611126e+03,2.247699260860e+01,1.032801830255e-03
4.896310801980e-03,2.218462384959e+01,6.625240573312e+00,1.443700660592e+05,2.034391398021e+03,2.248102767733e+01,1.031497920521e-03
4.896432740125e-03,2.217923373471e+01,6.623716502890e+00,1.445452177557e+05,2.034026130085e+03,2.248506480121e+01,1.030195288487e-03
4.896554547984e-03,2.217384280677e+01,6.622191493544e+00,1.447206160196e+05,2.033660807245e+03,2.248910398251e+01,1.028893917868e-03
4.896676225646e-03,2.216845106653e+01,6.620665544169e+00,1.448962592195e+05,2.033295429553e+03,2.249314522205e+01,1.027593822017e-03
4.896797773284e-03,2.216305851113e+01,6.619138653814e+00,1.450721481619e+05,2.032929996824e+03,2.249718852334e+01,1.026294997050e-03
4.896919191063e-03,2.215766513794e+01,6.617610822549e+00,1.452482846638e+05,2.032564508882e+03,2.250123388975e+01,1.024997432141e-03
4.897040479044e-03,2.215227094892e+01,6.616082049816e+00,1.454246670878e+05,2.032198965864e+03,2.250528132123e+01,1.023701140629e-03
4.897161637433e-03,2.214687593977e+01,6.614552334589e+00,1.456012971276e+05,2.031833367484e+03,2.250933082238e+01,1.022406112466e-03
4.897282666327e-03,2.214148011076e+01,6.613021676954e+00,1.457781753288e+05,2.031467713764e+03,2.251338239441e+01,1.021112345762e-03
4.897403565859e-03,2.213608346079e+01,6.611490075951e+00,1.459553007074e+05,2.031102004635e+03,2.251743603952e+01,1.019819849211e-03
4.897524336199e-03,2.213068598694e+01,6.609957531420e+00,1.461326754902e+05,2.030736239904e+03,2.252149176131e+01,1.018528609226e-03
4.897644977445e-03,2.212528768953e+01,6.608424042500e+00,1.463102990880e+05,2.030370419596e+03,2.252554956098e+01,1.017238631710e-03
4.897765489742e-03,2.211988856691e+01,6.606889608553e+00,1.464881710969e+05,2.030004543604e+03,2.252960944114e+01,1.015949921322e-03
4.897885873242e-03,2.211448861689e+01,6.605354230106e+00,1.466662943058e+05,2.029638611785e+03,2.253367140485e+01,1.014662460780e-03
4.898006128040e-03,2.210908783994e+01,6.603817905835e+00,1.468446667539e+05,2.029272624173e+03,2.253773545320e+01,1.013376265374e-03
4.898126254318e-03,2.210368623270e+01,6.602280634635e+00,1.470232896486e+05,2.028906580549e+03,2.254180159009e+01,1.012091328588e-03
4.898246252190e-03,2.209828379467e+01,6.600742417075e+00,1.472021644464e+05,2.028540480880e+03,2.254586981734e+01,1.010807642422e-03
4.898366121776e-03,2.209288052525e+01,6.599203251958e+00,1.473812896979e+05,2.028174325131e+03,2.254994013682e+01,1.009525218587e-03
4.898485863227e-03,2.208747642230e+01,6.597663138990e+00,1.475606672092e+05,2.027808113163e+03,2.255401255155e+01,1.008244046621e-03
4.898605476659e-03,2.208207148529e+01,6.596122077776e+00,1.477402972674e+05,2.027441844943e+03,2.255808706335e+01,1.006964126446e-03
4.898724962251e-03,2.207666571091e+01,6.594580066831e+00,1.479201790883e+05,2.027075520252e+03,2.256216367616e+01,1.005685465189e-03
4.898844320067e-03,2.207125910101e+01,6.593037107497e+00,1.481003149449e+05,2.026709139220e+03,2.256624238999e+01,1.004408049434e-03
4.898963550302e-03,2.206585165141e+01,6.591493197452e+00,1.482807040140e+05,2.026342701568e+03,2.257032320944e+01,1.003131886476e-03
4.899082653063e-03,2.206044336199e+01,6.589948336505e+00,1.484613462422e+05,2.025976207293e+03,2.257440613603e+01,1.001856978534e-03
4.899201628479e-03,2.205503423167e+01,6.588402525425e+00,1.486422441254e+05,2.025609656327e+03,2.257849117200e+01,1.000583310818e-03
4.899320476682e-03,2.204962425909e+01,6.586855762423e+00,1.488233958005e+05,2.025243048581e+03,2.258257831983e+01,9.993108975691e-04
4.899439197830e-03,2.204421344184e+01,6.585308046778e+00,1.490048026995e+05,2.024876383898e+03,2.258666758276e+01,9.980397310113e-04
4.899557792026e-03,2.203880177992e+01,6.583759378930e+00,1.491864659193e+05,2.024509662281e+03,2.259075896225e+01,9.967698057790e-04
4.899676259423e-03,2.203338927109e+01,6.582209757348e+00,1.493683842140e+05,2.024142883585e+03,2.259485246144e+01,9.955011319441e-04
4.899794600132e-03,2.202797591497e+01,6.580659182399e+00,1.495505595611e+05,2.023776047788e+03,2.259894808203e+01,9.942336982712e-04
4.899912814309e-03,2.202256170917e+01,6.579107652811e+00,1.497329919345e+05,2.023409154731e+03,2.260304582733e+01,9.929675067407e-04
4.900030902089e-03,2.201714665218e+01,6.577555167772e+00,1.499156806604e+05,2.023042204320e+03,2.260714569988e+01,9.917025636308e-04
4.900148863558e-03,2.201173074481e+01,6.576001728512e+00,1.500986282985e+05,2.022675196612e+03,2.261124770055e+01,9.904388540549e-04
4.900266698908e-03,2.200631398301e+01,6.574447332538e+00,1.502818335164e+05,2.022308131337e+03,2.261535183388e+01,9.891763884838e-04
4.900384408227e-03,2.200089636735e+01,6.572891979855e+00,1.504652968168e+05,2.021941008542e+03,2.261945810084e+01,9.879151654552e-04
4.900501991684e-03,2.199547789481e+01,6.571335670505e+00,1.506490203027e+05,2.021573828023e+03,2.262356650523e+01,9.866551731664e-04
4.900619449368e-03,2.199005856605e+01,6.569778403427e+00,1.508330022166e+05,2.021206589831e+03,2.262767704800e+01,9.853964248566e-04
4.900736781446e-03,2.198463837804e+01,6.568220177894e+00,1.510172442695e+05,2.020839293766e+03,2.263178973291e+01,9.841389112016e-04
4.900853988033e-03,2.197921733018e+01,6.566660993811e+00,1.512017471483e+05,2.020471939792e+03,2.263590456188e+01,9.828826296362e-04
4.900971069267e-03,2.197379542079e+01,6.565100849964e+00,1.513865097869e+05,2.020104527799e+03,2.264002153766e+01,9.816275888537e-04
4.901088025276e-03,2.196837264873e+01,6.563539746719e+00,1.515715344673e+05,2.019737057717e+03,2.264414066257e+01,9.803737760205e-04
4.901204856178e-03,2.196294901317e+01,6.561977682811e+00,1.517568206372e+05,2.019369529491e+03,2.264826193876e+01,9.791211964600e-04
4.901321562128e-03,2.195752451163e+01,6.560414657354e+00,1.519423678753e+05,2.019001942962e+03,2.265238536953e+01,9.778698547035e-04
4.901438143242e-03,2.195209914347e+01,6.558850671395e+00,1.521281790935e+05,2.018634298089e+03,2.265651095689e+01,9.766197340706e-04
4.901554599649e-03,2.194667290740e+01,6.557285722980e+00,1.523142522400e+05,2.018266594789e+03,2.266063870331e+01,9.753708493977e-04
4.901670931490e-03,2.194124580152e+01,6.555719811394e+00,1.525005886225e+05,2.017898832940e+03,2.266476861168e+01,9.741231941156e-04
4.901787138885e-03,2.193581782501e+01,6.554152937100e+00,1.526871896901e+05,2.017531012489e+03,2.266890068414e+01,9.728767609600e-04
4.901903221983e-03,2.193038897556e+01,6.552585098380e+00,1.528740540103e+05,2.017163133287e+03,2.267303492393e+01,9.716315607706e-04
4.902019180877e-03,2.192495925355e+01,6.551016295714e+00,1.530611834860e+05,2.016795195363e+03,2.267717133225e+01,9.703875833706e-04
4.902135015712e-03,2.191952865695e+01,6.549446528116e+00,1.532485783237e+05,2.016427198584e+03,2.268130991215e+01,9.691448292692e-04
4.902250726667e-03,2.191409718202e+01,6.547875794003e+00,1.534362377752e+05,2.016059142703e+03,2.268545066797e+01,9.679033049570e-04
4.902366313787e-03,2.190866483134e+01,6.546304095068e+00,1.536241643273e+05,2.015691027900e+03,2.268959359923e+01,9.666629967815e-04
4.902481777283e-03,2.190323159978e+01,6.544731428525e+00,1.538123568853e+05,2.015322853831e+03,2.269373871137e+01,9.654239132894e-04
4.902597117213e-03,2.189779748925e+01,6.543157794749e+00,1.540008156574e+05,2.014954620631e+03,2.269788600441e+01,9.641860550192e-04
4.902712333749e-03,2.189236249638e+01,6.541583193787e+00,1.541895430421e+05,2.014586328077e+03,2.270203548245e+01,9.629494089481e-04
4.902827427003e-03,2.188692662066e+01,6.540007624110e+00,1.543785371721e+05,2.014217976138e+03,2.270618714739e+01,9.617139884247e-04
4.902942397134e-03,2.188148985917e+01,6.538431084947e+00,1.545677997512e+05,2.013849564623e+03,2.271034100294e+01,9.604797846607e-04
4.903057244233e-03,2.187605221239e+01,6.536853576620e+00,1.547573315900e+05,2.013481093568e+03,2.271449705028e+01,9.592467945439e-04
4.903171968441e-03,2.187061367832e+01,6.535275097748e+00,1.549471315214e+05,2.013112562844e+03,2.271865529245e+01,9.580150270404e-04
4.903286569885e-03,2.186517425568e+01,6.533695648619e+00,1.551372018692e+05,2.012743972370e+03,2.272281573192e+01,9.567844697218e-04
4.903401048709e-03,2.185973394236e+01,6.532115227627e+00,1.553275422057e+05,2.012375322005e+03,2.272697837187e+01,9.555551269528e-04
4.903515405028e-03,2.185429273751e+01,6.530533834309e+00,1.555181519833e+05,2.012006611699e+03,2.273114321444e+01,9.543270039140e-04
4.903629638984e-03,2.184885063916e+01,6.528951469348e+00,1.557090342356e+05,2.011637841323e+03,2.273531026267e+01,9.531000840172e-04
4.903743750668e-03,2.184340764766e+01,6.527368131221e+00,1.559001868492e+05,2.011269010906e+03,2.273947951783e+01,9.518743818614e-04
4.903857740243e-03,2.183796375991e+01,6.525783818840e+00,1.560916111640e+05,2.010900120242e+03,2.274365098382e+01,9.506498910403e-04
4.903971607834e-03,2.183251897468e+01,6.524198532577e+00,1.562833087243e+05,2.010531169254e+03,2.274782466312e+01,9.494266041213e-04
4.904085353556e-03,2.182707329117e+01,6.522612271097e+00,1.564752779787e+05,2.010162157892e+03,2.275200055789e+01,9.482045322360e-04
4.904198977552e-03,2.182162670724e+01,6.521025034157e+00,1.566675210018e+05,2.009793086017e+03,2.275617867128e+01,9.469836646891e-04
4.904312479926e-03,2.181617922258e+01,6.519436821222e+00,1.568600379282e+05,2.009423953613e+03,2.276035900510e+01,9.457640024826e-04
4.904425860831e-03,2.181073083456e+01,6.517847631020e+00,1.570528279472e+05,2.009054760507e+03,2.276454156290e+01,9.445455522584e-04
4.904539120388e-03,2.180528154211e+01,6.516257464241e+00,1.572458937970e+05,2.008685506632e+03,2.276872634704e+01,9.433282995338e-04
4.904652258693e-03,2.179983134523e+01,6.514666319507e+00,1.574392340860e+05,2.008316191992e+03,2.277291335908e+01,9.421122543459e-04
4.904765275928e-03,2.179438023992e+01,6.513074195459e+00,1.576328493510e+05,2.007946816322e+03,2.277710260363e+01,9.408974152462e-04
4.904878172177e-03,2.178892822679e+01,6.511481093284e+00,1.578267418193e+05,2.007577379669e+03,2.278129408180e+01,9.396837709582e-04
4.904990947576e-03,2.178347530403e+01,6.509887011057e+00,1.580209096501e+05,2.007207881914e+03,2.278548779654e+01,9.384713340986e-04
4.905103602256e-03,2.177802146998e+01,6.508291948415e+00,1.582153546379e+05,2.006838322952e+03,2.278968375065e+01,9.372600958398e-04
4.905216136343e-03,2.177256672319e+01,6.506695905007e+00,1.584100775500e+05,2.006468702688e+03,2.279388194684e+01,9.360500535061e-04
4.905328549990e-03,2.176711106099e+01,6.505098879276e+00,1.586050772677e+05,2.006099020948e+03,2.279808238872e+01,9.348412154246e-04
4.905440843270e-03,2.176165448453e+01,6.503500872313e+00,1.588003562053e+05,2.005729277814e+03,2.280228507696e+01,9.336335693270e-04
4.905553016336e-03,2.175619699106e+01,6.501901882169e+00,1.589959137364e+05,2.005359473105e+03,2.280649001528e+01,9.324271205800e-04
4.905665069311e-03,2.175073857930e+01,6.500301908277e+00,1.591917495148e+05,2.004989606742e+03,2.281069720620e+01,9.312218730066e-04
4.905777002343e-03,2.174527924674e+01,6.498700951173e+00,1.593878665859e+05,2.004619678557e+03,2.281490665325e+01,9.300178107989e-04
4.905888815532e-03,2.173981899319e+01,6.497099009134e+00,1.595842627413e+05,2.004249688543e+03,2.281911835816e+01,9.288149484817e-04
4.906000509001e-03,2.173435781737e+01,6.495496081648e+00,1.597809395196e+05,2.003879636620e+03,2.282333232349e+01,9.276132788854e-04
4.906112082888e-03,2.172889571716e+01,6.493892168661e+00,1.599778982676e+05,2.003509522649e+03,2.282754855245e+01,9.264127961148e-04
4.906223537302e-03,2.172343269201e+01,6.492287268981e+00,1.601751374987e+05,2.003139346598e+03,2.283176704707e+01,9.252135104822e-04
4.906334872426e-03,2.171796873760e+01,6.490681381858e+00,1.603726595982e+05,2.002769108181e+03,2.283598781225e+01,9.240154100662e-04
4.906446088284e-03,2.171250385743e+01,6.489074507574e+00,1.605704642622e+05,2.002398807638e+03,2.284021084691e+01,9.228184984209e-04
4.906557185089e-03,2.170703804573e+01,6.487466644062e+00,1.607685509104e+05,2.002028444586e+03,2.284443615705e+01,9.216227805977e-04
4.906668162926e-03,2.170157130299e+01,6.485857792647e+00,1.609669225029e+05,2.001658019063e+03,2.284866374394e+01,9.204282416419e-04
4.906779021929e-03,2.169610362736e+01,6.484247951197e+00,1.611655772407e+05,2.001287530947e+03,2.285289361059e+01,9.192348934682e-04
4.906889762228e-03,2.169063501714e+01,6.482637119009e+00,1.613645161157e+05,2.000916980130e+03,2.285712575992e+01,9.180427321871e-04
4.907000383917e-03,2.168516547227e+01,6.481025296925e+00,1.615637409919e+05,2.000546366614e+03,2.286136019357e+01,9.168517491685e-04
4.907110887169e-03,2.167969498900e+01,6.479412482575e+00,1.617632502259e+05,2.000175690150e+03,2.286559691606e+01,9.156619553747e-04
4.907221272071e-03,2.167422356761e+01,6.477798676336e+00,1.619630458319e+05,1.999804950762e+03,2.286983592877e+01,9.144733412693e-04
4.907331538763e-03,2.166875120592e+01,6.476183877240e+00,1.621631281925e+05,1.999434148307e+03,2.287407723502e+01,9.132859064828e-04
4.907441687362e-03,2.166327790283e+01,6.474568084374e+00,1.623634963035e+05,1.999063282718e+03,2.287832083727e+01,9.120996584096e-04
4.907551717992e-03,2.165780365680e+01,6.472951298269e+00,1.625641530117e+05,1.998692353895e+03,2.288256673832e+01,9.109145830086e-04
4.907661630784e-03,2.165232846604e+01,6.471333516992e+00,1.627650970472e+05,1.998321361722e+03,2.288681494120e+01,9.097306890438e-04
4.907771425860e-03,2.164685232915e+01,6.469714739927e+00,1.629663287639e+05,1.997950306111e+03,2.289106544860e+01,9.085479763064e-04
4.907881103344e-03,2.164137524466e+01,6.468094967708e+00,1.631678506484e+05,1.997579186967e+03,2.289531826329e+01,9.073664329108e-04
4.907990663348e-03,2.163589721165e+01,6.466474198571e+00,1.633696607012e+05,1.997208004232e+03,2.289957338764e+01,9.061860716113e-04
4.908100105998e-03,2.163041822843e+01,6.464852432118e+00,1.635717608247e+05,1.996836757799e+03,2.290383082455e+01,9.050068836606e-04
4.908209431433e-03,2.162493829285e+01,6.463229667773e+00,1.637741518398e+05,1.996465447527e+03,2.290809057736e+01,9.038288663544e-04
4.908318639745e-03,2.161945740495e+01,6.461605904753e+00,1.639768324660e+05,1.996094073425e+03,2.291235264765e+01,9.026520284808e-04
4.908427731104e-03,2.161397556083e+01,6.459981142713e+00,1.641798054733e+05,1.995722635235e+03,2.291661704011e+01,9.014763566819e-04
4.908536705603e-03,2.160849276050e+01,6.458355380419e+00,1.643830700040e+05,1.995351132961e+03,2.292088375637e+01,9.003018573527e-04
4.908645563357e-03,2.160300900289e+01,6.456728617342e+00,1.645866258348e+05,1.994979566539e+03,2.292515279890e+01,8.991285334865e-04
4.908754304483e-03,2.159752428684e+01,6.455100854412e+00,1.647904759577e+05,1.994607935894e+03,2.292942417025e+01,8.979563707316e-04
4.908862929156e-03,2.159203860811e+01,6.453472088666e+00,1.649946182664e+05,1.994236240744e+03,2.293369787540e+01,8.967853821372e-04
4.908971437421e-03,2.158655196921e+01,6.451842320767e+00,1.651990543467e+05,1.993864481267e+03,2.293797391402e+01,8.956155608994e-04
4.909079829480e-03,2.158106436450e+01,6.450211549459e+00,1.654037855433e+05,1.993492657085e+03,2.294225229216e+01,8.944469015677e-04
4.909188105389e-03,2.157557579590e+01,6.448579774327e+00,1.656088102940e+05,1.993120768334e+03,2.294653301000e+01,8.932794143076e-04
4.909296265305e-03,2.157008626010e+01,6.446946995034e+00,1.658141312071e+05,1.992748814797e+03,2.295081607178e+01,8.921130869125e-04
4.909404309336e-03,2.156459575626e+01,6.445313210280e+00,1.660197478664e+05,1.992376796419e+03,2.295510147981e+01,8.909479233156e-04
4.909512237619e-03,2.155910428219e+01,6.443678419165e+00,1.662256596474e+05,1.992004713063e+03,2.295938923746e+01,8.897839286194e-04
4.909620050244e-03,2.155361183796e+01,6.442042623099e+00,1.664318698493e+05,1.991632564735e+03,2.296367934636e+01,8.886210871766e-04
4.909727747371e-03,2.154811842005e+01,6.440405819206e+00,1.666383762412e+05,1.991260351203e+03,2.296797181094e+01,8.874594124577e-04
4.909835329111e-03,2.154262402755e+01,6.438768006993e+00,1.668451803427e+05,1.990888072413e+03,2.297226663357e+01,8.862988981225e-04
4.909942795568e-03,2.153712865972e+01,6.437129186944e+00,1.670522836749e+05,1.990515728318e+03,2.297656381651e+01,8.851395380147e-04
4.910050146860e-03,2.153163231528e+01,6.435489357533e+00,1.672596846057e+05,1.990143318841e+03,2.298086336245e+01,8.839813424396e-04
4.910157383130e-03,2.152613499163e+01,6.433848518483e+00,1.674673856028e+05,1.989770843808e+03,2.298516527510e+01,8.828243001955e-04
4.910264504492e-03,2.152063668750e+01,6.432206668634e+00,1.676753865721e+05,1.989398303140e+03,2.298946955715e+01,8.816684134992e-04
4.910371511064e-03,2.151513740150e+01,6.430563807181e+00,1.678836866907e+05,1.989025696749e+03,2.299377621136e+01,8.805136884148e-04
4.910478402981e-03,2.150963713151e+01,6.428919934762e+00,1.680922892454e+05,1.988653024498e+03,2.299808524110e+01,8.793601096674e-04
4.910585180319e-03,2.150413587812e+01,6.427275049835e+00,1.683011921659e+05,1.988280286432e+03,2.300239664760e+01,8.782076897017e-04
4.910691843247e-03,2.149863363740e+01,6.425629150994e+00,1.685103967116e+05,1.987907482290e+03,2.300671043564e+01,8.770564236588e-04
4.910798391858e-03,2.149313040922e+01,6.423982239043e+00,1.687199047351e+05,1.987534612070e+03,2.301102660702e+01,8.759063038361e-04
4.910904826288e-03,2.148762619115e+01,6.422334311960e+00,1.689297144851e+05,1.987161675613e+03,2.301534516535e+01,8.747573409495e-04
4.911011146634e-03,2.148212098296e+01,6.420685370065e+00,1.691398282493e+05,1.986788672910e+03,2.301966611251e+01,8.736095249942e-04
4.911117353047e-03,2.147661478140e+01,6.419035411819e+00,1.693502462651e+05,1.986415603746e+03,2.302398945279e+01,8.724628564654e-04
4.911223445642e-03,2.147110758528e+01,6.417384436360e+00,1.695609675584e+05,1.986042468047e+03,2.302831518880e+01,8.713173421037e-04
4.911329424505e-03,2.146559939470e+01,6.415732444894e+00,1.697719952634e+05,1.985669265825e+03,2.303264332220e+01,8.701729677672e-04
4.911435289764e-03,2.146009020775e+01,6.414079435211e+00,1.699833276579e+05,1.985295996957e+03,2.303697385621e+01,8.690297438758e-04
4.911541041601e-03,2.145458001956e+01,6.412425405623e+00,1.701949657363e+05,1.984922661120e+03,2.304130679636e+01,8.678876670448e-04
4.911646680021e-03,2.144906883462e+01,6.410770358417e+00,1.704069114674e+05,1.984549258623e+03,2.304564214087e+01,8.667467292307e-04
4.911752205271e-03,2.144355664464e+01,6.409114289702e+00,1.706191631857e+05,1.984175788911e+03,2.304997989797e+01,8.656069404430e-04
4.911857617375e-03,2.143804345311e+01,6.407457200807e+00,1.708317229761e+05,1.983802252225e+03,2.305432006666e+01,8.644682919689e-04
4.911962916485e-03,2.143252925663e+01,6.405799090330e+00,1.710445912822e+05,1.983428648343e+03,2.305866265134e+01,8.633307832994e-04
4.912068102729e-03,2.142701405330e+01,6.404139957100e+00,1.712577670401e+05,1.983054977142e+03,2.306300765523e+01,8.621944215012e-04
4.912173176201e-03,2.142149784274e+01,6.402479802098e+00,1.714712533646e+05,1.982681238601e+03,2.306735508039e+01,8.610591928328e-04
4.912278137062e-03,2.141598062122e+01,6.400818622635e+00,1.716850487887e+05,1.982307432475e+03,2.307170493150e+01,8.599251062388e-04
4.912382985367e-03,2.141046239056e+01,6.399156419018e+00,1.718991538266e+05,1.981933558892e+03,2.307605720886e+01,8.587921609111e-04
4.912487721270e-03,2.140494314719e+01,6.397493191205e+00,1.721135709824e+05,1.981559617618e+03,2.308041191705e+01,8.576603462460e-04
4.912592344922e-03,2.139942288790e+01,6.395828936723e+00,1.723282982866e+05,1.981185608439e+03,2.308476906034e+01,8.565296736389e-04
4.912696856388e-03,2.139390161394e+01,6.394163656168e+00,1.725433378765e+05,1.980811531449e+03,2.308912863950e+01,8.554001342894e-04
4.912801255792e-03,2.138837932339e+01,6.392497348699e+00,1.727586902834e+05,1.980437386521e+03,2.309349065781e+01,8.542717273248e-04
4.912905543276e-03,2.138285601335e+01,6.390830012771e+00,1.729743543945e+05,1.980063173468e+03,2.309785511931e+01,8.531444599204e-04
4.913009718975e-03,2.137733168141e+01,6.389161648715e+00,1.731903333932e+05,1.979688892131e+03,2.310222202767e+01,8.520183182789e-04
4.913113782924e-03,2.137180633039e+01,6.387492255841e+00,1.734066256743e+05,1.979314542707e+03,2.310659138245e+01,8.508933119470e-04
4.913217735334e-03,2.136627995364e+01,6.385821831904e+00,1.736232319400e+05,1.978940124753e+03,2.311096319064e+01,8.497694391455e-04
4.913321576278e-03,2.136075255202e+01,6.384150378248e+00,1.738401546782e+05,1.978565638334e+03,2.311533745335e+01,8.486466896555e-04
4.913425305858e-03,2.135522412470e+01,6.382477893048e+00,1.740573917452e+05,1.978191083397e+03,2.311971417303e+01,8.475250755363e-04
4.913528924233e-03,2.134969466792e+01,6.380804375347e+00,1.742749454728e+05,1.977816459697e+03,2.312409335441e+01,8.464045871857e-04
4.913632431496e-03,2.134416418135e+01,6.379129824850e+00,1.744928164140e+05,1.977441767216e+03,2.312847499955e+01,8.452852237022e-04
4.913735827745e-03,2.133863266446e+01,6.377454240683e+00,1.747110033046e+05,1.977067005925e+03,2.313285911065e+01,8.441669928991e-04
4.913839113143e-03,2.133310011307e+01,6.375777622628e+00,1.749295094203e+05,1.976692175548e+03,2.313724569279e+01,8.430498808214e-04
4.913942287756e-03,2.132756652840e+01,6.374099969517e+00,1.751483332591e+05,1.976317276172e+03,2.314163474682e+01,8.419338963361e-04
4.914045351757e-03,2.132203190575e+01,6.372421279678e+00,1.753674753943e+05,1.975942307487e+03,2.314602627826e+01,8.408190383703e-04
4.914148305203e-03,2.131649624682e+01,6.370741554745e+00,1.755869383613e+05,1.975567269614e+03,2.315042028754e+01,8.397052967310e-04
4.914251148232e-03,2.131095954872e+01,6.369060792231e+00,1.758067200460e+05,1.975192162363e+03,2.315481677877e+01,8.385926830886e-04
4.914353881001e-03,2.130542180775e+01,6.367378991174e+00,1.760268228114e+05,1.974816985489e+03,2.315921575669e+01,8.374811879174e-04
4.914456503575e-03,2.129988302497e+01,6.365696151712e+00,1.762472471749e+05,1.974441739072e+03,2.316361722227e+01,8.363708105507e-04
4.914559016068e-03,2.129434319894e+01,6.364012272686e+00,1.764679918802e+05,1.974066423021e+03,2.316802117844e+01,8.352615586223e-04
4.914661418648e-03,2.128880232522e+01,6.362327353804e+00,1.766890602709e+05,1.973691037041e+03,2.317242763056e+01,8.341534181700e-04
4.914763711362e-03,2.128326040589e+01,6.360641394140e+00,1.769104507731e+05,1.973315581278e+03,2.317683657880e+01,8.330463982558e-04
4.914865894380e-03,2.127771743643e+01,6.358954392069e+00,1.771321639904e+05,1.972940055435e+03,2.318124802854e+01,8.319404977146e-04
4.914967967782e-03,2.127217341711e+01,6.357266348782e+00,1.773542025192e+05,1.972564459535e+03,2.318566198142e+01,8.308357062906e-04
4.915069931727e-03,2.126662834393e+01,6.355577261446e+00,1.775765642714e+05,1.972188793313e+03,2.319007844246e+01,8.297320353102e-04
4.915171786288e-03,2.126108221763e+01,6.353887130471e+00,1.777992514973e+05,1.971813056828e+03,2.319449741286e+01,8.286294760507e-04
4.915273531558e-03,2.125553503773e+01,6.352195955468e+00,1.780222647302e+05,1.971437250053e+03,2.319891889485e+01,8.275280277897e-04
4.915375167750e-03,2.124998679734e+01,6.350503733633e+00,1.782456029385e+05,1.971061372526e+03,2.320334289577e+01,8.264276969285e-04
4.915476694865e-03,2.124443750097e+01,6.348810467454e+00,1.784692691965e+05,1.970685424562e+03,2.320776941384e+01,8.253284711826e-04
4.915578113112e-03,2.123888714186e+01,6.347116153249e+00,1.786932621671e+05,1.970309405708e+03,2.321219845632e+01,8.242303582504e-04
4.915679422518e-03,2.123333572318e+01,6.345420791730e+00,1.789175822781e+05,1.969933316186e+03,2.321663002250e+01,8.231333579196e-04
4.915780623281e-03,2.122778323875e+01,6.343724382079e+00,1.791422323080e+05,1.969557155583e+03,2.322106411917e+01,8.220374592584e-04
4.915881715461e-03,2.122222968991e+01,6.342026923124e+00,1.793672099677e+05,1.969180923997e+03,2.322550074711e+01,8.209426743766e-04
4.915982699177e-03,2.121667507475e+01,6.340328414513e+00,1.795925177160e+05,1.968804621306e+03,2.322993990970e+01,8.198489937820e-04
4.916083574581e-03,2.121111938954e+01,6.338628854737e+00,1.798181561024e+05,1.968428247263e+03,2.323438161178e+01,8.187564166710e-04
4.916184341729e-03,2.120556263581e+01,6.336928243628e+00,1.800441237937e+05,1.968051801980e+03,2.323882585398e+01,8.176649508187e-04
4.916285000783e-03,2.120000480939e+01,6.335226581089e+00,1.802704243438e+05,1.967675285179e+03,2.324327264151e+01,8.165745819557e-04
4.916385551829e-03,2.119444591001e+01,6.333523865337e+00,1.804970559481e+05,1.967298696849e+03,2.324772197644e+01,8.154853198331e-04
4.916485995031e-03,2.118888593336e+01,6.331820094790e+00,1.807240195709e+05,1.966922036706e+03,2.325217386410e+01,8.143971617600e-04
4.916586330404e-03,2.118332488324e+01,6.330115271606e+00,1.809513174225e+05,1.966545305013e+03,2.325662830331e+01,8.133100997295e-04
4.916686558153e-03,2.117776275280e+01,6.328409392168e+00,1.811789475968e+05,1.966168501314e+03,2.326108530145e+01,8.122241438182e-04
4.916786678354e-03,2.117219954260e+01,6.326702456969e+00,1.814069125903e+05,1.965791625653e+03,2.326554485993e+01,8.111392846327e-04
4.916886691132e-03,2.116663525027e+01,6.324994464712e+00,1.816352127100e+05,1.965414677874e+03,2.327000698255e+01,8.100555224907e-04
4.916986596574e-03,2.116106987563e+01,6.323285414803e+00,1.818638467667e+05,1.965037657976e+03,2.327447167133e+01,8.089728643854e-04
4.917086394835e-03,2.115550341463e+01,6.321575307298e+00,1.820928184760e+05,1.964660565689e+03,2.327893893141e+01,8.078912956702e-04
4.917186085998e-03,2.114993586732e+01,6.319864140382e+00,1.823221257251e+05,1.964283401024e+03,2.328340876465e+01,8.068108272795e-04
4.917285670162e-03,2.114436723284e+01,6.318151913518e+00,1.825517696775e+05,1.963906163928e+03,2.328788117364e+01,8.057314557616e-04
4.917385147487e-03,2.113879750673e+01,6.316438626227e+00,1.827817526271e+05,1.963528854108e+03,2.329235616384e+01,8.046531728294e-04
4.917484518045e-03,2.113322668977e+01,6.314724277325e+00,1.830120724432e+05,1.963151471622e+03,2.329683373656e+01,8.035759894691e-04
4.917583781963e-03,2.112765477930e+01,6.313008866446e+00,1.832427319317e+05,1.962774016298e+03,2.330131389580e+01,8.024998951317e-04
4.917682939354e-03,2.112208177375e+01,6.311292392263e+00,1.834737311018e+05,1.962396488036e+03,2.330579664477e+01,8.014248914377e-04
4.917781990331e-03,2.111650767131e+01,6.309574853806e+00,1.837050689458e+05,1.962018886721e+03,2.331028198682e+01,8.003509844676e-04
4.917880935009e-03,2.111093247020e+01,6.307856251993e+00,1.839367492905e+05,1.961641212238e+03,2.331476992530e+01,7.992781594722e-04
4.917979773486e-03,2.110535616947e+01,6.306136584527e+00,1.841687696757e+05,1.961263464531e+03,2.331926046290e+01,7.982064286656e-04
4.918078505876e-03,2.109977876732e+01,6.304415850581e+00,1.844011317537e+05,1.960885643484e+03,2.332375360299e+01,7.971357865645e-04
4.918177132306e-03,2.109420026127e+01,6.302694050123e+00,1.846338373896e+05,1.960507748938e+03,2.332824934950e+01,7.960662269436e-04
4.918275652894e-03,2.108862064919e+01,6.300971181221e+00,1.848668846982e+05,1.960129780753e+03,2.333274770606e+01,7.949977595138e-04
4.918374067701e-03,2.108303993229e+01,6.299247244860e+00,1.851002765445e+05,1.959751739020e+03,2.333724867364e+01,7.939303737880e-04
4.918472376906e-03,2.107745810500e+01,6.297522238160e+00,1.853340127440e+05,1.959373623367e+03,2.334175225868e+01,7.928640721261e-04
4.918570580569e-03,2.107187516858e+01,6.295796161241e+00,1.855680923790e+05,1.958995433889e+03,2.334625846207e+01,7.917988601792e-04
4.918668678827e-03,2.106629111986e+01,6.294069014711e+00,1.858025194602e+05,1.958617170378e+03,2.335076728834e+01,7.907347227510e-04
4.918766671788e-03,2.106070595730e+01,6.292340795955e+00,1.860372911860e+05,1.958238832734e+03,2.335527874067e+01,7.896716732594e-04
4.918864559551e-03,2.105511967994e+01,6.290611504432e+00,1.862724096754e+05,1.957860420902e+03,2.335979282179e+01,7.886097043957e-04
4.918962342234e-03,2.104953228556e+01,6.288881139961e+00,1.865078763500e+05,1.957481934737e+03,2.336430953544e+01,7.875488119483e-04
4.919060019963e-03,2.104394377166e+01,6.287149700676e+00,1.867436895070e+05,1.957103374078e+03,2.336882888561e+01,7.864890046998e-04
4.919157592822e-03,2.103835413802e+01,6.285417187331e+00,1.869798523331e+05,1.956724738918e+03,2.337335087442e+01,7.854302710691e-04
4.919255060940e-03,2.103276338186e+01,6.283683597684e+00,1.872163640057e+05,1.956346029072e+03,2.337787550611e+01,7.843726160820e-04
4.919352424401e-03,2.102717150295e+01,6.281948931392e+00,1.874532242746e+05,1.955967244537e+03,2.338240278280e+01,7.833160424842e-04
4.919449683369e-03,2.102157849662e+01,6.280213188386e+00,1.876904367345e+05,1.955588385002e+03,2.338693271026e+01,7.822605371241e-04
4.919546837897e-03,2.101598436427e+01,6.278476367156e+00,1.879279986394e+05,1.955209450566e+03,2.339146528935e+01,7.812061129933e-04
4.919643888123e-03,2.101038910269e+01,6.276738466687e+00,1.881659124808e+05,1.954830441023e+03,2.339600052461e+01,7.801527614184e-04
4.919740834160e-03,2.100479270994e+01,6.274999486417e+00,1.884041792097e+05,1.954451356247e+03,2.340053841962e+01,7.791004802049e-04
4.919837676111e-03,2.099919518470e+01,6.273259425069e+00,1.886427972834e+05,1.954072196156e+03,2.340507897742e+01,7.780492773577e-04
4.919934414065e-03,2.099359652635e+01,6.271518283532e+00,1.888817702121e+05,1.953692960715e+03,2.340962220051e+01,7.769991402613e-04
4.920031048164e-03,2.098799673143e+01,6.269776059086e+00,1.891210965733e+05,1.953313649698e+03,2.341416809369e+01,7.759500762931e-04
4.920127578522e-03,2.098239579783e+01,6.268032750793e+00,1.893607769294e+05,1.952934262969e+03,2.341871666066e+01,7.749020848129e-04
4.920224005204e-03,2.097679372645e+01,6.266288360064e+00,1.896008140499e+05,1.952554800597e+03,2.342326790270e+01,7.738551563892e-04
4.920320328361e-03,2.097119051311e+01,6.264542883897e+00,1.898412056505e+05,1.952175262304e+03,2.342782182520e+01,7.728093018449e-04
4.920416548097e-03,2.096558615637e+01,6.262796322093e+00,1.900819544716e+05,1.951795648003e+03,2.343237843133e+01,7.717645117615e-04
4.920512664498e-03,2.095998065583e+01,6.261048673998e+00,1.903230608495e+05,1.951415957672e+03,2.343693772345e+01,7.707207864666e-04
4.920608677669e-03,2.095437400992e+01,6.259299938547e+00,1.905645235048e+05,1.951036191214e+03,2.344149970481e+01,7.696781327865e-04
4.920704587786e-03,2.094876621308e+01,6.257550115382e+00,1.908063465158e+05,1.950656348259e+03,2.344606438198e+01,7.686365360875e-04
4.920800394864e-03,2.094315726893e+01,6.255799203680e+00,1.910485274144e+05,1.950276429058e+03,2.345063175404e+01,7.675960078828e-04
4.920896099073e-03,2.093754717222e+01,6.254047201515e+00,1.912910677621e+05,1.949896433266e+03,2.345520182727e+01,7.665565435146e-04
4.920991700513e-03,2.093193592157e+01,6.252294109286e+00,1.915339697260e+05,1.949516360795e+03,2.345977460482e+01,7.655181361362e-04
4.921087199258e-03,2.092632351738e+01,6.250539925707e+00,1.917772310957e+05,1.949136211679e+03,2.346435008842e+01,7.644807961630e-04
4.921182595479e-03,2.092070995411e+01,6.248784649613e+00,1.920208551611e+05,1.948755985553e+03,2.346892828459e+01,7.634445122033e-04
4.921277889218e-03,2.091509523391e+01,6.247028280531e+00,1.922648414862e+05,1.948375682568e+03,2.347350919363e+01,7.624092876369e-04
4.921373080619e-03,2.090947935292e+01,6.245270816961e+00,1.925091892642e+05,1.947995302472e+03,2.347809282073e+01,7.613751273046e-04
4.921468169782e-03,2.090386230976e+01,6.243512260130e+00,1.927539026639e+05,1.947614845178e+03,2.348267916905e+01,7.603420166378e-04
4.921563156825e-03,2.089824410221e+01,6.241752607096e+00,1.929989787447e+05,1.947234310542e+03,2.348726824249e+01,7.593099686974e-04
4.921658041850e-03,2.089262472872e+01,6.239991857131e+00,1.932444198380e+05,1.946853698470e+03,2.349186004432e+01,7.582789759698e-04
4.921752824940e-03,2.088700418896e+01,6.238230010561e+00,1.934902272644e+05,1.946473008944e+03,2.349645457690e+01,7.572490350716e-04
4.921847506256e-03,2.088138247804e+01,6.236467064790e+00,1.937363993622e+05,1.946092241641e+03,2.350105184627e+01,7.562201540549e-04
4.921942085829e-03,2.087575959868e+01,6.234703021606e+00,1.939829394845e+05,1.945711396756e+03,2.350565185228e+01,7.551923216968e-04
4.922036563857e-03,2.087013554375e+01,6.232937877248e+00,1.942298466989e+05,1.945330473809e+03,2.351025460283e+01,7.541655431115e-04
4.922130940371e-03,2.086451031595e+01,6.231171632270e+00,1.944771209629e+05,1.944949472996e+03,2.351486009776e+01,7.531398201761e-04
4.922225215527e-03,2.085888391057e+01,6.229404286475e+00,1.947247657325e+05,1.944568394002e+03,2.351946834302e+01,7.521151413380e-04
4.922319389380e-03,2.085325632900e+01,6.227635838420e+00,1.949727782437e+05,1.944187236929e+03,2.352407933957e+01,7.510915188109e-04
4.922413462115e-03,2.084762756468e+01,6.225866286179e+00,1.952211614917e+05,1.943806001343e+03,2.352869309483e+01,7.500689426994e-04
4.922507433761e-03,2.084199762051e+01,6.224095630301e+00,1.954699158727e+05,1.943424687446e+03,2.353330960853e+01,7.490474132220e-04
4.922601304458e-03,2.083636649272e+01,6.222323868936e+00,1.957190400448e+05,1.943043294992e+03,2.353792888584e+01,7.480269371162e-04
4.922695074345e-03,2.083073417748e+01,6.220551002232e+00,1.959685381264e+05,1.942661823728e+03,2.354255093200e+01,7.470075004790e-04
4.922788743451e-03,2.082510067768e+01,6.218777029145e+00,1.962184077156e+05,1.942280273858e+03,2.354717574675e+01,7.459891140176e-04
4.922882311970e-03,2.081946598631e+01,6.217001947169e+00,1.964686503985e+05,1.941898644916e+03,2.355180333793e+01,7.449717732831e-04
4.922975779925e-03,2.081383010646e+01,6.215225758136e+00,1.967192683000e+05,1.941516937119e+03,2.355643370510e+01,7.439554720945e-04
4.923069147469e-03,2.080819303353e+01,6.213448459133e+00,1.969702593086e+05,1.941135150162e+03,2.356106685417e+01,7.429402199391e-04
4.923162414725e-03,2.080255476472e+01,6.211670049848e+00,1.972216267523e+05,1.940753283865e+03,2.356570278953e+01,7.419260060065e-04
4.923255581763e-03,2.079691530036e+01,6.209890529209e+00,1.974733702134e+05,1.940371338257e+03,2.357034151306e+01,7.409128334761e-04
4.923348648674e-03,2.079127463948e+01,6.208109896608e+00,1.977254888147e+05,1.939989313283e+03,2.357498302763e+01,7.399007073000e-04
4.923441615611e-03,2.078563277743e+01,6.206328152224e+00,1.979779869309e+05,1.939607208633e+03,2.357962733922e+01,7.388896129670e-04
4.923534482677e-03,2.077998971255e+01,6.204545293278e+00,1.982308615151e+05,1.939225024204e+03,2.358427445132e+01,7.378795633064e-04
4.923627249936e-03,2.077434544548e+01,6.202761319761e+00,1.984841150010e+05,1.938842760047e+03,2.358892436553e+01,7.368705509349e-04
4.923719917528e-03,2.076869997236e+01,6.200976230729e+00,1.987377487436e+05,1.938460415909e+03,2.359357708718e+01,7.358625725443e-04
4.923812485519e-03,2.076305329369e+01,6.199190025359e+00,1.989917608450e+05,1.938077991832e+03,2.359823261798e+01,7.348556367713e-04
4.923904954079e-03,2.075740540372e+01,6.197402702897e+00,1.992461553203e+05,1.937695487434e+03,2.360289096482e+01,7.338497305515e-04
4.923997323266e-03,2.075175630344e+01,6.195614261976e+00,1.995009305101e+05,1.937312902790e+03,2.360755212903e+01,7.328448615514e-04
4.924089593186e-03,2.074610599100e+01,6.193824701703e+00,1.997560869919e+05,1.936930237785e+03,2.361221611428e+01,7.318410292879e-04
4.924181763938e-03,2.074045446486e+01,6.192034022729e+00,2.000116278324e+05,1.936547492321e+03,2.361688292401e+01,7.308382243630e-04
4.924273835680e-03,2.073480171988e+01,6.190242221668e+00,2.002675506050e+05,1.936164666058e+03,2.362155256462e+01,7.298364571037e-04
4.924365808450e-03,2.072914775839e+01,6.188449299567e+00,2.005238582422e+05,1.935781759164e+03,2.362622503634e+01,7.288357185831e-04
4.924457682363e-03,2.072349257784e+01,6.186655254824e+00,2.007805509972e+05,1.935398771471e+03,2.363090034346e+01,7.278360094889e-04
4.924549457574e-03,2.071783617332e+01,6.184860085434e+00,2.010376277152e+05,1.935015702658e+03,2.363557849218e+01,7.268373355997e-04
4.924641134150e-03,2.071217854513e+01,6.183063793127e+00,2.012950927504e+05,1.934632552754e+03,2.364025948444e+01,7.258396830782e-04
4.924732712187e-03,2.070651969210e+01,6.181266375269e+00,2.015529431902e+05,1.934249321684e+03,2.364494332341e+01,7.248430638836e-04
4.924824191811e-03,2.070085961088e+01,6.179467830492e+00,2.018111812603e+05,1.933866009233e+03,2.364963001400e+01,7.238474716191e-04
4.924915573094e-03,2.069519830158e+01,6.177668159401e+00,2.020698086424e+05,1.933482615415e+03,2.365431955835e+01,7.228529020472e-04
4.925006856192e-03,2.068953575922e+01,6.175867359211e+00,2.023288234253e+05,1.933099139903e+03,2.365901196275e+01,7.218593635172e-04
4.925098041165e-03,2.068387198454e+01,6.174065431049e+00,2.025882292493e+05,1.932715582754e+03,2.366370722878e+01,7.208668448511e-04
4.925189128113e-03,2.067820697592e+01,6.172262372881e+00,2.028480249734e+05,1.932331943866e+03,2.366840535999e+01,7.198753516413e-04
4.925280117211e-03,2.067254072706e+01,6.170458182386e+00,2.031082109043e+05,1.931948222823e+03,2.367310636379e+01,7.188848843787e-04
4.925371008423e-03,2.066687324477e+01,6.168652863048e+00,2.033687902013e+05,1.931564420093e+03,2.367781023677e+01,7.178954338274e-04
4.925461802017e-03,2.066120451690e+01,6.166846409048e+00,2.036297605281e+05,1.931180534862e+03,2.368251699120e+01,7.169070095822e-04
4.925552497988e-03,2.065553454829e+01,6.165038822085e+00,2.038911246486e+05,1.930796567467e+03,2.368722662526e+01,7.159196036757e-04
4.925643096452e-03,2.064986333625e+01,6.163230100763e+00,2.041528831057e+05,1.930412517732e+03,2.369193914345e+01,7.149332158295e-04
4.925733597546e-03,2.064419087682e+01,6.161420243251e+00,2.044150345225e+05,1.930028385401e+03,2.369665455124e+01,7.139478524487e-04
4.925824001352e-03,2.063851716933e+01,6.159609250874e+00,2.046775833043e+05,1.929644170435e+03,2.370137285141e+01,7.129635000154e-04
4.925914307970e-03,2.063284221219e+01,6.157797120939e+00,2.049405267508e+05,1.929259872734e+03,2.370609404756e+01,7.119801693911e-04
4.926004517497e-03,2.062716600373e+01,6.155983852602e+00,2.052038667797e+05,1.928875492195e+03,2.371081814326e+01,7.109978555341e-04
4.926094630083e-03,2.062148853914e+01,6.154169444981e+00,2.054676055685e+05,1.928491028501e+03,2.371554514479e+01,7.100165526322e-04
4.926184645737e-03,2.061580982241e+01,6.152353898054e+00,2.057317406414e+05,1.928106481930e+03,2.372027505105e+01,7.090362708461e-04
4.926274564688e-03,2.061012984365e+01,6.150537209482e+00,2.059962761725e+05,1.927721851821e+03,2.372500787252e+01,7.080569974506e-04
4.926364386929e-03,2.060444860785e+01,6.148719379391e+00,2.062612108300e+05,1.927337138520e+03,2.372974360733e+01,7.070787386380e-04
4.926454112597e-03,2.059876611085e+01,6.146900406130e+00,2.065265446814e+05,1.926952341757e+03,2.373448226114e+01,7.061014957711e-04
4.926543741821e-03,2.059308234906e+01,6.145080289918e+00,2.067922815581e+05,1.926567461293e+03,2.373922383926e+01,7.051252575656e-04
4.926633274667e-03,2.058739732287e+01,6.143259028864e+00,2.070584184271e+05,1.926182497166e+03,2.374396834360e+01,7.041500358524e-04
4.926722711246e-03,2.058171102976e+01,6.141436622284e+00,2.073249584664e+05,1.925797449215e+03,2.374871577853e+01,7.031758214811e-04
4.926812051682e-03,2.057602346641e+01,6.139613068589e+00,2.075919022889e+05,1.925412317221e+03,2.375346614911e+01,7.022026139882e-04
4.926901296037e-03,2.057033463343e+01,6.137788367403e+00,2.078592482451e+05,1.925027101237e+03,2.375821945708e+01,7.012304205854e-04
4.926990444453e-03,2.056464452629e+01,6.135962518843e+00,2.081270010554e+05,1.924641800964e+03,2.376297570852e+01,7.002592271598e-04
4.927079497038e-03,2.055895314262e+01,6.134135519925e+00,2.083951579485e+05,1.924256416249e+03,2.376773490770e+01,6.992890444731e-04
4.927168453799e-03,2.055326048657e+01,6.132307371652e+00,2.086637206902e+05,1.923870947383e+03,2.377249705343e+01,6.983198682814e-04
4.927257314978e-03,2.054756654717e+01,6.130478071118e+00,2.089326917186e+05,1.923485393633e+03,2.377726215718e+01,6.973516920667e-04
4.927346080536e-03,2.054187133143e+01,6.128647619300e+00,2.092020683861e+05,1.923099755480e+03,2.378203021539e+01,6.963845263057e-04
4.927434750694e-03,2.053617482979e+01,6.126816014026e+00,2.094718550267e+05,1.922714032289e+03,2.378680123834e+01,6.954183582324e-04
4.927523325514e-03,2.053047704278e+01,6.124983253911e+00,2.097420503232e+05,1.922328224102e+03,2.379157522792e+01,6.944531937651e-04
4.927611805030e-03,2.052477797275e+01,6.123149339381e+00,2.100126542581e+05,1.921942331088e+03,2.379635218444e+01,6.934890346268e-04
4.927700189450e-03,2.051907761081e+01,6.121314268869e+00,2.102836707985e+05,1.921556352655e+03,2.380113211769e+01,6.925258694476e-04
4.927788478778e-03,2.051337596127e+01,6.119478041811e+00,2.105550967320e+05,1.921170289103e+03,2.380591502637e+01,6.915637103446e-04
4.927876673202e-03,2.050767301648e+01,6.117640655958e+00,2.108269356922e+05,1.920784139922e+03,2.381070091921e+01,6.906025469808e-04
4.927964772746e-03,2.050196877948e+01,6.115802111522e+00,2.110991877650e+05,1.920397905328e+03,2.381548979599e+01,6.896423807333e-04
4.928052777550e-03,2.049626324577e+01,6.113962406607e+00,2.113718516136e+05,1.920011585027e+03,2.382028166281e+01,6.886832175419e-04
4.928140687726e-03,2.049055641255e+01,6.112121542052e+00,2.116449321509e+05,1.919625178836e+03,2.382507652436e+01,6.877250432440e-04
4.928228503312e-03,2.048484828188e+01,6.110279516115e+00,2.119184259601e+05,1.919238686904e+03,2.382987438127e+01,6.867678704054e-04
4.928316224501e-03,2.047913884585e+01,6.108436325907e+00,2.121923358856e+05,1.918852108705e+03,2.383467524251e+01,6.858116913328e-04
4.928403851335e-03,2.047342810610e+01,6.106591972386e+00,2.124666634104e+05,1.918465444359e+03,2.383947910905e+01,6.848565030025e-04
4.928491383900e-03,2.046771606168e+01,6.104746454150e+00,2.127414063687e+05,1.918078693812e+03,2.384428598403e+01,6.839023139470e-04
4.928578822347e-03,2.046200270723e+01,6.102899770565e+00,2.130165692132e+05,1.917691856709e+03,2.384909587434e+01,6.829491115797e-04
4.928666166711e-03,2.045628804502e+01,6.101051920590e+00,2.132921500134e+05,1.917304933213e+03,2.385390878044e+01,6.819969036245e-04
4.928753417154e-03,2.045057206889e+01,6.099202901904e+00,2.135681497728e+05,1.916917922917e+03,2.385872470984e+01,6.810456884224e-04
4.928840573718e-03,2.044485478068e+01,6.097352716164e+00,2.138445714957e+05,1.916530825954e+03,2.386354366339e+01,6.800954582229e-04
4.928927636578e-03,2.043913617350e+01,6.095501359397e+00,2.141214126527e+05,1.916143641867e+03,2.386836564927e+01,6.791462224836e-04
4.929014605747e-03,2.043341625089e+01,6.093648833223e+00,2.143986766937e+05,1.915756370906e+03,2.387319066686e+01,6.781979720199e-04
4.929101481405e-03,2.042769500556e+01,6.091795134128e+00,2.146763636229e+05,1.915369012584e+03,2.387801872471e+01,6.772507083003e-04
4.929188263577e-03,2.042197244045e+01,6.089940262729e+00,2.149544722761e+05,1.914981567113e+03,2.388284982271e+01,6.763044366644e-04
4.929274952394e-03,2.041624855138e+01,6.088084219374e+00,2.152330074534e+05,1.914594034218e+03,2.388768396678e+01,6.753591438219e-04
4.929361547988e-03,2.041052333424e+01,6.086227000347e+00,2.155119658526e+05,1.914206413629e+03,2.389252116280e+01,6.744148415188e-04
4.929448050407e-03,2.040479679024e+01,6.084368605885e+00,2.157913504749e+05,1.913818705439e+03,2.389736141215e+01,6.734715220135e-04
4.929534459785e-03,2.039906891520e+01,6.082509034529e+00,2.160711624482e+05,1.913430909372e+03,2.390220472076e+01,6.725291834168e-04
4.929620776174e-03,2.039333971001e+01,6.080648285807e+00,2.163513997668e+05,1.913043025501e+03,2.390705109027e+01,6.715878335704e-04
4.929706999735e-03,2.038760916861e+01,6.078786359208e+00,2.166320673887e+05,1.912655053424e+03,2.391190052824e+01,6.706474588359e-04
4.929793130515e-03,2.038187729234e+01,6.076923253022e+00,2.169131625330e+05,1.912266993240e+03,2.391675303597e+01,6.697080693004e-04
4.929879168614e-03,2.037614407916e+01,6.075058966239e+00,2.171946870498e+05,1.911878844821e+03,2.392160861758e+01,6.687696608377e-04
4.929965114185e-03,2.037040952321e+01,6.073193497641e+00,2.174766435009e+05,1.911490607781e+03,2.392646728047e+01,6.678322272477e-04
4.930050967276e-03,2.036467362595e+01,6.071326846327e+00,2.177590292471e+05,1.911102282227e+03,2.393132902584e+01,6.668957781818e-04
4.930136727995e-03,2.035893638465e+01,6.069459012284e+00,2.180418485565e+05,1.910713867985e+03,2.393619385845e+01,6.659603022871e-04
4.930222396429e-03,2.035319779789e+01,6.067589993489e+00,2.183251001458e+05,1.910325364967e+03,2.394106178192e+01,6.650258049855e-04
4.930307972702e-03,2.034745786203e+01,6.065719788404e+00,2.186087843452e+05,1.909936772938e+03,2.394593280179e+01,6.640922868427e-04
4.930393456901e-03,2.034171657559e+01,6.063848397822e+00,2.188929048980e+05,1.909548091807e+03,2.395080692178e+01,6.631597382824e-04
4.930478849132e-03,2.033597393609e+01,6.061975818967e+00,2.191774587633e+05,1.909159321414e+03,2.395568414645e+01,6.622281699553e-04
4.930564149434e-03,2.033022994532e+01,6.060102052722e+00,2.194624494720e+05,1.908770461893e+03,2.396056447672e+01,6.612975728947e-04
4.930649357983e-03,2.032448459595e+01,6.058227095705e+00,2.197478773688e+05,1.908381512756e+03,2.396544792129e+01,6.603679475494e-04
4.930734474879e-03,2.031873788579e+01,6.056350946845e+00,2.200337411460e+05,1.907992473863e+03,2.397033448450e+01,6.594392994439e-04
4.930819500119e-03,2.031298981953e+01,6.054473609528e+00,2.203200456074e+05,1.907603345545e+03,2.397522416482e+01,6.585116161030e-04
4.930904433921e-03,2.030724038683e+01,6.052595077829e+00,2.206067875204e+05,1.907214127108e+03,2.398011697355e+01,6.575849084703e-04
4.930989276305e-03,2.030148959095e+01,6.050715352543e+00,2.208939698424e+05,1.906824818785e+03,2.398501291036e+01,6.566591693833e-04
4.931074027364e-03,2.029573743011e+01,6.048834433128e+00,2.211815937566e+05,1.906435420464e+03,2.398991197929e+01,6.557343969863e-04
4.931158687241e-03,2.028998389894e+01,6.046952317012e+00,2.214696574171e+05,1.906045931792e+03,2.399481418738e+01,6.548105982580e-04
4.931243256028e-03,2.028422899584e+01,6.045069005120e+00,2.217581657220e+05,1.905656352671e+03,2.399971953850e+01,6.538877605101e-04
4.931327733794e-03,2.027847272057e+01,6.043184495220e+00,2.220471159230e+05,1.905266683094e+03,2.400462803536e+01,6.529658932949e-04
4.931412120637e-03,2.027271507089e+01,6.041298786225e+00,2.223365099287e+05,1.904876922920e+03,2.400953968236e+01,6.520449925733e-04
4.931496416680e-03,2.026695604297e+01,6.039411877534e+00,2.226263502720e+05,1.904487071899e+03,2.401445448529e+01,6.511250526132e-04
4.931580621976e-03,2.026119563760e+01,6.037523768047e+00,2.229166342520e+05,1.904097130095e+03,2.401937244599e+01,6.502060828431e-04
4.931664736665e-03,2.025543384978e+01,6.035634457050e+00,2.232073664773e+05,1.903707097179e+03,2.402429357125e+01,6.492880715037e-04
4.931748760817e-03,2.024967067917e+01,6.033743942798e+00,2.234985454144e+05,1.903316973139e+03,2.402921786388e+01,6.483710245563e-04
4.931832694544e-03,2.024390612255e+01,6.031852223875e+00,2.237901716013e+05,1.902926757767e+03,2.403414532917e+01,6.474549420047e-04
4.931916537939e-03,2.023814017807e+01,6.029959300859e+00,2.240822487140e+05,1.902536450948e+03,2.403907597122e+01,6.465398149806e-04
4.932000291091e-03,2.023237284407e+01,6.028065171309e+00,2.243747736444e+05,1.902146052578e+03,2.404400979400e+01,6.456256538989e-04
4.932083954076e-03,2.022660411977e+01,6.026169835387e+00,2.246677503410e+05,1.901755562616e+03,2.404894680072e+01,6.447124490697e-04
4.932167527032e-03,2.022083400017e+01,6.024273290321e+00,2.249611786827e+05,1.901364980734e+03,2.405388699822e+01,6.438002023333e-04
4.932251010012e-03,2.021506248609e+01,6.022375536026e+00,2.252550576213e+05,1.900974306998e+03,2.405883038832e+01,6.428889183068e-04
4.932334403158e-03,2.020928957217e+01,6.020476572421e+00,2.255493922228e+05,1.900583541054e+03,2.406377697819e+01,6.419785842981e-04
4.932417706512e-03,2.020351526003e+01,6.018576397639e+00,2.258441786918e+05,1.900192683022e+03,2.406872676901e+01,6.410692125481e-04
4.932500920231e-03,2.019773954324e+01,6.016675009480e+00,2.261394208364e+05,1.899801732478e+03,2.407367976885e+01,6.401607937882e-04
4.932584044344e-03,2.019196242424e+01,6.014772408323e+00,2.264351192107e+05,1.899410689598e+03,2.407863597819e+01,6.392533281067e-04
4.932667078990e-03,2.018618389789e+01,6.012868591904e+00,2.267312721015e+05,1.899019554043e+03,2.408359540402e+01,6.383468218619e-04
4.932750024259e-03,2.018040396235e+01,6.010963561380e+00,2.270278848831e+05,1.898628325700e+03,2.408855805050e+01,6.374412617331e-04
4.932832880234e-03,2.017462261641e+01,6.009057313869e+00,2.273249540866e+05,1.898237004496e+03,2.409352392127e+01,6.365366588559e-04
4.932915646986e-03,2.016883985950e+01,6.007149848825e+00,2.276224824389e+05,1.897845590404e+03,2.409849301939e+01,6.356330071746e-04
4.932998324671e-03,2.016305568518e+01,6.005241164434e+00,2.279204719484e+05,1.897454082999e+03,2.410346535301e+01,6.347303026973e-04
4.933080913353e-03,2.015727009347e+01,6.003331259665e+00,2.282189201608e+05,1.897062482291e+03,2.410844092471e+01,6.338285538025e-04
4.933163413110e-03,2.015148308339e+01,6.001420135501e+00,2.285178320202e+05,1.896670788227e+03,2.411341973793e+01,6.329277485219e-04
4.933245824032e-03,2.014569465306e+01,5.999507789294e+00,2.288172051258e+05,1.896279000687e+03,2.411840179691e+01,6.320278949355e-04
4.933328146261e-03,2.013990479708e+01,5.997594218894e+00,2.291170412403e+05,1.895887119319e+03,2.412338710891e+01,6.311289896973e-04
4.933410379829e-03,2.013411351754e+01,5.995679425747e+00,2.294173430007e+05,1.895495144273e+03,2.412837567475e+01,6.302310273050e-04
4.933492524900e-03,2.012832080734e+01,5.993763406023e+00,2.297181078596e+05,1.895103075080e+03,2.413336750318e+01,6.293340161653e-04
4.933574581504e-03,2.012252666897e+01,5.991846161411e+00,2.300193402132e+05,1.894710911920e+03,2.413836259469e+01,6.284379459877e-04
4.933656549739e-03,2.011673109980e+01,5.989927689443e+00,2.303210386939e+05,1.894318654623e+03,2.414336095418e+01,6.275428219721e-04
4.933738429753e-03,2.011093409394e+01,5.988007987807e+00,2.306232039232e+05,1.893926302804e+03,2.414836258936e+01,6.266486439421e-04
4.933820221622e-03,2.010513565048e+01,5.986087057386e+00,2.309258397216e+05,1.893533856411e+03,2.415336750367e+01,6.257554032796e-04
4.933901925381e-03,2.009933577131e+01,5.984164896884e+00,2.312289426310e+05,1.893141315581e+03,2.415837569815e+01,6.248631108332e-04
4.933983541165e-03,2.009353445143e+01,5.982241505093e+00,2.315325170870e+05,1.892748679989e+03,2.416338717975e+01,6.239717562218e-04
4.934065069124e-03,2.008773168445e+01,5.980316878717e+00,2.318365628695e+05,1.892355949212e+03,2.416840195666e+01,6.230813414987e-04
4.934146509216e-03,2.008192747801e+01,5.978391019914e+00,2.321410787777e+05,1.891963123778e+03,2.417342002494e+01,6.221918715782e-04
4.934227861672e-03,2.007612181998e+01,5.976463926264e+00,2.324460702035e+05,1.891570202878e+03,2.417844139775e+01,6.213033336616e-04
4.934309126524e-03,2.007031471250e+01,5.974535596140e+00,2.327515332489e+05,1.891177186665e+03,2.418346607594e+01,6.204157396126e-04
4.934390303867e-03,2.006450615333e+01,5.972606028839e+00,2.330574718751e+05,1.890784075001e+03,2.418849406411e+01,6.195290804651e-04
4.934471393729e-03,2.005869614483e+01,5.970675224368e+00,2.333638863087e+05,1.890390868056e+03,2.419352536290e+01,6.186433572205e-04
4.934552396361e-03,2.005288467359e+01,5.968743177897e+00,2.336707753909e+05,1.889997564933e+03,2.419855998662e+01,6.177585743752e-04
4.934633311715e-03,2.004707174735e+01,5.966809893988e+00,2.339781444101e+05,1.889604166167e+03,2.420359793127e+01,6.168747198865e-04
4.934714139922e-03,2.004125736128e+01,5.964875368305e+00,2.342859894259e+05,1.889210671441e+03,2.420863920374e+01,6.159918054569e-04
4.934794881099e-03,2.003544151128e+01,5.962939599141e+00,2.345943141874e+05,1.888817080491e+03,2.421368381029e+01,6.151098227529e-04
4.934875535330e-03,2.002962419579e+01,5.961002585909e+00,2.349031198559e+05,1.888423393219e+03,2.421873175500e+01,6.142287703573e-04
4.934956102685e-03,2.002380541427e+01,5.959064327730e+00,2.352124041650e+05,1.888029609604e+03,2.422378304102e+01,6.133486557486e-04
4.935036583282e-03,2.001798516255e+01,5.957124824896e+00,2.355221728424e+05,1.887635729372e+03,2.422883767472e+01,6.124694657388e-04
4.935116977180e-03,2.001216344088e+01,5.955184075060e+00,2.358324223762e+05,1.887241752551e+03,2.423389565863e+01,6.115912108688e-04
4.935197284550e-03,2.000634024123e+01,5.953242075170e+00,2.361431558501e+05,1.886847678609e+03,2.423895700244e+01,6.107138846132e-04
4.935277505353e-03,2.000051557095e+01,5.951298827979e+00,2.364543747594e+05,1.886453508056e+03,2.424402170249e+01,6.098374848749e-04
4.935357639803e-03,1.999468941882e+01,5.949354328689e+00,2.367660770504e+05,1.886059240143e+03,2.424908977131e+01,6.089620183329e-04
4.935437687923e-03,1.998886178776e+01,5.947408579641e+00,2.370782678107e+05,1.885664875078e+03,2.425416120908e+01,6.080874737002e-04
4.935517649841e-03,1.998303267275e+01,5.945461577048e+00,2.373909445486e+05,1.885270412534e+03,2.425923602296e+01,6.072138587403e-04
4.935597525620e-03,1.997720207366e+01,5.943513320491e+00,2.377041090604e+05,1.884875852513e+03,2.426431421579e+01,6.063411704299e-04
4.935677315350e-03,1.997136998835e+01,5.941563809866e+00,2.380177641205e+05,1.884481194881e+03,2.426939579222e+01,6.054694033654e-04
4.935757019179e-03,1.996553641051e+01,5.939613041702e+00,2.383319070737e+05,1.884086439223e+03,2.427448076051e+01,6.045985657177e-04
4.935836637109e-03,1.995970134437e+01,5.937661018460e+00,2.386465426995e+05,1.883691585837e+03,2.427956911976e+01,6.037286471376e-04
4.935916169292e-03,1.995386478314e+01,5.935707736066e+00,2.389616692881e+05,1.883296634273e+03,2.428466087867e+01,6.028596533279e-04
4.935995615808e-03,1.994802672550e+01,5.933753193698e+00,2.392772878949e+05,1.882901584456e+03,2.428975604118e+01,6.019915831821e-04
4.936074976756e-03,1.994218716849e+01,5.931797391278e+00,2.395934020579e+05,1.882506436195e+03,2.429485461265e+01,6.011244294878e-04
4.936154252205e-03,1.993634611155e+01,5.929840326948e+00,2.399100084961e+05,1.882111189465e+03,2.429995659640e+01,6.002582019357e-04
4.936233442230e-03,1.993050355346e+01,5.927882001067e+00,2.402271120655e+05,1.881715844194e+03,2.430506199627e+01,5.993928900459e-04
4.936312546996e-03,1.992465948659e+01,5.925922409555e+00,2.405447117377e+05,1.881320399877e+03,2.431017082176e+01,5.985284977791e-04
4.936391566517e-03,1.991881391428e+01,5.923961553149e+00,2.408628075718e+05,1.880924856754e+03,2.431528307275e+01,5.976650266033e-04
4.936470500897e-03,1.991296683324e+01,5.921999431929e+00,2.411814037915e+05,1.880529214611e+03,2.432039875493e+01,5.968024677407e-04
4.936549350287e-03,1.990711823665e+01,5.920036041663e+00,2.415004971598e+05,1.880133473000e+03,2.432551787713e+01,5.959408305556e-04
4.936628114678e-03,1.990126812968e+01,5.918071384589e+00,2.418200919932e+05,1.879737632282e+03,2.433064043761e+01,5.950801061159e-04
4.936706794238e-03,1.989541650421e+01,5.916105456716e+00,2.421401878693e+05,1.879341691918e+03,2.433576644636e+01,5.942202968711e-04
4.936785389054e-03,1.988956335821e+01,5.914138256982e+00,2.424607844614e+05,1.878945651785e+03,2.434089590795e+01,5.933614051705e-04
4.936863899163e-03,1.988370869330e+01,5.912169787358e+00,2.427818863368e+05,1.878549512003e+03,2.434602882385e+01,5.925034216210e-04
4.936942324660e-03,1.987785250683e+01,5.910200044759e+00,2.431034897580e+05,1.878153272404e+03,2.435116519923e+01,5.916463567235e-04
4.937020665757e-03,1.987199478739e+01,5.908229025613e+00,2.434255997825e+05,1.877756932229e+03,2.435630504695e+01,5.907901996523e-04
4.937098922330e-03,1.986613554862e+01,5.906256733478e+00,2.437482153142e+05,1.877360492412e+03,2.436144835791e+01,5.899349547751e-04
4.937177094665e-03,1.986027477361e+01,5.904283162278e+00,2.440713362360e+05,1.876963951820e+03,2.436659514981e+01,5.890806237287e-04
4.937255182767e-03,1.985441246624e+01,5.902308314972e+00,2.443949675429e+05,1.876567310730e+03,2.437174542213e+01,5.882271962906e-04
4.937333186680e-03,1.984854862768e+01,5.900332189535e+00,2.447191050370e+05,1.876170569230e+03,2.437689917674e+01,5.873746839705e-04
4.937411106583e-03,1.984268324891e+01,5.898354782976e+00,2.450437535056e+05,1.875773726724e+03,2.438205642442e+01,5.865230767616e-04
4.937488942527e-03,1.983681633039e+01,5.896376094631e+00,2.453689130371e+05,1.875376783254e+03,2.438721716769e+01,5.856723760127e-04
4.937566694596e-03,1.983094787026e+01,5.894396123489e+00,2.456945821457e+05,1.874979738707e+03,2.439238141105e+01,5.848225868153e-04
4.937644362879e-03,1.982507786623e+01,5.892414870618e+00,2.460207666622e+05,1.874582592939e+03,2.439754915945e+01,5.839736970549e-04
4.937721947481e-03,1.981920631465e+01,5.890432332174e+00,2.463474624290e+05,1.874185345716e+03,2.440272041901e+01,5.831257179285e-04
4.937799448464e-03,1.981333321535e+01,5.888448507954e+00,2.466746736295e+05,1.873787997038e+03,2.440789519278e+01,5.822786411070e-04
4.937876865930e-03,1.980745856490e+01,5.886463396174e+00,2.470024009649e+05,1.873390546686e+03,2.441307348672e+01,5.814324664591e-04
4.937954200007e-03,1.980158235804e+01,5.884476994663e+00,2.473306426734e+05,1.872992994316e+03,2.441825530837e+01,5.805871996337e-04
4.938031450685e-03,1.979570459983e+01,5.882489307145e+00,2.476594046076e+05,1.872595340283e+03,2.442344065622e+01,5.797428287608e-04
4.938108618176e-03,1.978982527856e+01,5.880500326874e+00,2.479886828610e+05,1.872197583805e+03,2.442862954354e+01,5.788993641935e-04
4.938185702482e-03,1.978394439856e+01,5.878510055012e+00,2.483184812763e+05,1.871799725190e+03,2.443382196944e+01,5.780567985739e-04
4.938262703691e-03,1.977806195737e+01,5.876518490296e+00,2.486488008182e+05,1.871401764281e+03,2.443901793906e+01,5.772151312080e-04
4.938339621938e-03,1.977217794916e+01,5.874525630318e+00,2.489796394442e+05,1.871003700699e+03,2.444421746048e+01,5.763743683241e-04
4.938416457309e-03,1.976629237170e+01,5.872531476385e+00,2.493110036373e+05,1.870605534304e+03,2.444942053864e+01,5.755344966926e-04
4.938493209868e-03,1.976040522437e+01,5.870536025445e+00,2.496428888429e+05,1.870207265065e+03,2.445462717708e+01,5.746955281714e-04
4.938569879669e-03,1.975451650758e+01,5.868539277250e+00,2.499752989822e+05,1.869808893025e+03,2.445983737837e+01,5.738574552821e-04
4.938646466843e-03,1.974862621551e+01,5.866541229578e+00,2.503082354572e+05,1.869410417801e+03,2.446505115068e+01,5.730202763298e-04
4.938722971530e-03,1.974273434184e+01,5.864541879754e+00,2.506416961157e+05,1.869011838979e+03,2.447026850255e+01,5.721839977136e-04
4.938799393688e-03,1.973684089414e+01,5.862541232308e+00,2.509756868638e+05,1.868613157083e+03,2.447548943028e+01,5.713486078369e-04
4.938875733515e-03,1.973094586152e+01,5.860539280798e+00,2.513102039062e+05,1.868214371388e+03,2.448071394654e+01,5.705141165576e-04
4.938951991071e-03,1.972504924378e+01,5.858536024763e+00,2.516452509917e+05,1.867815481894e+03,2.448594205448e+01,5.696805169076e-04
4.939028166420e-03,1.971915104022e+01,5.856531463789e+00,2.519808294449e+05,1.867416488566e+03,2.449117375774e+01,5.688478074814e-04
4.939104259662e-03,1.971325124761e+01,5.854525596168e+00,2.523169368294e+05,1.867017391199e+03,2.449640906218e+01,5.680159952784e-04
4.939180270869e-03,1.970734986459e+01,5.852518423344e+00,2.526535795626e+05,1.866618189714e+03,2.450164797206e+01,5.671850676140e-04
4.939256200183e-03,1.970144688459e+01,5.850509940393e+00,2.529907537152e+05,1.866218883677e+03,2.450689049622e+01,5.663550345884e-04
4.939332047584e-03,1.969554231348e+01,5.848500148918e+00,2.533284625634e+05,1.865819473499e+03,2.451213663248e+01,5.655258904810e-04
4.939407813310e-03,1.968963613721e+01,5.846489043998e+00,2.536667083374e+05,1.865419958243e+03,2.451738639637e+01,5.646976317374e-04
4.939483497303e-03,1.968372836448e+01,5.844476627945e+00,2.540054878367e+05,1.865020338511e+03,2.452263978318e+01,5.638702671294e-04
4.939559099754e-03,1.967781898486e+01,5.842462899082e+00,2.543448080356e+05,1.864620613609e+03,2.452789680525e+01,5.630437828131e-04
4.939634620677e-03,1.967190800162e+01,5.840447855858e+00,2.546846644777e+05,1.864220783770e+03,2.453315746274e+01,5.622181900593e-04
4.939710060205e-03,1.966599540869e+01,5.838431495813e+00,2.550250610839e+05,1.863820848599e+03,2.453842176409e+01,5.613934816720e-04
4.939785418411e-03,1.966008120463e+01,5.836413818318e+00,2.553659994328e+05,1.863420808010e+03,2.454368971367e+01,5.605696557587e-04
4.939860695336e-03,1.965416539060e+01,5.834394823112e+00,2.557074767017e+05,1.863020662094e+03,2.454896131350e+01,5.597467200602e-04
4.939935891182e-03,1.964824795523e+01,5.832374508193e+00,2.560494999921e+05,1.862620410097e+03,2.455423657680e+01,5.589246606567e-04
4.940011005883e-03,1.964232890784e+01,5.830352874074e+00,2.563920644558e+05,1.862220052660e+03,2.455951549837e+01,5.581034896107e-04
4.940086039685e-03,1.963640823358e+01,5.828329915285e+00,2.567351745750e+05,1.861819588792e+03,2.456479809452e+01,5.572831985110e-04
4.940160992527e-03,1.963048594145e+01,5.826305634739e+00,2.570788313158e+05,1.861419019116e+03,2.457008436033e+01,5.564637869700e-04
4.940235864596e-03,1.962456202115e+01,5.824280028285e+00,2.574230324983e+05,1.861018342949e+03,2.457537430809e+01,5.556452611051e-04
4.940310655936e-03,1.961863647346e+01,5.822253098100e+00,2.577677846245e+05,1.860617560356e+03,2.458066794022e+01,5.548276086612e-04
4.940385366632e-03,1.961270929604e+01,5.820224840679e+00,2.581130834016e+05,1.860216671191e+03,2.458596526195e+01,5.540108402034e-04
4.940459996805e-03,1.960678048365e+01,5.818195253831e+00,2.584589328996e+05,1.859815675114e+03,2.459126628105e+01,5.531949484621e-04
4.940534546479e-03,1.960085003862e+01,5.816164338124e+00,2.588053343856e+05,1.859414572296e+03,2.459657099859e+01,5.523799323395e-04
4.940609015791e-03,1.959491795446e+01,5.814132090767e+00,2.591522854709e+05,1.859013362311e+03,2.460187942349e+01,5.515657983852e-04
4.940683404814e-03,1.958898422972e+01,5.812098513246e+00,2.594997929223e+05,1.858612045074e+03,2.460719156021e+01,5.507525339506e-04
4.940757713609e-03,1.958304886380e+01,5.810063602575e+00,2.598478521480e+05,1.858210620558e+03,2.461250741244e+01,5.499401501203e-04
4.940831942313e-03,1.957711185009e+01,5.808027356092e+00,2.601964675362e+05,1.857809088331e+03,2.461782698923e+01,5.491286390520e-04
4.940906090947e-03,1.957117319134e+01,5.805989774405e+00,2.605456401639e+05,1.857407448588e+03,2.462315029131e+01,5.483180000812e-04
4.940980159682e-03,1.956523287807e+01,5.803950853793e+00,2.608953678627e+05,1.857005700706e+03,2.462847733031e+01,5.475082391913e-04
4.941054148474e-03,1.955929091824e+01,5.801910599079e+00,2.612456570166e+05,1.856603845236e+03,2.463380810228e+01,5.466993448641e-04
4.941128057526e-03,1.955334729975e+01,5.799869003217e+00,2.615965034294e+05,1.856201881371e+03,2.463914262127e+01,5.458913270604e-04
4.941201886878e-03,1.954740202387e+01,5.797826066243e+00,2.619479113624e+05,1.855799809212e+03,2.464448088932e+01,5.450841784309e-04
4.941275636604e-03,1.954145508880e+01,5.795781787139e+00,2.622998818851e+05,1.855397628650e+03,2.464982291122e+01,5.442778982911e-04
4.941349306841e-03,1.953550648788e+01,5.793736163207e+00,2.626524128518e+05,1.854995339250e+03,2.465516869617e+01,5.434724925526e-04
4.941422897589e-03,1.952955622552e+01,5.791689198080e+00,2.630055108615e+05,1.854592941323e+03,2.466051824341e+01,5.426679493938e-04
4.941496409022e-03,1.952360429181e+01,5.789640885438e+00,2.633591714222e+05,1.854190434212e+03,2.466587156506e+01,5.418642792887e-04
4.941569841114e-03,1.951765069326e+01,5.787591227175e+00,2.637133988135e+05,1.853787818371e+03,2.467122865849e+01,5.410614750415e-04
4.941643194054e-03,1.951169541880e+01,5.785540219016e+00,2.640681942772e+05,1.853385093065e+03,2.467658953689e+01,5.402595355188e-04
4.941716467897e-03,1.950573846838e+01,5.783487860548e+00,2.644235556892e+05,1.852982258306e+03,2.468195420350e+01,5.394584666071e-04
4.941789662719e-03,1.949977984009e+01,5.781434153048e+00,2.647794897089e+05,1.852579313978e+03,2.468732266331e+01,5.386582564551e-04
4.941862778584e-03,1.949381953301e+01,5.779379093456e+00,2.651359914152e+05,1.852176260032e+03,2.469269492040e+01,5.378589164054e-04
4.941935815605e-03,1.948785754222e+01,5.777322679910e+00,2.654930660052e+05,1.851773096150e+03,2.469807098243e+01,5.370604373944e-04
4.942008773878e-03,1.948189386430e+01,5.775264910582e+00,2.658507138291e+05,1.851369822113e+03,2.470345085578e+01,5.362628202092e-04
4.942081653409e-03,1.947592850290e+01,5.773205786337e+00,2.662089330598e+05,1.850966438185e+03,2.470883454037e+01,5.354660701157e-04
4.942154454383e-03,1.946996144726e+01,5.771145305190e+00,2.665677304826e+05,1.850562943649e+03,2.471422204922e+01,5.346701750651e-04
4.942227176799e-03,1.946399270185e+01,5.769083466147e+00,2.669271009936e+05,1.850159338823e+03,2.471961338156e+01,5.338751467113e-04
4.942299820852e-03,1.945802225482e+01,5.767020265158e+00,2.672870504860e+05,1.849755622921e+03,2.472500855137e+01,5.330809746782e-04
4.942372386467e-03,1.945205011664e+01,5.764955704983e+00,2.676475779408e+05,1.849351796662e+03,2.473040755251e+01,5.322876626473e-04
4.942444873861e-03,1.944607627390e+01,5.762889780586e+00,2.680086831899e+05,1.848947859157e+03,2.473581040035e+01,5.314952123105e-04
4.942517283074e-03,1.944010072744e+01,5.760822493741e+00,2.683703718219e+05,1.848543810475e+03,2.474121709747e+01,5.307036143105e-04
4.942589614166e-03,1.943412347671e+01,5.758753841961e+00,2.687326392147e+05,1.848139650592e+03,2.474662764768e+01,5.299128791576e-04
4.942661867235e-03,1.942814451788e+01,5.756683824226e+00,2.690954910951e+05,1.847735379266e+03,2.475204205774e+01,5.291229970929e-04
4.942734042408e-03,1.942216384466e+01,5.754612437242e+00,2.694589268298e+05,1.847330996084e+03,2.475746033670e+01,5.283339707726e-04
4.942806139651e-03,1.941618146415e+01,5.752539683066e+00,2.698229457521e+05,1.846926501542e+03,2.476288248142e+01,5.275458031191e-04
4.942878159209e-03,1.941019736042e+01,5.750465557367e+00,2.701875538765e+05,1.846521894576e+03,2.476830850971e+01,5.267584838545e-04
4.942950101011e-03,1.940421154364e+01,5.748390061669e+00,2.705527461447e+05,1.846117175888e+03,2.477373841568e+01,5.259720243707e-04
4.943021965252e-03,1.939822400174e+01,5.746313192383e+00,2.709185291461e+05,1.845712344677e+03,2.477917221363e+01,5.251864133123e-04
4.943093751942e-03,1.939223473835e+01,5.744234949358e+00,2.712849009173e+05,1.845307401202e+03,2.478460990363e+01,5.244016559929e-04
4.943165461234e-03,1.938624374481e+01,5.742155329183e+00,2.716518626122e+05,1.844902344895e+03,2.479005149689e+01,5.236177515929e-04
4.943237093102e-03,1.938025102763e+01,5.740074334973e+00,2.720194181831e+05,1.844497176207e+03,2.479549699089e+01,5.228346942293e-04
4.943308647777e-03,1.937425657184e+01,5.737991959859e+00,2.723875643681e+05,1.844091894142e+03,2.480094640259e+01,5.220524914063e-04
4.943380125162e-03,1.936826038973e+01,5.735908209052e+00,2.727563066647e+05,1.843686499547e+03,2.480639972422e+01,5.212711343837e-04
4.943451525543e-03,1.936226246164e+01,5.733823073961e+00,2.731256437136e+05,1.843280991104e+03,2.481185697706e+01,5.204906269360e-04
4.943522848821e-03,1.935626280013e+01,5.731736558548e+00,2.734955763438e+05,1.842875369681e+03,2.481731815305e+01,5.197109691614e-04
4.943594095165e-03,1.935026139526e+01,5.729648659834e+00,2.738661087241e+05,1.842469634617e+03,2.482278326466e+01,5.189321546265e-04
4.943665264658e-03,1.934425824434e+01,5.727559375589e+00,2.742372371394e+05,1.842063785749e+03,2.482825231775e+01,5.181541917918e-04
4.943736357372e-03,1.933825334556e+01,5.725468706509e+00,2.746089683986e+05,1.841657822966e+03,2.483372531740e+01,5.173770694437e-04
4.943807373374e-03,1.933224669744e+01,5.723376649936e+00,2.749812990924e+05,1.841251746183e+03,2.483920226839e+01,5.166007953775e-04
4.943878312757e-03,1.932623829649e+01,5.721283204245e+00,2.753542321422e+05,1.840845555181e+03,2.484468317731e+01,5.158253655701e-04
4.943949175593e-03,1.932022814073e+01,5.719188368799e+00,2.757277703264e+05,1.840439249840e+03,2.485016804942e+01,5.150507763708e-04
4.944019961980e-03,1.931421622630e+01,5.717092141381e+00,2.761019103465e+05,1.840032829915e+03,2.485565689169e+01,5.142770353780e-04
4.944090672010e-03,1.930820254951e+01,5.714994522472e+00,2.764766596166e+05,1.839626295170e+03,2.486114971093e+01,5.135041304487e-04
4.944161305725e-03,1.930218711099e+01,5.712895509705e+00,2.768520135583e+05,1.839219645663e+03,2.486664651007e+01,5.127320714444e-04
4.944231863219e-03,1.929616990719e+01,5.710795101435e+00,2.772279763271e+05,1.838812881170e+03,2.487214729578e+01,5.119608521273e-04
4.944302344629e-03,1.929015093050e+01,5.708693294595e+00,2.776045500413e+05,1.838406001190e+03,2.487765207852e+01,5.111904700289e-04
4.944372749919e-03,1.928413018829e+01,5.706590091349e+00,2.779817311109e+05,1.837999006240e+03,2.488316085500e+01,5.104209333746e-04
4.944443079314e-03,1.927810766559e+01,5.704485488690e+00,2.783595281486e+05,1.837591895320e+03,2.488867364242e+01,5.096522279111e-04
4.944513332751e-03,1.927208337194e+01,5.702379486911e+00,2.787379349104e+05,1.837184669090e+03,2.489419043557e+01,5.088843665014e-04
4.944583510422e-03,1.926605729530e+01,5.700272081405e+00,2.791169574249e+05,1.836777326753e+03,2.489971124896e+01,5.081173394844e-04
4.944653612368e-03,1.926002943628e+01,5.698163271964e+00,2.794965959703e+05,1.836369868365e+03,2.490523608556e+01,5.073511479013e-04
4.944723638661e-03,1.925399979295e+01,5.696053057502e+00,2.798768488868e+05,1.835962293812e+03,2.491076495062e+01,5.065857962559e-04
4.944793589346e-03,1.924796836566e+01,5.693941439839e+00,2.802577227199e+05,1.835554603132e+03,2.491629784737e+01,5.058212744087e-04
4.944863464620e-03,1.924193514168e+01,5.691828411999e+00,2.806392130540e+05,1.835146795478e+03,2.492183479103e+01,5.050575915163e-04
4.944933264423e-03,1.923590013041e+01,5.689713977408e+00,2.810213251465e+05,1.834738871504e+03,2.492737577651e+01,5.042947397860e-04
4.945002988973e-03,1.922986331727e+01,5.687598130006e+00,2.814040589817e+05,1.834330830240e+03,2.493292082073e+01,5.035327205489e-04
4.945072638195e-03,1.922382471288e+01,5.685480873099e+00,2.817874135904e+05,1.833922672417e+03,2.493846991750e+01,5.027715371835e-04
4.945142212298e-03,1.921778430350e+01,5.683362202998e+00,2.821713951881e+05,1.833514397124e+03,2.494402308301e+01,5.020111800787e-04
4.945211711326e-03,1.921174208941e+01,5.681242117855e+00,2.825559990108e+05,1.833106004394e+03,2.494958032057e+01,5.012516591085e-04
4.945281135340e-03,1.920569806955e+01,5.679120618011e+00,2.829412316074e+05,1.832697494173e+03,2.495514163473e+01,5.004929642420e-04
4.945350484422e-03,1.919965224109e+01,5.676997700939e+00,2.833270908455e+05,1.832288866284e+03,2.496070703169e+01,4.997351006500e-04
4.945419758667e-03,1.919360459988e+01,5.674873364765e+00,2.837135783189e+05,1.831880120463e+03,2.496627651885e+01,4.989780669710e-04
4.945488958136e-03,1.918755514486e+01,5.672747609619e+00,2.841006980964e+05,1.831471256652e+03,2.497185010079e+01,4.982218576374e-04
4.945558082960e-03,1.918150386880e+01,5.670620431643e+00,2.844884464156e+05,1.831062274383e+03,2.497742778778e+01,4.974664805967e-04
4.945627133092e-03,1.917545077998e+01,5.668491835083e+00,2.848768299092e+05,1.830653174226e+03,2.498300957580e+01,4.967119260104e-04
4.945696108793e-03,1.916939585979e+01,5.666361811238e+00,2.852658459602e+05,1.830243954943e+03,2.498859548564e+01,4.959581995837e-04
4.945765009999e-03,1.916333911803e+01,5.664230363137e+00,2.856554970391e+05,1.829834617211e+03,2.499418551187e+01,4.952052986442e-04
4.945833836875e-03,1.915728054446e+01,5.662097486997e+00,2.860457863396e+05,1.829425160354e+03,2.499977966760e+01,4.944532190685e-04
4.945902589392e-03,1.915122014576e+01,5.659963184526e+00,2.864367097792e+05,1.829015584839e+03,2.500537795029e+01,4.937019694894e-04
4.945971267761e-03,1.914515790756e+01,5.657827452697e+00,2.868282761801e+05,1.828605889713e+03,2.501098037688e+01,4.929515362338e-04
4.946039871985e-03,1.913909383378e+01,5.655690290040e+00,2.872204798556e+05,1.828196075254e+03,2.501658694740e+01,4.922019304454e-04
4.946108402128e-03,1.913302792303e+01,5.653551695647e+00,2.876133259159e+05,1.827786141386e+03,2.502219766680e+01,4.914531448360e-04
4.946176858371e-03,1.912696016337e+01,5.651411664899e+00,2.880068158714e+05,1.827376087319e+03,2.502781254981e+01,4.907051782005e-04
4.946245240649e-03,1.912089056495e+01,5.649270200962e+00,2.884009469213e+05,1.826965913754e+03,2.503343159070e+01,4.899580369449e-04
4.946313549124e-03,1.911481911746e+01,5.647127301959e+00,2.887957267850e+05,1.826555620011e+03,2.503905480272e+01,4.892117095147e-04
4.946381783890e-03,1.910874581670e+01,5.644982963824e+00,2.891911501828e+05,1.826145205821e+03,2.504468219347e+01,4.884662061381e-04
4.946449945031e-03,1.910267065951e+01,5.642837185544e+00,2.895872235274e+05,1.825734670990e+03,2.505031376955e+01,4.877215174781e-04
4.946518032491e-03,1.909659365503e+01,5.640689969419e+00,2.899839451210e+05,1.825324016149e+03,2.505594952624e+01,4.869776479892e-04
4.946586046531e-03,1.909051478402e+01,5.638541308240e+00,2.903813161424e+05,1.824913240017e+03,2.506158948507e+01,4.862345969421e-04
4.946653987133e-03,1.908443405244e+01,5.636391205085e+00,2.907793415357e+05,1.824502343012e+03,2.506723364424e+01,4.854923577651e-04
4.946721854400e-03,1.907835145521e+01,5.634239656361e+00,2.911780167551e+05,1.824091324806e+03,2.507288201223e+01,4.847509393792e-04
4.946789648366e-03,1.907226699346e+01,5.632086663366e+00,2.915773487759e+05,1.823680185494e+03,2.507853459171e+01,4.840103317884e-04
4.946857369150e-03,1.906618066065e+01,5.629932222069e+00,2.919773350411e+05,1.823268924650e+03,2.508419139253e+01,4.832705405633e-04
4.946925016880e-03,1.906009244953e+01,5.627776329489e+00,2.923779781782e+05,1.822857541801e+03,2.508985242517e+01,4.825315627550e-04
4.946992591516e-03,1.905400236779e+01,5.625618988462e+00,2.927792811630e+05,1.822446037482e+03,2.509551768625e+01,4.817933951071e-04
4.947060093254e-03,1.904791040201e+01,5.623460193293e+00,2.931812407298e+05,1.822034410806e+03,2.510118719203e+01,4.810560442833e-04
4.947127522059e-03,1.904181655947e+01,5.621299948326e+00,2.935838643474e+05,1.821622662279e+03,2.510686093951e+01,4.803194998001e-04
4.947194878063e-03,1.903572083245e+01,5.619138248239e+00,2.939871475184e+05,1.821210791397e+03,2.511253893970e+01,4.795837702500e-04
4.947262161399e-03,1.902962321308e+01,5.616975089832e+00,2.943910953064e+05,1.820798797645e+03,2.511822120370e+01,4.788488487571e-04
4.947329372096e-03,1.902352370294e+01,5.614810473253e+00,2.947957089379e+05,1.820386681147e+03,2.512390773386e+01,4.781147348641e-04
4.947396510162e-03,1.901742230529e+01,5.612644399241e+00,2.952009855178e+05,1.819974442141e+03,2.512959853095e+01,4.773814348024e-04
4.947463575802e-03,1.901131900583e+01,5.610476864621e+00,2.956069336419e+05,1.819562079677e+03,2.513529361212e+01,4.766489361811e-04
4.947530569011e-03,1.900521380914e+01,5.608307868298e+00,2.960135470976e+05,1.819149594081e+03,2.514099297696e+01,4.759172503981e-04
4.947597489837e-03,1.899910671501e+01,5.606137410180e+00,2.964208323161e+05,1.818736985357e+03,2.514669662948e+01,4.751863686203e-04
4.947664338487e-03,1.899299770872e+01,5.603965484230e+00,2.968287892366e+05,1.818324252526e+03,2.515240458728e+01,4.744562922414e-04
4.947731114931e-03,1.898688679700e+01,5.601792092430e+00,2.972374172874e+05,1.817911396062e+03,2.515811684793e+01,4.737270237527e-04
4.947797819215e-03,1.898077398005e+01,5.599617235763e+00,2.976467219706e+05,1.817498415995e+03,2.516383341510e+01,4.729985559959e-04
4.947864451561e-03,1.897465924150e+01,5.597440906672e+00,2.980566993145e+05,1.817085311237e+03,2.516955430798e+01,4.722708964694e-04
4.947931011905e-03,1.896854259140e+01,5.595263109693e+00,2.984673560865e+05,1.816672082483e+03,2.517527952104e+01,4.715440361779e-04
4.947997500399e-03,1.896242401998e+01,5.593083839566e+00,2.988786895872e+05,1.816258729090e+03,2.518100906733e+01,4.708179806588e-04
4.948063917105e-03,1.895630352565e+01,5.590903095308e+00,2.992907025361e+05,1.815845250970e+03,2.518674295221e+01,4.700927270896e-04
4.948130262050e-03,1.895018111003e+01,5.588720877367e+00,2.997033980583e+05,1.815431648248e+03,2.519248117808e+01,4.693682721091e-04
4.948196535376e-03,1.894405676412e+01,5.586537181841e+00,3.001167725965e+05,1.815017920336e+03,2.519822375728e+01,4.686446226446e-04
4.948262737135e-03,1.893793048746e+01,5.584352010587e+00,3.005308347054e+05,1.814604067218e+03,2.520397069417e+01,4.679217670220e-04
4.948328867434e-03,1.893180227400e+01,5.582165358607e+00,3.009455789771e+05,1.814190088504e+03,2.520972199836e+01,4.671997148946e-04
4.948394926267e-03,1.892567212861e+01,5.579977227223e+00,3.013610106102e+05,1.813775984540e+03,2.521547766922e+01,4.664784597254e-04
4.948460913803e-03,1.891954003972e+01,5.577787611900e+00,3.017771308482e+05,1.813361754562e+03,2.522123772155e+01,4.657580009490e-04
4.948526830042e-03,1.891340601138e+01,5.575596513671e+00,3.021939376753e+05,1.812947398864e+03,2.522700215549e+01,4.650383432156e-04
4.948592675149e-03,1.890727003240e+01,5.573403930005e+00,3.026114388474e+05,1.812532916705e+03,2.523277098553e+01,4.643194760941e-04
4.948658449080e-03,1.890113211102e+01,5.571209861561e+00,3.030296280451e+05,1.812118308660e+03,2.523854420789e+01,4.636014107330e-04
4.948724152029e-03,1.889499223329e+01,5.569014303774e+00,3.034485133907e+05,1.811703573805e+03,2.524432183968e+01,4.628841360700e-04
4.948789783991e-03,1.888885040371e+01,5.566817257009e+00,3.038680923025e+05,1.811288712462e+03,2.525010388066e+01,4.621676575397e-04
4.948855345089e-03,1.888270661503e+01,5.564618718262e+00,3.042883666357e+05,1.810873724159e+03,2.525589034162e+01,4.614519737055e-04
4.948920835399e-03,1.887656086405e+01,5.562418686670e+00,3.047093410124e+05,1.810458608698e+03,2.526168122962e+01,4.607370790708e-04
4.948986254960e-03,1.887041315130e+01,5.560217161320e+00,3.051310106675e+05,1.810043366134e+03,2.526747654814e+01,4.600229822834e-04
4.949051603842e-03,1.886426347442e+01,5.558014142982e+00,3.055533841532e+05,1.809627996324e+03,2.527327630343e+01,4.593096720621e-04
4.949116882151e-03,1.885811182743e+01,5.555809627080e+00,3.059764568195e+05,1.809212498882e+03,2.527908050519e+01,4.585971566585e-04
4.949182089959e-03,1.885195820761e+01,5.553603612228e+00,3.064002335116e+05,1.808796873644e+03,2.528488916000e+01,4.578854302452e-04
4.949247227359e-03,1.884580261039e+01,5.551396096380e+00,3.068247159595e+05,1.808381120318e+03,2.529070227623e+01,4.571744916793e-04
4.949312294388e-03,1.883964503632e+01,5.549187079319e+00,3.072499014790e+05,1.807965238962e+03,2.529651985740e+01,4.564643464501e-04
4.949377291146e-03,1.883348548010e+01,5.546976560901e+00,3.076757983045e+05,1.807549229235e+03,2.530234191260e+01,4.557549839158e-04
4.949442217709e-03,1.882732393853e+01,5.544764537408e+00,3.081024004547e+05,1.807133090939e+03,2.530816844893e+01,4.550464142188e-04
4.949507074108e-03,1.882116041288e+01,5.542551009447e+00,3.085297150097e+05,1.806716824178e+03,2.531399946926e+01,4.543386284291e-04
4.949571860452e-03,1.881499489673e+01,5.540335973740e+00,3.089577405909e+05,1.806300428537e+03,2.531983498378e+01,4.536316299484e-04
4.949636576846e-03,1.880882738430e+01,5.538119427807e+00,3.093864784500e+05,1.805883903645e+03,2.532567500202e+01,4.529254183400e-04
4.949701223352e-03,1.880265787375e+01,5.535901371400e+00,3.098159336575e+05,1.805467249396e+03,2.533151952986e+01,4.522199877144e-04
4.949765799984e-03,1.879648636778e+01,5.533681804257e+00,3.102461009878e+05,1.805050465991e+03,2.533736856885e+01,4.515153471531e-04
4.949830306883e-03,1.879031285710e+01,5.531460724529e+00,3.106769896193e+05,1.804633552821e+03,2.534322213192e+01,4.508114848041e-04
4.949894744086e-03,1.878413734206e+01,5.529238130035e+00,3.111085945729e+05,1.804216509928e+03,2.534908022289e+01,4.501084092425e-04
4.949959111700e-03,1.877795981669e+01,5.527014018219e+00,3.115409208237e+05,1.803799336929e+03,2.535494285154e+01,4.494061146576e-04
4.950023409752e-03,1.877178028233e+01,5.524788389156e+00,3.119739698769e+05,1.803382033932e+03,2.536081002078e+01,4.487046003879e-04
4.950087638371e-03,1.876559873077e+01,5.522561239479e+00,3.124077395331e+05,1.802964600403e+03,2.536668174253e+01,4.480038709690e-04
4.950151797631e-03,1.875941515887e+01,5.520332569794e+00,3.128422380980e+05,1.802547036148e+03,2.537255802397e+01,4.473039161016e-04
4.950215887519e-03,1.875322957206e+01,5.518102379512e+00,3.132774588086e+05,1.802129341552e+03,2.537843886412e+01,4.466047468436e-04
4.950279908189e-03,1.874704195937e+01,5.515870664858e+00,3.137134098879e+05,1.801711515894e+03,2.538432427758e+01,4.459063528379e-04
4.950343859727e-03,1.874085231675e+01,5.513637423373e+00,3.141500895667e+05,1.801293558919e+03,2.539021427243e+01,4.452087379978e-04
4.950407742163e-03,1.873466064518e+01,5.511402655011e+00,3.145874989261e+05,1.800875470714e+03,2.539610885191e+01,4.445119022713e-04
4.950471555541e-03,1.872846694463e+01,5.509166360000e+00,3.150256427642e+05,1.800457251294e+03,2.540200802029e+01,4.438158404102e-04
4.950535300055e-03,1.872227120013e+01,5.506928531883e+00,3.154645170716e+05,1.800038899669e+03,2.540791179602e+01,4.431205593032e-04
4.950598975635e-03,1.871607342269e+01,5.504689176311e+00,3.159041300375e+05,1.799620416601e+03,2.541382017288e+01,4.424260492201e-04
4.950662582472e-03,1.870987359776e+01,5.502448285543e+00,3.163444771357e+05,1.799201801127e+03,2.541973316898e+01,4.417323176407e-04
4.950726120527e-03,1.870367173317e+01,5.500205862003e+00,3.167855631088e+05,1.798783053795e+03,2.542565078108e+01,4.410393594987e-04
4.950789589985e-03,1.869746781492e+01,5.497961900226e+00,3.172273898922e+05,1.798364173679e+03,2.543157302681e+01,4.403471734088e-04
4.950852990882e-03,1.869126184350e+01,5.495716399980e+00,3.176699553977e+05,1.797945160833e+03,2.543749990998e+01,4.396557637484e-04
4.950916323209e-03,1.868505382377e+01,5.493469364432e+00,3.181132668599e+05,1.797526015604e+03,2.544343143021e+01,4.389651221803e-04
4.950979587141e-03,1.867884374280e+01,5.491220786690e+00,3.185573189357e+05,1.797106737137e+03,2.544936760417e+01,4.382752572528e-04
4.951042782770e-03,1.867263159552e+01,5.488970665440e+00,3.190021200345e+05,1.796687325111e+03,2.545530844099e+01,4.375861588648e-04
4.951105910052e-03,1.866641739020e+01,5.486719002354e+00,3.194476665331e+05,1.796267780103e+03,2.546125393707e+01,4.368978335067e-04
4.951168969132e-03,1.866020111672e+01,5.484465793356e+00,3.198939614877e+05,1.795848101450e+03,2.546720410641e+01,4.362102783267e-04
4.951231960125e-03,1.865398276769e+01,5.482211035508e+00,3.203410093347e+05,1.795428288674e+03,2.547315896041e+01,4.355234886737e-04
4.951294883002e-03,1.864776235002e+01,5.479954730774e+00,3.207888047798e+05,1.795008342261e+03,2.547911849676e+01,4.348374732943e-04
4.951357737893e-03,1.864153985500e+01,5.477696878183e+00,3.212373581791e+05,1.794588261641e+03,2.548508272819e+01,4.341522197050e-04
4.951420524887e-03,1.863531527767e+01,5.475437472947e+00,3.216866629587e+05,1.794168046501e+03,2.549105166381e+01,4.334677380114e-04
4.951483244038e-03,1.862908861679e+01,5.473176514210e+00,3.221367261604e+05,1.793747696777e+03,2.549702530914e+01,4.327840201584e-04
4.951545895402e-03,1.862285987085e+01,5.470914001020e+00,3.225875472621e+05,1.793327212385e+03,2.550300367004e+01,4.321010683124e-04
4.951608479070e-03,1.861662903471e+01,5.468649931114e+00,3.230391262195e+05,1.792906593002e+03,2.550898675578e+01,4.314188839282e-04
4.951670995121e-03,1.861039610464e+01,5.466384303857e+00,3.234914696061e+05,1.792485838393e+03,2.551497457438e+01,4.307374597379e-04
4.951733443597e-03,1.860416108037e+01,5.464117117632e+00,3.239445716039e+05,1.792064948562e+03,2.552096713047e+01,4.300568048718e-04
4.951795824561e-03,1.859792395970e+01,5.461848372851e+00,3.243984413490e+05,1.791643923380e+03,2.552696443059e+01,4.293769087512e-04
4.951858138181e-03,1.859168472980e+01,5.459578062839e+00,3.248530749672e+05,1.791222762001e+03,2.553296649149e+01,4.286977777005e-04
4.951920384439e-03,1.858544339653e+01,5.457306189320e+00,3.253084764959e+05,1.790801464841e+03,2.553897331198e+01,4.280194079174e-04
4.951982563378e-03,1.857919995946e+01,5.455032751750e+00,3.257646478747e+05,1.790380031893e+03,2.554498489689e+01,4.273417983183e-04
4.952044675211e-03,1.857295440125e+01,5.452757743407e+00,3.262215874503e+05,1.789958462005e+03,2.555100126738e+01,4.266649523158e-04
4.952106719853e-03,1.856670673448e+01,5.450481170494e+00,3.266793027987e+05,1.789536756048e+03,2.555702241579e+01,4.259888617799e-04
4.952168697458e-03,1.856045694771e+01,5.448203026433e+00,3.271377879631e+05,1.789114913269e+03,2.556304835762e+01,4.253135356515e-04
4.952230608086e-03,1.855420503865e+01,5.445923310723e+00,3.275970514235e+05,1.788692933536e+03,2.556907909953e+01,4.246389643800e-04
4.952292451761e-03,1.854795100908e+01,5.443642022882e+00,3.280570901557e+05,1.788270816987e+03,2.557511464434e+01,4.239651533292e-04
4.952354228686e-03,1.854169484247e+01,5.441359156490e+00,3.285179075971e+05,1.787848562530e+03,2.558115501246e+01,4.232920993006e-04
4.952415938814e-03,1.853543654737e+01,5.439074714335e+00,3.289795072970e+05,1.787426170761e+03,2.558720020017e+01,4.226197993055e-04
4.952477582166e-03,1.852917612575e+01,5.436788696676e+00,3.294418840434e+05,1.787003641837e+03,2.559325021005e+01,4.219482615179e-04
4.952539159014e-03,1.852291355400e+01,5.434501097174e+00,3.299050498516e+05,1.786580974182e+03,2.559930506947e+01,4.212774719110e-04
4.952600669244e-03,1.851664884765e+01,5.432211918430e+00,3.303689961167e+05,1.786158168865e+03,2.560536476798e+01,4.206074429441e-04
4.952662112996e-03,1.851038199639e+01,5.429921156285e+00,3.308337312304e+05,1.785735225213e+03,2.561142932006e+01,4.199381652389e-04
4.952723490337e-03,1.850411299738e+01,5.427628809310e+00,3.312992542248e+05,1.785312143054e+03,2.561749873303e+01,4.192696414644e-04
4.952784801341e-03,1.849784184704e+01,5.425334875797e+00,3.317655656128e+05,1.784888922169e+03,2.562357301493e+01,4.186018723773e-04
4.952846046099e-03,1.849156854004e+01,5.423039354162e+00,3.322326717137e+05,1.784465562219e+03,2.562965217549e+01,4.179348514575e-04
4.952907224622e-03,1.848529307925e+01,5.420742244307e+00,3.327005664735e+05,1.784042063418e+03,2.563573621652e+01,4.172685877626e-04
4.952968337026e-03,1.847901545664e+01,5.418443544892e+00,3.331692602924e+05,1.783618425247e+03,2.564182515039e+01,4.166030697448e-04
4.953029383428e-03,1.847273566417e+01,5.416143250595e+00,3.336387477616e+05,1.783194647184e+03,2.564791898955e+01,4.159383053908e-04
4.953090363755e-03,1.846645371335e+01,5.413841365241e+00,3.341090339613e+05,1.782770730027e+03,2.565401772741e+01,4.152742899505e-04
4.953151278214e-03,1.846016958680e+01,5.411537882071e+00,3.345801207551e+05,1.782346672624e+03,2.566012138550e+01,4.146110223555e-04
4.953212126842e-03,1.845388328465e+01,5.409232800742e+00,3.350520066803e+05,1.781922475007e+03,2.566622996830e+01,4.139485058733e-04
4.953272909684e-03,1.844759480610e+01,5.406926121907e+00,3.355246992317e+05,1.781498137142e+03,2.567234348127e+01,4.132867327914e-04
4.953333626805e-03,1.844130414855e+01,5.404617842895e+00,3.359981920822e+05,1.781073658876e+03,2.567846193156e+01,4.126257122320e-04
4.953394278324e-03,1.843501130352e+01,5.402307961603e+00,3.364724953093e+05,1.780649039659e+03,2.568458533212e+01,4.119654332592e-04
4.953454864229e-03,1.842871627612e+01,5.399996478119e+00,3.369476037192e+05,1.780224279856e+03,2.569071368267e+01,4.113059036608e-04
4.953515384678e-03,1.842241905410e+01,5.397683387558e+00,3.374235227794e+05,1.779799378664e+03,2.569684699978e+01,4.106471180459e-04
4.953575839693e-03,1.841611963877e+01,5.395368690021e+00,3.379002544025e+05,1.779374336192e+03,2.570298528691e+01,4.099890755682e-04
4.953636229364e-03,1.840981802503e+01,5.393052383237e+00,3.383777961176e+05,1.778949152119e+03,2.570912855372e+01,4.093317806114e-04
4.953696553702e-03,1.840351421543e+01,5.390734469569e+00,3.388561564259e+05,1.778523826639e+03,2.571527680245e+01,4.086752245074e-04
4.953756812889e-03,1.839720819496e+01,5.388414941310e+00,3.393353293666e+05,1.778098358759e+03,2.572143005249e+01,4.080194155843e-04
4.953817006921e-03,1.839089996799e+01,5.386093800612e+00,3.398153237902e+05,1.777672748799e+03,2.572758830431e+01,4.073643447624e-04
4.953877135841e-03,1.838458953382e+01,5.383771045905e+00,3.402961358843e+05,1.777246996731e+03,2.573375156335e+01,4.067100179985e-04
4.953937199836e-03,1.837827687684e+01,5.381446671060e+00,3.407777702907e+05,1.776821101526e+03,2.573991984960e+01,4.060564309872e-04
4.953997198769e-03,1.837196201535e+01,5.379120682435e+00,3.412602287673e+05,1.776395064441e+03,2.574609314997e+01,4.054035833213e-04
4.954057132936e-03,1.836564492221e+01,5.376793069645e+00,3.417435094337e+05,1.775968883667e+03,2.575227149578e+01,4.047514783392e-04
4.954117002249e-03,1.835932561035e+01,5.374463839238e+00,3.422276209955e+05,1.775542560100e+03,2.575845487915e+01,4.041001075014e-04
4.954176806888e-03,1.835300406489e+01,5.372132983186e+00,3.427125570207e+05,1.775116092755e+03,2.576464331949e+01,4.034494795156e-04
4.954236546826e-03,1.834668029257e+01,5.369800504180e+00,3.431983260311e+05,1.774689482113e+03,2.577083681499e+01,4.027995859086e-04
4.954296222191e-03,1.834035428360e+01,5.367466397646e+00,3.436849255861e+05,1.774262727533e+03,2.577703538008e+01,4.021504308412e-04
4.954355833021e-03,1.833402603799e+01,5.365130663212e+00,3.441723583674e+05,1.773835829041e+03,2.578323901958e+01,4.015020126115e-04
4.954415379438e-03,1.832769554665e+01,5.362793297144e+00,3.446606290499e+05,1.773408786045e+03,2.578944774726e+01,4.008543271058e-04
4.954474861428e-03,1.832136281498e+01,5.360454301054e+00,3.451497324936e+05,1.772981598933e+03,2.579566156267e+01,4.002073818168e-04
4.954534279138e-03,1.831502783113e+01,5.358113672580e+00,3.456396800316e+05,1.772554266928e+03,2.580188048231e+01,3.995611650706e-04
4.954593632567e-03,1.830869059927e+01,5.355771410504e+00,3.461304634068e+05,1.772126790334e+03,2.580810450699e+01,3.989156877482e-04
4.954652921837e-03,1.830235111005e+01,5.353427511338e+00,3.466220923630e+05,1.771699168543e+03,2.581433365076e+01,3.982709399526e-04
4.954712146990e-03,1.829600936296e+01,5.351081974170e+00,3.471145641334e+05,1.771271401543e+03,2.582056791904e+01,3.976269262918e-04
4.954771308110e-03,1.828966535301e+01,5.348734796772e+00,3.476078813703e+05,1.770843489022e+03,2.582680732165e+01,3.969836450977e-04
4.954830405321e-03,1.828331907052e+01,5.346385975193e+00,3.481020492840e+05,1.770415430350e+03,2.583305187303e+01,3.963410917504e-04
4.954889438528e-03,1.827697052978e+01,5.344035514343e+00,3.485970616119e+05,1.769987226514e+03,2.583930156405e+01,3.956992750031e-04
4.954948407964e-03,1.827061970950e+01,5.341683408456e+00,3.490929308648e+05,1.769558876102e+03,2.584555642061e+01,3.950581820036e-04
4.955007313551e-03,1.826426662197e+01,5.339329659226e+00,3.495896479053e+05,1.769130379963e+03,2.585181643560e+01,3.944178245212e-04
4.955066155606e-03,1.825791123695e+01,5.336974255328e+00,3.500872242219e+05,1.768701736084e+03,2.585808164376e+01,3.937781906578e-04
4.955124933842e-03,1.825155358912e+01,5.334617208998e+00,3.505856543727e+05,1.768272946826e+03,2.586435201590e+01,3.931392884095e-04
4.955183648651e-03,1.824519364002e+01,5.332258505611e+00,3.510849435560e+05,1.767844009619e+03,2.587062759492e+01,3.925011128916e-04
4.955242299940e-03,1.823883140370e+01,5.329898150011e+00,3.515850952415e+05,1.767414925434e+03,2.587690837198e+01,3.918636618532e-04
4.955300887743e-03,1.823246688019e+01,5.327536141838e+00,3.520861042113e+05,1.766985694297e+03,2.588319435205e+01,3.912269425474e-04
4.955359412272e-03,1.822610005025e+01,5.325172476033e+00,3.525879829593e+05,1.766556314935e+03,2.588948555916e+01,3.905909424620e-04
4.955417873455e-03,1.821973092574e+01,5.322807154188e+00,3.530907222532e+05,1.766126788169e+03,2.589578198666e+01,3.899556732508e-04
4.955476271437e-03,1.821335949466e+01,5.320440171757e+00,3.535943324027e+05,1.765697113215e+03,2.590208365143e+01,3.893211248147e-04
4.955534606208e-03,1.820698576182e+01,5.318071529892e+00,3.540988100641e+05,1.765267290422e+03,2.590839055379e+01,3.886873023289e-04
4.955592877989e-03,1.820060970711e+01,5.315701220753e+00,3.546041593205e+05,1.764837318457e+03,2.591470271868e+01,3.880542024878e-04
4.955651086708e-03,1.819423134204e+01,5.313329248255e+00,3.551103835749e+05,1.764407198120e+03,2.592102013983e+01,3.874218231576e-04
4.955709232453e-03,1.818785066085e+01,5.310955609895e+00,3.556174783845e+05,1.763976929047e+03,2.592734282801e+01,3.867901705483e-04
4.955767315317e-03,1.818146765729e+01,5.308580305252e+00,3.561254550308e+05,1.763546510841e+03,2.593367079452e+01,3.861592339042e-04
4.955825335408e-03,1.817508232324e+01,5.306203328681e+00,3.566343058729e+05,1.763115942978e+03,2.594000405254e+01,3.855290226974e-04
4.955883292691e-03,1.816869466638e+01,5.303824683131e+00,3.571440400394e+05,1.762685226000e+03,2.594634259959e+01,3.848995286050e-04
4.955941187334e-03,1.816230467199e+01,5.301444362315e+00,3.576546551745e+05,1.762254358939e+03,2.595268645540e+01,3.842707553996e-04
4.955999019367e-03,1.815591234049e+01,5.299062366028e+00,3.581661544384e+05,1.761823341848e+03,2.595903562472e+01,3.836427011167e-04
4.956056788794e-03,1.814951767548e+01,5.296678695259e+00,3.586785412012e+05,1.761392174994e+03,2.596539010913e+01,3.830153636305e-04
4.956114495800e-03,1.814312066011e+01,5.294293343370e+00,3.591918126302e+05,1.760960857267e+03,2.597174993053e+01,3.823887471884e-04
4.956172140350e-03,1.813672130218e+01,5.291906314843e+00,3.597059783543e+05,1.760529389215e+03,2.597811508638e+01,3.817628432052e-04
4.956229722559e-03,1.813031959266e+01,5.289517604028e+00,3.602210309569e+05,1.760097770254e+03,2.598448559087e+01,3.811376607451e-04
4.956287242490e-03,1.812391552842e+01,5.287127210176e+00,3.607369809546e+05,1.759666000199e+03,2.599086145229e+01,3.805131901125e-04
4.956344700227e-03,1.811750910386e+01,5.284735130070e+00,3.612538243515e+05,1.759234078695e+03,2.599724268148e+01,3.798894368464e-04
4.956402095783e-03,1.811110032124e+01,5.282341364207e+00,3.617715652748e+05,1.758802005922e+03,2.600362928140e+01,3.792663980535e-04
4.956459429310e-03,1.810468916744e+01,5.279945907335e+00,3.622902073725e+05,1.758369781020e+03,2.601002127036e+01,3.786440711856e-04
4.956516700718e-03,1.809827565643e+01,5.277548764317e+00,3.628097464694e+05,1.757937404954e+03,2.601641863972e+01,3.780224622075e-04
4.956573910290e-03,1.809185976024e+01,5.275149925804e+00,3.633301941960e+05,1.757504875865e+03,2.602282142262e+01,3.774015601818e-04
4.956631057925e-03,1.808544149391e+01,5.272749395626e+00,3.638515414825e+05,1.757072194792e+03,2.602922960935e+01,3.767813760578e-04
4.956688143751e-03,1.807902084684e+01,5.270347170717e+00,3.643738001324e+05,1.756639361045e+03,2.603564321579e+01,3.761618989809e-04
4.956745167819e-03,1.807259781723e+01,5.267943248813e+00,3.648969645580e+05,1.756206374526e+03,2.604206224905e+01,3.755431360537e-04
4.956802130170e-03,1.806617240406e+01,5.265537629189e+00,3.654210407068e+05,1.755773235196e+03,2.604848671544e+01,3.749250825546e-04
4.956859031004e-03,1.805974458869e+01,5.263130304515e+00,3.659460311802e+05,1.755339941819e+03,2.605491663898e+01,3.743077370228e-04
4.956915870196e-03,1.805331438881e+01,5.260721281081e+00,3.664719330629e+05,1.754906495618e+03,2.606135200726e+01,3.736911040856e-04
4.956972647937e-03,1.804688178688e+01,5.258310552764e+00,3.669987558973e+05,1.754472895432e+03,2.606779284322e+01,3.730751752737e-04
4.957029364222e-03,1.804044678696e+01,5.255898119950e+00,3.675264919408e+05,1.754039141562e+03,2.607423914815e+01,3.724599598866e-04
4.957086019195e-03,1.803400937657e+01,5.253483979510e+00,3.680551539971e+05,1.753605233192e+03,2.608069093996e+01,3.718454463405e-04
4.957142612855e-03,1.802756955952e+01,5.251068130654e+00,3.685847343481e+05,1.753171170605e+03,2.608714822019e+01,3.712316437910e-04
4.957199145297e-03,1.802112732891e+01,5.248650570445e+00,3.691152414409e+05,1.752736953361e+03,2.609361100119e+01,3.706185450510e-04
4.957255616601e-03,1.801468267926e+01,5.246231296499e+00,3.696466748356e+05,1.752302581117e+03,2.610007929386e+01,3.700061519335e-04
4.957312026784e-03,1.800823561227e+01,5.243810309112e+00,3.701790349646e+05,1.751868054014e+03,2.610655310192e+01,3.693944654441e-04
4.957368375959e-03,1.800178611904e+01,5.241387604606e+00,3.707123290084e+05,1.751433371476e+03,2.611303243977e+01,3.687834797329e-04
4.957424664132e-03,1.799533420237e+01,5.238963183709e+00,3.712465499747e+05,1.750998533722e+03,2.611951731000e+01,3.681732032172e-04
4.957480891453e-03,1.798887984896e+01,5.236537043719e+00,3.717817116555e+05,1.750563539878e+03,2.612600773150e+01,3.675636236522e-04
4.957537057917e-03,1.798242306313e+01,5.234109183298e+00,3.723178043110e+05,1.750128390262e+03,2.613250370540e+01,3.669547519770e-04
4.957593163665e-03,1.797596383227e+01,5.231679597402e+00,3.728548393061e+05,1.749693084051e+03,2.613900524985e+01,3.663465782388e-04
4.957649208607e-03,1.796950217049e+01,5.229248290978e+00,3.733928121398e+05,1.749257622222e+03,2.614551235619e+01,3.657391084692e-04
4.957705192997e-03,1.796303805234e+01,5.226815254122e+00,3.739317280286e+05,1.748822003087e+03,2.615202505554e+01,3.651323386521e-04
4.957761116847e-03,1.795657148014e+01,5.224380487382e+00,3.744715907418e+05,1.748386226827e+03,2.615854335110e+01,3.645262665685e-04
4.957816980077e-03,1.795010246668e+01,5.221943995251e+00,3.750123950115e+05,1.747950294334e+03,2.616506723550e+01,3.639208989224e-04
4.957872782969e-03,1.794363098322e+01,5.219505768193e+00,3.755541538419e+05,1.747514203695e+03,2.617159674332e+01,3.633162242640e-04
4.957928525424e-03,1.793715704493e+01,5.217065809990e+00,3.760968573561e+05,1.747077955960e+03,2.617813186478e+01,3.627122536583e-04
4.957984207543e-03,1.793068064378e+01,5.214624118317e+00,3.766405177434e+05,1.746641550613e+03,2.618467261360e+01,3.621089767210e-04
4.958039829512e-03,1.792420176169e+01,5.212180685008e+00,3.771851306625e+05,1.746204986464e+03,2.619121901364e+01,3.615063987680e-04
4.958095391191e-03,1.791772041882e+01,5.209735517348e+00,3.777307005520e+05,1.745768264900e+03,2.619777105011e+01,3.609045172006e-04
4.958150892828e-03,1.791123658995e+01,5.207288605498e+00,3.782772305033e+05,1.745331384244e+03,2.620432875415e+01,3.603033301777e-04
4.958206334405e-03,1.790475028080e+01,5.204839951307e+00,3.788247189093e+05,1.744894344914e+03,2.621089212557e+01,3.597028407185e-04
4.958261715951e-03,1.789826149170e+01,5.202389554993e+00,3.793731738206e+05,1.744457146955e+03,2.621746116973e+01,3.591030426264e-04
4.958317037590e-03,1.789177021174e+01,5.199937411712e+00,3.799225885027e+05,1.744019789663e+03,2.622403590330e+01,3.585039435340e-04
4.958372299342e-03,1.788527644246e+01,5.197483523945e+00,3.804729757259e+05,1.743582273166e+03,2.623061633040e+01,3.579055329676e-04
4.958427501361e-03,1.787878016918e+01,5.195027883621e+00,3.810243278948e+05,1.743144596502e+03,2.623720247161e+01,3.573078191716e-04
4.958482643583e-03,1.787228140335e+01,5.192570494749e+00,3.815766537419e+05,1.742706760472e+03,2.624379432101e+01,3.567107954965e-04
4.958537726143e-03,1.786578013257e+01,5.190111352336e+00,3.821299517582e+05,1.742268764267e+03,2.625039189689e+01,3.561144646262e-04
4.958592749142e-03,1.785927634866e+01,5.187650452973e+00,3.826842251304e+05,1.741830607364e+03,2.625699521327e+01,3.555188248978e-04
4.958647712570e-03,1.785277005657e+01,5.185187798232e+00,3.832394781173e+05,1.741392290123e+03,2.626360427088e+01,3.549238738361e-04
4.958702616493e-03,1.784626125189e+01,5.182723386132e+00,3.837957063493e+05,1.740953812275e+03,2.627021907993e+01,3.543296168453e-04
4.958757461049e-03,1.783974992218e+01,5.180257213297e+00,3.843529221371e+05,1.740515173012e+03,2.627683965885e+01,3.537360439260e-04
4.958812246239e-03,1.783323607080e+01,5.177789279062e+00,3.849111161390e+05,1.740076372585e+03,2.628346600998e+01,3.531431650327e-04
4.958866972142e-03,1.782671969203e+01,5.175319581944e+00,3.854703008970e+05,1.739637410639e+03,2.629009814495e+01,3.525509700506e-04
4.958921638804e-03,1.782020078424e+01,5.172848120039e+00,3.860304703206e+05,1.739198287090e+03,2.629673607123e+01,3.519594658905e-04
4.958976246296e-03,1.781367934240e+01,5.170374891138e+00,3.865916315095e+05,1.738759001629e+03,2.630337979974e+01,3.513686474137e-04
4.959030794726e-03,1.780715535739e+01,5.167899891485e+00,3.871537857900e+05,1.738319553669e+03,2.631002934563e+01,3.507785147244e-04
4.959085284092e-03,1.780062883299e+01,5.165423122219e+00,3.877169323194e+05,1.737879943493e+03,2.631668471087e+01,3.501890700397e-04
4.959139714501e-03,1.779409976003e+01,5.162944579573e+00,3.882810796397e+05,1.737440170513e+03,2.632334591068e+01,3.496003069418e-04
4.959194086050e-03,1.778756813047e+01,5.160464260191e+00,3.888462207362e+05,1.737000234215e+03,2.633001295914e+01,3.490122330645e-04
4.959248398681e-03,1.778103395510e+01,5.157982170474e+00,3.894123685302e+05,1.736560135354e+03,2.633668585112e+01,3.484248385171e-04
4.959302652571e-03,1.777449721607e+01,5.155498300759e+00,3.899795143497e+05,1.736119872755e+03,2.634336461076e+01,3.478381320877e-04
4.959356847689e-03,1.776795792079e+01,5.153012653569e+00,3.905476689888e+05,1.735679446948e+03,2.635004923640e+01,3.472521056287e-04
4.959410984233e-03,1.776141604899e+01,5.150525220914e+00,3.911168300175e+05,1.735238856594e+03,2.635673975471e+01,3.466667624760e-04
4.959465062176e-03,1.775487160766e+01,5.148036005161e+00,3.916870011390e+05,1.734798102195e+03,2.636343616446e+01,3.460821008343e-04
4.959519081492e-03,1.774832460336e+01,5.145545008526e+00,3.922581847433e+05,1.734357184221e+03,2.637013846490e+01,3.454981200830e-04
4.959573042445e-03,1.774177500777e+01,5.143052219943e+00,3.928303804670e+05,1.733916100793e+03,2.637684669099e+01,3.449148215980e-04
4.959626944956e-03,1.773522283420e+01,5.140557644943e+00,3.934035969683e+05,1.733474852838e+03,2.638356083508e+01,3.443321993987e-04
4.959680789127e-03,1.772866807366e+01,5.138061279076e+00,3.939778263680e+05,1.733033439778e+03,2.639028091239e+01,3.437502616337e-04
4.959734574997e-03,1.772211072520e+01,5.135563123547e+00,3.945530822356e+05,1.732591861579e+03,2.639700692991e+01,3.431689979674e-04
4.959788302716e-03,1.771555077409e+01,5.133063170628e+00,3.951293571102e+05,1.732150117277e+03,2.640373890879e+01,3.425884160083e-04
4.959841972197e-03,1.770898823438e+01,5.130561425392e+00,3.957066595191e+05,1.731708207849e+03,2.641047684064e+01,3.420085099235e-04
4.959895583642e-03,1.770242308508e+01,5.128057879567e+00,3.962849888558e+05,1.731266131910e+03,2.641722075307e+01,3.414292813958e-04
4.959949137051e-03,1.769585532978e+01,5.125552534248e+00,3.968643474843e+05,1.730823889732e+03,2.642397064845e+01,3.408507298309e-04
4.960002632456e-03,1.768928496812e+01,5.123045389030e+00,3.974447400931e+05,1.730381481321e+03,2.643072653326e+01,3.402728526044e-04
4.960056069981e-03,1.768271198835e+01,5.120536439152e+00,3.980261633022e+05,1.729938905914e+03,2.643748842565e+01,3.396956538689e-04
4.960109449681e-03,1.767613638749e+01,5.118025684402e+00,3.986086286475e+05,1.729496163340e+03,2.644425633483e+01,3.391191252215e-04
4.960162771569e-03,1.766955816735e+01,5.115513124021e+00,3.991921265937e+05,1.729053253753e+03,2.645103026504e+01,3.385432761310e-04
4.960216035767e-03,1.766297731653e+01,5.112998754741e+00,3.997766715454e+05,1.728610176413e+03,2.645781023418e+01,3.379680957182e-04
4.960269242295e-03,1.765639383600e+01,5.110482575319e+00,4.003622554779e+05,1.728166931415e+03,2.646459624742e+01,3.373935921087e-04
4.960322391217e-03,1.764980772156e+01,5.107964583880e+00,4.009488876212e+05,1.727723518508e+03,2.647138831523e+01,3.368197588572e-04
4.960375482606e-03,1.764321896767e+01,5.105444778047e+00,4.015365669834e+05,1.727279937348e+03,2.647818644955e+01,3.362465981416e-04
4.960428516510e-03,1.763662757183e+01,5.102923156608e+00,4.021252956160e+05,1.726836187797e+03,2.648499065912e+01,3.356741096067e-04
4.960481493065e-03,1.763003352066e+01,5.100399714191e+00,4.027150802833e+05,1.726392268986e+03,2.649180096399e+01,3.351022888478e-04
4.960534412182e-03,1.762343682895e+01,5.097874456197e+00,4.033059144501e+05,1.725948181940e+03,2.649861735510e+01,3.345311428847e-04
4.960587274053e-03,1.761683747630e+01,5.095347375914e+00,4.038978119985e+05,1.725503925316e+03,2.650543985979e+01,3.339606614320e-04
4.960640078726e-03,1.761023546007e+01,5.092818470731e+00,4.044907633551e+05,1.725059498966e+03,2.651226848705e+01,3.333908536984e-04
4.960692826215e-03,1.760363078216e+01,5.090287742297e+00,4.050847819352e+05,1.724614903051e+03,2.651910324119e+01,3.328217101107e-04
4.960745516557e-03,1.759702344156e+01,5.087755188810e+00,4.056798600135e+05,1.724170137531e+03,2.652594412954e+01,3.322532383389e-04
4.960798149895e-03,1.759041342364e+01,5.085220804407e+00,4.062760076854e+05,1.723725201453e+03,2.653279117357e+01,3.316854313179e-04
4.960850726307e-03,1.758380072241e+01,5.082684586556e+00,4.068732241435e+05,1.723280094445e+03,2.653964438579e+01,3.311182910471e-04
4.960903245679e-03,1.757718535539e+01,5.080146541728e+00,4.074715096213e+05,1.722834817718e+03,2.654650375438e+01,3.305518189388e-04
4.960955708276e-03,1.757056729303e+01,5.077606658349e+00,4.080708724310e+05,1.722389369312e+03,2.655336931633e+01,3.299860092862e-04
4.961008114077e-03,1.756394654121e+01,5.075064938437e+00,4.086713068814e+05,1.721943749657e+03,2.656024107190e+01,3.294208681654e-04
4.961060463057e-03,1.755732310680e+01,5.072521385590e+00,4.092728244737e+05,1.721497959243e+03,2.656711902035e+01,3.288563878540e-04
4.961112755464e-03,1.755069696192e+01,5.069975987667e+00,4.098754177797e+05,1.721051996228e+03,2.657400319702e+01,3.282925753091e-04
4.961164991217e-03,1.754406812017e+01,5.067428750948e+00,4.104790996541e+05,1.720605861556e+03,2.658089359422e+01,3.277294218681e-04
4.961217170373e-03,1.753743657800e+01,5.064879672556e+00,4.110838619830e+05,1.720159555022e+03,2.658779022204e+01,3.271669352896e-04
4.961269293081e-03,1.753080231980e+01,5.062328746249e+00,4.116897157717e+05,1.719713075605e+03,2.659469310316e+01,3.266051080031e-04
4.961321359362e-03,1.752416534649e+01,5.059775972160e+00,4.122966588421e+05,1.719266423399e+03,2.660160224311e+01,3.260439431565e-04
4.961373369279e-03,1.751752565351e+01,5.057221348305e+00,4.129046943056e+05,1.718819598129e+03,2.660851765307e+01,3.254834396204e-04
4.961425322794e-03,1.751088324910e+01,5.054664877641e+00,4.135138262230e+05,1.718372600383e+03,2.661543933095e+01,3.249235956885e-04
4.961477220133e-03,1.750423810806e+01,5.052106550232e+00,4.141240527049e+05,1.717925428495e+03,2.662236730954e+01,3.243644139298e-04
4.961529061267e-03,1.749759023731e+01,5.049546369252e+00,4.147353845455e+05,1.717478082965e+03,2.662930158812e+01,3.238058874119e-04
4.961580846262e-03,1.749093963202e+01,5.046984331897e+00,4.153478123887e+05,1.717030563497e+03,2.663624217828e+01,3.232480247346e-04
4.961632575216e-03,1.748428628300e+01,5.044420436154e+00,4.159613520036e+05,1.716582869507e+03,2.664318909616e+01,3.226908150042e-04
4.961684248102e-03,1.747763019734e+01,5.041854682805e+00,4.165759928913e+05,1.716135001502e+03,2.665014234094e+01,3.221342677473e-04
4.961735865111e-03,1.747097135354e+01,5.039287063348e+00,4.171917483633e+05,1.715686958071e+03,2.665710194163e+01,3.215783737827e-04
4.961787426129e-03,1.746430977016e+01,5.036717584728e+00,4.178086129164e+05,1.715238740492e+03,2.666406788547e+01,3.210231389818e-04
4.961838931379e-03,1.745764542156e+01,5.034146236846e+00,4.184265934518e+05,1.714790347074e+03,2.667104020586e+01,3.204685591087e-04
4.961890380849e-03,1.745097831291e+01,5.031573021497e+00,4.190456925280e+05,1.714341778198e+03,2.667801890403e+01,3.199146336655e-04
4.961941774637e-03,1.744430843483e+01,5.028997934848e+00,4.196659087366e+05,1.713893033264e+03,2.668500399644e+01,3.193613650016e-04
4.961993112716e-03,1.743763579423e+01,5.026420979376e+00,4.202872513063e+05,1.713444112772e+03,2.669199548252e+01,3.188087475648e-04
4.962044395236e-03,1.743096037526e+01,5.023842148753e+00,4.209097126144e+05,1.712995015687e+03,2.669899338555e+01,3.182567883376e-04
4.962095622201e-03,1.742428218054e+01,5.021261446096e+00,4.215333081303e+05,1.712545742219e+03,2.670599770948e+01,3.177054771789e-04
4.962146793726e-03,1.741760119883e+01,5.018678864566e+00,4.221580272001e+05,1.712096291642e+03,2.671300847284e+01,3.171548232404e-04
4.962197909818e-03,1.741091743232e+01,5.016094404930e+00,4.227838834802e+05,1.711646664140e+03,2.672002568003e+01,3.166048176662e-04
4.962248970533e-03,1.740423087729e+01,5.013508065451e+00,4.234108708783e+05,1.711196859495e+03,2.672704934171e+01,3.160554663671e-04
4.962299975984e-03,1.739754152227e+01,5.010919841489e+00,4.240389978523e+05,1.710746876967e+03,2.673407947670e+01,3.155067642650e-04
4.962350926207e-03,1.739084936604e+01,5.008329732398e+00,4.246682647505e+05,1.710296716510e+03,2.674111609304e+01,3.149587124834e-04
4.962401821237e-03,1.738415440733e+01,5.005737737496e+00,4.252986723652e+05,1.709846378071e+03,2.674815919886e+01,3.144113117999e-04
4.962452661114e-03,1.737745664432e+01,5.003143855900e+00,4.259302278363e+05,1.709395861560e+03,2.675520880290e+01,3.138645582988e-04
4.962503445988e-03,1.737075606053e+01,5.000548081041e+00,4.265629266762e+05,1.708945165904e+03,2.676226492931e+01,3.133184564758e-04
4.962554175859e-03,1.736405265957e+01,4.997950415197e+00,4.271967817939e+05,1.708494291380e+03,2.676932758115e+01,3.127729983391e-04
4.962604850766e-03,1.735734643944e+01,4.995350856363e+00,4.278317825462e+05,1.708043237885e+03,2.677639676738e+01,3.122281929855e-04
4.962655470808e-03,1.735063739053e+01,4.992749401965e+00,4.284679453035e+05,1.707592004809e+03,2.678347250501e+01,3.116840298032e-04
4.962706035975e-03,1.734392551769e+01,4.990146052391e+00,4.291052599173e+05,1.707140592509e+03,2.679055479583e+01,3.111405175489e-04
4.962756546476e-03,1.733721079630e+01,4.987540797918e+00,4.297437400441e+05,1.706688999367e+03,2.679764367271e+01,3.105976473914e-04
4.962807002227e-03,1.733049324100e+01,4.984933644068e+00,4.303833806354e+05,1.706237226399e+03,2.680473912714e+01,3.100554245555e-04
4.962857403298e-03,1.732377284588e+01,4.982324588374e+00,4.310241869785e+05,1.705785273244e+03,2.681184117229e+01,3.095138465304e-04
4.962907749807e-03,1.731704959856e+01,4.979713625876e+00,4.316661632159e+05,1.705333139102e+03,2.681894982822e+01,3.089729115791e-04
4.962958041787e-03,1.731032349795e+01,4.977100755986e+00,4.323093075775e+05,1.704880823937e+03,2.682606510303e+01,3.084326223368e-04
4.963008279294e-03,1.730359453994e+01,4.974485976957e+00,4.329536300445e+05,1.704428327504e+03,2.683318700809e+01,3.078929730127e-04
4.963058462440e-03,1.729686271282e+01,4.971869284076e+00,4.335991232612e+05,1.703975649053e+03,2.684031556281e+01,3.073539700844e-04
4.963108591095e-03,1.729012803736e+01,4.969250686996e+00,4.342458006920e+05,1.703522790015e+03,2.684745075219e+01,3.068156057334e-04
4.963158665626e-03,1.728339046776e+01,4.966630166029e+00,4.348936548362e+05,1.703069747343e+03,2.685459263185e+01,3.062778859943e-04
4.963208685817e-03,1.727665003644e+01,4.964007734241e+00,4.355426978792e+05,1.702616523254e+03,2.686174117445e+01,3.057408040810e-04
4.963258651827e-03,1.726990672497e+01,4.961383383714e+00,4.361929231503e+05,1.702163116542e+03,2.686889640665e+01,3.052043658069e-04
4.963308563769e-03,1.726316052183e+01,4.958757109823e+00,4.368443417079e+05,1.701709526470e+03,2.687605834775e+01,3.046685646633e-04
4.963358421618e-03,1.725641143343e+01,4.956128914928e+00,4.374969507163e+05,1.701255753502e+03,2.688322699808e+01,3.041334040961e-04
4.963408225465e-03,1.724965945096e+01,4.953498795455e+00,4.381507545044e+05,1.700801797083e+03,2.689040237410e+01,3.035988823598e-04
4.963457975325e-03,1.724290457559e+01,4.950866751731e+00,4.388057572365e+05,1.700347657327e+03,2.689758448174e+01,3.030649979637e-04
4.963507671399e-03,1.723614678339e+01,4.948232774295e+00,4.394619582391e+05,1.699893332660e+03,2.690477335361e+01,3.025317524645e-04
4.963557313533e-03,1.722938609846e+01,4.945596872415e+00,4.401193659481e+05,1.699438824737e+03,2.691196897126e+01,3.019991417203e-04
4.963606902002e-03,1.722262248702e+01,4.942959032790e+00,4.407779741787e+05,1.698984131325e+03,2.691917137783e+01,3.014671709506e-04
4.963656436599e-03,1.721585598026e+01,4.940319269335e+00,4.414377963407e+05,1.698529254557e+03,2.692638054734e+01,3.009358328383e-04
4.963705917725e-03,1.720908652674e+01,4.937677559983e+00,4.420988249749e+05,1.698074191007e+03,2.693359654186e+01,3.004051331268e-04
4.963755345113e-03,1.720231416642e+01,4.935033920611e+00,4.427610718536e+05,1.697618943401e+03,2.694081932602e+01,2.998750656836e-04
4.963804719010e-03,1.719553886874e+01,4.932388338776e+00,4.434245314940e+05,1.697163509719e+03,2.694804893970e+01,2.993456352172e-04
4.963854039433e-03,1.718876063459e+01,4.929740814705e+00,4.440892139005e+05,1.696707890058e+03,2.695528538926e+01,2.988168363494e-04
4.963903306416e-03,1.718197946242e+01,4.927091347692e+00,4.447551169275e+05,1.696252084350e+03,2.696252868365e+01,2.982886718910e-04
4.963952519996e-03,1.717519535062e+01,4.924439936991e+00,4.454222444968e+05,1.695796092523e+03,2.696977883191e+01,2.977611405577e-04
4.964001680341e-03,1.716840827934e+01,4.921786574743e+00,4.460906026163e+05,1.695339913279e+03,2.697703586263e+01,2.972342394749e-04
4.964050787304e-03,1.716161827190e+01,4.919131269961e+00,4.467601864261e+05,1.694883548223e+03,2.698429975820e+01,2.967079735324e-04
4.964099841209e-03,1.715482528693e+01,4.916474006370e+00,4.474310104115e+05,1.694426994612e+03,2.699157057030e+01,2.961823339851e-04
4.964148841899e-03,1.714802934945e+01,4.913814793658e+00,4.481030632158e+05,1.693970254163e+03,2.699884827952e+01,2.956573300328e-04
4.964197789509e-03,1.714123044387e+01,4.911153627072e+00,4.487763624932e+05,1.693513325867e+03,2.700613290999e+01,2.951329512874e-04
4.964246684084e-03,1.713442856724e+01,4.908490503923e+00,4.494508960142e+05,1.693056209560e+03,2.701342447233e+01,2.946092070547e-04
4.964295525704e-03,1.712762371174e+01,4.905825421816e+00,4.501266811770e+05,1.692598904755e+03,2.702072298237e+01,2.940860872383e-04
4.964344314458e-03,1.712081586818e+01,4.903158376312e+00,4.508037090191e+05,1.692141410871e+03,2.702802845745e+01,2.935635989288e-04
4.964393050261e-03,1.711400505145e+01,4.900489373153e+00,4.514819899378e+05,1.691683728947e+03,2.703534088908e+01,2.930417368885e-04
4.964441733303e-03,1.710719123851e+01,4.897818403241e+00,4.521615221983e+05,1.691225857473e+03,2.704266030950e+01,2.925205033477e-04
4.964490363633e-03,1.710037442559e+01,4.895145465010e+00,4.528423118969e+05,1.690767796231e+03,2.704998673030e+01,2.919998956828e-04
4.964538941214e-03,1.709355462121e+01,4.892470561739e+00,4.535243603389e+05,1.690309545833e+03,2.705732014988e+01,2.914799145289e-04
4.964587466204e-03,1.708673180623e+01,4.889793685836e+00,4.542076689996e+05,1.689851105031e+03,2.706466059638e+01,2.909605600748e-04
4.964635938634e-03,1.707990597960e+01,4.887114836829e+00,4.548922463252e+05,1.689392473790e+03,2.707200807855e+01,2.904418282696e-04
4.964684358537e-03,1.707307713979e+01,4.884434014050e+00,4.555780858747e+05,1.688933652048e+03,2.707936260560e+01,2.899237245803e-04
4.964732725942e-03,1.706624528606e+01,4.881751217551e+00,4.562652020592e+05,1.688474639792e+03,2.708672418598e+01,2.894062412115e-04
4.964781040978e-03,1.705941040325e+01,4.879066440916e+00,4.569535844161e+05,1.688015436043e+03,2.709409284365e+01,2.888893859724e-04
4.964829303696e-03,1.705257248740e+01,4.876379684254e+00,4.576432515395e+05,1.687556040571e+03,2.710146859058e+01,2.883731485205e-04
4.964877514030e-03,1.704573155109e+01,4.873690950733e+00,4.583341893794e+05,1.687096454260e+03,2.710885142088e+01,2.878575391382e-04
4.964925672215e-03,1.703888756423e+01,4.871000228469e+00,4.590264164297e+05,1.686636675128e+03,2.711624137472e+01,2.873425472010e-04
4.964973778207e-03,1.703204053596e+01,4.868307521016e+00,4.597199242163e+05,1.686176703827e+03,2.712363844995e+01,2.868281795082e-04
4.965021832037e-03,1.702519046530e+01,4.865612827937e+00,4.604147223185e+05,1.685716540331e+03,2.713104265538e+01,2.863144314241e-04
4.965069833816e-03,1.701833733942e+01,4.862916144156e+00,4.611108104823e+05,1.685256183816e+03,2.713845401263e+01,2.858013043283e-04
4.965117783590e-03,1.701148115510e+01,4.860217468349e+00,4.618081925528e+05,1.684795634104e+03,2.714587253297e+01,2.852887971602e-04
4.965165681384e-03,1.700462191175e+01,4.857516800273e+00,4.625068730218e+05,1.684334891197e+03,2.715329822483e+01,2.847769085069e-04
4.965213527323e-03,1.699775959477e+01,4.854814134128e+00,4.632068509356e+05,1.683873954151e+03,2.716073111185e+01,2.842656401472e-04
4.965261321395e-03,1.699089420891e+01,4.852109471768e+00,4.639081362277e+05,1.683412823325e+03,2.716817119673e+01,2.837549874058e-04
4.965309063664e-03,1.698402574818e+01,4.849402810805e+00,4.646107211135e+05,1.682951498357e+03,2.717561849380e+01,2.832449563414e-04
4.965356754189e-03,1.697715420720e+01,4.846694149855e+00,4.653146221952e+05,1.682489978924e+03,2.718307301679e+01,2.827355381677e-04
4.965404393069e-03,1.697027957505e+01,4.843983483839e+00,4.660198276765e+05,1.682028264334e+03,2.719053478542e+01,2.822267412550e-04
4.965451980325e-03,1.696340185144e+01,4.841270813912e+00,4.667263561193e+05,1.681566354605e+03,2.719800380797e+01,2.817185557841e-04
4.965499516025e-03,1.695652103005e+01,4.838556136282e+00,4.674341957394e+05,1.681104249352e+03,2.720548009923e+01,2.812109900975e-04
4.965547000164e-03,1.694963711452e+01,4.835839452375e+00,4.681433613649e+05,1.680641948862e+03,2.721296366319e+01,2.807040366630e-04
4.965594432883e-03,1.694275008743e+01,4.833120755312e+00,4.688538475588e+05,1.680179452002e+03,2.722045452678e+01,2.801976999096e-04
4.965641814207e-03,1.693585994848e+01,4.830400044972e+00,4.695656638054e+05,1.679716758795e+03,2.722795269832e+01,2.796919755192e-04
4.965689144165e-03,1.692896669653e+01,4.827677320909e+00,4.702788087640e+05,1.679253869203e+03,2.723545818709e+01,2.791868656468e-04
4.965736422797e-03,1.692207032880e+01,4.824952582028e+00,4.709932864340e+05,1.678790783081e+03,2.724297100412e+01,2.786823692385e-04
4.965783650281e-03,1.691517082245e+01,4.822225819315e+00,4.717091034870e+05,1.678327498934e+03,2.725049118239e+01,2.781784834431e-04
4.965830826570e-03,1.690826818740e+01,4.819497036701e+00,4.724262568812e+05,1.677864017471e+03,2.725801871915e+01,2.776752115359e-04
4.965877951645e-03,1.690136242949e+01,4.816766236515e+00,4.731447560598e+05,1.677400339122e+03,2.726555361614e+01,2.771725493899e-04
4.965925025755e-03,1.689445351532e+01,4.814033405564e+00,4.738645967713e+05,1.676936461689e+03,2.727309591791e+01,2.766705004659e-04
4.965972048775e-03,1.688754146642e+01,4.811298552610e+00,4.745857924615e+05,1.676472386655e+03,2.728064560913e+01,2.761690585353e-04
4.966019020838e-03,1.688062626632e+01,4.808561670941e+00,4.753083318386e+05,1.676008112958e+03,2.728820271592e+01,2.756682313278e-04
4.966065942096e-03,1.687370789557e+01,4.805822754616e+00,4.760322367078e+05,1.675543639332e+03,2.729576726774e+01,2.751680074169e-04
4.966112812344e-03,1.686678638750e+01,4.803081815133e+00,4.767574893266e+05,1.675078968055e+03,2.730333923637e+01,2.746683987256e-04
4.966159631943e-03,1.685986169179e+01,4.800338833020e+00,4.774841123170e+05,1.674614095791e+03,2.731091868506e+01,2.741693929912e-04
4.966206400673e-03,1.685293381533e+01,4.797593815043e+00,4.782120933541e+05,1.674149023133e+03,2.731850561310e+01,2.736682155672e-04
4.966253118821e-03,1.684600252414e+01,4.794846680195e+00,4.789414619222e+05,1.673683735016e+03,2.732610027544e+01,2.731518840762e-04
4.966299786309e-03,1.683906760055e+01,4.792097355961e+00,4.796722284094e+05,1.673218217589e+03,2.733370290770e+01,2.726298059260e-04
4.966346403164e-03,1.683212894866e+01,4.789345811131e+00,4.804044048108e+05,1.672752464756e+03,2.734131361934e+01,2.721058376791e-04
4.966392969549e-03,1.682518650885e+01,4.786592023803e+00,4.811379968211e+05,1.672286472678e+03,2.734893248306e+01,2.715815582960e-04
4.966439485441e-03,1.681824027270e+01,4.783835990280e+00,4.818730054417e+05,1.671820240886e+03,2.735655951666e+01,2.710576135704e-04
4.966485950928e-03,1.681129022466e+01,4.781077703209e+00,4.826094386876e+05,1.671353768401e+03,2.736419474628e+01,2.705342667267e-04
4.966532366011e-03,1.680433636599e+01,4.778317161533e+00,4.833472917397e+05,1.670887055359e+03,2.737183817985e+01,2.700116245472e-04
4.966578730869e-03,1.679737867297e+01,4.775554354179e+00,4.840865791696e+05,1.670420100217e+03,2.737948985284e+01,2.694897295004e-04
4.966625045392e-03,1.679041716581e+01,4.772789287446e+00,4.848272888602e+05,1.669952904379e+03,2.738714975247e+01,2.689685984489e-04
4.966671309785e-03,1.678345181748e+01,4.770021949371e+00,4.855694409555e+05,1.669485466076e+03,2.739481791800e+01,2.684482370012e-04
4.966717524030e-03,1.677648263495e+01,4.767252340483e+00,4.863130203593e+05,1.669017785819e+03,2.740249435129e+01,2.679286468643e-04
4.966763688116e-03,1.676950962386e+01,4.764480462610e+00,4.870580465739e+05,1.668549864033e+03,2.741017905568e+01,2.674098280133e-04
4.966809802157e-03,1.676253277105e+01,4.761706307510e+00,4.878045064706e+05,1.668081699882e+03,2.741787205522e+01,2.668917792217e-04
4.966855866288e-03,1.675555206020e+01,4.758929866971e+00,4.885524192891e+05,1.667613292313e+03,2.742557337752e+01,2.663744989602e-04
4.966901880504e-03,1.674856749625e+01,4.756151141281e+00,4.893017745069e+05,1.667144641706e+03,2.743328302678e+01,2.658579860634e-04
4.966947844705e-03,1.674157909832e+01,4.753370136355e+00,4.900525824664e+05,1.666675749387e+03,2.744100099150e+01,2.653422394247e-04
4.966993759259e-03,1.673458681456e+01,4.750586829906e+00,4.908048438464e+05,1.666206611926e+03,2.744872733862e+01,2.648272569666e-04
4.967039623952e-03,1.672759068149e+01,4.747801234802e+00,4.915585620601e+05,1.665737231817e+03,2.745646203748e+01,2.643130378283e-04
4.967085438894e-03,1.672059068652e+01,4.745013344399e+00,4.923137386352e+05,1.665267608264e+03,2.746420511171e+01,2.637995805225e-04
4.967131204259e-03,1.671358680716e+01,4.742223148091e+00,4.930703783188e+05,1.664797739802e+03,2.747195659590e+01,2.632868833465e-04
4.967176919957e-03,1.670657906093e+01,4.739430651248e+00,4.938284844240e+05,1.664327627653e+03,2.747971648045e+01,2.627749451994e-04
4.967222586093e-03,1.669956743580e+01,4.736635847461e+00,4.945880555844e+05,1.663857271059e+03,2.748748478843e+01,2.622637645921e-04
4.967268202772e-03,1.669255191983e+01,4.733838730374e+00,4.953491032948e+05,1.663386669264e+03,2.749526154289e+01,2.617533400142e-04
4.967313769956e-03,1.668553252263e+01,4.731039302227e+00,4.961116189009e+05,1.662915822960e+03,2.750304674299e+01,2.612436702711e-04
4.967359287771e-03,1.667850922873e+01,4.728237555279e+00,4.968756192358e+05,1.662444731156e+03,2.751084041575e+01,2.607347538595e-04
4.967404756221e-03,1.667148204180e+01,4.725433489419e+00,4.976410913854e+05,1.661973394146e+03,2.751864256696e+01,2.602265894775e-04
4.967450175455e-03,1.666445094232e+01,4.722627096186e+00,4.984080571415e+05,1.661501810668e+03,2.752645322820e+01,2.597191756582e-04
4.967495545343e-03,1.665741595472e+01,4.719818382904e+00,4.991764981212e+05,1.661029982407e+03,2.753427238226e+01,2.592125114218e-04
4.967540866138e-03,1.665037704336e+01,4.717007334575e+00,4.999464390224e+05,1.660557907021e+03,2.754210007867e+01,2.587065950675e-04
4.967586137719e-03,1.664333423120e+01,4.714193958089e+00,5.007178628821e+05,1.660085586097e+03,2.754993630190e+01,2.582014255454e-04
4.967631360262e-03,1.663628749466e+01,4.711378242500e+00,5.014907899416e+05,1.659613018101e+03,2.755778108817e+01,2.576970012500e-04
4.967676533813e-03,1.662923683050e+01,4.708560185035e+00,5.022652103759e+05,1.659140202865e+03,2.756563445108e+01,2.571933208682e-04
4.967721658318e-03,1.662218225111e+01,4.705739789140e+00,5.030411359078e+05,1.658667141268e+03,2.757349638689e+01,2.566903833231e-04
4.967766733966e-03,1.661512373069e+01,4.702917043038e+00,5.038185637769e+05,1.658193831627e+03,2.758136693442e+01,2.561881870204e-04
4.967811760736e-03,1.660806127623e+01,4.700091948047e+00,5.045975017661e+05,1.657720274461e+03,2.758924609595e+01,2.556867308175e-04
4.967856738653e-03,1.660099488802e+01,4.697264502837e+00,5.053779487841e+05,1.657246469836e+03,2.759713388128e+01,2.551860135118e-04
4.967901667855e-03,1.659392454802e+01,4.694434698741e+00,5.061599108868e+05,1.656772416593e+03,2.760503032066e+01,2.546860336450e-04
4.967946548291e-03,1.658685026811e+01,4.691602539085e+00,5.069433901962e+05,1.656298115576e+03,2.761293541102e+01,2.541867901215e-04
4.967991380133e-03,1.657977202510e+01,4.688768013156e+00,5.077283889050e+05,1.655823565280e+03,2.762084918843e+01,2.536882814523e-04
4.968036163301e-03,1.657268983517e+01,4.685931126032e+00,5.085149130990e+05,1.655348766839e+03,2.762877164503e+01,2.531905066134e-04
4.968080897995e-03,1.656560367080e+01,4.683091865274e+00,5.093029610684e+05,1.654873718456e+03,2.763670282184e+01,2.526934640982e-04
4.968125584081e-03,1.655851355679e+01,4.680250239450e+00,5.100925423310e+05,1.654398421845e+03,2.764464270135e+01,2.521971529850e-04
4.968170221841e-03,1.655141945230e+01,4.677406230796e+00,5.108836523243e+05,1.653922874317e+03,2.765259133957e+01,2.517015715820e-04
4.968214811106e-03,1.654432138783e+01,4.674559850183e+00,5.116763042778e+05,1.653447077966e+03,2.766054871267e+01,2.512067190810e-04
4.968259352107e-03,1.653721933064e+01,4.671711083113e+00,5.124704884384e+05,1.652971030648e+03,2.766851486767e+01,2.507125939616e-04
4.968303844727e-03,1.653011330274e+01,4.668859937625e+00,5.132662230220e+05,1.652494733888e+03,2.767648979024e+01,2.502191953120e-04
4.968348289214e-03,1.652300326867e+01,4.666006397601e+00,5.140634953970e+05,1.652018185358e+03,2.768447353058e+01,2.497265215666e-04
4.968392685391e-03,1.651588926013e+01,4.663150475292e+00,5.148623244033e+05,1.651541387235e+03,2.769246606350e+01,2.492345719837e-04
4.968437033514e-03,1.650877124006e+01,4.660292153653e+00,5.156626979730e+05,1.651064337084e+03,2.770046744107e+01,2.487433449304e-04
4.968481333508e-03,1.650164922430e+01,4.657431437732e+00,5.164646344154e+05,1.650587036019e+03,2.770847765594e+01,2.482528394186e-04
4.968525585461e-03,1.649452320202e+01,4.654568321888e+00,5.172681222986e+05,1.650109483362e+03,2.771649673081e+01,2.477630541403e-04
4.968569789535e-03,1.648739315117e+01,4.651702795973e+00,5.180731802783e+05,1.649631677688e+03,2.772452470098e+01,2.472739877293e-04
4.968613945529e-03,1.648025910772e+01,4.648834873186e+00,5.188797955643e+05,1.649153621459e+03,2.773256153651e+01,2.467856395649e-04
4.968658053719e-03,1.647312103076e+01,4.645964535807e+00,5.196879850822e+05,1.648675311984e+03,2.774060729402e+01,2.462980079738e-04
4.968702114110e-03,1.646597892323e+01,4.643091783777e+00,5.204977436450e+05,1.648196749512e+03,2.774866198083e+01,2.458110918341e-04
4.968746126683e-03,1.645883279184e+01,4.640216618539e+00,5.213090789844e+05,1.647717934542e+03,2.775672559998e+01,2.453248902047e-04
4.968790091515e-03,1.645168262768e+01,4.637339035300e+00,5.221219910640e+05,1.647238866532e+03,2.776479817216e+01,2.448394018523e-04
4.968834008739e-03,1.644452841273e+01,4.634459025572e+00,5.229364866730e+05,1.646759544324e+03,2.777287972838e+01,2.443546254302e-04
4.968877878298e-03,1.643737015992e+01,4.631576593364e+00,5.237525670522e+05,1.646279968837e+03,2.778097026475e+01,2.438705600586e-04
4.968921700300e-03,1.643020785540e+01,4.628691731884e+00,5.245702348242e+05,1.645800139195e+03,2.778906980765e+01,2.433872045623e-04
4.968965474687e-03,1.642304151225e+01,4.625804445235e+00,5.253894949003e+05,1.645320056326e+03,2.779717835302e+01,2.429045579228e-04
4.969009201790e-03,1.641587107964e+01,4.622914711744e+00,5.262103505018e+05,1.644839716879e+03,2.780529596916e+01,2.424226184142e-04
4.969052881320e-03,1.640869660891e+01,4.620022550947e+00,5.270328058003e+05,1.644359124344e+03,2.781342260876e+01,2.419413856476e-04
4.969096513568e-03,1.640151805546e+01,4.617127943694e+00,5.278568597382e+05,1.643878275786e+03,2.782155833316e+01,2.414608580743e-04
4.969140098451e-03,1.639433543678e+01,4.614230895906e+00,5.286825239334e+05,1.643397172430e+03,2.782970313342e+01,2.409810348144e-04
4.969183636100e-03,1.638714873495e+01,4.611331399210e+00,5.295097907615e+05,1.642915813129e+03,2.783785704071e+01,2.405019146327e-04
4.969227126485e-03,1.637995795813e+01,4.608429455785e+00,5.303386764235e+05,1.642434198482e+03,2.784602005672e+01,2.400234965404e-04
4.969270569783e-03,1.637276308095e+01,4.605525054265e+00,5.311691707102e+05,1.641952326844e+03,2.785419222116e+01,2.395457791782e-04
4.969313965929e-03,1.636556411747e+01,4.602618199230e+00,5.320012925931e+05,1.641470199208e+03,2.786237352907e+01,2.390687617333e-04
4.969357314974e-03,1.635836106295e+01,4.599708887668e+00,5.328350260945e+05,1.640987815313e+03,2.787056399679e+01,2.385924431081e-04
4.969400617137e-03,1.635115388453e+01,4.596797105928e+00,5.336703986730e+05,1.640505173010e+03,2.787876367275e+01,2.381168219243e-04
4.969443872167e-03,1.634394262738e+01,4.593882870480e+00,5.345073866070e+05,1.640022275378e+03,2.788697251659e+01,2.376418977260e-04
4.969487080411e-03,1.633672723717e+01,4.590966158670e+00,5.353460202418e+05,1.639539118833e+03,2.789519060123e+01,2.371676688199e-04
4.969530241768e-03,1.632950773430e+01,4.588046977326e+00,5.361862799626e+05,1.639055704795e+03,2.790341791456e+01,2.366941344280e-04
4.969573356260e-03,1.632228411863e+01,4.585125325331e+00,5.370281875497e+05,1.638572033308e+03,2.791165446787e+01,2.362212935805e-04
4.969616424058e-03,1.631505636500e+01,4.582201191499e+00,5.378717315232e+05,1.638088102744e+03,2.791990030101e+01,2.357491449069e-04
4.969659445162e-03,1.630782447696e+01,4.579274576228e+00,5.387169302897e+05,1.637603913394e+03,2.792815542112e+01,2.352776875034e-04
4.969702419540e-03,1.630058846306e+01,4.576345481979e+00,5.395637713845e+05,1.637119465885e+03,2.793641982967e+01,2.348069205755e-04
4.969745347297e-03,1.629334830934e+01,4.573413902085e+00,5.404122723804e+05,1.636634759338e+03,2.794469355384e+01,2.343368428891e-04
4.969788228589e-03,1.628610399293e+01,4.570479826315e+00,5.412624273687e+05,1.636149792276e+03,2.795297663105e+01,2.338674531140e-04
4.969831063324e-03,1.627885553282e+01,4.567543261365e+00,5.421142472587e+05,1.635664566028e+03,2.796126905089e+01,2.333987505640e-04
4.969873851617e-03,1.627160291292e+01,4.564604199754e+00,5.429677281552e+05,1.635179079568e+03,2.796957084313e+01,2.329307341586e-04
4.969916593456e-03,1.626434613861e+01,4.561662642694e+00,5.438228798265e+05,1.634693333315e+03,2.797788201293e+01,2.324634029713e-04
4.969959289008e-03,1.625708518504e+01,4.558718579182e+00,5.446797021430e+05,1.634207325661e+03,2.798620260017e+01,2.319967557523e-04
4.970001938157e-03,1.624982007542e+01,4.555772017666e+00,5.455382001145e+05,1.633721058215e+03,2.799453258967e+01,2.315307918037e-04
4.970044541143e-03,1.624255077227e+01,4.552822942037e+00,5.463983777644e+05,1.633234528524e+03,2.800287203586e+01,2.310655097050e-04
4.970087097883e-03,1.623527729307e+01,4.549871358446e+00,5.472602381932e+05,1.632747737813e+03,2.801122093017e+01,2.306009087310e-04
4.970129608485e-03,1.622799962290e+01,4.546917259953e+00,5.481237853408e+05,1.632260685142e+03,2.801957930123e+01,2.301369878620e-04
4.970172072898e-03,1.622071777362e+01,4.543960650457e+00,5.489890204591e+05,1.631773371360e+03,2.802794714696e+01,2.296737462760e-04
4.970214491339e-03,1.621343171169e+01,4.541001515469e+00,5.498559522083e+05,1.631285794280e+03,2.803632451746e+01,2.292111825817e-04
4.970256863724e-03,1.620614145462e+01,4.538039861206e+00,5.507245787416e+05,1.630797955129e+03,2.804471140420e+01,2.287492960251e-04
4.970299190206e-03,1.619884697954e+01,4.535075677523e+00,5.515949098806e+05,1.630309852435e+03,2.805310784515e+01,2.282880854591e-04
4.970341470758e-03,1.619154829459e+01,4.532108966853e+00,5.524669425455e+05,1.629821486798e+03,2.806151384259e+01,2.278275501587e-04
4.970383705367e-03,1.618424540521e+01,4.529139730587e+00,5.533406855165e+05,1.629332858641e+03,2.806992940191e+01,2.273676893029e-04
4.970425894234e-03,1.617693828008e+01,4.526167955130e+00,5.542161381682e+05,1.628843965925e+03,2.807835457094e+01,2.269085015177e-04
4.970468037308e-03,1.616962693129e+01,4.523193644589e+00,5.550933107488e+05,1.628354809516e+03,2.808678934750e+01,2.264499859674e-04
4.970510134737e-03,1.616231133662e+01,4.520216789098e+00,5.559721993669e+05,1.627865387987e+03,2.809523376899e+01,2.259921415237e-04
4.970552186462e-03,1.615499150933e+01,4.517237393254e+00,5.568528163044e+05,1.627375702280e+03,2.810368783195e+01,2.255349675438e-04
4.970594192528e-03,1.614766744527e+01,4.514255454566e+00,5.577351534010e+05,1.626885752179e+03,2.811215155296e+01,2.250784631171e-04
4.970636153060e-03,1.614033912569e+01,4.511270964629e+00,5.586192288780e+05,1.626395536485e+03,2.812062496559e+01,2.246226270416e-04
4.970678068115e-03,1.613300654406e+01,4.508283919986e+00,5.595050328614e+05,1.625905054820e+03,2.812910808930e+01,2.241674583508e-04
4.970719937636e-03,1.612566971359e+01,4.505294325278e+00,5.603925817197e+05,1.625414308127e+03,2.813760092072e+01,2.237129563619e-04
4.970761761815e-03,1.611832860385e+01,4.502302167325e+00,5.612818665465e+05,1.624923294429e+03,2.814610350707e+01,2.232591198831e-04
4.970803540514e-03,1.611098324241e+01,4.499307456648e+00,5.621729038822e+05,1.624432015629e+03,2.815461582838e+01,2.228059483573e-04
4.970845273974e-03,1.610363359028e+01,4.496310176592e+00,5.630656840312e+05,1.623940469177e+03,2.816313794187e+01,2.223534403948e-04
4.970886962165e-03,1.609627965581e+01,4.493310329855e+00,5.639602276953e+05,1.623448655692e+03,2.817166984994e+01,2.219015952156e-04
4.970928605128e-03,1.608892143498e+01,4.490307914070e+00,5.648565191896e+05,1.622956574964e+03,2.818021156934e+01,2.214504120311e-04
4.970970202855e-03,1.608155893259e+01,4.487302930509e+00,5.657545813784e+05,1.622464227373e+03,2.818876310660e+01,2.209998900733e-04
4.971011755460e-03,1.607419213168e+01,4.484295371541e+00,5.666543985009e+05,1.621971611845e+03,2.819732449356e+01,2.205500281588e-04
4.971053263093e-03,1.606682100881e+01,4.481285226930e+00,5.675559985200e+05,1.621478726872e+03,2.820589576968e+01,2.201008251135e-04
4.971094725627e-03,1.605944558975e+01,4.478272506508e+00,5.684593588977e+05,1.620985574238e+03,2.821447691720e+01,2.196522805120e-04
4.971136143169e-03,1.605206585876e+01,4.475257203198e+00,5.693645082077e+05,1.620492152949e+03,2.822306796670e+01,2.192043934005e-04
4.971177515781e-03,1.604468180817e+01,4.472239313204e+00,5.702714265341e+05,1.619998462555e+03,2.823166893936e+01,2.187571627956e-04
4.971218843513e-03,1.603729343193e+01,4.469218833774e+00,5.711801425577e+05,1.619504502709e+03,2.824027985456e+01,2.183105877539e-04
4.971260126455e-03,1.602990071715e+01,4.466195758642e+00,5.720906363314e+05,1.619010272611e+03,2.824890073967e+01,2.178646673267e-04
4.971301364515e-03,1.602250368375e+01,4.463170095365e+00,5.730029332872e+05,1.618515773654e+03,2.825753158384e+01,2.174194009419e-04
4.971342557913e-03,1.601510229539e+01,4.460141828436e+00,5.739170170613e+05,1.618021003468e+03,2.826617244187e+01,2.169747872938e-04
4.971383706628e-03,1.600769655872e+01,4.457110959955e+00,5.748329138316e+05,1.617525962560e+03,2.827482331847e+01,2.165308256649e-04
4.971424810631e-03,1.600028648248e+01,4.454077492929e+00,5.757506026270e+05,1.617030651576e+03,2.828348421588e+01,2.160875154026e-04
4.971465870088e-03,1.599287203990e+01,4.451041415801e+00,5.766701128660e+05,1.616535068787e+03,2.829215517790e+01,2.156448553429e-04
4.971506884997e-03,1.598545323412e+01,4.448002729300e+00,5.775914251541e+05,1.616039214463e+03,2.830083621343e+01,2.152028447089e-04
4.971547855355e-03,1.597803006926e+01,4.444961434546e+00,5.785145642901e+05,1.615543088944e+03,2.830952733018e+01,2.147614827261e-04
4.971588781379e-03,1.597060250897e+01,4.441917516107e+00,5.794395165675e+05,1.615046689861e+03,2.831822858337e+01,2.143207681820e-04
4.971629662871e-03,1.596317059216e+01,4.438870989376e+00,5.803663017697e+05,1.614550019877e+03,2.832693994003e+01,2.138807007835e-04
4.971670500071e-03,1.595573427850e+01,4.435821837310e+00,5.812949073629e+05,1.614053076358e+03,2.833566146012e+01,2.134412792496e-04
4.971711292955e-03,1.594829357553e+01,4.432770062460e+00,5.822253564626e+05,1.613555859871e+03,2.834439314751e+01,2.130025028152e-04
4.971752041614e-03,1.594084846975e+01,4.429715658810e+00,5.831576337563e+05,1.613058369577e+03,2.835313503077e+01,2.125643706164e-04
4.971792745959e-03,1.593339898051e+01,4.426658633772e+00,5.840917604075e+05,1.612560606830e+03,2.836188709998e+01,2.121268820844e-04
4.971833406268e-03,1.592594505988e+01,4.423598967218e+00,5.850277258797e+05,1.612062568492e+03,2.837064942426e+01,2.116900358592e-04
4.971874022361e-03,1.591848674406e+01,4.420536673505e+00,5.859655488578e+05,1.611564257044e+03,2.837942197389e+01,2.112538316127e-04
4.971914594391e-03,1.591102400802e+01,4.417471741916e+00,5.869052162823e+05,1.611065670877e+03,2.838820479119e+01,2.108182682432e-04
4.971955122498e-03,1.590355682933e+01,4.414404162758e+00,5.878467539642e+05,1.610566808556e+03,2.839699791550e+01,2.103833446949e-04
4.971995606498e-03,1.589608524448e+01,4.411333950599e+00,5.887901413284e+05,1.610067672582e+03,2.840580131678e+01,2.099490606585e-04
4.972036046701e-03,1.588860919984e+01,4.408261082945e+00,5.897354079964e+05,1.609568259437e+03,2.841461507122e+01,2.095154147767e-04
4.972076442903e-03,1.588112873586e+01,4.405185576019e+00,5.906825329980e+05,1.609068571885e+03,2.842343914414e+01,2.090824067354e-04
4.972116795368e-03,1.587364380685e+01,4.402107410607e+00,5.916315449486e+05,1.608568606940e+03,2.843227360248e+01,2.086500352628e-04
4.972157104006e-03,1.586615443244e+01,4.399026594392e+00,5.925824255064e+05,1.608068365977e+03,2.844111843619e+01,2.082182998644e-04
4.972197368842e-03,1.585866061110e+01,4.395943126332e+00,5.935351977959e+05,1.607567848957e+03,2.844997366019e+01,2.077871997560e-04
4.972237590105e-03,1.585116230337e+01,4.392856989833e+00,5.944898508594e+05,1.607067053311e+03,2.845883933425e+01,2.073567336665e-04
4.972277767641e-03,1.584365954062e+01,4.389768197412e+00,5.954464038591e+05,1.606565981197e+03,2.846771543450e+01,2.069269012490e-04
4.972317901586e-03,1.583615230099e+01,4.386676739730e+00,5.964048433648e+05,1.606064631221e+03,2.847660200001e+01,2.064977014924e-04
4.972357992069e-03,1.582864056310e+01,4.383582607609e+00,5.973651956062e+05,1.605563002021e+03,2.848549906938e+01,2.060691334146e-04
4.972398038919e-03,1.582112436198e+01,4.380485815159e+00,5.983274395295e+05,1.605061095999e+03,2.849440661442e+01,2.056411967346e-04
4.972438042388e-03,1.581360365325e+01,4.377386343752e+00,5.992916047715e+05,1.604558910260e+03,2.850332470104e+01,2.052138901555e-04
4.972478002477e-03,1.580607843995e+01,4.374284194329e+00,6.002576738931e+05,1.604056445070e+03,2.851225333905e+01,2.047872129883e-04
4.972517919097e-03,1.579854874181e+01,4.371179374710e+00,6.012256689031e+05,1.603553701815e+03,2.852119251840e+01,2.043611647803e-04
4.972557792484e-03,1.579101451712e+01,4.368071867406e+00,6.021955774990e+05,1.603050677772e+03,2.853014230209e+01,2.039357442397e-04
4.972597622620e-03,1.578347577234e+01,4.364961674778e+00,6.031674241180e+05,1.602547373442e+03,2.853910269595e+01,2.035109507263e-04
4.972637409490e-03,1.577593251352e+01,4.361848799072e+00,6.041411895727e+05,1.602043789294e+03,2.854807370626e+01,2.030867837269e-04
4.972677153117e-03,1.576838473899e+01,4.358733239307e+00,6.051169001875e+05,1.601539925283e+03,2.855705534859e+01,2.026632424474e-04
4.972716853734e-03,1.576083240748e+01,4.355614978215e+00,6.060945420270e+05,1.601035778720e+03,2.856604768564e+01,2.022403255916e-04
4.972756511208e-03,1.575327554745e+01,4.352494027281e+00,6.070741384979e+05,1.600531351572e+03,2.857505069715e+01,2.018180327967e-04
4.972796125676e-03,1.574571413545e+01,4.349370376606e+00,6.080556723684e+05,1.600026642341e+03,2.858406442475e+01,2.013963631699e-04
4.972835697084e-03,1.573814818507e+01,4.346244031564e+00,6.090391700698e+05,1.599521652001e+03,2.859308886591e+01,2.009753161072e-04
4.972875225669e-03,1.573057765370e+01,4.343114974358e+00,6.100246157393e+05,1.599016377776e+03,2.860212408522e+01,2.005548904250e-04
4.972914711226e-03,1.572300258368e+01,4.339983222260e+00,6.110120333098e+05,1.598510822558e+03,2.861117004593e+01,2.001350859369e-04
4.972954154019e-03,1.571542292723e+01,4.336848755351e+00,6.120014063342e+05,1.598004983227e+03,2.862022681890e+01,1.997159014123e-04
4.972993553938e-03,1.570783870856e+01,4.333711583717e+00,6.129927623430e+05,1.597498861465e+03,2.862929438907e+01,1.992973363777e-04
4.973032911170e-03,1.570024989430e+01,4.330571693138e+00,6.139860821774e+05,1.596992455116e+03,2.863837281021e+01,1.988793897617e-04
4.973072225637e-03,1.569265650259e+01,4.327429091156e+00,6.149813944292e+05,1.596485765456e+03,2.864746207459e+01,1.984620610891e-04
4.973111497484e-03,1.568505850834e+01,4.324283767041e+00,6.159786793428e+05,1.595978790879e+03,2.865656222619e+01,1.980453494433e-04
4.973150726606e-03,1.567745593473e+01,4.321135730277e+00,6.169779638419e+05,1.595471533003e+03,2.866567325124e+01,1.976292543436e-04
4.973189913312e-03,1.566984872475e+01,4.317984957103e+00,6.179792337700e+05,1.594963988090e+03,2.867479523213e+01,1.972137744578e-04
4.973229057324e-03,1.566223693536e+01,4.314831471026e+00,6.189825100942e+05,1.594456160011e+03,2.868392811464e+01,1.967989097759e-04
4.973268158955e-03,1.565462050864e+01,4.311675247919e+00,6.199877804137e+05,1.593948044970e+03,2.869307198239e+01,1.963846589400e-04
4.973307218124e-03,1.564699946300e+01,4.308516295346e+00,6.209950691197e+05,1.593439644265e+03,2.870222682742e+01,1.959710214420e-04
4.973346234887e-03,1.563937379062e+01,4.305354609958e+00,6.220043589791e+05,1.592930957443e+03,2.871139267336e+01,1.955579965434e-04
4.973385209358e-03,1.563174347182e+01,4.302190183549e+00,6.230156776229e+05,1.592421983262e+03,2.872056955809e+01,1.951455833778e-04
4.973424141435e-03,1.562410852968e+01,4.299023025609e+00,6.240290056392e+05,1.591912723330e+03,2.872975746813e+01,1.947337815456e-04
4.973463031343e-03,1.561646892301e+01,4.295853119027e+00,6.250443715760e+05,1.591403174970e+03,2.873895646736e+01,1.943225898948e-04
4.973501879003e-03,1.560882466984e+01,4.292680471221e+00,6.260617587542e+05,1.590893339456e+03,2.874816654846e+01,1.939120079916e-04
4.973540684450e-03,1.560117576650e+01,4.289505080673e+00,6.270811886449e+05,1.590383216612e+03,2.875738773019e+01,1.935020351224e-04
4.973579447870e-03,1.559352217883e+01,4.286326933154e+00,6.281026537371e+05,1.589872804231e+03,2.876662006822e+01,1.930926701741e-04
4.973618169175e-03,1.558586392744e+01,4.283146037244e+00,6.291261700238e+05,1.589362103757e+03,2.877586355217e+01,1.926839127804e-04
4.973656848423e-03,1.557820100331e+01,4.279962389185e+00,6.301517290090e+05,1.588851114661e+03,2.878511820742e+01,1.922757622278e-04
4.973695485695e-03,1.557053339348e+01,4.276775983634e+00,6.311793487675e+05,1.588339836150e+03,2.879438406418e+01,1.918682176143e-04
4.973734081105e-03,1.556286107817e+01,4.273586812372e+00,6.322090247873e+05,1.587828266974e+03,2.880366116097e+01,1.914612780567e-04
4.973772634549e-03,1.555518408059e+01,4.270394885116e+00,6.332407677327e+05,1.587316408755e+03,2.881294948437e+01,1.910549432594e-04
4.973811146143e-03,1.554750238069e+01,4.267200193560e+00,6.342745758159e+05,1.586804260226e+03,2.882224907329e+01,1.906492123437e-04
4.973849615982e-03,1.553981596229e+01,4.264002731057e+00,6.353104622781e+05,1.586291820380e+03,2.883155996207e+01,1.902440844385e-04
4.973888044015e-03,1.553212483835e+01,4.260802503049e+00,6.363484237441e+05,1.585779090152e+03,2.884088214977e+01,1.898395590636e-04
4.973926430370e-03,1.552442898610e+01,4.257599500181e+00,6.373884714609e+05,1.585266068100e+03,2.885021567875e+01,1.894356353369e-04
4.973964775039e-03,1.551672840989e+01,4.254393724325e+00,6.384306062317e+05,1.584752754582e+03,2.885956055864e+01,1.890323126827e-04
4.974003078042e-03,1.550902310851e+01,4.251185175120e+00,6.394748333441e+05,1.584239149592e+03,2.886891680574e+01,1.886295903978e-04
4.974041339568e-03,1.550131304664e+01,4.247973837952e+00,6.405211621551e+05,1.583725250848e+03,2.887828447790e+01,1.882274673912e-04
4.974079559508e-03,1.549359824908e+01,4.244759723307e+00,6.415695912166e+05,1.583211060077e+03,2.888766355995e+01,1.878259433561e-04
4.974117737988e-03,1.548587869326e+01,4.241542821899e+00,6.426201315120e+05,1.582696575846e+03,2.889705409434e+01,1.874250175075e-04
4.974155874963e-03,1.547815439113e+01,4.238323138890e+00,6.436727799432e+05,1.582181799027e+03,2.890645608158e+01,1.870246893528e-04
4.974193970565e-03,1.547042531847e+01,4.235100664320e+00,6.447275512500e+05,1.581666728076e+03,2.891586956626e+01,1.866249579358e-04
4.974232024820e-03,1.546269147273e+01,4.231875397341e+00,6.457844407514e+05,1.581151362899e+03,2.892529456659e+01,1.862258225336e-04
4.974270037798e-03,1.545495284264e+01,4.228647333406e+00,6.468434651269e+05,1.580635702818e+03,2.893473111152e+01,1.858272824392e-04
4.974308009455e-03,1.544720944005e+01,4.225416477688e+00,6.479046139939e+05,1.580119748698e+03,2.894417920181e+01,1.854293371970e-04
4.974345939925e-03,1.543946124000e+01,4.222182819962e+00,6.489679097785e+05,1.579603498948e+03,2.895363888319e+01,1.850319858742e-04
4.974383829244e-03,1.543170823797e+01,4.218946358591e+00,6.500333404345e+05,1.579086953343e+03,2.896311017647e+01,1.846352278119e-04
4.974421677388e-03,1.542395044175e+01,4.215707097034e+00,6.511009279507e+05,1.578570112475e+03,2.897259308750e+01,1.842390625637e-04
4.974459484427e-03,1.541618783958e+01,4.212465030662e+00,6.521706571812e+05,1.578052975637e+03,2.898208764603e+01,1.838434893687e-04
4.974497250450e-03,1.540842041617e+01,4.209220153316e+00,6.532425575288e+05,1.577535541883e+03,2.899159388621e+01,1.834485073693e-04
4.974534975489e-03,1.540064816739e+01,4.205972463570e+00,6.543166085325e+05,1.577017811015e+03,2.900111182857e+01,1.830541159138e-04
4.974572659557e-03,1.539287109335e+01,4.202721962468e+00,6.553928415166e+05,1.576499783116e+03,2.901064148852e+01,1.826603144694e-04
4.974610302684e-03,1.538508919057e+01,4.199468648142e+00,6.564712329857e+05,1.575981458028e+03,2.902018288585e+01,1.822671023380e-04
4.974647905038e-03,1.537730242701e+01,4.196212508232e+00,6.575518198806e+05,1.575462833693e+03,2.902973607552e+01,1.818744785696e-04
4.974685466458e-03,1.536951083882e+01,4.192953557441e+00,6.586345743487e+05,1.574943912594e+03,2.903930102881e+01,1.814824429575e-04
4.974722987212e-03,1.536171437306e+01,4.189691773989e+00,6.597195332371e+05,1.574424691283e+03,2.904887782640e+01,1.810909943387e-04
4.974760467134e-03,1.535391306669e+01,4.186427173647e+00,6.608066728224e+05,1.573905172296e+03,2.905846643867e+01,1.807001325364e-04
4.974797906408e-03,1.534610688460e+01,4.183159742115e+00,6.618960228345e+05,1.573385353372e+03,2.906806692451e+01,1.803098565830e-04
4.974835304995e-03,1.533829583717e+01,4.179889484066e+00,6.629875680444e+05,1.572865235278e+03,2.907767928703e+01,1.799201659073e-04
4.974872663050e-03,1.533047989466e+01,4.176616387466e+00,6.640813326086e+05,1.572344816113e+03,2.908730357867e+01,1.795310595667e-04
4.974909980502e-03,1.532265907491e+01,4.173340460141e+00,6.651773052443e+05,1.571824097138e+03,2.909693979345e+01,1.791425371755e-04
4.974947257510e-03,1.531483334718e+01,4.170061689647e+00,6.662755052248e+05,1.571303076387e+03,2.910658798519e+01,1.787545979228e-04
4.974984493895e-03,1.530700275154e+01,4.166780093166e+00,6.673759233236e+05,1.570781756604e+03,2.911624812047e+01,1.783672416718e-04
4.975021689968e-03,1.529916722547e+01,4.163495644951e+00,6.684785780534e+05,1.570260133704e+03,2.912592029249e+01,1.779804670512e-04
4.975058845630e-03,1.529132679239e+01,4.160208355227e+00,6.695834679205e+05,1.569738209323e+03,2.913560448849e+01,1.775942736797e-04
4.975095960950e-03,1.528348144039e+01,4.156918219484e+00,6.706905988889e+05,1.569215982748e+03,2.914530073928e+01,1.772086608762e-04
4.975133036026e-03,1.527563115146e+01,4.153625230606e+00,6.717999808968e+05,1.568693452858e+03,2.915500908336e+01,1.768236279065e-04
4.975170070758e-03,1.526777594936e+01,4.150329399059e+00,6.729116092312e+05,1.568170621312e+03,2.916472950758e+01,1.764391745045e-04
4.975207065325e-03,1.525991579863e+01,4.147030710436e+00,6.740255021037e+05,1.567647485829e+03,2.917446207210e+01,1.760552996723e-04
4.975244019719e-03,1.525205070383e+01,4.143729167171e+00,6.751416516658e+05,1.567124046792e+03,2.918420678761e+01,1.756720028446e-04
4.975280933985e-03,1.524418065781e+01,4.140424766758e+00,6.762600781422e+05,1.566600303802e+03,2.919396367936e+01,1.752892833986e-04
4.975317808158e-03,1.523630565606e+01,4.137117507847e+00,6.773807689059e+05,1.566076256640e+03,2.920373276938e+01,1.749071406934e-04
4.975354642303e-03,1.522842568697e+01,4.133807386084e+00,6.785037510468e+05,1.565551904612e+03,2.921351408852e+01,1.745255739698e-04
4.975391436529e-03,1.522054073011e+01,4.130494393459e+00,6.796290079362e+05,1.565027246438e+03,2.922330767872e+01,1.741445825042e-04
4.975428190672e-03,1.521265082293e+01,4.127178547199e+00,6.807565656260e+05,1.564502284689e+03,2.923311351001e+01,1.737641662467e-04
4.975464904962e-03,1.520475591889e+01,4.123859827405e+00,6.818864067021e+05,1.563977016349e+03,2.924293165683e+01,1.733843240195e-04
4.975501579428e-03,1.519685601449e+01,4.120538234346e+00,6.830185651185e+05,1.563451441265e+03,2.925276214024e+01,1.730050551573e-04
4.975538214048e-03,1.518895111669e+01,4.117213770398e+00,6.841530171010e+05,1.562925559980e+03,2.926260496830e+01,1.726263592099e-04
4.975574808903e-03,1.518104121085e+01,4.113886430042e+00,6.852897940197e+05,1.562399371601e+03,2.927246017599e+01,1.722482355208e-04
4.975611363965e-03,1.517312630563e+01,4.110556217523e+00,6.864288779708e+05,1.561872876785e+03,2.928232776934e+01,1.718706836069e-04
4.975647879399e-03,1.516520636781e+01,4.107223119535e+00,6.875702962571e+05,1.561346073402e+03,2.929220780661e+01,1.714937025315e-04
4.975684355105e-03,1.515728142170e+01,4.103887146929e+00,6.887140356389e+05,1.560818963151e+03,2.930210027440e+01,1.711172919603e-04
4.975720791295e-03,1.514935142399e+01,4.100548282171e+00,6.898601179162e+05,1.560291543233e+03,2.931200524372e+01,1.707414508638e-04
4.975757187840e-03,1.514141640496e+01,4.097206538665e+00,6.910085361229e+05,1.559763815743e+03,2.932192269375e+01,1.703661789970e-04
4.975793544957e-03,1.513347632004e+01,4.093861898354e+00,6.921593050606e+05,1.559235777798e+03,2.933185269728e+01,1.699914753822e-04
4.975829862471e-03,1.512553121038e+01,4.090514379251e+00,6.933124235535e+05,1.558707432216e+03,2.934179521995e+01,1.696173398997e-04
4.975866140670e-03,1.511758101495e+01,4.087163956388e+00,6.944679013717e+05,1.558178775022e+03,2.935175035526e+01,1.692437713332e-04
4.975902379350e-03,1.510962578123e+01,4.083810650484e+00,6.956257440180e+05,1.557649809456e+03,2.936171806097e+01,1.688707695641e-04
4.975938578865e-03,1.510166543420e+01,4.080454430680e+00,6.967859556580e+05,1.557120530610e+03,2.937169844836e+01,1.684983332952e-04
4.975974738881e-03,1.509370004980e+01,4.077095329730e+00,6.979485454810e+05,1.556590943619e+03,2.938169143951e+01,1.681264628834e-04
4.976010859710e-03,1.508572956181e+01,4.073733320499e+00,6.991135084782e+05,1.556061044160e+03,2.939169713484e+01,1.677551570548e-04
4.976046941316e-03,1.507775398076e+01,4.070368408195e+00,7.002808714661e+05,1.555530833018e+03,2.940171553854e+01,1.673844153175e-04
4.976082983695e-03,1.506977331023e+01,4.067000595148e+00,7.014506110971e+05,1.555000310514e+03,2.941174666356e+01,1.670142371954e-04
4.976118986988e-03,1.506178752113e+01,4.063629872523e+00,7.026227669648e+05,1.554469474797e+03,2.942179056399e+01,1.666446218332e-04
4.976154951227e-03,1.505379660913e+01,4.060256236692e+00,7.037973140554e+05,1.553938325664e+03,2.943184726287e+01,1.662755686779e-04
4.976190876261e-03,1.504580061053e+01,4.056879703860e+00,7.049742796467e+05,1.553406865610e+03,2.944191673207e+01,1.659070776388e-04
4.976226762371e-03,1.503779946492e+01,4.053500249326e+00,7.061536539826e+05,1.552875090703e+03,2.945199906535e+01,1.655391473721e-04
4.976262609556e-03,1.502979317527e+01,4.050117875240e+00,7.073354608230e+05,1.552343001228e+03,2.946209427668e+01,1.651717773137e-04
4.976298417765e-03,1.502178175536e+01,4.046732588272e+00,7.085196881304e+05,1.551810598184e+03,2.947220236645e+01,1.648049672130e-04
4.976334187081e-03,1.501376518938e+01,4.043344382657e+00,7.097063537204e+05,1.551277880604e+03,2.948232337243e+01,1.644387164293e-04
4.976369917507e-03,1.500574347884e+01,4.039953259916e+00,7.108954562668e+05,1.550744848673e+03,2.949245731055e+01,1.640730243532e-04
4.976405609220e-03,1.499771658667e+01,4.036559205324e+00,7.120870077791e+05,1.550211500016e+03,2.950260424558e+01,1.637078899838e-04
4.976441262150e-03,1.498968453140e+01,4.033162227615e+00,7.132810135785e+05,1.549677835945e+03,2.951276417209e+01,1.633433130731e-04
4.976476876309e-03,1.498164731216e+01,4.029762327404e+00,7.144774710710e+05,1.549143856492e+03,2.952293710917e+01,1.629792931795e-04
4.976512451779e-03,1.497360491372e+01,4.026359499170e+00,7.156764000163e+05,1.548609560728e+03,2.953312309418e+01,1.626158295144e-04
4.976547988678e-03,1.496555731128e+01,4.022953733432e+00,7.168777919031e+05,1.548074947093e+03,2.954332217665e+01,1.622529211828e-04
4.976583486984e-03,1.495750451272e+01,4.019545034478e+00,7.180816727466e+05,1.547540016196e+03,2.955353436482e+01,1.618905678003e-04
4.976618946715e-03,1.494944651606e+01,4.016133402505e+00,7.192880208718e+05,1.547004767993e+03,2.956375967939e+01,1.615287689450e-04
4.976654367917e-03,1.494138331365e+01,4.012718838206e+00,7.204968730449e+05,1.546469202059e+03,2.957399814841e+01,1.611675240958e-04
4.976689750643e-03,1.493331489585e+01,4.009301335624e+00,7.217082049458e+05,1.545933317844e+03,2.958424980243e+01,1.608068324871e-04
4.976725094993e-03,1.492524124218e+01,4.005880887359e+00,7.229220527507e+05,1.545397114072e+03,2.959451468588e+01,1.604466933354e-04
4.976760400937e-03,1.491716236199e+01,4.002457498188e+00,7.241383969508e+05,1.544860591451e+03,2.960479280536e+01,1.600871063026e-04
4.976795668457e-03,1.490907826207e+01,3.999031172098e+00,7.253572599418e+05,1.544323750521e+03,2.961508417069e+01,1.597280709339e-04
4.976830897777e-03,1.490098889342e+01,3.995601889376e+00,7.265786412219e+05,1.543786588116e+03,2.962538886281e+01,1.593695860906e-04
4.976866088795e-03,1.489289428199e+01,3.992169662149e+00,7.278025499118e+05,1.543249106045e+03,2.963570686730e+01,1.590116515347e-04
4.976901241633e-03,1.488479440193e+01,3.988734480542e+00,7.290289926338e+05,1.542711302681e+03,2.964603823581e+01,1.586542666107e-04
4.976936356171e-03,1.487668928382e+01,3.985296358681e+00,7.302579671098e+05,1.542173180142e+03,2.965638294801e+01,1.582974311251e-04
4.976971432666e-03,1.486857887032e+01,3.981855273362e+00,7.314894956353e+05,1.541634734709e+03,2.966674109587e+01,1.579411438439e-04
4.977006471070e-03,1.486046317512e+01,3.978411231580e+00,7.327235675321e+05,1.541095967382e+03,2.967711268076e+01,1.575854043837e-04
4.977041471386e-03,1.485234219993e+01,3.974964235200e+00,7.339602073246e+05,1.540556878360e+03,2.968749771939e+01,1.572302123661e-04
4.977076433669e-03,1.484421593460e+01,3.971514281133e+00,7.351993966932e+05,1.540017467061e+03,2.969789624366e+01,1.568755671699e-04
4.977111358032e-03,1.483608435510e+01,3.968061363179e+00,7.364411740869e+05,1.539477731977e+03,2.970830830335e+01,1.565214680742e-04
4.977146244421e-03,1.482794747663e+01,3.964605486212e+00,7.376855117967e+05,1.538937674207e+03,2.971873389808e+01,1.561679147279e-04
4.977181092879e-03,1.481980529171e+01,3.961146649117e+00,7.389324448937e+05,1.538397293344e+03,2.972917305651e+01,1.558149064955e-04
4.977215903603e-03,1.481165775637e+01,3.957684833633e+00,7.401819614733e+05,1.537856586560e+03,2.973962585423e+01,1.554624423380e-04
4.977250676414e-03,1.480350491517e+01,3.954220059986e+00,7.414340786657e+05,1.537315556902e+03,2.975009225330e+01,1.551105222768e-04
4.977285411524e-03,1.479534672052e+01,3.950752309195e+00,7.426887966013e+05,1.536774201301e+03,2.976057233408e+01,1.547591453906e-04
4.977320108783e-03,1.478718321063e+01,3.947281598823e+00,7.439461214039e+05,1.536232522385e+03,2.977106606683e+01,1.544083114995e-04
4.977354768503e-03,1.477901431404e+01,3.943807899764e+00,7.452060690923e+05,1.535690515502e+03,2.978157356282e+01,1.540580192902e-04
4.977389390515e-03,1.477084007334e+01,3.940331231476e+00,7.464686328416e+05,1.535148183570e+03,2.979209478675e+01,1.537082687989e-04
4.977423974835e-03,1.476266048691e+01,3.936851594581e+00,7.477338303995e+05,1.534605526571e+03,2.980262976016e+01,1.533590595205e-04
4.977458521738e-03,1.475447549199e+01,3.933368963754e+00,7.490016586391e+05,1.534062540434e+03,2.981317858351e+01,1.530103901959e-04
4.977493031049e-03,1.474628513294e+01,3.929883360337e+00,7.502721404212e+05,1.533519228193e+03,2.982374121928e+01,1.526622609249e-04
4.977527502816e-03,1.473808940014e+01,3.926394780522e+00,7.515452539157e+05,1.532975589302e+03,2.983431769953e+01,1.523146711485e-04
4.977561937224e-03,1.472988825272e+01,3.922903211242e+00,7.528210418743e+05,1.532431621140e+03,2.984490809678e+01,1.519676198927e-04
4.977596334219e-03,1.472168170527e+01,3.919408657193e+00,7.540994786168e+05,1.531887324768e+03,2.985551241202e+01,1.516211067940e-04
4.977630693796e-03,1.471346976186e+01,3.915911121563e+00,7.553805930806e+05,1.531342700548e+03,2.986613065984e+01,1.512751314603e-04
4.977665016085e-03,1.470525239343e+01,3.912410593386e+00,7.566643781245e+05,1.530797746646e+03,2.987676289776e+01,1.509296930701e-04
4.977699301043e-03,1.469702961304e+01,3.908907079716e+00,7.579508479333e+05,1.530252464021e+03,2.988740912884e+01,1.505847912083e-04
4.977733548829e-03,1.468880138456e+01,3.905400566596e+00,7.592400100801e+05,1.529706850369e+03,2.989806941994e+01,1.502404249944e-04
4.977767759340e-03,1.468056773547e+01,3.901891067258e+00,7.605318628092e+05,1.529160907607e+03,2.990874375555e+01,1.498965941889e-04
4.977801932836e-03,1.467232860526e+01,3.898378557379e+00,7.618264314604e+05,1.528614631815e+03,2.991943223433e+01,1.495532978031e-04
4.977836068962e-03,1.466408408224e+01,3.894863076163e+00,7.631236906913e+05,1.528068028944e+03,2.993013476190e+01,1.492105363118e-04
4.977870168192e-03,1.465583405412e+01,3.891344578470e+00,7.644236876106e+05,1.527521091640e+03,2.994085150432e+01,1.488683079569e-04
4.977904230383e-03,1.464757855774e+01,3.887823080358e+00,7.657263932871e+05,1.526973822442e+03,2.995158243412e+01,1.485266126538e-04
4.977938255431e-03,1.463931762094e+01,3.884298598530e+00,7.670318402263e+05,1.526426223289e+03,2.996232753552e+01,1.481854503891e-04
4.977972243652e-03,1.463105116906e+01,3.880771099462e+00,7.683400169338e+05,1.525878289325e+03,2.997308692611e+01,1.478448197399e-04
4.978006194891e-03,1.462277924229e+01,3.877240601939e+00,7.696509463863e+05,1.525330023311e+03,2.998386057412e+01,1.475047206286e-04
4.978040109237e-03,1.461450182162e+01,3.873707099420e+00,7.709646213558e+05,1.524781424080e+03,2.999464852492e+01,1.471651524251e-04
4.978073986742e-03,1.460621889623e+01,3.870170588959e+00,7.722810580412e+05,1.524232491011e+03,3.000545081324e+01,1.468261144438e-04
4.978107827503e-03,1.459793044510e+01,3.866631063191e+00,7.736002646570e+05,1.523683222806e+03,3.001626748724e+01,1.464876059808e-04
4.978141631452e-03,1.458963648705e+01,3.863088531845e+00,7.749222374949e+05,1.523133620809e+03,3.002709854316e+01,1.461496268324e-04
4.978175398690e-03,1.458133699959e+01,3.859542986967e+00,7.762470004670e+05,1.522583683625e+03,3.003794403121e+01,1.458121763656e-04
4.978209129192e-03,1.457303199136e+01,3.855994433971e+00,7.775745359202e+05,1.522033411922e+03,3.004880396098e+01,1.454752541899e-04
4.978242823072e-03,1.456472143661e+01,3.852442866822e+00,7.789048823720e+05,1.521482804091e+03,3.005967838714e+01,1.451388595423e-04
4.978276480393e-03,1.455640532225e+01,3.848888278410e+00,7.802380168662e+05,1.520931859360e+03,3.007056734787e+01,1.448029916845e-04
4.978310101179e-03,1.454808364459e+01,3.845330670548e+00,7.815739752674e+05,1.520380577581e+03,3.008147086914e+01,1.444676502758e-04
4.978343685287e-03,1.453975644139e+01,3.841770059496e+00,7.829127337019e+05,1.519828961353e+03,3.009238892260e+01,1.441328352473e-04
4.978377233044e-03,1.453142363369e+01,3.838206413304e+00,7.842543275275e+05,1.519277005544e+03,3.010332163300e+01,1.437985452141e-04
4.978410744268e-03,1.452308526925e+01,3.834639754154e+00,7.855987467680e+05,1.518724713413e+03,3.011426895900e+01,1.434647801265e-04
4.978444219177e-03,1.451474129642e+01,3.831070061794e+00,7.869460059480e+05,1.518172081637e+03,3.012523098977e+01,1.431315390524e-04
4.978477657609e-03,1.450639175717e+01,3.827497355977e+00,7.882961127431e+05,1.517619113093e+03,3.013620769159e+01,1.427988219465e-04
4.978511059817e-03,1.449803659129e+01,3.823921612818e+00,7.896490662376e+05,1.517065803894e+03,3.014719916509e+01,1.424666277377e-04
4.978544425677e-03,1.448967583208e+01,3.820342850443e+00,7.910048915253e+05,1.516512156341e+03,3.015820538807e+01,1.421349563949e-04
4.978577755269e-03,1.448130946142e+01,3.816761060966e+00,7.923635681384e+05,1.515958169334e+03,3.016922640595e+01,1.418038072816e-04
4.978611048660e-03,1.447293746507e+01,3.813176243455e+00,7.937251355515e+05,1.515403842028e+03,3.018026225920e+01,1.414731797647e-04
4.978644305895e-03,1.446455983426e+01,3.809588392801e+00,7.950895738879e+05,1.514849173940e+03,3.019131298116e+01,1.411430731603e-04
4.978677527023e-03,1.445617655847e+01,3.805997506464e+00,7.964569116362e+05,1.514294164474e+03,3.020237860751e+01,1.408134869100e-04
4.978710712041e-03,1.444778764089e+01,3.802403587716e+00,7.978271429580e+05,1.513738813940e+03,3.021345915596e+01,1.404844206974e-04
4.978743860916e-03,1.443939309244e+01,3.798806643235e+00,7.992002750146e+05,1.513183123160e+03,3.022455463398e+01,1.401558741596e-04
4.978776973880e-03,1.443099285668e+01,3.795206650786e+00,8.005763298288e+05,1.512627088500e+03,3.023566513822e+01,1.398278461674e-04
4.978810050821e-03,1.442258696412e+01,3.791603625474e+00,8.019552931416e+05,1.512070712078e+03,3.024679065040e+01,1.395003365998e-04
4.978843091802e-03,1.441417540106e+01,3.787997565554e+00,8.033371973436e+05,1.511513993087e+03,3.025793121083e+01,1.391733449082e-04
4.978876096976e-03,1.440575813080e+01,3.784388455216e+00,8.047220252978e+05,1.510956929199e+03,3.026908689035e+01,1.388468702259e-04
4.978909066196e-03,1.439733519337e+01,3.780776317254e+00,8.061098079994e+05,1.510399523164e+03,3.028025765820e+01,1.385209126472e-04
4.978941999622e-03,1.438890654990e+01,3.777161133492e+00,8.075005307259e+05,1.509841772509e+03,3.029144358829e+01,1.381954712495e-04
4.978974897275e-03,1.438047219780e+01,3.773542904944e+00,8.088942203803e+05,1.509283677165e+03,3.030264470649e+01,1.378705455239e-04
4.979007759095e-03,1.437203215414e+01,3.769921641000e+00,8.102908702555e+05,1.508725238363e+03,3.031386101260e+01,1.375461351264e-04
4.979040585354e-03,1.436358635165e+01,3.766297314951e+00,8.116904987043e+05,1.508166451754e+03,3.032509261861e+01,1.372222388599e-04
4.979073375848e-03,1.435513484509e+01,3.762669952392e+00,8.130931123430e+05,1.507607321061e+03,3.033633947436e+01,1.368988568767e-04
4.979106130775e-03,1.434667758586e+01,3.759039534666e+00,8.144987067667e+05,1.507047843174e+03,3.034760166719e+01,1.365759883593e-04
4.979138849991e-03,1.433821461321e+01,3.755406084418e+00,8.159073091395e+05,1.506488020789e+03,3.035887916761e+01,1.362536332284e-04
4.979171533816e-03,1.432974584680e+01,3.751769565730e+00,8.173189083499e+05,1.505927848695e+03,3.037017210555e+01,1.359317900194e-04
4.979204182018e-03,1.432127134886e+01,3.748130010004e+00,8.187335304410e+05,1.505367331110e+03,3.038148042097e+01,1.356104586892e-04
4.979236794752e-03,1.431279108126e+01,3.744487400640e+00,8.201511647979e+05,1.504806465615e+03,3.039280418769e+01,1.352896373312e-04
4.979269372037e-03,1.430430504180e+01,3.740841738992e+00,8.215718331876e+05,1.504245252170e+03,3.040414343170e+01,1.349693218195e-04
4.979301914040e-03,1.429581318809e+01,3.737193009147e+00,8.229955450545e+05,1.503683688075e+03,3.041549823277e+01,1.346494998184e-04
4.979334420485e-03,1.428731559334e+01,3.733541245051e+00,8.244222886139e+05,1.503121778286e+03,3.042686851599e+01,1.343301336353e-04
4.979366891817e-03,1.427881214129e+01,3.729886399306e+00,8.258521066850e+05,1.502559515223e+03,3.043825446010e+01,1.340112600456e-04
4.979399327745e-03,1.427030291048e+01,3.726228507948e+00,8.272849657507e+05,1.501996904190e+03,3.044965598324e+01,1.336928914304e-04
4.979431728380e-03,1.426178787385e+01,3.722567568010e+00,8.287209111342e+05,1.501433943500e+03,3.046107314505e+01,1.333750308233e-04
4.979464093900e-03,1.425326698694e+01,3.718903556427e+00,8.301599234853e+05,1.500870630317e+03,3.047250602868e+01,1.330576781172e-04
4.979496424186e-03,1.424474028285e+01,3.715236489840e+00,8.316020303796e+05,1.500306966936e+03,3.048395461329e+01,1.327408334370e-04
4.979528719395e-03,1.423620772301e+01,3.711566354005e+00,8.330472299120e+05,1.499742950911e+03,3.049541897432e+01,1.324244960110e-04
4.979560979514e-03,1.422766931267e+01,3.707893153627e+00,8.344955324034e+05,1.499178582695e+03,3.050689912843e+01,1.321086654898e-04
4.979593204533e-03,1.421912505704e+01,3.704216893327e+00,8.359469508359e+05,1.498613862739e+03,3.051839509243e+01,1.317933415602e-04
4.979625394518e-03,1.421057494090e+01,3.700537569035e+00,8.374014765761e+05,1.498048790141e+03,3.052990691064e+01,1.314785235879e-04
4.979657549554e-03,1.420201894374e+01,3.696855178656e+00,8.388591473804e+05,1.497483363651e+03,3.054143463462e+01,1.311642109117e-04
4.979689669659e-03,1.419345706321e+01,3.693169719401e+00,8.403199391640e+05,1.496917583222e+03,3.055297829158e+01,1.308504029741e-04
4.979721754822e-03,1.418488930462e+01,3.689481198656e+00,8.417838876397e+05,1.496351449309e+03,3.056453789844e+01,1.305370994029e-04
4.979753805189e-03,1.417631563080e+01,3.685789600338e+00,8.432509839781e+05,1.495784959563e+03,3.057611352957e+01,1.302242993406e-04
4.979785820627e-03,1.416773608014e+01,3.682094943556e+00,8.447212407313e+05,1.495218116627e+03,3.058770515733e+01,1.299120027490e-04
4.979817801281e-03,1.415915061571e+01,3.678397214928e+00,8.461946711659e+05,1.494650918169e+03,3.059931285592e+01,1.296002087121e-04
4.979849747248e-03,1.415055921376e+01,3.674696406840e+00,8.476712748238e+05,1.494083362727e+03,3.061093668185e+01,1.292889164240e-04
4.979881658503e-03,1.414196188328e+01,3.670992528512e+00,8.491510795948e+05,1.493515451002e+03,3.062257664750e+01,1.289781256729e-04
4.979913535035e-03,1.413335862944e+01,3.667285582044e+00,8.506340621602e+05,1.492947183444e+03,3.063423277037e+01,1.286678361702e-04
4.979945376841e-03,1.412474945541e+01,3.663575575906e+00,8.521202607388e+05,1.492378560370e+03,3.064590507076e+01,1.283580474566e-04
4.979977184216e-03,1.411613428348e+01,3.659862474806e+00,8.536096692735e+05,1.491809576755e+03,3.065759367877e+01,1.280487580791e-04
4.980008956926e-03,1.410751317935e+01,3.656146309772e+00,8.551023006107e+05,1.491240237046e+03,3.066929853008e+01,1.277399683011e-04
4.980040695104e-03,1.409888610946e+01,3.652427069003e+00,8.565981634667e+05,1.490670539137e+03,3.068101969506e+01,1.274316774150e-04
4.980072398787e-03,1.409025306581e+01,3.648704751797e+00,8.580972584561e+05,1.490100482607e+03,3.069275720950e+01,1.271238847980e-04
4.980104068074e-03,1.408161402342e+01,3.644979352265e+00,8.595996169707e+05,1.489530065917e+03,3.070451113242e+01,1.268165898387e-04
4.980135702822e-03,1.407296902377e+01,3.641250888913e+00,8.611052104568e+05,1.488959291915e+03,3.071628143243e+01,1.265097924864e-04
4.980167303300e-03,1.406431799562e+01,3.637519339241e+00,8.626140912346e+05,1.488388156008e+03,3.072806823170e+01,1.262034916059e-04
4.980198869428e-03,1.405566096284e+01,3.633784710901e+00,8.641262339159e+05,1.487816659878e+03,3.073987152304e+01,1.258976868999e-04
4.980230401187e-03,1.404699793322e+01,3.630047010117e+00,8.656416633636e+05,1.487244804152e+03,3.075169132110e+01,1.255923780852e-04
4.980261898668e-03,1.403832888364e+01,3.626306229709e+00,8.671603855888e+05,1.486672587414e+03,3.076352768280e+01,1.252875643924e-04
4.980293361975e-03,1.402965378786e+01,3.622562361250e+00,8.686824050849e+05,1.486100008043e+03,3.077538066948e+01,1.249832450225e-04
4.980324791098e-03,1.402097265119e+01,3.618815412382e+00,8.702077482270e+05,1.485527066499e+03,3.078725029949e+01,1.246794197200e-04
4.980356186001e-03,1.401228548498e+01,3.615065388441e+00,8.717363917239e+05,1.484953763644e+03,3.079913658292e+01,1.243760882447e-04
4.980387546747e-03,1.400359227477e+01,3.611312291589e+00,8.732683780902e+05,1.484380098632e+03,3.081103956527e+01,1.240732500006e-04
4.980418873522e-03,1.399489297094e+01,3.607556097869e+00,8.748036957812e+05,1.483806068302e+03,3.082295934035e+01,1.237709038029e-04
4.980450166241e-03,1.398618759935e+01,3.603796821454e+00,8.763423652797e+05,1.483231674472e+03,3.083489589862e+01,1.234690495584e-04
4.980481424847e-03,1.397747617783e+01,3.600034472977e+00,8.778843877330e+05,1.482656918430e+03,3.084684924160e+01,1.231676871085e-04
4.980512649538e-03,1.396875865397e+01,3.596269032854e+00,8.794297696722e+05,1.482081796831e+03,3.085881946719e+01,1.228668154203e-04
4.980543840274e-03,1.396003504039e+01,3.592500513337e+00,8.809785392098e+05,1.481506310619e+03,3.087080658427e+01,1.225664341411e-04
4.980574997220e-03,1.395130529365e+01,3.588728894935e+00,8.825306817107e+05,1.480930457042e+03,3.088281067878e+01,1.222665424867e-04
4.980606120101e-03,1.394256949272e+01,3.584954219387e+00,8.840862220158e+05,1.480354241422e+03,3.089483166839e+01,1.219671409698e-04
4.980637209243e-03,1.393382754868e+01,3.581176446814e+00,8.856451594645e+05,1.479777658005e+03,3.090686970184e+01,1.216682280426e-04
4.980668264667e-03,1.392507945756e+01,3.577395578656e+00,8.872075151907e+05,1.479200706645e+03,3.091892481109e+01,1.213698031503e-04
4.980699286198e-03,1.391632527061e+01,3.573611640139e+00,8.887732901650e+05,1.478623390833e+03,3.093099695209e+01,1.210718664549e-04
4.980730274096e-03,1.390756491727e+01,3.569824603971e+00,8.903424881237e+05,1.478045706033e+03,3.094308624871e+01,1.207744167718e-04
4.980761228368e-03,1.389879839725e+01,3.566034479322e+00,8.919151454895e+05,1.477467652339e+03,3.095519272817e+01,1.204774538213e-04
4.980792148857e-03,1.389002575764e+01,3.562241283636e+00,8.934912292059e+05,1.476889232968e+03,3.096731635222e+01,1.201809776350e-04
4.980823035806e-03,1.388124693104e+01,3.558444993580e+00,8.950707879616e+05,1.476310443593e+03,3.097945724087e+01,1.198849870624e-04
4.980853889188e-03,1.387246192816e+01,3.554645614431e+00,8.966538102160e+05,1.475731285032e+03,3.099161540636e+01,1.195894816324e-04
4.980884709035e-03,1.386367074120e+01,3.550843146128e+00,8.982403095081e+05,1.475151756890e+03,3.100379088648e+01,1.192944608926e-04
4.980915495359e-03,1.385487336937e+01,3.547037592031e+00,8.998303053628e+05,1.474571859227e+03,3.101598370953e+01,1.189999244529e-04
4.980946248207e-03,1.384606980171e+01,3.543228950279e+00,9.014237821125e+05,1.473991591438e+03,3.102819391789e+01,1.187058717470e-04
4.980976967719e-03,1.383725999971e+01,3.539417216141e+00,9.030207903263e+05,1.473410951100e+03,3.104042159235e+01,1.184123021776e-04
4.981007653690e-03,1.382844402469e+01,3.535602410915e+00,9.046212927168e+05,1.472829942369e+03,3.105266667522e+01,1.181192157654e-04
4.981038306429e-03,1.381962179019e+01,3.531784500600e+00,9.062253368716e+05,1.472248559663e+03,3.106492931408e+01,1.178266111491e-04
4.981068925820e-03,1.381079333132e+01,3.527963503744e+00,9.078329171628e+05,1.471666805414e+03,3.107720948773e+01,1.175344882858e-04
4.981099511812e-03,1.380195866540e+01,3.524139431299e+00,9.094440304105e+05,1.471084680880e+03,3.108950719970e+01,1.172428469266e-04
4.981130064742e-03,1.379311769731e+01,3.520312250082e+00,9.110587244566e+05,1.470502179909e+03,3.110182261022e+01,1.169516857205e-04
4.981160584353e-03,1.378427050295e+01,3.516481991868e+00,9.126769635374e+05,1.469919307620e+03,3.111415564143e+01,1.166610049856e-04
4.981191070776e-03,1.377541704733e+01,3.512648649877e+00,9.142987932288e+05,1.469336061825e+03,3.112650637002e+01,1.163708040613e-04
4.981221524144e-03,1.376655729347e+01,3.508812206726e+00,9.159242062556e+05,1.468752440204e+03,3.113887487567e+01,1.160810820012e-04
4.981251944329e-03,1.375769128080e+01,3.504972683073e+00,9.175532127254e+05,1.468168445475e+03,3.115126113142e+01,1.157918387999e-04
4.981282331467e-03,1.374881897196e+01,3.501130066276e+00,9.191858361167e+05,1.467584075293e+03,3.116366521767e+01,1.155030737055e-04
4.981312685571e-03,1.373994036560e+01,3.497284359331e+00,9.208220604985e+05,1.466999329689e+03,3.117608716462e+01,1.152147863150e-04
4.981343006635e-03,1.373105546541e+01,3.493435577188e+00,9.224619301044e+05,1.466414209024e+03,3.118852699550e+01,1.149269764050e-04
4.981373294812e-03,1.372216422872e+01,3.489583695253e+00,9.241054254113e+05,1.465828710606e+03,3.120098479858e+01,1.146396429102e-04
4.981403550013e-03,1.371326668354e+01,3.485728729354e+00,9.257525745140e+05,1.465242836399e+03,3.121346056318e+01,1.143527856443e-04
4.981433772351e-03,1.370436279943e+01,3.481870669913e+00,9.274033846886e+05,1.464656584517e+03,3.122595436068e+01,1.140664039167e-04
4.981463961818e-03,1.369545258023e+01,3.478009522338e+00,9.290578537457e+05,1.464069955335e+03,3.123846621441e+01,1.137804973546e-04
4.981494118482e-03,1.368653600857e+01,3.474145288842e+00,9.307160182906e+05,1.463482947828e+03,3.125099617766e+01,1.134950655031e-04
4.981524242363e-03,1.367761308043e+01,3.470277965405e+00,9.323778563793e+05,1.462895561850e+03,3.126354428505e+01,1.132101078300e-04
4.981554333483e-03,1.366868379169e+01,3.466407558133e+00,9.340434069717e+05,1.462307797252e+03,3.127611057138e+01,1.129256239884e-04
4.981584391850e-03,1.365974814188e+01,3.462534066479e+00,9.357126606688e+05,1.461719654122e+03,3.128869506649e+01,1.126416134593e-04
4.981614417540e-03,1.365080611060e+01,3.458657485462e+00,9.373856330469e+05,1.461131131238e+03,3.130129782827e+01,1.123580754619e-04
4.981644410731e-03,1.364185764719e+01,3.454777799660e+00,9.390623565983e+05,1.460542225388e+03,3.131391895754e+01,1.120750091504e-04
4.981674371189e-03,1.363290282343e+01,3.450895041344e+00,9.407427995278e+05,1.459952941418e+03,3.132655838249e+01,1.117924149667e-04
4.981704299051e-03,1.362394160072e+01,3.447009205428e+00,9.424270115494e+05,1.459363276907e+03,3.133921618705e+01,1.115102922686e-04
4.981734194465e-03,1.361497393686e+01,3.443120269755e+00,9.441149813797e+05,1.458773229200e+03,3.135189246052e+01,1.112286399690e-04
4.981764057318e-03,1.360599986747e+01,3.439228253760e+00,9.458067257062e+05,1.458182800764e+03,3.136458718222e+01,1.109474580042e-04
4.981793887699e-03,1.359701936854e+01,3.435333150921e+00,9.475022630227e+05,1.457591990140e+03,3.137730041595e+01,1.106667457461e-04
4.981823685688e-03,1.358803241808e+01,3.431434955733e+00,9.492015830462e+05,1.457000796006e+03,3.139003222268e+01,1.103865025771e-04
4.981853451246e-03,1.357903902975e+01,3.427533688932e+00,9.509047292109e+05,1.456409219382e+03,3.140278261312e+01,1.101067284072e-04
4.981883184519e-03,1.357003916156e+01,3.423629325536e+00,9.526116821335e+05,1.455817257627e+03,3.141555167697e+01,1.098274222765e-04
4.981912885346e-03,1.356103286465e+01,3.419721891880e+00,9.543224653022e+05,1.455224914230e+03,3.142833937179e+01,1.095485842107e-04
4.981942553999e-03,1.355202005877e+01,3.415811357125e+00,9.560370990809e+05,1.454632184036e+03,3.144114584185e+01,1.092702130192e-04
4.981972190323e-03,1.354300079260e+01,3.411897746538e+00,9.577555684214e+05,1.454039070371e+03,3.145397104836e+01,1.089923088057e-04
4.982001794453e-03,1.353397502788e+01,3.407981056485e+00,9.594779201516e+05,1.453445570841e+03,3.146681507623e+01,1.087148710615e-04
4.982031366316e-03,1.352494278877e+01,3.404061292771e+00,9.612041251126e+05,1.452851687159e+03,3.147967792167e+01,1.084378993494e-04
4.982060906155e-03,1.351590400299e+01,3.400138430606e+00,9.629342330019e+05,1.452257414698e+03,3.149255971831e+01,1.081613925320e-04
4.982090413788e-03,1.350685872871e+01,3.396212497032e+00,9.646682321010e+05,1.451662757404e+03,3.150546041410e+01,1.078853507161e-04
4.982119889391e-03,1.349780691382e+01,3.392283473710e+00,9.664061334026e+05,1.451067711981e+03,3.151838011418e+01,1.076097730475e-04
4.982149332976e-03,1.348874855712e+01,3.388351371790e+00,9.681479717809e+05,1.450472278471e+03,3.153131885136e+01,1.073346593315e-04
4.982178744412e-03,1.347968370088e+01,3.384416206490e+00,9.698937167318e+05,1.449876459780e+03,3.154427659628e+01,1.070600094948e-04
4.982208123941e-03,1.347061227278e+01,3.380477954873e+00,9.716434200963e+05,1.449280251280e+03,3.155725348349e+01,1.067858223197e-04
4.982237471630e-03,1.346153425400e+01,3.376536608934e+00,9.733970808394e+05,1.448683651857e+03,3.157024957135e+01,1.065120971450e-04
4.982266787243e-03,1.345244972002e+01,3.372592205847e+00,9.751546902563e+05,1.448086666601e+03,3.158326478313e+01,1.062388344359e-04
4.982296071036e-03,1.344335859332e+01,3.368644722907e+00,9.769162946880e+05,1.447489290542e+03,3.159629926136e+01,1.059660330689e-04
4.982325323104e-03,1.343426084717e+01,3.364694146350e+00,9.786818785087e+05,1.446891522052e+03,3.160935307608e+01,1.056936922334e-04
4.982354543243e-03,1.342515654649e+01,3.360740514146e+00,9.804514684089e+05,1.446293365521e+03,3.162242616585e+01,1.054218123943e-04
4.982383731603e-03,1.341604564717e+01,3.356783806250e+00,9.822250658467e+05,1.445694818178e+03,3.163551862578e+01,1.051503926457e-04
4.982412888259e-03,1.340692812774e+01,3.352824017865e+00,9.840026837460e+05,1.445095878742e+03,3.164863051864e+01,1.048794322619e-04
4.982442013192e-03,1.339780399617e+01,3.348861163263e+00,9.857843503564e+05,1.444496547861e+03,3.166176186503e+01,1.046089309634e-04
4.982471106559e-03,1.338867320562e+01,3.344895220343e+00,9.875700548618e+05,1.443896822589e+03,3.167491276453e+01,1.043388878874e-04
4.982500168155e-03,1.337953582287e+01,3.340926228638e+00,9.893598241504e+05,1.443296707438e+03,3.168808315321e+01,1.040693034030e-04
4.982529198265e-03,1.337039175978e+01,3.336954148489e+00,9.911536677449e+05,1.442696196747e+03,3.170127319045e+01,1.038001762287e-04
4.982558196648e-03,1.336124109495e+01,3.332979018701e+00,9.929515796993e+05,1.442095295808e+03,3.171448279528e+01,1.035315065705e-04
4.982587163720e-03,1.335208369908e+01,3.329000794375e+00,9.947536154713e+05,1.441493996258e+03,3.172771218699e+01,1.032632929292e-04
4.982616099168e-03,1.334291967344e+01,3.325019517549e+00,9.965597353161e+05,1.440892304875e+03,3.174096125198e+01,1.029955358803e-04
4.982645003102e-03,1.333374898489e+01,3.321035184507e+00,9.983699856133e+05,1.440290219613e+03,3.175423007086e+01,1.027282348854e-04
4.982673875639e-03,1.332457159897e+01,3.317047779010e+00,1.000184366647e+06,1.439687738338e+03,3.176751872639e+01,1.024613888720e-04
4.982702716903e-03,1.331538747834e+01,3.313057289632e+00,1.002002893818e+06,1.439084858729e+03,3.178082730570e+01,1.021949970970e-04
4.982731526682e-03,1.330619669253e+01,3.309063758955e+00,1.003825585527e+06,1.438481585480e+03,3.179415574115e+01,1.019290601224e-04
4.982760305154e-03,1.329699918690e+01,3.305067160453e+00,1.005652432166e+06,1.437877915134e+03,3.180750414514e+01,1.016635769768e-04
4.982789052295e-03,1.328779497130e+01,3.301067508614e+00,1.007483470799e+06,1.437273848469e+03,3.182087253672e+01,1.013985472713e-04
4.982817768277e-03,1.327858399279e+01,3.297064779905e+00,1.009318708607e+06,1.436669382138e+03,3.183426102628e+01,1.011339699874e-04
4.982846452973e-03,1.326936629444e+01,3.293058997986e+00,1.011158141212e+06,1.436064519102e+03,3.184766958471e+01,1.008698452134e-04
4.982875106488e-03,1.326014184442e+01,3.289050163123e+00,1.013001811223e+06,1.435459257402e+03,3.186109829202e+01,1.006061725121e-04
4.982903728814e-03,1.325091064772e+01,3.285038273241e+00,1.014849695832e+06,1.434853597495e+03,3.187454717470e+01,1.003429513517e-04
4.982932320007e-03,1.324167268852e+01,3.281023330569e+00,1.016701835555e+06,1.434247538476e+03,3.188801628966e+01,1.000801811102e-04
4.982960880236e-03,1.323242791391e+01,3.277005312958e+00,1.018558242851e+06,1.433641077004e+03,3.190150574814e+01,9.981786083500e-05
4.982989409298e-03,1.322317639220e+01,3.272984255181e+00,1.020418901976e+06,1.433034217697e+03,3.191501548453e+01,9.955599097784e-05
4.983017907276e-03,1.321391809831e+01,3.268960162842e+00,1.022283860370e+06,1.432426959036e+03,3.192854556964e+01,9.929457110981e-05
4.983046374386e-03,1.320465296451e+01,3.264933000126e+00,1.024153107685e+06,1.431819296713e+03,3.194209613687e+01,9.903359985810e-05
4.983074810495e-03,1.319538103618e+01,3.260902794115e+00,1.026026669612e+06,1.431211233838e+03,3.195566715427e+01,9.877307730386e-05
4.983103215623e-03,1.318610230875e+01,3.256869546083e+00,1.027904555982e+06,1.430602770242e+03,3.196925866313e+01,9.851300299170e-05
4.983131589989e-03,1.317681671331e+01,3.252833230916e+00,1.029786770915e+06,1.429993901543e+03,3.198287079902e+01,9.825337590889e-05
4.983159933397e-03,1.316752431578e+01,3.248793896081e+00,1.031673350078e+06,1.429384632194e+03,3.199650350021e+01,9.799419661663e-05
4.983188245951e-03,1.315822508429e+01,3.244751519333e+00,1.033564274576e+06,1.428774960238e+03,3.201015684832e+01,9.773546413858e-05
4.983216527838e-03,1.314891895964e+01,3.240706080234e+00,1.035459586943e+06,1.428164881929e+03,3.202383096531e+01,9.747717739079e-05
4.983244778908e-03,1.313960599341e+01,3.236657610067e+00,1.037359293391e+06,1.427554400782e+03,3.203752581063e+01,9.721933662803e-05
4.983272999209e-03,1.313028617186e+01,3.232606104578e+00,1.039263383517e+06,1.426943516033e+03,3.205124143966e+01,9.696194136214e-05
4.983301188868e-03,1.312095945559e+01,3.228551562718e+00,1.041171910663e+06,1.426332225231e+03,3.206497794578e+01,9.670499089102e-05
4.983329347939e-03,1.311162582839e+01,3.224493972053e+00,1.043084863195e+06,1.425720527448e+03,3.207873538853e+01,9.644848454297e-05
4.983357476259e-03,1.310228534649e+01,3.220433362489e+00,1.045002247642e+06,1.425108426507e+03,3.209251372053e+01,9.619242257471e-05
4.983385573984e-03,1.309293796081e+01,3.216369725668e+00,1.046924102183e+06,1.424495919325e+03,3.210631304991e+01,9.593680417036e-05
4.983413641282e-03,1.308358361713e+01,3.212303035898e+00,1.048850420525e+06,1.423883002483e+03,3.212013349268e+01,9.568162821994e-05
4.983441677983e-03,1.307422237426e+01,3.208233331383e+00,1.050781231180e+06,1.423269679974e+03,3.213397499793e+01,9.542689511091e-05
4.983469684137e-03,1.306485421800e+01,3.204160604302e+00,1.052716534829e+06,1.422655951000e+03,3.214783762276e+01,9.517260422106e-05
4.983497659949e-03,1.305547908217e+01,3.200084831483e+00,1.054656347975e+06,1.422041811364e+03,3.216172150131e+01,9.491875451872e-05
4.983525605250e-03,1.304609702490e+01,3.196006056048e+00,1.056600700531e+06,1.421427265010e+03,3.217562658391e+01,9.466534643512e-05
4.983553520137e-03,1.303670801637e+01,3.191924258352e+00,1.058549575978e+06,1.420812310118e+03,3.218955295122e+01,9.441237907499e-05
4.983581404760e-03,1.302731200805e+01,3.187839425738e+00,1.060503019353e+06,1.420196943651e+03,3.220350071182e+01,9.415985153141e-05
4.983609259025e-03,1.301790903373e+01,3.183751578044e+00,1.062461035209e+06,1.419581167955e+03,3.221746985237e+01,9.390776383604e-05
4.983637082897e-03,1.300849910782e+01,3.179660724972e+00,1.064423610934e+06,1.418964984115e+03,3.223146038817e+01,9.365611573021e-05
4.983664876671e-03,1.299908213212e+01,3.175566842658e+00,1.066390815012e+06,1.418348385835e+03,3.224547250231e+01,9.340490610749e-05
4.983692640082e-03,1.298965819945e+01,3.171469964093e+00,1.068362609443e+06,1.417731379330e+03,3.225950609382e+01,9.315413518407e-05
4.983720373415e-03,1.298022721457e+01,3.167370053714e+00,1.070339036589e+06,1.417113958506e+03,3.227356134168e+01,9.290380178927e-05
4.983748076459e-03,1.297078925169e+01,3.163267157660e+00,1.072320108100e+06,1.416496128356e+03,3.228763817270e+01,9.265390632720e-05
4.983775749455e-03,1.296134423086e+01,3.159161238933e+00,1.074305824560e+06,1.415877883786e+03,3.230173674360e+01,9.240444756770e-05
4.983803392323e-03,1.295189218171e+01,3.155052323970e+00,1.076296220623e+06,1.415259226875e+03,3.231585704774e+01,9.215542545345e-05
4.983831005149e-03,1.294243307669e+01,3.150940399000e+00,1.078291302323e+06,1.414640155957e+03,3.232999916410e+01,9.190683928519e-05
4.983858587885e-03,1.293296693500e+01,3.146825478369e+00,1.080291065513e+06,1.414020672430e+03,3.234416310173e+01,9.165868882293e-05
4.983886140752e-03,1.292349368255e+01,3.142707550528e+00,1.082295573063e+06,1.413400771583e+03,3.235834900959e+01,9.141097334326e-05
4.983913663473e-03,1.291401341700e+01,3.138586649222e+00,1.084304780440e+06,1.412780459945e+03,3.237255677960e+01,9.116369312657e-05
4.983941156360e-03,1.290452603296e+01,3.134462736126e+00,1.086318742635e+06,1.412159730763e+03,3.238678660781e+01,9.091684677654e-05
4.983968619336e-03,1.289503155957e+01,3.130335834101e+00,1.088337471814e+06,1.411538586081e+03,3.240103848903e+01,9.067043412878e-05
4.983996052507e-03,1.288552996199e+01,3.126205928543e+00,1.090360963719e+06,1.410917023762e+03,3.241531251410e+01,9.042445459445e-05
4.984023455666e-03,1.287602131420e+01,3.122073068611e+00,1.092389247330e+06,1.410295048786e+03,3.242960861046e+01,9.017890863083e-05
4.984050829199e-03,1.286650548445e+01,3.117937192300e+00,1.094422343398e+06,1.409672652672e+03,3.244392701503e+01,8.993379444379e-05
4.984078172828e-03,1.285698257203e+01,3.113798349007e+00,1.096460239741e+06,1.409049842060e+03,3.245826761729e+01,8.968911247707e-05
4.984105486858e-03,1.284745247247e+01,3.109656512906e+00,1.098503000125e+06,1.408426610257e+03,3.247263061367e+01,8.944486177333e-05
4.984132771021e-03,1.283791528148e+01,3.105511718473e+00,1.100550583139e+06,1.407802963662e+03,3.248701589911e+01,8.920104259858e-05
4.984160025597e-03,1.282837090380e+01,3.101363934048e+00,1.102603044143e+06,1.407178896190e+03,3.250142365655e+01,8.895765377249e-05
4.984187250449e-03,1.281881938961e+01,3.097213189098e+00,1.104660387625e+06,1.406554411261e+03,3.251585384973e+01,8.871469524474e-05
4.984214445823e-03,1.280926065461e+01,3.093059448559e+00,1.106722622472e+06,1.405929503508e+03,3.253030664562e+01,8.847216585408e-05
4.984241611540e-03,1.279969476389e+01,3.088902759450e+00,1.108789781038e+06,1.405304177328e+03,3.254478198554e+01,8.823006612237e-05
4.984268747624e-03,1.279012171133e+01,3.084743113149e+00,1.110861855294e+06,1.404678432461e+03,3.255927991861e+01,8.798839537584e-05
4.984295854371e-03,1.278054139502e+01,3.080580471883e+00,1.112938878757e+06,1.404052262393e+03,3.257380063911e+01,8.774715223828e-05
4.984322931525e-03,1.277095390744e+01,3.076414896141e+00,1.115020872704e+06,1.403425673309e+03,3.258834404714e+01,8.750633748786e-05
4.984349979205e-03,1.276135920853e+01,3.072246361172e+00,1.117107825642e+06,1.402798662732e+03,3.260291024367e+01,8.726595020826e-05
4.984376997544e-03,1.275175725372e+01,3.068074857834e+00,1.119199782093e+06,1.402171227896e+03,3.261749933677e+01,8.702598960434e-05
4.984403986403e-03,1.274214809436e+01,3.063900417201e+00,1.121296747825e+06,1.401543372298e+03,3.263211128902e+01,8.678645579551e-05
4.984430945978e-03,1.273253166305e+01,3.059723010763e+00,1.123398728355e+06,1.400915091680e+03,3.264674624355e+01,8.654734774211e-05
4.984457876194e-03,1.272290798865e+01,3.055542669674e+00,1.125505763001e+06,1.400286388071e+03,3.266140419732e+01,8.630866549629e-05
4.984484777132e-03,1.271327704494e+01,3.051359377222e+00,1.127617852247e+06,1.399657259900e+03,3.267608523127e+01,8.607040830596e-05
4.984511648771e-03,1.270363884125e+01,3.047173144210e+00,1.129735000699e+06,1.399027707925e+03,3.269078937223e+01,8.583257586415e-05
4.984538491236e-03,1.269399333532e+01,3.042983975255e+00,1.131857264998e+06,1.398397729528e+03,3.270551672596e+01,8.559516771108e-05
4.984565304444e-03,1.268434055910e+01,3.038791874760e+00,1.133984616254e+06,1.397767326939e+03,3.272026728517e+01,8.535818348554e-05
4.984592088532e-03,1.267468046549e+01,3.034596831083e+00,1.136117097031e+06,1.397136497230e+03,3.273504116326e+01,8.512162244986e-05
4.984618843398e-03,1.266501309349e+01,3.030398874874e+00,1.138254722453e+06,1.396505243093e+03,3.274983834232e+01,8.488548460202e-05
4.984645569318e-03,1.265533834571e+01,3.026197961867e+00,1.140397502494e+06,1.395873558312e+03,3.276465901330e+01,8.464976864115e-05
4.984672265962e-03,1.264565634434e+01,3.021994161723e+00,1.142545452330e+06,1.395241451014e+03,3.277950303093e+01,8.441447536484e-05
4.984698933781e-03,1.263596692726e+01,3.017787402976e+00,1.144698612185e+06,1.394608910758e+03,3.279437068598e+01,8.417960286353e-05
4.984725572452e-03,1.262627021485e+01,3.013577743219e+00,1.146856953856e+06,1.393975945551e+03,3.280926183598e+01,8.394515182614e-05
4.984752182186e-03,1.261656613230e+01,3.009365174177e+00,1.149020546099e+06,1.393342550657e+03,3.282417663821e+01,8.371112158683e-05
4.984778762994e-03,1.260685467804e+01,3.005149685000e+00,1.151189371025e+06,1.392708726115e+03,3.283911513776e+01,8.347751147654e-05
4.984805314752e-03,1.259713589927e+01,3.000931303309e+00,1.153363440434e+06,1.392074475157e+03,3.285407730459e+01,8.324432144747e-05
4.984831837841e-03,1.258740965912e+01,2.996709990674e+00,1.155542822081e+06,1.391439788998e+03,3.286906339234e+01,8.301155010900e-05
4.984858331966e-03,1.257767606839e+01,2.992485788443e+00,1.157727474520e+06,1.390804675013e+03,3.288407327346e+01,8.277919797701e-05
4.984884797181e-03,1.256793510911e+01,2.988258701382e+00,1.159917437833e+06,1.390169132178e+03,3.289910701861e+01,8.254726464593e-05
4.984911233720e-03,1.255818669763e+01,2.984028702411e+00,1.162112749003e+06,1.389533155184e+03,3.291416480027e+01,8.231574883534e-05
4.984937641559e-03,1.254843084502e+01,2.979795796226e+00,1.164313398253e+06,1.388896744901e+03,3.292924664493e+01,8.208465026821e-05
4.984964020469e-03,1.253866763829e+01,2.975560040089e+00,1.166519411059e+06,1.388259907153e+03,3.294435246157e+01,8.185396960035e-05
4.984990370875e-03,1.252889692240e+01,2.971321362899e+00,1.168730823206e+06,1.387622631973e+03,3.295948253391e+01,8.162370489312e-05
4.985016692471e-03,1.251911881317e+01,2.967079821224e+00,1.170947610286e+06,1.386984927069e+03,3.297463672649e+01,8.139385668778e-05
4.985042985581e-03,1.250933319247e+01,2.962835390057e+00,1.173169853033e+06,1.386346784882e+03,3.298981526651e+01,8.116442400730e-05
4.985069249949e-03,1.249954015823e+01,2.958588100438e+00,1.175397509736e+06,1.385708211945e+03,3.300501804639e+01,8.093540700513e-05
4.985095485839e-03,1.248973961404e+01,2.954337918080e+00,1.177630626337e+06,1.385069202126e+03,3.302024526003e+01,8.070680453519e-05
4.985121693077e-03,1.247993162751e+01,2.950084894974e+00,1.179869226313e+06,1.384429759979e+03,3.303549684701e+01,8.047861695823e-05
4.985147871940e-03,1.247011609686e+01,2.945828979319e+00,1.182113316764e+06,1.383789879019e+03,3.305077301032e+01,8.025084278858e-05
4.985174022256e-03,1.246029308969e+01,2.941570213088e+00,1.184362917306e+06,1.383149563803e+03,3.306607368964e+01,8.002348236339e-05
4.985200144105e-03,1.245046257754e+01,2.937308596090e+00,1.186618057021e+06,1.382508812625e+03,3.308139897429e+01,7.979653525761e-05
4.985226237491e-03,1.244062456159e+01,2.933044126865e+00,1.188878727728e+06,1.381867625712e+03,3.309674890754e+01,7.957000085462e-05
4.985252302581e-03,1.243077898168e+01,2.928776798021e+00,1.191144986203e+06,1.381225999296e+03,3.311212362862e+01,7.934387832208e-05
4.985278339336e-03,1.242092585412e+01,2.924506617608e+00,1.193416836221e+06,1.380583934587e+03,3.312752315771e+01,7.911816738532e-05
4.985304347690e-03,1.241106520642e+01,2.920233601058e+00,1.195694271513e+06,1.379941433532e+03,3.314294749735e+01,7.889286796552e-05
4.985330327814e-03,1.240119697636e+01,2.915957745881e+00,1.197977357024e+06,1.379298492228e+03,3.315839679070e+01,7.866797951049e-05
4.985356279512e-03,1.239132124086e+01,2.911679076507e+00,1.200266067348e+06,1.378655115833e+03,3.317387096334e+01,7.844350194313e-05
4.985382203166e-03,1.238143785691e+01,2.907397538897e+00,1.202560445703e+06,1.378011295187e+03,3.318937028539e+01,7.821943363369e-05
4.985408098503e-03,1.237154693064e+01,2.903113207384e+00,1.204860521414e+06,1.377367037353e+03,3.320489463684e+01,7.799577545236e-05
4.985433965708e-03,1.236164839405e+01,2.898826039968e+00,1.207166289429e+06,1.376722338052e+03,3.322044417090e+01,7.777252617308e-05
4.985459804783e-03,1.235174224895e+01,2.894536046293e+00,1.209477777873e+06,1.376077197557e+03,3.323601893131e+01,7.754968538251e-05
4.985485615770e-03,1.234182848120e+01,2.890243243260e+00,1.211795028131e+06,1.375431615097e+03,3.325161898718e+01,7.732725295460e-05
4.985511398555e-03,1.233190713725e+01,2.885947643144e+00,1.214118015472e+06,1.374785593850e+03,3.326724431234e+01,7.710522866087e-05
4.985537153422e-03,1.232197811055e+01,2.881649213705e+00,1.216446799966e+06,1.374139127032e+03,3.328289512168e+01,7.688361124781e-05
4.985562880222e-03,1.231204146008e+01,2.877347994345e+00,1.218781393443e+06,1.373492218634e+03,3.329857136965e+01,7.666240098629e-05
4.985588578975e-03,1.230209718137e+01,2.873043979748e+00,1.221121789792e+06,1.372844868518e+03,3.331427311070e+01,7.644159735659e-05
4.985614249828e-03,1.229214521970e+01,2.868737164914e+00,1.223468043300e+06,1.372197073278e+03,3.333000047880e+01,7.622119960063e-05
4.985639892751e-03,1.228218558870e+01,2.864427560947e+00,1.225820164582e+06,1.371548833950e+03,3.334575350039e+01,7.600120740018e-05
4.985665507801e-03,1.227221826939e+01,2.860115160478e+00,1.228178157411e+06,1.370900149457e+03,3.336153225339e+01,7.578162027856e-05
4.985691094820e-03,1.226224332532e+01,2.855800014197e+00,1.230542054113e+06,1.370251024087e+03,3.337733668524e+01,7.556243857453e-05
4.985716654237e-03,1.225226059181e+01,2.851482047940e+00,1.232911896347e+06,1.369601447275e+03,3.339316710536e+01,7.534366036483e-05
4.985742185576e-03,1.224227025710e+01,2.847161347921e+00,1.235287644824e+06,1.368951431428e+03,3.340902326357e+01,7.512528673659e-05
4.985767689408e-03,1.223227210062e+01,2.842837846202e+00,1.237669405057e+06,1.368300962347e+03,3.342490555870e+01,7.490731579898e-05
4.985793165321e-03,1.222226628557e+01,2.838511602849e+00,1.240057130240e+06,1.367650050802e+03,3.344081378046e+01,7.468974819835e-05
4.985818613662e-03,1.221225267866e+01,2.834182568688e+00,1.242450863407e+06,1.366998688281e+03,3.345674818966e+01,7.447258269898e-05
4.985844034074e-03,1.220223142253e+01,2.829850836852e+00,1.244850628823e+06,1.366346884217e+03,3.347270860849e+01,7.425582042669e-05
4.985869427060e-03,1.219220232195e+01,2.825516308558e+00,1.247256453249e+06,1.365694626061e+03,3.348869539733e+01,7.403945903630e-05
4.985894792187e-03,1.218216554985e+01,2.821179067227e+00,1.249668320763e+06,1.365041925222e+03,3.350470832995e+01,7.382349944942e-05
4.985920129962e-03,1.217212090826e+01,2.816839056108e+00,1.252086326617e+06,1.364388768979e+03,3.352074777197e+01,7.360794000000e-05
4.985945440042e-03,1.216206853580e+01,2.812496323611e+00,1.254510421946e+06,1.363735166500e+03,3.353681355211e+01,7.339278119316e-05
4.985970722616e-03,1.215200835973e+01,2.808150850313e+00,1.256940654540e+06,1.363081113213e+03,3.355290583653e+01,7.317802229344e-05
4.985995977574e-03,1.214194042638e+01,2.803802679220e+00,1.259377052737e+06,1.362426612286e+03,3.356902460138e+01,7.296366342056e-05
4.986021205205e-03,1.213186462332e+01,2.799451753114e+00,1.261819632841e+06,1.361771656563e+03,3.358517007716e+01,7.274970293457e-05
4.986046405341e-03,1.212178101930e+01,2.795098116844e+00,1.264268412548e+06,1.361116250676e+03,3.360134220433e+01,7.253614123371e-05
4.986071577959e-03,1.211168962727e+01,2.790741793659e+00,1.266723420902e+06,1.360460395618e+03,3.361754101288e+01,7.232297826057e-05
4.986096723310e-03,1.210159034829e+01,2.786382734724e+00,1.269184675322e+06,1.359804085116e+03,3.363376671264e+01,7.211021252559e-05
4.986121841241e-03,1.209148324647e+01,2.782020985729e+00,1.271652198232e+06,1.359147323497e+03,3.365001925177e+01,7.189784438518e-05
4.986146931771e-03,1.208136831689e+01,2.777656557456e+00,1.274126016465e+06,1.358490110593e+03,3.366629868952e+01,7.168587346040e-05
4.986171995188e-03,1.207124544572e+01,2.773289396922e+00,1.276606155120e+06,1.357832439168e+03,3.368260526067e+01,7.147429823615e-05
4.986197031145e-03,1.206111477618e+01,2.768919586501e+00,1.279092620444e+06,1.357174318686e+03,3.369893878625e+01,7.126311977248e-05
4.986222039942e-03,1.205097618888e+01,2.764547083446e+00,1.281585461605e+06,1.356515741545e+03,3.371529951060e+01,7.105233669759e-05
4.986247021592e-03,1.204082968144e+01,2.760171884798e+00,1.284084679974e+06,1.355856707751e+03,3.373168748978e+01,7.084194846497e-05
4.986271975887e-03,1.203067534100e+01,2.755794051011e+00,1.286590298294e+06,1.355197223122e+03,3.374810263522e+01,7.063195567890e-05
4.986296903220e-03,1.202051300964e+01,2.751413519176e+00,1.289102370483e+06,1.354537277556e+03,3.376454525477e+01,7.042235663494e-05
4.986321803263e-03,1.201034282439e+01,2.747030348083e+00,1.291620866539e+06,1.353876880114e+03,3.378101517936e+01,7.021315195427e-05
4.986346676254e-03,1.200016468988e+01,2.742644521486e+00,1.294145856770e+06,1.353216024762e+03,3.379751261616e+01,7.000434069197e-05
4.986371522287e-03,1.198997857119e+01,2.738256026567e+00,1.296677360709e+06,1.352554709388e+03,3.381403767505e+01,6.979592203735e-05
4.986396341181e-03,1.197978454399e+01,2.733864896979e+00,1.299215366138e+06,1.351892939066e+03,3.383059028645e+01,6.958789629233e-05
4.986421133032e-03,1.196958257264e+01,2.729471143906e+00,1.301759930678e+06,1.351230711641e+03,3.384717056154e+01,6.938026310298e-05
4.986445897933e-03,1.195937262041e+01,2.725074751419e+00,1.304311071075e+06,1.350568024886e+03,3.386377861371e+01,6.917302148308e-05
4.986470635960e-03,1.194915465954e+01,2.720675709649e+00,1.306868803179e+06,1.349904877161e+03,3.388041454197e+01,6.896617067941e-05
4.986495347068e-03,1.193892871045e+01,2.716274055300e+00,1.309433172297e+06,1.349241269951e+03,3.389707836717e+01,6.875971093479e-05
4.986520031198e-03,1.192869480062e+01,2.711869798380e+00,1.312004176759e+06,1.348577205196e+03,3.391377009874e+01,6.855364205705e-05
4.986544688471e-03,1.191845288226e+01,2.707462921109e+00,1.314581839310e+06,1.347912679957e+03,3.393048986889e+01,6.834796313286e-05
4.986569318924e-03,1.190820294321e+01,2.703053447217e+00,1.317166214578e+06,1.347247693605e+03,3.394723775211e+01,6.814267383870e-05
4.986593922710e-03,1.189794492190e+01,2.698641347337e+00,1.319757321950e+06,1.346582242304e+03,3.396401390406e+01,6.793777326017e-05
4.986618499443e-03,1.188767898212e+01,2.694226695100e+00,1.322355132196e+06,1.345916336841e+03,3.398081811163e+01,6.773326225557e-05
4.986643049748e-03,1.187740486537e+01,2.689809409025e+00,1.324959763009e+06,1.345249960609e+03,3.399765085324e+01,6.752913870310e-05
4.986667573078e-03,1.186712280308e+01,2.685389585332e+00,1.327571159082e+06,1.344583128775e+03,3.401451180530e+01,6.732540386964e-05
4.986692069892e-03,1.185683260590e+01,2.680967145867e+00,1.330189381635e+06,1.343915829226e+03,3.403140133371e+01,6.712205591007e-05
4.986716539882e-03,1.184653440572e+01,2.676542177387e+00,1.332814449597e+06,1.343248070672e+03,3.404831927789e+01,6.691909569837e-05
4.986740983414e-03,1.183622805166e+01,2.672114612045e+00,1.335446405283e+06,1.342579843489e+03,3.406526594179e+01,6.671652147788e-05
4.986765400285e-03,1.182591363109e+01,2.667684490331e+00,1.338085240073e+06,1.341911153507e+03,3.408224123802e+01,6.651433359045e-05
4.986789790438e-03,1.181559117139e+01,2.663251854151e+00,1.340730999098e+06,1.341242002660e+03,3.409924517778e+01,6.631253220842e-05
4.986814154262e-03,1.180526051059e+01,2.658816631867e+00,1.343383729276e+06,1.340572380608e+03,3.411627808466e+01,6.611111532534e-05
4.986838491516e-03,1.179492175326e+01,2.654378870720e+00,1.346043417467e+06,1.339902294294e+03,3.413333984317e+01,6.591008337306e-05
4.986862802212e-03,1.178457489747e+01,2.649938599763e+00,1.348710115527e+06,1.339231743755e+03,3.415043051343e+01,6.570943641114e-05
4.986887086534e-03,1.177421986772e+01,2.645495786123e+00,1.351383850873e+06,1.338560724255e+03,3.416755027755e+01,6.550917328753e-05
4.986911344348e-03,1.176385672366e+01,2.641050456767e+00,1.354064621286e+06,1.337889239827e+03,3.418469909430e+01,6.530929398208e-05
4.986935575797e-03,1.175348540702e+01,2.636602615961e+00,1.356752491900e+06,1.337217286855e+03,3.420187711777e+01,6.510979800382e-05
4.986959780814e-03,1.174310594888e+01,2.632152278897e+00,1.359447466243e+06,1.336544867514e+03,3.421908435445e+01,6.491068498294e-05
4.986983959651e-03,1.173271824466e+01,2.627699400793e+00,1.362149583678e+06,1.335871975192e+03,3.423632103585e+01,6.471195359636e-05
4.987008112035e-03,1.172232241421e+01,2.623244061324e+00,1.364858861234e+06,1.335198617818e+03,3.425358702147e+01,6.451360479689e-05
4.987032238189e-03,1.171191836368e+01,2.618786225170e+00,1.367575339683e+06,1.334524789471e+03,3.427088252570e+01,6.431563747699e-05
4.987056338034e-03,1.170150613058e+01,2.614325906763e+00,1.370299019888e+06,1.333850492747e+03,3.428820754495e+01,6.411805130677e-05
4.987080411704e-03,1.169108565986e+01,2.609863109508e+00,1.373029962013e+06,1.333175724242e+03,3.430556222977e+01,6.392084574809e-05
4.987104459156e-03,1.168065697256e+01,2.605397851075e+00,1.375768182781e+06,1.332500485482e+03,3.432294660442e+01,6.372402059191e-05
4.987128480421e-03,1.167022005849e+01,2.600930123433e+00,1.378513693423e+06,1.331824775970e+03,3.434036074524e+01,6.352757517872e-05
4.987152475617e-03,1.165977486906e+01,2.596459931077e+00,1.381266549501e+06,1.331148592725e+03,3.435780479301e+01,6.333150905279e-05
4.987176444559e-03,1.164932148723e+01,2.591987322664e+00,1.384026758415e+06,1.330471941279e+03,3.437527866901e+01,6.313582253645e-05
4.987200387573e-03,1.163885977411e+01,2.587512232681e+00,1.386794362774e+06,1.329794812806e+03,3.439278266553e+01,6.294051396437e-05
4.987224304353e-03,1.162838986638e+01,2.583034742851e+00,1.389569365562e+06,1.329117216318e+03,3.441031661410e+01,6.274558418035e-05
4.987248195277e-03,1.161791160122e+01,2.578554801922e+00,1.392351847496e+06,1.328439141438e+03,3.442788084803e+01,6.255103168220e-05
4.987272060125e-03,1.160742507757e+01,2.574072443337e+00,1.395141785028e+06,1.327760594734e+03,3.444547526232e+01,6.235685664605e-05
4.987295898917e-03,1.159693029034e+01,2.569587685744e+00,1.397939214403e+06,1.327081576042e+03,3.446309992626e+01,6.216305885824e-05
4.987319711927e-03,1.158642712113e+01,2.565100502919e+00,1.400744214284e+06,1.326402077865e+03,3.448075510007e+01,6.196963722941e-05
4.987343498813e-03,1.157591572389e+01,2.560610948610e+00,1.403556742410e+06,1.325722110324e+03,3.449844058638e+01,6.177659221529e-05
4.987367260004e-03,1.156539591228e+01,2.556118961252e+00,1.406376878732e+06,1.325041661535e+03,3.451615676029e+01,6.158392212271e-05
4.987390995258e-03,1.155486779637e+01,2.551624618989e+00,1.409204651646e+06,1.324360738779e+03,3.453390349849e+01,6.139162779660e-05
4.987414704598e-03,1.154433136789e+01,2.547127902911e+00,1.412040057600e+06,1.323679341683e+03,3.455168087699e+01,6.119970842987e-05
4.987438388314e-03,1.153378650241e+01,2.542628774558e+00,1.414883155354e+06,1.322997462370e+03,3.456948916805e+01,6.100816273368e-05
4.987462046063e-03,1.152323335445e+01,2.538127338097e+00,1.417733972077e+06,1.322315110995e+03,3.458732817338e+01,6.081699195396e-05
4.987485678260e-03,1.151267174178e+01,2.533623501015e+00,1.420592544290e+06,1.321632275936e+03,3.460519826394e+01,6.062619406629e-05
4.987509284487e-03,1.150210185534e+01,2.529117351915e+00,1.423458851227e+06,1.320948969709e+03,3.462309917954e+01,6.043577005380e-05
4.987532865222e-03,1.149152348290e+01,2.524608838466e+00,1.426333010686e+06,1.320265178757e+03,3.464103134293e+01,6.024571830373e-05
4.987556420231e-03,1.148093673275e+01,2.520098000396e+00,1.429214993700e+06,1.319580910242e+03,3.465899463430e+01,6.005603900193e-05
4.987579949578e-03,1.147034157938e+01,2.515584829663e+00,1.432104832573e+06,1.318896162685e+03,3.467698916054e+01,5.986673156129e-05
4.987603453359e-03,1.145973798245e+01,2.511069343253e+00,1.435002591904e+06,1.318210933642e+03,3.469501505420e+01,5.967779564783e-05
4.987626931514e-03,1.144912597212e+01,2.506551556741e+00,1.437908278376e+06,1.317525225228e+03,3.471307232834e+01,5.948923102180e-05
4.987650384136e-03,1.143850550903e+01,2.502031451429e+00,1.440821921938e+06,1.316839035065e+03,3.473116111438e+01,5.930103684519e-05
4.987673811212e-03,1.142787660207e+01,2.497509060892e+00,1.443743566365e+06,1.316152363895e+03,3.474928146187e+01,5.911321314154e-05
4.987697212735e-03,1.141723925807e+01,2.492984400732e+00,1.446673240638e+06,1.315465212321e+03,3.476743342418e+01,5.892575956503e-05
4.987720588900e-03,1.140659339118e+01,2.488457427333e+00,1.449610980688e+06,1.314777574966e+03,3.478561721307e+01,5.873867473502e-05
4.987743939601e-03,1.139593905234e+01,2.483928187365e+00,1.452556810595e+06,1.314089455289e+03,3.480383280705e+01,5.855195891847e-05
4.987767264926e-03,1.138527620497e+01,2.479396688781e+00,1.455510788800e+06,1.313400851089e+03,3.482208033448e+01,5.836561187583e-05
4.987790564679e-03,1.137460494095e+01,2.474862957925e+00,1.458472894457e+06,1.312711768466e+03,3.484035970398e+01,5.817963362150e-05
4.987813839146e-03,1.136392513384e+01,2.470326960860e+00,1.461443191881e+06,1.312022199425e+03,3.485867119811e+01,5.799402277896e-05
4.987837088401e-03,1.135323675122e+01,2.465788718981e+00,1.464421757434e+06,1.311332142037e+03,3.487701493923e+01,5.780877900734e-05
4.987860312262e-03,1.134253988102e+01,2.461248255200e+00,1.467408559642e+06,1.310641602143e+03,3.489539084328e+01,5.762390237119e-05
4.987883510865e-03,1.133183446321e+01,2.456705553920e+00,1.470403648267e+06,1.309950576037e+03,3.491379908017e+01,5.743939214825e-05
4.987906684143e-03,1.132112053150e+01,2.452160668536e+00,1.473407077878e+06,1.309259066063e+03,3.493223965911e+01,5.725524860319e-05
4.987929832264e-03,1.131039801208e+01,2.447613562027e+00,1.476418871788e+06,1.308567067618e+03,3.495071277475e+01,5.707147055057e-05
4.987952955108e-03,1.129966696340e+01,2.443064260697e+00,1.479439043639e+06,1.307874584645e+03,3.496921839398e+01,5.688805781588e-05
4.987976052926e-03,1.128892727224e+01,2.438512751477e+00,1.482467677626e+06,1.307181610006e+03,3.498775678015e+01,5.670500955048e-05
4.987999125526e-03,1.127817903094e+01,2.433959081217e+00,1.485504772161e+06,1.306488149822e+03,3.500632784227e+01,5.652232611573e-05
4.988022172976e-03,1.126742221063e+01,2.429403232287e+00,1.488550355726e+06,1.305794202398e+03,3.502493169859e+01,5.634000671206e-05
4.988045195431e-03,1.125665674245e+01,2.424845203942e+00,1.491604489085e+06,1.305099763463e+03,3.504356853697e+01,5.615805074617e-05
4.988068192658e-03,1.124588273909e+01,2.420285065885e+00,1.494667188143e+06,1.304404840449e+03,3.506223823137e+01,5.597645884968e-05
4.988091164970e-03,1.123510005653e+01,2.415722744431e+00,1.497738503679e+06,1.303709424232e+03,3.508094110059e+01,5.579522912054e-05
4.988114112299e-03,1.122430873002e+01,2.411158275964e+00,1.500818455049e+06,1.303013517259e+03,3.509967715315e+01,5.561436155036e-05
4.988137034685e-03,1.121350874431e+01,2.406591691220e+00,1.503907119703e+06,1.302317118710e+03,3.511844648549e+01,5.543385632143e-05
4.988159931849e-03,1.120270023348e+01,2.402023033149e+00,1.507004452414e+06,1.301620237395e+03,3.513724893447e+01,5.525371360328e-05
4.988182804444e-03,1.119188289322e+01,2.397452180409e+00,1.510110578773e+06,1.300922853865e+03,3.515608509984e+01,5.507393058504e-05
4.988205651928e-03,1.118105698253e+01,2.392879282107e+00,1.513225485781e+06,1.300224984985e+03,3.517495460144e+01,5.489450931086e-05
4.988228474552e-03,1.117022238603e+01,2.388304289553e+00,1.516349219657e+06,1.299526623481e+03,3.519385771110e+01,5.471544847988e-05
4.988251272427e-03,1.115937905468e+01,2.383727179855e+00,1.519481824730e+06,1.298827766362e+03,3.521279458564e+01,5.453674706376e-05
4.988274045352e-03,1.114852708696e+01,2.379148027550e+00,1.522623319425e+06,1.298128420143e+03,3.523176512442e+01,5.435840573419e-05
4.988296793665e-03,1.113766632533e+01,2.374566783281e+00,1.525773790903e+06,1.297428574837e+03,3.525076967473e+01,5.418042310749e-05
4.988319517027e-03,1.112679693483e+01,2.369983505750e+00,1.528933208550e+06,1.296728241248e+03,3.526980801972e+01,5.400279968373e-05
4.988342215783e-03,1.111591875376e+01,2.365398151386e+00,1.532101651841e+06,1.296027409126e+03,3.528888051477e+01,5.382553412498e-05
4.988364889796e-03,1.110503185131e+01,2.360810784479e+00,1.535279172484e+06,1.295326083094e+03,3.530798711128e+01,5.364862692556e-05
4.988387539068e-03,1.109413622957e+01,2.356221392746e+00,1.538465767766e+06,1.294624263453e+03,3.532712787838e+01,5.347207741606e-05
4.988410163735e-03,1.108323182687e+01,2.351629959061e+00,1.541661495621e+06,1.293921946402e+03,3.534630299742e+01,5.329588464882e-05
4.988432763791e-03,1.107231864940e+01,2.347036526144e+00,1.544866417855e+06,1.293219132506e+03,3.536551253098e+01,5.312004873290e-05
4.988455339207e-03,1.106139671457e+01,2.342441102300e+00,1.548080545113e+06,1.292515823052e+03,3.538475652217e+01,5.294456933181e-05
4.988477890064e-03,1.105046598631e+01,2.337843669044e+00,1.551303921319e+06,1.291812015886e+03,3.540403510843e+01,5.276944562605e-05
4.988500416299e-03,1.103952649902e+01,2.333244274066e+00,1.554536581793e+06,1.291107713393e+03,3.542334830319e+01,5.259467777639e-05
4.988522918113e-03,1.102857815895e+01,2.328642898906e+00,1.557778603896e+06,1.290402909703e+03,3.544269634661e+01,5.242026486285e-05
4.988545395320e-03,1.101762105900e+01,2.324039569841e+00,1.561029977357e+06,1.289697610962e+03,3.546207914936e+01,5.224620676179e-05
4.988567848207e-03,1.100665506293e+01,2.319434252335e+00,1.564290773389e+06,1.288991808574e+03,3.548149702746e+01,5.207250231936e-05
4.988590276543e-03,1.099568028807e+01,2.314827036079e+00,1.567561038335e+06,1.288285510256e+03,3.550094984869e+01,5.189915243813e-05
4.988612680591e-03,1.098469660791e+01,2.310217856888e+00,1.570840806154e+06,1.287578708030e+03,3.552043791310e+01,5.172615569135e-05
4.988635059937e-03,1.097370422949e+01,2.305606803893e+00,1.574130061378e+06,1.286871415391e+03,3.553996092898e+01,5.155351289281e-05
4.988657415320e-03,1.096270279376e+01,2.300993766271e+00,1.577428966815e+06,1.286163609405e+03,3.555951961038e+01,5.138122141226e-05
4.988679746166e-03,1.095169258569e+01,2.296378874460e+00,1.580737471079e+06,1.285455308570e+03,3.557911352763e+01,5.120928306898e-05
4.988702052586e-03,1.094067355531e+01,2.291762098538e+00,1.584055618169e+06,1.284746509842e+03,3.559874284605e+01,5.103769693614e-05
4.988724334881e-03,1.092964555683e+01,2.287143406369e+00,1.587383488271e+06,1.284037204012e+03,3.561840790253e+01,5.086646160853e-05
4.988746592928e-03,1.091860865480e+01,2.282522858958e+00,1.590721135804e+06,1.283327395398e+03,3.563810865972e+01,5.069557754785e-05
4.988768826640e-03,1.090756289608e+01,2.277900463793e+00,1.594068550273e+06,1.282617087180e+03,3.565784511167e+01,5.052504443876e-05
4.988791036281e-03,1.089650815303e+01,2.273276176557e+00,1.597425815341e+06,1.281906271321e+03,3.567761756445e+01,5.035486097459e-05
4.988813221578e-03,1.088544456497e+01,2.268650096334e+00,1.600792953277e+06,1.281194956946e+03,3.569742584725e+01,5.018502818419e-05
4.988835382864e-03,1.087437196965e+01,2.264022160507e+00,1.604170038772e+06,1.280483133789e+03,3.571727032929e+01,5.001554447498e-05
4.988857519883e-03,1.086329049887e+01,2.259392417583e+00,1.607557068752e+06,1.279770810491e+03,3.573715085329e+01,4.984641002839e-05
4.988879632985e-03,1.085219998057e+01,2.254760828012e+00,1.610954136466e+06,1.279057976164e+03,3.575706780723e+01,4.967762365348e-05
4.988901721801e-03,1.084110060353e+01,2.250127500997e+00,1.614361253488e+06,1.278344643106e+03,3.577702093173e+01,4.950918658077e-05
4.988923786714e-03,1.082999217967e+01,2.245492346343e+00,1.617778487838e+06,1.277630799395e+03,3.579701064477e+01,4.934109670658e-05
4.988945827604e-03,1.081887477213e+01,2.240855402671e+00,1.621205864863e+06,1.276916449261e+03,3.581703691306e+01,4.917335407419e-05
4.988967844445e-03,1.080774839879e+01,2.236216718548e+00,1.624643448036e+06,1.276201594020e+03,3.583709978487e+01,4.900595899533e-05
4.988989837318e-03,1.079661302143e+01,2.231576281991e+00,1.628091273429e+06,1.275486231379e+03,3.585719941001e+01,4.883891069339e-05
4.989011806244e-03,1.078546863405e+01,2.226934084055e+00,1.631549384455e+06,1.274770361124e+03,3.587733588042e+01,4.867220843412e-05
4.989033751235e-03,1.077431523351e+01,2.222290156912e+00,1.635017823290e+06,1.274053983222e+03,3.589750928320e+01,4.850585209931e-05
4.989055672397e-03,1.076315277055e+01,2.217644511361e+00,1.638496678132e+06,1.273337094674e+03,3.591771978937e+01,4.833984120130e-05
4.989077569736e-03,1.075198124480e+01,2.212997136047e+00,1.641985960446e+06,1.272619695624e+03,3.593796748196e+01,4.817417514514e-05
4.989099443056e-03,1.074080076125e+01,2.208348085513e+00,1.645485685740e+06,1.271901792982e+03,3.595825225284e+01,4.800885435032e-05
4.989121292654e-03,1.072961117167e+01,2.203697339502e+00,1.648995967979e+06,1.271183377398e+03,3.597857445362e+01,4.784387771697e-05
4.989143118504e-03,1.071841249251e+01,2.199044912174e+00,1.652516833494e+06,1.270464450094e+03,3.599893413780e+01,4.767924483456e-05
4.989164920549e-03,1.070720475750e+01,2.194390808922e+00,1.656048313821e+06,1.269745013403e+03,3.601933132745e+01,4.751495537458e-05
4.989186698800e-03,1.069598796453e+01,2.189735061186e+00,1.659590447247e+06,1.269025067360e+03,3.603976610996e+01,4.735100920552e-05
4.989208453490e-03,1.068476199723e+01,2.185077657564e+00,1.663143355379e+06,1.268304604659e+03,3.606023878165e+01,4.718740550541e-05
4.989230184309e-03,1.067352702028e+01,2.180418655657e+00,1.666706992285e+06,1.267583636035e+03,3.608074912663e+01,4.702414464886e-05
4.989251891697e-03,1.066228280967e+01,2.175757967390e+00,1.670281485292e+06,1.266862147283e+03,3.610129763855e+01,4.686122461116e-05
4.989273575162e-03,1.065102962405e+01,2.171095741625e+00,1.673866812038e+06,1.266140155167e+03,3.612188392976e+01,4.669864671031e-05
4.989295235245e-03,1.063976718638e+01,2.166431879063e+00,1.677463108087e+06,1.265417642078e+03,3.614250859241e+01,4.653640574426e-05
4.989316871554e-03,1.062849570344e+01,2.161766455317e+00,1.681070343157e+06,1.264694621461e+03,3.616317133332e+01,4.637448439694e-05
4.989338484531e-03,1.061721493887e+01,2.157099401319e+00,1.684688629354e+06,1.263971078395e+03,3.618387266986e+01,4.621277376406e-05
4.989360073836e-03,1.060592502117e+01,2.152430828306e+00,1.688317996473e+06,1.263247021712e+03,3.620461244089e+01,4.605063055039e-05
4.989381639723e-03,1.059462549517e+01,2.147760598780e+00,1.691958532525e+06,1.262522424957e+03,3.622539149695e+01,4.588416919418e-05
4.989403182014e-03,1.058331581423e+01,2.143088572429e+00,1.695610352316e+06,1.261797258344e+03,3.624621078802e+01,4.571202294185e-05
4.989424700831e-03,1.057199554885e+01,2.138414672222e+00,1.699273563635e+06,1.261071497451e+03,3.626707111412e+01,4.554020890601e-05
4.989446196380e-03,1.056066458536e+01,2.133738894262e+00,1.702948260311e+06,1.260345135263e+03,3.628797277758e+01,4.536872577974e-05
4.989467668342e-03,1.054932308704e+01,2.129061299018e+00,1.706634404966e+06,1.259618182520e+03,3.630891557025e+01,4.519757649308e-05
4.989489117148e-03,1.053797082193e+01,2.124381806228e+00,1.710332121330e+06,1.258890624633e+03,3.632990001393e+01,4.502675760862e-05
4.989510542309e-03,1.052660804285e+01,2.119700565269e+00,1.714041391610e+06,1.258162478080e+03,3.635092573503e+01,4.485627320249e-05
4.989531944355e-03,1.051523446549e+01,2.115017473296e+00,1.717762344963e+06,1.257433724913e+03,3.637199335395e+01,4.468611937611e-05
4.989553323004e-03,1.050385023355e+01,2.110332583026e+00,1.721494975016e+06,1.256704374619e+03,3.639310269939e+01,4.451629810746e-05
4.989574678493e-03,1.049245521666e+01,2.105645873281e+00,1.725239359277e+06,1.255974419122e+03,3.641425410823e+01,4.434680825227e-05
4.989596010586e-03,1.048104953530e+01,2.100957439077e+00,1.728995545918e+06,1.255243866416e+03,3.643544745246e+01,4.417765131738e-05
4.989617319460e-03,1.046963309139e+01,2.096267238909e+00,1.732763575368e+06,1.254512710492e+03,3.645668301022e+01,4.400882662812e-05
4.989638605181e-03,1.045820584320e+01,2.091575254291e+00,1.736543520979e+06,1.253780948955e+03,3.647796095567e+01,4.384033303912e-05
4.989659867877e-03,1.044676771835e+01,2.086881498723e+00,1.740335446407e+06,1.253048577452e+03,3.649928152076e+01,4.367217040852e-05
4.989681107093e-03,1.043531895659e+01,2.082186106987e+00,1.744139350702e+06,1.252315611606e+03,3.652064435576e+01,4.350434205684e-05
4.989702323412e-03,1.042385923881e+01,2.077488942584e+00,1.747955353038e+06,1.251582031264e+03,3.654205015382e+01,4.333684387178e-05
4.989723516513e-03,1.041238873385e+01,2.072790084788e+00,1.751783455103e+06,1.250847847514e+03,3.656349869793e+01,4.316967810848e-05
4.989744686619e-03,1.040090731597e+01,2.068089528033e+00,1.755623755075e+06,1.250113052587e+03,3.658499032186e+01,4.300284351546e-05
4.989765833671e-03,1.038941501311e+01,2.063387307968e+00,1.759476300169e+06,1.249377648546e+03,3.660652507265e+01,4.283634063222e-05
4.989786957635e-03,1.037791183864e+01,2.058683424914e+00,1.763341117875e+06,1.248641636525e+03,3.662810302482e+01,4.267016977553e-05
4.989808058716e-03,1.036639767613e+01,2.053977853450e+00,1.767218295970e+06,1.247905009355e+03,3.664972449684e+01,4.250432955538e-05
4.989829136548e-03,1.035487272185e+01,2.049270719999e+00,1.771107841220e+06,1.247167779871e+03,3.667138922048e+01,4.233882300420e-05
4.989850191737e-03,1.034333663854e+01,2.044561900560e+00,1.775009904879e+06,1.246429926774e+03,3.669309793085e+01,4.217364568041e-05
4.989871223921e-03,1.033178962049e+01,2.039851469816e+00,1.778924470045e+06,1.245691462772e+03,3.671485036418e+01,4.200880012869e-05
4.989892233061e-03,1.032023168450e+01,2.035139467122e+00,1.782851571801e+06,1.244952389222e+03,3.673664659028e+01,4.184428729108e-05
4.989913219438e-03,1.030866267150e+01,2.030425874157e+00,1.786791351580e+06,1.244212696228e+03,3.675848701156e+01,4.168010481396e-05
4.989934182952e-03,1.029708263192e+01,2.025710716552e+00,1.790743813745e+06,1.243472387292e+03,3.678037163598e+01,4.151625402978e-05
4.989955123636e-03,1.028549154322e+01,2.020993980971e+00,1.794709029114e+06,1.242731461253e+03,3.680230060939e+01,4.135273407434e-05
4.989976041439e-03,1.027388942926e+01,2.016275718176e+00,1.798687024230e+06,1.241989919921e+03,3.682427399026e+01,4.118954632570e-05
4.989996936611e-03,1.026227614746e+01,2.011555917019e+00,1.802677947537e+06,1.241247754459e+03,3.684629215316e+01,4.102668846247e-05
4.990017808906e-03,1.025065182902e+01,2.006834629087e+00,1.806681762797e+06,1.240504973528e+03,3.686835495424e+01,4.086416309761e-05
4.990038658482e-03,1.023901638183e+01,2.002111815032e+00,1.810698575272e+06,1.239761571526e+03,3.689046267335e+01,4.070196823635e-05
4.990059485464e-03,1.022736973228e+01,1.997387490992e+00,1.814728447335e+06,1.239017544032e+03,3.691261555627e+01,4.054010396653e-05
4.990080289589e-03,1.021571202255e+01,1.992661758290e+00,1.818771427183e+06,1.238272900406e+03,3.693481343877e+01,4.037857197393e-05
4.990101071174e-03,1.020404307170e+01,1.987934540367e+00,1.822827588961e+06,1.237527629369e+03,3.695705677211e+01,4.021737043717e-05
4.990121830112e-03,1.019236293436e+01,1.983205861452e+00,1.826896988615e+06,1.236781734692e+03,3.697934555952e+01,4.005649950375e-05
4.990142566528e-03,1.018067153576e+01,1.978475738577e+00,1.830979694885e+06,1.236035211885e+03,3.700168005147e+01,3.989595916874e-05
4.990163280223e-03,1.016896898500e+01,1.973744256290e+00,1.835075761986e+06,1.235288068191e+03,3.702406014781e+01,3.973575073239e-05
4.990183971350e-03,1.015725519089e+01,1.969011375018e+00,1.839185239840e+06,1.234540298064e+03,3.704648613147e+01,3.957587349965e-05
4.990204640019e-03,1.014553008741e+01,1.964277073252e+00,1.843308225865e+06,1.233791897576e+03,3.706895823815e+01,3.941632607638e-05
4.990225286213e-03,1.013379367893e+01,1.959541400347e+00,1.847444765222e+06,1.233042867287e+03,3.709147656937e+01,3.925710948417e-05
4.990245909915e-03,1.012204597162e+01,1.954804397951e+00,1.851594946809e+06,1.232293207869e+03,3.711404122373e+01,3.909822365711e-05
4.990266511082e-03,1.011028698638e+01,1.950066072331e+00,1.855758785229e+06,1.231542920935e+03,3.713665227179e+01,3.893966936925e-05
4.990287089758e-03,1.009851669295e+01,1.945326417520e+00,1.859936366614e+06,1.230792004836e+03,3.715930988274e+01,3.878144574553e-05
4.990307646107e-03,1.008673499503e+01,1.940585442595e+00,1.864127772931e+06,1.230040453711e+03,3.718201435381e+01,3.862355244970e-05
4.990328180236e-03,1.007494182589e+01,1.935843160630e+00,1.868333121839e+06,1.229288263584e+03,3.720476592648e+01,3.846598844600e-05
4.990348691680e-03,1.006313744917e+01,1.931099676018e+00,1.872552342354e+06,1.228535451546e+03,3.722756420481e+01,3.830875774484e-05
4.990369180999e-03,1.005132153822e+01,1.926354862822e+00,1.876785629951e+06,1.227781997050e+03,3.725040993281e+01,3.815185548145e-05
4.990389648000e-03,1.003949420159e+01,1.921608812793e+00,1.881032991788e+06,1.227027907300e+03,3.727330301489e+01,3.799528412273e-05
4.990410092664e-03,1.002765544484e+01,1.916861570793e+00,1.885294526516e+06,1.226273182930e+03,3.729624355476e+01,3.783904354685e-05
4.990430514944e-03,1.001580529236e+01,1.912113145536e+00,1.889570246464e+06,1.225517825770e+03,3.731923161995e+01,3.768313462408e-05
4.990450915294e-03,1.000394347666e+01,1.907363432256e+00,1.893860332487e+06,1.224761819055e+03,3.734226784520e+01,3.752755320432e-05
4.990471293106e-03,9.992070347210e+00,1.902612619282e+00,1.898164699116e+06,1.224005185342e+03,3.736535166785e+01,3.737230500936e-05
4.990491648762e-03,9.980185677853e+00,1.897860663552e+00,1.902483540133e+06,1.223247910493e+03,3.738848364382e+01,3.721738679533e-05
4.990511982533e-03,9.968289307594e+00,1.893107500284e+00,1.906816930416e+06,1.222489984530e+03,3.741166420435e+01,3.706279714992e-05
4.990532293858e-03,9.956381558990e+00,1.888353258503e+00,1.911164841523e+06,1.221731428285e+03,3.743489283859e+01,3.690853952906e-05
4.990552583233e-03,9.944462139316e+00,1.883597867169e+00,1.915527424326e+06,1.220972223394e+03,3.745817023554e+01,3.675461117801e-05
4.990572850307e-03,9.932531251184e+00,1.878841455903e+00,1.919904712328e+06,1.220212383039e+03,3.748149611842e+01,3.660101459255e-05
4.990593095567e-03,9.920588603415e+00,1.874083914381e+00,1.924296840451e+06,1.219451888953e+03,3.750487117612e+01,3.644774660195e-05
4.990613318615e-03,9.908634427318e+00,1.869325334976e+00,1.928703806797e+06,1.218690756148e+03,3.752829507606e+01,3.629480960126e-05
4.990633519676e-03,9.896668587187e+00,1.864565702535e+00,1.933125714709e+06,1.217928976265e+03,3.755176820439e+01,3.614220259594e-05
4.990653698756e-03,9.884691075859e+00,1.859805063285e+00,1.937562663073e+06,1.217166549126e+03,3.757529069645e+01,3.598992564335e-05
4.990673855890e-03,9.872701868601e+00,1.855043422580e+00,1.942014709616e+06,1.216403473433e+03,3.759886272273e+01,3.583797882014e-05
4.990693990902e-03,9.860701067191e+00,1.850280821614e+00,1.946481888004e+06,1.215639755944e+03,3.762248420512e+01,3.568636309978e-05
4.990714104201e-03,9.848688424088e+00,1.845517191375e+00,1.950964356151e+06,1.214875381187e+03,3.764615575376e+01,3.553507570978e-05
4.990734195444e-03,9.836664141441e+00,1.840752661369e+00,1.955462119763e+06,1.214110362303e+03,3.766987709389e+01,3.538411966518e-05
4.990754264863e-03,9.824628077705e+00,1.835987202309e+00,1.959975305781e+06,1.213344690563e+03,3.769364862870e+01,3.523349335621e-05
4.990774312523e-03,9.812580189261e+00,1.831220798355e+00,1.964503987041e+06,1.212578363470e+03,3.771747056929e+01,3.508319625077e-05
4.990794338150e-03,9.800520638169e+00,1.826453530927e+00,1.969048183231e+06,1.211811391613e+03,3.774134272019e+01,3.493323025189e-05
4.990814342022e-03,9.788449254819e+00,1.821685382538e+00,1.973608020343e+06,1.211043764482e+03,3.776526554264e+01,3.478359408442e-05
4.990834324236e-03,9.776365976794e+00,1.816916369260e+00,1.978183626999e+06,1.210275478384e+03,3.778923928723e+01,3.463428690259e-05
4.990854284513e-03,9.764270969290e+00,1.812146558301e+00,1.982774977978e+06,1.209506544099e+03,3.781326375317e+01,3.448531112633e-05
4.990874223197e-03,9.752164022339e+00,1.807375873474e+00,1.987382247703e+06,1.208736948556e+03,3.783733948507e+01,3.433666363884e-05
4.990894140001e-03,9.740045306400e+00,1.802604428355e+00,1.992005425169e+06,1.207966702871e+03,3.786146627206e+01,3.418834747763e-05
4.990914035362e-03,9.727914553224e+00,1.797832167306e+00,1.996644728328e+06,1.207195790267e+03,3.788564477730e+01,3.404035931964e-05
4.990933908812e-03,9.715772044526e+00,1.793059210671e+00,2.001300089641e+06,1.206424228923e+03,3.790987456887e+01,3.389270309294e-05
4.990953760659e-03,9.703617590178e+00,1.788285486417e+00,2.005971672764e+06,1.205652007032e+03,3.793415615577e+01,3.374537598198e-05
4.990973591000e-03,9.691451127789e+00,1.783511004188e+00,2.010659571407e+06,1.204879120909e+03,3.795848979364e+01,3.359837770374e-05
4.990993399777e-03,9.679272690326e+00,1.778735827166e+00,2.015363861636e+06,1.204105572926e+03,3.798287554820e+01,3.345170911942e-05
4.991013186622e-03,9.667082501753e+00,1.773960071458e+00,2.020084538973e+06,1.203331377576e+03,3.800731310235e+01,3.330537307634e-05
4.991032952343e-03,9.654880060850e+00,1.769183544089e+00,2.024821861479e+06,1.202556503302e+03,3.803180359367e+01,3.315936356375e-05
4.991052696262e-03,9.642665784694e+00,1.764406423330e+00,2.029575760413e+06,1.201780976866e+03,3.805634631857e+01,3.301368532818e-05
4.991072418873e-03,9.630439365239e+00,1.759628639153e+00,2.034346412973e+06,1.201004778985e+03,3.808094202967e+01,3.286833569766e-05
4.991092119860e-03,9.618200995252e+00,1.754850316463e+00,2.039133874465e+06,1.200227922167e+03,3.810559047391e+01,3.272331677564e-05
4.991111799435e-03,9.605950540941e+00,1.750071407020e+00,2.043938229651e+06,1.199450398189e+03,3.813029205581e+01,3.257862752324e-05
4.991131457646e-03,9.593687969926e+00,1.745291902855e+00,2.048759598862e+06,1.198672205270e+03,3.815504697666e+01,3.243426692540e-05
4.991151094250e-03,9.581413432598e+00,1.740511902084e+00,2.053597993432e+06,1.197893353229e+03,3.817985506901e+01,3.229023736112e-05
4.991170709576e-03,9.569126720797e+00,1.735731374438e+00,2.058453593870e+06,1.197113829125e+03,3.820471689050e+01,3.214653677129e-05
4.991190303647e-03,9.556827817498e+00,1.730950340364e+00,2.063326490298e+06,1.196333632150e+03,3.822963261398e+01,3.200316516037e-05
4.991209876162e-03,9.544516909409e+00,1.726168877215e+00,2.068216682470e+06,1.195552774417e+03,3.825460199943e+01,3.186012463884e-05
4.991229427519e-03,9.532193745672e+00,1.721386904407e+00,2.073124368629e+06,1.194771240285e+03,3.827962569459e+01,3.171741207623e-05
4.991248957578e-03,9.519858411076e+00,1.716604504776e+00,2.078049578221e+06,1.193989035405e+03,3.830470366738e+01,3.157502940897e-05
4.991268466213e-03,9.507510984240e+00,1.711821759915e+00,2.082992415132e+06,1.193206165027e+03,3.832983589818e+01,3.143297741511e-05
4.991287953739e-03,9.495151263881e+00,1.707038599614e+00,2.087953002090e+06,1.192422616654e+03,3.835502293789e+01,3.129125428191e-05
4.991307420072e-03,9.482779301591e+00,1.702255049461e+00,2.092931429387e+06,1.191638393827e+03,3.838026482356e+01,3.114986004024e-05
4.991326864971e-03,9.470395248662e+00,1.697471202552e+00,2.097927719308e+06,1.190853506405e+03,3.840556138852e+01,3.100879680250e-05
4.991346288974e-03,9.457998761448e+00,1.692686977535e+00,2.102942100356e+06,1.190067932874e+03,3.843091347805e+01,3.086806126188e-05
4.991365691670e-03,9.445590099777e+00,1.687902511820e+00,2.107974578025e+06,1.189281689965e+03,3.845632070509e+01,3.072765642275e-05
4.991385073234e-03,9.433169151189e+00,1.683117768259e+00,2.113025262893e+06,1.188494770814e+03,3.848178344421e+01,3.058758116833e-05
4.991404433691e-03,9.420735897294e+00,1.678332753341e+00,2.118094273080e+06,1.187707174522e+03,3.850730187836e+01,3.044783493110e-05
4.991423773105e-03,9.408290297398e+00,1.673547494419e+00,2.123181703510e+06,1.186918898779e+03,3.853287623716e+01,3.030841790720e-05
4.991443091421e-03,9.395832384141e+00,1.668762055754e+00,2.128287657665e+06,1.186129945914e+03,3.855850660030e+01,3.016933072641e-05
4.991462388606e-03,9.383362178218e+00,1.663976469426e+00,2.133412210490e+06,1.185340317495e+03,3.858419307244e+01,3.003057386509e-05
4.991481664986e-03,9.370879467713e+00,1.659190661205e+00,2.138555541417e+06,1.184550000369e+03,3.860993623856e+01,2.989214479456e-05
4.991500920150e-03,9.358384517850e+00,1.654404753792e+00,2.143717648287e+06,1.183759011588e+03,3.863573570050e+01,2.975404633460e-05
4.991520154345e-03,9.345877168322e+00,1.649618734181e+00,2.148898673651e+06,1.182967341267e+03,3.866159193827e+01,2.961627751226e-05
4.991539367790e-03,9.333357274224e+00,1.644832599005e+00,2.154098816316e+06,1.182174980491e+03,3.868750540233e+01,2.947883675847e-05
4.991558560210e-03,9.320825015124e+00,1.640046431664e+00,2.159318065905e+06,1.181381940883e+03,3.871347587242e+01,2.934172643417e-05
4.991577731717e-03,9.308280316126e+00,1.635260211416e+00,2.164556567665e+06,1.180588217962e+03,3.873950365527e+01,2.920494530163e-05
4.991596882177e-03,9.295723265554e+00,1.630473998630e+00,2.169814390173e+06,1.179793817572e+03,3.876558871969e+01,2.906849436986e-05
4.991616012051e-03,9.283153560227e+00,1.625687729892e+00,2.175091737364e+06,1.178998720794e+03,3.879173184899e+01,2.893237124565e-05
4.991635120989e-03,9.270571429289e+00,1.620901544831e+00,2.180388667999e+06,1.178202942376e+03,3.881793272114e+01,2.879657828591e-05
4.991654208986e-03,9.257976875394e+00,1.616115453252e+00,2.185705233478e+06,1.177406482735e+03,3.884419148494e+01,2.866111597311e-05
4.991673276260e-03,9.245369755488e+00,1.611329409508e+00,2.191041624605e+06,1.176609333082e+03,3.887050859400e+01,2.852598220677e-05
4.991692322901e-03,9.232750009404e+00,1.606543422854e+00,2.196397971650e+06,1.175811489866e+03,3.889688433069e+01,2.839117655731e-05
4.991711348572e-03,9.220117859391e+00,1.601757630106e+00,2.201774266413e+06,1.175012967393e+03,3.892331838731e+01,2.825670220949e-05
4.991730353613e-03,9.207473081129e+00,1.596971996079e+00,2.207170757544e+06,1.174213751728e+03,3.894981139090e+01,2.812255668099e-05
4.991749338103e-03,9.194815621068e+00,1.592186509999e+00,2.212587529814e+06,1.173413839739e+03,3.897636361296e+01,2.798873979539e-05
4.991768301617e-03,9.182145762896e+00,1.587401290064e+00,2.218024595787e+06,1.172613249601e+03,3.900297461739e+01,2.785525404152e-05
4.991787244698e-03,9.169463144746e+00,1.582616232016e+00,2.223482220254e+06,1.171811958699e+03,3.902964532414e+01,2.772209580144e-05
4.991806167025e-03,9.156767980805e+00,1.577831469538e+00,2.228960401037e+06,1.171009980813e+03,3.905637544401e+01,2.758926813420e-05
4.991825068874e-03,9.144060086533e+00,1.573046983840e+00,2.234459377508e+06,1.170207304531e+03,3.908316552744e+01,2.745676902063e-05
4.991843949985e-03,9.131339638181e+00,1.568262851557e+00,2.239979138817e+06,1.169403941227e+03,3.911001536546e+01,2.732460067767e-05
4.991862810558e-03,9.118606500293e+00,1.563479033232e+00,2.245519883175e+06,1.168599882591e+03,3.913692540698e+01,2.719276119231e-05
4.991881650614e-03,9.105860659989e+00,1.558695555978e+00,2.251081732169e+06,1.167795128054e+03,3.916389584349e+01,2.706125059136e-05
4.991900470197e-03,9.093102088564e+00,1.553912461051e+00,2.256664790759e+06,1.166989676048e+03,3.919092690086e+01,2.693006937797e-05
4.991919269202e-03,9.080330857905e+00,1.549129828581e+00,2.262269193524e+06,1.166183531350e+03,3.921801859257e+01,2.679921823277e-05
4.991938047743e-03,9.067546891302e+00,1.544347643210e+00,2.267895046249e+06,1.165376689353e+03,3.924517124785e+01,2.666869675047e-05
4.991956805790e-03,9.054750210346e+00,1.539565924323e+00,2.273542481444e+06,1.164569151659e+03,3.927238498818e+01,2.653850467846e-05
4.991975543486e-03,9.041940718429e+00,1.534784667232e+00,2.279211664426e+06,1.163760912412e+03,3.929966018731e+01,2.640864115356e-05
4.991994260814e-03,9.029118428514e+00,1.530003924968e+00,2.284902692466e+06,1.162951972667e+03,3.932699698703e+01,2.627910695527e-05
4.992012957485e-03,9.016283540583e+00,1.525223825484e+00,2.290615632529e+06,1.162142345272e+03,3.935439513034e+01,2.614990422513e-05
4.992031634112e-03,9.003435634896e+00,1.520444234960e+00,2.296350770006e+06,1.161332003981e+03,3.938185568421e+01,2.602102900913e-05
4.992050290205e-03,8.990575049672e+00,1.515665291452e+00,2.302108086091e+06,1.160520970361e+03,3.940937809773e+01,2.589248442367e-05
4.992068925965e-03,8.977701649027e+00,1.510886972265e+00,2.307887774870e+06,1.159709236072e+03,3.943696283353e+01,2.576426908752e-05
4.992087541502e-03,8.964815358245e+00,1.506109292045e+00,2.313689986318e+06,1.158896796634e+03,3.946461022516e+01,2.563638269258e-05
4.992106136736e-03,8.951916233957e+00,1.501332325529e+00,2.319514833200e+06,1.158083655846e+03,3.949232032546e+01,2.550882619442e-05
4.992124711732e-03,8.939004233995e+00,1.496556092573e+00,2.325362470333e+06,1.157269811275e+03,3.952009340008e+01,2.538159929506e-05
4.992143266379e-03,8.926079437594e+00,1.491780635532e+00,2.331232976017e+06,1.156455268138e+03,3.954792945426e+01,2.525470275612e-05
4.992161801035e-03,8.913141597233e+00,1.487005885372e+00,2.337126610127e+06,1.155640011063e+03,3.957582919810e+01,2.512813394517e-05
4.992180315307e-03,8.900190988946e+00,1.482231978562e+00,2.343043379974e+06,1.154824057667e+03,3.960379221402e+01,2.500189573216e-05
4.992198809449e-03,8.887227439406e+00,1.477458905124e+00,2.348983476846e+06,1.154007397250e+03,3.963181905433e+01,2.487598714592e-05
4.992217283361e-03,8.874251019867e+00,1.472686743676e+00,2.354947052745e+06,1.153190034519e+03,3.965990974432e+01,2.475040881408e-05
4.992235737381e-03,8.861261495726e+00,1.467915421955e+00,2.360934304053e+06,1.152371954914e+03,3.968806497267e+01,2.462515879273e-05
4.992254171144e-03,8.848259126423e+00,1.463145050232e+00,2.366945275659e+06,1.151553174991e+03,3.971628435843e+01,2.450023913432e-05
4.992272584741e-03,8.835243851827e+00,1.458375640715e+00,2.372980135512e+06,1.150733691180e+03,3.974456821346e+01,2.437564939106e-05
4.992290978450e-03,8.822215477278e+00,1.453607166767e+00,2.379039102166e+06,1.149913491439e+03,3.977291714400e+01,2.425138814908e-05
4.992309352096e-03,8.809174131119e+00,1.448839729674e+00,2.385122273588e+06,1.149092584061e+03,3.980133105514e+01,2.412745695288e-05
4.992327705576e-03,8.796119888316e+00,1.444073390693e+00,2.391229757117e+06,1.148270973971e+03,3.982980996795e+01,2.400385664794e-05
4.992346039184e-03,8.783052544175e+00,1.439308090098e+00,2.397361782481e+06,1.147448648493e+03,3.985835451468e+01,2.388058521659e-05
4.992364352740e-03,8.769972230892e+00,1.434543901508e+00,2.403518447620e+06,1.146625616155e+03,3.988696459331e+01,2.375764375393e-05
4.992382646468e-03,8.756878790618e+00,1.429780802476e+00,2.409699975461e+06,1.145801867233e+03,3.991564073680e+01,2.363503091075e-05
4.992400920218e-03,8.743772336031e+00,1.425018886006e+00,2.415906439981e+06,1.144977409020e+03,3.994438288711e+01,2.351274837752e-05
4.992419173949e-03,8.730652899579e+00,1.420258218358e+00,2.422138019229e+06,1.144152243755e+03,3.997319116213e+01,2.339079648474e-05
4.992437407833e-03,8.717520362684e+00,1.415498777387e+00,2.428394883219e+06,1.143326364179e+03,4.000206601252e+01,2.326917439498e-05
4.992455621907e-03,8.704374702022e+00,1.410740570784e+00,2.434677213700e+06,1.142499769023e+03,4.003100768122e+01,2.314788154623e-05
4.992473816206e-03,8.691215896508e+00,1.405983624058e+00,2.440985180129e+06,1.141672457162e+03,4.006001640733e+01,2.302691780194e-05
4.992491990555e-03,8.678044078043e+00,1.401228022308e+00,2.447318874078e+06,1.140844437082e+03,4.008909209313e+01,2.290628454965e-05
4.992510145129e-03,8.664859123424e+00,1.396473775761e+00,2.453678494313e+06,1.140015701231e+03,4.011823520450e+01,2.278598126831e-05
4.992528279899e-03,8.651661058690e+00,1.391720945109e+00,2.460064231328e+06,1.139186251434e+03,4.014744587919e+01,2.266600817001e-05
4.992546395011e-03,8.638449782868e+00,1.386969511015e+00,2.466476250580e+06,1.138356081534e+03,4.017672453719e+01,2.254636456954e-05
4.992564490331e-03,8.625225398981e+00,1.382219529471e+00,2.472914689620e+06,1.137525198193e+03,4.020607114749e+01,2.242705101926e-05
4.992582565922e-03,8.611987864917e+00,1.377471021577e+00,2.479379733897e+06,1.136693598949e+03,4.023548600143e+01,2.230806725723e-05
4.992600621789e-03,8.598737183158e+00,1.372724027709e+00,2.485871544315e+06,1.135861284143e+03,4.026496929249e+01,2.218941351428e-05
4.992618658075e-03,8.585473254190e+00,1.367978567227e+00,2.492390324884e+06,1.135028247705e+03,4.029452144244e+01,2.207108943325e-05
4.992636674532e-03,8.572196266329e+00,1.363234756207e+00,2.498936187364e+06,1.134194501639e+03,4.032414223266e+01,2.195309669477e-05
4.992654671536e-03,8.558905947442e+00,1.358492515496e+00,2.505509398272e+06,1.133360029030e+03,4.035383247251e+01,2.183543303957e-05
4.992672648929e-03,8.545602419964e+00,1.353751910251e+00,2.512110092569e+06,1.132524837744e+03,4.038359209220e+01,2.171809922985e-05
4.992690606771e-03,8.532285646082e+00,1.349012963919e+00,2.518738464013e+06,1.131688925580e+03,4.041342138060e+01,2.160109504705e-05
4.992708544792e-03,8.518955832235e+00,1.344275788560e+00,2.525394583766e+06,1.130852305665e+03,4.044332007976e+01,2.148442245647e-05
4.992726463458e-03,8.505612638654e+00,1.339540318606e+00,2.532078780591e+06,1.130014956844e+03,4.047328915778e+01,2.136807904281e-05
4.992744362596e-03,8.492256201030e+00,1.334806654186e+00,2.538791209499e+06,1.129176887797e+03,4.050332851790e+01,2.125206597744e-05
4.992762242272e-03,8.478886474561e+00,1.330074798589e+00,2.545532029769e+06,1.128338095874e+03,4.053343846940e+01,2.113638306933e-05
4.992780102319e-03,8.465503593713e+00,1.325344820371e+00,2.552301381292e+06,1.127498589673e+03,4.056361891844e+01,2.102103112015e-05
4.992797943014e-03,8.452107356054e+00,1.320616685519e+00,2.559099551971e+06,1.126658356656e+03,4.059387053180e+01,2.090600848999e-05
4.992815764259e-03,8.438697843131e+00,1.315890460516e+00,2.565926687992e+06,1.125817402095e+03,4.062419333711e+01,2.079131598791e-05
4.992833566078e-03,8.425275043992e+00,1.311166194191e+00,2.572782961801e+06,1.124975725458e+03,4.065458757160e+01,2.067695403873e-05
4.992851348545e-03,8.411838909604e+00,1.306443924727e+00,2.579668629639e+06,1.124133323822e+03,4.068505356011e+01,2.056292228079e-05
4.992869111575e-03,8.398389513085e+00,1.301723703458e+00,2.586583810809e+06,1.123290201917e+03,4.071559135154e+01,2.044922152919e-05
4.992886855171e-03,8.384926859149e+00,1.297005552403e+00,2.593528712081e+06,1.122446360186e+03,4.074620115049e+01,2.033585152354e-05
4.992904579621e-03,8.371450737327e+00,1.292289433314e+00,2.600503643283e+06,1.121601785583e+03,4.077688365269e+01,2.022281051909e-05
4.992922284569e-03,8.357961426668e+00,1.287575482149e+00,2.607508658937e+06,1.120756495738e+03,4.080763844071e+01,2.011010095433e-05
4.992939970474e-03,8.344458585330e+00,1.282863625018e+00,2.614544126636e+06,1.119910469372e+03,4.083846651319e+01,1.999772026705e-05
4.992957636864e-03,8.330942582876e+00,1.278154046478e+00,2.621610062968e+06,1.119063729777e+03,4.086936724656e+01,1.988567184481e-05
4.992975284056e-03,8.317413184724e+00,1.273446706061e+00,2.628706803889e+06,1.118216262385e+03,4.090034139776e+01,1.977395380440e-05
4.992992912129e-03,8.303870339513e+00,1.268741607438e+00,2.635834564299e+06,1.117368064114e+03,4.093138930738e+01,1.966256569660e-05
4.993010520914e-03,8.290314185812e+00,1.264038827565e+00,2.642993496076e+06,1.116519143770e+03,4.096251088132e+01,1.955150847995e-05
4.993028110505e-03,8.276744659928e+00,1.259338383216e+00,2.650183844089e+06,1.115669497492e+03,4.099370649008e+01,1.944078171899e-05
4.993045680916e-03,8.263161762340e+00,1.254640313551e+00,2.657405821587e+06,1.114819125433e+03,4.102497635821e+01,1.933038550500e-05
4.993063232253e-03,8.249565418673e+00,1.249944645041e+00,2.664659663206e+06,1.113968023060e+03,4.105632088403e+01,1.922031967271e-05
4.993080764421e-03,8.235955713498e+00,1.245251462666e+00,2.671945576617e+06,1.113116195782e+03,4.108774010075e+01,1.911058499328e-05
4.993098277456e-03,8.222332627822e+00,1.240560789552e+00,2.679263762382e+06,1.112263642523e+03,4.111923428119e+01,1.900118145798e-05
4.993115771430e-03,8.208696115764e+00,1.235872632632e+00,2.686614477161e+06,1.111410360525e+03,4.115080376176e+01,1.889210845397e-05
4.993133246472e-03,8.195046088331e+00,1.231186997296e+00,2.693997999662e+06,1.110556344329e+03,4.118244898054e+01,1.878336526030e-05
4.993150702205e-03,8.181382848918e+00,1.226504027233e+00,2.701414392575e+06,1.109701613023e+03,4.121416946627e+01,1.867495436852e-05
4.993168139041e-03,8.167706087581e+00,1.221823655853e+00,2.708864053260e+06,1.108846147322e+03,4.124596617181e+01,1.856687339247e-05
4.993185557052e-03,8.154015756461e+00,1.217145921674e+00,2.716347215595e+06,1.107989944333e+03,4.127783944458e+01,1.845912243550e-05
4.993202955809e-03,8.140312204952e+00,1.212470999931e+00,2.723863968511e+06,1.107133026005e+03,4.130978870704e+01,1.835170424650e-05
4.993220335802e-03,8.126595059504e+00,1.207798789171e+00,2.731414708870e+06,1.106275369069e+03,4.134181506726e+01,1.824461605546e-05
4.993237696840e-03,8.112864479643e+00,1.203129367761e+00,2.738999609331e+06,1.105416983592e+03,4.137391839208e+01,1.813785879891e-05
4.993255038724e-03,8.099120636886e+00,1.198462832967e+00,2.746618818113e+06,1.104557880383e+03,4.140609851928e+01,1.803143384227e-05
4.993272361914e-03,8.085363177876e+00,1.193799105076e+00,2.754272775149e+06,1.103698037440e+03,4.143835651709e+01,1.792533851762e-05
4.993289666385e-03,8.071592134185e+00,1.189138235322e+00,2.761961710269e+06,1.102837456821e+03,4.147069255513e+01,1.781957314972e-05
4.993306951696e-03,8.057807868520e+00,1.184480399712e+00,2.769685648166e+06,1.101976161270e+03,4.150310602459e+01,1.771414091653e-05
4.993324218206e-03,8.044010108977e+00,1.179825562223e+00,2.777445030261e+06,1.101114133868e+03,4.153559780851e+01,1.760903977939e-05
4.993341466071e-03,8.030198741855e+00,1.175173714918e+00,2.785240141737e+06,1.100251367583e+03,4.156816842145e+01,1.750426900153e-05
4.993358695125e-03,8.016373912974e+00,1.170524932151e+00,2.793071170871e+06,1.099387871595e+03,4.160081776734e+01,1.739982943961e-05
4.993375905155e-03,8.002535807500e+00,1.165879314219e+00,2.800938276769e+06,1.098523657531e+03,4.163354565621e+01,1.729572247376e-05
4.993393096782e-03,7.988683939061e+00,1.161236738792e+00,2.808841998904e+06,1.097658695080e+03,4.166635348843e+01,1.719194450682e-05
4.993410269376e-03,7.974818828130e+00,1.156597421342e+00,2.816782305937e+06,1.096793016800e+03,4.169924028238e+01,1.708849949689e-05
4.993427423475e-03,7.960940054430e+00,1.151961268997e+00,2.824759695000e+06,1.095926596507e+03,4.173220728680e+01,1.698538452990e-05
4.993444558781e-03,7.947047874159e+00,1.147328423433e+00,2.832774298513e+06,1.095059450244e+03,4.176525414713e+01,1.688260173438e-05
4.993461675358e-03,7.933142247994e+00,1.142698914127e+00,2.840826418081e+06,1.094191575602e+03,4.179838121104e+01,1.678015085316e-05
4.993478773356e-03,7.919223070069e+00,1.138072732180e+00,2.848916375742e+06,1.093322966017e+03,4.183158898692e+01,1.667803103118e-05
4.993495852785e-03,7.905290345610e+00,1.133449912592e+00,2.857044463380e+06,1.092453621857e+03,4.186487772018e+01,1.657624215224e-05
4.993512913419e-03,7.891344274782e+00,1.128830563243e+00,2.865210847017e+06,1.091583555646e+03,4.189824719072e+01,1.647478572104e-05
4.993529955697e-03,7.877384513074e+00,1.124214611649e+00,2.873416014632e+06,1.090712745926e+03,4.193169848300e+01,1.637365927818e-05
4.993546979203e-03,7.863411417063e+00,1.119602217421e+00,2.881660045925e+06,1.089841214969e+03,4.196523100399e+01,1.627286545135e-05
4.993563984356e-03,7.849424658644e+00,1.114993324825e+00,2.889943407097e+06,1.088968942335e+03,4.199884580363e+01,1.617240218210e-05
4.993580970669e-03,7.835424653481e+00,1.110388126806e+00,2.898266178770e+06,1.088095953968e+03,4.203254214640e+01,1.607227251807e-05
4.993597938772e-03,7.821410899768e+00,1.105786492756e+00,2.906628932020e+06,1.087222218591e+03,4.206632150536e+01,1.597247294224e-05
4.993614888203e-03,7.807383793580e+00,1.101188580465e+00,2.915031740251e+06,1.086347760915e+03,4.210018319291e+01,1.587300606480e-05
4.993631819268e-03,7.793343099683e+00,1.096594351405e+00,2.923475055875e+06,1.085472566284e+03,4.213412804450e+01,1.577387016350e-05
4.993648731919e-03,7.779288873861e+00,1.092003866051e+00,2.931959154332e+06,1.084596638181e+03,4.216815619516e+01,1.567506566962e-05
4.993665625860e-03,7.765221379372e+00,1.087417252517e+00,2.940484188107e+06,1.083719993015e+03,4.220226727702e+01,1.557659445569e-05
4.993682501759e-03,7.751140077217e+00,1.082834377430e+00,2.949050799492e+06,1.082842597196e+03,4.223646286947e+01,1.547845278088e-05
4.993699359095e-03,7.737045419659e+00,1.078255440110e+00,2.957659014376e+06,1.081964478899e+03,4.227074214847e+01,1.538064406429e-05
4.993716198061e-03,7.722937263684e+00,1.073680449990e+00,2.966309269530e+06,1.081085629200e+03,4.230510573586e+01,1.528316737950e-05
4.993733018615e-03,7.708815661913e+00,1.069109460830e+00,2.975001837714e+06,1.080206051362e+03,4.233955377940e+01,1.518602313380e-05
4.993749820955e-03,7.694680465866e+00,1.064542453547e+00,2.983737143869e+06,1.079325736118e+03,4.237408691909e+01,1.508921011296e-05
4.993766604870e-03,7.680531872357e+00,1.059979530443e+00,2.992515407260e+06,1.078444695700e+03,4.240870495306e+01,1.499272958842e-05
4.993783370613e-03,7.666369687237e+00,1.055420671666e+00,3.001337085287e+06,1.077562917993e+03,4.244340863670e+01,1.489658025384e-05
4.993800118019e-03,7.652194067936e+00,1.050865970747e+00,3.010202420720e+06,1.076680412767e+03,4.247819786625e+01,1.480076319533e-05
4.993816847202e-03,7.638004937910e+00,1.046315445964e+00,3.019111805836e+06,1.075797175221e+03,4.251307311255e+01,1.470527790738e-05
4.993833558011e-03,7.623802445117e+00,1.041769190865e+00,3.028065489408e+06,1.074913214524e+03,4.254803429601e+01,1.461012546825e-05
4.993850250784e-03,7.609586321374e+00,1.037227175501e+00,3.037063985565e+06,1.074028513938e+03,4.258308236300e+01,1.451530430515e-05
4.993866925350e-03,7.595356732896e+00,1.032689502504e+00,3.046107570260e+06,1.073143083758e+03,4.261821719207e+01,1.442081550921e-05
4.993883581762e-03,7.581113655035e+00,1.028156194176e+00,3.055196588703e+06,1.072256922395e+03,4.265343913305e+01,1.432665888428e-05
4.993900219930e-03,7.566857183986e+00,1.023627314617e+00,3.064331363070e+06,1.071370035776e+03,4.268874823810e+01,1.423283483788e-05
4.993916840002e-03,7.552587215401e+00,1.019102873927e+00,3.073512328456e+06,1.070482417345e+03,4.272414505726e+01,1.413934268220e-05
4.993933441912e-03,7.538303826960e+00,1.014582940073e+00,3.082739807386e+06,1.069594071867e+03,4.275962969108e+01,1.404618292464e-05
4.993950025825e-03,7.524006898125e+00,1.010067518344e+00,3.092014254631e+06,1.068704991772e+03,4.279520273407e+01,1.395335477761e-05
4.993966591511e-03,7.509696648178e+00,1.005556721440e+00,3.101335908799e+06,1.067815190619e+03,4.283086393659e+01,1.386085965766e-05
4.993983139425e-03,7.495372706725e+00,1.001050479935e+00,3.110705389102e+06,1.066924645298e+03,4.286661452012e+01,1.376869525404e-05
4.993999668974e-03,7.481035609634e+00,9.965490180273e-01,3.120122731762e+06,1.066033389035e+03,4.290245344623e+01,1.367686517993e-05
4.994016180702e-03,7.466684907716e+00,9.920522427370e-01,3.129588643980e+06,1.065141393814e+03,4.293838213791e+01,1.358536652048e-05
4.994032674393e-03,7.452320810529e+00,9.875602512841e-01,3.139103361063e+06,1.064248672564e+03,4.297440037360e+01,1.349420054592e-05
4.994049150219e-03,7.437943191210e+00,9.830730393929e-01,3.148667388316e+06,1.063355217300e+03,4.301050877560e+01,1.340336624460e-05
4.994065607796e-03,7.423552410628e+00,9.785907633813e-01,3.158280893084e+06,1.062461050338e+03,4.304670674201e+01,1.331286587097e-05
4.994082047693e-03,7.409147993059e+00,9.741133189046e-01,3.167944605684e+06,1.061566142009e+03,4.308299577610e+01,1.322269641118e-05
4.994098469619e-03,7.394730217459e+00,9.696408366928e-01,3.177658756995e+06,1.060670509529e+03,4.311937548460e+01,1.313285959604e-05
4.994114873677e-03,7.380299019040e+00,9.651733405828e-01,3.187423812821e+06,1.059774148751e+03,4.315584634079e+01,1.304335499554e-05
4.994131259619e-03,7.365854639965e+00,9.607109494116e-01,3.197240035762e+06,1.058877074589e+03,4.319240804310e+01,1.295418407598e-05
4.994147627987e-03,7.351396626746e+00,9.562535761394e-01,3.207108146246e+06,1.057979258746e+03,4.322906205274e+01,1.286534421055e-05
4.994163978469e-03,7.336925281175e+00,9.518013692070e-01,3.217028408355e+06,1.057080719828e+03,4.326580792055e+01,1.277683724895e-05
4.994180311114e-03,7.322440584887e+00,9.473543602124e-01,3.227001248518e+06,1.056181456552e+03,4.330264600907e+01,1.268866306026e-05
4.994196625898e-03,7.307942583949e+00,9.429125960834e-01,3.237027092604e+06,1.055281471627e+03,4.333957651857e+01,1.260082168944e-05
4.994212922820e-03,7.293431307718e+00,9.384761276480e-01,3.247106377592e+06,1.054380766723e+03,4.337659969291e+01,1.251331321810e-05
4.994229202200e-03,7.278906496162e+00,9.340449197396e-01,3.257239742463e+06,1.053479325543e+03,4.341371651726e+01,1.242613604112e-05
4.994245463593e-03,7.264368573562e+00,9.296191460859e-01,3.267427354383e+06,1.052577174255e+03,4.345092622989e+01,1.233929265970e-05
4.994261707521e-03,7.249817100483e+00,9.251987172565e-01,3.277669990044e+06,1.051674285421e+03,4.348823027981e+01,1.225278040245e-05
4.994277933618e-03,7.235252431081e+00,9.207837852789e-01,3.287967874881e+06,1.050770680841e+03,4.352562808568e+01,1.216660133012e-05
4.994294141987e-03,7.220674501480e+00,9.163743750867e-01,3.298321533329e+06,1.049866356373e+03,4.356312013805e+01,1.208075500625e-05
4.994310332634e-03,7.206083334606e+00,9.119705441281e-01,3.308731419754e+06,1.048961313251e+03,4.360070670649e+01,1.199524164084e-05
4.994326505909e-03,7.191478643599e+00,9.075722607225e-01,3.319198247708e+06,1.048055533492e+03,4.363838886194e+01,1.191005957611e-05
4.994342661212e-03,7.176860997200e+00,9.031797385535e-01,3.329722097971e+06,1.047149052171e+03,4.367616546900e+01,1.182521206891e-05
4.994358799149e-03,7.162229877689e+00,8.987928560446e-01,3.340303841694e+06,1.046241836981e+03,4.371403819910e+01,1.174069592425e-05
4.994374919436e-03,7.147585570816e+00,8.944117392800e-01,3.350943792148e+06,1.045333905431e+03,4.375200664933e+01,1.165651264190e-05
4.994391022146e-03,7.132928041027e+00,8.900364221695e-01,3.361642490039e+06,1.044425255103e+03,4.379007124886e+01,1.157266194734e-05
4.994407107323e-03,7.118257276934e+00,8.856669459130e-01,3.372400465071e+06,1.043515885071e+03,4.382823236640e+01,1.148914370511e-05
4.994423174811e-03,7.103573451620e+00,8.813034065994e-01,3.383218117387e+06,1.042605805838e+03,4.386648989166e+01,1.140595882217e-05
4.994439224983e-03,7.088876256179e+00,8.769457571107e-01,3.394096208622e+06,1.041694998026e+03,4.390484497215e+01,1.132310547418e-05
4.994455257686e-03,7.074165859088e+00,8.725940922056e-01,3.405035155323e+06,1.040783471841e+03,4.394329751364e+01,1.124058454036e-05
4.994471272673e-03,7.059442519839e+00,8.682485332005e-01,3.416035310569e+06,1.039871243117e+03,4.398184718240e+01,1.115839738696e-05
4.994487270401e-03,7.044705850591e+00,8.639090151873e-01,3.427097505030e+06,1.038958287574e+03,4.402049534121e+01,1.107654186585e-05
4.994503250741e-03,7.029956000369e+00,8.595756362738e-01,3.438222199230e+06,1.038044614190e+03,4.405924195001e+01,1.099501880884e-05
4.994519213622e-03,7.015193067860e+00,8.552484696751e-01,3.449409884019e+06,1.037130228818e+03,4.409808710065e+01,1.091382866940e-05
4.994535158896e-03,7.000417221920e+00,8.509275999477e-01,3.460660995461e+06,1.036215141645e+03,4.413703070009e+01,1.083297217922e-05
4.994551086973e-03,6.985628117682e+00,8.466129664301e-01,3.471976388718e+06,1.035299331040e+03,4.417607401164e+01,1.075244725880e-05
4.994566997646e-03,6.970825978346e+00,8.423046790982e-01,3.483356481651e+06,1.034382810544e+03,4.421521680313e+01,1.067225502998e-05
4.994582891028e-03,6.956010732725e+00,8.380027620199e-01,3.494801924273e+06,1.033465575466e+03,4.425445962090e+01,1.059239500603e-05
4.994598767054e-03,6.941182476779e+00,8.337072878479e-01,3.506313245107e+06,1.032547631452e+03,4.429380257066e+01,1.051286760024e-05
4.994614625772e-03,6.926341198796e+00,8.294182979491e-01,3.517891063072e+06,1.031628977480e+03,4.433324604482e+01,1.043367264089e-05
4.994630467260e-03,6.911486860981e+00,8.251358262097e-01,3.529536025423e+06,1.030709610905e+03,4.437279050749e+01,1.035480981737e-05
4.994646291260e-03,6.896619740052e+00,8.208599970818e-01,3.541248539632e+06,1.029789548541e+03,4.441243558611e+01,1.027628047899e-05
4.994662098284e-03,6.881739391362e+00,8.165907274973e-01,3.553029589118e+06,1.028868762553e+03,4.445218283362e+01,1.019808216212e-05
4.994677887903e-03,6.866846253522e+00,8.123281908596e-01,3.564879460260e+06,1.027947279759e+03,4.449203144779e+01,1.012021711060e-05
4.994693660479e-03,6.851940021197e+00,8.080723528745e-01,3.576799042489e+06,1.027025080936e+03,4.453198261610e+01,1.004268371331e-05
4.994709415813e-03,6.837020919478e+00,8.038233254263e-01,3.588788827858e+06,1.026102179672e+03,4.457203610838e+01,9.965483010743e-06
4.994725153763e-03,6.822089119185e+00,7.995811932657e-01,3.600849321651e+06,1.025178586189e+03,4.461219183854e+01,9.888615700332e-06
4.994740874839e-03,6.807144173147e+00,7.953458684724e-01,3.612981574585e+06,1.024254272477e+03,4.465245138564e+01,9.812079234983e-06
4.994756578557e-03,6.792186581100e+00,7.911175374503e-01,3.625185862986e+06,1.023329269087e+03,4.469281378171e+01,9.735876040283e-06
4.994772265319e-03,6.777215996460e+00,7.868961469173e-01,3.637463159602e+06,1.022403554222e+03,4.473328034130e+01,9.660004209387e-06
4.994787934995e-03,6.762232581473e+00,7.826817874443e-01,3.649814031246e+06,1.021477137545e+03,4.477385100855e+01,9.584464428414e-06
4.994803587371e-03,6.747236580098e+00,7.784745722018e-01,3.662238983587e+06,1.020550033761e+03,4.481452550494e+01,9.509257773995e-06
4.994819222922e-03,6.732227575748e+00,7.742744289896e-01,3.674739078645e+06,1.019622216733e+03,4.485530534585e+01,9.434382008292e-06
4.994834841251e-03,6.717205989596e+00,7.700815203648e-01,3.687314691754e+06,1.018693712104e+03,4.489618977446e+01,9.359839082139e-06
4.994850442738e-03,6.702171496246e+00,7.658958001349e-01,3.699966830367e+06,1.017764499365e+03,4.493718006552e+01,9.285627225080e-06
4.994866027053e-03,6.687124452522e+00,7.617174122533e-01,3.712695938682e+06,1.016834600166e+03,4.497827563723e+01,9.211748039628e-06
4.994881594455e-03,6.672064649878e+00,7.575463433316e-01,3.725502946491e+06,1.015904001205e+03,4.501947745139e+01,9.138200335899e-06
4.994897145042e-03,6.656992034305e+00,7.533826274433e-01,3.738388651157e+06,1.014972698729e+03,4.506078605211e+01,9.064983776393e-06
4.994912678442e-03,6.641907006916e+00,7.492264269589e-01,3.751353497373e+06,1.014040717096e+03,4.510220073618e+01,8.992100185018e-06
4.994928194957e-03,6.626809316901e+00,7.450777154983e-01,3.764398474731e+06,1.013108040377e+03,4.514372258947e+01,8.919548168560e-06
4.994943694534e-03,6.611699057736e+00,7.409365559309e-01,3.777524293300e+06,1.012174673907e+03,4.518535175558e+01,8.847327917682e-06
4.994959177348e-03,6.596576100616e+00,7.368029545710e-01,3.790731877991e+06,1.011240609285e+03,4.522708899261e+01,8.775438584253e-06
4.994974643180e-03,6.581440703102e+00,7.326770262169e-01,3.804021817851e+06,1.010305861965e+03,4.526893399431e+01,8.703881209494e-06
4.994990092210e-03,6.566292731729e+00,7.285587787852e-01,3.817395054158e+06,1.009370423244e+03,4.531088753569e+01,8.632654972778e-06
4.995005524401e-03,6.551132267197e+00,7.244482785411e-01,3.830852351071e+06,1.008434297638e+03,4.535294980197e+01,8.561760063940e-06
4.995020939694e-03,6.535959409453e+00,7.203455967706e-01,3.844394465353e+06,1.007497490844e+03,4.539512092558e+01,8.491196752232e-06
4.995036338210e-03,6.520774085792e+00,7.162507579683e-01,3.858022318545e+06,1.006559997890e+03,4.543740152050e+01,8.420964498487e-06
4.995051719897e-03,6.505576391883e+00,7.121638320724e-01,3.871736692753e+06,1.005621824193e+03,4.547979173443e+01,8.351063541715e-06
4.995067085044e-03,6.490366087042e+00,7.080847985936e-01,3.885538685700e+06,1.004682954400e+03,4.552229265629e+01,8.281492574909e-06
4.995082433200e-03,6.475143662127e+00,7.040138331978e-01,3.899428742862e+06,1.003743418307e+03,4.556490333259e+01,8.212253631996e-06
4.995097764669e-03,6.459908862688e+00,6.999509116740e-01,3.913407997874e+06,1.002803199695e+03,4.560762489434e+01,8.143345333801e-06
4.995113079497e-03,6.444661689208e+00,6.958960781606e-01,3.927477365562e+06,1.001862298078e+03,4.565045776324e+01,8.074767468159e-06
4.995128377594e-03,6.429402278172e+00,6.918494128622e-01,3.941637646751e+06,1.000920721349e+03,4.569340198047e+01,8.006520428071e-06
4.995143659005e-03,6.414130630794e+00,6.878109635630e-01,3.955889765979e+06,9.999784690303e+02,4.573645796945e+01,7.938604059935e-06
4.995158923719e-03,6.398846807036e+00,6.837807956525e-01,3.970234632799e+06,9.990355442609e+02,4.577962598991e+01,7.871018434650e-06
4.995174171931e-03,6.383550658340e+00,6.797589121337e-01,3.984673341737e+06,9.980919372907e+02,4.582290689426e+01,7.803762665458e-06
4.995189403494e-03,6.368242379554e+00,6.757454020320e-01,3.999206685451e+06,9.971476595096e+02,4.586630056787e+01,7.736837307949e-06
4.995204618175e-03,6.352922255921e+00,6.717403813044e-01,4.013835388383e+06,9.962027278743e+02,4.590980663764e+01,7.670243316224e-06
4.995219816591e-03,6.337589713321e+00,6.677437434296e-01,4.028561001690e+06,9.952571063323e+02,4.595342717406e+01,7.603977951118e-06
4.995234998292e-03,6.322245256628e+00,6.637556636172e-01,4.043384057721e+06,9.943108253757e+02,4.599716118396e+01,7.538043151770e-06
4.995250163600e-03,6.306888608297e+00,6.597761131324e-01,4.058305854342e+06,9.933638672353e+02,4.604100990227e+01,7.472437472455e-06
4.995265312225e-03,6.291520113456e+00,6.558052247057e-01,4.073327099863e+06,9.924162525348e+02,4.608497278941e+01,7.407162129576e-06
4.995280444287e-03,6.276139701391e+00,6.518430231188e-01,4.088448919624e+06,9.914679762479e+02,4.612905049393e+01,7.342216552979e-06
4.995295559976e-03,6.260747229832e+00,6.478895148983e-01,4.103672525971e+06,9.905190289329e+02,4.617324387403e+01,7.277599877630e-06
4.995310659160e-03,6.245342883748e+00,6.439447906724e-01,4.118998823069e+06,9.895694213180e+02,4.621755285133e+01,7.213312612335e-06
4.995325741952e-03,6.229926600453e+00,6.400088773576e-01,4.134428974803e+06,9.886191488567e+02,4.626197806046e+01,7.149354221043e-06
4.995340808055e-03,6.214498735897e+00,6.360819085277e-01,4.149963739763e+06,9.876682328009e+02,4.630651893024e+01,7.085725893465e-06
4.995355857938e-03,6.199058862319e+00,6.321638180139e-01,4.165604679735e+06,9.867166460904e+02,4.635117715336e+01,7.022425578901e-06
4.995370891422e-03,6.183607215563e+00,6.282547084839e-01,4.181352704252e+06,9.857644025623e+02,4.639595250958e+01,6.959453962433e-06
4.995385908468e-03,6.168143890115e+00,6.243546463544e-01,4.197208879236e+06,9.848115073332e+02,4.644084518696e+01,6.896811133417e-06
4.995400909054e-03,6.152668961783e+00,6.204636930757e-01,4.213174304362e+06,9.838579643614e+02,4.648585542858e+01,6.834497095095e-06
4.995415893566e-03,6.137182088323e+00,6.165818050752e-01,4.229250528951e+06,9.829037518415e+02,4.653098469784e+01,6.772510172497e-06
4.995430861428e-03,6.121683917065e+00,6.127091868007e-01,4.245438091933e+06,9.819489089338e+02,4.657623157659e+01,6.710852646892e-06
4.995445813117e-03,6.106174010848e+00,6.088457746844e-01,4.261738661087e+06,9.809934079731e+02,4.662159781025e+01,6.649522524195e-06
4.995460748378e-03,6.090652690256e+00,6.049916948353e-01,4.278153167954e+06,9.800372679719e+02,4.666708293396e+01,6.588520763592e-06
4.995475667673e-03,6.075119528901e+00,6.011468802021e-01,4.294683305234e+06,9.790804619217e+02,4.671268867372e+01,6.527845371661e-06
4.995490570324e-03,6.059575289925e+00,5.973115569901e-01,4.311329551048e+06,9.781230360808e+02,4.675841326527e+01,6.467498934047e-06
4.995505457055e-03,6.044019275421e+00,5.934855939377e-01,4.328093952683e+06,9.771649467072e+02,4.680425924015e+01,6.407478395506e-06
4.995520327322e-03,6.028452110695e+00,5.896691864121e-01,4.344977152840e+06,9.762062315527e+02,4.685022523741e+01,6.347785834219e-06
4.995535181464e-03,6.012873497655e+00,5.858623025924e-01,4.361980807681e+06,9.752468714907e+02,4.689631261926e+01,6.288419759304e-06
4.995550019391e-03,5.997283589300e+00,5.820650211684e-01,4.379106103706e+06,9.742868751699e+02,4.694252141905e+01,6.229380408538e-06
4.995564841267e-03,5.981682270980e+00,5.782773554191e-01,4.396354539734e+06,9.733262347508e+02,4.698885246515e+01,6.170666998839e-06
4.995579646778e-03,5.966069932699e+00,5.744994409364e-01,4.413727075184e+06,9.723649734609e+02,4.703530508836e+01,6.112280637117e-06
4.995594436231e-03,5.950446308630e+00,5.707312541295e-01,4.431225415711e+06,9.714030741396e+02,4.708188057041e+01,6.054219961860e-06
4.995609209613e-03,5.934811473355e+00,5.669728537967e-01,4.448850910038e+06,9.704405405804e+02,4.712857918427e+01,5.996484886907e-06
4.995623966813e-03,5.919165603060e+00,5.632243228338e-01,4.466604810600e+06,9.694773828243e+02,4.717540089973e+01,5.939075688772e-06
4.995638708017e-03,5.903508560920e+00,5.594856688797e-01,4.484488744818e+06,9.685135916367e+02,4.722234662483e+01,5.881991487342e-06
4.995653433020e-03,5.887840625404e+00,5.557569986568e-01,4.502503887245e+06,9.675491833406e+02,4.726941602490e+01,5.825232912633e-06
4.995668142106e-03,5.872161557302e+00,5.520382953518e-01,4.520652027319e+06,9.665841423872e+02,4.731661032141e+01,5.768798709046e-06
4.995682835102e-03,5.856471599492e+00,5.483296565929e-01,4.538934420803e+06,9.656184828950e+02,4.736392928909e+01,5.712689359056e-06
4.995697512067e-03,5.840770752622e+00,5.446311222720e-01,4.557352624443e+06,9.646522040658e+02,4.741137343258e+01,5.656904462558e-06
4.995712173001e-03,5.825059077586e+00,5.409427463356e-01,4.575908146973e+06,9.636853088030e+02,4.745894307689e+01,5.601443828937e-06
4.995726818114e-03,5.809336413293e+00,5.372645305498e-01,4.594602783488e+06,9.627177863433e+02,4.750663922267e+01,5.546306483212e-06
4.995741446965e-03,5.793603296928e+00,5.335966397743e-01,4.613437520519e+06,9.617496688857e+02,4.755446075291e+01,5.491493887843e-06
4.995756060089e-03,5.777859214906e+00,5.299389933518e-01,4.632414622382e+06,9.607809239633e+02,4.760240974405e+01,5.437003828843e-06
4.995770657283e-03,5.762104450629e+00,5.262916962793e-01,4.651535424180e+06,9.598115681452e+02,4.765048585349e+01,5.382836867190e-06
4.995785238383e-03,5.746339244809e+00,5.226548429318e-01,4.670801330476e+06,9.588416153646e+02,4.769868886553e+01,5.328993390955e-06
4.995799803891e-03,5.730563118436e+00,5.190283615276e-01,4.690214651631e+06,9.578710352679e+02,4.774702076883e+01,5.275471329445e-06
4.995814353176e-03,5.714776822091e+00,5.154124630063e-01,4.709776212377e+06,9.568998731425e+02,4.779547978860e+01,5.222272782888e-06
4.995828886852e-03,5.698979753961e+00,5.118070477005e-01,4.729488531914e+06,9.559280910689e+02,4.784406829866e+01,5.169395269509e-06
4.995843404641e-03,5.683172282150e+00,5.082122378737e-01,4.749352953985e+06,9.549557107898e+02,4.789278569851e+01,5.116839572430e-06
4.995857906483e-03,5.667354536925e+00,5.046281017387e-01,4.769371135593e+06,9.539827394086e+02,4.794163211693e+01,5.064605670312e-06
4.995872392655e-03,5.651526284658e+00,5.010546264206e-01,4.789545225936e+06,9.530091616386e+02,4.799060880976e+01,5.012692348584e-06
4.995886862834e-03,5.635687943871e+00,4.974919444459e-01,4.809876579005e+06,9.520350023002e+02,4.803971501782e+01,4.961100502572e-06
4.995901317371e-03,5.619839198101e+00,4.939400193814e-01,4.830367500541e+06,9.510602409997e+02,4.808895226033e+01,4.909828603703e-06
4.995915756262e-03,5.603980119461e+00,4.903989031335e-01,4.851019847463e+06,9.500848812381e+02,4.813832085683e+01,4.858876382909e-06
4.995930179149e-03,5.588111168637e+00,4.868687353390e-01,4.871834985244e+06,9.491089504057e+02,4.818781991498e+01,4.808244823065e-06
4.995944586606e-03,5.572231783822e+00,4.833494277393e-01,4.892815647960e+06,9.481324130034e+02,4.823745173315e+01,4.757931634644e-06
4.995958978202e-03,5.556342506798e+00,4.798411370129e-01,4.913963148424e+06,9.471553013949e+02,4.828721516738e+01,4.707938034750e-06
4.995973353986e-03,5.540443354456e+00,4.763439029087e-01,4.935279517948e+06,9.461776156563e+02,4.833711071212e+01,4.658263556383e-06
4.995987714254e-03,5.524534067827e+00,4.728577045463e-01,4.956767192620e+06,9.451993388951e+02,4.838713973303e+01,4.608906874919e-06
4.996002058881e-03,5.508614856348e+00,4.693826238223e-01,4.978428011856e+06,9.442204830155e+02,4.843730212824e+01,4.559868123251e-06
4.996016387813e-03,5.492685850014e+00,4.659187246930e-01,5.000263950465e+06,9.432410550298e+02,4.848759804490e+01,4.511147171066e-06
4.996030701008e-03,5.476747165890e+00,4.624660678506e-01,5.022277030647e+06,9.422610611476e+02,4.853802767111e+01,4.462743834809e-06
4.996044998877e-03,5.460798417543e+00,4.590246049013e-01,5.044470006731e+06,9.412804766154e+02,4.858859279321e+01,4.414656404632e-06
4.996059280874e-03,5.444840284078e+00,4.555945173216e-01,5.066844185966e+06,9.402993421864e+02,4.863929182232e+01,4.366886379547e-06
4.996073547477e-03,5.428872304738e+00,4.521757406792e-01,5.089402499725e+06,9.393176285250e+02,4.869012678772e+01,4.319431821688e-06
4.996087798416e-03,5.412894853513e+00,4.487683895758e-01,5.112146742677e+06,9.383353576108e+02,4.874109706848e+01,4.272293283365e-06
4.996102033957e-03,5.396907704446e+00,4.453724500856e-01,5.135079594742e+06,9.373525145323e+02,4.879220395710e+01,4.225469531046e-06
4.996116253840e-03,5.380911222324e+00,4.419880336876e-01,5.158202927003e+06,9.363691206892e+02,4.884344686116e+01,4.178961058636e-06
4.996130458377e-03,5.364905128508e+00,4.386151151838e-01,5.181519574075e+06,9.353851579191e+02,4.889482724955e+01,4.132766475406e-06
4.996144647108e-03,5.348890016046e+00,4.352538528853e-01,5.205031138884e+06,9.344006616396e+02,4.894634379516e+01,4.086886899410e-06
4.996158820735e-03,5.332865165755e+00,4.319041291329e-01,5.228741185760e+06,9.334155865948e+02,4.899799939280e+01,4.041319677348e-06
4.996172978614e-03,5.316831379742e+00,4.285661446559e-01,5.252651075982e+06,9.324299810398e+02,4.904979204092e+01,3.996066491202e-06
4.996187121358e-03,5.300788038358e+00,4.252398032004e-01,5.276764320547e+06,9.314438058262e+02,4.910172432682e+01,3.951124984331e-06
4.996201248504e-03,5.284735742504e+00,4.219252619287e-01,5.301082645954e+06,9.304570968265e+02,4.915379489481e+01,3.906496228996e-06
4.996215360054e-03,5.268674563452e+00,4.186225674105e-01,5.325608607165e+06,9.294698573501e+02,4.920600409977e+01,3.862179788744e-06
4.996229456606e-03,5.252603898305e+00,4.153316277965e-01,5.350345839221e+06,9.284820492617e+02,4.925835449662e+01,3.818173377953e-06
4.996243537609e-03,5.236524448394e+00,4.120526185839e-01,5.375296020181e+06,9.274937145864e+02,4.931084439844e+01,3.774478288549e-06
4.996257603249e-03,5.220436079478e+00,4.087855436098e-01,5.400462153099e+06,9.265048439833e+02,4.936347483885e+01,3.731093506452e-06
4.996271653451e-03,5.204338952743e+00,4.055304666124e-01,5.425846826465e+06,9.255154462635e+02,4.941624588929e+01,3.688018812605e-06
4.996285688599e-03,5.188232705131e+00,4.022873451778e-01,5.451453503630e+06,9.245254980102e+02,4.946915934444e+01,3.645252584246e-06
4.996299708201e-03,5.172117977965e+00,3.990563390260e-01,5.477284099616e+06,9.235350375335e+02,4.952221370256e+01,3.602795861044e-06
4.996313712637e-03,5.155994413110e+00,3.958374065052e-01,5.503342167688e+06,9.225440417069e+02,4.957541074861e+01,3.560647024120e-06
4.996327701798e-03,5.139862213157e+00,3.926306181477e-01,5.529630412056e+06,9.215525218620e+02,4.962875042537e+01,3.518805928449e-06
4.996341675559e-03,5.123721600098e+00,3.894360476218e-01,5.556151546614e+06,9.205604905166e+02,4.968223260921e+01,3.477272459002e-06
4.996355634195e-03,5.107572334107e+00,3.862536768262e-01,5.582909093087e+06,9.195679317985e+02,4.973585870905e+01,3.436045304670e-06
4.996369577735e-03,5.091414460030e+00,3.830835439341e-01,5.609906160857e+06,9.185748473258e+02,4.978962919608e+01,3.395123887809e-06
4.996383505904e-03,5.075248377216e+00,3.799257560559e-01,5.637145312849e+06,9.175812604990e+02,4.984354336037e+01,3.354508510844e-06
4.996397418987e-03,5.059073831477e+00,3.767802919597e-01,5.664630260025e+06,9.165871545456e+02,4.989760267089e+01,3.314197817899e-06
4.996411316755e-03,5.042891169866e+00,3.736472472771e-01,5.692363749566e+06,9.155925496401e+02,4.995180659169e+01,3.274191950110e-06
4.996425199578e-03,5.026700042035e+00,3.705265821126e-01,5.720349775870e+06,9.145974230881e+02,5.000615692411e+01,3.234489313671e-06
4.996439067011e-03,5.010501044907e+00,3.674184390311e-01,5.748590754915e+06,9.136018104103e+02,5.006065229329e+01,3.195090633531e-06
4.996452919522e-03,4.994293713925e+00,3.643227560887e-01,5.777091001169e+06,9.126056818813e+02,5.011529489338e+01,3.155994033273e-06
4.996466756906e-03,4.978078367654e+00,3.612396212322e-01,5.805853522046e+06,9.116090559022e+02,5.017008428706e+01,3.117199534878e-06
4.996480579168e-03,4.961855082042e+00,3.581690754403e-01,5.834881804904e+06,9.106119359569e+02,5.022502085395e+01,3.078706558143e-06
4.996494386205e-03,4.945624059173e+00,3.551111830367e-01,5.864179167829e+06,9.096143332763e+02,5.028010454673e+01,3.040514808616e-06
4.996508178437e-03,4.929384886469e+00,3.520658923336e-01,5.893750103022e+06,9.086162213073e+02,5.033533740878e+01,3.002622543487e-06
4.996521955582e-03,4.913137976847e+00,3.490333065776e-01,5.923597671417e+06,9.076176242282e+02,5.039071868281e+01,2.965029949966e-06
4.996535717548e-03,4.896883521061e+00,3.460134864375e-01,5.953725390425e+06,9.066185525581e+02,5.044624836283e+01,2.927736671917e-06
4.996549464655e-03,4.880621223737e+00,3.430064019522e-01,5.984137745283e+06,9.056189869307e+02,5.050192810725e+01,2.890741232760e-06
4.996563196732e-03,4.864351367356e+00,3.400121300524e-01,6.014838214929e+06,9.046189434922e+02,5.055775760234e+01,2.854043472351e-06
4.996576913812e-03,4.848073996589e+00,3.370307031388e-01,6.045830786372e+06,9.036184237668e+02,5.061373734846e+01,2.817642675271e-06
4.996590615970e-03,4.831789105928e+00,3.340621441033e-01,6.077119612671e+06,9.026174261893e+02,5.066986802174e+01,2.781538007530e-06
4.996604303164e-03,4.815496826570e+00,3.311065004136e-01,6.108708655205e+06,9.016159575922e+02,5.072614982970e+01,2.745728930497e-06
4.996617975465e-03,4.799197158690e+00,3.281637952946e-01,6.140602199335e+06,9.006140167493e+02,5.078258343396e+01,2.710214607017e-06
4.996631632847e-03,4.782890214782e+00,3.252340718984e-01,6.172804384810e+06,8.996116093341e+02,5.083916910996e+01,2.674994437050e-06
4.996645275251e-03,4.766576149318e+00,3.223173803407e-01,6.205319338743e+06,8.986087435955e+02,5.089590698752e+01,2.640067897351e-06
4.996658902918e-03,4.750254758782e+00,3.194137063885e-01,6.238151979579e+06,8.976054057715e+02,5.095279844493e+01,2.605433692181e-06
4.996672515659e-03,4.733926352268e+00,3.165231268258e-01,6.271306277456e+06,8.966016136068e+02,5.100984307807e+01,2.571091609855e-06
4.996686113310e-03,4.717591212057e+00,3.136457126649e-01,6.304786320617e+06,8.955973831946e+02,5.106704057115e+01,2.537041356193e-06
4.996699696769e-03,4.701248341679e+00,3.107813097654e-01,6.338598913694e+06,8.945926520089e+02,5.112439509630e+01,2.503279980701e-06
4.996713264780e-03,4.684899337622e+00,3.079302185517e-01,6.372745588644e+06,8.935875169289e+02,5.118190173064e+01,2.469809887338e-06
4.996726818368e-03,4.668543050221e+00,3.050922584721e-01,6.407233659595e+06,8.925819059997e+02,5.123956519677e+01,2.436627811653e-06
4.996740356852e-03,4.652180384209e+00,3.022676063816e-01,6.442066227509e+06,8.915758735668e+02,5.129738299087e+01,2.403734680075e-06
4.996753880817e-03,4.635810719355e+00,2.994561745920e-01,6.477249706158e+06,8.905693802134e+02,5.135535799105e+01,2.371128324854e-06
4.996767390164e-03,4.619434260093e+00,2.966580176683e-01,6.512788853711e+06,8.895624372207e+02,5.141349016901e+01,2.338808238316e-06
4.996780884476e-03,4.603051594878e+00,2.938732546395e-01,6.548687667168e+06,8.885550794802e+02,5.147177812618e+01,2.306774641224e-06
4.996794364132e-03,4.586662351570e+00,2.911018402586e-01,6.584952328298e+06,8.875472828147e+02,5.153022387839e+01,2.275025854913e-06
4.996807829352e-03,4.570266348139e+00,2.883437619513e-01,6.621588720103e+06,8.865390347302e+02,5.158882877763e+01,2.243560585388e-06
4.996821279536e-03,4.553864398186e+00,2.855991739545e-01,6.658600590700e+06,8.855303839548e+02,5.164759061509e+01,2.212379431401e-06
4.996834715227e-03,4.537455928638e+00,2.828679972463e-01,6.695994897202e+06,8.845212939405e+02,5.170651214442e+01,2.181480329804e-06
4.996848136346e-03,4.521041119434e+00,2.801502786965e-01,6.733777010318e+06,8.835117744411e+02,5.176559342917e+01,2.150862650956e-06
4.996861542668e-03,4.504620332687e+00,2.774460944157e-01,6.771951971552e+06,8.825018464127e+02,5.182483387318e+01,2.120526083001e-06
4.996874934456e-03,4.488193331566e+00,2.747554211381e-01,6.810526314226e+06,8.814914939714e+02,5.188423504079e+01,2.090469192851e-06
4.996888311506e-03,4.471760452812e+00,2.720783293758e-01,6.849505340854e+06,8.804807365074e+02,5.194379642726e+01,2.060691593711e-06
4.996901674222e-03,4.455321287924e+00,2.694147676957e-01,6.888896231569e+06,8.794695475691e+02,5.200352023139e+01,2.031191539285e-06
4.996915022160e-03,4.438876466239e+00,2.667648526833e-01,6.928703801800e+06,8.784579645390e+02,5.206340488649e+01,2.001969142241e-06
4.996928355694e-03,4.422425616850e+00,2.641285386504e-01,6.968935386422e+06,8.774459632699e+02,5.212345246401e+01,1.973022715275e-06
4.996941674634e-03,4.405969057707e+00,2.615058903510e-01,7.009596770342e+06,8.764335619861e+02,5.218366252917e+01,1.944351785780e-06
4.996954978849e-03,4.389507038061e+00,2.588969605030e-01,7.050694009624e+06,8.754207746853e+02,5.224403489289e+01,1.915955736823e-06
4.996968268811e-03,4.373039062387e+00,2.563016834644e-01,7.092235149798e+06,8.744075695407e+02,5.230457210286e+01,1.887832663543e-06
4.996981544139e-03,4.356565687813e+00,2.537201595554e-01,7.134225724175e+06,8.733939794860e+02,5.236527284508e+01,1.859982460669e-06
4.996994804994e-03,4.340086799993e+00,2.511523826756e-01,7.176673084035e+06,8.723799961406e+02,5.242613827353e+01,1.832403862306e-06
4.997008051707e-03,4.323602075939e+00,2.485983143562e-01,7.219585273298e+06,8.713655982795e+02,5.248717032405e+01,1.805095260756e-06
4.997021283481e-03,4.307112594800e+00,2.460581326650e-01,7.262966811858e+06,8.703508509591e+02,5.254836573857e+01,1.778057352939e-06
4.997034501065e-03,4.290617507861e+00,2.435317171867e-01,7.306827398338e+06,8.693357005982e+02,5.260972840553e+01,1.751287645700e-06
4.997047704209e-03,4.274117216535e+00,2.410191397992e-01,7.351173593251e+06,8.683201705437e+02,5.267125758080e+01,1.724785694792e-06
4.997060893204e-03,4.257611440632e+00,2.385203677886e-01,7.396013924703e+06,8.673042421913e+02,5.273295506123e+01,1.698549946336e-06
4.997074067311e-03,4.241101193801e+00,2.360355635736e-01,7.441353543668e+06,8.662879765728e+02,5.279481780453e+01,1.672580884828e-06
4.997087227522e-03,4.224585320798e+00,2.335645620246e-01,7.487203690059e+06,8.652713012166e+02,5.285685089242e+01,1.646875564679e-06
4.997100373024e-03,4.208064926381e+00,2.311075368651e-01,7.533569527778e+06,8.642542827642e+02,5.291905093377e+01,1.621434572849e-06
4.997113504333e-03,4.191539449260e+00,2.286644122375e-01,7.580461008703e+06,8.632368852976e+02,5.298142079730e+01,1.596255894578e-06
4.997126621429e-03,4.175009003298e+00,2.262352126287e-01,7.627886371790e+06,8.622191144574e+02,5.304396081939e+01,1.571338558214e-06
4.997139724089e-03,4.158473953223e+00,2.238199985212e-01,7.675853288339e+06,8.612009913309e+02,5.310667038431e+01,1.546681951984e-06
4.997152812439e-03,4.141934228088e+00,2.214187658210e-01,7.724370847927e+06,8.601825101804e+02,5.316955052577e+01,1.522284796527e-06
4.997165886803e-03,4.125389505521e+00,2.190314739695e-01,7.773449076411e+06,8.591636497808e+02,5.323260324407e+01,1.498145446567e-06
4.997178946383e-03,4.108840882102e+00,2.166582864035e-01,7.823093956946e+06,8.581444762910e+02,5.329582512863e+01,1.474264309241e-06
4.997191992119e-03,4.092287252093e+00,2.142990494042e-01,7.873318232623e+06,8.571249202391e+02,5.335922117708e+01,1.450638591195e-06
4.997205023673e-03,4.075729130667e+00,2.119538413920e-01,7.924129984635e+06,8.561050119763e+02,5.342279020265e+01,1.427267838225e-06
4.997218040694e-03,4.059167051018e+00,2.096227416003e-01,7.975537377949e+06,8.550847829713e+02,5.348653093444e+01,1.404151584406e-06
4.997231043725e-03,4.042600408221e+00,2.073056682820e-01,8.027552298002e+06,8.540641945847e+02,5.355044648232e+01,1.381287763383e-06
4.997244032721e-03,4.026029345915e+00,2.050026449507e-01,8.080184529840e+06,8.530432542846e+02,5.361453708516e+01,1.358675356528e-06
4.997257007193e-03,4.009454572580e+00,2.027137723718e-01,8.133442237224e+06,8.520220043443e+02,5.367880078833e+01,1.336314089467e-06
4.997269967694e-03,3.992875470329e+00,2.004389682302e-01,8.187338006905e+06,8.510004053159e+02,5.374324077644e+01,1.314201892448e-06
4.997282914172e-03,3.976292189375e+00,1.981782561706e-01,8.241882258499e+06,8.499784650753e+02,5.380785726593e+01,1.292337724616e-06
4.997295846253e-03,3.959705294911e+00,1.959317129476e-01,8.297084169045e+06,8.489562170763e+02,5.387264884919e+01,1.270721065083e-06
4.997308764409e-03,3.943114266460e+00,1.936992673235e-01,8.352956802450e+06,8.479336278640e+02,5.393761835815e+01,1.249349953620e-06
4.997321668651e-03,3.926519177300e+00,1.914809295566e-01,8.409511479846e+06,8.469107005721e+02,5.400276631600e+01,1.228223218989e-06
4.997334558560e-03,3.909920649297e+00,1.892767821897e-01,8.466757864606e+06,8.458874721547e+02,5.406809108616e+01,1.207340367214e-06
4.997347434408e-03,3.893318419200e+00,1.870867889700e-01,8.524708883562e+06,8.448639250079e+02,5.413359450887e+01,1.186699768703e-06
4.997360296505e-03,3.876712169774e+00,1.849109068588e-01,8.583377950973e+06,8.438400381921e+02,5.419927865337e+01,1.166299738053e-06
4.997373144242e-03,3.860102774269e+00,1.827492482027e-01,8.642774527819e+06,8.428158641720e+02,5.426514087974e+01,1.146140040143e-06
4.997385978139e-03,3.843489643502e+00,1.806017335816e-01,8.702913526472e+06,8.417913652418e+02,5.433118433902e+01,1.126218640864e-06
4.997398797744e-03,3.826873449280e+00,1.784684466259e-01,8.763805595723e+06,8.407665814557e+02,5.439740717877e+01,1.106535020255e-06
4.997411603839e-03,3.810253261367e+00,1.763492645214e-01,8.825467525685e+06,8.397414540648e+02,5.446381393344e+01,1.087086751393e-06
4.997424395827e-03,3.793629935258e+00,1.742442926105e-01,8.887909822741e+06,8.387160344575e+02,5.453040201790e+01,1.067873506885e-06
4.997437173698e-03,3.777003571963e+00,1.721535386895e-01,8.951146039289e+06,8.376903274949e+02,5.459717185093e+01,1.048894050218e-06
4.997449937573e-03,3.760374096931e+00,1.700769879438e-01,9.015190698798e+06,8.366643272084e+02,5.466412455971e+01,1.030146937711e-06
4.997462687750e-03,3.743741203858e+00,1.680145966081e-01,9.080059559533e+06,8.356380133268e+02,5.473126221604e+01,1.011630468614e-06
4.997475423998e-03,3.727105278136e+00,1.659664064644e-01,9.145766019312e+06,8.346114082586e+02,5.479858410660e+01,9.933437101081e-07
4.997488146278e-03,3.710466452377e+00,1.639324269578e-01,9.212324760767e+06,8.335845188208e+02,5.486609053391e+01,9.752854308486e-07
4.997500854741e-03,3.693824612974e+00,1.619126368668e-01,9.279751787544e+06,8.325573366361e+02,5.493378280273e+01,9.574541253047e-07
4.997513549227e-03,3.677180051354e+00,1.599070636516e-01,9.348061810029e+06,8.315298783287e+02,5.500166057365e+01,9.398487153996e-07
4.997526230126e-03,3.660532338121e+00,1.579156473443e-01,9.417272852553e+06,8.305021160281e+02,5.506972645091e+01,9.224673546950e-07
4.997538896762e-03,3.643882444483e+00,1.559384949944e-01,9.487397477992e+06,8.294741083349e+02,5.513797731317e+01,9.053096497407e-07
4.997551549970e-03,3.627229351683e+00,1.539754761050e-01,9.558456962160e+06,8.284457909909e+02,5.520641819180e+01,8.883731397602e-07
4.997564189280e-03,3.610573761187e+00,1.520266636760e-01,9.630465709766e+06,8.274172059516e+02,5.527504706928e+01,8.716571288884e-07
4.997576814703e-03,3.593915738163e+00,1.500920545495e-01,9.703441190107e+06,8.263883558909e+02,5.534386453522e+01,8.551602540672e-07
4.997589426546e-03,3.577254959742e+00,1.481716002162e-01,9.777402999622e+06,8.253592195154e+02,5.541287279075e+01,8.388807676645e-07
4.997602024491e-03,3.560591925919e+00,1.462653466974e-01,9.852367514305e+06,8.243298263612e+02,5.548207063440e+01,8.228177226438e-07
4.997614608512e-03,3.543926750913e+00,1.443732944741e-01,9.928353210272e+06,8.233001821435e+02,5.555145845642e+01,8.069697777322e-07
4.997627179090e-03,3.527258878463e+00,1.424953677438e-01,1.000538209286e+07,8.222702511506e+02,5.562103944970e+01,7.913349568665e-07
4.997639736105e-03,3.510588546337e+00,1.406315804695e-01,1.008347301717e+07,8.212400467288e+02,5.569081350885e+01,7.759120377752e-07
4.997652279025e-03,3.493916537941e+00,1.387820060813e-01,1.016264266828e+07,8.202096159591e+02,5.576077823040e+01,7.607002768788e-07
4.997664808496e-03,3.477242076710e+00,1.369465438005e-01,1.024291557549e+07,8.191789095145e+02,5.583093775370e+01,7.456974932073e-07
4.997677324229e-03,3.460565624227e+00,1.351252296251e-01,1.032431088318e+07,8.181479545950e+02,5.590129102742e+01,7.309026315824e-07
4.997689826323e-03,3.443887125092e+00,1.333180418914e-01,1.040685071280e+07,8.171167464507e+02,5.597183917446e+01,7.163141612005e-07
4.997702314744e-03,3.427206705652e+00,1.315249781519e-01,1.049055681491e+07,8.160852915711e+02,5.604258255357e+01,7.019307059079e-07
4.997714789660e-03,3.410524216315e+00,1.297460057450e-01,1.057545286345e+07,8.150535793862e+02,5.611352269790e+01,6.877506468075e-07
4.997727250803e-03,3.393840092064e+00,1.279811541894e-01,1.066156008595e+07,8.140216354828e+02,5.618465865685e+01,6.737728585880e-07
4.997739698554e-03,3.377153901479e+00,1.262303613591e-01,1.074890472837e+07,8.129894318660e+02,5.625599317404e+01,6.599954853691e-07
4.997752132808e-03,3.360465857340e+00,1.244936319331e-01,1.083751035276e+07,8.119569803897e+02,5.632752625283e+01,6.464172013498e-07
4.997764553096e-03,3.343776669491e+00,1.227710191998e-01,1.092739834261e+07,8.109243236747e+02,5.639925575298e+01,6.330370579185e-07
4.997776960069e-03,3.327085535410e+00,1.210624197875e-01,1.101859888413e+07,8.098914107685e+02,5.647118603312e+01,6.198528820110e-07
4.997789353478e-03,3.310392866373e+00,1.193678559626e-01,1.111113623423e+07,8.088582658254e+02,5.654331624228e+01,6.068634794581e-07
4.997801733409e-03,3.293698621073e+00,1.176873029137e-01,1.120503776033e+07,8.078248849991e+02,5.661564747924e+01,5.940672897414e-07
4.997814099811e-03,3.277002941738e+00,1.160207537758e-01,1.130033047911e+07,8.067912758084e+02,5.668818005162e+01,5.814628888400e-07
4.997826452867e-03,3.260305654199e+00,1.143681695232e-01,1.139704391318e+07,8.057574261886e+02,5.676091564577e+01,5.690486098507e-07
4.997838792132e-03,3.243607433092e+00,1.127295943885e-01,1.149520336439e+07,8.047233766390e+02,5.683385224909e+01,5.568234079348e-07
4.997851118329e-03,3.226907374366e+00,1.111049168290e-01,1.159484413083e+07,8.036890699038e+02,5.690699474601e+01,5.447850759346e-07
4.997863430846e-03,3.210206377827e+00,1.094942010686e-01,1.169599160326e+07,8.026545604436e+02,5.698034013663e+01,5.329327146668e-07
4.997875729811e-03,3.193504342887e+00,1.078974129428e-01,1.179867786641e+07,8.016198407741e+02,5.705388979479e+01,5.212646896288e-07
4.997888015638e-03,3.176800777604e+00,1.063144809598e-01,1.190293830494e+07,8.005848791606e+02,5.712764683495e+01,5.097791012519e-07
4.997900287893e-03,3.160096342651e+00,1.047454426444e-01,1.200880198629e+07,7.995497152873e+02,5.720160929029e+01,4.984748430158e-07
4.997912546774e-03,3.143390840133e+00,1.031902534490e-01,1.211630418066e+07,7.985143356495e+02,5.727577898455e+01,4.873502107984e-07
4.997924792375e-03,3.126684210322e+00,1.016488815740e-01,1.222548021964e+07,7.974787353045e+02,5.735015714056e+01,4.764035966803e-07
4.997937024607e-03,3.109976644840e+00,1.001213178590e-01,1.233636471492e+07,7.964429248962e+02,5.742474386591e+01,4.656335541437e-07
4.997949243432e-03,3.093268263849e+00,9.860754569807e-02,1.244899365769e+07,7.954069106482e+02,5.749953958459e+01,4.550385820332e-07
4.997961449033e-03,3.076558886944e+00,9.710752070461e-02,1.256340605148e+07,7.943706801522e+02,5.757454607122e+01,4.446169866234e-07
4.997973641140e-03,3.059848948977e+00,9.562125317022e-02,1.267963769851e+07,7.933342591613e+02,5.764976234161e+01,4.343674544972e-07
4.997985820146e-03,3.043137982246e+00,9.414867227690e-02,1.279773169208e+07,7.922976174569e+02,5.772519147495e+01,4.242881132738e-07
4.997997985670e-03,3.026426571988e+00,9.268979978208e-02,1.291772481245e+07,7.912607901397e+02,5.780083180689e+01,4.143777274632e-07
4.998010138014e-03,3.009714373935e+00,9.124457512232e-02,1.303966154248e+07,7.902237546553e+02,5.787668587398e+01,4.046344998159e-07
4.998022277134e-03,2.993001511294e+00,8.981297812282e-02,1.316358418638e+07,7.891865174555e+02,5.795275410504e+01,3.950569113333e-07
4.998034403116e-03,2.976287930537e+00,8.839497280853e-02,1.328953753777e+07,7.881490740311e+02,5.802903773601e+01,3.856433386114e-07
4.998046515611e-03,2.959574180391e+00,8.699057343664e-02,1.341756303230e+07,7.871114572674e+02,5.810553525093e+01,3.763924902051e-07
4.998058615128e-03,2.942859618808e+00,8.559969332953e-02,1.354771245464e+07,7.860736261340e+02,5.818225058431e+01,3.673024110372e-07
4.998070701336e-03,2.926144769280e+00,8.422234298826e-02,1.368002993182e+07,7.850356119679e+02,5.825918233728e+01,3.583717878469e-07
4.998082774444e-03,2.909429405263e+00,8.285847095624e-02,1.381456670388e+07,7.839973995425e+02,5.833633255634e+01,3.495989036360e-07
4.998094834246e-03,2.892713873346e+00,8.150807191617e-02,1.395137102038e+07,7.829590092387e+02,5.841370064861e+01,3.409823365624e-07
4.998106880999e-03,2.875997878362e+00,8.017108585619e-02,1.409049758410e+07,7.819204215797e+02,5.849128899186e+01,3.325203268920e-07
4.998118914623e-03,2.859281595295e+00,7.884749031448e-02,1.423199897353e+07,7.808816462975e+02,5.856909779379e+01,3.242113528888e-07
4.998130934904e-03,2.842565379089e+00,7.753727701335e-02,1.437592760276e+07,7.798427043225e+02,5.864712641748e+01,3.160539807645e-07
4.998142942567e-03,2.825848282684e+00,7.624033529503e-02,1.452234876777e+07,7.788035356637e+02,5.872538031639e+01,3.080461463613e-07
4.998154936601e-03,2.809131774081e+00,7.495674169291e-02,1.467130834838e+07,7.777642304594e+02,5.880385364687e+01,3.001869446655e-07
4.998166917599e-03,2.792415083832e+00,7.368639870587e-02,1.482287355819e+07,7.767247397727e+02,5.888255104100e+01,2.924743976048e-07
4.998178885906e-03,2.775697790541e+00,7.242923632100e-02,1.497711058639e+07,7.756850362885e+02,5.896147553232e+01,2.849067106070e-07
4.998190841027e-03,2.758980641353e+00,7.118527196558e-02,1.513407672110e+07,7.746451653743e+02,5.904062464252e+01,2.774826186081e-07
4.998202782946e-03,2.742263717085e+00,6.995447172374e-02,1.529383716914e+07,7.736051309763e+02,5.911999902720e+01,2.702005451105e-07
4.998214712001e-03,2.725546600818e+00,6.873676471232e-02,1.545646394836e+07,7.725649060765e+02,5.919960171689e+01,2.630587017186e-07
4.998226627850e-03,2.708829827068e+00,6.753214907670e-02,1.562202194758e+07,7.715245228636e+02,5.927943122079e+01,2.560557102094e-07
4.998238530911e-03,2.692112865977e+00,6.634054532420e-02,1.579058865748e+07,7.704839472964e+02,5.935949112953e+01,2.491897437307e-07
4.998250420823e-03,2.675396277213e+00,6.516195149594e-02,1.596223290704e+07,7.694432131544e+02,5.943977982843e+01,2.424594288222e-07
4.998262297802e-03,2.658679811726e+00,6.399630742406e-02,1.613703397915e+07,7.684023038859e+02,5.952029957894e+01,2.358630603425e-07
4.998274161965e-03,2.641963359195e+00,6.284356256474e-02,1.631507223445e+07,7.673612115757e+02,5.960105199119e+01,2.293989963252e-07
4.998286013105e-03,2.625247261684e+00,6.170369695598e-02,1.649642568419e+07,7.663199564922e+02,5.968203649280e+01,2.230657703167e-07
4.998297851160e-03,2.608531660695e+00,6.057667580656e-02,1.668117692938e+07,7.652785464292e+02,5.976325347413e+01,2.168618343450e-07
4.998309676569e-03,2.591815987330e+00,5.946241612323e-02,1.686941918022e+07,7.642369449227e+02,5.984470679036e+01,2.107853832785e-07
4.998321488768e-03,2.575101090351e+00,5.836092911967e-02,1.706123252799e+07,7.631952038524e+02,5.992639339681e+01,2.048351315441e-07
4.998333288489e-03,2.558385981973e+00,5.727210391938e-02,1.725672089302e+07,7.621532606509e+02,6.000831922124e+01,1.990091380086e-07
4.998345074928e-03,2.541671850748e+00,5.619597149090e-02,1.745596592516e+07,7.611111884129e+02,6.009047954044e+01,1.933062285804e-07
4.998356848935e-03,2.524957541927e+00,5.513241048267e-02,1.765908006500e+07,7.600689141569e+02,6.017288113856e+01,1.877244239943e-07
4.998368609703e-03,2.508244246964e+00,5.408144948116e-02,1.786615069278e+07,7.590265112012e+02,6.025551925493e+01,1.822625419090e-07
4.998380357808e-03,2.491531197300e+00,5.304299260308e-02,1.807729248435e+07,7.579839306482e+02,6.033839879989e+01,1.769187517350e-07
4.998392092976e-03,2.474818826960e+00,5.201701831132e-02,1.829260880009e+07,7.569411986152e+02,6.042151874462e+01,1.716916171862e-07
4.998403815714e-03,2.458106461697e+00,5.100343533155e-02,1.851222080898e+07,7.558982720772e+02,6.050488357783e+01,1.665793564274e-07
4.998415525146e-03,2.441395395073e+00,5.000227160780e-02,1.873622779702e+07,7.548552308167e+02,6.058848797525e+01,1.615807921490e-07
4.998427222284e-03,2.424684227472e+00,4.901339285265e-02,1.896476870206e+07,7.538119865386e+02,6.067234007614e+01,1.566939411116e-07
4.998438906241e-03,2.407974270715e+00,4.803682579960e-02,1.919794991850e+07,7.527686202069e+02,6.075643444354e+01,1.519176279886e-07
4.998450577782e-03,2.391264472704e+00,4.707245735728e-02,1.943591468740e+07,7.517250652106e+02,6.084077751835e+01,1.472499955489e-07
4.998462236444e-03,2.374555542277e+00,4.612027655416e-02,1.967878606876e+07,7.506813649008e+02,6.092536688300e+01,1.426896936603e-07
4.998473882394e-03,2.357847278568e+00,4.518021917242e-02,1.992670464570e+07,7.496375058300e+02,6.101020470982e+01,1.382351199212e-07
4.998485515639e-03,2.341139715135e+00,4.425223392582e-02,2.017981251092e+07,7.485934891991e+02,6.109529199418e+01,1.338847427676e-07
4.998497136325e-03,2.324432682017e+00,4.333625777562e-02,2.043825995949e+07,7.475493034966e+02,6.118063077717e+01,1.296369843331e-07
4.998508744259e-03,2.307726497778e+00,4.243225395443e-02,2.070219503467e+07,7.465049677522e+02,6.126622061035e+01,1.254903964896e-07
4.998520339276e-03,2.291021438308e+00,4.154018221151e-02,2.097177165912e+07,7.454604983502e+02,6.135206125207e+01,1.214435194692e-07
4.998531921895e-03,2.274316795782e+00,4.065994935337e-02,2.124716546599e+07,7.444158501721e+02,6.143815752802e+01,1.174946636148e-07
4.998543491898e-03,2.257612922093e+00,3.979151825854e-02,2.152854103128e+07,7.433710443627e+02,6.152450882797e+01,1.136424033704e-07
4.998555049330e-03,2.240909789816e+00,3.893483108207e-02,2.181607536652e+07,7.423260783592e+02,6.161111649649e+01,1.098852274672e-07
4.998566593897e-03,2.224207859160e+00,3.808985417986e-02,2.210994349759e+07,7.412809801207e+02,6.169797934682e+01,1.062217377165e-07
4.998578126079e-03,2.207506473079e+00,3.725649667937e-02,2.241034688462e+07,7.402357077059e+02,6.178510200706e+01,1.026502969390e-07
4.998589645823e-03,2.190805742404e+00,3.643470633257e-02,2.271748086121e+07,7.391902672212e+02,6.187248512986e+01,9.916944727509e-08
4.998601152592e-03,2.174106482252e+00,3.562446430767e-02,2.303153486906e+07,7.381447088863e+02,6.196012566611e+01,9.577787708222e-08
4.998612647019e-03,2.157407806339e+00,3.482566818710e-02,2.335273789538e+07,7.370989764115e+02,6.204802949167e+01,9.247393300092e-08
4.998624128997e-03,2.140709904174e+00,3.403826757434e-02,2.368130717360e+07,7.360530808607e+02,6.213619685714e+01,8.925619221963e-08
4.998635598227e-03,2.124013242748e+00,3.326222459457e-02,2.401746246161e+07,7.350070507006e+02,6.222462653627e+01,8.612328957607e-08
4.998647055414e-03,2.107316827033e+00,3.249743298106e-02,2.436146244613e+07,7.339608228130e+02,6.231332505801e+01,8.307359363799e-08
4.998658499279e-03,2.090622553268e+00,3.174391739230e-02,2.471351529734e+07,7.329145152649e+02,6.240228359291e+01,8.010600650679e-08
4.998669931540e-03,2.073927944337e+00,3.100150354295e-02,2.507393110429e+07,7.318679720410e+02,6.249151660677e+01,7.721865455872e-08
4.998681350682e-03,2.057235243428e+00,3.027022887147e-02,2.544292966761e+07,7.308213330003e+02,6.258101338883e+01,7.441050466610e-08
4.998692757938e-03,2.040542675736e+00,2.954995256747e-02,2.582082904571e+07,7.297744861180e+02,6.267078472955e+01,7.167984305574e-08
4.998704152218e-03,2.023851866790e+00,2.884068128593e-02,2.620788278465e+07,7.287275325975e+02,6.276082317298e+01,6.902553048159e-08
4.998715534373e-03,2.007161596343e+00,2.814229890107e-02,2.660442128406e+07,7.276803951740e+02,6.285113658509e+01,6.644597422056e-08
4.998726903913e-03,1.990472612347e+00,2.745477222487e-02,2.701074177220e+07,7.266331200491e+02,6.294172222120e+01,6.393990369027e-08
4.998738261281e-03,1.973784287216e+00,2.677801031934e-02,2.742718769908e+07,7.255856671258e+02,6.303258479489e+01,6.150584718795e-08
4.998749606105e-03,1.957097196975e+00,2.611197096975e-02,2.785408682024e+07,7.245380718510e+02,6.312372248594e+01,5.914252127729e-08
4.998760938544e-03,1.940411131139e+00,2.545657944606e-02,2.829180103560e+07,7.234903203183e+02,6.321513775831e+01,5.684853632312e-08
4.998772258658e-03,1.923726024519e+00,2.481176651462e-02,2.874070416044e+07,7.224424077440e+02,6.330683229822e+01,5.462253528715e-08
4.998783566624e-03,1.907041643349e+00,2.417745613475e-02,2.920119102558e+07,7.213943187580e+02,6.339880873489e+01,5.246315084447e-08
4.998794861920e-03,1.890358777300e+00,2.355361045122e-02,2.967364502400e+07,7.203461022968e+02,6.349106405312e+01,5.036915619406e-08
4.998806145115e-03,1.873676610299e+00,2.294013056616e-02,3.015851244387e+07,7.192977064227e+02,6.358360411229e+01,4.833913063003e-08
4.998817415890e-03,1.856995635813e+00,2.233696592559e-02,3.065622132543e+07,7.182491614867e+02,6.367642753787e+01,4.637182846448e-08
4.998828674370e-03,1.840315690359e+00,2.174404119517e-02,3.116723862608e+07,7.172004565659e+02,6.376953660180e+01,4.446593374665e-08
4.998839920660e-03,1.823636636196e+00,2.116128171869e-02,3.169205197973e+07,7.161515823552e+02,6.386293345109e+01,4.262014672487e-08
4.998851154461e-03,1.806958940020e+00,2.058863332431e-02,3.223115205506e+07,7.151025675723e+02,6.395661684998e+01,4.083324451720e-08
4.998862376269e-03,1.790281883979e+00,2.002600051813e-02,3.278509112453e+07,7.140533664367e+02,6.405059222322e+01,3.910388833555e-08
4.998873585669e-03,1.773606101679e+00,1.947333375200e-02,3.335440170680e+07,7.130040181882e+02,6.414485740328e+01,3.743089513148e-08
4.998884782945e-03,1.756931188314e+00,1.893054802485e-02,3.393967792813e+07,7.119544967506e+02,6.423941608286e+01,3.581298510862e-08
4.998895967998e-03,1.740257309807e+00,1.839757600333e-02,3.454152150487e+07,7.109048119676e+02,6.433426874019e+01,3.424894750531e-08
4.998907140859e-03,1.723584433460e+00,1.787434328361e-02,3.516057113766e+07,7.098549611844e+02,6.442941698582e+01,3.273756289031e-08
4.998918301513e-03,1.706912601473e+00,1.736077768902e-02,3.579749351190e+07,7.088049464693e+02,6.452486201180e+01,3.127763190662e-08
4.998929449864e-03,1.690241969819e+00,1.685680992466e-02,3.645298355783e+07,7.077547770679e+02,6.462060436116e+01,2.986797651857e-08
4.998940586206e-03,1.673572114826e+00,1.636235272066e-02,3.712779402554e+07,7.067044257154e+02,6.471664791906e+01,2.850738279545e-08
4.998951710427e-03,1.656903217076e+00,1.587733659187e-02,3.782269101390e+07,7.056539032169e+02,6.481299311240e+01,2.719470091681e-08
4.998962822446e-03,1.640235411057e+00,1.540168991298e-02,3.853848118900e+07,7.046032174888e+02,6.490964063128e+01,2.592878822737e-08
4.998973922228e-03,1.623568764236e+00,1.493533844139e-02,3.927601532563e+07,7.035523722361e+02,6.500659155511e+01,2.470850861004e-08
4.998985010073e-03,1.606902835839e+00,1.447819336792e-02,4.003621141280e+07,7.025013391194e+02,6.510384993785e+01,2.353270298860e-08
4.998996085660e-03,1.590238121295e+00,1.403019126003e-02,4.081999234938e+07,7.014501488429e+02,6.520141438569e+01,2.240029235036e-08
4.999007149233e-03,1.573574263575e+00,1.359124490638e-02,4.162837030195e+07,7.003987783556e+02,6.529928849146e+01,2.131015112432e-08
4.999018200828e-03,1.556911219147e+00,1.316127524858e-02,4.246239672835e+07,6.993472243800e+02,6.539747403390e+01,2.026118992788e-08
4.999029240339e-03,1.540249156853e+00,1.274020814700e-02,4.332316914508e+07,6.982954970496e+02,6.549597154692e+01,1.925234578105e-08
4.999040267680e-03,1.523588215809e+00,1.232796794162e-02,4.421184634375e+07,6.972436046378e+02,6.559478173740e+01,1.828256595630e-08
4.999051283226e-03,1.506927838079e+00,1.192446135769e-02,4.512968940941e+07,6.961915114094e+02,6.569390946497e+01,1.735077190179e-08
4.999062286365e-03,1.490268956771e+00,1.152963081510e-02,4.607794649266e+07,6.951392757950e+02,6.579335072701e+01,1.645598224670e-08
4.999073277974e-03,1.473610252061e+00,1.114336454019e-02,4.705806668722e+07,6.940868139334e+02,6.589311497204e+01,1.559710763947e-08
4.999084257435e-03,1.456952666767e+00,1.076560367253e-02,4.807144780161e+07,6.930341848925e+02,6.599319814459e+01,1.477319353373e-08
4.999095224448e-03,1.440296661559e+00,1.039627686808e-02,4.911959627768e+07,6.919814173257e+02,6.609359903585e+01,1.398326951957e-08
4.999106180293e-03,1.423640298490e+00,1.003525939014e-02,5.020426241594e+07,6.909283882659e+02,6.619433093942e+01,1.322626863722e-08
4.999117123513e-03,1.406985797378e+00,9.682516612151e-03,5.132702560816e+07,6.898752375851e+02,6.629538204423e+01,1.250132981377e-08
4.999128055240e-03,1.390331438942e+00,9.337928731614e-03,5.248982887505e+07,6.888218561092e+02,6.639676439143e+01,1.180742912427e-08
4.999138974880e-03,1.373678132395e+00,9.001431220107e-03,5.369454868973e+07,6.877683008794e+02,6.649847408988e+01,1.114367234547e-08
4.999149882411e-03,1.357025914103e+00,8.672940502180e-03,5.494323930874e+07,6.867145737577e+02,6.660051254292e+01,1.050914079598e-08
4.999160778409e-03,1.340373908337e+00,8.352354884513e-03,5.623815410733e+07,6.856606188782e+02,6.670288677775e+01,9.902897697771e-09
4.999171662096e-03,1.323723306705e+00,8.039612229051e-03,5.758152546091e+07,6.846065112239e+02,6.680559113035e+01,9.324096860047e-09
4.999182534255e-03,1.307072911453e+00,7.734604452843e-03,5.897592396002e+07,6.835521745366e+02,6.690863466125e+01,8.771821771814e-09
4.999193394510e-03,1.290423299808e+00,7.437256321232e-03,6.042393784832e+07,6.824976449290e+02,6.701201550035e+01,8.245232883086e-09
4.999204242873e-03,1.273774452984e+00,7.147480921657e-03,6.192837675185e+07,6.814429207909e+02,6.711573545999e+01,7.743484410833e-09
4.999215079332e-03,1.257126391583e+00,6.865191526490e-03,6.349223391354e+07,6.803880030133e+02,6.721979611822e+01,7.265746663777e-09
4.999225903989e-03,1.240478955226e+00,6.590297886562e-03,6.511872237683e+07,6.793328810227e+02,6.732420019910e+01,6.811199946686e-09
4.999236717043e-03,1.223831840087e+00,6.322707152244e-03,6.681129080587e+07,6.782775351470e+02,6.742895135524e+01,6.379036741863e-09
4.999247517806e-03,1.207186100782e+00,6.062347607253e-03,6.857348515916e+07,6.772220318509e+02,6.753404468514e+01,5.968498729179e-09
4.999258307398e-03,1.190540011149e+00,5.809103369522e-03,7.040940185056e+07,6.761662612770e+02,6.763949285409e+01,5.578773935126e-09
4.999269084635e-03,1.173895394428e+00,5.562912747179e-03,7.232303274199e+07,6.751103386695e+02,6.774528608766e+01,5.209150525759e-09
4.999279850547e-03,1.157250658052e+00,5.323662159086e-03,7.431905677938e+07,6.740541626140e+02,6.785143628767e+01,4.858853280102e-09
4.999290604583e-03,1.140606646879e+00,5.091273671743e-03,7.640220237619e+07,6.729977863265e+02,6.795793988103e+01,4.527176683086e-09
4.999301346739e-03,1.123963365866e+00,4.865656388685e-03,7.857765706607e+07,6.719412097629e+02,6.806479863418e+01,4.213411052021e-09
4.999312077457e-03,1.107320125045e+00,4.646709495962e-03,8.085109452401e+07,6.708843887526e+02,6.817201880924e+01,3.916849711900e-09
4.999322796462e-03,1.090677343450e+00,4.434346679978e-03,8.322847588906e+07,6.698273495241e+02,6.827959956071e+01,3.636821858509e-09
4.999333503393e-03,1.074035576975e+00,4.228482458170e-03,8.571620322138e+07,6.687701270315e+02,6.838753912929e+01,3.372672486158e-09
4.999344198866e-03,1.057393864184e+00,4.029012026981e-03,8.832142018194e+07,6.677126598401e+02,6.849584561041e+01,3.123737706276e-09
4.999354882717e-03,1.040752450318e+00,3.835845196100e-03,9.105165986241e+07,6.666549631664e+02,6.860451930348e+01,2.889388623302e-09
4.999365554951e-03,1.024111324058e+00,3.648888118315e-03,9.391511618817e+07,6.655970359339e+02,6.871356218265e+01,2.669007265772e-09
4.999376215337e-03,1.007470835928e+00,3.468050397103e-03,9.692060273170e+07,6.645389000825e+02,6.882297385240e+01,2.461995123475e-09
4.999386864309e-03,9.908303011367e-01,3.293229890146e-03,1.000778747490e+08,6.634805117211e+02,6.893276074057e+01,2.267755967975e-09
4.999397501572e-03,9.741901727245e-01,3.124336251606e-03,1.033973135679e+08,6.624218993174e+02,6.904292180407e+01,2.085722640136e-09
4.999408127168e-03,9.575503751557e-01,2.961272989108e-03,1.068903193178e+08,6.613630577324e+02,6.915345948901e+01,1.915336427214e-09
4.999418741427e-03,9.409103831076e-01,2.803938956016e-03,1.105694150701e+08,6.603039531958e+02,6.926437926475e+01,1.756049597910e-09
4.999429343667e-03,9.242712562908e-01,2.652247508339e-03,1.144479062779e+08,6.592446528305e+02,6.937567604188e+01,1.607344300089e-09
4.999439934683e-03,9.076317358811e-01,2.506090098162e-03,1.185408883593e+08,6.581850761701e+02,6.948736023519e+01,1.468696298883e-09
4.999450514014e-03,8.909925369943e-01,2.365375641580e-03,1.228643986438e+08,6.571252684186e+02,6.959942907185e+01,1.339613803291e-09
4.999461081797e-03,8.743534331633e-01,2.230004225886e-03,1.274362692508e+08,6.560652148338e+02,6.971188610085e+01,1.219611566082e-09
4.999471638183e-03,8.577141743155e-01,2.099875568781e-03,1.322761000397e+08,6.550048991595e+02,6.982473506649e+01,1.108219336609e-09
4.999482183009e-03,8.410750043919e-01,1.974892857430e-03,1.374053207631e+08,6.539443366323e+02,6.993797638144e+01,1.004984767242e-09
4.999492716114e-03,8.244361690016e-01,1.854958481602e-03,1.428475502860e+08,6.528835426154e+02,7.005161043778e+01,9.094694686730e-10
4.999503237962e-03,8.077969174853e-01,1.739967280788e-03,1.486292286838e+08,6.518224689405e+02,7.016564445918e+01,8.212438891338e-10
4.999513748407e-03,7.911574713258e-01,1.629820802980e-03,1.547792897122e+08,6.507611294117e+02,7.028007905831e+01,7.398985735505e-10
4.999524247090e-03,7.745183843986e-01,1.524422064882e-03,1.613296970201e+08,6.496995590597e+02,7.039491254321e+01,6.650392600368e-10
4.999534734400e-03,7.578790279965e-01,1.423666020903e-03,1.683164699386e+08,6.486377174774e+02,7.051015138743e+01,5.962802313698e-10
4.999545210389e-03,7.412393038364e-01,1.327450784648e-03,1.757795404153e+08,6.475755980845e+02,7.062579844749e+01,5.332524802224e-10
4.999555674968e-03,7.245993371896e-01,1.235675352901e-03,1.837634205052e+08,6.465132085728e+02,7.074185504272e+01,4.756016107920e-10
4.999566127807e-03,7.079596417592e-01,1.148240243413e-03,1.923177626050e+08,6.454505814544e+02,7.085831977190e+01,4.229878667006e-10
4.999576569864e-03,6.913186754877e-01,1.065034896092e-03,2.014994391073e+08,6.443876179463e+02,7.097520566329e+01,3.750787699038e-10
4.999586999841e-03,6.746784924154e-01,9.859665894556e-04,2.113704533953e+08,6.433244489627e+02,7.109250052086e+01,3.315657507125e-10
4.999597418988e-03,6.580370806290e-01,9.109223697127e-04,2.220033101847e+08,6.422609456733e+02,7.121022077212e+01,2.921422189401e-10
4.999607826248e-03,6.413961117279e-01,8.398060824582e-04,2.334777516267e+08,6.411972146147e+02,7.132835686653e+01,2.565239509792e-10
4.999618222756e-03,6.247537576399e-01,7.725058861514e-04,2.458868989510e+08,6.401331386417e+02,7.144692407814e+01,2.244317196310e-10
4.999628607438e-03,6.081117180359e-01,7.089242920903e-04,2.593342595034e+08,6.390688261374e+02,7.156591261521e+01,1.956061793550e-10
4.999638980865e-03,5.914690620057e-01,6.489528867408e-04,2.739404485672e+08,6.380042172980e+02,7.168533143811e+01,1.697953473367e-10
4.999649343051e-03,5.748257480763e-01,5.924865374580e-04,2.898432977030e+08,6.369393091963e+02,7.180518320115e+01,1.467613112326e-10
4.999659694100e-03,5.581815915594e-01,5.394193138994e-04,3.072019402608e+08,6.358740897401e+02,7.192547161650e+01,1.262780579021e-10
4.999670033569e-03,5.415372860139e-01,4.896477184890e-04,3.261997503868e+08,6.348086030427e+02,7.204619405276e+01,1.081324035802e-10
4.999680361753e-03,5.248923402783e-01,4.430642723861e-04,3.470514711021e+08,6.337428173949e+02,7.216735646266e+01,9.212137162728e-11
4.999690679035e-03,5.082461146186e-01,3.995611249761e-04,3.700084538042e+08,6.326766915435e+02,7.228896595504e+01,7.805350239448e-11
4.999700984686e-03,4.915997689519e-01,3.590348987342e-04,3.953634463411e+08,6.316102995007e+02,7.241101650522e+01,6.574998108070e-11
4.999711279309e-03,4.749523082755e-01,3.213765076990e-04,4.234656959065e+08,6.305435772561e+02,7.253351786894e+01,5.504114940090e-11
4.999721562619e-03,4.583041752265e-01,2.864801829704e-04,4.547277696916e+08,6.294765528933e+02,7.265646928935e+01,4.576908935877e-11
4.999731834706e-03,4.416552023909e-01,2.542385802797e-04,4.896441232698e+08,6.284092154124e+02,7.277987451033e+01,3.778584028277e-11
4.999742095401e-03,4.250056454695e-01,2.245450419060e-04,5.288089811338e+08,6.273415809406e+02,7.290373415878e+01,3.095375086875e-11
4.999752345318e-03,4.083544854789e-01,1.972905972700e-04,5.729460149365e+08,6.262735838562e+02,7.302805838694e+01,2.514451568246e-11
4.999762583688e-03,3.917029500738e-01,1.723699853030e-04,6.229331354842e+08,6.252053026275e+02,7.315284061072e+01,2.024017223000e-11
4.999772811025e-03,3.750501852316e-01,1.496745597598e-04,6.798583979370e+08,6.241366822030e+02,7.327808981576e+01,1.613126425175e-11
4.999783027297e-03,3.583962198709e-01,1.290970970977e-04,7.450717334489e+08,6.230677241597e+02,7.340380842356e+01,1.271755591389e-11
4.999793232182e-03,3.417415574896e-01,1.105309311635e-04,8.202661859991e+08,6.219984605525e+02,7.352999526966e+01,9.907455837529e-12
4.999803426195e-03,3.250853349628e-01,9.386794159816e-05,9.075978080591e+08,6.209288357152e+02,7.365665956261e+01,7.617392940160e-12
4.999813608840e-03,3.084283385860e-01,7.900189979615e-05,1.009827678628e+09,6.198588998911e+02,7.378379801493e+01,5.771964264616e-12
4.999823780496e-03,2.917699283079e-01,6.582541122667e-05,1.130559852454e+09,6.187886117050e+02,7.391141821997e+01,4.303142994022e-12
4.999833941271e-03,2.751099029516e-01,5.423185278671e-05,1.274553685224e+09,6.177179579516e+02,7.403952448308e+01,3.150184482832e-12
4.999844090571e-03,2.584492134956e-01,4.411569549876e-05,1.448190568331e+09,6.166469994855e+02,7.416811224448e+01,2.259240757661e-12
4.999854228844e-03,2.417871012149e-01,3.537070826896e-05,1.660220666220e+09,6.155756872825e+02,7.429719012525e+01,1.582814406473e-12
4.999864356340e-03,2.251231330782e-01,2.789152151226e-05,1.922868140909e+09,6.145039932215e+02,7.442676431765e+01,1.079526407993e-12
4.999874472546e-03,2.084581263431e-01,2.157396478157e-05,2.253605595883e+09,6.134319695945e+02,7.455683130932e+01,7.137114474262e-13
4.999884577886e-03,1.917913600819e-01,1.631398500587e-05,2.678171977306e+09,6.123595697628e+02,7.468739958680e+01,4.549396726003e-13
4.999894672015e-03,1.751233779516e-01,1.200889612890e-05,3.235639700365e+09,6.112868284427e+02,7.481846778035e+01,2.776759662790e-13
4.999904755177e-03,1.584537553852e-01,8.556806305854e-06,3.987708037734e+09,6.102137180494e+02,7.495004213470e+01,1.608230949633e-13
4.999914827585e-03,1.417821100680e-01,5.857177758964e-06,5.036293738569e+09,6.091402136948e+02,7.508212863178e+01,8.731798665065e-14
4.999924888770e-03,1.251091966786e-01,3.811180482689e-06,6.559255134832e+09,6.080663637080e+02,7.521472426279e+01,4.370178698373e-14
4.999934938834e-03,1.084348200379e-01,2.321646714907e-06,8.889417118624e+09,6.069921552703e+02,7.534783354763e+01,1.967824915834e-14
4.999944978077e-03,9.175845504269e-02,1.293622531292e-06,1.270698181582e+10,6.059175543096e+02,7.548146369898e+01,7.684219342483e-15
4.999955006416e-03,7.508021634604e-02,6.349285469461e-07,1.957357524390e+10,6.048425679610e+02,7.561561686124e+01,2.452798316379e-15
4.999965023932e-03,5.839993790727e-02,2.567831808677e-07,3.369872473996e+10,6.037671852521e+02,7.575029746155e+01,5.772107036148e-16
4.999975030259e-03,4.171820554279e-02,7.491914014955e-08,6.941019977376e+10,6.026914436927e+02,7.588550386609e+01,8.190801425094e-17
4.999985025904e-03,2.503414700634e-02,1.156852639369e-08,1.970296563395e+11,6.016152867725e+02,7.602124627811e+01,4.463550920334e-18
4.999995010435e-03,8.348454917234e-03,4.194813416206e-10,1.068031307582e+12,6.005387589026e+02,7.615752222885e+01,2.991170784309e-20
