# Cantera 3.2.0, h2o2.yaml, mixture-averaged, pure N2 at 101325 Pa (mu, lambda and cp do not depend on p here)
T_K,mu_Pa_s,lambda_W_m_K,cp_J_kg_K,R_J_kg_K
200.0,1.307237362492e-05,2.032066959577e-02,1.027811868386e+03,2.967966951579e+02
201.0,1.312796603383e-05,2.038058264795e-02,1.027936682282e+03,2.967966951579e+02
202.0,1.318342230852e-05,2.044053930602e-02,1.028060811148e+03,2.967966951579e+02
203.0,1.323874344834e-05,2.050053907513e-02,1.028184261522e+03,2.967966951579e+02
204.0,1.329393044175e-05,2.056058146508e-02,1.028307039924e+03,2.967966951579e+02
205.0,1.334898426656e-05,2.062066599025e-02,1.028429152856e+03,2.967966951579e+02
206.0,1.340390589003e-05,2.068079216961e-02,1.028550606802e+03,2.967966951579e+02
207.0,1.345869626903e-05,2.074095952663e-02,1.028671408231e+03,2.967966951579e+02
208.0,1.351335635016e-05,2.080116758927e-02,1.028791563592e+03,2.967966951579e+02
209.0,1.356788706991e-05,2.086141588992e-02,1.028911079318e+03,2.967966951579e+02
210.0,1.362228935475e-05,2.092170396538e-02,1.029029961825e+03,2.967966951579e+02
211.0,1.367656412134e-05,2.098203135678e-02,1.029148217510e+03,2.967966951579e+02
212.0,1.373071227659e-05,2.104239760958e-02,1.029265852753e+03,2.967966951579e+02
213.0,1.378473471781e-05,2.110280227351e-02,1.029382873919e+03,2.967966951579e+02
214.0,1.383863233287e-05,2.116324490255e-02,1.029499287351e+03,2.967966951579e+02
215.0,1.389240600027e-05,2.122372505483e-02,1.029615099379e+03,2.967966951579e+02
216.0,1.394605658931e-05,2.128424229267e-02,1.029730316313e+03,2.967966951579e+02
217.0,1.399958496020e-05,2.134479618249e-02,1.029844944447e+03,2.967966951579e+02
218.0,1.405299196414e-05,2.140538629478e-02,1.029958990057e+03,2.967966951579e+02
219.0,1.410627844352e-05,2.146601220406e-02,1.030072459401e+03,2.967966951579e+02
220.0,1.415944523195e-05,2.152667348885e-02,1.030185358720e+03,2.967966951579e+02
221.0,1.421249315443e-05,2.158736973161e-02,1.030297694237e+03,2.967966951579e+02
222.0,1.426542302744e-05,2.164810051874e-02,1.030409472161e+03,2.967966951579e+02
223.0,1.431823565908e-05,2.170886544049e-02,1.030520698678e+03,2.967966951579e+02
224.0,1.437093184913e-05,2.176966409096e-02,1.030631379961e+03,2.967966951579e+02
225.0,1.442351238920e-05,2.183049606804e-02,1.030741522164e+03,2.967966951579e+02
226.0,1.447597806281e-05,2.189136097341e-02,1.030851131423e+03,2.967966951579e+02
227.0,1.452832964554e-05,2.195225841245e-02,1.030960213857e+03,2.967966951579e+02
228.0,1.458056790505e-05,2.201318799422e-02,1.031068775569e+03,2.967966951579e+02
229.0,1.463269360127e-05,2.207414933144e-02,1.031176822642e+03,2.967966951579e+02
230.0,1.468470748647e-05,2.213514204047e-02,1.031284361144e+03,2.967966951579e+02
231.0,1.473661030531e-05,2.219616574120e-02,1.031391397124e+03,2.967966951579e+02
232.0,1.478840279502e-05,2.225722005709e-02,1.031497936615e+03,2.967966951579e+02
233.0,1.484008568542e-05,2.231830461510e-02,1.031603985631e+03,2.967966951579e+02
234.0,1.489165969910e-05,2.237941904566e-02,1.031709550169e+03,2.967966951579e+02
235.0,1.494312555140e-05,2.244056298264e-02,1.031814636210e+03,2.967966951579e+02
236.0,1.499448395061e-05,2.250173606329e-02,1.031919249715e+03,2.967966951579e+02
237.0,1.504573559799e-05,2.256293792826e-02,1.032023396630e+03,2.967966951579e+02
238.0,1.509688118790e-05,2.262416822149e-02,1.032127082883e+03,2.967966951579e+02
239.0,1.514792140787e-05,2.268542659025e-02,1.032230314383e+03,2.967966951579e+02
240.0,1.519885693867e-05,2.274671268505e-02,1.032333097024e+03,2.967966951579e+02
241.0,1.524968845442e-05,2.280802615965e-02,1.032435436681e+03,2.967966951579e+02
242.0,1.530041662269e-05,2.286936667100e-02,1.032537339212e+03,2.967966951579e+02
243.0,1.535104210452e-05,2.293073387922e-02,1.032638810458e+03,2.967966951579e+02
244.0,1.540156555458e-05,2.299212744754e-02,1.032739856241e+03,2.967966951579e+02
245.0,1.545198762117e-05,2.305354704232e-02,1.032840482368e+03,2.967966951579e+02
246.0,1.550230894637e-05,2.311499233296e-02,1.032940694626e+03,2.967966951579e+02
247.0,1.555253016608e-05,2.317646299193e-02,1.033040498787e+03,2.967966951579e+02
248.0,1.560265191010e-05,2.323795869468e-02,1.033139900605e+03,2.967966951579e+02
249.0,1.565267480221e-05,2.329947911964e-02,1.033238905814e+03,2.967966951579e+02
250.0,1.570259946026e-05,2.336102394820e-02,1.033337520135e+03,2.967966951579e+02
251.0,1.575242649619e-05,2.342259286464e-02,1.033435749268e+03,2.967966951579e+02
252.0,1.580215651619e-05,2.348418555615e-02,1.033533598897e+03,2.967966951579e+02
253.0,1.585179012067e-05,2.354580171276e-02,1.033631074688e+03,2.967966951579e+02
254.0,1.590132790443e-05,2.360744102733e-02,1.033728182291e+03,2.967966951579e+02
255.0,1.595077045664e-05,2.366910319551e-02,1.033824927338e+03,2.967966951579e+02
256.0,1.600011836098e-05,2.373078791573e-02,1.033921315441e+03,2.967966951579e+02
257.0,1.604937219565e-05,2.379249488915e-02,1.034017352199e+03,2.967966951579e+02
258.0,1.609853253348e-05,2.385422381966e-02,1.034113043190e+03,2.967966951579e+02
259.0,1.614759994197e-05,2.391597441381e-02,1.034208393976e+03,2.967966951579e+02
260.0,1.619657498337e-05,2.397774638083e-02,1.034303410102e+03,2.967966951579e+02
261.0,1.624545821473e-05,2.403953943255e-02,1.034398097095e+03,2.967966951579e+02
262.0,1.629425018795e-05,2.410135328343e-02,1.034492460465e+03,2.967966951579e+02
263.0,1.634295144989e-05,2.416318765050e-02,1.034586505704e+03,2.967966951579e+02
264.0,1.639156254239e-05,2.422504225333e-02,1.034680238287e+03,2.967966951579e+02
265.0,1.644008400232e-05,2.428691681402e-02,1.034773663671e+03,2.967966951579e+02
266.0,1.648851636169e-05,2.434881105717e-02,1.034866787296e+03,2.967966951579e+02
267.0,1.653686014766e-05,2.441072470985e-02,1.034959614585e+03,2.967966951579e+02
268.0,1.658511588260e-05,2.447265750158e-02,1.035052150943e+03,2.967966951579e+02
269.0,1.663328408420e-05,2.453460916430e-02,1.035144401758e+03,2.967966951579e+02
270.0,1.668136526544e-05,2.459657943234e-02,1.035236372401e+03,2.967966951579e+02
271.0,1.672935993473e-05,2.465856804242e-02,1.035328068224e+03,2.967966951579e+02
272.0,1.677726859590e-05,2.472057473360e-02,1.035419494562e+03,2.967966951579e+02
273.0,1.682509174829e-05,2.478259924726e-02,1.035510656735e+03,2.967966951579e+02
274.0,1.687282988680e-05,2.484464132709e-02,1.035601560042e+03,2.967966951579e+02
275.0,1.692048350191e-05,2.490670071905e-02,1.035692209767e+03,2.967966951579e+02
276.0,1.696805307977e-05,2.496877717137e-02,1.035782611176e+03,2.967966951579e+02
277.0,1.701553910224e-05,2.503087043450e-02,1.035872769517e+03,2.967966951579e+02
278.0,1.706294204692e-05,2.509298026109e-02,1.035962690021e+03,2.967966951579e+02
279.0,1.711026238722e-05,2.515510640601e-02,1.036052377903e+03,2.967966951579e+02
280.0,1.715750059240e-05,2.521724862627e-02,1.036141838357e+03,2.967966951579e+02
281.0,1.720465712763e-05,2.527940668102e-02,1.036231076564e+03,2.967966951579e+02
282.0,1.725173245400e-05,2.534158033155e-02,1.036320097684e+03,2.967966951579e+02
283.0,1.729872702863e-05,2.540376934123e-02,1.036408906861e+03,2.967966951579e+02
284.0,1.734564130465e-05,2.546597347554e-02,1.036497509223e+03,2.967966951579e+02
285.0,1.739247573129e-05,2.552819250199e-02,1.036585909877e+03,2.967966951579e+02
286.0,1.743923075388e-05,2.559042619014e-02,1.036674113917e+03,2.967966951579e+02
287.0,1.748590681397e-05,2.565267431155e-02,1.036762126415e+03,2.967966951579e+02
288.0,1.753250434928e-05,2.571493663982e-02,1.036849952429e+03,2.967966951579e+02
289.0,1.757902379380e-05,2.577721295047e-02,1.036937596999e+03,2.967966951579e+02
290.0,1.762546557785e-05,2.583950302103e-02,1.037025065147e+03,2.967966951579e+02
291.0,1.767183012804e-05,2.590180663093e-02,1.037112361877e+03,2.967966951579e+02
292.0,1.771811786741e-05,2.596412356155e-02,1.037199492176e+03,2.967966951579e+02
293.0,1.776432921538e-05,2.602645359613e-02,1.037286461015e+03,2.967966951579e+02
294.0,1.781046458788e-05,2.608879651983e-02,1.037373273345e+03,2.967966951579e+02
295.0,1.785652439729e-05,2.615115211966e-02,1.037459934103e+03,2.967966951579e+02
296.0,1.790250905256e-05,2.621352018445e-02,1.037546448204e+03,2.967966951579e+02
297.0,1.794841895923e-05,2.627590050489e-02,1.037632820550e+03,2.967966951579e+02
298.0,1.799425451943e-05,2.633829287345e-02,1.037719056023e+03,2.967966951579e+02
299.0,1.804001613196e-05,2.640069708441e-02,1.037805159489e+03,2.967966951579e+02
300.0,1.808570419229e-05,2.646311293381e-02,1.037891135796e+03,2.967966951579e+02
301.0,1.813131909265e-05,2.652554021944e-02,1.037976989773e+03,2.967966951579e+02
302.0,1.817686122200e-05,2.658797874083e-02,1.038062726235e+03,2.967966951579e+02
303.0,1.822233096611e-05,2.665042829925e-02,1.038148349976e+03,2.967966951579e+02
304.0,1.826772870760e-05,2.671288869764e-02,1.038233865775e+03,2.967966951579e+02
305.0,1.831305482592e-05,2.677535974064e-02,1.038319278394e+03,2.967966951579e+02
306.0,1.835830969744e-05,2.683784123457e-02,1.038404592574e+03,2.967966951579e+02
307.0,1.840349369549e-05,2.690033298739e-02,1.038489813043e+03,2.967966951579e+02
308.0,1.844860719031e-05,2.696283480870e-02,1.038574944509e+03,2.967966951579e+02
309.0,1.849365054918e-05,2.702534650972e-02,1.038659991664e+03,2.967966951579e+02
310.0,1.853862413641e-05,2.708786790329e-02,1.038744959180e+03,2.967966951579e+02
311.0,1.858352831336e-05,2.715039880381e-02,1.038829851714e+03,2.967966951579e+02
312.0,1.862836343849e-05,2.721293902727e-02,1.038914673906e+03,2.967966951579e+02
313.0,1.867312986738e-05,2.727548839124e-02,1.038999430376e+03,2.967966951579e+02
314.0,1.871782795278e-05,2.733804671480e-02,1.039084125729e+03,2.967966951579e+02
315.0,1.876245804460e-05,2.740061381857e-02,1.039168764552e+03,2.967966951579e+02
316.0,1.880702049001e-05,2.746318952469e-02,1.039253351413e+03,2.967966951579e+02
317.0,1.885151563337e-05,2.752577365680e-02,1.039337890866e+03,2.967966951579e+02
318.0,1.889594381636e-05,2.758836604002e-02,1.039422387443e+03,2.967966951579e+02
319.0,1.894030537793e-05,2.765096650093e-02,1.039506845663e+03,2.967966951579e+02
320.0,1.898460065438e-05,2.771357486759e-02,1.039591270025e+03,2.967966951579e+02
321.0,1.902882997937e-05,2.777619096949e-02,1.039675665010e+03,2.967966951579e+02
322.0,1.907299368393e-05,2.783881463755e-02,1.039760035085e+03,2.967966951579e+02
323.0,1.911709209652e-05,2.790144570410e-02,1.039844384695e+03,2.967966951579e+02
324.0,1.916112554303e-05,2.796408400287e-02,1.039928718272e+03,2.967966951579e+02
325.0,1.920509434681e-05,2.802672936899e-02,1.040013040228e+03,2.967966951579e+02
326.0,1.924899882872e-05,2.808938163896e-02,1.040097354957e+03,2.967966951579e+02
327.0,1.929283930712e-05,2.815204065064e-02,1.040181666838e+03,2.967966951579e+02
328.0,1.933661609794e-05,2.821470624324e-02,1.040265980231e+03,2.967966951579e+02
329.0,1.938032951464e-05,2.827737825730e-02,1.040350299479e+03,2.967966951579e+02
330.0,1.942397986831e-05,2.834005653469e-02,1.040434628907e+03,2.967966951579e+02
331.0,1.946756746763e-05,2.840274091860e-02,1.040518972823e+03,2.967966951579e+02
332.0,1.951109261896e-05,2.846543125349e-02,1.040603335519e+03,2.967966951579e+02
333.0,1.955455562627e-05,2.852812738513e-02,1.040687721266e+03,2.967966951579e+02
334.0,1.959795679127e-05,2.859082916056e-02,1.040772134321e+03,2.967966951579e+02
335.0,1.964129641337e-05,2.865353642807e-02,1.040856578923e+03,2.967966951579e+02
336.0,1.968457478969e-05,2.871624903723e-02,1.040941059292e+03,2.967966951579e+02
337.0,1.972779221515e-05,2.877896683882e-02,1.041025579633e+03,2.967966951579e+02
338.0,1.977094898242e-05,2.884168968484e-02,1.041110144130e+03,2.967966951579e+02
339.0,1.981404538199e-05,2.890441742854e-02,1.041194756953e+03,2.967966951579e+02
340.0,1.985708170216e-05,2.896714992435e-02,1.041279422253e+03,2.967966951579e+02
341.0,1.990005822909e-05,2.902988702789e-02,1.041364144164e+03,2.967966951579e+02
342.0,1.994297524681e-05,2.909262859597e-02,1.041448926803e+03,2.967966951579e+02
343.0,1.998583303723e-05,2.915537448658e-02,1.041533774269e+03,2.967966951579e+02
344.0,2.002863188018e-05,2.921812455885e-02,1.041618690643e+03,2.967966951579e+02
345.0,2.007137205341e-05,2.928087867307e-02,1.041703679989e+03,2.967966951579e+02
346.0,2.011405383262e-05,2.934363669066e-02,1.041788746355e+03,2.967966951579e+02
347.0,2.015667749150e-05,2.940639847419e-02,1.041873893769e+03,2.967966951579e+02
348.0,2.019924330172e-05,2.946916388732e-02,1.041959126245e+03,2.967966951579e+02
349.0,2.024175153295e-05,2.953193279483e-02,1.042044447776e+03,2.967966951579e+02
350.0,2.028420245290e-05,2.959470506261e-02,1.042129862339e+03,2.967966951579e+02
351.0,2.032659632734e-05,2.965748055760e-02,1.042215373895e+03,2.967966951579e+02
352.0,2.036893342008e-05,2.972025914785e-02,1.042300986385e+03,2.967966951579e+02
353.0,2.041121399306e-05,2.978304070248e-02,1.042386703735e+03,2.967966951579e+02
354.0,2.045343830627e-05,2.984582509163e-02,1.042472529852e+03,2.967966951579e+02
355.0,2.049560661788e-05,2.990861218653e-02,1.042558468627e+03,2.967966951579e+02
356.0,2.053771918416e-05,2.997140185943e-02,1.042644523931e+03,2.967966951579e+02
357.0,2.057977625955e-05,3.003419398359e-02,1.042730699620e+03,2.967966951579e+02
358.0,2.062177809669e-05,3.009698843332e-02,1.042816999533e+03,2.967966951579e+02
359.0,2.066372494638e-05,3.015978508393e-02,1.042903427489e+03,2.967966951579e+02
360.0,2.070561705765e-05,3.022258381173e-02,1.042989987291e+03,2.967966951579e+02
361.0,2.074745467776e-05,3.028538449401e-02,1.043076682726e+03,2.967966951579e+02
362.0,2.078923805220e-05,3.034818700905e-02,1.043163517561e+03,2.967966951579e+02
363.0,2.083096742475e-05,3.041099123612e-02,1.043250495547e+03,2.967966951579e+02
364.0,2.087264303745e-05,3.047379705544e-02,1.043337620417e+03,2.967966951579e+02
365.0,2.091426513062e-05,3.053660434817e-02,1.043424895888e+03,2.967966951579e+02
366.0,2.095583394293e-05,3.059941299646e-02,1.043512325658e+03,2.967966951579e+02
367.0,2.099734971133e-05,3.066222288336e-02,1.043599913407e+03,2.967966951579e+02
368.0,2.103881267115e-05,3.072503389287e-02,1.043687662801e+03,2.967966951579e+02
369.0,2.108022305606e-05,3.078784590991e-02,1.043775577484e+03,2.967966951579e+02
370.0,2.112158109811e-05,3.085065882031e-02,1.043863661087e+03,2.967966951579e+02
371.0,2.116288702773e-05,3.091347251081e-02,1.043951917220e+03,2.967966951579e+02
372.0,2.120414107375e-05,3.097628686905e-02,1.044040349477e+03,2.967966951579e+02
373.0,2.124534346344e-05,3.103910178355e-02,1.044128961435e+03,2.967966951579e+02
374.0,2.128649442247e-05,3.110191714372e-02,1.044217756654e+03,2.967966951579e+02
375.0,2.132759417499e-05,3.116473283986e-02,1.044306738674e+03,2.967966951579e+02
376.0,2.136864294358e-05,3.122754876310e-02,1.044395911021e+03,2.967966951579e+02
377.0,2.140964094931e-05,3.129036480546e-02,1.044485277202e+03,2.967966951579e+02
378.0,2.145058841175e-05,3.135318085979e-02,1.044574840705e+03,2.967966951579e+02
379.0,2.149148554895e-05,3.141599681981e-02,1.044664605003e+03,2.967966951579e+02
380.0,2.153233257750e-05,3.147881258005e-02,1.044754573552e+03,2.967966951579e+02
381.0,2.157312971250e-05,3.154162803588e-02,1.044844749787e+03,2.967966951579e+02
382.0,2.161387716760e-05,3.160444308350e-02,1.044935137130e+03,2.967966951579e+02
383.0,2.165457515500e-05,3.166725761991e-02,1.045025738982e+03,2.967966951579e+02
384.0,2.169522388550e-05,3.173007154292e-02,1.045116558728e+03,2.967966951579e+02
385.0,2.173582356843e-05,3.179288475115e-02,1.045207599737e+03,2.967966951579e+02
386.0,2.177637441177e-05,3.185569714401e-02,1.045298865358e+03,2.967966951579e+02
387.0,2.181687662206e-05,3.191850862168e-02,1.045390358925e+03,2.967966951579e+02
388.0,2.185733040450e-05,3.198131908515e-02,1.045482083752e+03,2.967966951579e+02
389.0,2.189773596290e-05,3.204412843617e-02,1.045574043138e+03,2.967966951579e+02
390.0,2.193809349971e-05,3.210693657723e-02,1.045666240363e+03,2.967966951579e+02
391.0,2.197840321605e-05,3.216974341162e-02,1.045758678691e+03,2.967966951579e+02
392.0,2.201866531171e-05,3.223254884336e-02,1.045851361366e+03,2.967966951579e+02
393.0,2.205887998514e-05,3.229535277722e-02,1.045944291619e+03,2.967966951579e+02
394.0,2.209904743352e-05,3.235815511871e-02,1.046037472658e+03,2.967966951579e+02
395.0,2.213916785269e-05,3.242095577409e-02,1.046130907679e+03,2.967966951579e+02
396.0,2.217924143723e-05,3.248375465031e-02,1.046224599856e+03,2.967966951579e+02
397.0,2.221926838044e-05,3.254655165508e-02,1.046318552349e+03,2.967966951579e+02
398.0,2.225924887437e-05,3.260934669681e-02,1.046412768299e+03,2.967966951579e+02
399.0,2.229918310980e-05,3.267213968460e-02,1.046507250830e+03,2.967966951579e+02
400.0,2.233907127627e-05,3.273493052829e-02,1.046602003048e+03,2.967966951579e+02
401.0,2.237891356210e-05,3.279771913839e-02,1.046697028042e+03,2.967966951579e+02
402.0,2.241871015440e-05,3.286050542610e-02,1.046792328884e+03,2.967966951579e+02
403.0,2.245846123904e-05,3.292328930332e-02,1.046887908628e+03,2.967966951579e+02
404.0,2.249816700072e-05,3.298607068263e-02,1.046983770310e+03,2.967966951579e+02
405.0,2.253782762294e-05,3.304884947725e-02,1.047079916951e+03,2.967966951579e+02
406.0,2.257744328803e-05,3.311162560112e-02,1.047176351551e+03,2.967966951579e+02
407.0,2.261701417715e-05,3.317439896880e-02,1.047273077096e+03,2.967966951579e+02
408.0,2.265654047028e-05,3.323716949552e-02,1.047370096553e+03,2.967966951579e+02
409.0,2.269602234630e-05,3.329993709716e-02,1.047467412871e+03,2.967966951579e+02
410.0,2.273545998291e-05,3.336270169026e-02,1.047565028983e+03,2.967966951579e+02
411.0,2.277485355669e-05,3.342546319197e-02,1.047662947803e+03,2.967966951579e+02
412.0,2.281420324312e-05,3.348822152011e-02,1.047761172229e+03,2.967966951579e+02
413.0,2.285350921656e-05,3.355097659309e-02,1.047859705141e+03,2.967966951579e+02
414.0,2.289277165026e-05,3.361372832998e-02,1.047958549401e+03,2.967966951579e+02
415.0,2.293199071640e-05,3.367647665045e-02,1.048057707855e+03,2.967966951579e+02
416.0,2.297116658606e-05,3.373922147479e-02,1.048157183331e+03,2.967966951579e+02
417.0,2.301029942925e-05,3.380196272388e-02,1.048256978639e+03,2.967966951579e+02
418.0,2.304938941494e-05,3.386470031924e-02,1.048357096571e+03,2.967966951579e+02
419.0,2.308843671102e-05,3.392743418295e-02,1.048457539904e+03,2.967966951579e+02
420.0,2.312744148434e-05,3.399016423770e-02,1.048558311395e+03,2.967966951579e+02
421.0,2.316640390072e-05,3.405289040678e-02,1.048659413786e+03,2.967966951579e+02
422.0,2.320532412494e-05,3.411561261404e-02,1.048760849799e+03,2.967966951579e+02
423.0,2.324420232079e-05,3.417833078394e-02,1.048862622140e+03,2.967966951579e+02
424.0,2.328303865101e-05,3.424104484147e-02,1.048964733498e+03,2.967966951579e+02
425.0,2.332183327737e-05,3.430375471223e-02,1.049067186544e+03,2.967966951579e+02
426.0,2.336058636062e-05,3.436646032236e-02,1.049169983932e+03,2.967966951579e+02
427.0,2.339929806054e-05,3.442916159858e-02,1.049273128298e+03,2.967966951579e+02
428.0,2.343796853592e-05,3.449185846814e-02,1.049376622260e+03,2.967966951579e+02
429.0,2.347659794460e-05,3.455455085887e-02,1.049480468420e+03,2.967966951579e+02
430.0,2.351518644344e-05,3.461723869911e-02,1.049584669362e+03,2.967966951579e+02
431.0,2.355373418835e-05,3.467992191778e-02,1.049689227652e+03,2.967966951579e+02
432.0,2.359224133429e-05,3.474260044431e-02,1.049794145840e+03,2.967966951579e+02
433.0,2.363070803530e-05,3.480527420867e-02,1.049899426458e+03,2.967966951579e+02
434.0,2.366913444446e-05,3.486794314137e-02,1.050005072019e+03,2.967966951579e+02
435.0,2.370752071395e-05,3.493060717344e-02,1.050111085020e+03,2.967966951579e+02
436.0,2.374586699502e-05,3.499326623641e-02,1.050217467942e+03,2.967966951579e+02
437.0,2.378417343803e-05,3.505592026234e-02,1.050324223246e+03,2.967966951579e+02
438.0,2.382244019241e-05,3.511856918382e-02,1.050431353377e+03,2.967966951579e+02
439.0,2.386066740672e-05,3.518121293392e-02,1.050538860761e+03,2.967966951579e+02
440.0,2.389885522862e-05,3.524385144622e-02,1.050646747810e+03,2.967966951579e+02
441.0,2.393700380491e-05,3.530648465480e-02,1.050755016915e+03,2.967966951579e+02
442.0,2.397511328148e-05,3.536911249425e-02,1.050863670451e+03,2.967966951579e+02
443.0,2.401318380338e-05,3.543173489964e-02,1.050972710776e+03,2.967966951579e+02
444.0,2.405121551482e-05,3.549435180651e-02,1.051082140230e+03,2.967966951579e+02
445.0,2.408920855911e-05,3.555696315091e-02,1.051191961136e+03,2.967966951579e+02
446.0,2.412716307875e-05,3.561956886937e-02,1.051302175798e+03,2.967966951579e+02
447.0,2.416507921540e-05,3.568216889886e-02,1.051412786506e+03,2.967966951579e+02
448.0,2.420295710987e-05,3.574476317687e-02,1.051523795529e+03,2.967966951579e+02
449.0,2.424079690216e-05,3.580735164133e-02,1.051635205121e+03,2.967966951579e+02
450.0,2.427859873143e-05,3.586993423063e-02,1.051747017517e+03,2.967966951579e+02
451.0,2.431636273607e-05,3.593251088365e-02,1.051859234936e+03,2.967966951579e+02
452.0,2.435408905362e-05,3.599508153968e-02,1.051971859578e+03,2.967966951579e+02
453.0,2.439177782084e-05,3.605764613851e-02,1.052084893627e+03,2.967966951579e+02
454.0,2.442942917369e-05,3.612020462036e-02,1.052198339249e+03,2.967966951579e+02
455.0,2.446704324736e-05,3.618275692589e-02,1.052312198592e+03,2.967966951579e+02
456.0,2.450462017623e-05,3.624530299621e-02,1.052426473788e+03,2.967966951579e+02
457.0,2.454216009393e-05,3.630784277287e-02,1.052541166950e+03,2.967966951579e+02
458.0,2.457966313331e-05,3.637037619786e-02,1.052656280175e+03,2.967966951579e+02
459.0,2.461712942646e-05,3.643290321359e-02,1.052771815542e+03,2.967966951579e+02
460.0,2.465455910470e-05,3.649542376291e-02,1.052887775111e+03,2.967966951579e+02
461.0,2.469195229862e-05,3.655793778909e-02,1.053004160928e+03,2.967966951579e+02
462.0,2.472930913805e-05,3.662044523582e-02,1.053120975020e+03,2.967966951579e+02
463.0,2.476662975208e-05,3.668294604721e-02,1.053238219394e+03,2.967966951579e+02
464.0,2.480391426908e-05,3.674544016780e-02,1.053355896044e+03,2.967966951579e+02
465.0,2.484116281667e-05,3.680792754252e-02,1.053474006943e+03,2.967966951579e+02
466.0,2.487837552176e-05,3.687040811673e-02,1.053592554049e+03,2.967966951579e+02
467.0,2.491555251055e-05,3.693288183617e-02,1.053711539301e+03,2.967966951579e+02
468.0,2.495269390851e-05,3.699534864701e-02,1.053830964621e+03,2.967966951579e+02
469.0,2.498979984041e-05,3.705780849580e-02,1.053950831915e+03,2.967966951579e+02
470.0,2.502687043032e-05,3.712026132950e-02,1.054071143069e+03,2.967966951579e+02
471.0,2.506390580162e-05,3.718270709545e-02,1.054191899954e+03,2.967966951579e+02
472.0,2.510090607699e-05,3.724514574140e-02,1.054313104422e+03,2.967966951579e+02
473.0,2.513787137842e-05,3.730757721547e-02,1.054434758309e+03,2.967966951579e+02
474.0,2.517480182724e-05,3.737000146617e-02,1.054556863431e+03,2.967966951579e+02
475.0,2.521169754408e-05,3.743241844239e-02,1.054679421590e+03,2.967966951579e+02
476.0,2.524855864893e-05,3.749482809340e-02,1.054802434568e+03,2.967966951579e+02
477.0,2.528538526108e-05,3.755723036884e-02,1.054925904130e+03,2.967966951579e+02
478.0,2.532217749917e-05,3.761962521874e-02,1.055049832025e+03,2.967966951579e+02
479.0,2.535893548121e-05,3.768201259349e-02,1.055174219984e+03,2.967966951579e+02
480.0,2.539565932454e-05,3.774439244383e-02,1.055299069719e+03,2.967966951579e+02
481.0,2.543234914583e-05,3.780676472088e-02,1.055424382926e+03,2.967966951579e+02
482.0,2.546900506116e-05,3.786912937614e-02,1.055550161285e+03,2.967966951579e+02
483.0,2.550562718594e-05,3.793148636143e-02,1.055676406455e+03,2.967966951579e+02
484.0,2.554221563494e-05,3.799383562895e-02,1.055803120080e+03,2.967966951579e+02
485.0,2.557877052234e-05,3.805617713125e-02,1.055930303786e+03,2.967966951579e+02
486.0,2.561529196167e-05,3.811851082122e-02,1.056057959183e+03,2.967966951579e+02
487.0,2.565178006585e-05,3.818083665213e-02,1.056186087862e+03,2.967966951579e+02
488.0,2.568823494719e-05,3.824315457754e-02,1.056314691396e+03,2.967966951579e+02
489.0,2.572465671738e-05,3.830546455141e-02,1.056443771341e+03,2.967966951579e+02
490.0,2.576104548752e-05,3.836776652800e-02,1.056573329238e+03,2.967966951579e+02
491.0,2.579740136809e-05,3.843006046193e-02,1.056703366607e+03,2.967966951579e+02
492.0,2.583372446901e-05,3.849234630814e-02,1.056833884954e+03,2.967966951579e+02
493.0,2.587001489958e-05,3.855462402191e-02,1.056964885764e+03,2.967966951579e+02
494.0,2.590627276851e-05,3.861689355885e-02,1.057096370507e+03,2.967966951579e+02
495.0,2.594249818395e-05,3.867915487489e-02,1.057228340635e+03,2.967966951579e+02
496.0,2.597869125345e-05,3.874140792630e-02,1.057360797583e+03,2.967966951579e+02
497.0,2.601485208400e-05,3.880365266966e-02,1.057493742768e+03,2.967966951579e+02
498.0,2.605098078202e-05,3.886588906186e-02,1.057627177590e+03,2.967966951579e+02
499.0,2.608707745336e-05,3.892811706014e-02,1.057761103430e+03,2.967966951579e+02
500.0,2.612314220330e-05,3.899033662203e-02,1.057895521654e+03,2.967966951579e+02
501.0,2.615917513657e-05,3.905254770538e-02,1.058030433610e+03,2.967966951579e+02
502.0,2.619517635735e-05,3.911475026834e-02,1.058165840628e+03,2.967966951579e+02
503.0,2.623114596927e-05,3.917694426938e-02,1.058301744019e+03,2.967966951579e+02
504.0,2.626708407540e-05,3.923912966728e-02,1.058438145080e+03,2.967966951579e+02
505.0,2.630299077828e-05,3.930130642111e-02,1.058575045089e+03,2.967966951579e+02
506.0,2.633886617992e-05,3.936347449026e-02,1.058712445305e+03,2.967966951579e+02
507.0,2.637471038177e-05,3.942563383439e-02,1.058850346972e+03,2.967966951579e+02
508.0,2.641052348477e-05,3.948778441349e-02,1.058988751315e+03,2.967966951579e+02
509.0,2.644630558933e-05,3.954992618782e-02,1.059127659543e+03,2.967966951579e+02
510.0,2.648205679534e-05,3.961205911794e-02,1.059267072846e+03,2.967966951579e+02
511.0,2.651777720215e-05,3.967418316471e-02,1.059406992398e+03,2.967966951579e+02
512.0,2.655346690861e-05,3.973629828926e-02,1.059547419355e+03,2.967966951579e+02
513.0,2.658912601307e-05,3.979840445303e-02,1.059688354854e+03,2.967966951579e+02
514.0,2.662475461335e-05,3.986050161772e-02,1.059829800018e+03,2.967966951579e+02
515.0,2.666035280676e-05,3.992258974532e-02,1.059971755950e+03,2.967966951579e+02
516.0,2.669592069014e-05,3.998466879811e-02,1.060114223737e+03,2.967966951579e+02
517.0,2.673145835980e-05,4.004673873864e-02,1.060257204446e+03,2.967966951579e+02
518.0,2.676696591157e-05,4.010879952973e-02,1.060400699130e+03,2.967966951579e+02
519.0,2.680244344079e-05,4.017085113448e-02,1.060544708823e+03,2.967966951579e+02
520.0,2.683789104231e-05,4.023289351626e-02,1.060689234541e+03,2.967966951579e+02
521.0,2.687330881049e-05,4.029492663871e-02,1.060834277284e+03,2.967966951579e+02
522.0,2.690869683921e-05,4.035695046575e-02,1.060979838032e+03,2.967966951579e+02
523.0,2.694405522187e-05,4.041896496154e-02,1.061125917752e+03,2.967966951579e+02
524.0,2.697938405142e-05,4.048097009053e-02,1.061272517389e+03,2.967966951579e+02
525.0,2.701468342030e-05,4.054296581740e-02,1.061419637873e+03,2.967966951579e+02
526.0,2.704995342051e-05,4.060495210714e-02,1.061567280117e+03,2.967966951579e+02
527.0,2.708519414357e-05,4.066692892494e-02,1.061715445014e+03,2.967966951579e+02
528.0,2.712040568055e-05,4.072889623630e-02,1.061864133443e+03,2.967966951579e+02
529.0,2.715558812205e-05,4.079085400692e-02,1.062013346264e+03,2.967966951579e+02
530.0,2.719074155822e-05,4.085280220281e-02,1.062163084318e+03,2.967966951579e+02
531.0,2.722586607877e-05,4.091474079019e-02,1.062313348430e+03,2.967966951579e+02
532.0,2.726096177294e-05,4.097666973553e-02,1.062464139409e+03,2.967966951579e+02
533.0,2.729602872952e-05,4.103858900558e-02,1.062615458045e+03,2.967966951579e+02
534.0,2.733106703689e-05,4.110049856730e-02,1.062767305110e+03,2.967966951579e+02
535.0,2.736607678296e-05,4.116239838792e-02,1.062919681360e+03,2.967966951579e+02
536.0,2.740105805520e-05,4.122428843488e-02,1.063072587533e+03,2.967966951579e+02
537.0,2.743601094067e-05,4.128616867590e-02,1.063226024350e+03,2.967966951579e+02
538.0,2.747093552599e-05,4.134803907890e-02,1.063379992513e+03,2.967966951579e+02
539.0,2.750583189733e-05,4.140989961207e-02,1.063534492708e+03,2.967966951579e+02
540.0,2.754070014047e-05,4.147175024381e-02,1.063689525604e+03,2.967966951579e+02
541.0,2.757554034073e-05,4.153359094277e-02,1.063845091851e+03,2.967966951579e+02
542.0,2.761035258304e-05,4.159542167782e-02,1.064001192084e+03,2.967966951579e+02
543.0,2.764513695190e-05,4.165724241807e-02,1.064157826917e+03,2.967966951579e+02
544.0,2.767989353139e-05,4.171905313284e-02,1.064314996951e+03,2.967966951579e+02
545.0,2.771462240519e-05,4.178085379170e-02,1.064472702765e+03,2.967966951579e+02
546.0,2.774932365657e-05,4.184264436444e-02,1.064630944924e+03,2.967966951579e+02
547.0,2.778399736838e-05,4.190442482106e-02,1.064789723975e+03,2.967966951579e+02
548.0,2.781864362308e-05,4.196619513179e-02,1.064949040446e+03,2.967966951579e+02
549.0,2.785326250272e-05,4.202795526709e-02,1.065108894849e+03,2.967966951579e+02
550.0,2.788785408897e-05,4.208970519762e-02,1.065269287678e+03,2.967966951579e+02
551.0,2.792241846307e-05,4.215144489427e-02,1.065430219410e+03,2.967966951579e+02
552.0,2.795695570591e-05,4.221317432815e-02,1.065591690504e+03,2.967966951579e+02
553.0,2.799146589796e-05,4.227489347056e-02,1.065753701402e+03,2.967966951579e+02
554.0,2.802594911930e-05,4.233660229305e-02,1.065916252528e+03,2.967966951579e+02
555.0,2.806040544963e-05,4.239830076734e-02,1.066079344291e+03,2.967966951579e+02
556.0,2.809483496829e-05,4.245998886540e-02,1.066242977079e+03,2.967966951579e+02
557.0,2.812923775421e-05,4.252166655938e-02,1.066407151264e+03,2.967966951579e+02
558.0,2.816361388595e-05,4.258333382164e-02,1.066571867202e+03,2.967966951579e+02
559.0,2.819796344170e-05,4.264499062476e-02,1.066737125230e+03,2.967966951579e+02
560.0,2.823228649928e-05,4.270663694151e-02,1.066902925669e+03,2.967966951579e+02
561.0,2.826658313611e-05,4.276827274487e-02,1.067069268819e+03,2.967966951579e+02
562.0,2.830085342929e-05,4.282989800802e-02,1.067236154968e+03,2.967966951579e+02
563.0,2.833509745551e-05,4.289151270434e-02,1.067403584382e+03,2.967966951579e+02
564.0,2.836931529113e-05,4.295311680740e-02,1.067571557312e+03,2.967966951579e+02
565.0,2.840350701212e-05,4.301471029097e-02,1.067740073991e+03,2.967966951579e+02
566.0,2.843767269411e-05,4.307629312902e-02,1.067909134635e+03,2.967966951579e+02
567.0,2.847181241237e-05,4.313786529572e-02,1.068078739441e+03,2.967966951579e+02
568.0,2.850592624181e-05,4.319942676543e-02,1.068248888590e+03,2.967966951579e+02
569.0,2.854001425699e-05,4.326097751268e-02,1.068419582246e+03,2.967966951579e+02
570.0,2.857407653213e-05,4.332251751222e-02,1.068590820554e+03,2.967966951579e+02
571.0,2.860811314108e-05,4.338404673897e-02,1.068762603643e+03,2.967966951579e+02
572.0,2.864212415737e-05,4.344556516805e-02,1.068934931625e+03,2.967966951579e+02
573.0,2.867610965417e-05,4.350707277476e-02,1.069107804591e+03,2.967966951579e+02
574.0,2.871006970432e-05,4.356856953457e-02,1.069281222620e+03,2.967966951579e+02
575.0,2.874400438030e-05,4.363005542316e-02,1.069455185769e+03,2.967966951579e+02
576.0,2.877791375428e-05,4.369153041639e-02,1.069629694081e+03,2.967966951579e+02
577.0,2.881179789808e-05,4.375299449027e-02,1.069804747578e+03,2.967966951579e+02
578.0,2.884565688319e-05,4.381444762102e-02,1.069980346267e+03,2.967966951579e+02
579.0,2.887949078077e-05,4.387588978504e-02,1.070156490139e+03,2.967966951579e+02
580.0,2.891329966165e-05,4.393732095889e-02,1.070333179164e+03,2.967966951579e+02
581.0,2.894708359634e-05,4.399874111932e-02,1.070510413296e+03,2.967966951579e+02
582.0,2.898084265502e-05,4.406015024323e-02,1.070688192473e+03,2.967966951579e+02
583.0,2.901457690754e-05,4.412154830774e-02,1.070866516614e+03,2.967966951579e+02
584.0,2.904828642345e-05,4.418293529009e-02,1.071045385621e+03,2.967966951579e+02
585.0,2.908197127197e-05,4.424431116774e-02,1.071224799379e+03,2.967966951579e+02
586.0,2.911563152199e-05,4.430567591827e-02,1.071404757755e+03,2.967966951579e+02
587.0,2.914926724211e-05,4.436702951948e-02,1.071585260599e+03,2.967966951579e+02
588.0,2.918287850060e-05,4.442837194931e-02,1.071766307744e+03,2.967966951579e+02
589.0,2.921646536543e-05,4.448970318586e-02,1.071947899003e+03,2.967966951579e+02
590.0,2.925002790425e-05,4.455102320741e-02,1.072130034175e+03,2.967966951579e+02
591.0,2.928356618443e-05,4.461233199240e-02,1.072312713041e+03,2.967966951579e+02
592.0,2.931708027299e-05,4.467362951945e-02,1.072495935361e+03,2.967966951579e+02
593.0,2.935057023669e-05,4.473491576730e-02,1.072679700884e+03,2.967966951579e+02
594.0,2.938403614197e-05,4.479619071490e-02,1.072864009335e+03,2.967966951579e+02
595.0,2.941747805496e-05,4.485745434133e-02,1.073048860425e+03,2.967966951579e+02
596.0,2.945089604152e-05,4.491870662583e-02,1.073234253848e+03,2.967966951579e+02
597.0,2.948429016719e-05,4.497994754782e-02,1.073420189279e+03,2.967966951579e+02
598.0,2.951766049723e-05,4.504117708685e-02,1.073606666377e+03,2.967966951579e+02
599.0,2.955100709660e-05,4.510239522264e-02,1.073793684782e+03,2.967966951579e+02
600.0,2.958433002998e-05,4.516360193507e-02,1.073981244118e+03,2.967966951579e+02
601.0,2.961762936174e-05,4.522479720415e-02,1.074169343991e+03,2.967966951579e+02
602.0,2.965090515598e-05,4.528598101008e-02,1.074357983989e+03,2.967966951579e+02
603.0,2.968415747653e-05,4.534715333317e-02,1.074547163684e+03,2.967966951579e+02
604.0,2.971738638690e-05,4.540831415391e-02,1.074736882629e+03,2.967966951579e+02
605.0,2.975059195035e-05,4.546946345294e-02,1.074927140360e+03,2.967966951579e+02
606.0,2.978377422983e-05,4.553060121102e-02,1.075117936397e+03,2.967966951579e+02
607.0,2.981693328805e-05,4.559172740909e-02,1.075309270242e+03,2.967966951579e+02
608.0,2.985006918742e-05,4.565284202823e-02,1.075501141377e+03,2.967966951579e+02
609.0,2.988318199006e-05,4.571394504964e-02,1.075693549271e+03,2.967966951579e+02
610.0,2.991627175785e-05,4.577503645470e-02,1.075886493371e+03,2.967966951579e+02
611.0,2.994933855238e-05,4.583611622492e-02,1.076079973111e+03,2.967966951579e+02
612.0,2.998238243497e-05,4.589718434193e-02,1.076273987904e+03,2.967966951579e+02
613.0,3.001540346668e-05,4.595824078755e-02,1.076468537148e+03,2.967966951579e+02
614.0,3.004840170829e-05,4.601928554369e-02,1.076663620222e+03,2.967966951579e+02
615.0,3.008137722032e-05,4.608031859243e-02,1.076859236489e+03,2.967966951579e+02
616.0,3.011433006304e-05,4.614133991599e-02,1.077055385292e+03,2.967966951579e+02
617.0,3.014726029644e-05,4.620234949672e-02,1.077252065960e+03,2.967966951579e+02
618.0,3.018016798025e-05,4.626334731710e-02,1.077449277803e+03,2.967966951579e+02
619.0,3.021305317395e-05,4.632433335975e-02,1.077647020112e+03,2.967966951579e+02
620.0,3.024591593676e-05,4.638530760745e-02,1.077845292164e+03,2.967966951579e+02
621.0,3.027875632765e-05,4.644627004307e-02,1.078044093215e+03,2.967966951579e+02
622.0,3.031157440532e-05,4.650722064965e-02,1.078243422507e+03,2.967966951579e+02
623.0,3.034437022822e-05,4.656815941034e-02,1.078443279262e+03,2.967966951579e+02
624.0,3.037714385457e-05,4.662908630845e-02,1.078643662685e+03,2.967966951579e+02
625.0,3.040989534231e-05,4.669000132739e-02,1.078844571965e+03,2.967966951579e+02
626.0,3.044262474915e-05,4.675090445071e-02,1.079046006272e+03,2.967966951579e+02
627.0,3.047533213255e-05,4.681179566209e-02,1.079247964759e+03,2.967966951579e+02
628.0,3.050801754972e-05,4.687267494536e-02,1.079450446563e+03,2.967966951579e+02
629.0,3.054068105763e-05,4.693354228444e-02,1.079653450801e+03,2.967966951579e+02
630.0,3.057332271299e-05,4.699439766339e-02,1.079856976575e+03,2.967966951579e+02
631.0,3.060594257231e-05,4.705524106642e-02,1.080061022968e+03,2.967966951579e+02
632.0,3.063854069181e-05,4.711607247784e-02,1.080265589046e+03,2.967966951579e+02
633.0,3.067111712751e-05,4.717689188207e-02,1.080470673858e+03,2.967966951579e+02
634.0,3.070367193517e-05,4.723769926370e-02,1.080676276436e+03,2.967966951579e+02
635.0,3.073620517033e-05,4.729849460740e-02,1.080882395793e+03,2.967966951579e+02
636.0,3.076871688827e-05,4.735927789799e-02,1.081089030925e+03,2.967966951579e+02
637.0,3.080120714406e-05,4.742004912038e-02,1.081296180812e+03,2.967966951579e+02
638.0,3.083367599254e-05,4.748080825963e-02,1.081503844416e+03,2.967966951579e+02
639.0,3.086612348831e-05,4.754155530091e-02,1.081712020681e+03,2.967966951579e+02
640.0,3.089854968573e-05,4.760229022951e-02,1.081920708533e+03,2.967966951579e+02
641.0,3.093095463895e-05,4.766301303082e-02,1.082129906882e+03,2.967966951579e+02
642.0,3.096333840189e-05,4.772372369038e-02,1.082339614620e+03,2.967966951579e+02
643.0,3.099570102823e-05,4.778442219381e-02,1.082549830621e+03,2.967966951579e+02
644.0,3.102804257145e-05,4.784510852688e-02,1.082760553744e+03,2.967966951579e+02
645.0,3.106036308480e-05,4.790578267544e-02,1.082971782826e+03,2.967966951579e+02
646.0,3.109266262128e-05,4.796644462550e-02,1.083183516692e+03,2.967966951579e+02
647.0,3.112494123371e-05,4.802709436313e-02,1.083395754145e+03,2.967966951579e+02
648.0,3.115719897467e-05,4.808773187455e-02,1.083608493973e+03,2.967966951579e+02
649.0,3.118943589653e-05,4.814835714608e-02,1.083821734947e+03,2.967966951579e+02
650.0,3.122165205142e-05,4.820897016416e-02,1.084035475818e+03,2.967966951579e+02
651.0,3.125384749130e-05,4.826957091532e-02,1.084249715323e+03,2.967966951579e+02
652.0,3.128602226787e-05,4.833015938621e-02,1.084464452179e+03,2.967966951579e+02
653.0,3.131817643265e-05,4.839073556360e-02,1.084679685086e+03,2.967966951579e+02
654.0,3.135031003692e-05,4.845129943436e-02,1.084895412728e+03,2.967966951579e+02
655.0,3.138242313177e-05,4.851185098546e-02,1.085111633770e+03,2.967966951579e+02
656.0,3.141451576808e-05,4.857239020399e-02,1.085328346861e+03,2.967966951579e+02
657.0,3.144658799651e-05,4.863291707714e-02,1.085545550630e+03,2.967966951579e+02
658.0,3.147863986752e-05,4.869343159220e-02,1.085763243692e+03,2.967966951579e+02
659.0,3.151067143136e-05,4.875393373657e-02,1.085981424643e+03,2.967966951579e+02
660.0,3.154268273809e-05,4.881442349776e-02,1.086200092060e+03,2.967966951579e+02
661.0,3.157467383754e-05,4.887490086338e-02,1.086419244505e+03,2.967966951579e+02
662.0,3.160664477936e-05,4.893536582114e-02,1.086638880522e+03,2.967966951579e+02
663.0,3.163859561299e-05,4.899581835886e-02,1.086858998637e+03,2.967966951579e+02
664.0,3.167052638767e-05,4.905625846444e-02,1.087079597359e+03,2.967966951579e+02
665.0,3.170243715243e-05,4.911668612590e-02,1.087300675179e+03,2.967966951579e+02
666.0,3.173432795613e-05,4.917710133137e-02,1.087522230572e+03,2.967966951579e+02
667.0,3.176619884741e-05,4.923750406905e-02,1.087744261994e+03,2.967966951579e+02
668.0,3.179804987471e-05,4.929789432726e-02,1.087966767884e+03,2.967966951579e+02
669.0,3.182988108630e-05,4.935827209441e-02,1.088189746663e+03,2.967966951579e+02
670.0,3.186169253023e-05,4.941863735903e-02,1.088413196737e+03,2.967966951579e+02
671.0,3.189348425437e-05,4.947899010970e-02,1.088637116493e+03,2.967966951579e+02
672.0,3.192525630639e-05,4.953933033515e-02,1.088861504299e+03,2.967966951579e+02
673.0,3.195700873379e-05,4.959965802416e-02,1.089086358509e+03,2.967966951579e+02
674.0,3.198874158386e-05,4.965997316564e-02,1.089311677456e+03,2.967966951579e+02
675.0,3.202045490371e-05,4.972027574857e-02,1.089537459458e+03,2.967966951579e+02
676.0,3.205214874025e-05,4.978056576205e-02,1.089763702815e+03,2.967966951579e+02
677.0,3.208382314022e-05,4.984084319524e-02,1.089990405809e+03,2.967966951579e+02
678.0,3.211547815017e-05,4.990110803743e-02,1.090217566706e+03,2.967966951579e+02
679.0,3.214711381646e-05,4.996136027797e-02,1.090445183753e+03,2.967966951579e+02
680.0,3.217873018527e-05,5.002159990631e-02,1.090673255181e+03,2.967966951579e+02
681.0,3.221032730260e-05,5.008182691201e-02,1.090901779201e+03,2.967966951579e+02
682.0,3.224190521426e-05,5.014204128471e-02,1.091130754010e+03,2.967966951579e+02
683.0,3.227346396588e-05,5.020224301412e-02,1.091360177785e+03,2.967966951579e+02
684.0,3.230500360293e-05,5.026243209006e-02,1.091590048688e+03,2.967966951579e+02
685.0,3.233652417068e-05,5.032260850245e-02,1.091820364861e+03,2.967966951579e+02
686.0,3.236802571422e-05,5.038277224127e-02,1.092051124429e+03,2.967966951579e+02
687.0,3.239950827848e-05,5.044292329660e-02,1.092282325502e+03,2.967966951579e+02
688.0,3.243097190821e-05,5.050306165861e-02,1.092513966170e+03,2.967966951579e+02
689.0,3.246241664798e-05,5.056318731756e-02,1.092746044507e+03,2.967966951579e+02
690.0,3.249384254217e-05,5.062330026379e-02,1.092978558569e+03,2.967966951579e+02
691.0,3.252524963503e-05,5.068340048773e-02,1.093211506394e+03,2.967966951579e+02
692.0,3.255663797059e-05,5.074348797988e-02,1.093444886004e+03,2.967966951579e+02
693.0,3.258800759274e-05,5.080356273085e-02,1.093678695402e+03,2.967966951579e+02
694.0,3.261935854519e-05,5.086362473130e-02,1.093912932575e+03,2.967966951579e+02
695.0,3.265069087149e-05,5.092367397202e-02,1.094147595492e+03,2.967966951579e+02
696.0,3.268200461500e-05,5.098371044383e-02,1.094382682105e+03,2.967966951579e+02
697.0,3.271329981892e-05,5.104373413768e-02,1.094618190347e+03,2.967966951579e+02
698.0,3.274457652630e-05,5.110374504457e-02,1.094854118136e+03,2.967966951579e+02
699.0,3.277583478001e-05,5.116374315560e-02,1.095090463370e+03,2.967966951579e+02
700.0,3.280707462276e-05,5.122372846193e-02,1.095327223932e+03,2.967966951579e+02
701.0,3.283829609708e-05,5.128370095482e-02,1.095564397687e+03,2.967966951579e+02
702.0,3.286949924536e-05,5.134366062561e-02,1.095801982481e+03,2.967966951579e+02
703.0,3.290068410982e-05,5.140360746570e-02,1.096039976143e+03,2.967966951579e+02
704.0,3.293185073251e-05,5.146354146659e-02,1.096278376487e+03,2.967966951579e+02
705.0,3.296299915532e-05,5.152346261985e-02,1.096517181307e+03,2.967966951579e+02
706.0,3.299412942000e-05,5.158337091712e-02,1.096756388381e+03,2.967966951579e+02
707.0,3.302524156811e-05,5.164326635013e-02,1.096995995468e+03,2.967966951579e+02
708.0,3.305633564108e-05,5.170314891068e-02,1.097236000312e+03,2.967966951579e+02
709.0,3.308741168016e-05,5.176301859065e-02,1.097476400637e+03,2.967966951579e+02
710.0,3.311846972646e-05,5.182287538200e-02,1.097717194151e+03,2.967966951579e+02
711.0,3.314950982092e-05,5.188271927675e-02,1.097958378544e+03,2.967966951579e+02
712.0,3.318053200435e-05,5.194255026701e-02,1.098199951490e+03,2.967966951579e+02
713.0,3.321153631737e-05,5.200236834495e-02,1.098441910644e+03,2.967966951579e+02
714.0,3.324252280047e-05,5.206217350284e-02,1.098684253645e+03,2.967966951579e+02
715.0,3.327349149399e-05,5.212196573300e-02,1.098926978112e+03,2.967966951579e+02
716.0,3.330444243811e-05,5.218174502782e-02,1.099170081649e+03,2.967966951579e+02
717.0,3.333537567285e-05,5.224151137979e-02,1.099413561842e+03,2.967966951579e+02
718.0,3.336629123810e-05,5.230126478144e-02,1.099657416259e+03,2.967966951579e+02
719.0,3.339718917358e-05,5.236100522540e-02,1.099901642452e+03,2.967966951579e+02
720.0,3.342806951888e-05,5.242073270435e-02,1.100146237954e+03,2.967966951579e+02
721.0,3.345893231343e-05,5.248044721106e-02,1.100391200282e+03,2.967966951579e+02
722.0,3.348977759651e-05,5.254014873834e-02,1.100636526933e+03,2.967966951579e+02
723.0,3.352060540727e-05,5.259983727911e-02,1.100882215390e+03,2.967966951579e+02
724.0,3.355141578470e-05,5.265951282633e-02,1.101128263117e+03,2.967966951579e+02
725.0,3.358220876764e-05,5.271917537304e-02,1.101374667560e+03,2.967966951579e+02
726.0,3.361298439481e-05,5.277882491235e-02,1.101621426147e+03,2.967966951579e+02
727.0,3.364374270476e-05,5.283846143743e-02,1.101868536292e+03,2.967966951579e+02
728.0,3.367448373591e-05,5.289808494153e-02,1.102115995388e+03,2.967966951579e+02
729.0,3.370520752653e-05,5.295769541797e-02,1.102363800812e+03,2.967966951579e+02
730.0,3.373591411477e-05,5.301729286011e-02,1.102611949923e+03,2.967966951579e+02
731.0,3.376660353861e-05,5.307687726140e-02,1.102860440064e+03,2.967966951579e+02
732.0,3.379727583591e-05,5.313644861536e-02,1.103109268560e+03,2.967966951579e+02
733.0,3.382793104438e-05,5.319600691557e-02,1.103358432716e+03,2.967966951579e+02
734.0,3.385856920160e-05,5.325555215566e-02,1.103607929825e+03,2.967966951579e+02
735.0,3.388919034502e-05,5.331508432935e-02,1.103857757157e+03,2.967966951579e+02
736.0,3.391979451192e-05,5.337460343040e-02,1.104107911967e+03,2.967966951579e+02
737.0,3.395038173947e-05,5.343410945266e-02,1.104358391494e+03,2.967966951579e+02
738.0,3.398095206470e-05,5.349360239002e-02,1.104609192958e+03,2.967966951579e+02
739.0,3.401150552452e-05,5.355308223646e-02,1.104860313560e+03,2.967966951579e+02
740.0,3.404204215566e-05,5.361254898599e-02,1.105111750487e+03,2.967966951579e+02
741.0,3.407256199477e-05,5.367200263271e-02,1.105363500907e+03,2.967966951579e+02
742.0,3.410306507833e-05,5.373144317077e-02,1.105615561969e+03,2.967966951579e+02
743.0,3.413355144271e-05,5.379087059439e-02,1.105867930808e+03,2.967966951579e+02
744.0,3.416402112412e-05,5.385028489784e-02,1.106120604538e+03,2.967966951579e+02
745.0,3.419447415868e-05,5.390968607546e-02,1.106373580258e+03,2.967966951579e+02
746.0,3.422491058233e-05,5.396907412165e-02,1.106626855049e+03,2.967966951579e+02
747.0,3.425533043093e-05,5.402844903087e-02,1.106880425974e+03,2.967966951579e+02
748.0,3.428573374018e-05,5.408781079763e-02,1.107134290079e+03,2.967966951579e+02
749.0,3.431612054565e-05,5.414715941652e-02,1.107388444393e+03,2.967966951579e+02
750.0,3.434649088280e-05,5.420649488217e-02,1.107642885927e+03,2.967966951579e+02
751.0,3.437684478695e-05,5.426581718928e-02,1.107897611675e+03,2.967966951579e+02
752.0,3.440718229330e-05,5.432512633260e-02,1.108152618613e+03,2.967966951579e+02
753.0,3.443750343691e-05,5.438442230696e-02,1.108407903699e+03,2.967966951579e+02
754.0,3.446780825274e-05,5.444370510722e-02,1.108663463877e+03,2.967966951579e+02
755.0,3.449809677560e-05,5.450297472831e-02,1.108919296069e+03,2.967966951579e+02
756.0,3.452836904019e-05,5.456223116522e-02,1.109175397182e+03,2.967966951579e+02
757.0,3.455862508108e-05,5.462147441299e-02,1.109431764106e+03,2.967966951579e+02
758.0,3.458886493272e-05,5.468070446673e-02,1.109688393712e+03,2.967966951579e+02
759.0,3.461908862944e-05,5.473992132158e-02,1.109945282856e+03,2.967966951579e+02
760.0,3.464929620545e-05,5.479912497277e-02,1.110202428373e+03,2.967966951579e+02
761.0,3.467948769482e-05,5.485831541556e-02,1.110459827084e+03,2.967966951579e+02
762.0,3.470966313152e-05,5.491749264527e-02,1.110717475790e+03,2.967966951579e+02
763.0,3.473982254939e-05,5.497665665728e-02,1.110975371277e+03,2.967966951579e+02
764.0,3.476996598215e-05,5.503580744703e-02,1.111233510312e+03,2.967966951579e+02
765.0,3.480009346342e-05,5.509494501000e-02,1.111491889645e+03,2.967966951579e+02
766.0,3.483020502668e-05,5.515406934173e-02,1.111750506008e+03,2.967966951579e+02
767.0,3.486030070528e-05,5.521318043782e-02,1.112009356117e+03,2.967966951579e+02
768.0,3.489038053250e-05,5.527227829391e-02,1.112268436669e+03,2.967966951579e+02
769.0,3.492044454146e-05,5.533136290571e-02,1.112527744344e+03,2.967966951579e+02
770.0,3.495049276517e-05,5.539043426896e-02,1.112787275806e+03,2.967966951579e+02
771.0,3.498052523655e-05,5.544949237948e-02,1.113047027699e+03,2.967966951579e+02
772.0,3.501054198837e-05,5.550853723312e-02,1.113306996653e+03,2.967966951579e+02
773.0,3.504054305332e-05,5.556756882578e-02,1.113567179277e+03,2.967966951579e+02
774.0,3.507052846395e-05,5.562658715344e-02,1.113827572164e+03,2.967966951579e+02
775.0,3.510049825271e-05,5.568559221210e-02,1.114088171892e+03,2.967966951579e+02
776.0,3.513045245193e-05,5.574458399782e-02,1.114348975017e+03,2.967966951579e+02
777.0,3.516039109384e-05,5.580356250672e-02,1.114609978081e+03,2.967966951579e+02
778.0,3.519031421053e-05,5.586252773495e-02,1.114871177608e+03,2.967966951579e+02
779.0,3.522022183402e-05,5.592147967874e-02,1.115132570103e+03,2.967966951579e+02
780.0,3.525011399618e-05,5.598041833434e-02,1.115394152056e+03,2.967966951579e+02
781.0,3.527999072880e-05,5.603934369806e-02,1.115655919937e+03,2.967966951579e+02
782.0,3.530985206354e-05,5.609825576627e-02,1.115917870201e+03,2.967966951579e+02
783.0,3.533969803195e-05,5.615715453537e-02,1.116179999283e+03,2.967966951579e+02
784.0,3.536952866550e-05,5.621604000183e-02,1.116442303604e+03,2.967966951579e+02
785.0,3.539934399552e-05,5.627491216214e-02,1.116704779565e+03,2.967966951579e+02
786.0,3.542914405325e-05,5.633377101285e-02,1.116967423550e+03,2.967966951579e+02
787.0,3.545892886980e-05,5.639261655058e-02,1.117230231925e+03,2.967966951579e+02
788.0,3.548869847621e-05,5.645144877196e-02,1.117493201041e+03,2.967966951579e+02
789.0,3.551845290338e-05,5.651026767370e-02,1.117756327229e+03,2.967966951579e+02
790.0,3.554819218213e-05,5.656907325253e-02,1.118019606804e+03,2.967966951579e+02
791.0,3.557791634316e-05,5.662786550523e-02,1.118283036062e+03,2.967966951579e+02
792.0,3.560762541707e-05,5.668664442866e-02,1.118546611285e+03,2.967966951579e+02
793.0,3.563731943434e-05,5.674541001967e-02,1.118810328733e+03,2.967966951579e+02
794.0,3.566699842538e-05,5.680416227521e-02,1.119074184653e+03,2.967966951579e+02
795.0,3.569666242047e-05,5.686290119223e-02,1.119338175270e+03,2.967966951579e+02
796.0,3.572631144980e-05,5.692162676776e-02,1.119602296797e+03,2.967966951579e+02
797.0,3.575594554345e-05,5.698033899885e-02,1.119866545425e+03,2.967966951579e+02
798.0,3.578556473139e-05,5.703903788261e-02,1.120130917329e+03,2.967966951579e+02
799.0,3.581516904352e-05,5.709772341619e-02,1.120395408667e+03,2.967966951579e+02
800.0,3.584475850960e-05,5.715639559677e-02,1.120660015580e+03,2.967966951579e+02
801.0,3.587433315932e-05,5.721505442161e-02,1.120924734191e+03,2.967966951579e+02
802.0,3.590389302226e-05,5.727369988796e-02,1.121189560606e+03,2.967966951579e+02
803.0,3.593343812789e-05,5.733233199317e-02,1.121454490912e+03,2.967966951579e+02
804.0,3.596296850560e-05,5.739095073459e-02,1.121719521180e+03,2.967966951579e+02
805.0,3.599248418467e-05,5.744955610964e-02,1.121984647464e+03,2.967966951579e+02
806.0,3.602198519428e-05,5.750814811576e-02,1.122249865799e+03,2.967966951579e+02
807.0,3.605147156353e-05,5.756672675044e-02,1.122515172205e+03,2.967966951579e+02
808.0,3.608094332138e-05,5.762529201122e-02,1.122780562682e+03,2.967966951579e+02
809.0,3.611040049675e-05,5.768384389569e-02,1.123046033214e+03,2.967966951579e+02
810.0,3.613984311843e-05,5.774238240144e-02,1.123311579767e+03,2.967966951579e+02
811.0,3.616927121511e-05,5.780090752616e-02,1.123577198290e+03,2.967966951579e+02
812.0,3.619868481541e-05,5.785941926752e-02,1.123842884715e+03,2.967966951579e+02
813.0,3.622808394782e-05,5.791791762328e-02,1.124108634955e+03,2.967966951579e+02
814.0,3.625746864078e-05,5.797640259122e-02,1.124374444908e+03,2.967966951579e+02
815.0,3.628683892259e-05,5.803487416915e-02,1.124640310451e+03,2.967966951579e+02
816.0,3.631619482149e-05,5.809333235493e-02,1.124906227448e+03,2.967966951579e+02
817.0,3.634553636561e-05,5.815177714648e-02,1.125172191743e+03,2.967966951579e+02
818.0,3.637486358299e-05,5.821020854173e-02,1.125438199162e+03,2.967966951579e+02
819.0,3.640417650159e-05,5.826862653865e-02,1.125704245515e+03,2.967966951579e+02
820.0,3.643347514925e-05,5.832703113526e-02,1.125970326594e+03,2.967966951579e+02
821.0,3.646275955375e-05,5.838542232964e-02,1.126236438175e+03,2.967966951579e+02
822.0,3.649202974275e-05,5.844380011985e-02,1.126502576013e+03,2.967966951579e+02
823.0,3.652128574385e-05,5.850216450406e-02,1.126768735849e+03,2.967966951579e+02
824.0,3.655052758453e-05,5.856051548041e-02,1.127034913406e+03,2.967966951579e+02
825.0,3.657975529221e-05,5.861885304713e-02,1.127301104389e+03,2.967966951579e+02
826.0,3.660896889418e-05,5.867717720247e-02,1.127567304485e+03,2.967966951579e+02
827.0,3.663816841768e-05,5.873548794470e-02,1.127833509364e+03,2.967966951579e+02
828.0,3.666735388985e-05,5.879378527215e-02,1.128099714680e+03,2.967966951579e+02
829.0,3.669652533772e-05,5.885206918318e-02,1.128365916067e+03,2.967966951579e+02
830.0,3.672568278827e-05,5.891033967618e-02,1.128632109144e+03,2.967966951579e+02
831.0,3.675482626836e-05,5.896859674959e-02,1.128898289511e+03,2.967966951579e+02
832.0,3.678395580477e-05,5.902684040188e-02,1.129164452751e+03,2.967966951579e+02
833.0,3.681307142421e-05,5.908507063154e-02,1.129430594431e+03,2.967966951579e+02
834.0,3.684217315329e-05,5.914328743713e-02,1.129696710098e+03,2.967966951579e+02
835.0,3.687126101852e-05,5.920149081722e-02,1.129962795283e+03,2.967966951579e+02
836.0,3.690033504637e-05,5.925968077041e-02,1.130228845500e+03,2.967966951579e+02
837.0,3.692939526316e-05,5.931785729536e-02,1.130494856245e+03,2.967966951579e+02
838.0,3.695844169519e-05,5.937602039075e-02,1.130760822996e+03,2.967966951579e+02
839.0,3.698747436862e-05,5.943417005530e-02,1.131026741215e+03,2.967966951579e+02
840.0,3.701649330957e-05,5.949230628775e-02,1.131292606346e+03,2.967966951579e+02
841.0,3.704549854405e-05,5.955042908690e-02,1.131558413815e+03,2.967966951579e+02
842.0,3.707449009799e-05,5.960853845156e-02,1.131824159031e+03,2.967966951579e+02
843.0,3.710346799725e-05,5.966663438059e-02,1.132089837385e+03,2.967966951579e+02
844.0,3.713243226759e-05,5.972471687288e-02,1.132355444252e+03,2.967966951579e+02
845.0,3.716138293470e-05,5.978278592735e-02,1.132620974989e+03,2.967966951579e+02
846.0,3.719032002418e-05,5.984084154295e-02,1.132886424935e+03,2.967966951579e+02
847.0,3.721924356156e-05,5.989888371867e-02,1.133151789411e+03,2.967966951579e+02
848.0,3.724815357228e-05,5.995691245353e-02,1.133417063723e+03,2.967966951579e+02
849.0,3.727705008169e-05,6.001492774660e-02,1.133682243157e+03,2.967966951579e+02
850.0,3.730593311508e-05,6.007292959695e-02,1.133947322983e+03,2.967966951579e+02
851.0,3.733480269765e-05,6.013091800371e-02,1.134212298453e+03,2.967966951579e+02
852.0,3.736365885451e-05,6.018889296602e-02,1.134477164803e+03,2.967966951579e+02
853.0,3.739250161071e-05,6.024685448307e-02,1.134741917249e+03,2.967966951579e+02
854.0,3.742133099120e-05,6.030480255408e-02,1.135006550992e+03,2.967966951579e+02
855.0,3.745014702088e-05,6.036273717830e-02,1.135271061214e+03,2.967966951579e+02
856.0,3.747894972453e-05,6.042065835499e-02,1.135535443081e+03,2.967966951579e+02
857.0,3.750773912690e-05,6.047856608348e-02,1.135799691739e+03,2.967966951579e+02
858.0,3.753651525262e-05,6.053646036311e-02,1.136063802321e+03,2.967966951579e+02
859.0,3.756527812628e-05,6.059434119324e-02,1.136327769938e+03,2.967966951579e+02
860.0,3.759402777235e-05,6.065220857328e-02,1.136591589685e+03,2.967966951579e+02
861.0,3.762276421526e-05,6.071006250267e-02,1.136855256642e+03,2.967966951579e+02
862.0,3.765148747935e-05,6.076790298087e-02,1.137118765869e+03,2.967966951579e+02
863.0,3.768019758887e-05,6.082573000737e-02,1.137382112409e+03,2.967966951579e+02
864.0,3.770889456803e-05,6.088354358169e-02,1.137645291288e+03,2.967966951579e+02
865.0,3.773757844093e-05,6.094134370340e-02,1.137908297515e+03,2.967966951579e+02
866.0,3.776624923162e-05,6.099913037208e-02,1.138171126080e+03,2.967966951579e+02
867.0,3.779490696404e-05,6.105690358733e-02,1.138433771957e+03,2.967966951579e+02
868.0,3.782355166209e-05,6.111466334881e-02,1.138696230102e+03,2.967966951579e+02
869.0,3.785218334959e-05,6.117240965619e-02,1.138958495455e+03,2.967966951579e+02
870.0,3.788080205028e-05,6.123014250916e-02,1.139220562935e+03,2.967966951579e+02
871.0,3.790940778782e-05,6.128786190745e-02,1.139482427449e+03,2.967966951579e+02
872.0,3.793800058580e-05,6.134556785084e-02,1.139744083881e+03,2.967966951579e+02
873.0,3.796658046775e-05,6.140326033909e-02,1.140005527102e+03,2.967966951579e+02
874.0,3.799514745711e-05,6.146093937204e-02,1.140266751962e+03,2.967966951579e+02
875.0,3.802370157726e-05,6.151860494952e-02,1.140527753297e+03,2.967966951579e+02
876.0,3.805224285150e-05,6.157625707140e-02,1.140788525923e+03,2.967966951579e+02
877.0,3.808077130307e-05,6.163389573758e-02,1.141049064639e+03,2.967966951579e+02
878.0,3.810928695512e-05,6.169152094800e-02,1.141309364228e+03,2.967966951579e+02
879.0,3.813778983074e-05,6.174913270261e-02,1.141569419454e+03,2.967966951579e+02
880.0,3.816627995296e-05,6.180673100138e-02,1.141829225064e+03,2.967966951579e+02
881.0,3.819475734471e-05,6.186431584433e-02,1.142088775789e+03,2.967966951579e+02
882.0,3.822322202889e-05,6.192188723150e-02,1.142348066341e+03,2.967966951579e+02
883.0,3.825167402828e-05,6.197944516294e-02,1.142607091414e+03,2.967966951579e+02
884.0,3.828011336565e-05,6.203698963875e-02,1.142865845686e+03,2.967966951579e+02
885.0,3.830854006364e-05,6.209452065905e-02,1.143124323818e+03,2.967966951579e+02
886.0,3.833695414487e-05,6.215203822398e-02,1.143382520452e+03,2.967966951579e+02
887.0,3.836535563186e-05,6.220954233370e-02,1.143640430213e+03,2.967966951579e+02
888.0,3.839374454707e-05,6.226703298842e-02,1.143898047710e+03,2.967966951579e+02
889.0,3.842212091290e-05,6.232451018835e-02,1.144155367533e+03,2.967966951579e+02
890.0,3.845048475168e-05,6.238197393375e-02,1.144412384254e+03,2.967966951579e+02
891.0,3.847883608567e-05,6.243942422488e-02,1.144669092430e+03,2.967966951579e+02
892.0,3.850717493705e-05,6.249686106204e-02,1.144925486599e+03,2.967966951579e+02
893.0,3.853550132795e-05,6.255428444556e-02,1.145181561282e+03,2.967966951579e+02
894.0,3.856381528044e-05,6.261169437578e-02,1.145437310982e+03,2.967966951579e+02
895.0,3.859211681649e-05,6.266909085309e-02,1.145692730184e+03,2.967966951579e+02
896.0,3.862040595803e-05,6.272647387787e-02,1.145947813359e+03,2.967966951579e+02
897.0,3.864868272693e-05,6.278384345056e-02,1.146202554956e+03,2.967966951579e+02
898.0,3.867694714497e-05,6.284119957160e-02,1.146456949410e+03,2.967966951579e+02
899.0,3.870519923389e-05,6.289854224146e-02,1.146710991137e+03,2.967966951579e+02
900.0,3.873343901535e-05,6.295587146064e-02,1.146964674536e+03,2.967966951579e+02
901.0,3.876166651094e-05,6.301318722967e-02,1.147217993989e+03,2.967966951579e+02
902.0,3.878988174220e-05,6.307048954908e-02,1.147470943858e+03,2.967966951579e+02
903.0,3.881808473060e-05,6.312777841945e-02,1.147723518493e+03,2.967966951579e+02
904.0,3.884627549754e-05,6.318505384137e-02,1.147975712220e+03,2.967966951579e+02
905.0,3.887445406436e-05,6.324231581545e-02,1.148227519353e+03,2.967966951579e+02
906.0,3.890262045234e-05,6.329956434234e-02,1.148478934185e+03,2.967966951579e+02
907.0,3.893077468270e-05,6.335679942270e-02,1.148729950995e+03,2.967966951579e+02
908.0,3.895891677658e-05,6.341402105721e-02,1.148980564041e+03,2.967966951579e+02
909.0,3.898704675507e-05,6.347122924659e-02,1.149230767565e+03,2.967966951579e+02
910.0,3.901516463921e-05,6.352842399157e-02,1.149480555793e+03,2.967966951579e+02
911.0,3.904327044995e-05,6.358560529291e-02,1.149729922931e+03,2.967966951579e+02
912.0,3.907136420819e-05,6.364277315137e-02,1.149978863171e+03,2.967966951579e+02
913.0,3.909944593478e-05,6.369992756777e-02,1.150227370683e+03,2.967966951579e+02
914.0,3.912751565048e-05,6.375706854292e-02,1.150475439624e+03,2.967966951579e+02
915.0,3.915557337603e-05,6.381419607767e-02,1.150723064131e+03,2.967966951579e+02
916.0,3.918361913208e-05,6.387131017289e-02,1.150970238324e+03,2.967966951579e+02
917.0,3.921165293921e-05,6.392841082947e-02,1.151216956306e+03,2.967966951579e+02
918.0,3.923967481797e-05,6.398549804832e-02,1.151463212163e+03,2.967966951579e+02
919.0,3.926768478883e-05,6.404257183036e-02,1.151708999963e+03,2.967966951579e+02
920.0,3.929568287220e-05,6.409963217657e-02,1.151954313756e+03,2.967966951579e+02
921.0,3.932366908844e-05,6.415667908791e-02,1.152199147575e+03,2.967966951579e+02
922.0,3.935164345784e-05,6.421371256538e-02,1.152443495437e+03,2.967966951579e+02
923.0,3.937960600065e-05,6.427073260999e-02,1.152687351340e+03,2.967966951579e+02
924.0,3.940755673702e-05,6.432773922280e-02,1.152930709265e+03,2.967966951579e+02
925.0,3.943549568709e-05,6.438473240485e-02,1.153173563174e+03,2.967966951579e+02
926.0,3.946342287092e-05,6.444171215724e-02,1.153415907015e+03,2.967966951579e+02
927.0,3.949133830849e-05,6.449867848106e-02,1.153657734717e+03,2.967966951579e+02
928.0,3.951924201977e-05,6.455563137744e-02,1.153899040189e+03,2.967966951579e+02
929.0,3.954713402462e-05,6.461257084752e-02,1.154139817327e+03,2.967966951579e+02
930.0,3.957501434288e-05,6.466949689246e-02,1.154380060007e+03,2.967966951579e+02
931.0,3.960288299431e-05,6.472640951345e-02,1.154619762088e+03,2.967966951579e+02
932.0,3.963073999864e-05,6.478330871169e-02,1.154858917411e+03,2.967966951579e+02
933.0,3.965858537551e-05,6.484019448842e-02,1.155097519801e+03,2.967966951579e+02
934.0,3.968641914452e-05,6.489706684486e-02,1.155335563065e+03,2.967966951579e+02
935.0,3.971424132522e-05,6.495392578229e-02,1.155573040992e+03,2.967966951579e+02
936.0,3.974205193709e-05,6.501077130200e-02,1.155809947353e+03,2.967966951579e+02
937.0,3.976985099957e-05,6.506760340527e-02,1.156046275904e+03,2.967966951579e+02
938.0,3.979763853201e-05,6.512442209344e-02,1.156282020382e+03,2.967966951579e+02
939.0,3.982541455375e-05,6.518122736785e-02,1.156517174506e+03,2.967966951579e+02
940.0,3.985317908405e-05,6.523801922986e-02,1.156751731980e+03,2.967966951579e+02
941.0,3.988093214210e-05,6.529479768085e-02,1.156985686486e+03,2.967966951579e+02
942.0,3.990867374708e-05,6.535156272222e-02,1.157219031694e+03,2.967966951579e+02
943.0,3.993640391807e-05,6.540831435539e-02,1.157451761254e+03,2.967966951579e+02
944.0,3.996412267411e-05,6.546505258179e-02,1.157683868797e+03,2.967966951579e+02
945.0,3.999183003420e-05,6.552177740288e-02,1.157915347939e+03,2.967966951579e+02
946.0,4.001952601727e-05,6.557848882014e-02,1.158146192279e+03,2.967966951579e+02
947.0,4.004721064220e-05,6.563518683506e-02,1.158376395396e+03,2.967966951579e+02
948.0,4.007488392782e-05,6.569187144914e-02,1.158605950853e+03,2.967966951579e+02
949.0,4.010254589290e-05,6.574854266392e-02,1.158834852197e+03,2.967966951579e+02
950.0,4.013019655616e-05,6.580520048095e-02,1.159063092955e+03,2.967966951579e+02
951.0,4.015783593627e-05,6.586184490179e-02,1.159290666638e+03,2.967966951579e+02
952.0,4.018546405185e-05,6.591847592802e-02,1.159517566739e+03,2.967966951579e+02
953.0,4.021308092145e-05,6.597509356125e-02,1.159743786734e+03,2.967966951579e+02
954.0,4.024068656359e-05,6.603169780309e-02,1.159969320083e+03,2.967966951579e+02
955.0,4.026828099671e-05,6.608828865519e-02,1.160194160225e+03,2.967966951579e+02
956.0,4.029586423924e-05,6.614486611918e-02,1.160418300585e+03,2.967966951579e+02
957.0,4.032343630951e-05,6.620143019675e-02,1.160641734569e+03,2.967966951579e+02
958.0,4.035099722583e-05,6.625798088959e-02,1.160864455566e+03,2.967966951579e+02
959.0,4.037854700646e-05,6.631451819939e-02,1.161086456946e+03,2.967966951579e+02
960.0,4.040608566958e-05,6.637104212789e-02,1.161307732065e+03,2.967966951579e+02
961.0,4.043361323336e-05,6.642755267681e-02,1.161528274259e+03,2.967966951579e+02
962.0,4.046112971587e-05,6.648404984793e-02,1.161748076847e+03,2.967966951579e+02
963.0,4.048863513518e-05,6.654053364300e-02,1.161967133131e+03,2.967966951579e+02
964.0,4.051612950927e-05,6.659700406383e-02,1.162185436395e+03,2.967966951579e+02
965.0,4.054361285609e-05,6.665346111221e-02,1.162402979906e+03,2.967966951579e+02
966.0,4.057108519354e-05,6.670990478997e-02,1.162619756914e+03,2.967966951579e+02
967.0,4.059854653946e-05,6.676633509896e-02,1.162835760651e+03,2.967966951579e+02
968.0,4.062599691165e-05,6.682275204101e-02,1.163050984331e+03,2.967966951579e+02
969.0,4.065343632786e-05,6.687915561802e-02,1.163265421152e+03,2.967966951579e+02
970.0,4.068086480577e-05,6.693554583186e-02,1.163479064294e+03,2.967966951579e+02
971.0,4.070828236304e-05,6.699192268444e-02,1.163691906919e+03,2.967966951579e+02
972.0,4.073568901727e-05,6.704828617767e-02,1.163903942172e+03,2.967966951579e+02
973.0,4.076308478600e-05,6.710463631350e-02,1.164115163181e+03,2.967966951579e+02
974.0,4.079046968675e-05,6.716097309388e-02,1.164325563057e+03,2.967966951579e+02
975.0,4.081784373695e-05,6.721729652077e-02,1.164535134891e+03,2.967966951579e+02
976.0,4.084520695402e-05,6.727360659615e-02,1.164743871759e+03,2.967966951579e+02
977.0,4.087255935532e-05,6.732990332202e-02,1.164951766720e+03,2.967966951579e+02
978.0,4.089990095815e-05,6.738618670040e-02,1.165158812813e+03,2.967966951579e+02
979.0,4.092723177977e-05,6.744245673331e-02,1.165365003062e+03,2.967966951579e+02
980.0,4.095455183740e-05,6.749871342279e-02,1.165570330473e+03,2.967966951579e+02
981.0,4.098186114820e-05,6.755495677091e-02,1.165774788034e+03,2.967966951579e+02
982.0,4.100915972930e-05,6.761118677974e-02,1.165978368716e+03,2.967966951579e+02
983.0,4.103644759776e-05,6.766740345137e-02,1.166181065473e+03,2.967966951579e+02
984.0,4.106372477062e-05,6.772360678790e-02,1.166382871240e+03,2.967966951579e+02
985.0,4.109099126485e-05,6.777979679144e-02,1.166583778935e+03,2.967966951579e+02
986.0,4.111824709738e-05,6.783597346413e-02,1.166783781462e+03,2.967966951579e+02
987.0,4.114549228510e-05,6.789213680812e-02,1.166982871702e+03,2.967966951579e+02
988.0,4.117272684485e-05,6.794828682557e-02,1.167181042523e+03,2.967966951579e+02
989.0,4.119995079343e-05,6.800442351865e-02,1.167378286774e+03,2.967966951579e+02
990.0,4.122716414759e-05,6.806054688956e-02,1.167574597286e+03,2.967966951579e+02
991.0,4.125436692402e-05,6.811665694049e-02,1.167769966873e+03,2.967966951579e+02
992.0,4.128155913939e-05,6.817275367367e-02,1.167964388332e+03,2.967966951579e+02
993.0,4.130874081031e-05,6.822883709133e-02,1.168157854443e+03,2.967966951579e+02
994.0,4.133591195335e-05,6.828490719571e-02,1.168350357967e+03,2.967966951579e+02
995.0,4.136307258502e-05,6.834096398908e-02,1.168541891649e+03,2.967966951579e+02
996.0,4.139022272181e-05,6.839700747371e-02,1.168732448215e+03,2.967966951579e+02
997.0,4.141736238016e-05,6.845303765188e-02,1.168922020377e+03,2.967966951579e+02
998.0,4.144449157644e-05,6.850905452590e-02,1.169110600825e+03,2.967966951579e+02
999.0,4.147161032702e-05,6.856505809808e-02,1.169298182235e+03,2.967966951579e+02
1000.0,4.149871864818e-05,6.862104837075e-02,1.169484757264e+03,2.967966951579e+02
1001.0,4.152581655618e-05,6.867702534625e-02,1.169671159100e+03,2.967966951579e+02
1002.0,4.155290406724e-05,6.873298902693e-02,1.169856955256e+03,2.967966951579e+02
1003.0,4.157998119753e-05,6.878893941517e-02,1.170042569985e+03,2.967966951579e+02
1004.0,4.160704796317e-05,6.884487651334e-02,1.170228003418e+03,2.967966951579e+02
1005.0,4.163410438025e-05,6.890080032384e-02,1.170413255688e+03,2.967966951579e+02
1006.0,4.166115046481e-05,6.895671084908e-02,1.170598326926e+03,2.967966951579e+02
1007.0,4.168818623285e-05,6.901260809147e-02,1.170783217263e+03,2.967966951579e+02
1008.0,4.171521170031e-05,6.906849205344e-02,1.170967926831e+03,2.967966951579e+02
1009.0,4.174222688312e-05,6.912436273745e-02,1.171152455761e+03,2.967966951579e+02
1010.0,4.176923179714e-05,6.918022014595e-02,1.171336804184e+03,2.967966951579e+02
1011.0,4.179622645819e-05,6.923606428140e-02,1.171520972232e+03,2.967966951579e+02
1012.0,4.182321088207e-05,6.929189514630e-02,1.171704960036e+03,2.967966951579e+02
1013.0,4.185018508452e-05,6.934771274314e-02,1.171888767726e+03,2.967966951579e+02
1014.0,4.187714908124e-05,6.940351707442e-02,1.172072395435e+03,2.967966951579e+02
1015.0,4.190410288788e-05,6.945930814267e-02,1.172255843293e+03,2.967966951579e+02
1016.0,4.193104652007e-05,6.951508595042e-02,1.172439111431e+03,2.967966951579e+02
1017.0,4.195797999339e-05,6.957085050021e-02,1.172622199979e+03,2.967966951579e+02
1018.0,4.198490332336e-05,6.962660179460e-02,1.172805109070e+03,2.967966951579e+02
1019.0,4.201181652549e-05,6.968233983615e-02,1.172987838834e+03,2.967966951579e+02
1020.0,4.203871961522e-05,6.973806462745e-02,1.173170389401e+03,2.967966951579e+02
1021.0,4.206561260797e-05,6.979377617109e-02,1.173352760903e+03,2.967966951579e+02
1022.0,4.209249551912e-05,6.984947446967e-02,1.173534953469e+03,2.967966951579e+02
1023.0,4.211936836399e-05,6.990515952581e-02,1.173716967232e+03,2.967966951579e+02
1024.0,4.214623115788e-05,6.996083134213e-02,1.173898802321e+03,2.967966951579e+02
1025.0,4.217308391603e-05,7.001648992128e-02,1.174080458867e+03,2.967966951579e+02
1026.0,4.219992665366e-05,7.007213526589e-02,1.174261937000e+03,2.967966951579e+02
1027.0,4.222675938594e-05,7.012776737864e-02,1.174443236851e+03,2.967966951579e+02
1028.0,4.225358212801e-05,7.018338626220e-02,1.174624358551e+03,2.967966951579e+02
1029.0,4.228039489494e-05,7.023899191925e-02,1.174805302229e+03,2.967966951579e+02
1030.0,4.230719770180e-05,7.029458435248e-02,1.174986068017e+03,2.967966951579e+02
1031.0,4.233399056361e-05,7.035016356460e-02,1.175166656043e+03,2.967966951579e+02
1032.0,4.236077349532e-05,7.040572955833e-02,1.175347066440e+03,2.967966951579e+02
1033.0,4.238754651189e-05,7.046128233640e-02,1.175527299336e+03,2.967966951579e+02
1034.0,4.241430962820e-05,7.051682190155e-02,1.175707354862e+03,2.967966951579e+02
1035.0,4.244106285911e-05,7.057234825651e-02,1.175887233149e+03,2.967966951579e+02
1036.0,4.246780621945e-05,7.062786140407e-02,1.176066934325e+03,2.967966951579e+02
1037.0,4.249453972398e-05,7.068336134698e-02,1.176246458521e+03,2.967966951579e+02
1038.0,4.252126338746e-05,7.073884808803e-02,1.176425805867e+03,2.967966951579e+02
1039.0,4.254797722459e-05,7.079432163002e-02,1.176604976494e+03,2.967966951579e+02
1040.0,4.257468125004e-05,7.084978197574e-02,1.176783970529e+03,2.967966951579e+02
1041.0,4.260137547842e-05,7.090522912801e-02,1.176962788105e+03,2.967966951579e+02
1042.0,4.262805992434e-05,7.096066308965e-02,1.177141429350e+03,2.967966951579e+02
1043.0,4.265473460234e-05,7.101608386349e-02,1.177319894393e+03,2.967966951579e+02
1044.0,4.268139952694e-05,7.107149145239e-02,1.177498183366e+03,2.967966951579e+02
1045.0,4.270805471262e-05,7.112688585920e-02,1.177676296397e+03,2.967966951579e+02
1046.0,4.273470017382e-05,7.118226708677e-02,1.177854233615e+03,2.967966951579e+02
1047.0,4.276133592493e-05,7.123763513799e-02,1.178031995151e+03,2.967966951579e+02
1048.0,4.278796198034e-05,7.129299001575e-02,1.178209581134e+03,2.967966951579e+02
1049.0,4.281457835436e-05,7.134833172292e-02,1.178386991693e+03,2.967966951579e+02
1050.0,4.284118506129e-05,7.140366026243e-02,1.178564226957e+03,2.967966951579e+02
1051.0,4.286778211538e-05,7.145897563718e-02,1.178741287056e+03,2.967966951579e+02
1052.0,4.289436953086e-05,7.151427785010e-02,1.178918172120e+03,2.967966951579e+02
1053.0,4.292094732191e-05,7.156956690412e-02,1.179094882277e+03,2.967966951579e+02
1054.0,4.294751550267e-05,7.162484280219e-02,1.179271417656e+03,2.967966951579e+02
1055.0,4.297407408726e-05,7.168010554726e-02,1.179447778388e+03,2.967966951579e+02
1056.0,4.300062308975e-05,7.173535514229e-02,1.179623964600e+03,2.967966951579e+02
1057.0,4.302716252418e-05,7.179059159025e-02,1.179799976422e+03,2.967966951579e+02
1058.0,4.305369240455e-05,7.184581489413e-02,1.179975813982e+03,2.967966951579e+02
1059.0,4.308021274483e-05,7.190102505691e-02,1.180151477411e+03,2.967966951579e+02
1060.0,4.310672355896e-05,7.195622208160e-02,1.180326966836e+03,2.967966951579e+02
1061.0,4.313322486083e-05,7.201140597121e-02,1.180502282386e+03,2.967966951579e+02
1062.0,4.315971666431e-05,7.206657672875e-02,1.180677424191e+03,2.967966951579e+02
1063.0,4.318619898321e-05,7.212173435725e-02,1.180852392379e+03,2.967966951579e+02
1064.0,4.321267183133e-05,7.217687885975e-02,1.181027187078e+03,2.967966951579e+02
1065.0,4.323913522244e-05,7.223201023929e-02,1.181201808418e+03,2.967966951579e+02
1066.0,4.326558917024e-05,7.228712849893e-02,1.181376256526e+03,2.967966951579e+02
1067.0,4.329203368844e-05,7.234223364174e-02,1.181550531533e+03,2.967966951579e+02
1068.0,4.331846879067e-05,7.239732567077e-02,1.181724633565e+03,2.967966951579e+02
1069.0,4.334489449057e-05,7.245240458912e-02,1.181898562751e+03,2.967966951579e+02
1070.0,4.337131080171e-05,7.250747039988e-02,1.182072319221e+03,2.967966951579e+02
1071.0,4.339771773765e-05,7.256252310613e-02,1.182245903101e+03,2.967966951579e+02
1072.0,4.342411531190e-05,7.261756271100e-02,1.182419314522e+03,2.967966951579e+02
1073.0,4.345050353795e-05,7.267258921759e-02,1.182592553610e+03,2.967966951579e+02
1074.0,4.347688242924e-05,7.272760262902e-02,1.182765620493e+03,2.967966951579e+02
1075.0,4.350325199920e-05,7.278260294844e-02,1.182938515302e+03,2.967966951579e+02
1076.0,4.352961226119e-05,7.283759017898e-02,1.183111238162e+03,2.967966951579e+02
1077.0,4.355596322857e-05,7.289256432379e-02,1.183283789203e+03,2.967966951579e+02
1078.0,4.358230491466e-05,7.294752538603e-02,1.183456168552e+03,2.967966951579e+02
1079.0,4.360863733273e-05,7.300247336886e-02,1.183628376337e+03,2.967966951579e+02
1080.0,4.363496049604e-05,7.305740827545e-02,1.183800412687e+03,2.967966951579e+02
1081.0,4.366127441781e-05,7.311233010900e-02,1.183972277728e+03,2.967966951579e+02
1082.0,4.368757911120e-05,7.316723887268e-02,1.184143971590e+03,2.967966951579e+02
1083.0,4.371387458938e-05,7.322213456970e-02,1.184315494400e+03,2.967966951579e+02
1084.0,4.374016086546e-05,7.327701720326e-02,1.184486846285e+03,2.967966951579e+02
1085.0,4.376643795253e-05,7.333188677657e-02,1.184658027373e+03,2.967966951579e+02
1086.0,4.379270586364e-05,7.338674329286e-02,1.184829037792e+03,2.967966951579e+02
1087.0,4.381896461181e-05,7.344158675536e-02,1.184999877669e+03,2.967966951579e+02
1088.0,4.384521421003e-05,7.349641716730e-02,1.185170547132e+03,2.967966951579e+02
1089.0,4.387145467125e-05,7.355123453193e-02,1.185341046309e+03,2.967966951579e+02
1090.0,4.389768600840e-05,7.360603885249e-02,1.185511375327e+03,2.967966951579e+02
1091.0,4.392390823437e-05,7.366083013226e-02,1.185681534312e+03,2.967966951579e+02
1092.0,4.395012136203e-05,7.371560837450e-02,1.185851523394e+03,2.967966951579e+02
1093.0,4.397632540419e-05,7.377037358247e-02,1.186021342698e+03,2.967966951579e+02
1094.0,4.400252037367e-05,7.382512575948e-02,1.186190992352e+03,2.967966951579e+02
1095.0,4.402870628322e-05,7.387986490879e-02,1.186360472484e+03,2.967966951579e+02
1096.0,4.405488314558e-05,7.393459103372e-02,1.186529783221e+03,2.967966951579e+02
1097.0,4.408105097345e-05,7.398930413757e-02,1.186698924689e+03,2.967966951579e+02
1098.0,4.410720977951e-05,7.404400422364e-02,1.186867897015e+03,2.967966951579e+02
1099.0,4.413335957639e-05,7.409869129526e-02,1.187036700328e+03,2.967966951579e+02
1100.0,4.415950037671e-05,7.415336535575e-02,1.187205334753e+03,2.967966951579e+02
1101.0,4.418563219305e-05,7.420802640845e-02,1.187373800417e+03,2.967966951579e+02
1102.0,4.421175503796e-05,7.426267445670e-02,1.187542097448e+03,2.967966951579e+02
1103.0,4.423786892395e-05,7.431730950384e-02,1.187710225972e+03,2.967966951579e+02
1104.0,4.426397386352e-05,7.437193155323e-02,1.187878186117e+03,2.967966951579e+02
1105.0,4.429006986911e-05,7.442654060823e-02,1.188045978008e+03,2.967966951579e+02
1106.0,4.431615695317e-05,7.448113667220e-02,1.188213601772e+03,2.967966951579e+02
1107.0,4.434223512808e-05,7.453571974853e-02,1.188381057537e+03,2.967966951579e+02
1108.0,4.436830440621e-05,7.459028984060e-02,1.188548345428e+03,2.967966951579e+02
1109.0,4.439436479991e-05,7.464484695178e-02,1.188715465572e+03,2.967966951579e+02
1110.0,4.442041632147e-05,7.469939108549e-02,1.188882418096e+03,2.967966951579e+02
1111.0,4.444645898318e-05,7.475392224511e-02,1.189049203126e+03,2.967966951579e+02
1112.0,4.447249279728e-05,7.480844043406e-02,1.189215820788e+03,2.967966951579e+02
1113.0,4.449851777599e-05,7.486294565576e-02,1.189382271210e+03,2.967966951579e+02
1114.0,4.452453393151e-05,7.491743791362e-02,1.189548554516e+03,2.967966951579e+02
1115.0,4.455054127598e-05,7.497191721107e-02,1.189714670834e+03,2.967966951579e+02
1116.0,4.457653982155e-05,7.502638355155e-02,1.189880620289e+03,2.967966951579e+02
1117.0,4.460252958030e-05,7.508083693850e-02,1.190046403008e+03,2.967966951579e+02
1118.0,4.462851056432e-05,7.513527737537e-02,1.190212019116e+03,2.967966951579e+02
1119.0,4.465448278565e-05,7.518970486560e-02,1.190377468741e+03,2.967966951579e+02
1120.0,4.468044625630e-05,7.524411941266e-02,1.190542752007e+03,2.967966951579e+02
1121.0,4.470640098826e-05,7.529852102001e-02,1.190707869041e+03,2.967966951579e+02
1122.0,4.473234699348e-05,7.535290969113e-02,1.190872819968e+03,2.967966951579e+02
1123.0,4.475828428389e-05,7.540728542950e-02,1.191037604916e+03,2.967966951579e+02
1124.0,4.478421287139e-05,7.546164823859e-02,1.191202224008e+03,2.967966951579e+02
1125.0,4.481013276786e-05,7.551599812191e-02,1.191366677372e+03,2.967966951579e+02
1126.0,4.483604398513e-05,7.557033508294e-02,1.191530965132e+03,2.967966951579e+02
1127.0,4.486194653502e-05,7.562465912518e-02,1.191695087415e+03,2.967966951579e+02
1128.0,4.488784042932e-05,7.567897025216e-02,1.191859044346e+03,2.967966951579e+02
1129.0,4.491372567978e-05,7.573326846737e-02,1.192022836050e+03,2.967966951579e+02
1130.0,4.493960229814e-05,7.578755377435e-02,1.192186462654e+03,2.967966951579e+02
1131.0,4.496547029610e-05,7.584182617661e-02,1.192349924283e+03,2.967966951579e+02
1132.0,4.499132968533e-05,7.589608567769e-02,1.192513221061e+03,2.967966951579e+02
1133.0,4.501718047748e-05,7.595033228112e-02,1.192676353115e+03,2.967966951579e+02
1134.0,4.504302268417e-05,7.600456599045e-02,1.192839320570e+03,2.967966951579e+02
1135.0,4.506885631700e-05,7.605878680923e-02,1.193002123550e+03,2.967966951579e+02
1136.0,4.509468138752e-05,7.611299474101e-02,1.193164762182e+03,2.967966951579e+02
1137.0,4.512049790728e-05,7.616718978935e-02,1.193327236591e+03,2.967966951579e+02
1138.0,4.514630588778e-05,7.622137195782e-02,1.193489546901e+03,2.967966951579e+02
1139.0,4.517210534051e-05,7.627554124999e-02,1.193651693237e+03,2.967966951579e+02
1140.0,4.519789627693e-05,7.632969766942e-02,1.193813675726e+03,2.967966951579e+02
1141.0,4.522367870847e-05,7.638384121972e-02,1.193975494491e+03,2.967966951579e+02
1142.0,4.524945264651e-05,7.643797190445e-02,1.194137149658e+03,2.967966951579e+02
1143.0,4.527521810246e-05,7.649208972722e-02,1.194298641351e+03,2.967966951579e+02
1144.0,4.530097508764e-05,7.654619469162e-02,1.194459969696e+03,2.967966951579e+02
1145.0,4.532672361338e-05,7.660028680126e-02,1.194621134817e+03,2.967966951579e+02
1146.0,4.535246369099e-05,7.665436605974e-02,1.194782136839e+03,2.967966951579e+02
1147.0,4.537819533172e-05,7.670843247068e-02,1.194942975886e+03,2.967966951579e+02
1148.0,4.540391854683e-05,7.676248603769e-02,1.195103652084e+03,2.967966951579e+02
1149.0,4.542963334752e-05,7.681652676440e-02,1.195264165557e+03,2.967966951579e+02
1150.0,4.545533974499e-05,7.687055465444e-02,1.195424516429e+03,2.967966951579e+02
1151.0,4.548103775041e-05,7.692456971144e-02,1.195584704825e+03,2.967966951579e+02
1152.0,4.550672737490e-05,7.697857193904e-02,1.195744730870e+03,2.967966951579e+02
1153.0,4.553240862959e-05,7.703256134088e-02,1.195904594687e+03,2.967966951579e+02
1154.0,4.555808152557e-05,7.708653792061e-02,1.196064296402e+03,2.967966951579e+02
1155.0,4.558374607388e-05,7.714050168190e-02,1.196223836138e+03,2.967966951579e+02
1156.0,4.560940228557e-05,7.719445262838e-02,1.196383214020e+03,2.967966951579e+02
1157.0,4.563505017165e-05,7.724839076373e-02,1.196542430172e+03,2.967966951579e+02
1158.0,4.566068974310e-05,7.730231609162e-02,1.196701484718e+03,2.967966951579e+02
1159.0,4.568632101088e-05,7.735622861572e-02,1.196860377783e+03,2.967966951579e+02
1160.0,4.571194398592e-05,7.741012833970e-02,1.197019109490e+03,2.967966951579e+02
1161.0,4.573755867914e-05,7.746401526725e-02,1.197177679963e+03,2.967966951579e+02
1162.0,4.576316510140e-05,7.751788940206e-02,1.197336089327e+03,2.967966951579e+02
1163.0,4.578876326358e-05,7.757175074781e-02,1.197494337705e+03,2.967966951579e+02
1164.0,4.581435317651e-05,7.762559930820e-02,1.197652425221e+03,2.967966951579e+02
1165.0,4.583993485099e-05,7.767943508694e-02,1.197810351999e+03,2.967966951579e+02
1166.0,4.586550829780e-05,7.773325808772e-02,1.197968118163e+03,2.967966951579e+02
1167.0,4.589107352771e-05,7.778706831427e-02,1.198125723837e+03,2.967966951579e+02
1168.0,4.591663055145e-05,7.784086577028e-02,1.198283169144e+03,2.967966951579e+02
1169.0,4.594217937972e-05,7.789465045948e-02,1.198440454208e+03,2.967966951579e+02
1170.0,4.596772002321e-05,7.794842238560e-02,1.198597579153e+03,2.967966951579e+02
1171.0,4.599325249259e-05,7.800218155235e-02,1.198754544101e+03,2.967966951579e+02
1172.0,4.601877679848e-05,7.805592796348e-02,1.198911349177e+03,2.967966951579e+02
1173.0,4.604429295150e-05,7.810966162272e-02,1.199067994504e+03,2.967966951579e+02
1174.0,4.606980096223e-05,7.816338253380e-02,1.199224480205e+03,2.967966951579e+02
1175.0,4.609530084125e-05,7.821709070047e-02,1.199380806405e+03,2.967966951579e+02
1176.0,4.612079259907e-05,7.827078612648e-02,1.199536973225e+03,2.967966951579e+02
1177.0,4.614627624623e-05,7.832446881559e-02,1.199692980790e+03,2.967966951579e+02
1178.0,4.617175179321e-05,7.837813877155e-02,1.199848829222e+03,2.967966951579e+02
1179.0,4.619721925048e-05,7.843179599811e-02,1.200004518645e+03,2.967966951579e+02
1180.0,4.622267862848e-05,7.848544049905e-02,1.200160049181e+03,2.967966951579e+02
1181.0,4.624812993763e-05,7.853907227813e-02,1.200315420955e+03,2.967966951579e+02
1182.0,4.627357318833e-05,7.859269133914e-02,1.200470634088e+03,2.967966951579e+02
1183.0,4.629900839095e-05,7.864629768583e-02,1.200625688705e+03,2.967966951579e+02
1184.0,4.632443555583e-05,7.869989132200e-02,1.200780584927e+03,2.967966951579e+02
1185.0,4.634985469331e-05,7.875347225143e-02,1.200935322878e+03,2.967966951579e+02
1186.0,4.637526581369e-05,7.880704047790e-02,1.201089902680e+03,2.967966951579e+02
1187.0,4.640066892724e-05,7.886059600522e-02,1.201244324456e+03,2.967966951579e+02
1188.0,4.642606404422e-05,7.891413883717e-02,1.201398588330e+03,2.967966951579e+02
1189.0,4.645145117486e-05,7.896766897756e-02,1.201552694423e+03,2.967966951579e+02
1190.0,4.647683032937e-05,7.902118643019e-02,1.201706642859e+03,2.967966951579e+02
1191.0,4.650220151794e-05,7.907469119887e-02,1.201860433759e+03,2.967966951579e+02
1192.0,4.652756475073e-05,7.912818328740e-02,1.202014067247e+03,2.967966951579e+02
1193.0,4.655292003788e-05,7.918166269961e-02,1.202167543445e+03,2.967966951579e+02
1194.0,4.657826738952e-05,7.923512943932e-02,1.202320862475e+03,2.967966951579e+02
1195.0,4.660360681573e-05,7.928858351033e-02,1.202474024460e+03,2.967966951579e+02
1196.0,4.662893832658e-05,7.934202491649e-02,1.202627029522e+03,2.967966951579e+02
1197.0,4.665426193214e-05,7.939545366162e-02,1.202779877784e+03,2.967966951579e+02
1198.0,4.667957764242e-05,7.944886974955e-02,1.202932569367e+03,2.967966951579e+02
1199.0,4.670488546743e-05,7.950227318412e-02,1.203085104394e+03,2.967966951579e+02
1200.0,4.673018541716e-05,7.955566396917e-02,1.203237482987e+03,2.967966951579e+02
1201.0,4.675547750156e-05,7.960904210854e-02,1.203389705268e+03,2.967966951579e+02
1202.0,4.678076173057e-05,7.966240760608e-02,1.203541771359e+03,2.967966951579e+02
1203.0,4.680603811411e-05,7.971576046564e-02,1.203693681382e+03,2.967966951579e+02
1204.0,4.683130666208e-05,7.976910069107e-02,1.203845435460e+03,2.967966951579e+02
1205.0,4.685656738434e-05,7.982242828623e-02,1.203997033714e+03,2.967966951579e+02
1206.0,4.688182029074e-05,7.987574325498e-02,1.204148476265e+03,2.967966951579e+02
1207.0,4.690706539112e-05,7.992904560118e-02,1.204299763236e+03,2.967966951579e+02
1208.0,4.693230269528e-05,7.998233532870e-02,1.204450894749e+03,2.967966951579e+02
1209.0,4.695753221301e-05,8.003561244141e-02,1.204601870925e+03,2.967966951579e+02
1210.0,4.698275395406e-05,8.008887694318e-02,1.204752691886e+03,2.967966951579e+02
1211.0,4.700796792819e-05,8.014212883788e-02,1.204903357753e+03,2.967966951579e+02
1212.0,4.703317414510e-05,8.019536812941e-02,1.205053868648e+03,2.967966951579e+02
1213.0,4.705837261451e-05,8.024859482163e-02,1.205204224693e+03,2.967966951579e+02
1214.0,4.708356334608e-05,8.030180891844e-02,1.205354426010e+03,2.967966951579e+02
1215.0,4.710874634947e-05,8.035501042372e-02,1.205504472718e+03,2.967966951579e+02
1216.0,4.713392163432e-05,8.040819934136e-02,1.205654364941e+03,2.967966951579e+02
1217.0,4.715908921024e-05,8.046137567527e-02,1.205804102798e+03,2.967966951579e+02
1218.0,4.718424908683e-05,8.051453942933e-02,1.205953686413e+03,2.967966951579e+02
1219.0,4.720940127365e-05,8.056769060745e-02,1.206103115905e+03,2.967966951579e+02
1220.0,4.723454578025e-05,8.062082921353e-02,1.206252391396e+03,2.967966951579e+02
1221.0,4.725968261616e-05,8.067395525148e-02,1.206401513007e+03,2.967966951579e+02
1222.0,4.728481179090e-05,8.072706872521e-02,1.206550480859e+03,2.967966951579e+02
1223.0,4.730993331395e-05,8.078016963862e-02,1.206699295073e+03,2.967966951579e+02
1224.0,4.733504719477e-05,8.083325799564e-02,1.206847955771e+03,2.967966951579e+02
1225.0,4.736015344282e-05,8.088633380018e-02,1.206996463073e+03,2.967966951579e+02
1226.0,4.738525206752e-05,8.093939705616e-02,1.207144817100e+03,2.967966951579e+02
1227.0,4.741034307827e-05,8.099244776751e-02,1.207293017973e+03,2.967966951579e+02
1228.0,4.743542648445e-05,8.104548593815e-02,1.207441065812e+03,2.967966951579e+02
1229.0,4.746050229544e-05,8.109851157201e-02,1.207588960739e+03,2.967966951579e+02
1230.0,4.748557052058e-05,8.115152467302e-02,1.207736702875e+03,2.967966951579e+02
1231.0,4.751063116918e-05,8.120452524512e-02,1.207884292339e+03,2.967966951579e+02
1232.0,4.753568425055e-05,8.125751329223e-02,1.208031729252e+03,2.967966951579e+02
1233.0,4.756072977399e-05,8.131048881831e-02,1.208179013736e+03,2.967966951579e+02
1234.0,4.758576774873e-05,8.136345182730e-02,1.208326145910e+03,2.967966951579e+02
1235.0,4.761079818404e-05,8.141640232313e-02,1.208473125896e+03,2.967966951579e+02
1236.0,4.763582108913e-05,8.146934030976e-02,1.208619953812e+03,2.967966951579e+02
1237.0,4.766083647321e-05,8.152226579113e-02,1.208766629781e+03,2.967966951579e+02
1238.0,4.768584434546e-05,8.157517877120e-02,1.208913153921e+03,2.967966951579e+02
1239.0,4.771084471504e-05,8.162807925393e-02,1.209059526355e+03,2.967966951579e+02
1240.0,4.773583759109e-05,8.168096724326e-02,1.209205747200e+03,2.967966951579e+02
1241.0,4.776082298275e-05,8.173384274315e-02,1.209351816579e+03,2.967966951579e+02
1242.0,4.778580089910e-05,8.178670575758e-02,1.209497734610e+03,2.967966951579e+02
1243.0,4.781077134925e-05,8.183955629050e-02,1.209643501415e+03,2.967966951579e+02
1244.0,4.783573434224e-05,8.189239434589e-02,1.209789117113e+03,2.967966951579e+02
1245.0,4.786068988713e-05,8.194521992770e-02,1.209934581823e+03,2.967966951579e+02
1246.0,4.788563799295e-05,8.199803303991e-02,1.210079895667e+03,2.967966951579e+02
1247.0,4.791057866869e-05,8.205083368650e-02,1.210225058764e+03,2.967966951579e+02
1248.0,4.793551192335e-05,8.210362187143e-02,1.210370071233e+03,2.967966951579e+02
1249.0,4.796043776590e-05,8.215639759870e-02,1.210514933195e+03,2.967966951579e+02
1250.0,4.798535620528e-05,8.220916087227e-02,1.210659644769e+03,2.967966951579e+02
1251.0,4.801026725042e-05,8.226191169614e-02,1.210804206076e+03,2.967966951579e+02
1252.0,4.803517091024e-05,8.231465007428e-02,1.210948617233e+03,2.967966951579e+02
1253.0,4.806006719362e-05,8.236737601068e-02,1.211092878362e+03,2.967966951579e+02
1254.0,4.808495610944e-05,8.242008950933e-02,1.211236989582e+03,2.967966951579e+02
1255.0,4.810983766655e-05,8.247279057422e-02,1.211380951012e+03,2.967966951579e+02
1256.0,4.813471187379e-05,8.252547920936e-02,1.211524762772e+03,2.967966951579e+02
1257.0,4.815957873997e-05,8.257815541872e-02,1.211668424981e+03,2.967966951579e+02
1258.0,4.818443827389e-05,8.263081920631e-02,1.211811937759e+03,2.967966951579e+02
1259.0,4.820929048433e-05,8.268347057612e-02,1.211955301224e+03,2.967966951579e+02
1260.0,4.823413538004e-05,8.273610953217e-02,1.212098515497e+03,2.967966951579e+02
1261.0,4.825897296978e-05,8.278873607845e-02,1.212241580696e+03,2.967966951579e+02
1262.0,4.828380326226e-05,8.284135021896e-02,1.212384496940e+03,2.967966951579e+02
1263.0,4.830862626619e-05,8.289395195772e-02,1.212527264349e+03,2.967966951579e+02
1264.0,4.833344199025e-05,8.294654129873e-02,1.212669883042e+03,2.967966951579e+02
1265.0,4.835825044311e-05,8.299911824601e-02,1.212812353137e+03,2.967966951579e+02
1266.0,4.838305163342e-05,8.305168280357e-02,1.212954674754e+03,2.967966951579e+02
1267.0,4.840784556981e-05,8.310423497542e-02,1.213096848012e+03,2.967966951579e+02
1268.0,4.843263226090e-05,8.315677476557e-02,1.213238873029e+03,2.967966951579e+02
1269.0,4.845741171527e-05,8.320930217806e-02,1.213380749925e+03,2.967966951579e+02
1270.0,4.848218394152e-05,8.326181721690e-02,1.213522478818e+03,2.967966951579e+02
1271.0,4.850694894818e-05,8.331431988610e-02,1.213664059826e+03,2.967966951579e+02
1272.0,4.853170674382e-05,8.336681018970e-02,1.213805493069e+03,2.967966951579e+02
1273.0,4.855645733694e-05,8.341928813173e-02,1.213946778666e+03,2.967966951579e+02
1274.0,4.858120073605e-05,8.347175371619e-02,1.214087916734e+03,2.967966951579e+02
1275.0,4.860593694964e-05,8.352420694714e-02,1.214228907392e+03,2.967966951579e+02
1276.0,4.863066598619e-05,8.357664782860e-02,1.214369750759e+03,2.967966951579e+02
1277.0,4.865538785413e-05,8.362907636459e-02,1.214510446954e+03,2.967966951579e+02
1278.0,4.868010256191e-05,8.368149255916e-02,1.214650996094e+03,2.967966951579e+02
1279.0,4.870481011794e-05,8.373389641634e-02,1.214791398298e+03,2.967966951579e+02
1280.0,4.872951053062e-05,8.378628794017e-02,1.214931653685e+03,2.967966951579e+02
1281.0,4.875420380833e-05,8.383866713468e-02,1.215071762372e+03,2.967966951579e+02
1282.0,4.877888995943e-05,8.389103400392e-02,1.215211724478e+03,2.967966951579e+02
1283.0,4.880356899228e-05,8.394338855193e-02,1.215351540120e+03,2.967966951579e+02
1284.0,4.882824091520e-05,8.399573078276e-02,1.215491209418e+03,2.967966951579e+02
1285.0,4.885290573649e-05,8.404806070044e-02,1.215630732489e+03,2.967966951579e+02
1286.0,4.887756346447e-05,8.410037830903e-02,1.215770109451e+03,2.967966951579e+02
1287.0,4.890221410740e-05,8.415268361258e-02,1.215909340423e+03,2.967966951579e+02
1288.0,4.892685767354e-05,8.420497661512e-02,1.216048425521e+03,2.967966951579e+02
1289.0,4.895149417113e-05,8.425725732073e-02,1.216187364864e+03,2.967966951579e+02
1290.0,4.897612360841e-05,8.430952573343e-02,1.216326158570e+03,2.967966951579e+02
1291.0,4.900074599358e-05,8.436178185731e-02,1.216464806756e+03,2.967966951579e+02
1292.0,4.902536133483e-05,8.441402569639e-02,1.216603309541e+03,2.967966951579e+02
1293.0,4.904996964034e-05,8.446625725476e-02,1.216741667042e+03,2.967966951579e+02
1294.0,4.907457091827e-05,8.451847653645e-02,1.216879879376e+03,2.967966951579e+02
1295.0,4.909916517675e-05,8.457068354553e-02,1.217017946661e+03,2.967966951579e+02
1296.0,4.912375242392e-05,8.462287828607e-02,1.217155869015e+03,2.967966951579e+02
1297.0,4.914833266787e-05,8.467506076213e-02,1.217293646555e+03,2.967966951579e+02
1298.0,4.917290591670e-05,8.472723097776e-02,1.217431279398e+03,2.967966951579e+02
1299.0,4.919747217849e-05,8.477938893703e-02,1.217568767663e+03,2.967966951579e+02
1300.0,4.922203146129e-05,8.483153464401e-02,1.217706111465e+03,2.967966951579e+02
1301.0,4.924658377314e-05,8.488366810277e-02,1.217843310924e+03,2.967966951579e+02
1302.0,4.927112912208e-05,8.493578931738e-02,1.217980366155e+03,2.967966951579e+02
1303.0,4.929566751609e-05,8.498789829190e-02,1.218117277276e+03,2.967966951579e+02
1304.0,4.932019896319e-05,8.503999503040e-02,1.218254044405e+03,2.967966951579e+02
1305.0,4.934472347134e-05,8.509207953697e-02,1.218390667657e+03,2.967966951579e+02
1306.0,4.936924104851e-05,8.514415181566e-02,1.218527147151e+03,2.967966951579e+02
1307.0,4.939375170263e-05,8.519621187056e-02,1.218663483004e+03,2.967966951579e+02
1308.0,4.941825544164e-05,8.524825970574e-02,1.218799675332e+03,2.967966951579e+02
1309.0,4.944275227344e-05,8.530029532528e-02,1.218935724252e+03,2.967966951579e+02
1310.0,4.946724220593e-05,8.535231873326e-02,1.219071629881e+03,2.967966951579e+02
1311.0,4.949172524699e-05,8.540432993375e-02,1.219207392335e+03,2.967966951579e+02
1312.0,4.951620140448e-05,8.545632893084e-02,1.219343011733e+03,2.967966951579e+02
1313.0,4.954067068625e-05,8.550831572860e-02,1.219478488190e+03,2.967966951579e+02
1314.0,4.956513310012e-05,8.556029033112e-02,1.219613821823e+03,2.967966951579e+02
1315.0,4.958958865392e-05,8.561225274248e-02,1.219749012749e+03,2.967966951579e+02
1316.0,4.961403735543e-05,8.566420296676e-02,1.219884061083e+03,2.967966951579e+02
1317.0,4.963847921245e-05,8.571614100805e-02,1.220018966944e+03,2.967966951579e+02
1318.0,4.966291423275e-05,8.576806687045e-02,1.220153730447e+03,2.967966951579e+02
1319.0,4.968734242406e-05,8.581998055802e-02,1.220288351708e+03,2.967966951579e+02
1320.0,4.971176379414e-05,8.587188207486e-02,1.220422830845e+03,2.967966951579e+02
1321.0,4.973617835069e-05,8.592377142507e-02,1.220557167973e+03,2.967966951579e+02
1322.0,4.976058610143e-05,8.597564861272e-02,1.220691363208e+03,2.967966951579e+02
1323.0,4.978498705404e-05,8.602751364192e-02,1.220825416668e+03,2.967966951579e+02
1324.0,4.980938121619e-05,8.607936651674e-02,1.220959328467e+03,2.967966951579e+02
1325.0,4.983376859556e-05,8.613120724129e-02,1.221093098723e+03,2.967966951579e+02
1326.0,4.985814919977e-05,8.618303581966e-02,1.221226727551e+03,2.967966951579e+02
1327.0,4.988252303645e-05,8.623485225594e-02,1.221360215067e+03,2.967966951579e+02
1328.0,4.990689011323e-05,8.628665655423e-02,1.221493561388e+03,2.967966951579e+02
1329.0,4.993125043769e-05,8.633844871862e-02,1.221626766629e+03,2.967966951579e+02
1330.0,4.995560401741e-05,8.639022875321e-02,1.221759830906e+03,2.967966951579e+02
1331.0,4.997995085997e-05,8.644199666210e-02,1.221892754335e+03,2.967966951579e+02
1332.0,5.000429097291e-05,8.649375244938e-02,1.222025537032e+03,2.967966951579e+02
1333.0,5.002862436377e-05,8.654549611915e-02,1.222158179113e+03,2.967966951579e+02
1334.0,5.005295104008e-05,8.659722767552e-02,1.222290680693e+03,2.967966951579e+02
1335.0,5.007727100933e-05,8.664894712258e-02,1.222423041888e+03,2.967966951579e+02
1336.0,5.010158427902e-05,8.670065446444e-02,1.222555262813e+03,2.967966951579e+02
1337.0,5.012589085663e-05,8.675234970519e-02,1.222687343585e+03,2.967966951579e+02
1338.0,5.015019074961e-05,8.680403284894e-02,1.222819284318e+03,2.967966951579e+02
1339.0,5.017448396542e-05,8.685570389979e-02,1.222951085129e+03,2.967966951579e+02
1340.0,5.019877051148e-05,8.690736286185e-02,1.223082746132e+03,2.967966951579e+02
1341.0,5.022305039521e-05,8.695900973921e-02,1.223214267442e+03,2.967966951579e+02
1342.0,5.024732362402e-05,8.701064453600e-02,1.223345649176e+03,2.967966951579e+02
1343.0,5.027159020528e-05,8.706226725630e-02,1.223476891449e+03,2.967966951579e+02
1344.0,5.029585014639e-05,8.711387790423e-02,1.223607994375e+03,2.967966951579e+02
1345.0,5.032010345468e-05,8.716547648389e-02,1.223738958070e+03,2.967966951579e+02
1346.0,5.034435013751e-05,8.721706299940e-02,1.223869782649e+03,2.967966951579e+02
1347.0,5.036859020221e-05,8.726863745485e-02,1.224000468228e+03,2.967966951579e+02
1348.0,5.039282365608e-05,8.732019985436e-02,1.224131014920e+03,2.967966951579e+02
1349.0,5.041705050644e-05,8.737175020204e-02,1.224261422842e+03,2.967966951579e+02
1350.0,5.044127076056e-05,8.742328850199e-02,1.224391692107e+03,2.967966951579e+02
1351.0,5.046548442572e-05,8.747481475833e-02,1.224521822832e+03,2.967966951579e+02
1352.0,5.048969150917e-05,8.752632897516e-02,1.224651815130e+03,2.967966951579e+02
1353.0,5.051389201816e-05,8.757783115661e-02,1.224781669117e+03,2.967966951579e+02
1354.0,5.053808595992e-05,8.762932130677e-02,1.224911384907e+03,2.967966951579e+02
1355.0,5.056227334166e-05,8.768079942976e-02,1.225040962615e+03,2.967966951579e+02
1356.0,5.058645417057e-05,8.773226552970e-02,1.225170402356e+03,2.967966951579e+02
1357.0,5.061062845385e-05,8.778371961069e-02,1.225299704244e+03,2.967966951579e+02
1358.0,5.063479619867e-05,8.783516167685e-02,1.225428868394e+03,2.967966951579e+02
1359.0,5.065895741219e-05,8.788659173230e-02,1.225557894921e+03,2.967966951579e+02
1360.0,5.068311210155e-05,8.793800978114e-02,1.225686783938e+03,2.967966951579e+02
1361.0,5.070726027388e-05,8.798941582749e-02,1.225815535560e+03,2.967966951579e+02
1362.0,5.073140193629e-05,8.804080987547e-02,1.225944149902e+03,2.967966951579e+02
1363.0,5.075553709589e-05,8.809219192920e-02,1.226072627077e+03,2.967966951579e+02
1364.0,5.077966575976e-05,8.814356199278e-02,1.226200967201e+03,2.967966951579e+02
1365.0,5.080378793499e-05,8.819492007033e-02,1.226329170387e+03,2.967966951579e+02
1366.0,5.082790362863e-05,8.824626616597e-02,1.226457236750e+03,2.967966951579e+02
1367.0,5.085201284772e-05,8.829760028382e-02,1.226585166403e+03,2.967966951579e+02
1368.0,5.087611559931e-05,8.834892242798e-02,1.226712959461e+03,2.967966951579e+02
1369.0,5.090021189040e-05,8.840023260259e-02,1.226840616038e+03,2.967966951579e+02
1370.0,5.092430172801e-05,8.845153081176e-02,1.226968136247e+03,2.967966951579e+02
1371.0,5.094838511913e-05,8.850281705959e-02,1.227095520203e+03,2.967966951579e+02
1372.0,5.097246207074e-05,8.855409135022e-02,1.227222768019e+03,2.967966951579e+02
1373.0,5.099653258979e-05,8.860535368776e-02,1.227349879810e+03,2.967966951579e+02
1374.0,5.102059668326e-05,8.865660407633e-02,1.227476855689e+03,2.967966951579e+02
1375.0,5.104465435806e-05,8.870784252005e-02,1.227603695770e+03,2.967966951579e+02
1376.0,5.106870562113e-05,8.875906902303e-02,1.227730400166e+03,2.967966951579e+02
1377.0,5.109275047937e-05,8.881028358939e-02,1.227856968991e+03,2.967966951579e+02
1378.0,5.111678893969e-05,8.886148622326e-02,1.227983402360e+03,2.967966951579e+02
1379.0,5.114082100897e-05,8.891267692875e-02,1.228109700384e+03,2.967966951579e+02
1380.0,5.116484669408e-05,8.896385570998e-02,1.228235863178e+03,2.967966951579e+02
1381.0,5.118886600188e-05,8.901502257108e-02,1.228361890856e+03,2.967966951579e+02
1382.0,5.121287893922e-05,8.906617751615e-02,1.228487783530e+03,2.967966951579e+02
1383.0,5.123688551292e-05,8.911732054933e-02,1.228613541314e+03,2.967966951579e+02
1384.0,5.126088572980e-05,8.916845167472e-02,1.228739164321e+03,2.967966951579e+02
1385.0,5.128487959668e-05,8.921957089646e-02,1.228864652665e+03,2.967966951579e+02
1386.0,5.130886712034e-05,8.927067821866e-02,1.228990006458e+03,2.967966951579e+02
1387.0,5.133284830756e-05,8.932177364544e-02,1.229115225815e+03,2.967966951579e+02
1388.0,5.135682316510e-05,8.937285718092e-02,1.229240310847e+03,2.967966951579e+02
1389.0,5.138079169973e-05,8.942392882922e-02,1.229365261669e+03,2.967966951579e+02
1390.0,5.140475391819e-05,8.947498859446e-02,1.229490078393e+03,2.967966951579e+02
1391.0,5.142870982719e-05,8.952603648077e-02,1.229614761131e+03,2.967966951579e+02
1392.0,5.145265943346e-05,8.957707249226e-02,1.229739309998e+03,2.967966951579e+02
1393.0,5.147660274369e-05,8.962809663305e-02,1.229863725105e+03,2.967966951579e+02
1394.0,5.150053976458e-05,8.967910890726e-02,1.229988006566e+03,2.967966951579e+02
1395.0,5.152447050280e-05,8.973010931902e-02,1.230112154494e+03,2.967966951579e+02
1396.0,5.154839496502e-05,8.978109787244e-02,1.230236169001e+03,2.967966951579e+02
1397.0,5.157231315788e-05,8.983207457165e-02,1.230360050199e+03,2.967966951579e+02
1398.0,5.159622508803e-05,8.988303942076e-02,1.230483798202e+03,2.967966951579e+02
1399.0,5.162013076209e-05,8.993399242390e-02,1.230607413122e+03,2.967966951579e+02
1400.0,5.164403018668e-05,8.998493358519e-02,1.230730895071e+03,2.967966951579e+02
1401.0,5.166792336839e-05,9.003586290874e-02,1.230854244163e+03,2.967966951579e+02
1402.0,5.169181031381e-05,9.008678039867e-02,1.230977460509e+03,2.967966951579e+02
1403.0,5.171569102952e-05,9.013768605911e-02,1.231100544222e+03,2.967966951579e+02
1404.0,5.173956552208e-05,9.018857989418e-02,1.231223495414e+03,2.967966951579e+02
1405.0,5.176343379805e-05,9.023946190799e-02,1.231346314197e+03,2.967966951579e+02
1406.0,5.178729586395e-05,9.029033210467e-02,1.231469000684e+03,2.967966951579e+02
1407.0,5.181115172633e-05,9.034119048833e-02,1.231591554988e+03,2.967966951579e+02
1408.0,5.183500139168e-05,9.039203706310e-02,1.231713977219e+03,2.967966951579e+02
1409.0,5.185884486651e-05,9.044287183309e-02,1.231836267490e+03,2.967966951579e+02
1410.0,5.188268215732e-05,9.049369480242e-02,1.231958425914e+03,2.967966951579e+02
1411.0,5.190651327057e-05,9.054450597521e-02,1.232080452602e+03,2.967966951579e+02
1412.0,5.193033821274e-05,9.059530535559e-02,1.232202347666e+03,2.967966951579e+02
1413.0,5.195415699027e-05,9.064609294766e-02,1.232324111218e+03,2.967966951579e+02
1414.0,5.197796960960e-05,9.069686875556e-02,1.232445743370e+03,2.967966951579e+02
1415.0,5.200177607717e-05,9.074763278338e-02,1.232567244234e+03,2.967966951579e+02
1416.0,5.202557639939e-05,9.079838503526e-02,1.232688613921e+03,2.967966951579e+02
1417.0,5.204937058266e-05,9.084912551532e-02,1.232809852543e+03,2.967966951579e+02
1418.0,5.207315863338e-05,9.089985422766e-02,1.232930960213e+03,2.967966951579e+02
1419.0,5.209694055793e-05,9.095057117641e-02,1.233051937041e+03,2.967966951579e+02
1420.0,5.212071636267e-05,9.100127636568e-02,1.233172783139e+03,2.967966951579e+02
1421.0,5.214448605396e-05,9.105196979959e-02,1.233293498618e+03,2.967966951579e+02
1422.0,5.216824963815e-05,9.110265148226e-02,1.233414083591e+03,2.967966951579e+02
1423.0,5.219200712156e-05,9.115332141780e-02,1.233534538168e+03,2.967966951579e+02
1424.0,5.221575851053e-05,9.120397961033e-02,1.233654862461e+03,2.967966951579e+02
1425.0,5.223950381135e-05,9.125462606397e-02,1.233775056581e+03,2.967966951579e+02
1426.0,5.226324303033e-05,9.130526078282e-02,1.233895120640e+03,2.967966951579e+02
1427.0,5.228697617375e-05,9.135588377101e-02,1.234015054749e+03,2.967966951579e+02
1428.0,5.231070324789e-05,9.140649503265e-02,1.234134859018e+03,2.967966951579e+02
1429.0,5.233442425900e-05,9.145709457186e-02,1.234254533559e+03,2.967966951579e+02
1430.0,5.235813921335e-05,9.150768239274e-02,1.234374078484e+03,2.967966951579e+02
1431.0,5.238184811716e-05,9.155825849942e-02,1.234493493902e+03,2.967966951579e+02
1432.0,5.240555097666e-05,9.160882289600e-02,1.234612779926e+03,2.967966951579e+02
1433.0,5.242924779807e-05,9.165937558660e-02,1.234731936666e+03,2.967966951579e+02
1434.0,5.245293858760e-05,9.170991657533e-02,1.234850964233e+03,2.967966951579e+02
1435.0,5.247662335144e-05,9.176044586631e-02,1.234969862738e+03,2.967966951579e+02
1436.0,5.250030209576e-05,9.181096346364e-02,1.235088632291e+03,2.967966951579e+02
1437.0,5.252397482675e-05,9.186146937144e-02,1.235207273004e+03,2.967966951579e+02
1438.0,5.254764155055e-05,9.191196359382e-02,1.235325784987e+03,2.967966951579e+02
1439.0,5.257130227332e-05,9.196244613488e-02,1.235444168350e+03,2.967966951579e+02
1440.0,5.259495700119e-05,9.201291699875e-02,1.235562423205e+03,2.967966951579e+02
1441.0,5.261860574029e-05,9.206337618952e-02,1.235680549662e+03,2.967966951579e+02
1442.0,5.264224849672e-05,9.211382371132e-02,1.235798547831e+03,2.967966951579e+02
1443.0,5.266588527660e-05,9.216425956824e-02,1.235916417824e+03,2.967966951579e+02
1444.0,5.268951608600e-05,9.221468376439e-02,1.236034159749e+03,2.967966951579e+02
1445.0,5.271314093102e-05,9.226509630389e-02,1.236151773718e+03,2.967966951579e+02
1446.0,5.273675981772e-05,9.231549719084e-02,1.236269259841e+03,2.967966951579e+02
1447.0,5.276037275216e-05,9.236588642935e-02,1.236386618229e+03,2.967966951579e+02
1448.0,5.278397974038e-05,9.241626402353e-02,1.236503848991e+03,2.967966951579e+02
1449.0,5.280758078843e-05,9.246662997747e-02,1.236620952237e+03,2.967966951579e+02
1450.0,5.283117590231e-05,9.251698429530e-02,1.236737928079e+03,2.967966951579e+02
1451.0,5.285476508805e-05,9.256732698110e-02,1.236854776625e+03,2.967966951579e+02
1452.0,5.287834835166e-05,9.261765803900e-02,1.236971497986e+03,2.967966951579e+02
1453.0,5.290192569911e-05,9.266797747308e-02,1.237088092272e+03,2.967966951579e+02
1454.0,5.292549713639e-05,9.271828528745e-02,1.237204559593e+03,2.967966951579e+02
1455.0,5.294906266947e-05,9.276858148623e-02,1.237320900058e+03,2.967966951579e+02
1456.0,5.297262230431e-05,9.281886607350e-02,1.237437113778e+03,2.967966951579e+02
1457.0,5.299617604686e-05,9.286913905338e-02,1.237553200862e+03,2.967966951579e+02
1458.0,5.301972390305e-05,9.291940042996e-02,1.237669161421e+03,2.967966951579e+02
1459.0,5.304326587881e-05,9.296965020734e-02,1.237784995563e+03,2.967966951579e+02
1460.0,5.306680198005e-05,9.301988838963e-02,1.237900703399e+03,2.967966951579e+02
1461.0,5.309033221269e-05,9.307011498092e-02,1.238016285037e+03,2.967966951579e+02
1462.0,5.311385658260e-05,9.312032998531e-02,1.238131740588e+03,2.967966951579e+02
1463.0,5.313737509568e-05,9.317053340690e-02,1.238247070161e+03,2.967966951579e+02
1464.0,5.316088775780e-05,9.322072524979e-02,1.238362273866e+03,2.967966951579e+02
1465.0,5.318439457482e-05,9.327090551808e-02,1.238477351811e+03,2.967966951579e+02
1466.0,5.320789555259e-05,9.332107421586e-02,1.238592304107e+03,2.967966951579e+02
1467.0,5.323139069696e-05,9.337123134723e-02,1.238707130862e+03,2.967966951579e+02
1468.0,5.325488001374e-05,9.342137691628e-02,1.238821832187e+03,2.967966951579e+02
1469.0,5.327836350877e-05,9.347151092711e-02,1.238936408189e+03,2.967966951579e+02
1470.0,5.330184118785e-05,9.352163338382e-02,1.239050858978e+03,2.967966951579e+02
1471.0,5.332531305678e-05,9.357174429049e-02,1.239165184664e+03,2.967966951579e+02
1472.0,5.334877912134e-05,9.362184365122e-02,1.239279385355e+03,2.967966951579e+02
1473.0,5.337223938733e-05,9.367193147010e-02,1.239393461161e+03,2.967966951579e+02
1474.0,5.339569386049e-05,9.372200775122e-02,1.239507412189e+03,2.967966951579e+02
1475.0,5.341914254660e-05,9.377207249867e-02,1.239621238551e+03,2.967966951579e+02
1476.0,5.344258545139e-05,9.382212571655e-02,1.239734940353e+03,2.967966951579e+02
1477.0,5.346602258060e-05,9.387216740894e-02,1.239848517705e+03,2.967966951579e+02
1478.0,5.348945393997e-05,9.392219757993e-02,1.239961970717e+03,2.967966951579e+02
1479.0,5.351287953519e-05,9.397221623360e-02,1.240075299495e+03,2.967966951579e+02
1480.0,5.353629937199e-05,9.402222337406e-02,1.240188504150e+03,2.967966951579e+02
1481.0,5.355971345606e-05,9.407221900537e-02,1.240301584790e+03,2.967966951579e+02
1482.0,5.358312179307e-05,9.412220313164e-02,1.240414541523e+03,2.967966951579e+02
1483.0,5.360652438872e-05,9.417217575694e-02,1.240527374458e+03,2.967966951579e+02
1484.0,5.362992124865e-05,9.422213688535e-02,1.240640083703e+03,2.967966951579e+02
1485.0,5.365331237853e-05,9.427208652096e-02,1.240752669368e+03,2.967966951579e+02
1486.0,5.367669778400e-05,9.432202466786e-02,1.240865131559e+03,2.967966951579e+02
1487.0,5.370007747069e-05,9.437195133012e-02,1.240977470387e+03,2.967966951579e+02
1488.0,5.372345144424e-05,9.442186651183e-02,1.241089685958e+03,2.967966951579e+02
1489.0,5.374681971024e-05,9.447177021707e-02,1.241201778381e+03,2.967966951579e+02
1490.0,5.377018227432e-05,9.452166244992e-02,1.241313747765e+03,2.967966951579e+02
1491.0,5.379353914206e-05,9.457154321444e-02,1.241425594218e+03,2.967966951579e+02
1492.0,5.381689031905e-05,9.462141251474e-02,1.241537317847e+03,2.967966951579e+02
1493.0,5.384023581086e-05,9.467127035487e-02,1.241648918760e+03,2.967966951579e+02
1494.0,5.386357562306e-05,9.472111673892e-02,1.241760397067e+03,2.967966951579e+02
1495.0,5.388690976120e-05,9.477095167097e-02,1.241871752874e+03,2.967966951579e+02
1496.0,5.391023823083e-05,9.482077515508e-02,1.241982986289e+03,2.967966951579e+02
1497.0,5.393356103749e-05,9.487058719533e-02,1.242094097421e+03,2.967966951579e+02
1498.0,5.395687818669e-05,9.492038779580e-02,1.242205086378e+03,2.967966951579e+02
1499.0,5.398018968396e-05,9.497017696056e-02,1.242315953266e+03,2.967966951579e+02
1500.0,5.400349553480e-05,9.501995469367e-02,1.242426698194e+03,2.967966951579e+02
1501.0,5.402679574471e-05,9.506972099922e-02,1.242537321270e+03,2.967966951579e+02
1502.0,5.405009031917e-05,9.511947588126e-02,1.242647822600e+03,2.967966951579e+02
1503.0,5.407337926366e-05,9.516921934388e-02,1.242758202293e+03,2.967966951579e+02
1504.0,5.409666258366e-05,9.521895139113e-02,1.242868460457e+03,2.967966951579e+02
1505.0,5.411994028461e-05,9.526867202708e-02,1.242978597198e+03,2.967966951579e+02
1506.0,5.414321237196e-05,9.531838125581e-02,1.243088612624e+03,2.967966951579e+02
1507.0,5.416647885116e-05,9.536807908136e-02,1.243198506842e+03,2.967966951579e+02
1508.0,5.418973972763e-05,9.541776550782e-02,1.243308279961e+03,2.967966951579e+02
1509.0,5.421299500679e-05,9.546744053925e-02,1.243417932086e+03,2.967966951579e+02
1510.0,5.423624469406e-05,9.551710417970e-02,1.243527463326e+03,2.967966951579e+02
1511.0,5.425948879482e-05,9.556675643324e-02,1.243636873787e+03,2.967966951579e+02
1512.0,5.428272731449e-05,9.561639730392e-02,1.243746163577e+03,2.967966951579e+02
1513.0,5.430596025842e-05,9.566602679582e-02,1.243855332802e+03,2.967966951579e+02
1514.0,5.432918763201e-05,9.571564491299e-02,1.243964381571e+03,2.967966951579e+02
1515.0,5.435240944060e-05,9.576525165948e-02,1.244073309989e+03,2.967966951579e+02
1516.0,5.437562568956e-05,9.581484703936e-02,1.244182118164e+03,2.967966951579e+02
1517.0,5.439883638423e-05,9.586443105667e-02,1.244290806202e+03,2.967966951579e+02
1518.0,5.442204152995e-05,9.591400371549e-02,1.244399374211e+03,2.967966951579e+02
1519.0,5.444524113203e-05,9.596356501985e-02,1.244507822298e+03,2.967966951579e+02
1520.0,5.446843519579e-05,9.601311497382e-02,1.244616150568e+03,2.967966951579e+02
1521.0,5.449162372655e-05,9.606265358144e-02,1.244724359129e+03,2.967966951579e+02
1522.0,5.451480672960e-05,9.611218084677e-02,1.244832448088e+03,2.967966951579e+02
1523.0,5.453798421023e-05,9.616169677386e-02,1.244940417551e+03,2.967966951579e+02
1524.0,5.456115617372e-05,9.621120136676e-02,1.245048267624e+03,2.967966951579e+02
1525.0,5.458432262533e-05,9.626069462952e-02,1.245155998414e+03,2.967966951579e+02
1526.0,5.460748357034e-05,9.631017656617e-02,1.245263610028e+03,2.967966951579e+02
1527.0,5.463063901399e-05,9.635964718078e-02,1.245371102573e+03,2.967966951579e+02
1528.0,5.465378896152e-05,9.640910647739e-02,1.245478476153e+03,2.967966951579e+02
1529.0,5.467693341817e-05,9.645855446004e-02,1.245585730876e+03,2.967966951579e+02
1530.0,5.470007238917e-05,9.650799113277e-02,1.245692866849e+03,2.967966951579e+02
1531.0,5.472320587972e-05,9.655741649963e-02,1.245799884176e+03,2.967966951579e+02
1532.0,5.474633389504e-05,9.660683056466e-02,1.245906782965e+03,2.967966951579e+02
1533.0,5.476945644033e-05,9.665623333190e-02,1.246013563321e+03,2.967966951579e+02
1534.0,5.479257352077e-05,9.670562480539e-02,1.246120225351e+03,2.967966951579e+02
1535.0,5.481568514154e-05,9.675500498917e-02,1.246226769161e+03,2.967966951579e+02
1536.0,5.483879130781e-05,9.680437388728e-02,1.246333194857e+03,2.967966951579e+02
1537.0,5.486189202475e-05,9.685373150374e-02,1.246439502544e+03,2.967966951579e+02
1538.0,5.488498729752e-05,9.690307784260e-02,1.246545692328e+03,2.967966951579e+02
1539.0,5.490807713124e-05,9.695241290790e-02,1.246651764316e+03,2.967966951579e+02
1540.0,5.493116153106e-05,9.700173670366e-02,1.246757718613e+03,2.967966951579e+02
1541.0,5.495424050211e-05,9.705104923392e-02,1.246863555325e+03,2.967966951579e+02
1542.0,5.497731404951e-05,9.710035050270e-02,1.246969274557e+03,2.967966951579e+02
1543.0,5.500038217836e-05,9.714964051405e-02,1.247074876416e+03,2.967966951579e+02
1544.0,5.502344489376e-05,9.719891927198e-02,1.247180361007e+03,2.967966951579e+02
1545.0,5.504650220080e-05,9.724818678053e-02,1.247285728435e+03,2.967966951579e+02
1546.0,5.506955410458e-05,9.729744304372e-02,1.247390978806e+03,2.967966951579e+02
1547.0,5.509260061016e-05,9.734668806558e-02,1.247496112225e+03,2.967966951579e+02
1548.0,5.511564172260e-05,9.739592185014e-02,1.247601128798e+03,2.967966951579e+02
1549.0,5.513867744697e-05,9.744514440141e-02,1.247706028630e+03,2.967966951579e+02
1550.0,5.516170778832e-05,9.749435572342e-02,1.247810811827e+03,2.967966951579e+02
1551.0,5.518473275168e-05,9.754355582019e-02,1.247915478493e+03,2.967966951579e+02
1552.0,5.520775234209e-05,9.759274469575e-02,1.248020028734e+03,2.967966951579e+02
1553.0,5.523076656456e-05,9.764192235410e-02,1.248124462656e+03,2.967966951579e+02
1554.0,5.525377542411e-05,9.769108879927e-02,1.248228780362e+03,2.967966951579e+02
1555.0,5.527677892575e-05,9.774024403528e-02,1.248332981959e+03,2.967966951579e+02
1556.0,5.529977707448e-05,9.778938806614e-02,1.248437067551e+03,2.967966951579e+02
1557.0,5.532276987528e-05,9.783852089586e-02,1.248541037244e+03,2.967966951579e+02
1558.0,5.534575733313e-05,9.788764252847e-02,1.248644891142e+03,2.967966951579e+02
1559.0,5.536873945301e-05,9.793675296797e-02,1.248748629350e+03,2.967966951579e+02
1560.0,5.539171623988e-05,9.798585221837e-02,1.248852251973e+03,2.967966951579e+02
1561.0,5.541468769869e-05,9.803494028368e-02,1.248955759116e+03,2.967966951579e+02
1562.0,5.543765383439e-05,9.808401716792e-02,1.249059150883e+03,2.967966951579e+02
1563.0,5.546061465191e-05,9.813308287509e-02,1.249162427379e+03,2.967966951579e+02
1564.0,5.548357015620e-05,9.818213740919e-02,1.249265588709e+03,2.967966951579e+02
1565.0,5.550652035216e-05,9.823118077424e-02,1.249368634978e+03,2.967966951579e+02
1566.0,5.552946524472e-05,9.828021297423e-02,1.249471566290e+03,2.967966951579e+02
1567.0,5.555240483878e-05,9.832923401318e-02,1.249574382749e+03,2.967966951579e+02
1568.0,5.557533913923e-05,9.837824389507e-02,1.249677084460e+03,2.967966951579e+02
1569.0,5.559826815096e-05,9.842724262392e-02,1.249779671527e+03,2.967966951579e+02
1570.0,5.562119187886e-05,9.847623020372e-02,1.249882144055e+03,2.967966951579e+02
1571.0,5.564411032779e-05,9.852520663847e-02,1.249984502148e+03,2.967966951579e+02
1572.0,5.566702350262e-05,9.857417193217e-02,1.250086745910e+03,2.967966951579e+02
1573.0,5.568993140820e-05,9.862312608882e-02,1.250188875446e+03,2.967966951579e+02
1574.0,5.571283404939e-05,9.867206911240e-02,1.250290890859e+03,2.967966951579e+02
1575.0,5.573573143101e-05,9.872100100692e-02,1.250392792254e+03,2.967966951579e+02
1576.0,5.575862355791e-05,9.876992177636e-02,1.250494579735e+03,2.967966951579e+02
1577.0,5.578151043491e-05,9.881883142471e-02,1.250596253405e+03,2.967966951579e+02
1578.0,5.580439206682e-05,9.886772995598e-02,1.250697813369e+03,2.967966951579e+02
1579.0,5.582726845844e-05,9.891661737414e-02,1.250799259731e+03,2.967966951579e+02
1580.0,5.585013961459e-05,9.896549368318e-02,1.250900592595e+03,2.967966951579e+02
1581.0,5.587300554004e-05,9.901435888709e-02,1.251001812064e+03,2.967966951579e+02
1582.0,5.589586623958e-05,9.906321298985e-02,1.251102918242e+03,2.967966951579e+02
1583.0,5.591872171799e-05,9.911205599545e-02,1.251203911233e+03,2.967966951579e+02
1584.0,5.594157198004e-05,9.916088790787e-02,1.251304791140e+03,2.967966951579e+02
1585.0,5.596441703047e-05,9.920970873109e-02,1.251405558068e+03,2.967966951579e+02
1586.0,5.598725687405e-05,9.925851846910e-02,1.251506212119e+03,2.967966951579e+02
1587.0,5.601009151552e-05,9.930731712586e-02,1.251606753398e+03,2.967966951579e+02
1588.0,5.603292095961e-05,9.935610470537e-02,1.251707182008e+03,2.967966951579e+02
1589.0,5.605574521106e-05,9.940488121159e-02,1.251807498052e+03,2.967966951579e+02
1590.0,5.607856427457e-05,9.945364664849e-02,1.251907701633e+03,2.967966951579e+02
1591.0,5.610137815487e-05,9.950240102007e-02,1.252007792856e+03,2.967966951579e+02
1592.0,5.612418685665e-05,9.955114433027e-02,1.252107771822e+03,2.967966951579e+02
1593.0,5.614699038462e-05,9.959987658309e-02,1.252207638636e+03,2.967966951579e+02
1594.0,5.616978874346e-05,9.964859778248e-02,1.252307393401e+03,2.967966951579e+02
1595.0,5.619258193785e-05,9.969730793242e-02,1.252407036220e+03,2.967966951579e+02
1596.0,5.621536997246e-05,9.974600703687e-02,1.252506567196e+03,2.967966951579e+02
1597.0,5.623815285197e-05,9.979469509981e-02,1.252605986432e+03,2.967966951579e+02
1598.0,5.626093058103e-05,9.984337212518e-02,1.252705294031e+03,2.967966951579e+02
1599.0,5.628370316428e-05,9.989203811697e-02,1.252804490096e+03,2.967966951579e+02
1600.0,5.630647060638e-05,9.994069307912e-02,1.252903574729e+03,2.967966951579e+02
1601.0,5.632923291196e-05,9.998933701561e-02,1.253002548035e+03,2.967966951579e+02
1602.0,5.635199008563e-05,1.000379699304e-01,1.253101410115e+03,2.967966951579e+02
1603.0,5.637474213203e-05,1.000865918274e-01,1.253200161072e+03,2.967966951579e+02
1604.0,5.639748905577e-05,1.001352027107e-01,1.253298801010e+03,2.967966951579e+02
1605.0,5.642023086144e-05,1.001838025841e-01,1.253397330030e+03,2.967966951579e+02
1606.0,5.644296755365e-05,1.002323914516e-01,1.253495748236e+03,2.967966951579e+02
1607.0,5.646569913698e-05,1.002809693172e-01,1.253594055729e+03,2.967966951579e+02
1608.0,5.648842561602e-05,1.003295361848e-01,1.253692252613e+03,2.967966951579e+02
1609.0,5.651114699534e-05,1.003780920583e-01,1.253790338990e+03,2.967966951579e+02
1610.0,5.653386327951e-05,1.004266369418e-01,1.253888314963e+03,2.967966951579e+02
1611.0,5.655657447309e-05,1.004751708392e-01,1.253986180633e+03,2.967966951579e+02
1612.0,5.657928058062e-05,1.005236937544e-01,1.254083936103e+03,2.967966951579e+02
1613.0,5.660198160666e-05,1.005722056913e-01,1.254181581475e+03,2.967966951579e+02
1614.0,5.662467755573e-05,1.006207066540e-01,1.254279116852e+03,2.967966951579e+02
1615.0,5.664736843238e-05,1.006691966463e-01,1.254376542336e+03,2.967966951579e+02
1616.0,5.667005424112e-05,1.007176756722e-01,1.254473858029e+03,2.967966951579e+02
1617.0,5.669273498646e-05,1.007661437356e-01,1.254571064032e+03,2.967966951579e+02
1618.0,5.671541067292e-05,1.008146008405e-01,1.254668160449e+03,2.967966951579e+02
1619.0,5.673808130499e-05,1.008630469908e-01,1.254765147381e+03,2.967966951579e+02
1620.0,5.676074688716e-05,1.009114821904e-01,1.254862024930e+03,2.967966951579e+02
1621.0,5.678340742393e-05,1.009599064433e-01,1.254958793198e+03,2.967966951579e+02
1622.0,5.680606291977e-05,1.010083197534e-01,1.255055452286e+03,2.967966951579e+02
1623.0,5.682871337915e-05,1.010567221246e-01,1.255152002298e+03,2.967966951579e+02
1624.0,5.685135880654e-05,1.011051135610e-01,1.255248443333e+03,2.967966951579e+02
1625.0,5.687399920638e-05,1.011534940663e-01,1.255344775495e+03,2.967966951579e+02
1626.0,5.689663458314e-05,1.012018636445e-01,1.255440998884e+03,2.967966951579e+02
1627.0,5.691926494125e-05,1.012502222996e-01,1.255537113602e+03,2.967966951579e+02
1628.0,5.694189028515e-05,1.012985700355e-01,1.255633119751e+03,2.967966951579e+02
1629.0,5.696451061926e-05,1.013469068560e-01,1.255729017433e+03,2.967966951579e+02
1630.0,5.698712594800e-05,1.013952327652e-01,1.255824806749e+03,2.967966951579e+02
1631.0,5.700973627580e-05,1.014435477669e-01,1.255920487800e+03,2.967966951579e+02
1632.0,5.703234160705e-05,1.014918518651e-01,1.256016060687e+03,2.967966951579e+02
1633.0,5.705494194615e-05,1.015401450637e-01,1.256111525512e+03,2.967966951579e+02
1634.0,5.707753729750e-05,1.015884273665e-01,1.256206882377e+03,2.967966951579e+02
1635.0,5.710012766548e-05,1.016366987776e-01,1.256302131382e+03,2.967966951579e+02
1636.0,5.712271305447e-05,1.016849593008e-01,1.256397272629e+03,2.967966951579e+02
1637.0,5.714529346884e-05,1.017332089400e-01,1.256492306218e+03,2.967966951579e+02
1638.0,5.716786891295e-05,1.017814476992e-01,1.256587232252e+03,2.967966951579e+02
1639.0,5.719043939117e-05,1.018296755822e-01,1.256682050830e+03,2.967966951579e+02
1640.0,5.721300490783e-05,1.018778925930e-01,1.256776762054e+03,2.967966951579e+02
1641.0,5.723556546729e-05,1.019260987355e-01,1.256871366025e+03,2.967966951579e+02
1642.0,5.725812107388e-05,1.019742940135e-01,1.256965862843e+03,2.967966951579e+02
1643.0,5.728067173192e-05,1.020224784311e-01,1.257060252610e+03,2.967966951579e+02
1644.0,5.730321744574e-05,1.020706519920e-01,1.257154535427e+03,2.967966951579e+02
1645.0,5.732575821967e-05,1.021188147002e-01,1.257248711393e+03,2.967966951579e+02
1646.0,5.734829405799e-05,1.021669665595e-01,1.257342780611e+03,2.967966951579e+02
1647.0,5.737082496502e-05,1.022151075740e-01,1.257436743180e+03,2.967966951579e+02
1648.0,5.739335094505e-05,1.022632377474e-01,1.257530599200e+03,2.967966951579e+02
1649.0,5.741587200236e-05,1.023113570837e-01,1.257624348774e+03,2.967966951579e+02
1650.0,5.743838814124e-05,1.023594655868e-01,1.257717992000e+03,2.967966951579e+02
1651.0,5.746089936597e-05,1.024075632605e-01,1.257811528980e+03,2.967966951579e+02
1652.0,5.748340568080e-05,1.024556501087e-01,1.257904959814e+03,2.967966951579e+02
1653.0,5.750590709000e-05,1.025037261354e-01,1.257998284602e+03,2.967966951579e+02
1654.0,5.752840359783e-05,1.025517913445e-01,1.258091503445e+03,2.967966951579e+02
1655.0,5.755089520853e-05,1.025998457397e-01,1.258184616443e+03,2.967966951579e+02
1656.0,5.757338192633e-05,1.026478893250e-01,1.258277623696e+03,2.967966951579e+02
1657.0,5.759586375548e-05,1.026959221044e-01,1.258370525304e+03,2.967966951579e+02
1658.0,5.761834070020e-05,1.027439440815e-01,1.258463321367e+03,2.967966951579e+02
1659.0,5.764081276470e-05,1.027919552605e-01,1.258556011986e+03,2.967966951579e+02
1660.0,5.766327995322e-05,1.028399556450e-01,1.258648597261e+03,2.967966951579e+02
1661.0,5.768574226994e-05,1.028879452391e-01,1.258741077291e+03,2.967966951579e+02
1662.0,5.770819971907e-05,1.029359240465e-01,1.258833452176e+03,2.967966951579e+02
1663.0,5.773065230480e-05,1.029838920711e-01,1.258925722017e+03,2.967966951579e+02
1664.0,5.775310003132e-05,1.030318493169e-01,1.259017886912e+03,2.967966951579e+02
1665.0,5.777554290281e-05,1.030797957877e-01,1.259109946963e+03,2.967966951579e+02
1666.0,5.779798092345e-05,1.031277314874e-01,1.259201902268e+03,2.967966951579e+02
1667.0,5.782041409739e-05,1.031756564198e-01,1.259293752928e+03,2.967966951579e+02
1668.0,5.784284242881e-05,1.032235705888e-01,1.259385499041e+03,2.967966951579e+02
1669.0,5.786526592184e-05,1.032714739982e-01,1.259477140708e+03,2.967966951579e+02
1670.0,5.788768458065e-05,1.033193666520e-01,1.259568678028e+03,2.967966951579e+02
1671.0,5.791009840938e-05,1.033672485540e-01,1.259660111101e+03,2.967966951579e+02
1672.0,5.793250741214e-05,1.034151197081e-01,1.259751440026e+03,2.967966951579e+02
1673.0,5.795491159308e-05,1.034629801180e-01,1.259842664902e+03,2.967966951579e+02
1674.0,5.797731095632e-05,1.035108297878e-01,1.259933785829e+03,2.967966951579e+02
1675.0,5.799970550597e-05,1.035586687211e-01,1.260024802906e+03,2.967966951579e+02
1676.0,5.802209524613e-05,1.036064969220e-01,1.260115716232e+03,2.967966951579e+02
1677.0,5.804448018091e-05,1.036543143942e-01,1.260206525907e+03,2.967966951579e+02
1678.0,5.806686031441e-05,1.037021211416e-01,1.260297232029e+03,2.967966951579e+02
1679.0,5.808923565071e-05,1.037499171680e-01,1.260387834699e+03,2.967966951579e+02
1680.0,5.811160619390e-05,1.037977024774e-01,1.260478334014e+03,2.967966951579e+02
1681.0,5.813397194806e-05,1.038454770734e-01,1.260568730074e+03,2.967966951579e+02
1682.0,5.815633291724e-05,1.038932409601e-01,1.260659022978e+03,2.967966951579e+02
1683.0,5.817868910553e-05,1.039409941412e-01,1.260749212825e+03,2.967966951579e+02
1684.0,5.820104051696e-05,1.039887366206e-01,1.260839299713e+03,2.967966951579e+02
1685.0,5.822338715560e-05,1.040364684021e-01,1.260929283742e+03,2.967966951579e+02
1686.0,5.824572902549e-05,1.040841894895e-01,1.261019165010e+03,2.967966951579e+02
1687.0,5.826806613067e-05,1.041318998868e-01,1.261108943616e+03,2.967966951579e+02
1688.0,5.829039847517e-05,1.041795995976e-01,1.261198619659e+03,2.967966951579e+02
1689.0,5.831272606301e-05,1.042272886260e-01,1.261288193236e+03,2.967966951579e+02
1690.0,5.833504889821e-05,1.042749669757e-01,1.261377664448e+03,2.967966951579e+02
1691.0,5.835736698480e-05,1.043226346505e-01,1.261467033392e+03,2.967966951579e+02
1692.0,5.837968032677e-05,1.043702916542e-01,1.261556300167e+03,2.967966951579e+02
1693.0,5.840198892812e-05,1.044179379908e-01,1.261645464871e+03,2.967966951579e+02
1694.0,5.842429279285e-05,1.044655736640e-01,1.261734527603e+03,2.967966951579e+02
1695.0,5.844659192496e-05,1.045131986776e-01,1.261823488461e+03,2.967966951579e+02
1696.0,5.846888632841e-05,1.045608130356e-01,1.261912347544e+03,2.967966951579e+02
1697.0,5.849117600719e-05,1.046084167416e-01,1.262001104948e+03,2.967966951579e+02
1698.0,5.851346096526e-05,1.046560097996e-01,1.262089760774e+03,2.967966951579e+02
1699.0,5.853574120660e-05,1.047035922133e-01,1.262178315119e+03,2.967966951579e+02
1700.0,5.855801673515e-05,1.047511639865e-01,1.262266768080e+03,2.967966951579e+02
1701.0,5.858028755488e-05,1.047987251232e-01,1.262355119757e+03,2.967966951579e+02
1702.0,5.860255366972e-05,1.048462756270e-01,1.262443370246e+03,2.967966951579e+02
1703.0,5.862481508361e-05,1.048938155019e-01,1.262531519647e+03,2.967966951579e+02
1704.0,5.864707180049e-05,1.049413447515e-01,1.262619568056e+03,2.967966951579e+02
1705.0,5.866932382428e-05,1.049888633798e-01,1.262707515573e+03,2.967966951579e+02
1706.0,5.869157115891e-05,1.050363713906e-01,1.262795362294e+03,2.967966951579e+02
1707.0,5.871381380830e-05,1.050838687876e-01,1.262883108317e+03,2.967966951579e+02
1708.0,5.873605177634e-05,1.051313555747e-01,1.262970753740e+03,2.967966951579e+02
1709.0,5.875828506694e-05,1.051788317556e-01,1.263058298661e+03,2.967966951579e+02
1710.0,5.878051368401e-05,1.052262973342e-01,1.263145743178e+03,2.967966951579e+02
1711.0,5.880273763142e-05,1.052737523143e-01,1.263233087387e+03,2.967966951579e+02
1712.0,5.882495691308e-05,1.053211966996e-01,1.263320331387e+03,2.967966951579e+02
1713.0,5.884717153285e-05,1.053686304940e-01,1.263407475275e+03,2.967966951579e+02
1714.0,5.886938149461e-05,1.054160537013e-01,1.263494519148e+03,2.967966951579e+02
1715.0,5.889158680222e-05,1.054634663252e-01,1.263581463104e+03,2.967966951579e+02
1716.0,5.891378745956e-05,1.055108683696e-01,1.263668307240e+03,2.967966951579e+02
1717.0,5.893598347047e-05,1.055582598383e-01,1.263755051653e+03,2.967966951579e+02
1718.0,5.895817483880e-05,1.056056407350e-01,1.263841696441e+03,2.967966951579e+02
1719.0,5.898036156840e-05,1.056530110635e-01,1.263928241700e+03,2.967966951579e+02
1720.0,5.900254366311e-05,1.057003708276e-01,1.264014687529e+03,2.967966951579e+02
1721.0,5.902472112675e-05,1.057477200311e-01,1.264101034023e+03,2.967966951579e+02
1722.0,5.904689396315e-05,1.057950586778e-01,1.264187281281e+03,2.967966951579e+02
1723.0,5.906906217615e-05,1.058423867715e-01,1.264273429398e+03,2.967966951579e+02
1724.0,5.909122576954e-05,1.058897043159e-01,1.264359478473e+03,2.967966951579e+02
1725.0,5.911338474713e-05,1.059370113149e-01,1.264445428601e+03,2.967966951579e+02
1726.0,5.913553911274e-05,1.059843077722e-01,1.264531279880e+03,2.967966951579e+02
1727.0,5.915768887016e-05,1.060315936915e-01,1.264617032407e+03,2.967966951579e+02
1728.0,5.917983402318e-05,1.060788690767e-01,1.264702686277e+03,2.967966951579e+02
1729.0,5.920197457558e-05,1.061261339316e-01,1.264788241589e+03,2.967966951579e+02
1730.0,5.922411053114e-05,1.061733882598e-01,1.264873698439e+03,2.967966951579e+02
1731.0,5.924624189365e-05,1.062206320653e-01,1.264959056922e+03,2.967966951579e+02
1732.0,5.926836866687e-05,1.062678653516e-01,1.265044317137e+03,2.967966951579e+02
1733.0,5.929049085455e-05,1.063150881227e-01,1.265129479179e+03,2.967966951579e+02
1734.0,5.931260846047e-05,1.063623003823e-01,1.265214543144e+03,2.967966951579e+02
1735.0,5.933472148836e-05,1.064095021341e-01,1.265299509130e+03,2.967966951579e+02
1736.0,5.935682994199e-05,1.064566933819e-01,1.265384377232e+03,2.967966951579e+02
1737.0,5.937893382507e-05,1.065038741295e-01,1.265469147547e+03,2.967966951579e+02
1738.0,5.940103314136e-05,1.065510443806e-01,1.265553820172e+03,2.967966951579e+02
1739.0,5.942312789458e-05,1.065982041390e-01,1.265638395202e+03,2.967966951579e+02
1740.0,5.944521808845e-05,1.066453534084e-01,1.265722872733e+03,2.967966951579e+02
1741.0,5.946730372670e-05,1.066924921926e-01,1.265807252862e+03,2.967966951579e+02
1742.0,5.948938481302e-05,1.067396204954e-01,1.265891535684e+03,2.967966951579e+02
1743.0,5.951146135114e-05,1.067867383204e-01,1.265975721297e+03,2.967966951579e+02
1744.0,5.953353334474e-05,1.068338456715e-01,1.266059809795e+03,2.967966951579e+02
1745.0,5.955560079753e-05,1.068809425524e-01,1.266143801275e+03,2.967966951579e+02
1746.0,5.957766371320e-05,1.069280289668e-01,1.266227695833e+03,2.967966951579e+02
1747.0,5.959972209543e-05,1.069751049185e-01,1.266311493564e+03,2.967966951579e+02
1748.0,5.962177594790e-05,1.070221704113e-01,1.266395194564e+03,2.967966951579e+02
1749.0,5.964382527427e-05,1.070692254488e-01,1.266478798929e+03,2.967966951579e+02
1750.0,5.966587007823e-05,1.071162700348e-01,1.266562306755e+03,2.967966951579e+02
1751.0,5.968791036344e-05,1.071633041731e-01,1.266645718137e+03,2.967966951579e+02
1752.0,5.970994613354e-05,1.072103278673e-01,1.266729033171e+03,2.967966951579e+02
1753.0,5.973197739219e-05,1.072573411213e-01,1.266812251953e+03,2.967966951579e+02
1754.0,5.975400414304e-05,1.073043439387e-01,1.266895374577e+03,2.967966951579e+02
1755.0,5.977602638973e-05,1.073513363233e-01,1.266978401140e+03,2.967966951579e+02
1756.0,5.979804413589e-05,1.073983182788e-01,1.267061331737e+03,2.967966951579e+02
1757.0,5.982005738515e-05,1.074452898090e-01,1.267144166463e+03,2.967966951579e+02
1758.0,5.984206614114e-05,1.074922509175e-01,1.267226905413e+03,2.967966951579e+02
1759.0,5.986407040747e-05,1.075392016081e-01,1.267309548683e+03,2.967966951579e+02
1760.0,5.988607018777e-05,1.075861418846e-01,1.267392096369e+03,2.967966951579e+02
1761.0,5.990806548563e-05,1.076330717505e-01,1.267474548564e+03,2.967966951579e+02
1762.0,5.993005630466e-05,1.076799912098e-01,1.267556905364e+03,2.967966951579e+02
1763.0,5.995204264846e-05,1.077269002660e-01,1.267639166865e+03,2.967966951579e+02
1764.0,5.997402452061e-05,1.077737989229e-01,1.267721333161e+03,2.967966951579e+02
1765.0,5.999600192471e-05,1.078206871842e-01,1.267803404347e+03,2.967966951579e+02
1766.0,6.001797486434e-05,1.078675650537e-01,1.267885380519e+03,2.967966951579e+02
1767.0,6.003994334308e-05,1.079144325350e-01,1.267967261771e+03,2.967966951579e+02
1768.0,6.006190736449e-05,1.079612896318e-01,1.268049048198e+03,2.967966951579e+02
1769.0,6.008386693213e-05,1.080081363479e-01,1.268130739894e+03,2.967966951579e+02
1770.0,6.010582204958e-05,1.080549726870e-01,1.268212336955e+03,2.967966951579e+02
1771.0,6.012777272039e-05,1.081017986527e-01,1.268293839475e+03,2.967966951579e+02
1772.0,6.014971894809e-05,1.081486142488e-01,1.268375247549e+03,2.967966951579e+02
1773.0,6.017166073625e-05,1.081954194790e-01,1.268456561271e+03,2.967966951579e+02
1774.0,6.019359808840e-05,1.082422143470e-01,1.268537780736e+03,2.967966951579e+02
1775.0,6.021553100807e-05,1.082889988564e-01,1.268618906038e+03,2.967966951579e+02
1776.0,6.023745949879e-05,1.083357730110e-01,1.268699937273e+03,2.967966951579e+02
1777.0,6.025938356409e-05,1.083825368145e-01,1.268780874533e+03,2.967966951579e+02
1778.0,6.028130320748e-05,1.084292902706e-01,1.268861717914e+03,2.967966951579e+02
1779.0,6.030321843248e-05,1.084760333829e-01,1.268942467510e+03,2.967966951579e+02
1780.0,6.032512924260e-05,1.085227661552e-01,1.269023123415e+03,2.967966951579e+02
1781.0,6.034703564133e-05,1.085694885910e-01,1.269103685723e+03,2.967966951579e+02
1782.0,6.036893763218e-05,1.086162006943e-01,1.269184154529e+03,2.967966951579e+02
1783.0,6.039083521864e-05,1.086629024685e-01,1.269264529927e+03,2.967966951579e+02
1784.0,6.041272840420e-05,1.087095939174e-01,1.269344812010e+03,2.967966951579e+02
1785.0,6.043461719233e-05,1.087562750447e-01,1.269425000873e+03,2.967966951579e+02
1786.0,6.045650158653e-05,1.088029458541e-01,1.269505096609e+03,2.967966951579e+02
1787.0,6.047838159025e-05,1.088496063492e-01,1.269585099313e+03,2.967966951579e+02
1788.0,6.050025720697e-05,1.088962565337e-01,1.269665009079e+03,2.967966951579e+02
1789.0,6.052212844014e-05,1.089428964114e-01,1.269744825999e+03,2.967966951579e+02
1790.0,6.054399529324e-05,1.089895259857e-01,1.269824550169e+03,2.967966951579e+02
1791.0,6.056585776970e-05,1.090361452606e-01,1.269904181681e+03,2.967966951579e+02
1792.0,6.058771587297e-05,1.090827542395e-01,1.269983720630e+03,2.967966951579e+02
1793.0,6.060956960650e-05,1.091293529262e-01,1.270063167109e+03,2.967966951579e+02
1794.0,6.063141897373e-05,1.091759413244e-01,1.270142521211e+03,2.967966951579e+02
1795.0,6.065326397808e-05,1.092225194377e-01,1.270221783031e+03,2.967966951579e+02
1796.0,6.067510462299e-05,1.092690872697e-01,1.270300952661e+03,2.967966951579e+02
1797.0,6.069694091187e-05,1.093156448242e-01,1.270380030195e+03,2.967966951579e+02
1798.0,6.071877284814e-05,1.093621921049e-01,1.270459015726e+03,2.967966951579e+02
1799.0,6.074060043522e-05,1.094087291152e-01,1.270537909349e+03,2.967966951579e+02
1800.0,6.076242367650e-05,1.094552558590e-01,1.270616711155e+03,2.967966951579e+02
1801.0,6.078424257540e-05,1.095017723399e-01,1.270695421239e+03,2.967966951579e+02
1802.0,6.080605713532e-05,1.095482785615e-01,1.270774039693e+03,2.967966951579e+02
1803.0,6.082786735963e-05,1.095947745275e-01,1.270852566611e+03,2.967966951579e+02
1804.0,6.084967325173e-05,1.096412602415e-01,1.270931002085e+03,2.967966951579e+02
1805.0,6.087147481501e-05,1.096877357072e-01,1.271009346210e+03,2.967966951579e+02
1806.0,6.089327205284e-05,1.097342009283e-01,1.271087599077e+03,2.967966951579e+02
1807.0,6.091506496859e-05,1.097806559083e-01,1.271165760780e+03,2.967966951579e+02
1808.0,6.093685356564e-05,1.098271006510e-01,1.271243831411e+03,2.967966951579e+02
1809.0,6.095863784733e-05,1.098735351599e-01,1.271321811064e+03,2.967966951579e+02
1810.0,6.098041781704e-05,1.099199594387e-01,1.271399699831e+03,2.967966951579e+02
1811.0,6.100219347812e-05,1.099663734911e-01,1.271477497806e+03,2.967966951579e+02
1812.0,6.102396483391e-05,1.100127773206e-01,1.271555205080e+03,2.967966951579e+02
1813.0,6.104573188776e-05,1.100591709310e-01,1.271632821746e+03,2.967966951579e+02
1814.0,6.106749464300e-05,1.101055543259e-01,1.271710347898e+03,2.967966951579e+02
1815.0,6.108925310297e-05,1.101519275088e-01,1.271787783627e+03,2.967966951579e+02
1816.0,6.111100727101e-05,1.101982904835e-01,1.271865129027e+03,2.967966951579e+02
1817.0,6.113275715043e-05,1.102446432535e-01,1.271942384189e+03,2.967966951579e+02
1818.0,6.115450274455e-05,1.102909858225e-01,1.272019549206e+03,2.967966951579e+02
1819.0,6.117624405669e-05,1.103373181941e-01,1.272096624170e+03,2.967966951579e+02
1820.0,6.119798109016e-05,1.103836403719e-01,1.272173609174e+03,2.967966951579e+02
1821.0,6.121971384827e-05,1.104299523596e-01,1.272250504311e+03,2.967966951579e+02
1822.0,6.124144233431e-05,1.104762541607e-01,1.272327309671e+03,2.967966951579e+02
1823.0,6.126316655158e-05,1.105225457789e-01,1.272404025348e+03,2.967966951579e+02
1824.0,6.128488650337e-05,1.105688272179e-01,1.272480651433e+03,2.967966951579e+02
1825.0,6.130660219298e-05,1.106150984812e-01,1.272557188019e+03,2.967966951579e+02
1826.0,6.132831362367e-05,1.106613595724e-01,1.272633635198e+03,2.967966951579e+02
1827.0,6.135002079873e-05,1.107076104952e-01,1.272709993062e+03,2.967966951579e+02
1828.0,6.137172372144e-05,1.107538512532e-01,1.272786261702e+03,2.967966951579e+02
1829.0,6.139342239505e-05,1.108000818499e-01,1.272862441211e+03,2.967966951579e+02
1830.0,6.141511682283e-05,1.108463022890e-01,1.272938531680e+03,2.967966951579e+02
1831.0,6.143680700804e-05,1.108925125741e-01,1.273014533201e+03,2.967966951579e+02
1832.0,6.145849295394e-05,1.109387127088e-01,1.273090445866e+03,2.967966951579e+02
1833.0,6.148017466377e-05,1.109849026967e-01,1.273166269767e+03,2.967966951579e+02
1834.0,6.150185214077e-05,1.110310825414e-01,1.273242004995e+03,2.967966951579e+02
1835.0,6.152352538819e-05,1.110772522465e-01,1.273317651641e+03,2.967966951579e+02
1836.0,6.154519440927e-05,1.111234118156e-01,1.273393209799e+03,2.967966951579e+02
1837.0,6.156685920723e-05,1.111695612522e-01,1.273468679558e+03,2.967966951579e+02
1838.0,6.158851978530e-05,1.112157005601e-01,1.273544061011e+03,2.967966951579e+02
1839.0,6.161017614670e-05,1.112618297427e-01,1.273619354248e+03,2.967966951579e+02
1840.0,6.163182829465e-05,1.113079488038e-01,1.273694559362e+03,2.967966951579e+02
1841.0,6.165347623236e-05,1.113540577467e-01,1.273769676443e+03,2.967966951579e+02
1842.0,6.167511996304e-05,1.114001565753e-01,1.273844705583e+03,2.967966951579e+02
1843.0,6.169675948989e-05,1.114462452929e-01,1.273919646873e+03,2.967966951579e+02
1844.0,6.171839481611e-05,1.114923239033e-01,1.273994500404e+03,2.967966951579e+02
1845.0,6.174002594490e-05,1.115383924100e-01,1.274069266267e+03,2.967966951579e+02
1846.0,6.176165287945e-05,1.115844508165e-01,1.274143944554e+03,2.967966951579e+02
1847.0,6.178327562293e-05,1.116304991265e-01,1.274218535355e+03,2.967966951579e+02
1848.0,6.180489417854e-05,1.116765373436e-01,1.274293038761e+03,2.967966951579e+02
1849.0,6.182650854944e-05,1.117225654713e-01,1.274367454864e+03,2.967966951579e+02
1850.0,6.184811873881e-05,1.117685835131e-01,1.274441783754e+03,2.967966951579e+02
1851.0,6.186972474982e-05,1.118145914727e-01,1.274516025522e+03,2.967966951579e+02
1852.0,6.189132658564e-05,1.118605893537e-01,1.274590180259e+03,2.967966951579e+02
1853.0,6.191292424941e-05,1.119065771595e-01,1.274664248055e+03,2.967966951579e+02
1854.0,6.193451774429e-05,1.119525548939e-01,1.274738229002e+03,2.967966951579e+02
1855.0,6.195610707343e-05,1.119985225602e-01,1.274812123189e+03,2.967966951579e+02
1856.0,6.197769223999e-05,1.120444801622e-01,1.274885930708e+03,2.967966951579e+02
1857.0,6.199927324709e-05,1.120904277033e-01,1.274959651649e+03,2.967966951579e+02
1858.0,6.202085009787e-05,1.121363651871e-01,1.275033286103e+03,2.967966951579e+02
1859.0,6.204242279547e-05,1.121822926172e-01,1.275106834159e+03,2.967966951579e+02
1860.0,6.206399134302e-05,1.122282099972e-01,1.275180295909e+03,2.967966951579e+02
1861.0,6.208555574363e-05,1.122741173305e-01,1.275253671443e+03,2.967966951579e+02
1862.0,6.210711600044e-05,1.123200146208e-01,1.275326960851e+03,2.967966951579e+02
1863.0,6.212867211654e-05,1.123659018716e-01,1.275400164223e+03,2.967966951579e+02
1864.0,6.215022409505e-05,1.124117790864e-01,1.275473281649e+03,2.967966951579e+02
1865.0,6.217177193908e-05,1.124576462689e-01,1.275546313220e+03,2.967966951579e+02
1866.0,6.219331565173e-05,1.125035034225e-01,1.275619259026e+03,2.967966951579e+02
1867.0,6.221485523609e-05,1.125493505508e-01,1.275692119157e+03,2.967966951579e+02
1868.0,6.223639069526e-05,1.125951876573e-01,1.275764893703e+03,2.967966951579e+02
1869.0,6.225792203233e-05,1.126410147456e-01,1.275837582753e+03,2.967966951579e+02
1870.0,6.227944925038e-05,1.126868318192e-01,1.275910186399e+03,2.967966951579e+02
1871.0,6.230097235249e-05,1.127326388817e-01,1.275982704729e+03,2.967966951579e+02
1872.0,6.232249134174e-05,1.127784359365e-01,1.276055137833e+03,2.967966951579e+02
1873.0,6.234400622119e-05,1.128242229873e-01,1.276127485802e+03,2.967966951579e+02
1874.0,6.236551699392e-05,1.128700000376e-01,1.276199748724e+03,2.967966951579e+02
1875.0,6.238702366299e-05,1.129157670908e-01,1.276271926691e+03,2.967966951579e+02
1876.0,6.240852623145e-05,1.129615241506e-01,1.276344019790e+03,2.967966951579e+02
1877.0,6.243002470236e-05,1.130072712205e-01,1.276416028113e+03,2.967966951579e+02
1878.0,6.245151907878e-05,1.130530083039e-01,1.276487951748e+03,2.967966951579e+02
1879.0,6.247300936374e-05,1.130987354044e-01,1.276559790785e+03,2.967966951579e+02
1880.0,6.249449556029e-05,1.131444525256e-01,1.276631545313e+03,2.967966951579e+02
1881.0,6.251597767146e-05,1.131901596709e-01,1.276703215422e+03,2.967966951579e+02
1882.0,6.253745570030e-05,1.132358568438e-01,1.276774801200e+03,2.967966951579e+02
1883.0,6.255892964982e-05,1.132815440480e-01,1.276846302739e+03,2.967966951579e+02
1884.0,6.258039952305e-05,1.133272212869e-01,1.276917720126e+03,2.967966951579e+02
1885.0,6.260186532302e-05,1.133728885640e-01,1.276989053451e+03,2.967966951579e+02
1886.0,6.262332705274e-05,1.134185458828e-01,1.277060302802e+03,2.967966951579e+02
1887.0,6.264478471522e-05,1.134641932469e-01,1.277131468270e+03,2.967966951579e+02
1888.0,6.266623831347e-05,1.135098306597e-01,1.277202549943e+03,2.967966951579e+02
1889.0,6.268768785049e-05,1.135554581249e-01,1.277273547910e+03,2.967966951579e+02
1890.0,6.270913332929e-05,1.136010756457e-01,1.277344462260e+03,2.967966951579e+02
1891.0,6.273057475286e-05,1.136466832259e-01,1.277415293083e+03,2.967966951579e+02
1892.0,6.275201212419e-05,1.136922808688e-01,1.277486040466e+03,2.967966951579e+02
1893.0,6.277344544628e-05,1.137378685781e-01,1.277556704499e+03,2.967966951579e+02
1894.0,6.279487472209e-05,1.137834463571e-01,1.277627285270e+03,2.967966951579e+02
1895.0,6.281629995461e-05,1.138290142093e-01,1.277697782868e+03,2.967966951579e+02
1896.0,6.283772114683e-05,1.138745721384e-01,1.277768197383e+03,2.967966951579e+02
1897.0,6.285913830170e-05,1.139201201477e-01,1.277838528901e+03,2.967966951579e+02
1898.0,6.288055142220e-05,1.139656582408e-01,1.277908777513e+03,2.967966951579e+02
1899.0,6.290196051128e-05,1.140111864212e-01,1.277978943307e+03,2.967966951579e+02
1900.0,6.292336557192e-05,1.140567046923e-01,1.278049026370e+03,2.967966951579e+02
1901.0,6.294476660705e-05,1.141022130576e-01,1.278119026792e+03,2.967966951579e+02
1902.0,6.296616361964e-05,1.141477115207e-01,1.278188944661e+03,2.967966951579e+02
1903.0,6.298755661264e-05,1.141932000849e-01,1.278258780065e+03,2.967966951579e+02
1904.0,6.300894558897e-05,1.142386787539e-01,1.278328533093e+03,2.967966951579e+02
1905.0,6.303033055159e-05,1.142841475310e-01,1.278398203832e+03,2.967966951579e+02
1906.0,6.305171150342e-05,1.143296064197e-01,1.278467792371e+03,2.967966951579e+02
1907.0,6.307308844740e-05,1.143750554236e-01,1.278537298799e+03,2.967966951579e+02
1908.0,6.309446138645e-05,1.144204945461e-01,1.278606723202e+03,2.967966951579e+02
1909.0,6.311583032351e-05,1.144659237907e-01,1.278676065670e+03,2.967966951579e+02
1910.0,6.313719526148e-05,1.145113431608e-01,1.278745326289e+03,2.967966951579e+02
1911.0,6.315855620328e-05,1.145567526599e-01,1.278814505149e+03,2.967966951579e+02
1912.0,6.317991315182e-05,1.146021522916e-01,1.278883602337e+03,2.967966951579e+02
1913.0,6.320126611001e-05,1.146475420591e-01,1.278952617941e+03,2.967966951579e+02
1914.0,6.322261508075e-05,1.146929219662e-01,1.279021552049e+03,2.967966951579e+02
1915.0,6.324396006695e-05,1.147382920160e-01,1.279090404748e+03,2.967966951579e+02
1916.0,6.326530107149e-05,1.147836522123e-01,1.279159176126e+03,2.967966951579e+02
1917.0,6.328663809727e-05,1.148290025583e-01,1.279227866272e+03,2.967966951579e+02
1918.0,6.330797114717e-05,1.148743430577e-01,1.279296475271e+03,2.967966951579e+02
1919.0,6.332930022408e-05,1.149196737137e-01,1.279365003213e+03,2.967966951579e+02
1920.0,6.335062533088e-05,1.149649945300e-01,1.279433450184e+03,2.967966951579e+02
1921.0,6.337194647044e-05,1.150103055098e-01,1.279501816272e+03,2.967966951579e+02
1922.0,6.339326364564e-05,1.150556066568e-01,1.279570101565e+03,2.967966951579e+02
1923.0,6.341457685934e-05,1.151008979743e-01,1.279638306149e+03,2.967966951579e+02
1924.0,6.343588611440e-05,1.151461794658e-01,1.279706430113e+03,2.967966951579e+02
1925.0,6.345719141369e-05,1.151914511347e-01,1.279774473542e+03,2.967966951579e+02
1926.0,6.347849276007e-05,1.152367129845e-01,1.279842436526e+03,2.967966951579e+02
1927.0,6.349979015638e-05,1.152819650187e-01,1.279910319150e+03,2.967966951579e+02
1928.0,6.352108360548e-05,1.153272072406e-01,1.279978121502e+03,2.967966951579e+02
1929.0,6.354237311020e-05,1.153724396537e-01,1.280045843670e+03,2.967966951579e+02
1930.0,6.356365867339e-05,1.154176622615e-01,1.280113485739e+03,2.967966951579e+02
1931.0,6.358494029789e-05,1.154628750673e-01,1.280181047797e+03,2.967966951579e+02
1932.0,6.360621798653e-05,1.155080780747e-01,1.280248529932e+03,2.967966951579e+02
1933.0,6.362749174214e-05,1.155532712870e-01,1.280315932229e+03,2.967966951579e+02
1934.0,6.364876156754e-05,1.155984547078e-01,1.280383254776e+03,2.967966951579e+02
1935.0,6.367002746556e-05,1.156436283403e-01,1.280450497659e+03,2.967966951579e+02
1936.0,6.369128943902e-05,1.156887921881e-01,1.280517660966e+03,2.967966951579e+02
1937.0,6.371254749072e-05,1.157339462545e-01,1.280584744783e+03,2.967966951579e+02
1938.0,6.373380162348e-05,1.157790905431e-01,1.280651749196e+03,2.967966951579e+02
1939.0,6.375505184011e-05,1.158242250571e-01,1.280718674292e+03,2.967966951579e+02
1940.0,6.377629814341e-05,1.158693498002e-01,1.280785520159e+03,2.967966951579e+02
1941.0,6.379754053617e-05,1.159144647755e-01,1.280852286881e+03,2.967966951579e+02
1942.0,6.381877902120e-05,1.159595699867e-01,1.280918974547e+03,2.967966951579e+02
1943.0,6.384001360129e-05,1.160046654371e-01,1.280985583241e+03,2.967966951579e+02
1944.0,6.386124427922e-05,1.160497511300e-01,1.281052113051e+03,2.967966951579e+02
1945.0,6.388247105777e-05,1.160948270690e-01,1.281118564063e+03,2.967966951579e+02
1946.0,6.390369393974e-05,1.161398932575e-01,1.281184936362e+03,2.967966951579e+02
1947.0,6.392491292789e-05,1.161849496988e-01,1.281251230036e+03,2.967966951579e+02
1948.0,6.394612802500e-05,1.162299963963e-01,1.281317445171e+03,2.967966951579e+02
1949.0,6.396733923384e-05,1.162750333535e-01,1.281383581852e+03,2.967966951579e+02
1950.0,6.398854655717e-05,1.163200605738e-01,1.281449640166e+03,2.967966951579e+02
1951.0,6.400974999775e-05,1.163650780606e-01,1.281515620199e+03,2.967966951579e+02
1952.0,6.403094955835e-05,1.164100858172e-01,1.281581522036e+03,2.967966951579e+02
1953.0,6.405214524173e-05,1.164550838471e-01,1.281647345764e+03,2.967966951579e+02
1954.0,6.407333705062e-05,1.165000721537e-01,1.281713091468e+03,2.967966951579e+02
1955.0,6.409452498777e-05,1.165450507403e-01,1.281778759234e+03,2.967966951579e+02
1956.0,6.411570905594e-05,1.165900196104e-01,1.281844349149e+03,2.967966951579e+02
1957.0,6.413688925787e-05,1.166349787674e-01,1.281909861298e+03,2.967966951579e+02
1958.0,6.415806559628e-05,1.166799282146e-01,1.281975295766e+03,2.967966951579e+02
1959.0,6.417923807391e-05,1.167248679555e-01,1.282040652639e+03,2.967966951579e+02
1960.0,6.420040669349e-05,1.167697979934e-01,1.282105932003e+03,2.967966951579e+02
1961.0,6.422157145775e-05,1.168147183317e-01,1.282171133943e+03,2.967966951579e+02
1962.0,6.424273236941e-05,1.168596289738e-01,1.282236258545e+03,2.967966951579e+02
1963.0,6.426388943118e-05,1.169045299230e-01,1.282301305894e+03,2.967966951579e+02
1964.0,6.428504264579e-05,1.169494211829e-01,1.282366276076e+03,2.967966951579e+02
1965.0,6.430619201594e-05,1.169943027567e-01,1.282431169176e+03,2.967966951579e+02
1966.0,6.432733754434e-05,1.170391746478e-01,1.282495985280e+03,2.967966951579e+02
1967.0,6.434847923369e-05,1.170840368595e-01,1.282560724471e+03,2.967966951579e+02
1968.0,6.436961708670e-05,1.171288893954e-01,1.282625386837e+03,2.967966951579e+02
1969.0,6.439075110607e-05,1.171737322587e-01,1.282689972462e+03,2.967966951579e+02
1970.0,6.441188129448e-05,1.172185654528e-01,1.282754481430e+03,2.967966951579e+02
1971.0,6.443300765462e-05,1.172633889812e-01,1.282818913828e+03,2.967966951579e+02
1972.0,6.445413018919e-05,1.173082028470e-01,1.282883269739e+03,2.967966951579e+02
1973.0,6.447524890087e-05,1.173530070538e-01,1.282947549250e+03,2.967966951579e+02
1974.0,6.449636379233e-05,1.173978016048e-01,1.283011752445e+03,2.967966951579e+02
1975.0,6.451747486625e-05,1.174425865036e-01,1.283075879409e+03,2.967966951579e+02
1976.0,6.453858212531e-05,1.174873617533e-01,1.283139930226e+03,2.967966951579e+02
1977.0,6.455968557217e-05,1.175321273573e-01,1.283203904982e+03,2.967966951579e+02
1978.0,6.458078520949e-05,1.175768833191e-01,1.283267803761e+03,2.967966951579e+02
1979.0,6.460188103995e-05,1.176216296420e-01,1.283331626648e+03,2.967966951579e+02
1980.0,6.462297306619e-05,1.176663663293e-01,1.283395373728e+03,2.967966951579e+02
1981.0,6.464406129087e-05,1.177110933845e-01,1.283459045084e+03,2.967966951579e+02
1982.0,6.466514571665e-05,1.177558108107e-01,1.283522640802e+03,2.967966951579e+02
1983.0,6.468622634618e-05,1.178005186114e-01,1.283586160967e+03,2.967966951579e+02
1984.0,6.470730318208e-05,1.178452167900e-01,1.283649605661e+03,2.967966951579e+02
1985.0,6.472837622702e-05,1.178899053497e-01,1.283712974971e+03,2.967966951579e+02
1986.0,6.474944548362e-05,1.179345842940e-01,1.283776268980e+03,2.967966951579e+02
1987.0,6.477051095452e-05,1.179792536261e-01,1.283839487773e+03,2.967966951579e+02
1988.0,6.479157264236e-05,1.180239133495e-01,1.283902631433e+03,2.967966951579e+02
1989.0,6.481263054975e-05,1.180685634674e-01,1.283965700046e+03,2.967966951579e+02
1990.0,6.483368467932e-05,1.181132039831e-01,1.284028693694e+03,2.967966951579e+02
1991.0,6.485473503369e-05,1.181578349001e-01,1.284091612463e+03,2.967966951579e+02
1992.0,6.487578161548e-05,1.182024562217e-01,1.284154456436e+03,2.967966951579e+02
1993.0,6.489682442731e-05,1.182470679511e-01,1.284217225698e+03,2.967966951579e+02
1994.0,6.491786347178e-05,1.182916700918e-01,1.284279920332e+03,2.967966951579e+02
1995.0,6.493889875150e-05,1.183362626470e-01,1.284342540422e+03,2.967966951579e+02
1996.0,6.495993026907e-05,1.183808456201e-01,1.284405086052e+03,2.967966951579e+02
1997.0,6.498095802710e-05,1.184254190144e-01,1.284467557306e+03,2.967966951579e+02
1998.0,6.500198202817e-05,1.184699828332e-01,1.284529954267e+03,2.967966951579e+02
1999.0,6.502300227489e-05,1.185145370798e-01,1.284592277020e+03,2.967966951579e+02
2000.0,6.504401876985e-05,1.185590817576e-01,1.284654525648e+03,2.967966951579e+02
2001.0,6.506503151562e-05,1.186036168699e-01,1.284716700234e+03,2.967966951579e+02
2002.0,6.508604051480e-05,1.186481424200e-01,1.284778800863e+03,2.967966951579e+02
2003.0,6.510704576996e-05,1.186926584113e-01,1.284840827618e+03,2.967966951579e+02
2004.0,6.512804728369e-05,1.187371648469e-01,1.284902780581e+03,2.967966951579e+02
2005.0,6.514904505854e-05,1.187816617304e-01,1.284964659837e+03,2.967966951579e+02
2006.0,6.517003909710e-05,1.188261490648e-01,1.285026465470e+03,2.967966951579e+02
2007.0,6.519102940194e-05,1.188706268537e-01,1.285088197561e+03,2.967966951579e+02
2008.0,6.521201597560e-05,1.189150951002e-01,1.285149856196e+03,2.967966951579e+02
2009.0,6.523299882066e-05,1.189595538077e-01,1.285211441456e+03,2.967966951579e+02
2010.0,6.525397793968e-05,1.190040029794e-01,1.285272953425e+03,2.967966951579e+02
2011.0,6.527495333519e-05,1.190484426188e-01,1.285334392186e+03,2.967966951579e+02
2012.0,6.529592500976e-05,1.190928727290e-01,1.285395757823e+03,2.967966951579e+02
2013.0,6.531689296594e-05,1.191372933134e-01,1.285457050418e+03,2.967966951579e+02
2014.0,6.533785720626e-05,1.191817043754e-01,1.285518270054e+03,2.967966951579e+02
2015.0,6.535881773326e-05,1.192261059180e-01,1.285579416815e+03,2.967966951579e+02
2016.0,6.537977454949e-05,1.192704979448e-01,1.285640490782e+03,2.967966951579e+02
2017.0,6.540072765747e-05,1.193148804589e-01,1.285701492040e+03,2.967966951579e+02
2018.0,6.542167705975e-05,1.193592534637e-01,1.285762420671e+03,2.967966951579e+02
2019.0,6.544262275883e-05,1.194036169624e-01,1.285823276757e+03,2.967966951579e+02
2020.0,6.546356475726e-05,1.194479709584e-01,1.285884060381e+03,2.967966951579e+02
2021.0,6.548450305755e-05,1.194923154548e-01,1.285944771627e+03,2.967966951579e+02
2022.0,6.550543766221e-05,1.195366504551e-01,1.286005410575e+03,2.967966951579e+02
2023.0,6.552636857377e-05,1.195809759624e-01,1.286065977310e+03,2.967966951579e+02
2024.0,6.554729579473e-05,1.196252919801e-01,1.286126471914e+03,2.967966951579e+02
2025.0,6.556821932760e-05,1.196695985115e-01,1.286186894469e+03,2.967966951579e+02
2026.0,6.558913917489e-05,1.197138955598e-01,1.286247245057e+03,2.967966951579e+02
2027.0,6.561005533910e-05,1.197581831282e-01,1.286307523761e+03,2.967966951579e+02
2028.0,6.563096782272e-05,1.198024612202e-01,1.286367730663e+03,2.967966951579e+02
2029.0,6.565187662826e-05,1.198467298388e-01,1.286427865846e+03,2.967966951579e+02
2030.0,6.567278175820e-05,1.198909889875e-01,1.286487929391e+03,2.967966951579e+02
2031.0,6.569368321503e-05,1.199352386695e-01,1.286547921382e+03,2.967966951579e+02
2032.0,6.571458100125e-05,1.199794788880e-01,1.286607841899e+03,2.967966951579e+02
2033.0,6.573547511932e-05,1.200237096463e-01,1.286667691025e+03,2.967966951579e+02
2034.0,6.575636557174e-05,1.200679309477e-01,1.286727468843e+03,2.967966951579e+02
2035.0,6.577725236097e-05,1.201121427954e-01,1.286787175434e+03,2.967966951579e+02
2036.0,6.579813548950e-05,1.201563451928e-01,1.286846810879e+03,2.967966951579e+02
2037.0,6.581901495978e-05,1.202005381430e-01,1.286906375262e+03,2.967966951579e+02
2038.0,6.583989077429e-05,1.202447216493e-01,1.286965868663e+03,2.967966951579e+02
2039.0,6.586076293550e-05,1.202888957150e-01,1.287025291165e+03,2.967966951579e+02
2040.0,6.588163144585e-05,1.203330603433e-01,1.287084642849e+03,2.967966951579e+02
2041.0,6.590249630782e-05,1.203772155374e-01,1.287143923797e+03,2.967966951579e+02
2042.0,6.592335752385e-05,1.204213613008e-01,1.287203134091e+03,2.967966951579e+02
2043.0,6.594421509639e-05,1.204654976364e-01,1.287262273812e+03,2.967966951579e+02
2044.0,6.596506902790e-05,1.205096245478e-01,1.287321343042e+03,2.967966951579e+02
2045.0,6.598591932082e-05,1.205537420379e-01,1.287380341862e+03,2.967966951579e+02
2046.0,6.600676597759e-05,1.205978501102e-01,1.287439270354e+03,2.967966951579e+02
2047.0,6.602760900065e-05,1.206419487679e-01,1.287498128599e+03,2.967966951579e+02
2048.0,6.604844839243e-05,1.206860380141e-01,1.287556916679e+03,2.967966951579e+02
2049.0,6.606928415537e-05,1.207301178522e-01,1.287615634674e+03,2.967966951579e+02
2050.0,6.609011629190e-05,1.207741882854e-01,1.287674282666e+03,2.967966951579e+02
2051.0,6.611094480445e-05,1.208182493168e-01,1.287732860737e+03,2.967966951579e+02
2052.0,6.613176969544e-05,1.208623009498e-01,1.287791368968e+03,2.967966951579e+02
2053.0,6.615259096728e-05,1.209063431876e-01,1.287849807438e+03,2.967966951579e+02
2054.0,6.617340862240e-05,1.209503760334e-01,1.287908176231e+03,2.967966951579e+02
2055.0,6.619422266321e-05,1.209943994904e-01,1.287966475426e+03,2.967966951579e+02
2056.0,6.621503309213e-05,1.210384135619e-01,1.288024705105e+03,2.967966951579e+02
2057.0,6.623583991155e-05,1.210824182510e-01,1.288082865349e+03,2.967966951579e+02
2058.0,6.625664312389e-05,1.211264135611e-01,1.288140956238e+03,2.967966951579e+02
2059.0,6.627744273156e-05,1.211703994953e-01,1.288198977853e+03,2.967966951579e+02
2060.0,6.629823873694e-05,1.212143760569e-01,1.288256930275e+03,2.967966951579e+02
2061.0,6.631903114243e-05,1.212583432490e-01,1.288314813585e+03,2.967966951579e+02
2062.0,6.633981995044e-05,1.213023010750e-01,1.288372627864e+03,2.967966951579e+02
2063.0,6.636060516334e-05,1.213462495379e-01,1.288430373192e+03,2.967966951579e+02
2064.0,6.638138678353e-05,1.213901886411e-01,1.288488049649e+03,2.967966951579e+02
2065.0,6.640216481338e-05,1.214341183876e-01,1.288545657317e+03,2.967966951579e+02
2066.0,6.642293925530e-05,1.214780387809e-01,1.288603196276e+03,2.967966951579e+02
2067.0,6.644371011164e-05,1.215219498240e-01,1.288660666606e+03,2.967966951579e+02
2068.0,6.646447738478e-05,1.215658515201e-01,1.288718068387e+03,2.967966951579e+02
2069.0,6.648524107711e-05,1.216097438725e-01,1.288775401700e+03,2.967966951579e+02
2070.0,6.650600119098e-05,1.216536268844e-01,1.288832666626e+03,2.967966951579e+02
2071.0,6.652675772877e-05,1.216975005590e-01,1.288889863244e+03,2.967966951579e+02
2072.0,6.654751069284e-05,1.217413648994e-01,1.288946991635e+03,2.967966951579e+02
2073.0,6.656826008554e-05,1.217852199089e-01,1.289004051878e+03,2.967966951579e+02
2074.0,6.658900590925e-05,1.218290655907e-01,1.289061044055e+03,2.967966951579e+02
2075.0,6.660974816630e-05,1.218729019480e-01,1.289117968245e+03,2.967966951579e+02
2076.0,6.663048685906e-05,1.219167289839e-01,1.289174824528e+03,2.967966951579e+02
2077.0,6.665122198987e-05,1.219605467016e-01,1.289231612983e+03,2.967966951579e+02
2078.0,6.667195356108e-05,1.220043551045e-01,1.289288333692e+03,2.967966951579e+02
2079.0,6.669268157504e-05,1.220481541955e-01,1.289344986734e+03,2.967966951579e+02
2080.0,6.671340603407e-05,1.220919439780e-01,1.289401572188e+03,2.967966951579e+02
2081.0,6.673412694053e-05,1.221357244550e-01,1.289458090134e+03,2.967966951579e+02
2082.0,6.675484429673e-05,1.221794956299e-01,1.289514540653e+03,2.967966951579e+02
2083.0,6.677555810503e-05,1.222232575058e-01,1.289570923823e+03,2.967966951579e+02
2084.0,6.679626836774e-05,1.222670100858e-01,1.289627239725e+03,2.967966951579e+02
2085.0,6.681697508719e-05,1.223107533731e-01,1.289683488438e+03,2.967966951579e+02
2086.0,6.683767826570e-05,1.223544873710e-01,1.289739670041e+03,2.967966951579e+02
2087.0,6.685837790560e-05,1.223982120825e-01,1.289795784615e+03,2.967966951579e+02
2088.0,6.687907400920e-05,1.224419275110e-01,1.289851832237e+03,2.967966951579e+02
2089.0,6.689976657881e-05,1.224856336594e-01,1.289907812989e+03,2.967966951579e+02
2090.0,6.692045561675e-05,1.225293305311e-01,1.289963726949e+03,2.967966951579e+02
2091.0,6.694114112532e-05,1.225730181291e-01,1.290019574196e+03,2.967966951579e+02
2092.0,6.696182310684e-05,1.226166964567e-01,1.290075354810e+03,2.967966951579e+02
2093.0,6.698250156360e-05,1.226603655171e-01,1.290131068870e+03,2.967966951579e+02
2094.0,6.700317649790e-05,1.227040253133e-01,1.290186716455e+03,2.967966951579e+02
2095.0,6.702384791205e-05,1.227476758485e-01,1.290242297644e+03,2.967966951579e+02
2096.0,6.704451580833e-05,1.227913171259e-01,1.290297812516e+03,2.967966951579e+02
2097.0,6.706518018904e-05,1.228349491487e-01,1.290353261151e+03,2.967966951579e+02
2098.0,6.708584105647e-05,1.228785719201e-01,1.290408643626e+03,2.967966951579e+02
2099.0,6.710649841290e-05,1.229221854431e-01,1.290463960022e+03,2.967966951579e+02
2100.0,6.712715226061e-05,1.229657897209e-01,1.290519210417e+03,2.967966951579e+02
2101.0,6.714780260189e-05,1.230093847568e-01,1.290574394889e+03,2.967966951579e+02
2102.0,6.716844943901e-05,1.230529705537e-01,1.290629513518e+03,2.967966951579e+02
2103.0,6.718909277426e-05,1.230965471150e-01,1.290684566382e+03,2.967966951579e+02
2104.0,6.720973260989e-05,1.231401144437e-01,1.290739553560e+03,2.967966951579e+02
2105.0,6.723036894818e-05,1.231836725430e-01,1.290794475130e+03,2.967966951579e+02
2106.0,6.725100179141e-05,1.232272214160e-01,1.290849331172e+03,2.967966951579e+02
2107.0,6.727163114182e-05,1.232707610659e-01,1.290904121763e+03,2.967966951579e+02
2108.0,6.729225700168e-05,1.233142914958e-01,1.290958846982e+03,2.967966951579e+02
2109.0,6.731287937325e-05,1.233578127089e-01,1.291013506907e+03,2.967966951579e+02
2110.0,6.733349825879e-05,1.234013247083e-01,1.291068101618e+03,2.967966951579e+02
2111.0,6.735411366054e-05,1.234448274971e-01,1.291122631191e+03,2.967966951579e+02
2112.0,6.737472558076e-05,1.234883210785e-01,1.291177095706e+03,2.967966951579e+02
2113.0,6.739533402170e-05,1.235318054555e-01,1.291231495241e+03,2.967966951579e+02
2114.0,6.741593898559e-05,1.235752806314e-01,1.291285829873e+03,2.967966951579e+02
2115.0,6.743654047469e-05,1.236187466093e-01,1.291340099682e+03,2.967966951579e+02
2116.0,6.745713849123e-05,1.236622033923e-01,1.291394304745e+03,2.967966951579e+02
2117.0,6.747773303744e-05,1.237056509835e-01,1.291448445139e+03,2.967966951579e+02
2118.0,6.749832411556e-05,1.237490893860e-01,1.291502520944e+03,2.967966951579e+02
2119.0,6.751891172782e-05,1.237925186030e-01,1.291556532237e+03,2.967966951579e+02
2120.0,6.753949587646e-05,1.238359386376e-01,1.291610479096e+03,2.967966951579e+02
2121.0,6.756007656368e-05,1.238793494929e-01,1.291664361599e+03,2.967966951579e+02
2122.0,6.758065379172e-05,1.239227511721e-01,1.291718179824e+03,2.967966951579e+02
2123.0,6.760122756281e-05,1.239661436782e-01,1.291771933848e+03,2.967966951579e+02
2124.0,6.762179787914e-05,1.240095270144e-01,1.291825623748e+03,2.967966951579e+02
2125.0,6.764236474294e-05,1.240529011837e-01,1.291879249604e+03,2.967966951579e+02
2126.0,6.766292815643e-05,1.240962661894e-01,1.291932811492e+03,2.967966951579e+02
2127.0,6.768348812180e-05,1.241396220345e-01,1.291986309490e+03,2.967966951579e+02
2128.0,6.770404464127e-05,1.241829687220e-01,1.292039743675e+03,2.967966951579e+02
2129.0,6.772459771705e-05,1.242263062552e-01,1.292093114125e+03,2.967966951579e+02
2130.0,6.774514735132e-05,1.242696346372e-01,1.292146420918e+03,2.967966951579e+02
2131.0,6.776569354630e-05,1.243129538710e-01,1.292199664130e+03,2.967966951579e+02
2132.0,6.778623630417e-05,1.243562639597e-01,1.292252843839e+03,2.967966951579e+02
2133.0,6.780677562713e-05,1.243995649064e-01,1.292305960122e+03,2.967966951579e+02
2134.0,6.782731151737e-05,1.244428567143e-01,1.292359013057e+03,2.967966951579e+02
2135.0,6.784784397709e-05,1.244861393865e-01,1.292412002720e+03,2.967966951579e+02
2136.0,6.786837300845e-05,1.245294129259e-01,1.292464929189e+03,2.967966951579e+02
2137.0,6.788889861365e-05,1.245726773358e-01,1.292517792541e+03,2.967966951579e+02
2138.0,6.790942079488e-05,1.246159326193e-01,1.292570592853e+03,2.967966951579e+02
2139.0,6.792993955429e-05,1.246591787793e-01,1.292623330202e+03,2.967966951579e+02
2140.0,6.795045489408e-05,1.247024158190e-01,1.292676004664e+03,2.967966951579e+02
2141.0,6.797096681640e-05,1.247456437416e-01,1.292728616317e+03,2.967966951579e+02
2142.0,6.799147532344e-05,1.247888625500e-01,1.292781165238e+03,2.967966951579e+02
2143.0,6.801198041736e-05,1.248320722474e-01,1.292833651503e+03,2.967966951579e+02
2144.0,6.803248210032e-05,1.248752728369e-01,1.292886075189e+03,2.967966951579e+02
2145.0,6.805298037449e-05,1.249184643214e-01,1.292938436372e+03,2.967966951579e+02
2146.0,6.807347524202e-05,1.249616467042e-01,1.292990735130e+03,2.967966951579e+02
2147.0,6.809396670507e-05,1.250048199883e-01,1.293042971539e+03,2.967966951579e+02
2148.0,6.811445476580e-05,1.250479841768e-01,1.293095145676e+03,2.967966951579e+02
2149.0,6.813493942635e-05,1.250911392727e-01,1.293147257617e+03,2.967966951579e+02
2150.0,6.815542068888e-05,1.251342852791e-01,1.293199307438e+03,2.967966951579e+02
2151.0,6.817589855553e-05,1.251774221992e-01,1.293251295216e+03,2.967966951579e+02
2152.0,6.819637302845e-05,1.252205500359e-01,1.293303221027e+03,2.967966951579e+02
2153.0,6.821684410978e-05,1.252636687923e-01,1.293355084947e+03,2.967966951579e+02
2154.0,6.823731180165e-05,1.253067784715e-01,1.293406887054e+03,2.967966951579e+02
2155.0,6.825777610620e-05,1.253498790766e-01,1.293458627423e+03,2.967966951579e+02
2156.0,6.827823702557e-05,1.253929706106e-01,1.293510306129e+03,2.967966951579e+02
2157.0,6.829869456189e-05,1.254360530767e-01,1.293561923250e+03,2.967966951579e+02
2158.0,6.831914871729e-05,1.254791264778e-01,1.293613478862e+03,2.967966951579e+02
2159.0,6.833959949388e-05,1.255221908170e-01,1.293664973039e+03,2.967966951579e+02
2160.0,6.836004689380e-05,1.255652460973e-01,1.293716405860e+03,2.967966951579e+02
2161.0,6.838049091917e-05,1.256082923220e-01,1.293767777398e+03,2.967966951579e+02
2162.0,6.840093157210e-05,1.256513294939e-01,1.293819087731e+03,2.967966951579e+02
2163.0,6.842136885471e-05,1.256943576161e-01,1.293870336933e+03,2.967966951579e+02
2164.0,6.844180276912e-05,1.257373766918e-01,1.293921525081e+03,2.967966951579e+02
2165.0,6.846223331743e-05,1.257803867238e-01,1.293972652251e+03,2.967966951579e+02
2166.0,6.848266050176e-05,1.258233877154e-01,1.294023718518e+03,2.967966951579e+02
2167.0,6.850308432420e-05,1.258663796695e-01,1.294074723958e+03,2.967966951579e+02
2168.0,6.852350478687e-05,1.259093625892e-01,1.294125668646e+03,2.967966951579e+02
2169.0,6.854392189186e-05,1.259523364776e-01,1.294176552658e+03,2.967966951579e+02
2170.0,6.856433564127e-05,1.259953013376e-01,1.294227376070e+03,2.967966951579e+02
2171.0,6.858474603720e-05,1.260382571723e-01,1.294278138956e+03,2.967966951579e+02
2172.0,6.860515308174e-05,1.260812039848e-01,1.294328841393e+03,2.967966951579e+02
2173.0,6.862555677698e-05,1.261241417780e-01,1.294379483455e+03,2.967966951579e+02
2174.0,6.864595712502e-05,1.261670705551e-01,1.294430065218e+03,2.967966951579e+02
2175.0,6.866635412793e-05,1.262099903191e-01,1.294480586757e+03,2.967966951579e+02
2176.0,6.868674778780e-05,1.262529010729e-01,1.294531048148e+03,2.967966951579e+02
2177.0,6.870713810672e-05,1.262958028197e-01,1.294581449465e+03,2.967966951579e+02
2178.0,6.872752508675e-05,1.263386955624e-01,1.294631790784e+03,2.967966951579e+02
2179.0,6.874790872999e-05,1.263815793041e-01,1.294682072180e+03,2.967966951579e+02
2180.0,6.876828903849e-05,1.264244540478e-01,1.294732293727e+03,2.967966951579e+02
2181.0,6.878866601433e-05,1.264673197965e-01,1.294782455501e+03,2.967966951579e+02
2182.0,6.880903965959e-05,1.265101765533e-01,1.294832557576e+03,2.967966951579e+02
2183.0,6.882940997632e-05,1.265530243212e-01,1.294882600028e+03,2.967966951579e+02
2184.0,6.884977696659e-05,1.265958631032e-01,1.294932582931e+03,2.967966951579e+02
2185.0,6.887014063247e-05,1.266386929023e-01,1.294982506360e+03,2.967966951579e+02
2186.0,6.889050097601e-05,1.266815137215e-01,1.295032370390e+03,2.967966951579e+02
2187.0,6.891085799927e-05,1.267243255639e-01,1.295082175095e+03,2.967966951579e+02
2188.0,6.893121170430e-05,1.267671284325e-01,1.295131920550e+03,2.967966951579e+02
2189.0,6.895156209315e-05,1.268099223302e-01,1.295181606830e+03,2.967966951579e+02
2190.0,6.897190916788e-05,1.268527072601e-01,1.295231234009e+03,2.967966951579e+02
2191.0,6.899225293054e-05,1.268954832252e-01,1.295280802161e+03,2.967966951579e+02
2192.0,6.901259338316e-05,1.269382502286e-01,1.295330311362e+03,2.967966951579e+02
2193.0,6.903293052779e-05,1.269810082731e-01,1.295379761685e+03,2.967966951579e+02
2194.0,6.905326436646e-05,1.270237573618e-01,1.295429153205e+03,2.967966951579e+02
2195.0,6.907359490123e-05,1.270664974978e-01,1.295478485996e+03,2.967966951579e+02
2196.0,6.909392213412e-05,1.271092286840e-01,1.295527760132e+03,2.967966951579e+02
2197.0,6.911424606716e-05,1.271519509234e-01,1.295576975687e+03,2.967966951579e+02
2198.0,6.913456670238e-05,1.271946642190e-01,1.295626132737e+03,2.967966951579e+02
2199.0,6.915488404182e-05,1.272373685738e-01,1.295675231354e+03,2.967966951579e+02
2200.0,6.917519808750e-05,1.272800639909e-01,1.295724271612e+03,2.967966951579e+02
2201.0,6.919550884145e-05,1.273227504731e-01,1.295773253587e+03,2.967966951579e+02
2202.0,6.921581630567e-05,1.273654280236e-01,1.295822177351e+03,2.967966951579e+02
2203.0,6.923612048220e-05,1.274080966452e-01,1.295871042979e+03,2.967966951579e+02
2204.0,6.925642137304e-05,1.274507563410e-01,1.295919850544e+03,2.967966951579e+02
2205.0,6.927671898022e-05,1.274934071140e-01,1.295968600121e+03,2.967966951579e+02
2206.0,6.929701330575e-05,1.275360489671e-01,1.296017291783e+03,2.967966951579e+02
2207.0,6.931730435162e-05,1.275786819033e-01,1.296065925603e+03,2.967966951579e+02
2208.0,6.933759211986e-05,1.276213059257e-01,1.296114501656e+03,2.967966951579e+02
2209.0,6.935787661246e-05,1.276639210372e-01,1.296163020015e+03,2.967966951579e+02
2210.0,6.937815783143e-05,1.277065272407e-01,1.296211480753e+03,2.967966951579e+02
2211.0,6.939843577876e-05,1.277491245393e-01,1.296259883945e+03,2.967966951579e+02
2212.0,6.941871045646e-05,1.277917129359e-01,1.296308229663e+03,2.967966951579e+02
2213.0,6.943898186652e-05,1.278342924335e-01,1.296356517981e+03,2.967966951579e+02
2214.0,6.945925001094e-05,1.278768630351e-01,1.296404748973e+03,2.967966951579e+02
2215.0,6.947951489170e-05,1.279194247436e-01,1.296452922711e+03,2.967966951579e+02
2216.0,6.949977651079e-05,1.279619775621e-01,1.296501039269e+03,2.967966951579e+02
2217.0,6.952003487020e-05,1.280045214935e-01,1.296549098721e+03,2.967966951579e+02
2218.0,6.954028997191e-05,1.280470565407e-01,1.296597101139e+03,2.967966951579e+02
2219.0,6.956054181790e-05,1.280895827067e-01,1.296645046596e+03,2.967966951579e+02
2220.0,6.958079041016e-05,1.281320999945e-01,1.296692935166e+03,2.967966951579e+02
2221.0,6.960103575066e-05,1.281746084071e-01,1.296740766922e+03,2.967966951579e+02
2222.0,6.962127784137e-05,1.282171079473e-01,1.296788541936e+03,2.967966951579e+02
2223.0,6.964151668428e-05,1.282595986183e-01,1.296836260282e+03,2.967966951579e+02
2224.0,6.966175228133e-05,1.283020804228e-01,1.296883922033e+03,2.967966951579e+02
2225.0,6.968198463452e-05,1.283445533640e-01,1.296931527260e+03,2.967966951579e+02
2226.0,6.970221374579e-05,1.283870174446e-01,1.296979076038e+03,2.967966951579e+02
2227.0,6.972243961712e-05,1.284294726678e-01,1.297026568439e+03,2.967966951579e+02
2228.0,6.974266225046e-05,1.284719190364e-01,1.297074004535e+03,2.967966951579e+02
2229.0,6.976288164778e-05,1.285143565534e-01,1.297121384400e+03,2.967966951579e+02
2230.0,6.978309781103e-05,1.285567852217e-01,1.297168708105e+03,2.967966951579e+02
2231.0,6.980331074217e-05,1.285992050443e-01,1.297215975724e+03,2.967966951579e+02
2232.0,6.982352044314e-05,1.286416160242e-01,1.297263187328e+03,2.967966951579e+02
2233.0,6.984372691590e-05,1.286840181642e-01,1.297310342991e+03,2.967966951579e+02
2234.0,6.986393016239e-05,1.287264114674e-01,1.297357442785e+03,2.967966951579e+02
2235.0,6.988413018456e-05,1.287687959366e-01,1.297404486782e+03,2.967966951579e+02
2236.0,6.990432698436e-05,1.288111715748e-01,1.297451475054e+03,2.967966951579e+02
2237.0,6.992452056372e-05,1.288535383849e-01,1.297498407674e+03,2.967966951579e+02
2238.0,6.994471092458e-05,1.288958963699e-01,1.297545284714e+03,2.967966951579e+02
2239.0,6.996489806888e-05,1.289382455327e-01,1.297592106246e+03,2.967966951579e+02
2240.0,6.998508199856e-05,1.289805858762e-01,1.297638872342e+03,2.967966951579e+02
2241.0,7.000526271554e-05,1.290229174035e-01,1.297685583074e+03,2.967966951579e+02
2242.0,7.002544022176e-05,1.290652401173e-01,1.297732238515e+03,2.967966951579e+02
2243.0,7.004561451914e-05,1.291075540206e-01,1.297778838736e+03,2.967966951579e+02
2244.0,7.006578560961e-05,1.291498591164e-01,1.297825383809e+03,2.967966951579e+02
2245.0,7.008595349509e-05,1.291921554076e-01,1.297871873807e+03,2.967966951579e+02
2246.0,7.010611817750e-05,1.292344428971e-01,1.297918308800e+03,2.967966951579e+02
2247.0,7.012627965877e-05,1.292767215878e-01,1.297964688861e+03,2.967966951579e+02
2248.0,7.014643794080e-05,1.293189914827e-01,1.298011014062e+03,2.967966951579e+02
2249.0,7.016659302552e-05,1.293612525846e-01,1.298057284474e+03,2.967966951579e+02
2250.0,7.018674491483e-05,1.294035048965e-01,1.298103500168e+03,2.967966951579e+02
2251.0,7.020689361065e-05,1.294457484213e-01,1.298149661217e+03,2.967966951579e+02
2252.0,7.022703911489e-05,1.294879831620e-01,1.298195767692e+03,2.967966951579e+02
2253.0,7.024718142944e-05,1.295302091213e-01,1.298241819664e+03,2.967966951579e+02
2254.0,7.026732055621e-05,1.295724263023e-01,1.298287817206e+03,2.967966951579e+02
2255.0,7.028745649711e-05,1.296146347079e-01,1.298333760387e+03,2.967966951579e+02
2256.0,7.030758925404e-05,1.296568343409e-01,1.298379649280e+03,2.967966951579e+02
2257.0,7.032771882888e-05,1.296990252043e-01,1.298425483957e+03,2.967966951579e+02
2258.0,7.034784522354e-05,1.297412073009e-01,1.298471264487e+03,2.967966951579e+02
2259.0,7.036796843991e-05,1.297833806338e-01,1.298516990943e+03,2.967966951579e+02
2260.0,7.038808847988e-05,1.298255452057e-01,1.298562663395e+03,2.967966951579e+02
2261.0,7.040820534534e-05,1.298677010195e-01,1.298608281915e+03,2.967966951579e+02
2262.0,7.042831903818e-05,1.299098480783e-01,1.298653846574e+03,2.967966951579e+02
2263.0,7.044842956027e-05,1.299519863849e-01,1.298699357442e+03,2.967966951579e+02
2264.0,7.046853691350e-05,1.299941159421e-01,1.298744814592e+03,2.967966951579e+02
2265.0,7.048864109976e-05,1.300362367529e-01,1.298790218093e+03,2.967966951579e+02
2266.0,7.050874212092e-05,1.300783488201e-01,1.298835568016e+03,2.967966951579e+02
2267.0,7.052883997885e-05,1.301204521467e-01,1.298880864433e+03,2.967966951579e+02
2268.0,7.054893467543e-05,1.301625467355e-01,1.298926107414e+03,2.967966951579e+02
2269.0,7.056902621253e-05,1.302046325895e-01,1.298971297030e+03,2.967966951579e+02
2270.0,7.058911459202e-05,1.302467097115e-01,1.299016433351e+03,2.967966951579e+02
2271.0,7.060919981577e-05,1.302887781044e-01,1.299061516449e+03,2.967966951579e+02
2272.0,7.062928188564e-05,1.303308377711e-01,1.299106546393e+03,2.967966951579e+02
2273.0,7.064936080350e-05,1.303728887145e-01,1.299151523255e+03,2.967966951579e+02
2274.0,7.066943657121e-05,1.304149309374e-01,1.299196447104e+03,2.967966951579e+02
2275.0,7.068950919062e-05,1.304569644427e-01,1.299241318012e+03,2.967966951579e+02
2276.0,7.070957866360e-05,1.304989892334e-01,1.299286136048e+03,2.967966951579e+02
2277.0,7.072964499199e-05,1.305410053122e-01,1.299330901284e+03,2.967966951579e+02
2278.0,7.074970817766e-05,1.305830126822e-01,1.299375613788e+03,2.967966951579e+02
2279.0,7.076976822245e-05,1.306250113460e-01,1.299420273632e+03,2.967966951579e+02
2280.0,7.078982512821e-05,1.306670013067e-01,1.299464880886e+03,2.967966951579e+02
2281.0,7.080987889678e-05,1.307089825670e-01,1.299509435619e+03,2.967966951579e+02
2282.0,7.082992953002e-05,1.307509551299e-01,1.299553937903e+03,2.967966951579e+02
2283.0,7.084997702976e-05,1.307929189982e-01,1.299598387806e+03,2.967966951579e+02
2284.0,7.087002139784e-05,1.308348741748e-01,1.299642785400e+03,2.967966951579e+02
2285.0,7.089006263611e-05,1.308768206626e-01,1.299687130753e+03,2.967966951579e+02
2286.0,7.091010074640e-05,1.309187584643e-01,1.299731423937e+03,2.967966951579e+02
2287.0,7.093013573053e-05,1.309606875830e-01,1.299775665020e+03,2.967966951579e+02
2288.0,7.095016759036e-05,1.310026080213e-01,1.299819854072e+03,2.967966951579e+02
2289.0,7.097019632770e-05,1.310445197823e-01,1.299863991164e+03,2.967966951579e+02
2290.0,7.099022194438e-05,1.310864228687e-01,1.299908076365e+03,2.967966951579e+02
2291.0,7.101024444223e-05,1.311283172834e-01,1.299952109745e+03,2.967966951579e+02
2292.0,7.103026382308e-05,1.311702030293e-01,1.299996091373e+03,2.967966951579e+02
2293.0,7.105028008874e-05,1.312120801091e-01,1.300040021319e+03,2.967966951579e+02
2294.0,7.107029324103e-05,1.312539485259e-01,1.300083899653e+03,2.967966951579e+02
2295.0,7.109030328178e-05,1.312958082823e-01,1.300127726443e+03,2.967966951579e+02
2296.0,7.111031021280e-05,1.313376593814e-01,1.300171501760e+03,2.967966951579e+02
2297.0,7.113031403590e-05,1.313795018258e-01,1.300215225672e+03,2.967966951579e+02
2298.0,7.115031475289e-05,1.314213356185e-01,1.300258898250e+03,2.967966951579e+02
2299.0,7.117031236559e-05,1.314631607622e-01,1.300302519561e+03,2.967966951579e+02
2300.0,7.119030687580e-05,1.315049772600e-01,1.300346089677e+03,2.967966951579e+02
2301.0,7.121029828533e-05,1.315467851145e-01,1.300389608665e+03,2.967966951579e+02
2302.0,7.123028659598e-05,1.315885843286e-01,1.300433076595e+03,2.967966951579e+02
2303.0,7.125027180955e-05,1.316303749051e-01,1.300476493536e+03,2.967966951579e+02
2304.0,7.127025392785e-05,1.316721568470e-01,1.300519859557e+03,2.967966951579e+02
2305.0,7.129023295267e-05,1.317139301570e-01,1.300563174727e+03,2.967966951579e+02
2306.0,7.131020888581e-05,1.317556948380e-01,1.300606439115e+03,2.967966951579e+02
2307.0,7.133018172906e-05,1.317974508927e-01,1.300649652790e+03,2.967966951579e+02
2308.0,7.135015148421e-05,1.318391983241e-01,1.300692815821e+03,2.967966951579e+02
2309.0,7.137011815305e-05,1.318809371349e-01,1.300735928276e+03,2.967966951579e+02
2310.0,7.139008173737e-05,1.319226673280e-01,1.300778990225e+03,2.967966951579e+02
2311.0,7.141004223896e-05,1.319643889062e-01,1.300822001736e+03,2.967966951579e+02
2312.0,7.142999965960e-05,1.320061018724e-01,1.300864962877e+03,2.967966951579e+02
2313.0,7.144995400108e-05,1.320478062292e-01,1.300907873717e+03,2.967966951579e+02
2314.0,7.146990526516e-05,1.320895019797e-01,1.300950734326e+03,2.967966951579e+02
2315.0,7.148985345364e-05,1.321311891266e-01,1.300993544770e+03,2.967966951579e+02
2316.0,7.150979856828e-05,1.321728676726e-01,1.301036305120e+03,2.967966951579e+02
2317.0,7.152974061087e-05,1.322145376208e-01,1.301079015443e+03,2.967966951579e+02
2318.0,7.154967958316e-05,1.322561989737e-01,1.301121675807e+03,2.967966951579e+02
2319.0,7.156961548694e-05,1.322978517343e-01,1.301164286282e+03,2.967966951579e+02
2320.0,7.158954832398e-05,1.323394959054e-01,1.301206846934e+03,2.967966951579e+02
2321.0,7.160947809603e-05,1.323811314898e-01,1.301249357833e+03,2.967966951579e+02
2322.0,7.162940480486e-05,1.324227584902e-01,1.301291819047e+03,2.967966951579e+02
2323.0,7.164932845223e-05,1.324643769096e-01,1.301334230643e+03,2.967966951579e+02
2324.0,7.166924903992e-05,1.325059867506e-01,1.301376592690e+03,2.967966951579e+02
2325.0,7.168916656966e-05,1.325475880162e-01,1.301418905256e+03,2.967966951579e+02
2326.0,7.170908104323e-05,1.325891807091e-01,1.301461168409e+03,2.967966951579e+02
2327.0,7.172899246237e-05,1.326307648321e-01,1.301503382217e+03,2.967966951579e+02
2328.0,7.174890082884e-05,1.326723403881e-01,1.301545546747e+03,2.967966951579e+02
2329.0,7.176880614439e-05,1.327139073797e-01,1.301587662068e+03,2.967966951579e+02
2330.0,7.178870841077e-05,1.327554658099e-01,1.301629728247e+03,2.967966951579e+02
2331.0,7.180860762972e-05,1.327970156814e-01,1.301671745353e+03,2.967966951579e+02
2332.0,7.182850380299e-05,1.328385569970e-01,1.301713713452e+03,2.967966951579e+02
2333.0,7.184839693233e-05,1.328800897595e-01,1.301755632612e+03,2.967966951579e+02
2334.0,7.186828701947e-05,1.329216139717e-01,1.301797502902e+03,2.967966951579e+02
2335.0,7.188817406616e-05,1.329631296364e-01,1.301839324388e+03,2.967966951579e+02
2336.0,7.190805807413e-05,1.330046367563e-01,1.301881097138e+03,2.967966951579e+02
2337.0,7.192793904511e-05,1.330461353343e-01,1.301922821219e+03,2.967966951579e+02
2338.0,7.194781698085e-05,1.330876253732e-01,1.301964496700e+03,2.967966951579e+02
2339.0,7.196769188307e-05,1.331291068757e-01,1.302006123647e+03,2.967966951579e+02
2340.0,7.198756375350e-05,1.331705798446e-01,1.302047702127e+03,2.967966951579e+02
2341.0,7.200743259388e-05,1.332120442827e-01,1.302089232208e+03,2.967966951579e+02
2342.0,7.202729840592e-05,1.332535001927e-01,1.302130713958e+03,2.967966951579e+02
2343.0,7.204716119136e-05,1.332949475776e-01,1.302172147442e+03,2.967966951579e+02
2344.0,7.206702095191e-05,1.333363864400e-01,1.302213532729e+03,2.967966951579e+02
2345.0,7.208687768929e-05,1.333778167826e-01,1.302254869886e+03,2.967966951579e+02
2346.0,7.210673140523e-05,1.334192386084e-01,1.302296158979e+03,2.967966951579e+02
2347.0,7.212658210144e-05,1.334606519200e-01,1.302337400075e+03,2.967966951579e+02
2348.0,7.214642977963e-05,1.335020567203e-01,1.302378593242e+03,2.967966951579e+02
2349.0,7.216627444153e-05,1.335434530119e-01,1.302419738546e+03,2.967966951579e+02
2350.0,7.218611608883e-05,1.335848407978e-01,1.302460836054e+03,2.967966951579e+02
2351.0,7.220595472326e-05,1.336262200805e-01,1.302501885833e+03,2.967966951579e+02
2352.0,7.222579034651e-05,1.336675908630e-01,1.302542887949e+03,2.967966951579e+02
2353.0,7.224562296029e-05,1.337089531479e-01,1.302583842470e+03,2.967966951579e+02
2354.0,7.226545256631e-05,1.337503069380e-01,1.302624749462e+03,2.967966951579e+02
2355.0,7.228527916627e-05,1.337916522362e-01,1.302665608991e+03,2.967966951579e+02
2356.0,7.230510276187e-05,1.338329890451e-01,1.302706421124e+03,2.967966951579e+02
2357.0,7.232492335481e-05,1.338743173675e-01,1.302747185928e+03,2.967966951579e+02
2358.0,7.234474094677e-05,1.339156372061e-01,1.302787903469e+03,2.967966951579e+02
2359.0,7.236455553947e-05,1.339569485638e-01,1.302828573814e+03,2.967966951579e+02
2360.0,7.238436713459e-05,1.339982514433e-01,1.302869197028e+03,2.967966951579e+02
2361.0,7.240417573383e-05,1.340395458472e-01,1.302909773178e+03,2.967966951579e+02
2362.0,7.242398133886e-05,1.340808317785e-01,1.302950302330e+03,2.967966951579e+02
2363.0,7.244378395139e-05,1.341221092398e-01,1.302990784551e+03,2.967966951579e+02
2364.0,7.246358357309e-05,1.341633782339e-01,1.303031219907e+03,2.967966951579e+02
2365.0,7.248338020564e-05,1.342046387635e-01,1.303071608463e+03,2.967966951579e+02
2366.0,7.250317385074e-05,1.342458908313e-01,1.303111950287e+03,2.967966951579e+02
2367.0,7.252296451006e-05,1.342871344402e-01,1.303152245443e+03,2.967966951579e+02
2368.0,7.254275218528e-05,1.343283695929e-01,1.303192493998e+03,2.967966951579e+02
2369.0,7.256253687807e-05,1.343695962920e-01,1.303232696017e+03,2.967966951579e+02
2370.0,7.258231859012e-05,1.344108145404e-01,1.303272851568e+03,2.967966951579e+02
2371.0,7.260209732309e-05,1.344520243407e-01,1.303312960715e+03,2.967966951579e+02
2372.0,7.262187307865e-05,1.344932256958e-01,1.303353023524e+03,2.967966951579e+02
2373.0,7.264164585848e-05,1.345344186083e-01,1.303393040060e+03,2.967966951579e+02
2374.0,7.266141566423e-05,1.345756030810e-01,1.303433010391e+03,2.967966951579e+02
2375.0,7.268118249759e-05,1.346167791166e-01,1.303472934581e+03,2.967966951579e+02
2376.0,7.270094636020e-05,1.346579467179e-01,1.303512812695e+03,2.967966951579e+02
2377.0,7.272070725374e-05,1.346991058875e-01,1.303552644800e+03,2.967966951579e+02
2378.0,7.274046517987e-05,1.347402566283e-01,1.303592430961e+03,2.967966951579e+02
2379.0,7.276022014023e-05,1.347813989429e-01,1.303632171243e+03,2.967966951579e+02
2380.0,7.277997213650e-05,1.348225328340e-01,1.303671865712e+03,2.967966951579e+02
2381.0,7.279972117032e-05,1.348636583044e-01,1.303711514433e+03,2.967966951579e+02
2382.0,7.281946724335e-05,1.349047753568e-01,1.303751117471e+03,2.967966951579e+02
2383.0,7.283921035724e-05,1.349458839940e-01,1.303790674891e+03,2.967966951579e+02
2384.0,7.285895051363e-05,1.349869842186e-01,1.303830186760e+03,2.967966951579e+02
2385.0,7.287868771419e-05,1.350280760333e-01,1.303869653141e+03,2.967966951579e+02
2386.0,7.289842196055e-05,1.350691594410e-01,1.303909074100e+03,2.967966951579e+02
2387.0,7.291815325435e-05,1.351102344442e-01,1.303948449702e+03,2.967966951579e+02
2388.0,7.293788159725e-05,1.351513010457e-01,1.303987780013e+03,2.967966951579e+02
2389.0,7.295760699088e-05,1.351923592483e-01,1.304027065096e+03,2.967966951579e+02
2390.0,7.297732943688e-05,1.352334090546e-01,1.304066305017e+03,2.967966951579e+02
2391.0,7.299704893689e-05,1.352744504674e-01,1.304105499841e+03,2.967966951579e+02
2392.0,7.301676549255e-05,1.353154834893e-01,1.304144649632e+03,2.967966951579e+02
2393.0,7.303647910548e-05,1.353565081230e-01,1.304183754456e+03,2.967966951579e+02
2394.0,7.305618977733e-05,1.353975243714e-01,1.304222814377e+03,2.967966951579e+02
2395.0,7.307589750971e-05,1.354385322370e-01,1.304261829460e+03,2.967966951579e+02
2396.0,7.309560230427e-05,1.354795317225e-01,1.304300799769e+03,2.967966951579e+02
2397.0,7.311530416263e-05,1.355205228308e-01,1.304339725369e+03,2.967966951579e+02
2398.0,7.313500308641e-05,1.355615055644e-01,1.304378606324e+03,2.967966951579e+02
2399.0,7.315469907723e-05,1.356024799261e-01,1.304417442699e+03,2.967966951579e+02
2400.0,7.317439213673e-05,1.356434459186e-01,1.304456234559e+03,2.967966951579e+02
2401.0,7.319408226651e-05,1.356844035445e-01,1.304494981967e+03,2.967966951579e+02
2402.0,7.321376946821e-05,1.357253528066e-01,1.304533684988e+03,2.967966951579e+02
2403.0,7.323345374342e-05,1.357662937075e-01,1.304572343687e+03,2.967966951579e+02
2404.0,7.325313509378e-05,1.358072262500e-01,1.304610958127e+03,2.967966951579e+02
2405.0,7.327281352089e-05,1.358481504367e-01,1.304649528373e+03,2.967966951579e+02
2406.0,7.329248902637e-05,1.358890662704e-01,1.304688054489e+03,2.967966951579e+02
2407.0,7.331216161182e-05,1.359299737536e-01,1.304726536538e+03,2.967966951579e+02
2408.0,7.333183127885e-05,1.359708728892e-01,1.304764974586e+03,2.967966951579e+02
2409.0,7.335149802908e-05,1.360117636797e-01,1.304803368696e+03,2.967966951579e+02
2410.0,7.337116186410e-05,1.360526461279e-01,1.304841718932e+03,2.967966951579e+02
2411.0,7.339082278551e-05,1.360935202364e-01,1.304880025357e+03,2.967966951579e+02
2412.0,7.341048079493e-05,1.361343860080e-01,1.304918288037e+03,2.967966951579e+02
2413.0,7.343013589395e-05,1.361752434453e-01,1.304956507033e+03,2.967966951579e+02
2414.0,7.344978808416e-05,1.362160925509e-01,1.304994682411e+03,2.967966951579e+02
2415.0,7.346943736717e-05,1.362569333276e-01,1.305032814234e+03,2.967966951579e+02
2416.0,7.348908374457e-05,1.362977657781e-01,1.305070902566e+03,2.967966951579e+02
2417.0,7.350872721795e-05,1.363385899049e-01,1.305108947470e+03,2.967966951579e+02
2418.0,7.352836778891e-05,1.363794057108e-01,1.305146949009e+03,2.967966951579e+02
2419.0,7.354800545902e-05,1.364202131985e-01,1.305184907248e+03,2.967966951579e+02
2420.0,7.356764022989e-05,1.364610123706e-01,1.305222822250e+03,2.967966951579e+02
2421.0,7.358727210310e-05,1.365018032298e-01,1.305260694078e+03,2.967966951579e+02
2422.0,7.360690108023e-05,1.365425857787e-01,1.305298522795e+03,2.967966951579e+02
2423.0,7.362652716287e-05,1.365833600201e-01,1.305336308465e+03,2.967966951579e+02
2424.0,7.364615035260e-05,1.366241259565e-01,1.305374051152e+03,2.967966951579e+02
2425.0,7.366577065099e-05,1.366648835907e-01,1.305411750917e+03,2.967966951579e+02
2426.0,7.368538805963e-05,1.367056329252e-01,1.305449407826e+03,2.967966951579e+02
2427.0,7.370500258009e-05,1.367463739629e-01,1.305487021939e+03,2.967966951579e+02
2428.0,7.372461421395e-05,1.367871067062e-01,1.305524593322e+03,2.967966951579e+02
2429.0,7.374422296278e-05,1.368278311579e-01,1.305562122037e+03,2.967966951579e+02
2430.0,7.376382882815e-05,1.368685473207e-01,1.305599608146e+03,2.967966951579e+02
2431.0,7.378343181163e-05,1.369092551971e-01,1.305637051713e+03,2.967966951579e+02
2432.0,7.380303191479e-05,1.369499547899e-01,1.305674452800e+03,2.967966951579e+02
2433.0,7.382262913920e-05,1.369906461017e-01,1.305711811471e+03,2.967966951579e+02
2434.0,7.384222348642e-05,1.370313291351e-01,1.305749127788e+03,2.967966951579e+02
2435.0,7.386181495802e-05,1.370720038928e-01,1.305786401814e+03,2.967966951579e+02
2436.0,7.388140355556e-05,1.371126703774e-01,1.305823633612e+03,2.967966951579e+02
2437.0,7.390098928059e-05,1.371533285916e-01,1.305860823244e+03,2.967966951579e+02
2438.0,7.392057213467e-05,1.371939785381e-01,1.305897970772e+03,2.967966951579e+02
2439.0,7.394015211937e-05,1.372346202194e-01,1.305935076261e+03,2.967966951579e+02
2440.0,7.395972923624e-05,1.372752536382e-01,1.305972139771e+03,2.967966951579e+02
2441.0,7.397930348683e-05,1.373158787971e-01,1.306009161365e+03,2.967966951579e+02
2442.0,7.399887487270e-05,1.373564956989e-01,1.306046141107e+03,2.967966951579e+02
2443.0,7.401844339538e-05,1.373971043460e-01,1.306083079057e+03,2.967966951579e+02
2444.0,7.403800905645e-05,1.374377047413e-01,1.306119975279e+03,2.967966951579e+02
2445.0,7.405757185743e-05,1.374782968872e-01,1.306156829835e+03,2.967966951579e+02
2446.0,7.407713179988e-05,1.375188807864e-01,1.306193642787e+03,2.967966951579e+02
2447.0,7.409668888533e-05,1.375594564416e-01,1.306230414197e+03,2.967966951579e+02
2448.0,7.411624311534e-05,1.376000238554e-01,1.306267144127e+03,2.967966951579e+02
2449.0,7.413579449145e-05,1.376405830304e-01,1.306303832639e+03,2.967966951579e+02
2450.0,7.415534301518e-05,1.376811339692e-01,1.306340479796e+03,2.967966951579e+02
2451.0,7.417488868809e-05,1.377216766746e-01,1.306377085659e+03,2.967966951579e+02
2452.0,7.419443151170e-05,1.377622111490e-01,1.306413650290e+03,2.967966951579e+02
2453.0,7.421397148755e-05,1.378027373951e-01,1.306450173751e+03,2.967966951579e+02
2454.0,7.423350861718e-05,1.378432554156e-01,1.306486656104e+03,2.967966951579e+02
2455.0,7.425304290211e-05,1.378837652130e-01,1.306523097411e+03,2.967966951579e+02
2456.0,7.427257434388e-05,1.379242667901e-01,1.306559497734e+03,2.967966951579e+02
2457.0,7.429210294400e-05,1.379647601493e-01,1.306595857133e+03,2.967966951579e+02
2458.0,7.431162870402e-05,1.380052452933e-01,1.306632175671e+03,2.967966951579e+02
2459.0,7.433115162545e-05,1.380457222248e-01,1.306668453410e+03,2.967966951579e+02
2460.0,7.435067170982e-05,1.380861909463e-01,1.306704690410e+03,2.967966951579e+02
2461.0,7.437018895865e-05,1.381266514605e-01,1.306740886734e+03,2.967966951579e+02
2462.0,7.438970337346e-05,1.381671037699e-01,1.306777042442e+03,2.967966951579e+02
2463.0,7.440921495577e-05,1.382075478772e-01,1.306813157597e+03,2.967966951579e+02
2464.0,7.442872370709e-05,1.382479837850e-01,1.306849232260e+03,2.967966951579e+02
2465.0,7.444822962895e-05,1.382884114959e-01,1.306885266491e+03,2.967966951579e+02
2466.0,7.446773272285e-05,1.383288310125e-01,1.306921260352e+03,2.967966951579e+02
2467.0,7.448723299030e-05,1.383692423375e-01,1.306957213905e+03,2.967966951579e+02
2468.0,7.450673043283e-05,1.384096454733e-01,1.306993127210e+03,2.967966951579e+02
2469.0,7.452622505193e-05,1.384500404226e-01,1.307029000329e+03,2.967966951579e+02
2470.0,7.454571684912e-05,1.384904271880e-01,1.307064833322e+03,2.967966951579e+02
2471.0,7.456520582591e-05,1.385308057722e-01,1.307100626251e+03,2.967966951579e+02
2472.0,7.458469198378e-05,1.385711761776e-01,1.307136379177e+03,2.967966951579e+02
2473.0,7.460417532426e-05,1.386115384070e-01,1.307172092160e+03,2.967966951579e+02
2474.0,7.462365584885e-05,1.386518924628e-01,1.307207765261e+03,2.967966951579e+02
2475.0,7.464313355903e-05,1.386922383478e-01,1.307243398542e+03,2.967966951579e+02
2476.0,7.466260845631e-05,1.387325760644e-01,1.307278992063e+03,2.967966951579e+02
2477.0,7.468208054219e-05,1.387729056153e-01,1.307314545884e+03,2.967966951579e+02
2478.0,7.470154981817e-05,1.388132270031e-01,1.307350060067e+03,2.967966951579e+02
2479.0,7.472101628573e-05,1.388535402303e-01,1.307385534672e+03,2.967966951579e+02
2480.0,7.474047994637e-05,1.388938452995e-01,1.307420969759e+03,2.967966951579e+02
2481.0,7.475994080158e-05,1.389341422134e-01,1.307456365390e+03,2.967966951579e+02
2482.0,7.477939885285e-05,1.389744309745e-01,1.307491721624e+03,2.967966951579e+02
2483.0,7.479885410167e-05,1.390147115854e-01,1.307527038522e+03,2.967966951579e+02
2484.0,7.481830654952e-05,1.390549840486e-01,1.307562316144e+03,2.967966951579e+02
2485.0,7.483775619790e-05,1.390952483668e-01,1.307597554552e+03,2.967966951579e+02
2486.0,7.485720304827e-05,1.391355045426e-01,1.307632753804e+03,2.967966951579e+02
2487.0,7.487664710213e-05,1.391757525784e-01,1.307667913962e+03,2.967966951579e+02
2488.0,7.489608836095e-05,1.392159924769e-01,1.307703035085e+03,2.967966951579e+02
2489.0,7.491552682622e-05,1.392562242407e-01,1.307738117233e+03,2.967966951579e+02
2490.0,7.493496249941e-05,1.392964478724e-01,1.307773160468e+03,2.967966951579e+02
2491.0,7.495439538199e-05,1.393366633744e-01,1.307808164848e+03,2.967966951579e+02
2492.0,7.497382547545e-05,1.393768707494e-01,1.307843130434e+03,2.967966951579e+02
2493.0,7.499325278125e-05,1.394170699999e-01,1.307878057286e+03,2.967966951579e+02
2494.0,7.501267730086e-05,1.394572611286e-01,1.307912945463e+03,2.967966951579e+02
2495.0,7.503209903576e-05,1.394974441379e-01,1.307947795026e+03,2.967966951579e+02
2496.0,7.505151798741e-05,1.395376190305e-01,1.307982606034e+03,2.967966951579e+02
2497.0,7.507093415729e-05,1.395777858089e-01,1.308017378547e+03,2.967966951579e+02
2498.0,7.509034754685e-05,1.396179444757e-01,1.308052112625e+03,2.967966951579e+02
2499.0,7.510975815755e-05,1.396580950334e-01,1.308086808327e+03,2.967966951579e+02
2500.0,7.512916599087e-05,1.396982374846e-01,1.308121465713e+03,2.967966951579e+02
2501.0,7.514857104827e-05,1.397383718318e-01,1.308156084843e+03,2.967966951579e+02
2502.0,7.516797333119e-05,1.397784980777e-01,1.308190665776e+03,2.967966951579e+02
2503.0,7.518737284111e-05,1.398186162247e-01,1.308225208572e+03,2.967966951579e+02
2504.0,7.520676957947e-05,1.398587262754e-01,1.308259713289e+03,2.967966951579e+02
2505.0,7.522616354773e-05,1.398988282325e-01,1.308294179989e+03,2.967966951579e+02
2506.0,7.524555474735e-05,1.399389220983e-01,1.308328608728e+03,2.967966951579e+02
2507.0,7.526494317978e-05,1.399790078755e-01,1.308362999568e+03,2.967966951579e+02
2508.0,7.528432884647e-05,1.400190855667e-01,1.308397352567e+03,2.967966951579e+02
2509.0,7.530371174886e-05,1.400591551743e-01,1.308431667785e+03,2.967966951579e+02
2510.0,7.532309188841e-05,1.400992167009e-01,1.308465945280e+03,2.967966951579e+02
2511.0,7.534246926656e-05,1.401392701491e-01,1.308500185111e+03,2.967966951579e+02
2512.0,7.536184388475e-05,1.401793155215e-01,1.308534387338e+03,2.967966951579e+02
2513.0,7.538121574444e-05,1.402193528204e-01,1.308568552020e+03,2.967966951579e+02
2514.0,7.540058484705e-05,1.402593820486e-01,1.308602679216e+03,2.967966951579e+02
2515.0,7.541995119404e-05,1.402994032085e-01,1.308636768984e+03,2.967966951579e+02
2516.0,7.543931478684e-05,1.403394163027e-01,1.308670821384e+03,2.967966951579e+02
2517.0,7.545867562689e-05,1.403794213336e-01,1.308704836473e+03,2.967966951579e+02
2518.0,7.547803371562e-05,1.404194183040e-01,1.308738814312e+03,2.967966951579e+02
2519.0,7.549738905447e-05,1.404594072162e-01,1.308772754958e+03,2.967966951579e+02
2520.0,7.551674164488e-05,1.404993880728e-01,1.308806658470e+03,2.967966951579e+02
2521.0,7.553609148827e-05,1.405393608764e-01,1.308840524907e+03,2.967966951579e+02
2522.0,7.555543858607e-05,1.405793256295e-01,1.308874354328e+03,2.967966951579e+02
2523.0,7.557478293972e-05,1.406192823345e-01,1.308908146790e+03,2.967966951579e+02
2524.0,7.559412455063e-05,1.406592309941e-01,1.308941902353e+03,2.967966951579e+02
2525.0,7.561346342025e-05,1.406991716108e-01,1.308975621075e+03,2.967966951579e+02
2526.0,7.563279954998e-05,1.407391041870e-01,1.309009303014e+03,2.967966951579e+02
2527.0,7.565213294127e-05,1.407790287254e-01,1.309042948228e+03,2.967966951579e+02
2528.0,7.567146359551e-05,1.408189452284e-01,1.309076556777e+03,2.967966951579e+02
2529.0,7.569079151415e-05,1.408588536986e-01,1.309110128717e+03,2.967966951579e+02
2530.0,7.571011669859e-05,1.408987541384e-01,1.309143664107e+03,2.967966951579e+02
2531.0,7.572943915026e-05,1.409386465505e-01,1.309177163006e+03,2.967966951579e+02
2532.0,7.574875887056e-05,1.409785309373e-01,1.309210625470e+03,2.967966951579e+02
2533.0,7.576807586092e-05,1.410184073012e-01,1.309244051560e+03,2.967966951579e+02
2534.0,7.578739012275e-05,1.410582756450e-01,1.309277441331e+03,2.967966951579e+02
2535.0,7.580670165745e-05,1.410981359710e-01,1.309310794843e+03,2.967966951579e+02
2536.0,7.582601046645e-05,1.411379882818e-01,1.309344112153e+03,2.967966951579e+02
2537.0,7.584531655115e-05,1.411778325798e-01,1.309377393319e+03,2.967966951579e+02
2538.0,7.586461991295e-05,1.412176688677e-01,1.309410638399e+03,2.967966951579e+02
2539.0,7.588392055326e-05,1.412574971479e-01,1.309443847451e+03,2.967966951579e+02
2540.0,7.590321847350e-05,1.412973174229e-01,1.309477020531e+03,2.967966951579e+02
2541.0,7.592251367505e-05,1.413371296952e-01,1.309510157699e+03,2.967966951579e+02
2542.0,7.594180615933e-05,1.413769339673e-01,1.309543259011e+03,2.967966951579e+02
2543.0,7.596109592774e-05,1.414167302417e-01,1.309576324525e+03,2.967966951579e+02
2544.0,7.598038298166e-05,1.414565185210e-01,1.309609354298e+03,2.967966951579e+02
2545.0,7.599966732251e-05,1.414962988076e-01,1.309642348389e+03,2.967966951579e+02
2546.0,7.601894895168e-05,1.415360711041e-01,1.309675306854e+03,2.967966951579e+02
2547.0,7.603822787056e-05,1.415758354129e-01,1.309708229750e+03,2.967966951579e+02
2548.0,7.605750408054e-05,1.416155917364e-01,1.309741117136e+03,2.967966951579e+02
2549.0,7.607677758303e-05,1.416553400774e-01,1.309773969068e+03,2.967966951579e+02
2550.0,7.609604837941e-05,1.416950804381e-01,1.309806785603e+03,2.967966951579e+02
2551.0,7.611531647106e-05,1.417348128211e-01,1.309839566799e+03,2.967966951579e+02
2552.0,7.613458185939e-05,1.417745372290e-01,1.309872312713e+03,2.967966951579e+02
2553.0,7.615384454577e-05,1.418142536641e-01,1.309905023402e+03,2.967966951579e+02
2554.0,7.617310453159e-05,1.418539621290e-01,1.309937698922e+03,2.967966951579e+02
2555.0,7.619236181823e-05,1.418936626262e-01,1.309970339332e+03,2.967966951579e+02
2556.0,7.621161640708e-05,1.419333551582e-01,1.310002944687e+03,2.967966951579e+02
2557.0,7.623086829953e-05,1.419730397273e-01,1.310035515044e+03,2.967966951579e+02
2558.0,7.625011749694e-05,1.420127163362e-01,1.310068050462e+03,2.967966951579e+02
2559.0,7.626936400069e-05,1.420523849874e-01,1.310100550995e+03,2.967966951579e+02
2560.0,7.628860781218e-05,1.420920456832e-01,1.310133016701e+03,2.967966951579e+02
2561.0,7.630784893276e-05,1.421316984261e-01,1.310165447637e+03,2.967966951579e+02
2562.0,7.632708736382e-05,1.421713432187e-01,1.310197843860e+03,2.967966951579e+02
2563.0,7.634632310673e-05,1.422109800635e-01,1.310230205425e+03,2.967966951579e+02
2564.0,7.636555616286e-05,1.422506089629e-01,1.310262532389e+03,2.967966951579e+02
2565.0,7.638478653358e-05,1.422902299193e-01,1.310294824810e+03,2.967966951579e+02
2566.0,7.640401422026e-05,1.423298429353e-01,1.310327082743e+03,2.967966951579e+02
2567.0,7.642323922427e-05,1.423694480133e-01,1.310359306244e+03,2.967966951579e+02
2568.0,7.644246154697e-05,1.424090451558e-01,1.310391495371e+03,2.967966951579e+02
2569.0,7.646168118974e-05,1.424486343653e-01,1.310423650178e+03,2.967966951579e+02
2570.0,7.648089815393e-05,1.424882156442e-01,1.310455770724e+03,2.967966951579e+02
2571.0,7.650011244090e-05,1.425277889950e-01,1.310487857063e+03,2.967966951579e+02
2572.0,7.651932405202e-05,1.425673544202e-01,1.310519909253e+03,2.967966951579e+02
2573.0,7.653853298865e-05,1.426069119222e-01,1.310551927348e+03,2.967966951579e+02
2574.0,7.655773925215e-05,1.426464615035e-01,1.310583911405e+03,2.967966951579e+02
2575.0,7.657694284387e-05,1.426860031666e-01,1.310615861481e+03,2.967966951579e+02
2576.0,7.659614376516e-05,1.427255369139e-01,1.310647777631e+03,2.967966951579e+02
2577.0,7.661534201740e-05,1.427650627478e-01,1.310679659910e+03,2.967966951579e+02
2578.0,7.663453760191e-05,1.428045806709e-01,1.310711508376e+03,2.967966951579e+02
2579.0,7.665373052007e-05,1.428440906857e-01,1.310743323083e+03,2.967966951579e+02
2580.0,7.667292077321e-05,1.428835927944e-01,1.310775104088e+03,2.967966951579e+02
2581.0,7.669210836270e-05,1.429230869997e-01,1.310806851446e+03,2.967966951579e+02
2582.0,7.671129328987e-05,1.429625733039e-01,1.310838565213e+03,2.967966951579e+02
2583.0,7.673047555607e-05,1.430020517096e-01,1.310870245444e+03,2.967966951579e+02
2584.0,7.674965516265e-05,1.430415222191e-01,1.310901892195e+03,2.967966951579e+02
2585.0,7.676883211095e-05,1.430809848350e-01,1.310933505522e+03,2.967966951579e+02
2586.0,7.678800640232e-05,1.431204395596e-01,1.310965085479e+03,2.967966951579e+02
2587.0,7.680717803809e-05,1.431598863954e-01,1.310996632124e+03,2.967966951579e+02
2588.0,7.682634701961e-05,1.431993253448e-01,1.311028145510e+03,2.967966951579e+02
2589.0,7.684551334821e-05,1.432387564104e-01,1.311059625693e+03,2.967966951579e+02
2590.0,7.686467702524e-05,1.432781795945e-01,1.311091072729e+03,2.967966951579e+02
2591.0,7.688383805202e-05,1.433175948996e-01,1.311122486673e+03,2.967966951579e+02
2592.0,7.690299642990e-05,1.433570023281e-01,1.311153867579e+03,2.967966951579e+02
2593.0,7.692215216020e-05,1.433964018825e-01,1.311185215503e+03,2.967966951579e+02
2594.0,7.694130524427e-05,1.434357935652e-01,1.311216530501e+03,2.967966951579e+02
2595.0,7.696045568342e-05,1.434751773787e-01,1.311247812627e+03,2.967966951579e+02
2596.0,7.697960347899e-05,1.435145533253e-01,1.311279061936e+03,2.967966951579e+02
2597.0,7.699874863231e-05,1.435539214076e-01,1.311310278483e+03,2.967966951579e+02
2598.0,7.701789114471e-05,1.435932816279e-01,1.311341462323e+03,2.967966951579e+02
2599.0,7.703703101750e-05,1.436326339886e-01,1.311372613511e+03,2.967966951579e+02
2600.0,7.705616825202e-05,1.436719784923e-01,1.311403732102e+03,2.967966951579e+02
2601.0,7.707530284959e-05,1.437113151413e-01,1.311434818150e+03,2.967966951579e+02
2602.0,7.709443481153e-05,1.437506439381e-01,1.311465871711e+03,2.967966951579e+02
2603.0,7.711356413917e-05,1.437899648851e-01,1.311496892838e+03,2.967966951579e+02
2604.0,7.713269083381e-05,1.438292779847e-01,1.311527881587e+03,2.967966951579e+02
2605.0,7.715181489678e-05,1.438685832394e-01,1.311558838011e+03,2.967966951579e+02
2606.0,7.717093632939e-05,1.439078806515e-01,1.311589762166e+03,2.967966951579e+02
2607.0,7.719005513297e-05,1.439471702235e-01,1.311620654106e+03,2.967966951579e+02
2608.0,7.720917130882e-05,1.439864519578e-01,1.311651513886e+03,2.967966951579e+02
2609.0,7.722828485826e-05,1.440257258569e-01,1.311682341559e+03,2.967966951579e+02
2610.0,7.724739578260e-05,1.440649919231e-01,1.311713137181e+03,2.967966951579e+02
2611.0,7.726650408316e-05,1.441042501589e-01,1.311743900805e+03,2.967966951579e+02
2612.0,7.728560976123e-05,1.441435005667e-01,1.311774632485e+03,2.967966951579e+02
2613.0,7.730471281813e-05,1.441827431488e-01,1.311805332276e+03,2.967966951579e+02
2614.0,7.732381325516e-05,1.442219779078e-01,1.311836000232e+03,2.967966951579e+02
2615.0,7.734291107363e-05,1.442612048460e-01,1.311866636408e+03,2.967966951579e+02
2616.0,7.736200627485e-05,1.443004239659e-01,1.311897240856e+03,2.967966951579e+02
2617.0,7.738109886012e-05,1.443396352698e-01,1.311927813631e+03,2.967966951579e+02
2618.0,7.740018883073e-05,1.443788387601e-01,1.311958354787e+03,2.967966951579e+02
2619.0,7.741927618799e-05,1.444180344393e-01,1.311988864378e+03,2.967966951579e+02
2620.0,7.743836093320e-05,1.444572223098e-01,1.312019342458e+03,2.967966951579e+02
2621.0,7.745744306766e-05,1.444964023739e-01,1.312049789080e+03,2.967966951579e+02
2622.0,7.747652259266e-05,1.445355746341e-01,1.312080204299e+03,2.967966951579e+02
2623.0,7.749559950950e-05,1.445747390928e-01,1.312110588167e+03,2.967966951579e+02
2624.0,7.751467381947e-05,1.446138957524e-01,1.312140940739e+03,2.967966951579e+02
2625.0,7.753374552387e-05,1.446530446152e-01,1.312171262068e+03,2.967966951579e+02
2626.0,7.755281462399e-05,1.446921856838e-01,1.312201552208e+03,2.967966951579e+02
2627.0,7.757188112111e-05,1.447313189604e-01,1.312231811212e+03,2.967966951579e+02
2628.0,7.759094501653e-05,1.447704444475e-01,1.312262039134e+03,2.967966951579e+02
2629.0,7.761000631154e-05,1.448095621474e-01,1.312292236027e+03,2.967966951579e+02
2630.0,7.762906500741e-05,1.448486720626e-01,1.312322401945e+03,2.967966951579e+02
2631.0,7.764812110545e-05,1.448877741955e-01,1.312352536940e+03,2.967966951579e+02
2632.0,7.766717460693e-05,1.449268685484e-01,1.312382641067e+03,2.967966951579e+02
2633.0,7.768622551313e-05,1.449659551237e-01,1.312412714378e+03,2.967966951579e+02
2634.0,7.770527382534e-05,1.450050339238e-01,1.312442756926e+03,2.967966951579e+02
2635.0,7.772431954483e-05,1.450441049512e-01,1.312472768764e+03,2.967966951579e+02
2636.0,7.774336267290e-05,1.450831682082e-01,1.312502749947e+03,2.967966951579e+02
2637.0,7.776240321080e-05,1.451222236971e-01,1.312532700526e+03,2.967966951579e+02
2638.0,7.778144115984e-05,1.451612714204e-01,1.312562620555e+03,2.967966951579e+02
2639.0,7.780047652126e-05,1.452003113805e-01,1.312592510086e+03,2.967966951579e+02
2640.0,7.781950929637e-05,1.452393435797e-01,1.312622369173e+03,2.967966951579e+02
2641.0,7.783853948641e-05,1.452783680203e-01,1.312652197868e+03,2.967966951579e+02
2642.0,7.785756709268e-05,1.453173847049e-01,1.312681996224e+03,2.967966951579e+02
2643.0,7.787659211643e-05,1.453563936358e-01,1.312711764294e+03,2.967966951579e+02
2644.0,7.789561455894e-05,1.453953948153e-01,1.312741502130e+03,2.967966951579e+02
2645.0,7.791463442148e-05,1.454343882458e-01,1.312771209786e+03,2.967966951579e+02
2646.0,7.793365170532e-05,1.454733739297e-01,1.312800887314e+03,2.967966951579e+02
2647.0,7.795266641171e-05,1.455123518693e-01,1.312830534765e+03,2.967966951579e+02
2648.0,7.797167854193e-05,1.455513220672e-01,1.312860152194e+03,2.967966951579e+02
2649.0,7.799068809724e-05,1.455902845255e-01,1.312889739651e+03,2.967966951579e+02
2650.0,7.800969507890e-05,1.456292392467e-01,1.312919297191e+03,2.967966951579e+02
2651.0,7.802869948818e-05,1.456681862331e-01,1.312948824864e+03,2.967966951579e+02
2652.0,7.804770132632e-05,1.457071254871e-01,1.312978322724e+03,2.967966951579e+02
2653.0,7.806670059460e-05,1.457460570112e-01,1.313007790822e+03,2.967966951579e+02
2654.0,7.808569729427e-05,1.457849808075e-01,1.313037229211e+03,2.967966951579e+02
2655.0,7.810469142659e-05,1.458238968786e-01,1.313066637942e+03,2.967966951579e+02
2656.0,7.812368299281e-05,1.458628052267e-01,1.313096017069e+03,2.967966951579e+02
2657.0,7.814267199418e-05,1.459017058543e-01,1.313125366643e+03,2.967966951579e+02
2658.0,7.816165843196e-05,1.459405987636e-01,1.313154686716e+03,2.967966951579e+02
2659.0,7.818064230740e-05,1.459794839571e-01,1.313183977340e+03,2.967966951579e+02
2660.0,7.819962362176e-05,1.460183614371e-01,1.313213238567e+03,2.967966951579e+02
2661.0,7.821860237627e-05,1.460572312060e-01,1.313242470449e+03,2.967966951579e+02
2662.0,7.823757857219e-05,1.460960932661e-01,1.313271673038e+03,2.967966951579e+02
2663.0,7.825655221077e-05,1.461349476197e-01,1.313300846385e+03,2.967966951579e+02
2664.0,7.827552329325e-05,1.461737942693e-01,1.313329990542e+03,2.967966951579e+02
2665.0,7.829449182088e-05,1.462126332171e-01,1.313359105561e+03,2.967966951579e+02
2666.0,7.831345779489e-05,1.462514644656e-01,1.313388191494e+03,2.967966951579e+02
2667.0,7.833242121655e-05,1.462902880170e-01,1.313417248391e+03,2.967966951579e+02
2668.0,7.835138208707e-05,1.463291038737e-01,1.313446276306e+03,2.967966951579e+02
2669.0,7.837034040770e-05,1.463679120381e-01,1.313475275288e+03,2.967966951579e+02
2670.0,7.838929617969e-05,1.464067125125e-01,1.313504245390e+03,2.967966951579e+02
2671.0,7.840824940427e-05,1.464455052993e-01,1.313533186663e+03,2.967966951579e+02
2672.0,7.842720008268e-05,1.464842904008e-01,1.313562099158e+03,2.967966951579e+02
2673.0,7.844614821615e-05,1.465230678193e-01,1.313590982927e+03,2.967966951579e+02
2674.0,7.846509380591e-05,1.465618375571e-01,1.313619838020e+03,2.967966951579e+02
2675.0,7.848403685321e-05,1.466005996167e-01,1.313648664489e+03,2.967966951579e+02
2676.0,7.850297735926e-05,1.466393540004e-01,1.313677462386e+03,2.967966951579e+02
2677.0,7.852191532531e-05,1.466781007104e-01,1.313706231761e+03,2.967966951579e+02
2678.0,7.854085075258e-05,1.467168397492e-01,1.313734972665e+03,2.967966951579e+02
2679.0,7.855978364230e-05,1.467555711190e-01,1.313763685150e+03,2.967966951579e+02
2680.0,7.857871399570e-05,1.467942948222e-01,1.313792369265e+03,2.967966951579e+02
2681.0,7.859764181400e-05,1.468330108612e-01,1.313821025063e+03,2.967966951579e+02
2682.0,7.861656709843e-05,1.468717192382e-01,1.313849652594e+03,2.967966951579e+02
2683.0,7.863548985021e-05,1.469104199555e-01,1.313878251909e+03,2.967966951579e+02
2684.0,7.865441007057e-05,1.469491130157e-01,1.313906823058e+03,2.967966951579e+02
2685.0,7.867332776072e-05,1.469877984208e-01,1.313935366093e+03,2.967966951579e+02
2686.0,7.869224292189e-05,1.470264761733e-01,1.313963881064e+03,2.967966951579e+02
2687.0,7.871115555530e-05,1.470651462755e-01,1.313992368021e+03,2.967966951579e+02
2688.0,7.873006566216e-05,1.471038087298e-01,1.314020827016e+03,2.967966951579e+02
2689.0,7.874897324370e-05,1.471424635383e-01,1.314049258098e+03,2.967966951579e+02
2690.0,7.876787830112e-05,1.471811107036e-01,1.314077661318e+03,2.967966951579e+02
2691.0,7.878678083564e-05,1.472197502278e-01,1.314106036727e+03,2.967966951579e+02
2692.0,7.880568084848e-05,1.472583821133e-01,1.314134384376e+03,2.967966951579e+02
2693.0,7.882457834085e-05,1.472970063624e-01,1.314162704313e+03,2.967966951579e+02
2694.0,7.884347331396e-05,1.473356229775e-01,1.314190996590e+03,2.967966951579e+02
2695.0,7.886236576902e-05,1.473742319608e-01,1.314219261257e+03,2.967966951579e+02
2696.0,7.888125570723e-05,1.474128333147e-01,1.314247498364e+03,2.967966951579e+02
2697.0,7.890014312982e-05,1.474514270414e-01,1.314275707961e+03,2.967966951579e+02
2698.0,7.891902803797e-05,1.474900131434e-01,1.314303890098e+03,2.967966951579e+02
2699.0,7.893791043291e-05,1.475285916228e-01,1.314332044826e+03,2.967966951579e+02
2700.0,7.895679031583e-05,1.475671624821e-01,1.314360172194e+03,2.967966951579e+02
2701.0,7.897566768794e-05,1.476057257234e-01,1.314388272252e+03,2.967966951579e+02
2702.0,7.899454255044e-05,1.476442813492e-01,1.314416345050e+03,2.967966951579e+02
2703.0,7.901341490453e-05,1.476828293618e-01,1.314444390639e+03,2.967966951579e+02
2704.0,7.903228475141e-05,1.477213697633e-01,1.314472409067e+03,2.967966951579e+02
2705.0,7.905115209228e-05,1.477599025562e-01,1.314500400385e+03,2.967966951579e+02
2706.0,7.907001692834e-05,1.477984277428e-01,1.314528364642e+03,2.967966951579e+02
2707.0,7.908887926078e-05,1.478369453253e-01,1.314556301887e+03,2.967966951579e+02
2708.0,7.910773909081e-05,1.478754553060e-01,1.314584212172e+03,2.967966951579e+02
2709.0,7.912659641961e-05,1.479139576873e-01,1.314612095544e+03,2.967966951579e+02
2710.0,7.914545124838e-05,1.479524524714e-01,1.314639952054e+03,2.967966951579e+02
2711.0,7.916430357831e-05,1.479909396607e-01,1.314667781752e+03,2.967966951579e+02
2712.0,7.918315341060e-05,1.480294192574e-01,1.314695584685e+03,2.967966951579e+02
2713.0,7.920200074642e-05,1.480678912638e-01,1.314723360905e+03,2.967966951579e+02
2714.0,7.922084558698e-05,1.481063556822e-01,1.314751110460e+03,2.967966951579e+02
2715.0,7.923968793346e-05,1.481448125150e-01,1.314778833399e+03,2.967966951579e+02
2716.0,7.925852778705e-05,1.481832617643e-01,1.314806529772e+03,2.967966951579e+02
2717.0,7.927736514893e-05,1.482217034326e-01,1.314834199628e+03,2.967966951579e+02
2718.0,7.929620002028e-05,1.482601375220e-01,1.314861843015e+03,2.967966951579e+02
2719.0,7.931503240230e-05,1.482985640349e-01,1.314889459984e+03,2.967966951579e+02
2720.0,7.933386229616e-05,1.483369829735e-01,1.314917050583e+03,2.967966951579e+02
2721.0,7.935268970304e-05,1.483753943402e-01,1.314944614861e+03,2.967966951579e+02
2722.0,7.937151462413e-05,1.484137981372e-01,1.314972152867e+03,2.967966951579e+02
2723.0,7.939033706061e-05,1.484521943669e-01,1.314999664650e+03,2.967966951579e+02
2724.0,7.940915701364e-05,1.484905830314e-01,1.315027150258e+03,2.967966951579e+02
2725.0,7.942797448442e-05,1.485289641330e-01,1.315054609742e+03,2.967966951579e+02
2726.0,7.944678947411e-05,1.485673376742e-01,1.315082043148e+03,2.967966951579e+02
2727.0,7.946560198389e-05,1.486057036570e-01,1.315109450527e+03,2.967966951579e+02
2728.0,7.948441201494e-05,1.486440620839e-01,1.315136831926e+03,2.967966951579e+02
2729.0,7.950321956842e-05,1.486824129570e-01,1.315164187394e+03,2.967966951579e+02
2730.0,7.952202464552e-05,1.487207562787e-01,1.315191516980e+03,2.967966951579e+02
2731.0,7.954082724739e-05,1.487590920512e-01,1.315218820732e+03,2.967966951579e+02
2732.0,7.955962737521e-05,1.487974202768e-01,1.315246098700e+03,2.967966951579e+02
2733.0,7.957842503015e-05,1.488357409578e-01,1.315273350930e+03,2.967966951579e+02
2734.0,7.959722021338e-05,1.488740540964e-01,1.315300577472e+03,2.967966951579e+02
2735.0,7.961601292605e-05,1.489123596949e-01,1.315327778373e+03,2.967966951579e+02
2736.0,7.963480316934e-05,1.489506577556e-01,1.315354953683e+03,2.967966951579e+02
2737.0,7.965359094442e-05,1.489889482808e-01,1.315382103449e+03,2.967966951579e+02
2738.0,7.967237625244e-05,1.490272312726e-01,1.315409227719e+03,2.967966951579e+02
2739.0,7.969115909456e-05,1.490655067334e-01,1.315436326542e+03,2.967966951579e+02
2740.0,7.970993947195e-05,1.491037746655e-01,1.315463399966e+03,2.967966951579e+02
2741.0,7.972871738577e-05,1.491420350711e-01,1.315490448039e+03,2.967966951579e+02
2742.0,7.974749283717e-05,1.491802879524e-01,1.315517470808e+03,2.967966951579e+02
2743.0,7.976626582732e-05,1.492185333117e-01,1.315544468321e+03,2.967966951579e+02
2744.0,7.978503635736e-05,1.492567711513e-01,1.315571440627e+03,2.967966951579e+02
2745.0,7.980380442847e-05,1.492950014735e-01,1.315598387774e+03,2.967966951579e+02
2746.0,7.982257004178e-05,1.493332242804e-01,1.315625309808e+03,2.967966951579e+02
2747.0,7.984133319846e-05,1.493714395744e-01,1.315652206778e+03,2.967966951579e+02
2748.0,7.986009389966e-05,1.494096473577e-01,1.315679078732e+03,2.967966951579e+02
2749.0,7.987885214652e-05,1.494478476325e-01,1.315705925717e+03,2.967966951579e+02
2750.0,7.989760794020e-05,1.494860404011e-01,1.315732747780e+03,2.967966951579e+02
2751.0,7.991636128186e-05,1.495242256658e-01,1.315759544970e+03,2.967966951579e+02
2752.0,7.993511217262e-05,1.495624034288e-01,1.315786317334e+03,2.967966951579e+02
2753.0,7.995386061366e-05,1.496005736924e-01,1.315813064918e+03,2.967966951579e+02
2754.0,7.997260660610e-05,1.496387364587e-01,1.315839787772e+03,2.967966951579e+02
2755.0,7.999135015110e-05,1.496768917301e-01,1.315866485941e+03,2.967966951579e+02
2756.0,8.001009124980e-05,1.497150395088e-01,1.315893159473e+03,2.967966951579e+02
2757.0,8.002882990334e-05,1.497531797970e-01,1.315919808416e+03,2.967966951579e+02
2758.0,8.004756611287e-05,1.497913125970e-01,1.315946432817e+03,2.967966951579e+02
2759.0,8.006629987953e-05,1.498294379110e-01,1.315973032723e+03,2.967966951579e+02
2760.0,8.008503120445e-05,1.498675557413e-01,1.315999608180e+03,2.967966951579e+02
2761.0,8.010376008877e-05,1.499056660900e-01,1.316026159237e+03,2.967966951579e+02
2762.0,8.012248653364e-05,1.499437689595e-01,1.316052685939e+03,2.967966951579e+02
2763.0,8.014121054019e-05,1.499818643520e-01,1.316079188335e+03,2.967966951579e+02
2764.0,8.015993210956e-05,1.500199522697e-01,1.316105666470e+03,2.967966951579e+02
2765.0,8.017865124288e-05,1.500580327148e-01,1.316132120393e+03,2.967966951579e+02
2766.0,8.019736794128e-05,1.500961056896e-01,1.316158550149e+03,2.967966951579e+02
2767.0,8.021608220590e-05,1.501341711963e-01,1.316184955785e+03,2.967966951579e+02
2768.0,8.023479403788e-05,1.501722292372e-01,1.316211337348e+03,2.967966951579e+02
2769.0,8.025350343833e-05,1.502102798144e-01,1.316237694886e+03,2.967966951579e+02
2770.0,8.027221040839e-05,1.502483229302e-01,1.316264028443e+03,2.967966951579e+02
2771.0,8.029091494919e-05,1.502863585868e-01,1.316290338068e+03,2.967966951579e+02
2772.0,8.030961706186e-05,1.503243867865e-01,1.316316623806e+03,2.967966951579e+02
2773.0,8.032831674753e-05,1.503624075315e-01,1.316342885704e+03,2.967966951579e+02
2774.0,8.034701400731e-05,1.504004208240e-01,1.316369123808e+03,2.967966951579e+02
2775.0,8.036570884234e-05,1.504384266662e-01,1.316395338166e+03,2.967966951579e+02
2776.0,8.038440125373e-05,1.504764250604e-01,1.316421528822e+03,2.967966951579e+02
2777.0,8.040309124262e-05,1.505144160087e-01,1.316447695824e+03,2.967966951579e+02
2778.0,8.042177881012e-05,1.505523995134e-01,1.316473839218e+03,2.967966951579e+02
2779.0,8.044046395735e-05,1.505903755767e-01,1.316499959049e+03,2.967966951579e+02
2780.0,8.045914668543e-05,1.506283442009e-01,1.316526055365e+03,2.967966951579e+02
2781.0,8.047782699549e-05,1.506663053881e-01,1.316552128211e+03,2.967966951579e+02
2782.0,8.049650488863e-05,1.507042591405e-01,1.316578177632e+03,2.967966951579e+02
2783.0,8.051518036598e-05,1.507422054605e-01,1.316604203676e+03,2.967966951579e+02
2784.0,8.053385342866e-05,1.507801443501e-01,1.316630206389e+03,2.967966951579e+02
2785.0,8.055252407776e-05,1.508180758116e-01,1.316656185815e+03,2.967966951579e+02
2786.0,8.057119231442e-05,1.508559998473e-01,1.316682142001e+03,2.967966951579e+02
2787.0,8.058985813974e-05,1.508939164592e-01,1.316708074993e+03,2.967966951579e+02
2788.0,8.060852155484e-05,1.509318256497e-01,1.316733984836e+03,2.967966951579e+02
2789.0,8.062718256082e-05,1.509697274209e-01,1.316759871577e+03,2.967966951579e+02
2790.0,8.064584115879e-05,1.510076217751e-01,1.316785735260e+03,2.967966951579e+02
2791.0,8.066449734987e-05,1.510455087144e-01,1.316811575932e+03,2.967966951579e+02
2792.0,8.068315113515e-05,1.510833882411e-01,1.316837393638e+03,2.967966951579e+02
2793.0,8.070180251576e-05,1.511212603573e-01,1.316863188423e+03,2.967966951579e+02
2794.0,8.072045149278e-05,1.511591250653e-01,1.316888960334e+03,2.967966951579e+02
2795.0,8.073909806734e-05,1.511969823673e-01,1.316914709415e+03,2.967966951579e+02
2796.0,8.075774224053e-05,1.512348322654e-01,1.316940435712e+03,2.967966951579e+02
2797.0,8.077638401345e-05,1.512726747619e-01,1.316966139270e+03,2.967966951579e+02
2798.0,8.079502338721e-05,1.513105098589e-01,1.316991820134e+03,2.967966951579e+02
2799.0,8.081366036290e-05,1.513483375587e-01,1.317017478350e+03,2.967966951579e+02
2800.0,8.083229494163e-05,1.513861578634e-01,1.317043113963e+03,2.967966951579e+02
2801.0,8.085092712450e-05,1.514239707753e-01,1.317068727018e+03,2.967966951579e+02
2802.0,8.086955691259e-05,1.514617762966e-01,1.317094317560e+03,2.967966951579e+02
2803.0,8.088818430702e-05,1.514995744293e-01,1.317119885634e+03,2.967966951579e+02
2804.0,8.090680930888e-05,1.515373651758e-01,1.317145431286e+03,2.967966951579e+02
2805.0,8.092543191925e-05,1.515751485382e-01,1.317170954559e+03,2.967966951579e+02
2806.0,8.094405213924e-05,1.516129245187e-01,1.317196455499e+03,2.967966951579e+02
2807.0,8.096266996994e-05,1.516506931195e-01,1.317221934151e+03,2.967966951579e+02
2808.0,8.098128541244e-05,1.516884543427e-01,1.317247390560e+03,2.967966951579e+02
2809.0,8.099989846783e-05,1.517262081906e-01,1.317272824770e+03,2.967966951579e+02
2810.0,8.101850913720e-05,1.517639546654e-01,1.317298236826e+03,2.967966951579e+02
2811.0,8.103711742164e-05,1.518016937692e-01,1.317323626773e+03,2.967966951579e+02
2812.0,8.105572332224e-05,1.518394255042e-01,1.317348994655e+03,2.967966951579e+02
2813.0,8.107432684008e-05,1.518771498726e-01,1.317374340517e+03,2.967966951579e+02
2814.0,8.109292797625e-05,1.519148668766e-01,1.317399664404e+03,2.967966951579e+02
2815.0,8.111152673185e-05,1.519525765183e-01,1.317424966359e+03,2.967966951579e+02
2816.0,8.113012310794e-05,1.519902788000e-01,1.317450246428e+03,2.967966951579e+02
2817.0,8.114871710561e-05,1.520279737237e-01,1.317475504654e+03,2.967966951579e+02
2818.0,8.116730872595e-05,1.520656612918e-01,1.317500741082e+03,2.967966951579e+02
2819.0,8.118589797004e-05,1.521033415063e-01,1.317525955757e+03,2.967966951579e+02
2820.0,8.120448483896e-05,1.521410143695e-01,1.317551148721e+03,2.967966951579e+02
2821.0,8.122306933379e-05,1.521786798834e-01,1.317576320021e+03,2.967966951579e+02
2822.0,8.124165145560e-05,1.522163380503e-01,1.317601469699e+03,2.967966951579e+02
2823.0,8.126023120547e-05,1.522539888724e-01,1.317626597800e+03,2.967966951579e+02
2824.0,8.127880858449e-05,1.522916323518e-01,1.317651704368e+03,2.967966951579e+02
2825.0,8.129738359372e-05,1.523292684907e-01,1.317676789447e+03,2.967966951579e+02
2826.0,8.131595623424e-05,1.523668972912e-01,1.317701853080e+03,2.967966951579e+02
2827.0,8.133452650713e-05,1.524045187555e-01,1.317726895313e+03,2.967966951579e+02
2828.0,8.135309441345e-05,1.524421328859e-01,1.317751916187e+03,2.967966951579e+02
2829.0,8.137165995429e-05,1.524797396843e-01,1.317776915748e+03,2.967966951579e+02
2830.0,8.139022313070e-05,1.525173391531e-01,1.317801894039e+03,2.967966951579e+02
2831.0,8.140878394376e-05,1.525549312944e-01,1.317826851104e+03,2.967966951579e+02
2832.0,8.142734239455e-05,1.525925161103e-01,1.317851786986e+03,2.967966951579e+02
2833.0,8.144589848412e-05,1.526300936029e-01,1.317876701729e+03,2.967966951579e+02
2834.0,8.146445221354e-05,1.526676637746e-01,1.317901595376e+03,2.967966951579e+02
2835.0,8.148300358388e-05,1.527052266273e-01,1.317926467972e+03,2.967966951579e+02
2836.0,8.150155259621e-05,1.527427821633e-01,1.317951319559e+03,2.967966951579e+02
2837.0,8.152009925160e-05,1.527803303847e-01,1.317976150181e+03,2.967966951579e+02
2838.0,8.153864355109e-05,1.528178712937e-01,1.318000959881e+03,2.967966951579e+02
2839.0,8.155718549576e-05,1.528554048924e-01,1.318025748703e+03,2.967966951579e+02
2840.0,8.157572508667e-05,1.528929311830e-01,1.318050516689e+03,2.967966951579e+02
2841.0,8.159426232487e-05,1.529304501677e-01,1.318075263884e+03,2.967966951579e+02
2842.0,8.161279721144e-05,1.529679618485e-01,1.318099990329e+03,2.967966951579e+02
2843.0,8.163132974742e-05,1.530054662276e-01,1.318124696069e+03,2.967966951579e+02
2844.0,8.164985993387e-05,1.530429633072e-01,1.318149381146e+03,2.967966951579e+02
2845.0,8.166838777186e-05,1.530804530895e-01,1.318174045604e+03,2.967966951579e+02
2846.0,8.168691326244e-05,1.531179355765e-01,1.318198689485e+03,2.967966951579e+02
2847.0,8.170543640665e-05,1.531554107704e-01,1.318223312832e+03,2.967966951579e+02
2848.0,8.172395720556e-05,1.531928786734e-01,1.318247915688e+03,2.967966951579e+02
2849.0,8.174247566023e-05,1.532303392875e-01,1.318272498097e+03,2.967966951579e+02
2850.0,8.176099177169e-05,1.532677926150e-01,1.318297060100e+03,2.967966951579e+02
2851.0,8.177950554101e-05,1.533052386580e-01,1.318321601740e+03,2.967966951579e+02
2852.0,8.179801696923e-05,1.533426774187e-01,1.318346123061e+03,2.967966951579e+02
2853.0,8.181652605741e-05,1.533801088990e-01,1.318370624105e+03,2.967966951579e+02
2854.0,8.183503280658e-05,1.534175331013e-01,1.318395104914e+03,2.967966951579e+02
2855.0,8.185353721781e-05,1.534549500276e-01,1.318419565530e+03,2.967966951579e+02
2856.0,8.187203929213e-05,1.534923596801e-01,1.318444005998e+03,2.967966951579e+02
2857.0,8.189053903060e-05,1.535297620608e-01,1.318468426358e+03,2.967966951579e+02
2858.0,8.190903643425e-05,1.535671571720e-01,1.318492826653e+03,2.967966951579e+02
2859.0,8.192753150414e-05,1.536045450158e-01,1.318517206926e+03,2.967966951579e+02
2860.0,8.194602424130e-05,1.536419255942e-01,1.318541567219e+03,2.967966951579e+02
2861.0,8.196451464677e-05,1.536792989095e-01,1.318565907574e+03,2.967966951579e+02
2862.0,8.198300272161e-05,1.537166649637e-01,1.318590228033e+03,2.967966951579e+02
2863.0,8.200148846684e-05,1.537540237591e-01,1.318614528639e+03,2.967966951579e+02
2864.0,8.201997188351e-05,1.537913752976e-01,1.318638809434e+03,2.967966951579e+02
2865.0,8.203845297265e-05,1.538287195814e-01,1.318663070459e+03,2.967966951579e+02
2866.0,8.205693173531e-05,1.538660566127e-01,1.318687311756e+03,2.967966951579e+02
2867.0,8.207540817253e-05,1.539033863936e-01,1.318711533369e+03,2.967966951579e+02
2868.0,8.209388228533e-05,1.539407089262e-01,1.318735735338e+03,2.967966951579e+02
2869.0,8.211235407475e-05,1.539780242126e-01,1.318759917705e+03,2.967966951579e+02
2870.0,8.213082354182e-05,1.540153322550e-01,1.318784080513e+03,2.967966951579e+02
2871.0,8.214929068759e-05,1.540526330554e-01,1.318808223802e+03,2.967966951579e+02
2872.0,8.216775551308e-05,1.540899266160e-01,1.318832347616e+03,2.967966951579e+02
2873.0,8.218621801932e-05,1.541272129389e-01,1.318856451994e+03,2.967966951579e+02
2874.0,8.220467820734e-05,1.541644920262e-01,1.318880536980e+03,2.967966951579e+02
2875.0,8.222313607818e-05,1.542017638801e-01,1.318904602614e+03,2.967966951579e+02
2876.0,8.224159163286e-05,1.542390285026e-01,1.318928648939e+03,2.967966951579e+02
2877.0,8.226004487241e-05,1.542762858958e-01,1.318952675995e+03,2.967966951579e+02
2878.0,8.227849579786e-05,1.543135360619e-01,1.318976683824e+03,2.967966951579e+02
2879.0,8.229694441023e-05,1.543507790030e-01,1.319000672468e+03,2.967966951579e+02
2880.0,8.231539071054e-05,1.543880147212e-01,1.319024641967e+03,2.967966951579e+02
2881.0,8.233383469983e-05,1.544252432185e-01,1.319048592363e+03,2.967966951579e+02
2882.0,8.235227637912e-05,1.544624644972e-01,1.319072523698e+03,2.967966951579e+02
2883.0,8.237071574942e-05,1.544996785593e-01,1.319096436012e+03,2.967966951579e+02
2884.0,8.238915281177e-05,1.545368854069e-01,1.319120329346e+03,2.967966951579e+02
2885.0,8.240758756717e-05,1.545740850421e-01,1.319144203743e+03,2.967966951579e+02
2886.0,8.242602001666e-05,1.546112774670e-01,1.319168059242e+03,2.967966951579e+02
2887.0,8.244445016124e-05,1.546484626838e-01,1.319191895885e+03,2.967966951579e+02
2888.0,8.246287800194e-05,1.546856406944e-01,1.319215713712e+03,2.967966951579e+02
2889.0,8.248130353978e-05,1.547228115012e-01,1.319239512766e+03,2.967966951579e+02
2890.0,8.249972677577e-05,1.547599751060e-01,1.319263293085e+03,2.967966951579e+02
2891.0,8.251814771093e-05,1.547971315110e-01,1.319287054712e+03,2.967966951579e+02
2892.0,8.253656634627e-05,1.548342807184e-01,1.319310797687e+03,2.967966951579e+02
2893.0,8.255498268280e-05,1.548714227302e-01,1.319334522051e+03,2.967966951579e+02
2894.0,8.257339672154e-05,1.549085575485e-01,1.319358227844e+03,2.967966951579e+02
2895.0,8.259180846351e-05,1.549456851754e-01,1.319381915107e+03,2.967966951579e+02
2896.0,8.261021790970e-05,1.549828056130e-01,1.319405583881e+03,2.967966951579e+02
2897.0,8.262862506114e-05,1.550199188634e-01,1.319429234206e+03,2.967966951579e+02
2898.0,8.264702991882e-05,1.550570249287e-01,1.319452866123e+03,2.967966951579e+02
2899.0,8.266543248377e-05,1.550941238110e-01,1.319476479671e+03,2.967966951579e+02
2900.0,8.268383275699e-05,1.551312155123e-01,1.319500074892e+03,2.967966951579e+02
2901.0,8.270223073947e-05,1.551683000347e-01,1.319523651825e+03,2.967966951579e+02
2902.0,8.272062643224e-05,1.552053773804e-01,1.319547210512e+03,2.967966951579e+02
2903.0,8.273901983630e-05,1.552424475514e-01,1.319570750992e+03,2.967966951579e+02
2904.0,8.275741095264e-05,1.552795105499e-01,1.319594273305e+03,2.967966951579e+02
2905.0,8.277579978228e-05,1.553165663778e-01,1.319617777491e+03,2.967966951579e+02
2906.0,8.279418632621e-05,1.553536150372e-01,1.319641263591e+03,2.967966951579e+02
2907.0,8.281257058544e-05,1.553906565304e-01,1.319664731645e+03,2.967966951579e+02
2908.0,8.283095256097e-05,1.554276908592e-01,1.319688181693e+03,2.967966951579e+02
2909.0,8.284933225380e-05,1.554647180259e-01,1.319711613774e+03,2.967966951579e+02
2910.0,8.286770966492e-05,1.555017380324e-01,1.319735027928e+03,2.967966951579e+02
2911.0,8.288608479534e-05,1.555387508810e-01,1.319758424196e+03,2.967966951579e+02
2912.0,8.290445764605e-05,1.555757565735e-01,1.319781802617e+03,2.967966951579e+02
2913.0,8.292282821805e-05,1.556127551122e-01,1.319805163231e+03,2.967966951579e+02
2914.0,8.294119651234e-05,1.556497464991e-01,1.319828506077e+03,2.967966951579e+02
2915.0,8.295956252990e-05,1.556867307363e-01,1.319851831196e+03,2.967966951579e+02
2916.0,8.297792627174e-05,1.557237078258e-01,1.319875138626e+03,2.967966951579e+02
2917.0,8.299628773885e-05,1.557606777697e-01,1.319898428408e+03,2.967966951579e+02
2918.0,8.301464693221e-05,1.557976405700e-01,1.319921700581e+03,2.967966951579e+02
2919.0,8.303300385283e-05,1.558345962290e-01,1.319944955184e+03,2.967966951579e+02
2920.0,8.305135850169e-05,1.558715447485e-01,1.319968192256e+03,2.967966951579e+02
2921.0,8.306971087978e-05,1.559084861308e-01,1.319991411838e+03,2.967966951579e+02
2922.0,8.308806098809e-05,1.559454203778e-01,1.320014613968e+03,2.967966951579e+02
2923.0,8.310640882761e-05,1.559823474916e-01,1.320037798686e+03,2.967966951579e+02
2924.0,8.312475439932e-05,1.560192674742e-01,1.320060966031e+03,2.967966951579e+02
2925.0,8.314309770422e-05,1.560561803279e-01,1.320084116042e+03,2.967966951579e+02
2926.0,8.316143874328e-05,1.560930860545e-01,1.320107248758e+03,2.967966951579e+02
2927.0,8.317977751750e-05,1.561299846562e-01,1.320130364219e+03,2.967966951579e+02
2928.0,8.319811402785e-05,1.561668761350e-01,1.320153462462e+03,2.967966951579e+02
2929.0,8.321644827532e-05,1.562037604931e-01,1.320176543528e+03,2.967966951579e+02
2930.0,8.323478026089e-05,1.562406377323e-01,1.320199607456e+03,2.967966951579e+02
2931.0,8.325310998555e-05,1.562775078549e-01,1.320222654283e+03,2.967966951579e+02
2932.0,8.327143745027e-05,1.563143708628e-01,1.320245684049e+03,2.967966951579e+02
2933.0,8.328976265603e-05,1.563512267581e-01,1.320268696793e+03,2.967966951579e+02
2934.0,8.330808560381e-05,1.563880755429e-01,1.320291692554e+03,2.967966951579e+02
2935.0,8.332640629460e-05,1.564249172193e-01,1.320314671369e+03,2.967966951579e+02
2936.0,8.334472472936e-05,1.564617517892e-01,1.320337633279e+03,2.967966951579e+02
2937.0,8.336304090908e-05,1.564985792547e-01,1.320360578321e+03,2.967966951579e+02
2938.0,8.338135483472e-05,1.565353996179e-01,1.320383506533e+03,2.967966951579e+02
2939.0,8.339966650727e-05,1.565722128808e-01,1.320406417956e+03,2.967966951579e+02
2940.0,8.341797592770e-05,1.566090190454e-01,1.320429312626e+03,2.967966951579e+02
2941.0,8.343628309698e-05,1.566458181139e-01,1.320452190582e+03,2.967966951579e+02
2942.0,8.345458801609e-05,1.566826100883e-01,1.320475051863e+03,2.967966951579e+02
2943.0,8.347289068599e-05,1.567193949705e-01,1.320497896507e+03,2.967966951579e+02
2944.0,8.349119110766e-05,1.567561727627e-01,1.320520724552e+03,2.967966951579e+02
2945.0,8.350948928206e-05,1.567929434669e-01,1.320543536037e+03,2.967966951579e+02
2946.0,8.352778521017e-05,1.568297070852e-01,1.320566330999e+03,2.967966951579e+02
2947.0,8.354607889295e-05,1.568664636195e-01,1.320589109477e+03,2.967966951579e+02
2948.0,8.356437033137e-05,1.569032130719e-01,1.320611871508e+03,2.967966951579e+02
2949.0,8.358265952640e-05,1.569399554445e-01,1.320634617131e+03,2.967966951579e+02
2950.0,8.360094647900e-05,1.569766907393e-01,1.320657346385e+03,2.967966951579e+02
2951.0,8.361923119014e-05,1.570134189583e-01,1.320680059305e+03,2.967966951579e+02
2952.0,8.363751366078e-05,1.570501401036e-01,1.320702755931e+03,2.967966951579e+02
2953.0,8.365579389189e-05,1.570868541771e-01,1.320725436301e+03,2.967966951579e+02
2954.0,8.367407188442e-05,1.571235611811e-01,1.320748100452e+03,2.967966951579e+02
2955.0,8.369234763935e-05,1.571602611173e-01,1.320770748421e+03,2.967966951579e+02
2956.0,8.371062115763e-05,1.571969539880e-01,1.320793380247e+03,2.967966951579e+02
2957.0,8.372889244022e-05,1.572336397951e-01,1.320815995968e+03,2.967966951579e+02
2958.0,8.374716148807e-05,1.572703185407e-01,1.320838595620e+03,2.967966951579e+02
2959.0,8.376542830216e-05,1.573069902267e-01,1.320861179241e+03,2.967966951579e+02
2960.0,8.378369288344e-05,1.573436548553e-01,1.320883746869e+03,2.967966951579e+02
2961.0,8.380195523285e-05,1.573803124284e-01,1.320906298541e+03,2.967966951579e+02
2962.0,8.382021535137e-05,1.574169629481e-01,1.320928834295e+03,2.967966951579e+02
2963.0,8.383847323994e-05,1.574536064163e-01,1.320951354168e+03,2.967966951579e+02
2964.0,8.385672889952e-05,1.574902428352e-01,1.320973858197e+03,2.967966951579e+02
2965.0,8.387498233107e-05,1.575268722068e-01,1.320996346420e+03,2.967966951579e+02
2966.0,8.389323353553e-05,1.575634945330e-01,1.321018818873e+03,2.967966951579e+02
2967.0,8.391148251386e-05,1.576001098158e-01,1.321041275594e+03,2.967966951579e+02
2968.0,8.392972926701e-05,1.576367180574e-01,1.321063716620e+03,2.967966951579e+02
2969.0,8.394797379593e-05,1.576733192597e-01,1.321086141988e+03,2.967966951579e+02
2970.0,8.396621610157e-05,1.577099134248e-01,1.321108551735e+03,2.967966951579e+02
2971.0,8.398445618488e-05,1.577465005546e-01,1.321130945898e+03,2.967966951579e+02
2972.0,8.400269404680e-05,1.577830806511e-01,1.321153324514e+03,2.967966951579e+02
2973.0,8.402092968829e-05,1.578196537165e-01,1.321175687620e+03,2.967966951579e+02
2974.0,8.403916311029e-05,1.578562197527e-01,1.321198035252e+03,2.967966951579e+02
2975.0,8.405739431375e-05,1.578927787617e-01,1.321220367447e+03,2.967966951579e+02
2976.0,8.407562329961e-05,1.579293307455e-01,1.321242684243e+03,2.967966951579e+02
2977.0,8.409385006881e-05,1.579658757061e-01,1.321264985675e+03,2.967966951579e+02
2978.0,8.411207462231e-05,1.580024136456e-01,1.321287271781e+03,2.967966951579e+02
2979.0,8.413029696103e-05,1.580389445660e-01,1.321309542596e+03,2.967966951579e+02
2980.0,8.414851708593e-05,1.580754684692e-01,1.321331798158e+03,2.967966951579e+02
2981.0,8.416673499795e-05,1.581119853573e-01,1.321354038503e+03,2.967966951579e+02
2982.0,8.418495069802e-05,1.581484952322e-01,1.321376263667e+03,2.967966951579e+02
2983.0,8.420316418708e-05,1.581849980961e-01,1.321398473687e+03,2.967966951579e+02
2984.0,8.422137546608e-05,1.582214939508e-01,1.321420668599e+03,2.967966951579e+02
2985.0,8.423958453595e-05,1.582579827985e-01,1.321442848439e+03,2.967966951579e+02
2986.0,8.425779139763e-05,1.582944646410e-01,1.321465013243e+03,2.967966951579e+02
2987.0,8.427599605206e-05,1.583309394804e-01,1.321487163049e+03,2.967966951579e+02
2988.0,8.429419850016e-05,1.583674073187e-01,1.321509297891e+03,2.967966951579e+02
2989.0,8.431239874289e-05,1.584038681580e-01,1.321531417807e+03,2.967966951579e+02
2990.0,8.433059678116e-05,1.584403220001e-01,1.321553522831e+03,2.967966951579e+02
2991.0,8.434879261591e-05,1.584767688471e-01,1.321575613001e+03,2.967966951579e+02
2992.0,8.436698624808e-05,1.585132087009e-01,1.321597688351e+03,2.967966951579e+02
2993.0,8.438517767860e-05,1.585496415637e-01,1.321619748918e+03,2.967966951579e+02
2994.0,8.440336690839e-05,1.585860674373e-01,1.321641794738e+03,2.967966951579e+02
2995.0,8.442155393840e-05,1.586224863239e-01,1.321663825847e+03,2.967966951579e+02
2996.0,8.443973876954e-05,1.586588982252e-01,1.321685842280e+03,2.967966951579e+02
2997.0,8.445792140275e-05,1.586953031434e-01,1.321707844073e+03,2.967966951579e+02
2998.0,8.447610183895e-05,1.587317010805e-01,1.321729831261e+03,2.967966951579e+02
2999.0,8.449428007907e-05,1.587680920384e-01,1.321751803881e+03,2.967966951579e+02
3000.0,8.451245612405e-05,1.588044760191e-01,1.321773761968e+03,2.967966951579e+02
3001.0,8.453062997479e-05,1.588408530247e-01,1.321795705557e+03,2.967966951579e+02
3002.0,8.454880163224e-05,1.588772230570e-01,1.321817634684e+03,2.967966951579e+02
3003.0,8.456697109731e-05,1.589135861181e-01,1.321839549384e+03,2.967966951579e+02
3004.0,8.458513837092e-05,1.589499422100e-01,1.321861449692e+03,2.967966951579e+02
3005.0,8.460330345400e-05,1.589862913346e-01,1.321883335645e+03,2.967966951579e+02
3006.0,8.462146634748e-05,1.590226334940e-01,1.321905207277e+03,2.967966951579e+02
3007.0,8.463962705226e-05,1.590589686901e-01,1.321927064623e+03,2.967966951579e+02
3008.0,8.465778556928e-05,1.590952969248e-01,1.321948907719e+03,2.967966951579e+02
3009.0,8.467594189945e-05,1.591316182003e-01,1.321970736599e+03,2.967966951579e+02
3010.0,8.469409604369e-05,1.591679325184e-01,1.321992551299e+03,2.967966951579e+02
3011.0,8.471224800291e-05,1.592042398811e-01,1.322014351855e+03,2.967966951579e+02
3012.0,8.473039777804e-05,1.592405402905e-01,1.322036138300e+03,2.967966951579e+02
3013.0,8.474854537000e-05,1.592768337484e-01,1.322057910670e+03,2.967966951579e+02
3014.0,8.476669077969e-05,1.593131202569e-01,1.322079668999e+03,2.967966951579e+02
3015.0,8.478483400803e-05,1.593493998179e-01,1.322101413323e+03,2.967966951579e+02
3016.0,8.480297505594e-05,1.593856724334e-01,1.322123143676e+03,2.967966951579e+02
3017.0,8.482111392434e-05,1.594219381055e-01,1.322144860094e+03,2.967966951579e+02
3018.0,8.483925061412e-05,1.594581968359e-01,1.322166562610e+03,2.967966951579e+02
3019.0,8.485738512621e-05,1.594944486268e-01,1.322188251259e+03,2.967966951579e+02
3020.0,8.487551746152e-05,1.595306934801e-01,1.322209926077e+03,2.967966951579e+02
3021.0,8.489364762095e-05,1.595669313977e-01,1.322231587097e+03,2.967966951579e+02
3022.0,8.491177560543e-05,1.596031623817e-01,1.322253234354e+03,2.967966951579e+02
3023.0,8.492990141584e-05,1.596393864339e-01,1.322274867883e+03,2.967966951579e+02
3024.0,8.494802505311e-05,1.596756035564e-01,1.322296487717e+03,2.967966951579e+02
3025.0,8.496614651815e-05,1.597118137512e-01,1.322318093892e+03,2.967966951579e+02
3026.0,8.498426581185e-05,1.597480170201e-01,1.322339686442e+03,2.967966951579e+02
3027.0,8.500238293513e-05,1.597842133652e-01,1.322361265400e+03,2.967966951579e+02
3028.0,8.502049788888e-05,1.598204027883e-01,1.322382830801e+03,2.967966951579e+02
3029.0,8.503861067403e-05,1.598565852916e-01,1.322404382680e+03,2.967966951579e+02
3030.0,8.505672129146e-05,1.598927608769e-01,1.322425921070e+03,2.967966951579e+02
3031.0,8.507482974208e-05,1.599289295461e-01,1.322447446005e+03,2.967966951579e+02
3032.0,8.509293602679e-05,1.599650913014e-01,1.322468957520e+03,2.967966951579e+02
3033.0,8.511104014650e-05,1.600012461445e-01,1.322490455648e+03,2.967966951579e+02
3034.0,8.512914210211e-05,1.600373940775e-01,1.322511940424e+03,2.967966951579e+02
3035.0,8.514724189452e-05,1.600735351023e-01,1.322533411881e+03,2.967966951579e+02
3036.0,8.516533952462e-05,1.601096692208e-01,1.322554870053e+03,2.967966951579e+02
3037.0,8.518343499332e-05,1.601457964351e-01,1.322576314974e+03,2.967966951579e+02
3038.0,8.520152830150e-05,1.601819167471e-01,1.322597746677e+03,2.967966951579e+02
3039.0,8.521961945008e-05,1.602180301587e-01,1.322619165197e+03,2.967966951579e+02
3040.0,8.523770843995e-05,1.602541366718e-01,1.322640570567e+03,2.967966951579e+02
3041.0,8.525579527200e-05,1.602902362885e-01,1.322661962820e+03,2.967966951579e+02
3042.0,8.527387994712e-05,1.603263290107e-01,1.322683341990e+03,2.967966951579e+02
3043.0,8.529196246622e-05,1.603624148403e-01,1.322704708111e+03,2.967966951579e+02
3044.0,8.531004283018e-05,1.603984937792e-01,1.322726061216e+03,2.967966951579e+02
3045.0,8.532812103990e-05,1.604345658295e-01,1.322747401338e+03,2.967966951579e+02
3046.0,8.534619709628e-05,1.604706309930e-01,1.322768728511e+03,2.967966951579e+02
3047.0,8.536427100019e-05,1.605066892718e-01,1.322790042768e+03,2.967966951579e+02
3048.0,8.538234275254e-05,1.605427406676e-01,1.322811344142e+03,2.967966951579e+02
3049.0,8.540041235421e-05,1.605787851826e-01,1.322832632667e+03,2.967966951579e+02
3050.0,8.541847980609e-05,1.606148228186e-01,1.322853908376e+03,2.967966951579e+02
3051.0,8.543654510907e-05,1.606508535775e-01,1.322875171301e+03,2.967966951579e+02
3052.0,8.545460826404e-05,1.606868774614e-01,1.322896421476e+03,2.967966951579e+02
3053.0,8.547266927189e-05,1.607228944721e-01,1.322917658934e+03,2.967966951579e+02
3054.0,8.549072813349e-05,1.607589046116e-01,1.322938883708e+03,2.967966951579e+02
3055.0,8.550878484975e-05,1.607949078818e-01,1.322960095830e+03,2.967966951579e+02
3056.0,8.552683942154e-05,1.608309042846e-01,1.322981295334e+03,2.967966951579e+02
3057.0,8.554489184974e-05,1.608668938221e-01,1.323002482253e+03,2.967966951579e+02
3058.0,8.556294213524e-05,1.609028764960e-01,1.323023656618e+03,2.967966951579e+02
3059.0,8.558099027893e-05,1.609388523084e-01,1.323044818464e+03,2.967966951579e+02
3060.0,8.559903628168e-05,1.609748212612e-01,1.323065967822e+03,2.967966951579e+02
3061.0,8.561708014438e-05,1.610107833563e-01,1.323087104726e+03,2.967966951579e+02
3062.0,8.563512186791e-05,1.610467385957e-01,1.323108229207e+03,2.967966951579e+02
3063.0,8.565316145315e-05,1.610826869812e-01,1.323129341299e+03,2.967966951579e+02
3064.0,8.567119890097e-05,1.611186285148e-01,1.323150441033e+03,2.967966951579e+02
3065.0,8.568923421225e-05,1.611545631985e-01,1.323171528443e+03,2.967966951579e+02
3066.0,8.570726738788e-05,1.611904910341e-01,1.323192603561e+03,2.967966951579e+02
3067.0,8.572529842873e-05,1.612264120236e-01,1.323213666418e+03,2.967966951579e+02
3068.0,8.574332733568e-05,1.612623261689e-01,1.323234717048e+03,2.967966951579e+02
3069.0,8.576135410959e-05,1.612982334719e-01,1.323255755482e+03,2.967966951579e+02
3070.0,8.577937875136e-05,1.613341339345e-01,1.323276781753e+03,2.967966951579e+02
3071.0,8.579740126185e-05,1.613700275588e-01,1.323297795893e+03,2.967966951579e+02
3072.0,8.581542164193e-05,1.614059143465e-01,1.323318797934e+03,2.967966951579e+02
3073.0,8.583343989248e-05,1.614417942996e-01,1.323339787908e+03,2.967966951579e+02
3074.0,8.585145601437e-05,1.614776674200e-01,1.323360765846e+03,2.967966951579e+02
3075.0,8.586947000848e-05,1.615135337097e-01,1.323381731782e+03,2.967966951579e+02
3076.0,8.588748187566e-05,1.615493931706e-01,1.323402685747e+03,2.967966951579e+02
3077.0,8.590549161680e-05,1.615852458045e-01,1.323423627773e+03,2.967966951579e+02
3078.0,8.592349923276e-05,1.616210916134e-01,1.323444557891e+03,2.967966951579e+02
3079.0,8.594150472442e-05,1.616569305993e-01,1.323465476133e+03,2.967966951579e+02
3080.0,8.595950809263e-05,1.616927627639e-01,1.323486382532e+03,2.967966951579e+02
3081.0,8.597750933827e-05,1.617285881093e-01,1.323507277118e+03,2.967966951579e+02
3082.0,8.599550846220e-05,1.617644066373e-01,1.323528159923e+03,2.967966951579e+02
3083.0,8.601350546529e-05,1.618002183499e-01,1.323549030980e+03,2.967966951579e+02
3084.0,8.603150034840e-05,1.618360232489e-01,1.323569890319e+03,2.967966951579e+02
3085.0,8.604949311241e-05,1.618718213363e-01,1.323590737971e+03,2.967966951579e+02
3086.0,8.606748375816e-05,1.619076126140e-01,1.323611573969e+03,2.967966951579e+02
3087.0,8.608547228654e-05,1.619433970838e-01,1.323632398344e+03,2.967966951579e+02
3088.0,8.610345869839e-05,1.619791747478e-01,1.323653211127e+03,2.967966951579e+02
3089.0,8.612144299458e-05,1.620149456077e-01,1.323674012349e+03,2.967966951579e+02
3090.0,8.613942517597e-05,1.620507096655e-01,1.323694802042e+03,2.967966951579e+02
3091.0,8.615740524343e-05,1.620864669232e-01,1.323715580236e+03,2.967966951579e+02
3092.0,8.617538319780e-05,1.621222173825e-01,1.323736346964e+03,2.967966951579e+02
3093.0,8.619335903996e-05,1.621579610454e-01,1.323757102255e+03,2.967966951579e+02
3094.0,8.621133277076e-05,1.621936979139e-01,1.323777846141e+03,2.967966951579e+02
3095.0,8.622930439105e-05,1.622294279897e-01,1.323798578653e+03,2.967966951579e+02
3096.0,8.624727390170e-05,1.622651512748e-01,1.323819299822e+03,2.967966951579e+02
3097.0,8.626524130355e-05,1.623008677712e-01,1.323840009679e+03,2.967966951579e+02
3098.0,8.628320659748e-05,1.623365774806e-01,1.323860708255e+03,2.967966951579e+02
3099.0,8.630116978432e-05,1.623722804050e-01,1.323881395580e+03,2.967966951579e+02
3100.0,8.631913086494e-05,1.624079765463e-01,1.323902071686e+03,2.967966951579e+02
3101.0,8.633708984018e-05,1.624436659064e-01,1.323922736602e+03,2.967966951579e+02
3102.0,8.635504671091e-05,1.624793484872e-01,1.323943390360e+03,2.967966951579e+02
3103.0,8.637300147798e-05,1.625150242905e-01,1.323964032990e+03,2.967966951579e+02
3104.0,8.639095414222e-05,1.625506933182e-01,1.323984664523e+03,2.967966951579e+02
3105.0,8.640890470451e-05,1.625863555724e-01,1.324005284990e+03,2.967966951579e+02
3106.0,8.642685316568e-05,1.626220110547e-01,1.324025894420e+03,2.967966951579e+02
3107.0,8.644479952659e-05,1.626576597672e-01,1.324046492844e+03,2.967966951579e+02
3108.0,8.646274378808e-05,1.626933017116e-01,1.324067080293e+03,2.967966951579e+02
3109.0,8.648068595100e-05,1.627289368900e-01,1.324087656796e+03,2.967966951579e+02
3110.0,8.649862601621e-05,1.627645653041e-01,1.324108222385e+03,2.967966951579e+02
3111.0,8.651656398454e-05,1.628001869560e-01,1.324128777089e+03,2.967966951579e+02
3112.0,8.653449985685e-05,1.628358018473e-01,1.324149320939e+03,2.967966951579e+02
3113.0,8.655243363397e-05,1.628714099801e-01,1.324169853964e+03,2.967966951579e+02
3114.0,8.657036531676e-05,1.629070113562e-01,1.324190376195e+03,2.967966951579e+02
3115.0,8.658829490606e-05,1.629426059775e-01,1.324210887661e+03,2.967966951579e+02
3116.0,8.660622240271e-05,1.629781938459e-01,1.324231388394e+03,2.967966951579e+02
3117.0,8.662414780756e-05,1.630137749632e-01,1.324251878422e+03,2.967966951579e+02
3118.0,8.664207112144e-05,1.630493493314e-01,1.324272357776e+03,2.967966951579e+02
3119.0,8.665999234520e-05,1.630849169522e-01,1.324292826485e+03,2.967966951579e+02
3120.0,8.667791147968e-05,1.631204778277e-01,1.324313284579e+03,2.967966951579e+02
3121.0,8.669582852572e-05,1.631560319596e-01,1.324333732089e+03,2.967966951579e+02
3122.0,8.671374348416e-05,1.631915793498e-01,1.324354169042e+03,2.967966951579e+02
3123.0,8.673165635583e-05,1.632271200003e-01,1.324374595471e+03,2.967966951579e+02
3124.0,8.674956714158e-05,1.632626539129e-01,1.324395011403e+03,2.967966951579e+02
3125.0,8.676747584225e-05,1.632981810894e-01,1.324415416868e+03,2.967966951579e+02
3126.0,8.678538245866e-05,1.633337015317e-01,1.324435811897e+03,2.967966951579e+02
3127.0,8.680328699167e-05,1.633692152417e-01,1.324456196518e+03,2.967966951579e+02
3128.0,8.682118944209e-05,1.634047222213e-01,1.324476570760e+03,2.967966951579e+02
3129.0,8.683908981077e-05,1.634402224723e-01,1.324496934654e+03,2.967966951579e+02
3130.0,8.685698809854e-05,1.634757159966e-01,1.324517288228e+03,2.967966951579e+02
3131.0,8.687488430624e-05,1.635112027961e-01,1.324537631512e+03,2.967966951579e+02
3132.0,8.689277843470e-05,1.635466828727e-01,1.324557964535e+03,2.967966951579e+02
3133.0,8.691067048474e-05,1.635821562281e-01,1.324578287326e+03,2.967966951579e+02
3134.0,8.692856045721e-05,1.636176228643e-01,1.324598599914e+03,2.967966951579e+02
3135.0,8.694644835293e-05,1.636530827831e-01,1.324618902329e+03,2.967966951579e+02
3136.0,8.696433417273e-05,1.636885359864e-01,1.324639194599e+03,2.967966951579e+02
3137.0,8.698221791745e-05,1.637239824761e-01,1.324659476753e+03,2.967966951579e+02
3138.0,8.700009958791e-05,1.637594222539e-01,1.324679748820e+03,2.967966951579e+02
3139.0,8.701797918494e-05,1.637948553219e-01,1.324700010829e+03,2.967966951579e+02
3140.0,8.703585670936e-05,1.638302816817e-01,1.324720262810e+03,2.967966951579e+02
3141.0,8.705373216202e-05,1.638657013354e-01,1.324740504790e+03,2.967966951579e+02
3142.0,8.707160554372e-05,1.639011142847e-01,1.324760736798e+03,2.967966951579e+02
3143.0,8.708947685530e-05,1.639365205315e-01,1.324780958864e+03,2.967966951579e+02
3144.0,8.710734609758e-05,1.639719200776e-01,1.324801171015e+03,2.967966951579e+02
3145.0,8.712521327139e-05,1.640073129250e-01,1.324821373281e+03,2.967966951579e+02
3146.0,8.714307837755e-05,1.640426990754e-01,1.324841565689e+03,2.967966951579e+02
3147.0,8.716094141688e-05,1.640780785308e-01,1.324861748269e+03,2.967966951579e+02
3148.0,8.717880239022e-05,1.641134512929e-01,1.324881921049e+03,2.967966951579e+02
3149.0,8.719666129836e-05,1.641488173636e-01,1.324902084056e+03,2.967966951579e+02
3150.0,8.721451814215e-05,1.641841767448e-01,1.324922237321e+03,2.967966951579e+02
3151.0,8.723237292240e-05,1.642195294383e-01,1.324942380870e+03,2.967966951579e+02
3152.0,8.725022563993e-05,1.642548754460e-01,1.324962514733e+03,2.967966951579e+02
3153.0,8.726807629556e-05,1.642902147696e-01,1.324982638936e+03,2.967966951579e+02
3154.0,8.728592489011e-05,1.643255474112e-01,1.325002753509e+03,2.967966951579e+02
3155.0,8.730377142439e-05,1.643608733724e-01,1.325022858480e+03,2.967966951579e+02
3156.0,8.732161589923e-05,1.643961926552e-01,1.325042953877e+03,2.967966951579e+02
3157.0,8.733945831543e-05,1.644315052614e-01,1.325063039727e+03,2.967966951579e+02
3158.0,8.735729867383e-05,1.644668111928e-01,1.325083116058e+03,2.967966951579e+02
3159.0,8.737513697522e-05,1.645021104513e-01,1.325103182899e+03,2.967966951579e+02
3160.0,8.739297322044e-05,1.645374030387e-01,1.325123240278e+03,2.967966951579e+02
3161.0,8.741080741028e-05,1.645726889569e-01,1.325143288222e+03,2.967966951579e+02
3162.0,8.742863954558e-05,1.646079682076e-01,1.325163326758e+03,2.967966951579e+02
3163.0,8.744646962712e-05,1.646432407929e-01,1.325183355916e+03,2.967966951579e+02
3164.0,8.746429765574e-05,1.646785067143e-01,1.325203375722e+03,2.967966951579e+02
3165.0,8.748212363225e-05,1.647137659739e-01,1.325223386203e+03,2.967966951579e+02
3166.0,8.749994755744e-05,1.647490185734e-01,1.325243387389e+03,2.967966951579e+02
3167.0,8.751776943214e-05,1.647842645147e-01,1.325263379305e+03,2.967966951579e+02
3168.0,8.753558925715e-05,1.648195037997e-01,1.325283361980e+03,2.967966951579e+02
3169.0,8.755340703329e-05,1.648547364300e-01,1.325303335441e+03,2.967966951579e+02
3170.0,8.757122276135e-05,1.648899624077e-01,1.325323299716e+03,2.967966951579e+02
3171.0,8.758903644216e-05,1.649251817345e-01,1.325343254831e+03,2.967966951579e+02
3172.0,8.760684807651e-05,1.649603944122e-01,1.325363200814e+03,2.967966951579e+02
3173.0,8.762465766522e-05,1.649956004426e-01,1.325383137693e+03,2.967966951579e+02
3174.0,8.764246520908e-05,1.650307998277e-01,1.325403065494e+03,2.967966951579e+02
3175.0,8.766027070891e-05,1.650659925692e-01,1.325422984244e+03,2.967966951579e+02
3176.0,8.767807416551e-05,1.651011786690e-01,1.325442893971e+03,2.967966951579e+02
3177.0,8.769587557969e-05,1.651363581288e-01,1.325462794702e+03,2.967966951579e+02
3178.0,8.771367495224e-05,1.651715309506e-01,1.325482686464e+03,2.967966951579e+02
3179.0,8.773147228397e-05,1.652066971361e-01,1.325502569284e+03,2.967966951579e+02
3180.0,8.774926757569e-05,1.652418566871e-01,1.325522443188e+03,2.967966951579e+02
3181.0,8.776706082819e-05,1.652770096055e-01,1.325542308204e+03,2.967966951579e+02
3182.0,8.778485204227e-05,1.653121558932e-01,1.325562164357e+03,2.967966951579e+02
3183.0,8.780264121875e-05,1.653472955518e-01,1.325582011676e+03,2.967966951579e+02
3184.0,8.782042835841e-05,1.653824285833e-01,1.325601850187e+03,2.967966951579e+02
3185.0,8.783821346205e-05,1.654175549894e-01,1.325621679916e+03,2.967966951579e+02
3186.0,8.785599653048e-05,1.654526747721e-01,1.325641500890e+03,2.967966951579e+02
3187.0,8.787377756449e-05,1.654877879330e-01,1.325661313136e+03,2.967966951579e+02
3188.0,8.789155656488e-05,1.655228944740e-01,1.325681116680e+03,2.967966951579e+02
3189.0,8.790933353244e-05,1.655579943970e-01,1.325700911548e+03,2.967966951579e+02
3190.0,8.792710846798e-05,1.655930877037e-01,1.325720697768e+03,2.967966951579e+02
3191.0,8.794488137229e-05,1.656281743960e-01,1.325740475365e+03,2.967966951579e+02
3192.0,8.796265224616e-05,1.656632544756e-01,1.325760244365e+03,2.967966951579e+02
3193.0,8.798042109038e-05,1.656983279444e-01,1.325780004796e+03,2.967966951579e+02
3194.0,8.799818790576e-05,1.657333948043e-01,1.325799756683e+03,2.967966951579e+02
3195.0,8.801595269308e-05,1.657684550569e-01,1.325819500052e+03,2.967966951579e+02
3196.0,8.803371545314e-05,1.658035087042e-01,1.325839234930e+03,2.967966951579e+02
3197.0,8.805147618673e-05,1.658385557478e-01,1.325858961342e+03,2.967966951579e+02
3198.0,8.806923489463e-05,1.658735961898e-01,1.325878679315e+03,2.967966951579e+02
3199.0,8.808699157765e-05,1.659086300317e-01,1.325898388875e+03,2.967966951579e+02
3200.0,8.810474623657e-05,1.659436572755e-01,1.325918090047e+03,2.967966951579e+02
3201.0,8.812249887218e-05,1.659786779230e-01,1.325937782858e+03,2.967966951579e+02
3202.0,8.814024948527e-05,1.660136919759e-01,1.325957467333e+03,2.967966951579e+02
3203.0,8.815799807662e-05,1.660486994361e-01,1.325977143499e+03,2.967966951579e+02
3204.0,8.817574464703e-05,1.660837003053e-01,1.325996811380e+03,2.967966951579e+02
3205.0,8.819348919729e-05,1.661186945854e-01,1.326016471003e+03,2.967966951579e+02
3206.0,8.821123172817e-05,1.661536822782e-01,1.326036122393e+03,2.967966951579e+02
3207.0,8.822897224046e-05,1.661886633855e-01,1.326055765575e+03,2.967966951579e+02
3208.0,8.824671073496e-05,1.662236379090e-01,1.326075400577e+03,2.967966951579e+02
3209.0,8.826444721243e-05,1.662586058506e-01,1.326095027422e+03,2.967966951579e+02
3210.0,8.828218167368e-05,1.662935672121e-01,1.326114646137e+03,2.967966951579e+02
3211.0,8.829991411948e-05,1.663285219952e-01,1.326134256746e+03,2.967966951579e+02
3212.0,8.831764455062e-05,1.663634702018e-01,1.326153859276e+03,2.967966951579e+02
3213.0,8.833537296787e-05,1.663984118336e-01,1.326173453751e+03,2.967966951579e+02
3214.0,8.835309937202e-05,1.664333468925e-01,1.326193040197e+03,2.967966951579e+02
3215.0,8.837082376385e-05,1.664682753803e-01,1.326212618638e+03,2.967966951579e+02
3216.0,8.838854614414e-05,1.665031972986e-01,1.326232189101e+03,2.967966951579e+02
3217.0,8.840626651367e-05,1.665381126494e-01,1.326251751610e+03,2.967966951579e+02
3218.0,8.842398487321e-05,1.665730214345e-01,1.326271306191e+03,2.967966951579e+02
3219.0,8.844170122356e-05,1.666079236555e-01,1.326290852868e+03,2.967966951579e+02
3220.0,8.845941556548e-05,1.666428193143e-01,1.326310391666e+03,2.967966951579e+02
3221.0,8.847712789976e-05,1.666777084128e-01,1.326329922611e+03,2.967966951579e+02
3222.0,8.849483822717e-05,1.667125909526e-01,1.326349445726e+03,2.967966951579e+02
3223.0,8.851254654848e-05,1.667474669355e-01,1.326368961038e+03,2.967966951579e+02
3224.0,8.853025286448e-05,1.667823363634e-01,1.326388468570e+03,2.967966951579e+02
3225.0,8.854795717593e-05,1.668171992381e-01,1.326407968348e+03,2.967966951579e+02
3226.0,8.856565948362e-05,1.668520555613e-01,1.326427460397e+03,2.967966951579e+02
3227.0,8.858335978831e-05,1.668869053347e-01,1.326446944740e+03,2.967966951579e+02
3228.0,8.860105809079e-05,1.669217485603e-01,1.326466421402e+03,2.967966951579e+02
3229.0,8.861875439181e-05,1.669565852397e-01,1.326485890409e+03,2.967966951579e+02
3230.0,8.863644869216e-05,1.669914153748e-01,1.326505351784e+03,2.967966951579e+02
3231.0,8.865414099261e-05,1.670262389673e-01,1.326524805552e+03,2.967966951579e+02
3232.0,8.867183129392e-05,1.670610560191e-01,1.326544251737e+03,2.967966951579e+02
3233.0,8.868951959687e-05,1.670958665318e-01,1.326563690365e+03,2.967966951579e+02
3234.0,8.870720590223e-05,1.671306705072e-01,1.326583121458e+03,2.967966951579e+02
3235.0,8.872489021077e-05,1.671654679473e-01,1.326602545041e+03,2.967966951579e+02
3236.0,8.874257252324e-05,1.672002588536e-01,1.326621961139e+03,2.967966951579e+02
3237.0,8.876025284044e-05,1.672350432280e-01,1.326641369776e+03,2.967966951579e+02
3238.0,8.877793116311e-05,1.672698210723e-01,1.326660770975e+03,2.967966951579e+02
3239.0,8.879560749204e-05,1.673045923883e-01,1.326680164761e+03,2.967966951579e+02
3240.0,8.881328182798e-05,1.673393571776e-01,1.326699551158e+03,2.967966951579e+02
3241.0,8.883095417169e-05,1.673741154422e-01,1.326718930190e+03,2.967966951579e+02
3242.0,8.884862452396e-05,1.674088671837e-01,1.326738301881e+03,2.967966951579e+02
3243.0,8.886629288553e-05,1.674436124039e-01,1.326757666254e+03,2.967966951579e+02
3244.0,8.888395925718e-05,1.674783511046e-01,1.326777023334e+03,2.967966951579e+02
3245.0,8.890162363967e-05,1.675130832876e-01,1.326796373143e+03,2.967966951579e+02
3246.0,8.891928603375e-05,1.675478089546e-01,1.326815715707e+03,2.967966951579e+02
3247.0,8.893694644020e-05,1.675825281075e-01,1.326835051049e+03,2.967966951579e+02
3248.0,8.895460485977e-05,1.676172407479e-01,1.326854379192e+03,2.967966951579e+02
3249.0,8.897226129323e-05,1.676519468776e-01,1.326873700159e+03,2.967966951579e+02
3250.0,8.898991574134e-05,1.676866464984e-01,1.326893013975e+03,2.967966951579e+02
3251.0,8.900756820485e-05,1.677213396121e-01,1.326912320663e+03,2.967966951579e+02
3252.0,8.902521868453e-05,1.677560262204e-01,1.326931620246e+03,2.967966951579e+02
3253.0,8.904286718113e-05,1.677907063251e-01,1.326950912748e+03,2.967966951579e+02
3254.0,8.906051369542e-05,1.678253799280e-01,1.326970198192e+03,2.967966951579e+02
3255.0,8.907815822814e-05,1.678600470308e-01,1.326989476602e+03,2.967966951579e+02
3256.0,8.909580078007e-05,1.678947076352e-01,1.327008747999e+03,2.967966951579e+02
3257.0,8.911344135195e-05,1.679293617430e-01,1.327028012409e+03,2.967966951579e+02
3258.0,8.913107994454e-05,1.679640093561e-01,1.327047269854e+03,2.967966951579e+02
3259.0,8.914871655860e-05,1.679986504760e-01,1.327066520357e+03,2.967966951579e+02
3260.0,8.916635119487e-05,1.680332851047e-01,1.327085763941e+03,2.967966951579e+02
3261.0,8.918398385412e-05,1.680679132438e-01,1.327105000629e+03,2.967966951579e+02
3262.0,8.920161453711e-05,1.681025348952e-01,1.327124230444e+03,2.967966951579e+02
3263.0,8.921924324457e-05,1.681371500605e-01,1.327143453409e+03,2.967966951579e+02
3264.0,8.923686997727e-05,1.681717587415e-01,1.327162669547e+03,2.967966951579e+02
3265.0,8.925449473595e-05,1.682063609400e-01,1.327181878880e+03,2.967966951579e+02
3266.0,8.927211752138e-05,1.682409566576e-01,1.327201081432e+03,2.967966951579e+02
3267.0,8.928973833429e-05,1.682755458963e-01,1.327220277226e+03,2.967966951579e+02
3268.0,8.930735717544e-05,1.683101286577e-01,1.327239466283e+03,2.967966951579e+02
3269.0,8.932497404559e-05,1.683447049435e-01,1.327258648626e+03,2.967966951579e+02
3270.0,8.934258894547e-05,1.683792747556e-01,1.327277824279e+03,2.967966951579e+02
3271.0,8.936020187584e-05,1.684138380956e-01,1.327296993263e+03,2.967966951579e+02
3272.0,8.937781283744e-05,1.684483949654e-01,1.327316155601e+03,2.967966951579e+02
3273.0,8.939542183103e-05,1.684829453665e-01,1.327335311316e+03,2.967966951579e+02
3274.0,8.941302885735e-05,1.685174893009e-01,1.327354460429e+03,2.967966951579e+02
3275.0,8.943063391715e-05,1.685520267703e-01,1.327373602964e+03,2.967966951579e+02
3276.0,8.944823701117e-05,1.685865577763e-01,1.327392738942e+03,2.967966951579e+02
3277.0,8.946583814015e-05,1.686210823207e-01,1.327411868386e+03,2.967966951579e+02
3278.0,8.948343730485e-05,1.686556004053e-01,1.327430991318e+03,2.967966951579e+02
3279.0,8.950103450601e-05,1.686901120319e-01,1.327450107759e+03,2.967966951579e+02
3280.0,8.951862974436e-05,1.687246172020e-01,1.327469217733e+03,2.967966951579e+02
3281.0,8.953622302066e-05,1.687591159176e-01,1.327488321261e+03,2.967966951579e+02
3282.0,8.955381433565e-05,1.687936081803e-01,1.327507418366e+03,2.967966951579e+02
3283.0,8.957140369007e-05,1.688280939919e-01,1.327526509068e+03,2.967966951579e+02
3284.0,8.958899108465e-05,1.688625733540e-01,1.327545593391e+03,2.967966951579e+02
3285.0,8.960657652015e-05,1.688970462685e-01,1.327564671355e+03,2.967966951579e+02
3286.0,8.962415999729e-05,1.689315127371e-01,1.327583742983e+03,2.967966951579e+02
3287.0,8.964174151683e-05,1.689659727615e-01,1.327602808296e+03,2.967966951579e+02
3288.0,8.965932107950e-05,1.690004263434e-01,1.327621867317e+03,2.967966951579e+02
3289.0,8.967689868604e-05,1.690348734846e-01,1.327640920067e+03,2.967966951579e+02
3290.0,8.969447433718e-05,1.690693141868e-01,1.327659966567e+03,2.967966951579e+02
3291.0,8.971204803367e-05,1.691037484518e-01,1.327679006838e+03,2.967966951579e+02
3292.0,8.972961977624e-05,1.691381762812e-01,1.327698040904e+03,2.967966951579e+02
3293.0,8.974718956563e-05,1.691725976768e-01,1.327717068784e+03,2.967966951579e+02
3294.0,8.976475740258e-05,1.692070126404e-01,1.327736090501e+03,2.967966951579e+02
3295.0,8.978232328781e-05,1.692414211735e-01,1.327755106076e+03,2.967966951579e+02
3296.0,8.979988722207e-05,1.692758232781e-01,1.327774115529e+03,2.967966951579e+02
3297.0,8.981744920608e-05,1.693102189558e-01,1.327793118883e+03,2.967966951579e+02
3298.0,8.983500924059e-05,1.693446082083e-01,1.327812116159e+03,2.967966951579e+02
3299.0,8.985256732633e-05,1.693789910374e-01,1.327831107377e+03,2.967966951579e+02
3300.0,8.987012346402e-05,1.694133674447e-01,1.327850092560e+03,2.967966951579e+02
3301.0,8.988767765440e-05,1.694477374321e-01,1.327869071727e+03,2.967966951579e+02
3302.0,8.990522989821e-05,1.694821010011e-01,1.327888044900e+03,2.967966951579e+02
3303.0,8.992278019617e-05,1.695164581537e-01,1.327907012101e+03,2.967966951579e+02
3304.0,8.994032854901e-05,1.695508088914e-01,1.327925973349e+03,2.967966951579e+02
3305.0,8.995787495747e-05,1.695851532159e-01,1.327944928666e+03,2.967966951579e+02
3306.0,8.997541942227e-05,1.696194911291e-01,1.327963878073e+03,2.967966951579e+02
3307.0,8.999296194415e-05,1.696538226326e-01,1.327982821591e+03,2.967966951579e+02
3308.0,9.001050252382e-05,1.696881477282e-01,1.328001759239e+03,2.967966951579e+02
3309.0,9.002804116202e-05,1.697224664175e-01,1.328020691040e+03,2.967966951579e+02
3310.0,9.004557785948e-05,1.697567787023e-01,1.328039617013e+03,2.967966951579e+02
3311.0,9.006311261692e-05,1.697910845843e-01,1.328058537180e+03,2.967966951579e+02
3312.0,9.008064543507e-05,1.698253840652e-01,1.328077451560e+03,2.967966951579e+02
3313.0,9.009817631466e-05,1.698596771467e-01,1.328096360174e+03,2.967966951579e+02
3314.0,9.011570525640e-05,1.698939638305e-01,1.328115263043e+03,2.967966951579e+02
3315.0,9.013323226103e-05,1.699282441184e-01,1.328134160187e+03,2.967966951579e+02
3316.0,9.015075732927e-05,1.699625180120e-01,1.328153051627e+03,2.967966951579e+02
3317.0,9.016828046183e-05,1.699967855131e-01,1.328171937383e+03,2.967966951579e+02
3318.0,9.018580165946e-05,1.700310466233e-01,1.328190817474e+03,2.967966951579e+02
3319.0,9.020332092286e-05,1.700653013445e-01,1.328209691922e+03,2.967966951579e+02
3320.0,9.022083825276e-05,1.700995496782e-01,1.328228560746e+03,2.967966951579e+02
3321.0,9.023835364988e-05,1.701337916263e-01,1.328247423967e+03,2.967966951579e+02
3322.0,9.025586711494e-05,1.701680271903e-01,1.328266281605e+03,2.967966951579e+02
3323.0,9.027337864867e-05,1.702022563720e-01,1.328285133679e+03,2.967966951579e+02
3324.0,9.029088825177e-05,1.702364791732e-01,1.328303980210e+03,2.967966951579e+02
3325.0,9.030839592498e-05,1.702706955955e-01,1.328322821217e+03,2.967966951579e+02
3326.0,9.032590166901e-05,1.703049056406e-01,1.328341656721e+03,2.967966951579e+02
3327.0,9.034340548457e-05,1.703391093102e-01,1.328360486741e+03,2.967966951579e+02
3328.0,9.036090737239e-05,1.703733066061e-01,1.328379311297e+03,2.967966951579e+02
3329.0,9.037840733319e-05,1.704074975298e-01,1.328398130410e+03,2.967966951579e+02
3330.0,9.039590536767e-05,1.704416820832e-01,1.328416944097e+03,2.967966951579e+02
3331.0,9.041340147656e-05,1.704758602679e-01,1.328435752380e+03,2.967966951579e+02
3332.0,9.043089566057e-05,1.705100320857e-01,1.328454555277e+03,2.967966951579e+02
3333.0,9.044838792042e-05,1.705441975382e-01,1.328473352809e+03,2.967966951579e+02
3334.0,9.046587825682e-05,1.705783566271e-01,1.328492144995e+03,2.967966951579e+02
3335.0,9.048336667049e-05,1.706125093541e-01,1.328510931853e+03,2.967966951579e+02
3336.0,9.050085316213e-05,1.706466557209e-01,1.328529713405e+03,2.967966951579e+02
3337.0,9.051833773246e-05,1.706807957292e-01,1.328548489668e+03,2.967966951579e+02
3338.0,9.053582038220e-05,1.707149293807e-01,1.328567260663e+03,2.967966951579e+02
3339.0,9.055330111206e-05,1.707490566771e-01,1.328586026408e+03,2.967966951579e+02
3340.0,9.057077992274e-05,1.707831776201e-01,1.328604786923e+03,2.967966951579e+02
3341.0,9.058825681496e-05,1.708172922113e-01,1.328623542227e+03,2.967966951579e+02
3342.0,9.060573178944e-05,1.708514004526e-01,1.328642292339e+03,2.967966951579e+02
3343.0,9.062320484687e-05,1.708855023454e-01,1.328661037277e+03,2.967966951579e+02
3344.0,9.064067598796e-05,1.709195978917e-01,1.328679777063e+03,2.967966951579e+02
3345.0,9.065814521344e-05,1.709536870929e-01,1.328698511713e+03,2.967966951579e+02
3346.0,9.067561252400e-05,1.709877699509e-01,1.328717241247e+03,2.967966951579e+02
3347.0,9.069307792035e-05,1.710218464673e-01,1.328735965684e+03,2.967966951579e+02
3348.0,9.071054140321e-05,1.710559166438e-01,1.328754685042e+03,2.967966951579e+02
3349.0,9.072800297327e-05,1.710899804820e-01,1.328773399341e+03,2.967966951579e+02
3350.0,9.074546263124e-05,1.711240379837e-01,1.328792108600e+03,2.967966951579e+02
3351.0,9.076292037784e-05,1.711580891506e-01,1.328810812836e+03,2.967966951579e+02
3352.0,9.078037621375e-05,1.711921339843e-01,1.328829512068e+03,2.967966951579e+02
3353.0,9.079783013970e-05,1.712261724865e-01,1.328848206316e+03,2.967966951579e+02
3354.0,9.081528215638e-05,1.712602046589e-01,1.328866895597e+03,2.967966951579e+02
3355.0,9.083273226450e-05,1.712942305032e-01,1.328885579931e+03,2.967966951579e+02
3356.0,9.085018046476e-05,1.713282500210e-01,1.328904259334e+03,2.967966951579e+02
3357.0,9.086762675786e-05,1.713622632140e-01,1.328922933827e+03,2.967966951579e+02
3358.0,9.088507114451e-05,1.713962700840e-01,1.328941603427e+03,2.967966951579e+02
3359.0,9.090251362540e-05,1.714302706326e-01,1.328960268153e+03,2.967966951579e+02
3360.0,9.091995420125e-05,1.714642648614e-01,1.328978928022e+03,2.967966951579e+02
3361.0,9.093739287274e-05,1.714982527721e-01,1.328997583054e+03,2.967966951579e+02
3362.0,9.095482964058e-05,1.715322343665e-01,1.329016233265e+03,2.967966951579e+02
3363.0,9.097226450547e-05,1.715662096462e-01,1.329034878675e+03,2.967966951579e+02
3364.0,9.098969746810e-05,1.716001786128e-01,1.329053519301e+03,2.967966951579e+02
3365.0,9.100712852918e-05,1.716341412680e-01,1.329072155162e+03,2.967966951579e+02
3366.0,9.102455768941e-05,1.716680976136e-01,1.329090786274e+03,2.967966951579e+02
3367.0,9.104198494948e-05,1.717020476511e-01,1.329109412657e+03,2.967966951579e+02
3368.0,9.105941031008e-05,1.717359913823e-01,1.329128034328e+03,2.967966951579e+02
3369.0,9.107683377192e-05,1.717699288089e-01,1.329146651305e+03,2.967966951579e+02
3370.0,9.109425533570e-05,1.718038599324e-01,1.329165263605e+03,2.967966951579e+02
3371.0,9.111167500210e-05,1.718377847545e-01,1.329183871247e+03,2.967966951579e+02
3372.0,9.112909277182e-05,1.718717032770e-01,1.329202474247e+03,2.967966951579e+02
3373.0,9.114650864556e-05,1.719056155015e-01,1.329221072625e+03,2.967966951579e+02
3374.0,9.116392262401e-05,1.719395214296e-01,1.329239666396e+03,2.967966951579e+02
3375.0,9.118133470787e-05,1.719734210631e-01,1.329258255579e+03,2.967966951579e+02
3376.0,9.119874489782e-05,1.720073144035e-01,1.329276840192e+03,2.967966951579e+02
3377.0,9.121615319456e-05,1.720412014526e-01,1.329295420251e+03,2.967966951579e+02
3378.0,9.123355959879e-05,1.720750822120e-01,1.329313995774e+03,2.967966951579e+02
3379.0,9.125096411119e-05,1.721089566834e-01,1.329332566778e+03,2.967966951579e+02
3380.0,9.126836673245e-05,1.721428248684e-01,1.329351133281e+03,2.967966951579e+02
3381.0,9.128576746327e-05,1.721766867687e-01,1.329369695300e+03,2.967966951579e+02
3382.0,9.130316630434e-05,1.722105423860e-01,1.329388252851e+03,2.967966951579e+02
3383.0,9.132056325634e-05,1.722443917219e-01,1.329406805953e+03,2.967966951579e+02
3384.0,9.133795831996e-05,1.722782347780e-01,1.329425354623e+03,2.967966951579e+02
3385.0,9.135535149590e-05,1.723120715561e-01,1.329443898876e+03,2.967966951579e+02
3386.0,9.137274278483e-05,1.723459020578e-01,1.329462438731e+03,2.967966951579e+02
3387.0,9.139013218746e-05,1.723797262847e-01,1.329480974204e+03,2.967966951579e+02
3388.0,9.140751970446e-05,1.724135442386e-01,1.329499505312e+03,2.967966951579e+02
3389.0,9.142490533652e-05,1.724473559210e-01,1.329518032072e+03,2.967966951579e+02
3390.0,9.144228908434e-05,1.724811613335e-01,1.329536554501e+03,2.967966951579e+02
3391.0,9.145967094858e-05,1.725149604780e-01,1.329555072616e+03,2.967966951579e+02
3392.0,9.147705092995e-05,1.725487533560e-01,1.329573586433e+03,2.967966951579e+02
3393.0,9.149442902912e-05,1.725825399691e-01,1.329592095969e+03,2.967966951579e+02
3394.0,9.151180524677e-05,1.726163203190e-01,1.329610601240e+03,2.967966951579e+02
3395.0,9.152917958360e-05,1.726500944075e-01,1.329629102263e+03,2.967966951579e+02
3396.0,9.154655204028e-05,1.726838622360e-01,1.329647599055e+03,2.967966951579e+02
3397.0,9.156392261750e-05,1.727176238063e-01,1.329666091632e+03,2.967966951579e+02
3398.0,9.158129131594e-05,1.727513791200e-01,1.329684580011e+03,2.967966951579e+02
3399.0,9.159865813628e-05,1.727851281788e-01,1.329703064207e+03,2.967966951579e+02
3400.0,9.161602307920e-05,1.728188709842e-01,1.329721544238e+03,2.967966951579e+02
3401.0,9.163338614539e-05,1.728526075380e-01,1.329740020119e+03,2.967966951579e+02
3402.0,9.165074733552e-05,1.728863378419e-01,1.329758491867e+03,2.967966951579e+02
3403.0,9.166810665027e-05,1.729200618973e-01,1.329776959497e+03,2.967966951579e+02
3404.0,9.168546409032e-05,1.729537797061e-01,1.329795423027e+03,2.967966951579e+02
3405.0,9.170281965636e-05,1.729874912697e-01,1.329813882471e+03,2.967966951579e+02
3406.0,9.172017334905e-05,1.730211965899e-01,1.329832337847e+03,2.967966951579e+02
3407.0,9.173752516909e-05,1.730548956684e-01,1.329850789170e+03,2.967966951579e+02
3408.0,9.175487511713e-05,1.730885885067e-01,1.329869236456e+03,2.967966951579e+02
3409.0,9.177222319387e-05,1.731222751064e-01,1.329887679720e+03,2.967966951579e+02
3410.0,9.178956939998e-05,1.731559554693e-01,1.329906118980e+03,2.967966951579e+02
3411.0,9.180691373613e-05,1.731896295970e-01,1.329924554250e+03,2.967966951579e+02
3412.0,9.182425620300e-05,1.732232974910e-01,1.329942985546e+03,2.967966951579e+02
3413.0,9.184159680126e-05,1.732569591531e-01,1.329961412884e+03,2.967966951579e+02
3414.0,9.185893553159e-05,1.732906145849e-01,1.329979836280e+03,2.967966951579e+02
3415.0,9.187627239466e-05,1.733242637880e-01,1.329998255749e+03,2.967966951579e+02
3416.0,9.189360739115e-05,1.733579067640e-01,1.330016671307e+03,2.967966951579e+02
3417.0,9.191094052173e-05,1.733915435146e-01,1.330035082969e+03,2.967966951579e+02
3418.0,9.192827178707e-05,1.734251740414e-01,1.330053490751e+03,2.967966951579e+02
3419.0,9.194560118784e-05,1.734587983461e-01,1.330071894668e+03,2.967966951579e+02
3420.0,9.196292872471e-05,1.734924164302e-01,1.330090294736e+03,2.967966951579e+02
3421.0,9.198025439837e-05,1.735260282954e-01,1.330108690969e+03,2.967966951579e+02
3422.0,9.199757820947e-05,1.735596339434e-01,1.330127083384e+03,2.967966951579e+02
3423.0,9.201490015868e-05,1.735932333757e-01,1.330145471994e+03,2.967966951579e+02
3424.0,9.203222024668e-05,1.736268265940e-01,1.330163856817e+03,2.967966951579e+02
3425.0,9.204953847414e-05,1.736604135999e-01,1.330182237865e+03,2.967966951579e+02
3426.0,9.206685484172e-05,1.736939943951e-01,1.330200615156e+03,2.967966951579e+02
3427.0,9.208416935010e-05,1.737275689812e-01,1.330218988703e+03,2.967966951579e+02
3428.0,9.210148199993e-05,1.737611373597e-01,1.330237358522e+03,2.967966951579e+02
3429.0,9.211879279189e-05,1.737946995324e-01,1.330255724627e+03,2.967966951579e+02
3430.0,9.213610172664e-05,1.738282555008e-01,1.330274087034e+03,2.967966951579e+02
3431.0,9.215340880486e-05,1.738618052665e-01,1.330292445757e+03,2.967966951579e+02
3432.0,9.217071402720e-05,1.738953488313e-01,1.330310800811e+03,2.967966951579e+02
3433.0,9.218801739434e-05,1.739288861967e-01,1.330329152211e+03,2.967966951579e+02
3434.0,9.220531890692e-05,1.739624173643e-01,1.330347499972e+03,2.967966951579e+02
3435.0,9.222261856564e-05,1.739959423358e-01,1.330365844107e+03,2.967966951579e+02
3436.0,9.223991637113e-05,1.740294611127e-01,1.330384184632e+03,2.967966951579e+02
3437.0,9.225721232408e-05,1.740629736967e-01,1.330402521562e+03,2.967966951579e+02
3438.0,9.227450642513e-05,1.740964800894e-01,1.330420854910e+03,2.967966951579e+02
3439.0,9.229179867496e-05,1.741299802925e-01,1.330439184692e+03,2.967966951579e+02
3440.0,9.230908907423e-05,1.741634743075e-01,1.330457510921e+03,2.967966951579e+02
3441.0,9.232637762359e-05,1.741969621361e-01,1.330475833612e+03,2.967966951579e+02
3442.0,9.234366432372e-05,1.742304437798e-01,1.330494152779e+03,2.967966951579e+02
3443.0,9.236094917526e-05,1.742639192403e-01,1.330512468437e+03,2.967966951579e+02
3444.0,9.237823217888e-05,1.742973885193e-01,1.330530780599e+03,2.967966951579e+02
3445.0,9.239551333524e-05,1.743308516182e-01,1.330549089280e+03,2.967966951579e+02
3446.0,9.241279264500e-05,1.743643085388e-01,1.330567394495e+03,2.967966951579e+02
3447.0,9.243007010882e-05,1.743977592826e-01,1.330585696256e+03,2.967966951579e+02
3448.0,9.244734572736e-05,1.744312038512e-01,1.330603994578e+03,2.967966951579e+02
3449.0,9.246461950126e-05,1.744646422463e-01,1.330622289475e+03,2.967966951579e+02
3450.0,9.248189143120e-05,1.744980744695e-01,1.330640580962e+03,2.967966951579e+02
3451.0,9.249916151783e-05,1.745315005224e-01,1.330658869051e+03,2.967966951579e+02
3452.0,9.251642976180e-05,1.745649204065e-01,1.330677153756e+03,2.967966951579e+02
3453.0,9.253369616378e-05,1.745983341236e-01,1.330695435092e+03,2.967966951579e+02
3454.0,9.255096072441e-05,1.746317416751e-01,1.330713713072e+03,2.967966951579e+02
3455.0,9.256822344435e-05,1.746651430627e-01,1.330731987710e+03,2.967966951579e+02
3456.0,9.258548432426e-05,1.746985382881e-01,1.330750259019e+03,2.967966951579e+02
3457.0,9.260274336479e-05,1.747319273527e-01,1.330768527014e+03,2.967966951579e+02
3458.0,9.262000056659e-05,1.747653102583e-01,1.330786791706e+03,2.967966951579e+02
3459.0,9.263725593032e-05,1.747986870064e-01,1.330805053111e+03,2.967966951579e+02
3460.0,9.265450945663e-05,1.748320575986e-01,1.330823311241e+03,2.967966951579e+02
3461.0,9.267176114618e-05,1.748654220365e-01,1.330841566110e+03,2.967966951579e+02
3462.0,9.268901099961e-05,1.748987803218e-01,1.330859817732e+03,2.967966951579e+02
3463.0,9.270625901757e-05,1.749321324560e-01,1.330878066118e+03,2.967966951579e+02
3464.0,9.272350520072e-05,1.749654784407e-01,1.330896311284e+03,2.967966951579e+02
3465.0,9.274074954971e-05,1.749988182775e-01,1.330914553241e+03,2.967966951579e+02
3466.0,9.275799206519e-05,1.750321519680e-01,1.330932792003e+03,2.967966951579e+02
3467.0,9.277523274780e-05,1.750654795139e-01,1.330951027583e+03,2.967966951579e+02
3468.0,9.279247159820e-05,1.750988009166e-01,1.330969259995e+03,2.967966951579e+02
3469.0,9.280970861704e-05,1.751321161779e-01,1.330987489251e+03,2.967966951579e+02
3470.0,9.282694380496e-05,1.751654252993e-01,1.331005715363e+03,2.967966951579e+02
3471.0,9.284417716261e-05,1.751987282823e-01,1.331023938346e+03,2.967966951579e+02
3472.0,9.286140869064e-05,1.752320251287e-01,1.331042158212e+03,2.967966951579e+02
3473.0,9.287863838969e-05,1.752653158399e-01,1.331060374974e+03,2.967966951579e+02
3474.0,9.289586626042e-05,1.752986004176e-01,1.331078588644e+03,2.967966951579e+02
3475.0,9.291309230346e-05,1.753318788633e-01,1.331096799235e+03,2.967966951579e+02
3476.0,9.293031651947e-05,1.753651511788e-01,1.331115006760e+03,2.967966951579e+02
3477.0,9.294753890908e-05,1.753984173654e-01,1.331133211231e+03,2.967966951579e+02
3478.0,9.296475947296e-05,1.754316774249e-01,1.331151412662e+03,2.967966951579e+02
3479.0,9.298197821172e-05,1.754649313588e-01,1.331169611064e+03,2.967966951579e+02
3480.0,9.299919512603e-05,1.754981791687e-01,1.331187806450e+03,2.967966951579e+02
3481.0,9.301641021652e-05,1.755314208563e-01,1.331205998833e+03,2.967966951579e+02
3482.0,9.303362348384e-05,1.755646564230e-01,1.331224188224e+03,2.967966951579e+02
3483.0,9.305083492863e-05,1.755978858704e-01,1.331242374637e+03,2.967966951579e+02
3484.0,9.306804455154e-05,1.756311092002e-01,1.331260558083e+03,2.967966951579e+02
3485.0,9.308525235319e-05,1.756643264140e-01,1.331278738575e+03,2.967966951579e+02
3486.0,9.310245833424e-05,1.756975375133e-01,1.331296916124e+03,2.967966951579e+02
3487.0,9.311966249533e-05,1.757307424996e-01,1.331315090744e+03,2.967966951579e+02
3488.0,9.313686483709e-05,1.757639413747e-01,1.331333262445e+03,2.967966951579e+02
3489.0,9.315406536016e-05,1.757971341400e-01,1.331351431241e+03,2.967966951579e+02
3490.0,9.317126406519e-05,1.758303207972e-01,1.331369597143e+03,2.967966951579e+02
3491.0,9.318846095281e-05,1.758635013478e-01,1.331387760163e+03,2.967966951579e+02
3492.0,9.320565602366e-05,1.758966757933e-01,1.331405920313e+03,2.967966951579e+02
3493.0,9.322284927838e-05,1.759298441355e-01,1.331424077605e+03,2.967966951579e+02
3494.0,9.324004071761e-05,1.759630063759e-01,1.331442232050e+03,2.967966951579e+02
3495.0,9.325723034198e-05,1.759961625159e-01,1.331460383661e+03,2.967966951579e+02
3496.0,9.327441815214e-05,1.760293125573e-01,1.331478532449e+03,2.967966951579e+02
3497.0,9.329160414871e-05,1.760624565016e-01,1.331496678425e+03,2.967966951579e+02
3498.0,9.330878833233e-05,1.760955943503e-01,1.331514821602e+03,2.967966951579e+02
3499.0,9.332597070364e-05,1.761287261051e-01,1.331532961990e+03,2.967966951579e+02
3500.0,9.334315126327e-05,1.761618517674e-01,1.331551099603e+03,2.967966951579e+02
